player_key,player_name,team_id,jersey_number,games_played,minutes,goals,assists,shots,shots_on_goal,saves
akron:jaaskelainenemil,"Jaaskelainen, Emil",Akron,9,21,1714,23,8,92,45,0
fordham:dippolitodaniel,"D'Ippolito, Daniel",Fordham,10,18,1447,14,7,68,35,0
missouristate:bareajesus,"Barea, Jesus",Missouri State,10,18,1382,15,4,81,50,0
ohiostate:adedokunmichael,"Adedokun, Michael",Ohio State,17,22,1856,11,11,83,29,0
kansascity:kisokaelie,"Kisoka, Elie",Kansas City,9,22,1720,12,9,69,26,0
ucsantabarbara:ledouxalexis,"Ledoux, Alexis",UC Santa Barbara,7,22,1643,14,5,56,26,0
westvirginia:orsnavarrosergio,"Ors Navarro, Sergio",West Virginia,20,19,1340,15,3,63,28,0
notredame:rooumatthew,"Roou, Matthew",Notre Dame,21,17,1271,14,4,52,28,0
denver:bassettsam,"Bassett, Sam",Denver,10,23,2008,9,13,53,28,0
oregonstate:solanssergi,"Solans, Sergi",Oregon State,7,18,1187,14,3,41,25,0
drexel:bachsteindominick,"Bachstein, Dominick",Drexel,18,17,1179,12,6,44,24,0
marshall:rodriguesdossantoslineker,"Rodrigues dos Santos, Lineker",Marshall,7,20,1698,12,5,49,23,0
duke:bjornssonulfur,"Bjornsson, Ulfur",Duke,9,19,1338,13,3,50,32,0
smu:sparksbailey,"Sparks, Bailey",SMU,10,21,1803,9,10,49,23,0
dayton:bakkenmartin,"Bakken, Martin",Dayton,7,19,1577,9,10,44,16,0
vermont:baziniyaniv,"Bazini, Yaniv",Vermont,11,19,1503,13,2,59,30,0
cornell:harrisalex,"Harris, Alex",Cornell,9,14,1074,13,2,62,36,0
sanjosestate:iniguezangel,"Iniguez, Angel",San Jose State,10,19,1646,10,7,52,31,0
utahvalley:yehyaomar,"Yehya, Omar",Utah Valley,10,18,1441,12,3,51,22,0
westernmichigan:smithowen,"Smith, Owen",Western Michigan,3,21,1391,6,15,24,14,0
kentucky:dorseylogan,"Dorsey, Logan",Kentucky,12,15,956,12,2,37,23,0
ucdavis:goodmancason,"Goodman, Cason",UC Davis,15,21,1600,11,3,55,30,0
indiana:mihalictommy,"Mihalic, Tommy",Indiana,10,21,1538,10,5,60,19,0
creighton:castrojackson,"Castro, Jackson",Creighton,10,18,1347,9,7,43,19,0
elon:vatnescott,"Vatne, Scott",Elon,8,15,1054,9,7,38,19,0
rideruniversity:diopmomo,"Diop, Momo",Rider University,7,20,1629,10,4,41,23,0
bowlinggreen:terrytrace,"Terry, Trace",Bowling Green,21,16,1329,10,4,53,27,0
penn:korzeniowskistas,"Korzeniowski, Stas",Penn,9,17,1170,11,2,58,30,0
duke:luckhurstadam,"Luckhurst, Adam",Duke,26,19,1160,11,2,41,23,0
seattle:washingtontitus,"Washington, Titus",Seattle,13,20,1110,8,8,34,20,0
wisconsin:boltzdean,"Boltz, Dean",Wisconsin,13,15,1108,10,4,46,23,0
clemson:meinhardalex,"Meinhard, Alex",Clemson,15,22,1628,11,1,47,29,0
wrightstate:werthmullercole,"Werthmuller, Cole",Wright State,9,18,1267,10,3,40,21,0
charleston:dambrosioleonardo,"D'Ambrosio, Leonardo",Charleston,10,17,1235,8,7,47,24,0
westvirginia:caldeiramarcus,"Caldeira, Marcus",West Virginia,7,19,1229,11,1,57,30,0
liberty:hussmichael,"Huss, Michael",Liberty,23,17,823,11,1,37,25,0
dayton:meltoquiahjoseph,"Melto Quiah, Joseph",Dayton,31,19,1622,8,6,87,28,0
clemson:gerbetjoran,"Gerbet, Joran",Clemson,6,20,1604,7,8,33,12,0
bryant:pitarchbayotmarc,"Pitarch Bayot, Marc",Bryant,22,19,1486,9,4,56,24,0
georgiasouthern:holmesryan,"Holmes, Ryan",Georgia Southern,7,17,1247,10,2,50,25,0
newhampshire:goncalvesmatthew,"Goncalves , Matthew",New Hampshire,19,17,1197,10,2,42,24,0
kansascity:kistmannraphael,"Kistmann, Raphael",Kansas City,20,22,1117,8,6,42,23,0
lindenwood:blakeethan,"Blake, Ethan",Lindenwood,3,17,1108,7,8,33,15,0
brown:amarallorenzo,"Amaral, Lorenzo",Brown,7,17,1001,8,6,39,20,0
presbyterian:hutchinsondamorney,"Hutchinson, Damorney",Presbyterian,9,12,870,10,2,49,28,0
hofstra:woznickijacob,"Woznicki, Jacob",Hofstra,21,20,1676,8,5,39,20,0
westernmichigan:mercergreyson,"Mercer, Greyson",Western Michigan,17,21,1603,8,5,44,19,0
oregonstate:farnosarnau,"Farnos, Arnau",Oregon State,11,18,1442,9,3,51,18,0
calstatefullerton:ordonezroberto,"Ordonez, Roberto",Cal State Fullerton,30,20,1345,7,7,40,21,0
louisville:guerragage,"Guerra, Gage",Louisville,9,17,1236,9,3,30,17,0
oralroberts:moraomar,"Mora, Omar",Oral Roberts,23,16,1206,10,1,44,26,0
depaul:hernandeznoeh,"Hernandez, Noeh",DePaul,10,16,1177,7,7,41,13,0
northcarolina:vicianmartin,"Vician, Martin",North Carolina,9,17,1107,10,1,42,24,0
clevelandstate:correiamatteo,"Correia, Matteo",Cleveland State,16,16,1012,9,3,17,10,0
westernmichigan:hodgsoncarson,"Hodgson, Carson",Western Michigan,27,21,1751,6,8,38,18,0
hofstra:goddardlaurie,"Goddard, Laurie",Hofstra,27,19,1319,8,4,55,27,0
sandiego:kanaansamy,"Kanaan, Samy",San Diego,10,19,1267,9,2,46,16,0
highpoint:kruegerbrendan,"Krueger, Brendan",High Point,8,15,1192,6,8,16,9,0
sacramentostate:sessomsdonovan,"Sessoms, Donovan",Sacramento State,21,18,1188,10,0,48,24,0
duke:kerrdrew,"Kerr, Drew",Duke,10,19,1165,5,10,27,9,0
uncgreensboro:okawayoshiya,"Okawa, Yoshiya",UNC Greensboro,23,16,1038,8,4,25,14,0
fau:diarramamadou,"Diarra, Mamadou",FAU,35,14,1008,7,6,30,14,0
delaware:donnellansam,"Donnellan, Sam",Delaware,15,15,948,8,4,23,8,0
umass:hughesalec,"Hughes, Alec",UMass,12,10,767,10,0,36,21,0
southcarolina:myringharrison,"Myring, Harrison",South Carolina,23,11,709,9,2,28,14,0
kansascity:taboadahector,"Taboada, Hector",Kansas City,11,22,685,9,2,34,19,0
wakeforest:flaxcooper,"Flax, Cooper",Wake Forest,18,24,2087,9,1,63,26,0
michigan:blevinsbryce,"Blevins, Bryce",Michigan,11,20,1741,5,9,28,12,0
dayton:sigurdssonhjalti,"Sigurdsson, Hjalti",Dayton,4,19,1681,6,7,30,14,0
iona:gonzalezfernandezsergio,"Gonzalez Fernandez, Sergio",Iona,6,17,1496,8,3,50,25,0
princeton:ittycheriadaniel,"Ittycheria, Daniel",Princeton,11,19,1438,9,1,70,30,0
denver:ofunreinoje,"Ofunrein, Oje",Denver,8,23,1388,9,1,31,14,0
robertmorris:gilleychase,"Gilley, Chase",Robert Morris,7,19,1362,7,5,31,14,0
drexel:shortpatrick,"Short, Patrick",Drexel,16,16,1311,5,9,37,9,0
akron:gaulminvictor,"Gaulmin, Victor",Akron,25,21,1284,5,9,34,12,0
marist:morelrichard,"Morel, Richard",Marist,16,18,1268,8,3,34,19,0
gardnerwebb:khodrielias,"Khodri, Elias",Gardner-Webb,17,20,1164,9,1,51,27,0
pittsburgh:sahmkowluis,"Sahmkow, Luis",Pittsburgh,17,16,1164,8,3,29,18,0
dayton:armstrongandrew,"Armstrong, Andrew",Dayton,22,18,856,8,3,31,17,0
indiana:sarversamuel,"Sarver, Samuel",Indiana,9,21,1633,5,8,47,19,0
akron:clapierdyson,"Clapier, Dyson",Akron,19,21,1586,5,8,52,23,0
ncstate:healytaig,"Healy, Taig",NC State,12,20,1554,6,6,56,21,0
universityofevansville:diazbarragannacho,"Diaz Barragan, Nacho",University of Evansville,20,19,1548,8,2,39,23,0
sandiegostate:brummettaustin,"Brummett, Austin",San Diego State,10,19,1494,6,6,38,20,0
clevelandstate:kolevskibojan,"Kolevski, Bojan",Cleveland State,9,17,1410,6,6,32,15,0
smu:chambronpinhokyran,"Chambron Pinho, Kyran",SMU,7,17,1368,6,6,45,16,0
bostoncollege:ekelandask,"Ekeland, Ask",Boston College,9,17,1343,8,2,34,18,0
mercyhurst:sumnerdylan,"Sumner, Dylan",Mercyhurst,8,15,1335,7,4,47,21,0
georgemason:gondamarek,"Gonda, Marek",George Mason,9,16,1205,8,2,36,19,0
sandiego:bahenacesar,"Bahena, Cesar",San Diego,11,18,1193,8,2,52,25,0
milwaukee:martinezalejandro,"Martinez, Alejandro",Milwaukee,7,16,1181,7,4,33,21,0
houstonchristian:giwamcneilethan,"Giwa-McNeil, Ethan",Houston Christian,10,20,1139,7,4,41,15,0
manhattan:mususebastiano,"Musu, Sebastiano",Manhattan,9,14,1112,6,6,40,11,0
delaware:stennermarius,"Stenner, Marius",Delaware,11,15,1091,7,4,40,17,0
oralroberts:floresluis,"Flores, Luis",Oral Roberts,9,16,1083,7,4,48,18,0
butler:gomezjosemir,"Gomez, Josemir",Butler,9,15,1021,8,2,38,17,0
iona:rossibautista,"Rossi, Bautista",Iona,7,16,994,8,2,42,23,0
duquesne:hopfermaxi,"Hopfer, Maxi",Duquesne,10,17,929,7,4,30,16,0
southcarolina:ballekethan,"Ballek, Ethan",South Carolina,10,12,899,7,4,28,14,0
missouristate:jenningsjames,"Jennings, James",Missouri State,9,18,604,7,4,20,11,0
ohiostate:pechotaluciano,"Pechota, Luciano",Ohio State,11,22,1701,5,7,37,12,0
westernmichigan:jamesnoah,"James, Noah",Western Michigan,10,21,1657,7,3,40,15,0
maryland:rogersmax,"Rogers, Max",Maryland,11,20,1543,4,9,36,15,0
bowlinggreen:painterbennett,"Painter, Bennett",Bowling Green,12,17,1294,8,1,39,18,0
butler:hannoshryan,"Hannosh, Ryan",Butler,14,17,1285,6,5,40,21,0
rideruniversity:akongobryan,"Akongo, Bryan",Rider University,9,20,1263,6,5,34,15,0
hofstra:bakerteddy,"Baker, Teddy",Hofstra,23,18,1204,6,5,35,15,0
sandiegostate:okoegualeterence,"Okoeguale, Terence",San Diego State,11,18,1197,6,5,28,16,0
davidsoncollege:krioutchenkovdenis,"Krioutchenkov, Denis",Davidson College,9,18,1122,5,7,61,16,0
northcarolina:hilleluke,"Hille, Luke",North Carolina,11,18,1048,8,1,38,18,0
newhampshire:condeibrahim,"Conde, Ibrahim",New Hampshire,9,16,818,7,3,24,12,0
lasalle:beasleycolin,"Beasley, Colin",La Salle,27,17,798,8,1,34,14,0
providence:rosabruno,"Rosa, Bruno",Providence,7,22,1532,5,6,44,18,0
clemson:gyanransford,"Gyan, Ransford",Clemson,20,22,1518,5,6,43,17,0
unlv:lopeznico,"Lopez, Nico",UNLV,15,18,1480,7,2,34,13,0
houstonchristian:okerayiryan,"Okerayi, Ryan",Houston Christian,24,20,1444,5,6,41,15,0
calstatefullerton:serranoerick,"Serrano, Erick",Cal State Fullerton,10,20,1393,5,6,32,12,0
butler:aultpalmer,"Ault, Palmer",Butler,10,15,1278,5,6,34,18,0
maryland:koehlleon,"Koehl, Leon",Maryland,6,20,1264,7,2,20,8,0
clemson:trimnaltyler,"Trimnal, Tyler",Clemson,9,22,1249,6,4,45,20,0
clemson:musahwahabu,"Musah, Wahabu",Clemson,7,21,1218,6,4,42,16,0
oregonstate:straudifabian,"Straudi, Fabian",Oregon State,21,18,1211,2,12,18,5,0
dartmouthcollege:blaketrenton,"Blake, Trenton",Dartmouth College,14,16,1177,6,4,48,19,0
ncstate:phillipdonavan,"Phillip, Donavan",NC State,32,20,1172,6,4,45,19,0
ucirvine:pourshahidiagaton,"Pourshahidi, Agaton",UC Irvine,9,19,1104,7,2,35,20,0
ncstate:karamokohakim,"Karamoko, Hakim",NC State,31,20,1071,7,2,45,16,0
ohiostate:ajagbedavid,"Ajagbe, David",Ohio State,18,22,1052,7,2,42,17,0
charleston:lenertmatt,"Lenert, Matt",Charleston,11,17,1007,7,2,28,12,0
fdu:leonhardkevin,"Leonhard, Kevin",FDU,10,13,956,7,2,32,19,0
holycross:jonesevan,"Jones, Evan",Holy Cross,9,16,955,7,2,21,12,0
uncgreensboro:tattevinarnaud,"Tattevin, Arnaud",UNC Greensboro,26,17,921,7,2,33,18,0
dayton:sassineethan,"Sassine, Ethan",Dayton,19,16,839,8,0,46,16,0
westernillinois:gaineyliam,"Gainey, Liam",Western Illinois,9,14,715,7,2,21,14,0
newhaven:santanachpau,"Santanach, Pau",New Haven,9,9,602,7,2,28,17,0
seattle:onoderataketo,"Onodera, Taketo",Seattle,21,19,1528,6,3,38,14,0
washington:kingstonpeter,"Kingston, Peter",Washington,6,21,1436,5,5,30,17,0
monmouth:reiserik,"Reis, Erik",Monmouth,8,16,1403,6,3,38,19,0
stonehillcollege:millikencolin,"Milliken, Colin",Stonehill College,10,18,1375,6,3,35,18,0
uic:munsbart,"Muns, Bart",UIC,14,17,1344,7,1,47,17,0
saintlouis:laraluis,"Lara, Luis",Saint Louis,11,19,1326,7,1,46,18,0
robertmorris:hadrananass,"Hadran, Anass",Robert Morris,10,18,1318,4,7,31,17,0
cornell:millerconnor,"Miller, Connor",Cornell,35,14,1197,3,9,18,10,0
pittsburgh:greningcasper,"Grening, Casper",Pittsburgh,11,16,1082,6,3,34,12,0
cornell:kaalioune,"Ka, Alioune",Cornell,7,14,1073,7,1,32,17,0
michigan:sotobeto,"Soto, Beto",Michigan,21,20,1044,3,9,32,13,0
memphis:imparatolleyton,"Imparato, Lleyton",Memphis,10,17,928,5,5,23,10,0
manhattan:dahanziv,"Dahan, Ziv",Manhattan,25,14,885,7,1,28,11,0
creighton:arillamiguel,"Arilla, Miguel",Creighton,7,18,814,4,7,32,13,0
centralarkansas:jamestajio,"James, Tajio",Central Arkansas,11,14,683,6,3,29,15,0
lwu:stevensonethan,"Stevenson, Ethan",LWU,10,3,211,7,1,13,9,0
denver:smithian,"Smith, Ian",Denver,24,22,1833,2,10,22,10,0
kansascity:lebourdoulousjulien,"Le Bourdoulous, Julien",Kansas City,10,22,1643,1,12,41,11,0
universityofevansville:fedrizzijacopo,"Fedrizzi, Jacopo",University of Evansville,27,19,1536,4,6,20,7,0
furman:krauschristian,"Kraus, Christian",Furman,22,18,1507,5,4,36,22,0
westernillinois:gagnonxavier,"Gagnon, Xavier",Western Illinois,12,19,1409,5,4,32,15,0
ucla:caceresedrey,"Caceres, Edrey",UCLA,7,19,1382,6,2,30,13,0
ucsandiego:carvalhomax,"Carvalho, Max",UC San Diego,23,18,1372,5,4,37,17,0
indiana:weissjustin,"Weiss, Justin",Indiana,7,19,1303,7,0,34,20,0
wrightstate:osterholtconner,"Osterholt, Conner",Wright State,8,18,1254,5,4,17,8,0
villanova:bouregyjason,"Bouregy, Jason",Villanova,8,16,1243,4,6,50,22,0
washington:kosakoffcharlie,"Kosakoff, Charlie",Washington,9,21,1195,5,4,36,19,0
uncgreensboro:dovloenzo,"Dovlo, Enzo",UNC Greensboro,14,17,1172,5,4,21,11,0
ohiostate:borkovicmarko,"Borkovic, Marko",Ohio State,7,21,1153,5,4,44,20,0
gardnerwebb:maurolucas,"Mauro, Lucas",Gardner-Webb,10,20,1132,4,6,44,17,0
calpoly:mahoneyquinn,"Mahoney, Quinn",Cal Poly,19,19,1124,4,6,43,18,0
ucf:awoudorclarence,"Awoudor, Clarence",UCF,10,15,1116,3,8,31,11,0
ucriverside:lukicluka,"Lukic, Luka",UC Riverside,9,16,1085,5,4,35,18,0
dartmouthcollege:moirasvasilis,"Moiras, Vasilis",Dartmouth College,8,15,1079,6,2,44,23,0
georgiasouthern:sarajianharvey,"Sarajian, Harvey",Georgia Southern,10,17,1035,4,6,18,9,0
duke:pleasantscolton,"Pleasants, Colton",Duke,11,19,1022,5,4,29,11,0
yale:farouzjoseph,"Farouz, Joseph",Yale,9,16,1009,6,2,15,8,0
purduefortwayne:andersonshane,"Anderson, Shane",Purdue Fort Wayne,12,16,992,7,0,36,13,0
lipscomb:smithjavanne,"Smith, Javanne",Lipscomb,12,16,987,6,2,43,24,0
fdu:kryazhevalex,"Kryazhev, Alex",FDU,9,14,975,6,2,31,13,0
longwood:stevensonethan,"Stevenson, Ethan",Longwood,10,15,971,6,2,20,11,0
providence:netoisrael,"Neto, Israel",Providence,11,15,958,6,2,37,14,0
milwaukee:rodamesfin,"Roda, Mesfin",Milwaukee,20,16,953,4,6,18,10,0
stthomas:colicfaris,"Colic, Faris",St. Thomas,7,13,934,6,2,34,16,0
wrightstate:espinalelviredwin,"Espinal-Elvir, Edwin",Wright State,11,18,934,5,4,31,14,0
depaul:finneganlogan,"Finnegan, Logan",DePaul,7,16,885,7,0,26,11,0
missouristate:shiraishifumiya,"Shiraishi, Fumiya",Missouri State,17,18,870,5,4,30,12,0
loyolachicago:urdialeshugo,"Urdiales, Hugo",Loyola Chicago,10,13,817,5,4,28,15,0
lafayette:biegonroy,"Biegon, Roy",Lafayette,9,12,768,6,2,25,11,0
ohiostate:wronadavid,"Wrona, David",Ohio State,25,22,741,5,4,24,14,0
vmi:martingrant,"Martin, Grant",VMI,9,15,690,6,2,29,11,0
vermont:kisselmaximilian,"Kissel, Maximilian",Vermont,9,19,640,7,0,19,11,0
delaware:johnsonmikey,"Johnson, Mikey",Delaware,28,15,596,5,4,23,11,0
akron:henrymalik,"Henry, Malik",Akron,5,21,1666,2,9,17,9,0
akron:wankamalwankuzri,"Wan Kamal, Wan Kuzri",Akron,10,21,1622,4,5,23,11,0
american:elgersmatroy,"Elgersma, Troy",American,30,17,1492,3,7,35,12,0
iona:cagnathiago,"Cagna, Thiago",Iona,10,18,1490,2,9,30,8,0
ucdavis:walwynbentkeegan,"Walwyn-Bent, Keegan",UC Davis,19,22,1439,5,3,43,13,0
stanford:bohanezach,"Bohane, Zach",Stanford,10,17,1430,5,3,49,21,0
bowlinggreen:anayaalberto,"Anaya, Alberto",Bowling Green,10,17,1409,3,7,27,12,0
queens:brandaocaio,"Brandao, Caio",Queens,10,17,1377,4,5,28,11,0
mercer:santamariacarlos,"Santamaria, Carlos",Mercer,8,17,1372,3,7,32,10,0
maryland:griffithcolin,"Griffith, Colin",Maryland,9,20,1363,6,1,44,14,0
gonzaga:augeeben,"Augee, Ben",Gonzaga,14,17,1352,5,3,22,9,0
sanfrancisco:brackenserragabriel,"Bracken Serra, Gabriel",San Francisco,26,16,1331,4,5,37,20,0
pittsburgh:feitosaguilherme,"Feitosa, Guilherme",Pittsburgh,10,16,1313,2,9,32,11,0
campbell:matosfilipe,"Matos, Filipe",Campbell,24,18,1289,5,3,40,13,0
stbonaventure:javittandres,"Javitt, Andres",St. Bonaventure,11,17,1253,4,5,21,11,0
seattle:leonedgar,"Leon, Edgar",Seattle,28,20,1231,6,1,40,11,0
fairfield:piercewilliam,"Pierce, William",Fairfield,10,16,1204,5,3,29,13,0
michigan:bucknorjason,"Bucknor, Jason",Michigan,7,19,1204,6,1,22,9,0
clevelandstate:rimacmarko,"Rimac, Marko",Cleveland State,7,17,1192,5,3,45,23,0
ucla:contelljose,"Contell, Jose",UCLA,9,18,1159,6,1,32,15,0
lehigh:kingsonperry,"Kingson, Perry",Lehigh,10,17,1153,4,5,32,12,0
denver:willoughbybryce,"Willoughby, Bryce",Denver,34,23,1146,5,3,27,15,0
westvirginia:carlsonsimon,"Carlson, Simon",West Virginia,37,19,1130,4,5,41,15,0
furman:wamusnelllloyd,"Wamu Snell, Lloyd",Furman,9,18,1129,5,3,41,23,0
lindenwood:gatesjohn,"Gates, John",Lindenwood,19,17,1117,3,7,26,15,0
wisconsin:flemingtrip,"Fleming, Trip",Wisconsin,8,14,1081,5,3,20,9,0
lipscomb:karstendan,"Karsten, Dan",Lipscomb,10,16,1079,6,1,36,14,0
oregonstate:spiknerellis,"Spikner, Ellis",Oregon State,9,17,1053,3,7,40,10,0
uscupstate:panaiteadrian,"Panaite, Adrian",USC Upstate,9,16,997,5,3,20,12,0
quinnipiac:kangemanfilip,"Kangeman, Filip",Quinnipiac,10,17,938,4,5,34,13,0
california:duncanarik,"Duncan, Arik",California,12,18,927,5,3,22,11,0
ohiostate:grinsteadparker,"Grinstead, Parker",Ohio State,10,22,920,6,1,24,16,0
detroitmercy:sylvainguershom,"Sylvain, Guershom",Detroit Mercy,10,12,865,6,1,27,15,0
elon:stromstenvictor,"Stromsten, Victor",Elon,11,15,823,4,5,16,10,0
northflorida:acunajoaquin,"Acuna, Joaquin",North Florida,9,16,736,6,1,34,11,0
dayton:buabengfelix,"Buabeng, Felix",Dayton,34,15,717,4,5,36,10,0
elon:veltricolin,"Veltri, Colin",Elon,12,9,422,5,3,23,10,0
virginia:dangnick,"Dang, Nick",Virginia,2,21,1777,6,0,16,9,0
virginia:mangarovdaniel,"Mangarov, Daniel",Virginia,10,21,1713,2,8,34,10,0
umbc:picottojoseph,"Picotto, Joseph",UMBC,6,18,1419,5,2,32,16,0
stjohns:diazmiguel,"Diaz, Miguel",St. John's,20,20,1414,4,4,23,6,0
canisius:switalamichael,"Switala, Michael",Canisius,10,17,1349,5,2,31,13,0
jamesmadison:southernevan,"Southern, Evan",James Madison,28,18,1344,2,8,43,22,0
clemson:illuminatoantonio,"Illuminato, Antonio",Clemson,17,22,1328,4,4,19,7,0
calstatefullerton:bahsulaiman,"Bah, Sulaiman",Cal State Fullerton,11,20,1319,4,4,37,18,0
wakeforest:borsodylan,"Borso, Dylan",Wake Forest,8,24,1297,4,4,40,22,0
villanova:garciajorge,"Garcia, Jorge",Villanova,10,16,1277,5,2,21,7,0
rutgers:calovcurt,"Calov, Curt",Rutgers,9,16,1275,5,2,50,24,0
uic:reisrui,"Reis, Rui",UIC,7,17,1250,4,4,35,19,0
georgiasouthern:louisricky,"Louis, Ricky",Georgia Southern,17,17,1211,4,4,34,13,0
highpoint:amayajefferson,"Amaya, Jefferson",High Point,4,15,1210,3,6,12,7,0
penn:cayellipatrick,"Cayelli, Patrick",Penn,31,17,1206,2,8,19,7,0
siue:schaereryasha,"Schaerer, Yasha",SIUE,8,15,1136,2,8,33,14,0
uconn:testoriscott,"Testori, Scott",UConn,21,18,1127,4,4,32,14,0
bostoncollege:dossantosmarco,"Dos Santos, Marco",Boston College,21,17,1124,4,4,25,11,0
belmontuniversity:chastonayaj,"Chastonay, AJ",Belmont University,16,16,1116,5,2,28,14,0
providence:davockaidan,"Davock, Aidan",Providence,33,21,1082,5,2,32,14,0
stonybrook:harrisontrevor,"Harrison, Trevor",Stony Brook,18,16,1045,5,2,33,18,0
mercer:blamabarzee,"Blama, Barzee",Mercer,9,18,1029,5,2,32,15,0
california:zalayetmalcolm,"Zalayet, Malcolm",California,27,18,998,4,4,22,10,0
army:lyonsgage,"Lyons, Gage",Army,11,14,984,6,0,36,18,0
pittsburgh:thorsenalbert,"Thorsen, Albert",Pittsburgh,9,16,978,5,2,27,12,0
lemoynecollege:goodrichjack,"Goodrich, Jack",Le Moyne College,3,13,962,5,2,20,14,0
smu:lopezmilton,"Lopez, Milton",SMU,19,21,917,6,0,21,13,0
dayton:lijewskicooper,"Lijewski, Cooper",Dayton,12,19,876,3,6,31,16,0
californiabaptist:dagostinoblake,"D'Agostino, Blake",California Baptist,21,18,871,6,0,29,18,0
ucsantabarbara:standishkaden,"Standish, Kaden",UC Santa Barbara,16,22,857,3,6,19,9,0
fau:kviftenoah,"Kvifte, Noah",FAU,11,14,848,5,2,22,15,0
vmi:leejesse,"Lee, Jesse",VMI,12,15,839,4,4,20,11,0
brown:petersenmadsstistrup,"Petersen, Mads Stistrup",Brown,12,14,829,4,4,21,12,0
saintpeters:streletim,"Strele, Tim",Saint Peter's,7,12,812,5,2,17,13,0
furman:bustamantewilfer,"Bustamante, Wilfer",Furman,17,18,759,5,2,19,7,0
vmi:huanganthony,"Huang, Anthony",VMI,15,14,732,3,6,30,11,0
robertmorris:udehkosi,"Udeh, Kosi",Robert Morris,29,17,593,5,2,20,11,0
purduefortwayne:maxwelljames,"Maxwell, James",Purdue Fort Wayne,27,16,409,5,2,10,5,0
stanford:reillywill,"Reilly, Will",Stanford,8,20,1784,3,5,21,8,0
princeton:jasinskijack,"Jasinski, Jack",Princeton,14,19,1607,1,9,15,5,0
memphis:longologan,"Longo, Logan",Memphis,13,17,1525,4,3,11,7,0
stanford:defloresshane,"de Flores, Shane",Stanford,13,20,1444,4,3,41,14,0
rideruniversity:dasilvatheo,"Da Silva, Theo",Rider University,12,17,1417,3,5,20,9,0
liberty:eberleluke,"Eberle, Luke",Liberty,10,17,1384,4,3,26,11,0
charleston:whiteezra,"White, Ezra",Charleston,8,17,1371,1,9,20,8,0
charleston:goldnoah,"Gold, Noah",Charleston,23,17,1365,5,1,11,8,0
seattle:lapointeguevararichy,"Lapointe-Guevara, Richy",Seattle,2,20,1342,4,3,36,16,0
jamesmadison:larssonkevin,"Larsson, Kevin",James Madison,11,19,1333,5,1,25,12,0
indiana:odurocollins,"Oduro, Collins",Indiana,11,21,1317,3,5,39,11,0
gonzaga:pedersendrew,"Pedersen, Drew",Gonzaga,9,18,1295,4,3,23,12,0
syracuse:threadgoldgabe,"Threadgold, Gabe",Syracuse,21,17,1267,4,3,18,12,0
liberty:findleygabe,"Findley, Gabe",Liberty,11,17,1234,3,5,38,17,0
pittsburgh:vilamitjanaarnau,"Vilamitjana, Arnau",Pittsburgh,14,16,1178,4,3,21,9,0
omaha:kleintheo,"Klein, Theo",Omaha,10,15,1132,4,3,39,18,0
saintlouis:wrobelmatthew,"Wrobel, Matthew",Saint Louis,9,17,1111,5,1,30,16,0
marquette:mitrovicmitar,"Mitrovic, Mitar",Marquette,6,17,1103,5,1,13,8,0
stonybrook:bickusjonas,"Bickus, Jonas",Stony Brook,11,16,1101,4,3,30,16,0
stonehillcollege:limabittencourttiago,"Lima-Bittencourt, Tiago",Stonehill College,9,15,1088,3,5,22,6,0
californiabaptist:mendezleo,"Mendez, Leo",California Baptist,9,18,1060,5,1,16,8,0
clemson:yoshizawamisei,"Yoshizawa, Misei",Clemson,11,21,1056,4,3,31,13,0
fau:zettlsebastian,"Zettl, Sebastian",FAU,23,14,1056,2,7,22,7,0
fau:traoreaboubacar,"Traore, Aboubacar",FAU,18,14,1012,2,7,25,7,0
centralarkansas:fontanapietro,"Fontana, Pietro",Central Arkansas,99,14,1003,5,1,22,15,0
marist:ulajarion,"Ulaj, Arion",Marist,8,18,984,3,5,24,16,0
georgiastate:mcleanjustin,"Mclean, Justin",Georgia State,24,16,968,5,1,38,14,0
stetson:mataandres,"Mata, Andres",Stetson,23,15,952,5,1,25,10,0
uconn:conwayeli,"Conway, Eli",UConn,23,18,951,4,3,28,13,0
siena:dobrunadren,"Dobruna, Dren",Siena,3,13,947,2,7,11,2,0
canisius:sidibeely,"Sidibe, Ely",Canisius,13,17,936,5,1,36,19,0
delaware:ruthjustin,"Ruth, Justin",Delaware,17,15,928,3,5,26,10,0
georgetown:vanhornmatthew,"Van Horn, Matthew",Georgetown,28,16,911,5,1,26,16,0
sacramentostate:battistessasean,"Battistessa, Sean",Sacramento State,11,18,905,5,1,20,12,0
ucsantabarbara:siebenlistzac,"Siebenlist, Zac",UC Santa Barbara,33,19,900,5,1,29,14,0
oakland:darakdjianandrew,"Darakdjian, Andrew",Oakland,9,14,870,3,5,36,11,0
highpoint:defrancescofrankie,"De Francesco, Frankie",High Point,11,15,859,4,3,29,13,0
denver:kellykeegan,"Kelly, Keegan",Denver,18,23,849,4,3,19,10,0
fairfield:zachrydevin,"Zachry, Devin",Fairfield,20,15,849,3,5,17,8,0
creighton:ramadanali,"Ramadan, Ali",Creighton,18,18,845,5,1,30,17,0
southcarolina:velazquezlopezalejandro,"Velazquez-Lopez, Alejandro",South Carolina,15,12,838,3,5,28,14,0
seattle:opongjeremy,"Opong, Jeremy",Seattle,7,19,783,4,3,19,9,0
princeton:neenico,"Nee, Nico",Princeton,10,16,750,5,1,23,10,0
sanfrancisco:beasonbrayden,"Beason, Brayden",San Francisco,16,16,747,5,1,25,11,0
fordham:insalacoandre,"Insalaco, Andre",Fordham,21,17,698,4,3,24,11,0
virginiatech:hackenbergethan,"Hackenberg, Ethan",Virginia Tech,17,17,690,5,1,33,18,0
stetson:hausermaurice,"Hauser, Maurice",Stetson,9,15,681,5,1,23,13,0
calstatebakersfield:mautinoconnor,"Mautino, Connor",Cal State Bakersfield,12,8,673,5,1,22,14,0
northeastern:brownfraser,"Brown, Fraser",Northeastern,21,13,648,5,1,20,11,0
american:hersheysam,"Hershey, Sam",American,9,10,589,5,1,13,11,0
niagara:lopezfornergerard,"Lopez Forner, Gerard",Niagara,22,8,563,5,1,22,11,0
depaul:pacekeagan,"Pace, Keagan",DePaul,20,15,546,3,5,11,7,0
duke:ortegajose,"Ortega, Jose",Duke,13,19,502,4,3,17,7,0
creighton:civricgavrilo,"Civric, Gavrilo",Creighton,17,18,488,3,5,15,9,0
drake:seguradamian,"Segura, Damian",Drake,10,9,409,5,1,17,12,0
denver:wynneronan,"Wynne, Ronan",Denver,23,23,1978,2,6,9,4,0
ohiostate:magnussonsiggi,"Magnusson, Siggi",Ohio State,30,22,1909,4,2,15,10,0
vermont:murraymax,"Murray, Max",Vermont,36,19,1661,3,4,16,7,0
jamesmadison:nikolailuca,"Nikolai, Luca",James Madison,14,19,1657,4,2,25,12,0
mercer:agardsekou,"Agard, Sekou",Mercer,2,18,1618,5,0,14,6,0
gardnerwebb:fishermax,"Fisher, Max",Gardner-Webb,3,20,1608,4,2,24,11,0
virginia:wiesepaul,"Wiese, Paul",Virginia,4,21,1601,0,10,7,1,0
northcarolina:williamssam,"Williams, Sam",North Carolina,7,18,1591,4,2,30,11,0
mercer:agardkadeem,"Agard, Kadeem",Mercer,18,18,1480,4,2,27,14,0
setonhall:kauschketil,"Kauschke, Til",Seton Hall,13,18,1395,3,4,40,13,0
notredame:boneaubryce,"Boneau, Bryce",Notre Dame,13,17,1378,1,8,14,6,0
bowlinggreen:shafferandrew,"Shaffer, Andrew",Bowling Green,8,17,1356,2,6,15,10,0
maryland:maserekasadam,"Masereka, Sadam",Maryland,7,19,1342,4,2,17,10,0
gonzaga:swiderchris,"Swider, Chris",Gonzaga,21,18,1341,5,0,37,14,0
wakeforest:umarbasit,"Umar, Basit",Wake Forest,22,24,1326,4,2,32,17,0
davidsoncollege:quanbecknico,"Quanbeck, Nico",Davidson College,19,18,1320,4,2,18,5,0
bucknell:lucasjack,"Lucas, Jack",Bucknell,11,19,1315,3,4,26,11,0
mountstmarys:topolskydominik,"Topolsky, Dominik",Mount St. Mary's,10,16,1294,3,4,25,11,0
grandcanyon:nutornutsibright,"Nutornutsi, Bright",Grand Canyon,9,15,1280,5,0,33,12,0
pittsburgh:svendbycasper,"Svendby, Casper",Pittsburgh,21,15,1265,3,4,11,5,0
sacredheart:garciagallegodavid,"Garcia Gallego, David",Sacred Heart,7,16,1251,5,0,49,23,0
marshall:silvamarco,"Silva, Marco",Marshall,47,21,1224,4,2,16,12,0
ucf:bamemmanuel,"Bam, Emmanuel",UCF,21,15,1215,4,2,20,8,0
highpoint:johnstoneross,"Johnstone, Ross",High Point,6,15,1202,5,0,22,7,0
saintlouis:andersonseth,"Anderson, Seth",Saint Louis,7,19,1180,1,8,22,6,0
uconn:hannisabri,"Hanni, Sabri",UConn,10,18,1177,4,2,31,10,0
stonehillcollege:burkeowen,"Burke, Owen",Stonehill College,8,17,1177,3,4,21,7,0
dartmouthcollege:callahanphineas,"Callahan, Phineas",Dartmouth College,11,16,1163,3,4,27,11,0
gardnerwebb:hughescaio,"Hughes, Caio",Gardner-Webb,18,20,1147,3,4,30,11,0
stonehillcollege:rapozajared,"Rapoza, Jared",Stonehill College,2,17,1119,5,0,28,15,0
winthrop:ferreirarodrigo,"Ferreira, Rodrigo",Winthrop,6,14,1085,4,2,24,10,0
universityofevansville:phillipkai,"Phillip, Kai",University of Evansville,19,17,1055,4,2,25,10,0
michiganstate:stoutjonathan,"Stout, Jonathan",Michigan State,6,17,1048,4,2,28,11,0
duquesne:ervinjaxon,"Ervin, Jaxon",Duquesne,17,17,1043,3,4,23,12,0
oakland:klomparensjack,"Klomparens, Jack",Oakland,5,18,1011,4,2,36,18,0
robertmorris:mbuthiajohnpaul,"Mbuthia, John Paul",Robert Morris,9,19,1003,5,0,31,11,0
bryant:guiradocristian,"Guirado, Cristian",Bryant,7,20,972,5,0,29,13,0
westernmichigan:sylejmanironi,"Sylejmani, Roni",Western Michigan,9,20,971,4,2,23,14,0
santaclara:tiptontyler,"Tipton, Tyler",Santa Clara,14,15,970,5,0,21,10,0
umbc:calheiraryan,"Calheira, Ryan",UMBC,11,18,968,5,0,31,18,0
stjohns:morcktyler,"Morck, Tyler",St. John's,15,20,965,4,2,15,7,0
fordham:pomplianoluke,"Pompliano, Luke",Fordham,24,17,956,3,4,18,8,0
iuindy:herrerajoseantonio,"Herrera, Jose Antonio",IU Indy,22,12,937,5,0,20,9,0
california:adimabuanonso,"Adimabua, Nonso",California,10,18,935,4,2,24,14,0
etsu:ramosgabriel,"Ramos, Gabriel",ETSU,7,11,934,3,4,21,10,0
greenbay:albumchris,"Album, Chris",Green Bay,9,15,930,5,0,36,18,0
villanova:canicajordan,"Canica, Jordan",Villanova,7,16,926,3,4,27,13,0
georgewashington:croftslouis,"Crofts, Louis",George Washington,14,17,905,5,0,33,15,0
jamesmadison:aguilarjeffrey,"Aguilar, Jeffrey",James Madison,15,19,899,3,4,18,12,0
charlotte:larsenbrigham,"Larsen, Brigham",Charlotte,9,19,894,4,2,19,7,0
detroitmercy:copelandjosh,"Copeland, Josh",Detroit Mercy,11,12,891,3,4,21,9,0
calstatefullerton:delatorrejose,"de la Torre, Jose",Cal State Fullerton,21,20,888,4,2,30,13,0
northwestern:awujoakinjide,"Awujo, Akinjide",Northwestern,17,17,864,5,0,25,10,0
tulsa:vargascamilo,"Vargas, Camilo",Tulsa,23,15,857,4,2,23,11,0
liberty:connehleo,"Conneh, Leo",Liberty,20,17,855,2,6,23,12,0
sacredheart:mccannsam,"McCann, Sam",Sacred Heart,23,15,854,3,4,27,14,0
virginiatech:rocheoliver,"Roche, Oliver",Virginia Tech,11,17,847,5,0,37,20,0
olddominion:ennintimothy,"Ennin, Timothy",Old Dominion,9,16,838,4,2,17,6,0
fordham:leitnerbennett,"Leitner, Bennett",Fordham,19,18,824,3,4,9,4,0
wofford:patnaudstewart,"Patnaud, Stewart",Wofford,7,17,819,4,2,28,11,0
csun:jonesjrderyk,"Jones, Jr., Deryk",CSUN,3,13,816,4,2,16,8,0
siena:navarroperezmario,"Navarro Perez, Mario",Siena,10,13,807,5,0,23,12,0
calstatefullerton:carlosmario,"Carlos, Mario",Cal State Fullerton,9,20,804,3,4,22,10,0
calstatefullerton:williamsfitz,"Williams, Fitz",Cal State Fullerton,15,20,795,4,2,30,10,0
pennstate:camaraaboubacar,"Camara, Aboubacar",Penn State,15,11,785,5,0,13,7,0
greenbay:sophanavongmyles,"Sophanavong, Myles",Green Bay,10,15,768,2,6,10,5,0
siue:sanfeliujacobo,"Sanfeliu, Jacobo",SIUE,7,15,746,5,0,34,14,0
saintlouis:wardnate,"Ward, Nate",Saint Louis,33,14,742,3,4,19,9,0
ucla:naefphilip,"Naef, Philip",UCLA,14,16,737,1,8,14,6,0
southflorida:studenhofftgunnar,"Studenhofft, Gunnar",South Florida,9,14,705,4,2,29,12,0
stjohns:griffithnigel,"Griffith, Nigel",St. John's,25,20,665,3,4,22,13,0
fiu:mustreeduardo,"Mustre, Eduardo",FIU,9,11,657,5,0,20,11,0
newhaven:lindstromadam,"Lindstrom, Adam",New Haven,10,12,634,4,2,17,8,0
charleston:iggouteadil,"Iggoute, Adil",Charleston,7,17,622,3,4,11,9,0
virginia:brizuelajoaqun,"Brizuela, Joaquín",Virginia,11,16,621,4,2,13,6,0
charlotte:jaukfilip,"Jauk, Filip",Charlotte,15,19,617,5,0,16,7,0
kansascity:francoujeremy,"Francou, Jeremy",Kansas City,21,19,520,4,2,19,12,0
indiana:heuercharlie,"Heuer, Charlie",Indiana,16,19,456,4,2,14,6,0
northflorida:reinhardtjaxon,"Reinhardt, Jaxon",North Florida,19,16,366,5,0,11,9,0
uca:richardsdevonte,"Richards, Devonte",UCA,3,3,258,5,0,13,7,0
uvm:kisselmaximilian,"Kissel, Maximilian",UVM,9,5,225,4,2,8,7,0
lwu:coelhosimao,"Coelho, Simao",LWU,11,3,186,4,2,10,6,0
indiana:elliotquinton,"Elliot, Quinton",Indiana,2,21,1849,3,3,11,8,0
stanford:adnannoah,"Adnan, Noah",Stanford,2,20,1832,4,1,19,7,0
maryland:costabileluca,"Costabile, Luca",Maryland,3,20,1749,2,5,19,6,0
washington:meyerschris,"Meyers, Chris",Washington,7,21,1643,1,7,20,6,0
gardnerwebb:andradeleo,"Andrade, Leo",Gardner-Webb,5,20,1626,4,1,13,4,0
furman:agyaakwahivan,"Agyaakwah, Ivan",Furman,6,18,1598,3,3,18,4,0
marshall:pannholzertarik,"Pannholzer, Tarik",Marshall,9,21,1560,3,3,29,11,0
umbc:nesheimhans,"Nesheim, Hans",UMBC,4,18,1555,1,7,14,6,0
penn:burneyleo,"Burney, Leo",Penn,2,17,1534,4,1,5,4,0
ncstate:santoshenrique,"Santos, Henrique",NC State,11,20,1471,3,3,32,15,0
vermont:wathutasydney,"Wathuta, Sydney",Vermont,22,19,1452,0,9,38,10,0
uncwilmington:gyamfiosei,"Gyamfi, Osei",UNC Wilmington,7,19,1452,2,5,34,9,0
clevelandstate:mertztom,"Mertz, Tom",Cleveland State,6,17,1404,2,5,13,6,0
monmouth:osieckipatrick,"Osiecki, Patrick",Monmouth,10,16,1367,4,1,31,12,0
butler:kumwendahenri,"Kumwenda, Henri",Butler,17,16,1361,3,3,19,7,0
georgemason:sanchezjavi,"Sanchez, Javi",George Mason,4,15,1350,3,3,9,6,0
setonhall:smithjared,"Smith, Jared",Seton Hall,11,18,1348,4,1,25,14,0
vermont:ismaildavid,"Ismail, David",Vermont,13,17,1328,3,3,28,9,0
utahvalley:aureliengilles,"Aurelien, Gilles",Utah Valley,5,18,1327,1,7,17,4,0
georgemason:maestreluis,"Maestre, Luis",George Mason,31,16,1324,2,5,23,8,0
georgewashington:turnerwilliam,"Turner, William",George Washington,4,17,1308,3,3,21,12,0
bostonuniversity:delamaterquin,"DeLaMater, Quin",Boston University,14,18,1261,3,3,14,9,0
bucknell:roskosdrew,"Roskos, Drew",Bucknell,3,19,1238,3,3,36,14,0
marist:verheulchris,"Verheul, Chris",Marist,9,18,1234,4,1,33,15,0
fordham:hackaalukas,"Hackaa, Lukas",Fordham,11,18,1229,4,1,30,14,0
lemoynecollege:abdulmalakziad,"Abdul-Malak, Ziad",Le Moyne College,21,14,1196,4,1,28,12,0
georgemason:clainquentin,"Clain, Quentin",George Mason,17,15,1195,3,3,38,14,0
virginiatech:marcanoian,"Marcano, Ian",Virginia Tech,24,17,1193,2,5,25,10,0
centralarkansas:richardsdevonte,"Richards, Devonte",Central Arkansas,3,15,1186,2,5,36,18,0
queens:bourlotjaeggiciro,"Bourlot Jaeggi, Ciro",Queens,9,16,1186,3,3,21,7,0
campbell:chisholmtaireece,"Chisholm, Tai-Reece",Campbell,7,17,1184,3,3,14,5,0
houstonchristian:herreradalessandro,"Herrera, D'Alessandro",Houston Christian,99,19,1178,3,3,28,9,0
olddominion:eberlemichael,"Eberle, Michael",Old Dominion,10,16,1170,3,3,27,12,0
stetson:ahlcharles,"Ahl, Charles",Stetson,10,15,1168,2,5,30,14,0
sandiego:favaluca,"Fava, Luca",San Diego,24,19,1162,2,5,27,10,0
centralarkansas:ichikawasohma,"Ichikawa, Sohma",Central Arkansas,8,15,1157,2,5,11,6,0
ohiostate:bilowashton,"Bilow, Ashton",Ohio State,15,22,1156,2,5,30,10,0
wisconsin:zachemskimatthew,"Zachemski, Matthew",Wisconsin,18,15,1150,3,3,6,4,0
iona:maneiroalvaro,"Maneiro, Alvaro",Iona,11,17,1145,3,3,31,14,0
georgetown:zenguezach,"Zengue, Zach",Georgetown,19,16,1138,1,7,38,13,0
lehigh:wengerbeckett,"Wenger, Beckett",Lehigh,20,18,1134,3,3,17,10,0
drexel:vaccarogiancarlo,"Vaccaro, Giancarlo",Drexel,10,17,1132,2,5,27,10,0
utahvalley:emojongisaac,"Emojong, Isaac",Utah Valley,23,18,1128,4,1,19,10,0
quinnipiac:holumwilliam,"Holum, William",Quinnipiac,17,17,1122,3,3,15,10,0
sandiegostate:mateirobbie,"Matei, Robbie",San Diego State,7,17,1114,4,1,22,8,0
rutgers:abbeyian,"Abbey, Ian",Rutgers,10,17,1111,2,5,33,13,0
westvirginia:scheerisaac,"Scheer, Isaac",West Virginia,19,19,1084,2,5,15,4,0
northflorida:perezdavid,"Perez, David",North Florida,99,16,1066,4,1,20,10,0
campbell:lavielleluc,"Lavielle, Luc",Campbell,21,18,1061,3,3,30,12,0
yale:brayboyquanah,"Brayboy, Quanah",Yale,10,16,1061,3,3,15,8,0
drake:kipnusupreston,"Kipnusu, Preston",Drake,14,16,1041,4,1,22,8,0
sanfrancisco:raphaeldavid,"Raphael, David",San Francisco,98,16,1041,4,1,24,14,0
notredame:flanaganjack,"Flanagan, Jack",Notre Dame,11,17,1009,4,1,22,8,0
robertmorris:koczulaptim,"Koczulap, Tim",Robert Morris,26,16,1009,2,5,5,4,0
uncgreensboro:harunaissah,"Haruna, Issah",UNC Greensboro,18,17,998,3,3,17,9,0
sacredheart:morcilloivan,"Morcillo, Ivan",Sacred Heart,9,16,998,3,3,26,14,0
navy:schuetzaj,"Schuetz, A.J.",Navy,23,13,997,4,1,31,15,0
georgetown:bakermitchell,"Baker, Mitchell",Georgetown,18,16,984,3,3,37,18,0
canisius:petruccimason,"Petrucci, Mason",Canisius,7,17,969,2,5,21,11,0
mercer:afolabisegun,"Afolabi, Segun",Mercer,10,18,959,3,3,28,13,0
bostonuniversity:diblasioandrea,"Di Blasio, Andrea",Boston University,7,18,955,4,1,21,8,0
duke:thomasluke,"Thomas, Luke",Duke,16,19,952,3,3,20,11,0
sanfrancisco:easleyisaiah,"Easley, Isaiah",San Francisco,9,16,946,4,1,37,15,0
ucsandiego:valverdeandrew,"Valverde, Andrew",UC San Diego,7,17,943,4,1,14,8,0
siue:abealnacho,"Abeal, Nacho",SIUE,10,13,941,4,1,25,10,0
stanford:kiiljackson,"Kiil, Jackson",Stanford,9,16,934,4,1,25,13,0
oakland:alrashedabdul,"Al-Rashed, Abdul",Oakland,22,14,925,4,1,22,13,0
wrightstate:hutchinsonhenry,"Hutchinson, Henry",Wright State,26,18,920,2,5,19,10,0
stbonaventure:akuazaokuumechi,"Akuazaoku, Umechi",St. Bonaventure,9,17,912,4,1,28,15,0
robertmorris:gilleylogan,"Gilley, Logan",Robert Morris,11,19,881,2,5,23,9,0
portland:rosasdiego,"Rosas, Diego",Portland,18,12,874,1,7,12,4,0
lasalle:garrogerricaechebarriaandoni,"Garrogerricaechebarria, Andoni",La Salle,10,17,864,2,5,24,8,0
stjohns:kozakmartin,"Kozak, Martin",St. John's,13,20,852,4,1,21,8,0
marshall:simonpablo,"Simon, Pablo",Marshall,11,19,850,4,1,22,12,0
colgate:pipkinblake,"Pipkin, Blake",Colgate,21,12,838,4,1,15,8,0
saintjosephs:driehuisblake,"Driehuis, Blake",Saint Joseph's,9,11,824,4,1,23,9,0
highpoint:baafialfred,"Baafi, Alfred",High Point,18,15,816,3,3,27,7,0
njit:martinezcubelsergio,"Martinez Cubel, Sergio",NJIT,11,15,795,4,1,27,9,0
portland:fernandeznick,"Fernandez, Nick",Portland,6,12,793,3,3,17,7,0
charleston:elliottchris,"Elliott, Chris",Charleston,9,17,780,4,1,23,9,0
bellarmine:harshawnick,"Harshaw, Nick",Bellarmine,29,16,767,4,1,15,11,0
calstatefullerton:valenzuelafernando,"Valenzuela, Fernando",Cal State Fullerton,17,18,766,3,3,13,8,0
louisville:kondicleon,"Kondic, Leon",Louisville,10,17,763,2,5,13,6,0
pittsburgh:dahllasse,"Dahl, Lasse",Pittsburgh,22,16,763,2,5,15,5,0
michiganstate:kerrigansean,"Kerrigan, Sean",Michigan State,20,17,760,4,1,28,13,0
stbonaventure:britokenzo,"Brito, Kenzo",St. Bonaventure,8,11,756,2,5,29,12,0
williammary:delgadosam,"Delgado, Sam",William & Mary,15,11,737,4,1,22,8,0
northernkentucky:purksjason,"Purks, Jason",Northern Kentucky,17,15,728,3,3,19,8,0
csun:blevinsmichael,"Blevins, Michael",CSUN,23,14,704,4,1,26,11,0
charlotte:arsvollelias,"Arsvoll, Elias",Charlotte,32,19,686,3,3,13,7,0
louisville:subachanethan,"Subachan, Ethan",Louisville,18,17,677,3,3,16,10,0
ucla:ratoviztamir,"Ratoviz, Tamir",UCLA,12,19,673,2,5,9,3,0
virginia:ubogukome,"Ubogu, Kome",Virginia,18,20,671,4,1,21,7,0
stonybrook:oliverfinlay,"Oliver, Finlay",Stony Brook,19,16,668,3,3,17,8,0
cornell:lokkodanny,"Lokko, Danny",Cornell,19,13,642,3,3,18,9,0
hofstra:gilllennon,"Gill, Lennon",Hofstra,22,16,614,4,1,22,11,0
virginiatech:perezalex,"Perez, Alex",Virginia Tech,9,17,594,3,3,16,7,0
greenbay:nicholsonluke,"Nicholson, Luke",Green Bay,4,15,589,4,1,22,8,0
liu:thanhoferniklas,"Thanhofer, Niklas",LIU,4,7,562,4,1,6,4,0
saintlouis:andersontanner,"Anderson, Tanner",Saint Louis,23,17,518,4,1,14,10,0
howard:christianmason,"Christian, Mason",Howard,20,10,517,4,1,13,10,0
northeastern:restreposebastian,"Restrepo, Sebastian",Northeastern,9,12,492,4,1,11,7,0
gonzaga:campisistefano,"Campisi, Stefano",Gonzaga,24,16,428,3,3,22,9,0
easttennesseestate:ramosgabriel,"Ramos, Gabriel",East Tennessee State,7,5,419,3,3,7,4,0
american:zouantchadilane,"Zouantcha, Dilane",American,10,16,406,3,3,6,4,0
clemson:kellyjames,"Kelly, James",Clemson,19,20,393,4,1,16,10,0
wrightstate:testerbrayden,"Tester, Brayden",Wright State,25,17,301,4,1,8,5,0
georgiasouthern:martinzachary,"Martin, Zachary",Georgia Southern,9,14,200,4,1,6,5,0
smu:zarnickowen,"Zarnick, Owen",SMU,3,21,1874,4,0,14,7,0
ohiostate:velliosdeylen,"Vellios, Deylen",Ohio State,12,22,1796,1,6,6,3,0
stanford:bankfletcher,"Bank, Fletcher",Stanford,7,20,1756,2,4,25,11,0
westernmichigan:shannonchristian,"Shannon, Christian",Western Michigan,14,21,1739,3,2,13,7,0
stjohns:jakopovicjulian,"Jakopovic, Julian",St. John's,8,20,1696,2,4,13,9,0
ucdavis:fernandezkimlucas,"Fernandez-Kim, Lucas",UC Davis,10,21,1664,1,6,17,7,0
uncwilmington:hefelejosef,"Hefele, Josef",UNC Wilmington,4,19,1653,4,0,9,5,0
clemson:okunlolaremi,"Okunlola, Remi",Clemson,30,21,1633,2,4,15,8,0
oregonstate:newmanenzo,"Newman, Enzo",Oregon State,24,18,1600,1,6,12,2,0
creighton:oneillmark,"O'Neill, Mark",Creighton,23,18,1499,3,2,9,5,0
westernmichigan:arpachindabraxton,"Arpachinda, Braxton",Western Michigan,2,21,1448,3,2,18,10,0
sandiego:rhoadesoliver,"Rhoades, Oliver",San Diego,7,19,1443,3,2,23,9,0
creighton:torresroman,"Torres, Roman",Creighton,11,18,1442,3,2,11,8,0
georgemason:eliudajames,"Eliuda, James",George Mason,8,16,1415,2,4,29,7,0
pennstate:hendersonmatthew,"Henderson, Matthew",Penn State,3,16,1411,3,2,5,3,0
sanjosestate:cookcameron,"Cook, Cameron",San Jose State,8,18,1409,3,2,25,11,0
jamesmadison:lelinyanis,"Lelin, Yanis",James Madison,10,19,1384,4,0,23,13,0
yale:presthustj,"Presthus, TJ",Yale,22,16,1382,4,0,11,7,0
oakland:ballaghcarson,"Ballagh, Carson",Oakland,12,18,1366,1,6,13,5,0
bellarmine:yowellaustin,"Yowell, Austin",Bellarmine,5,16,1359,2,4,13,8,0
ucf:rosaanderson,"Rosa, Anderson",UCF,6,15,1350,1,6,31,10,0
rutgers:maelandola,"Maeland, Ola",Rutgers,17,17,1278,3,2,24,13,0
iona:benjellounjad,"Benjelloun, Jad",Iona,8,17,1269,2,4,17,9,0
greenbay:nishikawaso,"Nishikawa, So",Green Bay,13,15,1240,2,4,25,7,0
umbc:ustaismailcan,"Usta, Ismailcan",UMBC,10,18,1220,2,4,35,12,0
rideruniversity:punselieezra,"Punselie, Ezra",Rider University,8,20,1194,3,2,19,7,0
mercyhurst:santosluisfelipe,"Santos, Luis Felipe",Mercyhurst,14,15,1193,3,2,32,16,0
smu:mitchelljaylinn,"Mitchell, Jaylinn",SMU,17,21,1185,3,2,33,11,0
sandiegostate:puenteandre,"Puente, Andre",San Diego State,4,16,1183,4,0,9,8,0
merrimackcollege:bivensamuel,"Biven, Samuel",Merrimack College,10,16,1142,3,2,17,9,0
pennstate:grabfeldercaden,"Grabfelder, Caden",Penn State,11,15,1138,4,0,29,13,0
gonzaga:baziaalex,"Bazia, Alex",Gonzaga,15,17,1138,3,2,20,9,0
umbc:wroblewskialek,"Wroblewski, Alek",UMBC,27,17,1132,2,4,40,18,0
holycross:kleinjonathan,"Klein, Jonathan",Holy Cross,10,16,1113,2,4,20,7,0
ucsantabarbara:basilifilip,"Basili, Filip",UC Santa Barbara,77,23,1107,1,6,23,4,0
coastalcarolina:hainerdoug,"Hainer, Doug",Coastal Carolina,10,16,1102,3,2,29,14,0
milwaukee:kumakawadaiki,"Kumakawa, Daiki",Milwaukee,13,15,1057,3,2,17,7,0
lehigh:gueyeyusef,"Gueye, Yusef",Lehigh,14,16,1051,4,0,32,15,0
airforce:rizzocarter,"Rizzo, Carter",Air Force,7,17,1044,3,2,32,17,0
kansascity:shibatasora,"Shibata, Sora",Kansas City,2,22,1044,2,4,15,5,0
wrightstate:ezekwukafelix,"Ezekwuka, Felix",Wright State,22,18,1044,4,0,25,15,0
greenbay:paolucciandrew,"Paolucci, Andrew",Green Bay,7,15,1036,3,2,34,18,0
loyolachicago:cisnerosjulian,"Cisneros, Julian",Loyola Chicago,6,12,1022,2,4,21,6,0
portland:navasebastian,"Nava, Sebastian",Portland,10,12,1018,2,4,21,7,0
georgemason:serenomartim,"Sereno, Martim",George Mason,28,16,1006,1,6,33,8,0
notredame:spicernolan,"Spicer, Nolan",Notre Dame,22,17,1004,3,2,17,10,0
purduefortwayne:arellanoabe,"Arellano, Abe",Purdue Fort Wayne,8,16,992,3,2,20,12,0
fiu:appiahmichael,"Appiah, Michael",FIU,11,18,974,4,0,26,14,0
csun:edwardsmarley,"Edwards, Marley",CSUN,11,16,971,3,2,28,10,0
mercyhurst:silvaalvar,"Silva, Alvar",Mercyhurst,11,15,934,3,2,13,8,0
ucriverside:lopeznoah,"Lopez, Noah",UC Riverside,20,16,932,4,0,14,8,0
bostonuniversity:boneaidan,"Bone, Aidan",Boston University,31,18,927,4,0,13,7,0
louisville:roedsander,"Roed, Sander",Louisville,46,16,909,3,2,25,9,0
uab:rizzolucas,"Rizzo, Lucas",UAB,17,15,907,4,0,14,8,0
uncasheville:hammondseth,"Hammond, Seth",UNC Asheville,11,13,897,3,2,31,7,0
santaclara:wiersdorfwill,"Wiersdorf, Will",Santa Clara,17,11,875,3,2,25,13,0
siue:dashinpavel,"Dashin, Pavel",SIUE,9,15,850,3,2,17,9,0
southflorida:andersonjalen,"Anderson, Jalen",South Florida,11,13,847,3,2,27,13,0
uncwilmington:damicocesare,"D'Amico, Cesare",UNC Wilmington,9,16,844,3,2,7,5,0
howard:bakerbryson,"Baker, Bryson",Howard,10,11,840,1,6,29,14,0
saintmarys:muttittwade,"Muttitt, Wade",Saint Mary's,7,16,832,3,2,22,13,0
njit:augoasembo,"Augo, Asembo",NJIT,24,14,829,3,2,17,7,0
bryant:whitesam,"White, Sam",Bryant,14,18,807,3,2,22,13,0
olddominion:whitekey,"White, Key",Old Dominion,11,15,791,2,4,16,9,0
pennstate:dionnechristian,"Dionne, Christian",Penn State,18,16,773,2,4,9,3,0
northflorida:graniturluc,"Granitur, Luc",North Florida,11,15,753,2,4,15,6,0
ucsandiego:oppenheimkai,"Oppenheim, Kai",UC San Diego,29,18,750,3,2,18,5,0
siena:hellertcole,"Hellert, Cole",Siena,15,13,737,3,2,21,10,0
milwaukee:medinaraul,"Medina, Raul",Milwaukee,22,11,733,1,6,14,6,0
delaware:fullerjaydon,"Fuller, Jaydon",Delaware,13,15,729,2,4,26,9,0
wisconsin:raimbaultthomas,"Raimbault, Thomas",Wisconsin,20,15,727,3,2,11,7,0
harvard:telladodylan,"Tellado, Dylan",Harvard,17,14,724,3,2,21,13,0
sandiego:ramirezsteven,"Ramirez, Steven",San Diego,9,19,719,4,0,16,7,0
syracuse:acquahmichael,"Acquah, Michael",Syracuse,18,17,719,1,6,24,9,0
ucdavis:neulszachary,"Neuls, Zachary",UC Davis,28,18,719,4,0,15,6,0
northeastern:tepekade,"Tepe, Kade",Northeastern,12,13,711,3,2,20,7,0
northernkentucky:murphytyler,"Murphy, Tyler",Northern Kentucky,19,15,696,4,0,31,16,0
ucdavis:horiodeclan,"Horio, Declan",UC Davis,6,20,680,3,2,18,7,0
depaul:mullinsliam,"Mullins, Liam",DePaul,9,16,675,2,4,11,5,0
ucsantabarbara:philippnemo,"Philipp, Nemo",UC Santa Barbara,10,19,670,2,4,20,9,0
stetson:condeafonso,"Conde, Afonso",Stetson,7,13,667,4,0,16,7,0
indiana:nescimichael,"Nesci, Michael",Indiana,12,21,666,4,0,19,9,0
portland:highfieldjoe,"Highfield, Joe",Portland,24,12,630,3,2,16,12,0
navy:stevenswyatt,"Stevens, Wyatt",Navy,9,11,625,4,0,12,6,0
coastalcarolina:howardevan,"Howard, Evan",Coastal Carolina,19,14,608,3,2,18,9,0
kansascity:hoeltingluke,"Hoelting, Luke",Kansas City,19,21,607,4,0,19,9,0
marquette:drydenmitchell,"Dryden, Mitchell",Marquette,15,17,606,3,2,9,5,0
uncwilmington:acevedochristian,"Acevedo, Christian",UNC Wilmington,24,19,603,4,0,19,11,0
presbyterian:rabarivonysandro,"Rabarivony, Sandro",Presbyterian,12,12,588,3,2,19,4,0
uncasheville:beckettlouis,"Beckett, Louis",UNC Asheville,6,13,572,2,4,29,12,0
uscupstate:cerimagicdzenan,"Cerimagic, Dzenan",USC Upstate,99,16,562,4,0,15,7,0
charlotte:richardsonjaedon,"Richardson, Jaedon",Charlotte,17,19,561,3,2,15,6,0
wakeforest:niangbabacar,"Niang, Babacar",Wake Forest,10,18,535,4,0,27,9,0
chicagostate:sergievdanail,"Sergiev, Danail",Chicago State,33,7,521,3,2,13,8,0
ucsantabarbara:willumsennicolas,"Willumsen, Nicolas",UC Santa Barbara,18,13,494,3,2,23,6,0
massachusetts:hughesalec,"Hughes, Alec",Massachusetts,12,6,471,4,0,12,5,0
akron:dobrijevicstefan,"Dobrijevic, Stefan",Akron,18,21,455,2,4,19,6,0
oralroberts:estradajose,"Estrada, Jose",Oral Roberts,14,16,416,2,4,7,3,0
denver:schommertyler,"Schommer, Tyler",Denver,9,19,412,2,4,8,6,0
wakeforest:belalryan,"Belal, Ryan",Wake Forest,14,23,405,4,0,12,5,0
portland:dunbarnicholas,"Dunbar, Nicholas",Portland,13,11,402,4,0,10,6,0
saintfrancis:wagnerfabian,"Wagner, Fabian",Saint Francis,7,6,370,3,2,13,7,0
charleston:watsonryan,"Watson, Ryan",Charleston,17,17,349,3,2,6,3,0
stjohns:gehobrady,"Geho, Brady",St. John's,22,19,297,4,0,9,7,0
stonehillcollege:fonsecashane,"Fonseca, Shane",Stonehill College,5,12,294,3,2,14,11,0
loyolauniversitymaryland:staffordcaden,"Stafford, Caden",Loyola University Maryland,10,5,277,3,2,11,7,0
unf:acunajoaquin,"Acuna, Joaquin",UNF,9,3,238,4,0,12,7,0
bradley:coughlonmitch,"Coughlon, Mitch",Bradley,33,7,236,3,2,7,6,0
flaatlantic:traoreaboubacar,"Traore, Aboubacar",Fla. Atlantic,18,2,150,2,4,6,4,0
denver:smithben,"Smith, Ben",Denver,6,22,1906,2,3,20,6,0
indiana:mcdonaldpatrick,"McDonald, Patrick",Indiana,22,21,1800,2,3,5,2,0
rideruniversity:mcgeechanjack,"McGeechan, Jack",Rider University,4,20,1794,3,1,16,4,0
hofstra:carlesroc,"Carles, Roc",Hofstra,10,19,1663,2,3,20,8,0
vermont:barrettzach,"Barrett, Zach",Vermont,28,18,1656,1,5,9,4,0
dayton:kanyanegeni,"Kanyane, Geni",Dayton,6,19,1648,2,3,25,11,0
smu:djordjevicnikola,"Djordjevic, Nikola",SMU,20,21,1595,1,5,24,9,0
sanjosestate:baptistadiogo,"Baptista, Diogo",San Jose State,11,21,1593,3,1,22,8,0
uncwilmington:clarksonjack,"Clarkson, Jack",UNC Wilmington,12,20,1572,1,5,24,8,0
saintlouis:florianimax,"Floriani, Max",Saint Louis,5,17,1518,3,1,17,9,0
uncwilmington:newsomeethan,"Newsome, Ethan",UNC Wilmington,10,20,1505,2,3,24,8,0
oregonstate:belmontepere,"Belmonte, Pere",Oregon State,8,18,1503,2,3,29,8,0
belmontuniversity:steelydylan,"Steely, Dylan",Belmont University,26,17,1491,3,1,24,10,0
fordham:lehrlouis,"Lehr, Louis",Fordham,6,17,1486,2,3,12,4,0
washington:amanrichie,"Aman, Richie",Washington,10,21,1453,2,3,33,12,0
lehigh:davissam,"Davis, Sam",Lehigh,2,16,1439,3,1,11,7,0
georgemason:montavajavier,"Montava, Javier",George Mason,23,16,1438,2,3,10,3,0
mountstmarys:czyzmaks,"Czyz, Maks",Mount St. Mary's,4,16,1421,3,1,6,4,0
penn:jeremiahjackryan,"Jeremiah, Jack-Ryan",Penn,8,17,1418,2,3,15,3,0
northwestern:mayerbryant,"Mayer, Bryant",Northwestern,26,17,1404,0,7,3,1,0
seattle:philibbosianandre,"Philibbosian, Andre",Seattle,30,20,1402,2,3,14,3,0
notredame:fergusonmitch,"Ferguson, Mitch",Notre Dame,2,16,1391,2,3,9,4,0
houstonchristian:zeemansam,"Zeeman, Sam",Houston Christian,3,17,1388,3,1,5,3,0
houstonchristian:worsfoldgreggmorgan,"Worsfold-Gregg, Morgan",Houston Christian,6,18,1369,2,3,5,2,0
quinnipiac:cabezasnoe,"Cabezas, Noe",Quinnipiac,8,16,1362,3,1,12,9,0
calpoly:guerradiego,"Guerra, Diego",Cal Poly,8,19,1359,3,1,17,4,0
fiu:dossantosmonteirobernardo,"Dos Santos Monteiro, Bernardo",FIU,7,18,1358,3,1,45,16,0
louisville:jonesjosh,"Jones, Josh",Louisville,16,17,1350,3,1,17,6,0
wofford:kjollermagnus,"Kjoller, Magnus",Wofford,6,17,1349,2,3,19,5,0
syracuse:omezechimere,"Omeze, Chimere",Syracuse,2,17,1305,3,1,17,8,0
holycross:williamsmarcus,"Williams, Marcus",Holy Cross,2,16,1290,3,1,14,8,0
sacredheart:borraaidan,"Borra, Aidan",Sacred Heart,10,16,1261,2,3,15,5,0
saintmarys:toelhoejbastian,"Toelhoej, Bastian",Saint Mary's,6,15,1234,3,1,12,6,0
csun:solorzanojorge,"Solorzano, Jorge",CSUN,7,16,1227,3,1,29,8,0
mountstmarys:dougaldgraham,"Dougald, Graham",Mount St. Mary's,8,16,1208,3,1,31,8,0
seattle:hammondluke,"Hammond, Luke",Seattle,22,20,1207,1,5,21,11,0
lehigh:gonzalezaiden,"Gonzalez, Aiden",Lehigh,30,18,1207,3,1,21,7,0
elon:mucchetticonnor,"Mucchetti, Connor",Elon,16,15,1198,3,1,13,5,0
notredame:baffourkk,"Baffour, KK",Notre Dame,10,16,1192,1,5,34,15,0
unlv:sanchezgabe,"Sanchez, Gabe",UNLV,21,18,1189,3,1,10,6,0
siena:gardnerzach,"Gardner, Zach",Siena,17,13,1164,3,1,17,11,0
fiu:castillodiego,"Castillo, Diego",FIU,10,17,1132,2,3,19,10,0
wofford:dennisthaddeus,"Dennis, Thaddeus",Wofford,23,17,1128,2,3,28,10,0
monmouth:anderssonvictor,"Andersson, Victor",Monmouth,21,16,1128,3,1,17,7,0
california:ortizalfredo,"Ortiz, Alfredo",California,19,18,1122,3,1,16,7,0
ucirvine:powellisaac,"Powell, Isaac",UC Irvine,18,19,1112,2,3,12,5,0
seattle:zuluagayeider,"Zuluaga, Yeider",Seattle,17,20,1108,1,5,37,16,0
northflorida:miyakawarentaro,"Miyakawa, Rentaro",North Florida,16,16,1097,1,5,12,2,0
ucirvine:atiyesamuel,"Atiye, Samuel",UC Irvine,6,19,1075,2,3,24,7,0
army:zhaironald,"Zhai, Ronald",Army,21,14,1067,3,1,23,7,0
marshall:pintorai,"Pinto, Rai",Marshall,31,19,1060,3,1,15,7,0
easternillinois:ecclessam,"Eccles, Sam",Eastern Illinois,9,15,1056,2,3,12,3,0
presbyterian:griffithcarson,"Griffith, Carson",Presbyterian,10,12,1055,3,1,11,5,0
campbell:deleoncurtis,"DeLeon, Curtis",Campbell,13,18,1050,3,1,26,12,0
fiu:villalobosnicolas,"Villalobos, Nicolas",FIU,17,16,1045,3,1,13,9,0
delaware:monathrichard,"Monath, Richard",Delaware,2,13,1042,2,3,21,10,0
lafayette:lizewskibeaux,"Lizewski, Beaux",Lafayette,4,12,1041,2,3,14,7,0
quinnipiac:schierenbeckluke,"Schierenbeck, Luke",Quinnipiac,5,17,1026,3,1,14,5,0
marshall:stjernegaardalexander,"Stjernegaard, Alexander",Marshall,20,19,1020,2,3,16,5,0
princeton:kelleykevin,"Kelley, Kevin",Princeton,7,19,1015,3,1,19,7,0
detroitmercy:piersondrew,"Pierson, Drew",Detroit Mercy,27,12,1004,2,3,14,4,0
lemoynecollege:kreuzpaintnervito,"Kreuzpaintner, Vito",Le Moyne College,2,14,995,3,1,11,5,0
notredame:greensebastian,"Green, Sebastian",Notre Dame,24,15,987,2,3,13,3,0
memphis:bordoyanders,"Bordoy, Anders",Memphis,28,17,981,2,3,14,7,0
canisius:mataglodie,"Mata, Glodie",Canisius,11,17,951,2,3,11,7,0
georgiastate:williamstom,"Williams, Tom",Georgia State,11,17,949,2,3,13,5,0
vmi:mooneycole,"Mooney, Cole",VMI,8,15,933,1,5,29,7,0
uncasheville:herbbrendan,"Herb, Brendan",UNC Asheville,10,13,931,3,1,26,6,0
louisville:kahoaliitj,"Kahoalii, TJ",Louisville,8,17,930,2,3,13,4,0
washington:dalejoe,"Dale, Joe",Washington,14,21,904,2,3,17,9,0
uab:dohhumphrey,"Doh, Humphrey",UAB,11,15,882,3,1,16,9,0
umass:cencematt,"Cence, Matt",UMass,9,11,869,1,5,25,10,0
olddominion:arnesenwilliam,"Arnesen, William",Old Dominion,7,15,862,3,1,31,13,0
louisville:leemichael,"Lee, Michael",Louisville,13,17,860,2,3,12,4,0
mountstmarys:leejunee,"Lee, Junee",Mount St. Mary's,30,17,853,3,1,29,18,0
manhattan:yeboahtony,"Yeboah, Tony",Manhattan,17,15,850,2,3,21,7,0
lasalle:baernevin,"Baer, Nevin",La Salle,24,17,842,3,1,18,11,0
liu:njikestephane,"Njike, Stephane",LIU,8,10,825,2,3,17,6,0
quinnipiac:ferreirafrancisco,"Ferreira, Francisco",Quinnipiac,19,17,821,2,3,24,8,0
quinnipiac:moenfredrik,"Moen, Fredrik",Quinnipiac,30,17,812,3,1,8,4,0
memphis:galizziluciano,"Galizzi, Luciano",Memphis,9,13,811,3,1,21,12,0
rhodeisland:berminghambrandon,"Bermingham, Brandon",Rhode Island,7,12,811,3,1,33,16,0
easternillinois:lileyjackson,"Liley, Jackson",Eastern Illinois,28,16,810,2,3,23,13,0
lafayette:mcintyreandrey,"McIntyre, Andrey",Lafayette,11,12,789,3,1,16,8,0
lehigh:robertsonthomas,"Robertson, Thomas",Lehigh,11,18,783,3,1,18,6,0
drexel:jallowomar,"Jallow, Omar",Drexel,12,17,782,3,1,14,9,0
umass:ortizandrew,"Ortiz, Andrew",UMass,11,11,776,3,1,13,5,0
kansascity:gallucciogabriele,"Galluccio, Gabriele",Kansas City,26,21,772,2,3,11,5,0
ucla:haukssonsveinn,"Hauksson, Sveinn",UCLA,10,18,761,3,1,21,7,0
westvirginia:ewaldfelix,"Ewald, Felix",West Virginia,10,19,755,2,3,14,6,0
lafayette:aydlettlawrence,"Aydlett, Lawrence",Lafayette,26,11,752,2,3,30,10,0
rhodeisland:etxegaraiigo,"Etxegarai, Íñigo",Rhode Island,23,12,745,3,1,9,5,0
uab:kimtony,"Kim, Tony",UAB,7,15,743,3,1,26,14,0
iona:silvajose,"Silva, Jose",Iona,21,18,734,2,3,7,5,0
ucirvine:montanilefrancesco,"Montanile, Francesco",UC Irvine,11,17,728,1,5,15,8,0
airforce:bisagnonick,"Bisagno, Nick",Air Force,10,17,727,2,3,11,6,0
virginiatech:thiawmalick,"Thiaw, Malick",Virginia Tech,20,15,722,3,1,25,11,0
lasalle:blackwelldrew,"Blackwell , Drew",La Salle,22,18,719,1,5,14,4,0
stonybrook:danquahcaleb,"Danquah, Caleb",Stony Brook,10,16,712,3,1,21,10,0
marshall:sordoaymane,"Sordo, Aymane",Marshall,10,19,707,3,1,18,7,0
kansascity:kohoutekales,"Kohoutek, Ales",Kansas City,12,20,705,1,5,3,1,0
stjohns:gouldjackson,"Gould, Jackson",St. John's,12,20,685,2,3,17,10,0
ucirvine:gonzalezlopezmisael,"Gonzalez Lopez, Misael",UC Irvine,12,14,675,3,1,21,10,0
wrightstate:burkettbrian,"Burkett, Brian",Wright State,19,17,646,2,3,14,7,0
southflorida:kostanjeklovro,"Kostanjšek, Lovro",South Florida,7,10,645,2,3,12,7,0
williammary:barretttre,"Barrett, Tre",William & Mary,12,10,644,2,3,16,10,0
williammary:ruitenberggabe,"Ruitenberg, Gabe",William & Mary,18,11,643,3,1,13,8,0
utrgv:torrepablo,"Torre, Pablo",UTRGV,17,11,637,3,1,19,8,0
davidsoncollege:culleymyles,"Culley, Myles",Davidson College,13,18,612,2,3,23,11,0
westernmichigan:villagomezgabe,"Villagomez, Gabe",Western Michigan,7,21,585,2,3,12,6,0
bellarmine:sjobergcalle,"Sjoberg, Calle",Bellarmine,19,14,577,2,3,8,5,0
davidsoncollege:petersonblake,"Peterson, Blake",Davidson College,5,18,556,3,1,10,5,0
westernmichigan:burkettconnor,"Burkett, Connor",Western Michigan,11,19,529,2,3,14,4,0
princeton:robertsharry,"Roberts, Harry",Princeton,6,19,478,2,3,6,5,0
sacredheart:poorbrady,"Poor, Brady",Sacred Heart,13,16,473,3,1,16,5,0
rutgers:rosamilianico,"Rosamilia, Nico",Rutgers,15,17,433,3,1,10,5,0
ucla:vovkartem,"Vovk, Artem",UCLA,27,12,400,3,1,17,7,0
monmouth:bottinijasen,"Bottini, Jasen",Monmouth,28,16,396,3,1,9,5,0
uvm:wathutasydney,"Wathuta, Sydney",UVM,22,5,382,1,5,12,5,0
fairfield:drillienthomas,"Drillien, Thomas",Fairfield,19,6,370,3,1,10,8,0
quinnipiac:monteserinandrew,"Monteserin, Andrew",Quinnipiac,20,16,349,3,1,8,7,0
kansascity:deanjack,"Dean, Jack",Kansas City,6,20,346,2,3,10,5,0
virginia:millerreese,"Miller, Reese",Virginia,19,10,323,3,1,8,5,0
ucla:rojelnikolai,"Rojel, Nikolai",UCLA,19,17,321,3,1,12,4,0
manhattan:barkharry,"Bark, Harry",Manhattan,7,10,306,3,1,7,6,0
saintlouis:delkusjackson,"Delkus, Jackson",Saint Louis,13,17,303,3,1,9,7,0
seattle:stewartriver,"Stewart, River",Seattle,11,17,298,3,1,14,5,0
unf:perezdavid,"Perez, David",UNF,99,3,285,3,1,14,7,0
saintfrancisuniversity:schelbjoschi,"Schelb, Joschi",Saint Francis University,10,3,256,3,1,9,5,0
centralconnecticutstateuniversity:agyaredansoethan,"Agyare-Danso, Ethan",Central Connecticut State University,16,3,251,3,1,8,6,0
uca:fontanapietro,"Fontana, Pietro",UCA,99,3,229,3,1,8,5,0
universityatalbany:castilloander,"Castillo, Ander",University at Albany,9,3,196,3,1,6,3,0
saintfrancispa:schelbjoschi,"Schelb, Joschi",Saint Francis (PA),10,2,167,3,1,9,5,0
avl:herbbrendan,"Herb, Brendan",AVL,10,2,156,3,1,5,4,0
denver:wrighttrevor,"Wright, Trevor",Denver,3,23,2090,2,2,14,5,0
bryant:sukiakerman,"Sukia, Kerman",Bryant,5,20,1820,2,2,10,4,0
indiana:millerjansen,"Miller, Jansen",Indiana,5,21,1800,1,4,14,3,0
kansascity:somolinosbravofernando,"Somolinos Bravo, Fernando",Kansas City,34,22,1728,1,4,16,5,0
maryland:kulvikwilliam,"Kulvik, William",Maryland,97,20,1691,2,2,10,7,0
denver:akaudylan,"Akau, Dylan",Denver,2,23,1686,1,4,12,5,0
virginia:gashialbin,"Gashi, Albin",Virginia,12,20,1677,2,2,22,5,0
northcarolina:czechandrew,"Czech, Andrew",North Carolina,27,18,1603,0,6,17,4,0
calstatefullerton:gradojonathan,"Grado, Jonathan",Cal State Fullerton,23,20,1574,1,4,8,3,0
gonzaga:silvaian,"Silva, Ian",Gonzaga,8,18,1573,2,2,18,4,0
furman:hutzellluke,"Hutzell, Luke",Furman,24,18,1557,1,4,14,2,0
sandiego:sandmeyerjack,"Sandmeyer, Jack",San Diego,26,18,1518,2,2,15,6,0
uic:devicentejesus,"De Vicente, Jesus",UIC,3,17,1517,1,4,25,7,0
ucdavis:lillingtonzack,"Lillington, Zack",UC Davis,23,19,1489,1,4,25,5,0
sandiegostate:jaridlyrommee,"Jaridly, Rommee",San Diego State,22,19,1488,1,4,24,6,0
uncgreensboro:birchjack,"Birch, Jack",UNC Greensboro,6,17,1484,2,2,12,5,0
marist:sancheznicholas,"Sanchez, Nicholas",Marist,2,17,1463,2,2,15,4,0
hofstra:farrelleoin,"Farrell, Eoin",Hofstra,16,18,1461,3,0,8,5,0
notredame:genenbacherkyle,"Genenbacher, Kyle",Notre Dame,5,17,1460,2,2,7,3,0
charlotte:dunnryan,"Dunn, Ryan",Charlotte,13,19,1457,2,2,10,5,0
furman:starnesslade,"Starnes, Slade",Furman,5,16,1449,1,4,12,4,0
bowlinggreen:cusimanokyle,"Cusimano, Kyle",Bowling Green,2,16,1399,2,2,7,3,0
uic:turciosdarrell,"Turcios, Darrell",UIC,8,17,1358,3,0,15,7,0
merrimackcollege:zieglerliam,"Ziegler, Liam",Merrimack College,8,16,1355,3,0,19,8,0
georgemason:sanchezjordi,"Sanchez, Jordi",George Mason,3,16,1355,1,4,7,2,0
northflorida:khelilanton,"Khelil, Anton",North Florida,22,16,1352,2,2,18,7,0
navy:grantjalen,"Grant, Jalen",Navy,6,16,1339,2,2,10,3,0
setonhall:vignirpturssonjon,"Vignir Pétursson, Jon",Seton Hall,25,18,1317,3,0,10,5,0
ucsandiego:sellersquinn,"Sellers, Quinn",UC San Diego,8,18,1310,2,2,13,4,0
grandcanyon:lopezjorge,"Lopez, Jorge",Grand Canyon,8,15,1305,1,4,25,4,0
uncwilmington:miralriobryan,"Miralrio, Bryan",UNC Wilmington,14,20,1293,2,2,26,10,0
csun:revelesarturo,"Reveles, Arturo",CSUN,10,16,1291,2,2,20,6,0
wisconsin:quintosryan,"Quintos, Ryan",Wisconsin,5,15,1280,3,0,7,6,0
olddominion:bennettandrew,"Bennett, Andrew",Old Dominion,6,15,1279,2,2,19,9,0
michiganstate:ludwigrichie,"Ludwig, Richie",Michigan State,10,17,1279,2,2,22,6,0
kentucky:gordonjosh,"Gordon, Josh",Kentucky,2,15,1267,0,6,13,3,0
njit:ymerajsokol,"Ymeraj, Sokol",NJIT,6,15,1264,3,0,26,9,0
fdu:timank,"Tima, Nk",FDU,6,14,1260,3,0,6,3,0
stbonaventure:ferrettimattia,"Ferretti, Mattia",St. Bonaventure,6,16,1252,2,2,9,5,0
clemson:duquennearthur,"Duquenne, Arthur",Clemson,33,19,1249,1,4,8,3,0
xavier:senanoumatthew,"Senanou, Matthew",Xavier,18,17,1231,3,0,17,8,0
sacredheart:dickmatthias,"Dick, Matthias",Sacred Heart,3,16,1207,3,0,9,6,0
monmouth:friedmanjakob,"Friedman, Jakob",Monmouth,22,16,1205,0,6,20,7,0
belmontuniversity:claytonalex,"Clayton, Alex",Belmont University,15,17,1195,1,4,6,2,0
clevelandstate:trowbridgecaleb,"Trowbridge, Caleb",Cleveland State,4,17,1168,3,0,21,8,0
kentucky:lopezagustin,"Lopez, Agustin",Kentucky,10,15,1167,2,2,24,8,0
robertmorris:barsoeelucas,"Barsoee, Lucas",Robert Morris,23,17,1166,2,2,14,8,0
brown:sproferaharri,"Sprofera, Harri",Brown,4,17,1159,3,0,6,6,0
saintlouis:fournierdrake,"Fournier, Drake",Saint Louis,19,19,1151,1,4,19,2,0
memphis:christensengabriel,"Christensen, Gabriel",Memphis,7,17,1150,2,2,25,10,0
ucriverside:castroedward,"Castro, Edward",UC Riverside,7,16,1143,2,2,20,8,0
santaclara:deletiogluflorian,"Deletioglu, Florian",Santa Clara,7,15,1122,3,0,30,10,0
unlv:merrillkai,"Merrill, Kai",UNLV,11,18,1106,2,2,11,4,0
kentucky:stavdaloliver,"Stavdal, Oliver",Kentucky,8,15,1105,3,0,14,5,0
fau:widiezarthur,"Widiez, Arthur",FAU,14,14,1098,1,4,18,5,0
uscupstate:dugganliam,"Duggan, Liam",USC Upstate,29,16,1087,1,4,8,3,0
california:nishimuragaku,"Nishimura, Gaku",California,5,18,1072,2,2,11,4,0
loyolamarymount:idiakhoadaniel,"Idiakhoa, Daniel",Loyola Marymount,14,17,1067,2,2,20,6,0
presbyterian:cordovasteven,"Cordova, Steven",Presbyterian,6,12,1064,1,4,15,3,0
marquette:milovanovjustin,"Milovanov, Justin",Marquette,28,17,1056,3,0,25,15,0
liberty:morrisonaidan,"Morrison, Aidan",Liberty,8,17,1046,2,2,15,6,0
marist:cavaletticaio,"Cavaletti, Caio",Marist,7,17,1036,2,2,27,8,0
stonehillcollege:monteironate,"Monteiro, Nate",Stonehill College,28,17,1035,3,0,21,10,0
newhampshire:makedikaterry,"Makedika , Terry",New Hampshire,11,17,1013,2,2,16,5,0
bucknell:whitmirecade,"Whitmire, Cade",Bucknell,21,19,994,1,4,14,4,0
umass:kellyaidan,"Kelly, Aidan",UMass,4,11,976,2,2,12,7,0
quinnipiac:milleralex,"Miller, Alex",Quinnipiac,11,17,975,0,6,17,5,0
kentucky:soereidemartin,"Soereide, Martin",Kentucky,6,14,966,2,2,11,5,0
rhodeisland:sanchisjoan,"Sanchis, Joan",Rhode Island,6,11,965,3,0,12,5,0
davidsoncollege:louzannoah,"Louzan, Noah",Davidson College,18,18,964,2,2,14,5,0
ucsantabarbara:utsumiharuki,"Utsumi, Haruki",UC Santa Barbara,2,19,961,2,2,8,3,0
ncstate:lovelacedrew,"Lovelace, Drew",NC State,22,20,955,2,2,21,5,0
westernillinois:philpotttyler,"Philpott, Tyler",Western Illinois,24,20,951,2,2,36,16,0
marquette:anguilgabe,"Anguil, Gabe",Marquette,33,17,932,2,2,11,5,0
uconn:holmescharlie,"Holmes, Charlie",UConn,18,17,918,2,2,9,4,0
stthomas:gineralejandro,"Giner, Alejandro",St. Thomas,10,14,918,2,2,14,5,0
maryland:ndrenikaalbi,"Ndrenika, Albi",Maryland,8,19,912,1,4,21,9,0
setonhall:bjorksam,"Bjork, Sam",Seton Hall,19,17,884,2,2,11,3,0
campbell:lossectva,"Lossec, Téva",Campbell,3,10,869,2,2,14,6,0
northwestern:glassbergtyler,"Glassberg, Tyler",Northwestern,28,17,868,2,2,12,8,0
vcu:salmeronandrey,"Salmeron, Andrey",VCU,8,15,867,3,0,36,13,0
virginia:beauvoistriton,"Beauvois, Triton",Virginia,15,19,865,2,2,13,3,0
iona:borlafrancesco,"Borla, Francesco",Iona,9,17,864,3,0,27,15,0
fgcu:yoshidashoki,"Yoshida, Shoki",FGCU,7,12,863,3,0,22,14,0
providence:obrienpearse,"O'Brien, Pearse",Providence,19,20,858,1,4,15,5,0
charlotte:ogatanatsuki,"Ogata, Natsuki",Charlotte,7,19,854,3,0,24,11,0
siena:maralee,"Mara, Lee",Siena,36,13,844,3,0,16,9,0
saintjosephs:mazzottamatteo,"Mazzotta, Matteo",Saint Joseph's,16,11,841,2,2,12,6,0
setonhall:kossoudjijack,"Kossoudji, Jack",Seton Hall,22,18,837,1,4,11,7,0
newhampshire:bushaustin,"Bush, Austin",New Hampshire,17,17,833,1,4,15,6,0
lipscomb:stinnetttyler,"Stinnett, Tyler",Lipscomb,21,16,832,2,2,15,9,0
duquesne:jonkedakota,"Jonke, Dakota",Duquesne,7,15,830,2,2,21,7,0
lemoynecollege:mcnultybrady,"McNulty, Brady",Le Moyne College,4,10,826,3,0,9,5,0
highpoint:blondelcelestin,"Blondel, Celestin",High Point,19,15,822,2,2,13,9,0
saintpeters:paventiconlan,"Paventi, Conlan",Saint Peter's,11,13,817,2,2,18,7,0
cornell:samwaysdaniel,"Samways, Daniel",Cornell,10,14,808,1,4,16,10,0
bostoncollege:asaremichael,"Asare, Michael",Boston College,14,17,806,2,2,18,11,0
southcarolina:kowalskicamden,"Kowalski, Camden",South Carolina,14,11,803,2,2,4,2,0
georgiasouthern:oconnorjoe,"O'Connor, Joe",Georgia Southern,31,15,791,2,2,4,2,0
michigan:martinoliver,"Martin, Oliver",Michigan,15,20,790,3,0,11,5,0
presbyterian:sundlihardigjonas,"Sundli-Hardig, Jonas",Presbyterian,16,12,789,0,6,6,1,0
saintmarys:sosajustin,"Sosa, Justin",Saint Mary's,14,16,783,2,2,27,13,0
princeton:franciswill,"Francis, Will",Princeton,13,19,778,3,0,23,12,0
penn:curranbrandon,"Curran, Brandon",Penn,26,17,767,2,2,12,4,0
harvard:isakovicmarko,"Isakovic, Marko",Harvard,10,14,765,2,2,17,6,0
newhaven:portasalbert,"Portas, Albert",New Haven,11,11,758,1,4,23,9,0
njit:herediaalvaro,"Heredia, Alvaro",NJIT,10,14,753,2,2,21,9,0
ucsantabarbara:barberisaiah,"Barber, Isaiah",UC Santa Barbara,25,21,746,2,2,10,4,0
newhaven:branquinhosandro,"Branquinho, Sandro",New Haven,8,13,733,2,2,6,2,0
utahtech:backlundbryce,"Backlund, Bryce",Utah Tech,9,18,729,1,4,13,6,0
westernillinois:porrasdiego,"Porras, Diego",Western Illinois,10,12,718,3,0,25,14,0
furman:johnsoncaleb,"Johnson, Caleb",Furman,11,15,717,2,2,22,10,0
syracuse:burkodaniel,"Burko, Daniel",Syracuse,19,17,709,3,0,13,6,0
washington:ramseyzach,"Ramsey, Zach",Washington,21,21,695,2,2,13,6,0
loyolachicago:bischofben,"Bischof, Ben",Loyola Chicago,8,12,656,2,2,9,3,0
drake:pascarellajp,"Pascarella, J.P.",Drake,3,14,649,2,2,8,3,0
californiabaptist:uchidajiro,"Uchida, Jiro",California Baptist,26,18,645,2,2,9,3,0
northcarolina:alqaqahmad,"Al-Qaq, Ahmad",North Carolina,34,16,643,2,2,24,10,0
harvard:kellyben,"Kelly, Ben",Harvard,8,14,641,2,2,5,2,0
omaha:jenkinsitalo,"Jenkins, Italo",Omaha,9,15,629,3,0,12,8,0
lindenwood:matthewsjordan,"Matthews, Jordan",Lindenwood,28,17,624,2,2,12,5,0
georgetown:taboramarlon,"Tabora, Marlon",Georgetown,9,15,615,3,0,20,8,0
omaha:pilonstlouismathis,"Pilon St-Louis, Mathis",Omaha,7,14,614,3,0,22,13,0
ucf:hansendrew,"Hansen, Drew",UCF,22,15,611,3,0,17,6,0
memphis:yousfiadam,"Yousfi, Adam",Memphis,8,17,605,3,0,22,9,0
pacific:barrerajosemaria,"Barrera, Jose Maria",Pacific,11,8,600,2,2,12,9,0
liu:mikkelsenjesper,"Mikkelsen, Jesper",LIU,20,10,586,3,0,14,6,0
gardnerwebb:moorejalen,"Moore, Jalen",Gardner-Webb,12,20,585,2,2,9,3,0
oakland:plicaniclejs,"Plicanic, Lejs",Oakland,11,16,582,3,0,16,8,0
villanova:raymondcolby,"Raymond, Colby",Villanova,26,15,581,3,0,10,6,0
bowlinggreen:lanejake,"Lane, Jake",Bowling Green,16,17,578,1,4,9,3,0
army:krygerjack,"Kryger, Jack",Army,23,14,574,3,0,12,8,0
gardnerwebb:gonzalezlucas,"Gonzalez, Lucas",Gardner-Webb,11,20,572,2,2,10,6,0
templeuniversity:rimpelxavier,"Rimpel, Xavier",Temple University,7,17,571,2,2,13,9,0
lindenwood:boassomatteo,"Boasso, Matteo",Lindenwood,7,9,570,3,0,15,7,0
sanfrancisco:parkjunhwan,"Park, Junhwan",San Francisco,22,14,564,2,2,19,9,0
oralroberts:morganbenjamin,"Morgan, Benjamin",Oral Roberts,25,15,537,3,0,12,7,0
incarnateword:roblesdiego,"Robles, Diego",Incarnate Word,28,11,532,2,2,12,7,0
uncasheville:wilkersonmichael,"Wilkerson, Michael",UNC Asheville,7,13,532,2,2,11,7,0
niagara:koglerfelix,"Kogler, Felix",Niagara,33,7,531,2,2,27,12,0
oralroberts:harrisdamani,"Harris, Damani",Oral Roberts,7,16,527,2,2,12,5,0
kentucky:zielonkanick,"Zielonka, Nick",Kentucky,29,15,509,1,4,10,3,0
duke:suberjulius,"Suber, Julius",Duke,18,19,500,1,4,9,3,0
utrgv:carrillojaime,"Carrillo, Jaime",UTRGV,20,11,498,1,4,12,6,0
winthrop:marksethan,"Marks, Ethan",Winthrop,25,15,491,3,0,13,9,0
northwestern:addimandiitalo,"Addimandi, Italo",Northwestern,23,16,488,2,2,10,3,0
sacredheart:lopezcayuelajavier,"Lopez Cayuela, Javier",Sacred Heart,17,12,487,3,0,16,7,0
ucf:douradolucca,"Dourado, Lucca",UCF,9,12,487,3,0,17,8,0
saintfrancis:schelbjoschi,"Schelb, Joschi",Saint Francis,10,6,483,2,2,11,3,0
jacksonville:molinacampocristobal,"Molina-Campo, Cristobal",Jacksonville,2,8,461,3,0,6,4,0
ucdavis:matiellorafael,"Matiello, Rafael",UC Davis,18,16,460,3,0,14,7,0
seattle:focklennard,"Fock, Lennard",Seattle,19,19,450,3,0,25,13,0
missouristate:souzadaniel,"Souza, Daniel",Missouri State,24,18,447,1,4,3,2,0
newhaven:maiellomattia,"Maiello, Mattia",New Haven,20,13,439,2,2,10,6,0
universityofevansville:owususamuel,"Owusu, Samuel",University of Evansville,11,10,429,2,2,7,2,0
providence:lorapepe,"Lora, Pepe",Providence,9,21,429,3,0,16,10,0
loyolamarymount:fuentesalatalayaalejandro,"Fuentesal-Atalaya, Alejandro",Loyola Marymount,19,14,418,3,0,16,10,0
canisius:szablewskiluke,"Szablewski, Luke",Canisius,9,16,402,3,0,12,9,0
northcarolina:rygaardhansenbertil,"Rygaard Hansen, Bertil",North Carolina,13,10,402,2,2,6,3,0
ncstate:payneaidan,"Payne, Aidan",NC State,15,20,394,2,2,14,7,0
duke:kerrcameron,"Kerr, Cameron",Duke,6,19,380,1,4,8,2,0
milwaukee:ozuzuasher,"Ozuzu, Asher",Milwaukee,9,13,372,3,0,14,5,0
jacksonville:resanooscar,"Resano, Oscar",Jacksonville,9,8,369,3,0,10,4,0
ucsantabarbara:haldwillumsennicolas,"Hald Willumsen, Nicolas",UC Santa Barbara,18,8,369,3,0,15,6,0
pacific:sullivankai,"Sullivan, Kai",Pacific,14,9,319,2,2,7,2,0
loyolachicago:mcfeelyjack,"McFeely, Jack",Loyola Chicago,11,12,310,3,0,14,7,0
incarnateword:fagerbergwilliam,"Fagerberg, William",Incarnate Word,30,10,264,3,0,10,7,0
georgemason:janssenkelly,"Janssen, Kelly",George Mason,27,13,262,3,0,12,7,0
quinnipiac:delsouzramesh,"Delsouz, Ramesh",Quinnipiac,29,15,252,2,2,10,5,0
vmi:petrusevskiviktor,"Petrusevski, Viktor",VMI,7,10,249,2,2,6,2,0
stanford:jarvieduncan,"Jarvie, Duncan",Stanford,19,14,215,3,0,7,5,0
uvm:pappmarcell,"Papp, Marcell",UVM,18,5,210,3,0,10,7,0
duke:barajasfelix,"Barajas, Felix",Duke,7,19,206,1,4,6,3,0
marquette:lockergrant,"Locker, Grant",Marquette,16,17,206,3,0,8,6,0
loyolachicago:mendezangel,"Mendez, Angel",Loyola Chicago,17,10,191,3,0,5,5,0
lwu:bedollabrando,"Bedolla, Brando",LWU,15,3,187,2,2,6,2,0
easttennesseestate:einarssonoliver,"Einarsson, Oliver",East Tennessee State,12,4,181,2,2,4,3,0
sandiegostate:mateirobert,"Matei, Robert",San Diego State,7,2,120,3,0,4,3,0
floridaatlantic:kviftenoah,"Kvifte, Noah",Florida Atlantic,11,2,109,3,0,6,3,0
duke:donaldsoncaleb,"Donaldson, Caleb",Duke,22,19,48,3,0,3,3,0
stbonaventure:tmteam,"TM 
                                            TEAM",St. Bonaventure,TM,3,0,3,0,0,0,0
universityofevansville:tmteam,"TM 
                                            TEAM",University of Evansville,TM,3,0,3,0,0,0,0
hofstra:infusopierce,"Infuso, Pierce",Hofstra,20,20,1799,0,5,7,5,0
ncstate:plamanavusumzi,"Plamana, Vusumzi",NC State,5,20,1713,2,1,8,4,0
sandiego:warneethan,"Warne, Ethan",San Diego,6,19,1711,1,3,5,3,0
dayton:bonhammiles,"Bonham, Miles",Dayton,17,19,1673,1,3,20,6,0
smu:escorciadaniel,"Escorcia, Daniel",SMU,21,20,1669,2,1,18,9,0
ucirvine:treinenbrady,"Treinen, Brady",UC Irvine,19,19,1643,0,5,14,6,0
maryland:steinleitnerchris,"Steinleitner, Chris",Maryland,22,19,1591,1,3,4,2,0
kansascity:colebrevyn,"Cole, Brevyn",Kansas City,3,22,1588,1,3,12,5,0
bucknell:sheffieldben,"Sheffield, Ben",Bucknell,16,19,1549,2,1,9,6,0
sandiego:walzowen,"Walz, Owen",San Diego,4,19,1530,0,5,15,4,0
unlv:howardbrophy,"Howard, Brophy",UNLV,4,18,1528,1,3,18,5,0
sanjosestate:fernandezangel,"Fernandez, Angel",San Jose State,13,19,1513,1,3,15,6,0
ncstate:bennettliam,"Bennett, Liam",NC State,3,20,1510,0,5,7,2,0
michigan:fishermatthew,"Fisher, Matthew",Michigan,3,20,1499,1,3,4,4,0
wofford:anderssonjakob,"Andersson, Jakob",Wofford,3,17,1494,0,5,5,3,0
wrightstate:pickettbrock,"Pickett, Brock",Wright State,13,18,1474,1,3,6,4,0
marist:marquesevan,"Marques, Evan",Marist,6,18,1473,1,3,10,2,0
ucla:ochoaandre,"Ochoa, Andre",UCLA,8,19,1461,2,1,28,12,0
virginiatech:stephensenolafurfloki,"Stephensen, Olafur Floki",Virginia Tech,2,17,1428,2,1,16,5,0
stjohns:lamaillethomas,"Lamaille, Thomas",St. John's,3,20,1418,1,3,21,9,0
drake:kirschjackson,"Kirsch, Jackson",Drake,13,16,1399,2,1,22,10,0
duquesne:bennetzenbendix,"Bennetzen, Bendix",Duquesne,8,17,1389,1,3,13,1,0
marist:evanskyle,"Evans, Kyle",Marist,10,16,1384,1,3,33,6,0
louisville:lewisjack,"Lewis, Jack",Louisville,24,17,1363,1,3,11,3,0
jamesmadison:blantonjosiah,"Blanton, Josiah",James Madison,6,18,1350,2,1,10,3,0
universityofevansville:vivasjose,"Vivas, Jose",University of Evansville,10,18,1338,0,5,33,12,0
monmouth:hatcherbastian,"Hatcher, Bastian",Monmouth,11,16,1332,2,1,9,4,0
davidsoncollege:maadirayman,"Maadir, Ayman",Davidson College,3,18,1328,2,1,12,4,0
charleston:cushingchris,"Cushing, Chris",Charleston,26,17,1314,1,3,10,4,0
fordham:grambergede,"Gramberg, Ede",Fordham,8,18,1313,2,1,20,9,0
ucsandiego:hillisadam,"Hillis, Adam",UC San Diego,6,17,1306,1,3,5,1,0
notredame:lewiswyatt,"Lewis, Wyatt",Notre Dame,6,17,1288,2,1,15,6,0
drexel:daviscolin,"Davis, Colin",Drexel,25,15,1283,2,1,10,4,0
bostonuniversity:riveddiego,"Rived, Diego",Boston University,6,18,1270,1,3,25,11,0
westvirginia:jorgensenfrederik,"Jorgensen, Frederik",West Virginia,3,18,1263,0,5,17,5,0
sacramentostate:gileszac,"Giles, Zac",Sacramento State,19,18,1259,0,5,20,8,0
westvirginia:hernandocarlos,"Hernando, Carlos",West Virginia,31,18,1258,2,1,8,3,0
purduefortwayne:medinafelipe,"Medina, Felipe",Purdue Fort Wayne,10,16,1253,1,3,19,11,0
purduefortwayne:antcliffaidan,"Antcliff, Aidan",Purdue Fort Wayne,3,16,1251,2,1,12,5,0
iona:senenpinillosricardo,"Senen Pinillos, Ricardo",Iona,16,15,1234,1,3,18,7,0
depaul:baumgartnerchristian,"Baumgartner, Christian",DePaul,26,16,1231,2,1,5,3,0
duquesne:jellashton,"Jell, Ashton",Duquesne,16,17,1216,2,1,9,4,0
utahvalley:willeykeith,"Willey, Keith",Utah Valley,14,17,1215,2,1,7,4,0
fairfield:pernostephen,"Perno, Stephen",Fairfield,27,15,1204,1,3,7,2,0
stetson:rodriguezandres,"Rodriguez, Andres",Stetson,12,15,1201,1,3,6,2,0
holycross:gillethan,"Gill, Ethan",Holy Cross,22,16,1192,1,3,20,9,0
kansascity:munozguille,"Munoz, Guille",Kansas City,4,22,1184,2,1,8,4,0
robertmorris:mcloughlinkai,"McLoughlin, Kai",Robert Morris,16,16,1165,2,1,32,10,0
brown:clohertyjack,"Cloherty, Jack",Brown,8,16,1163,2,1,7,3,0
westernillinois:baarsjimmy,"Baars, Jimmy",Western Illinois,17,15,1134,2,1,21,12,0
lindenwood:mentoorjermaine,"Mentoor, Jermaine",Lindenwood,6,15,1125,2,1,10,6,0
siue:muenchnic,"Muench, Nic",SIUE,19,14,1105,2,1,23,12,0
butler:deschutterjoost,"de Schutter, Joost",Butler,6,15,1100,0,5,20,6,0
lemoynecollege:phamjustin,"Pham, Justin",Le Moyne College,11,15,1071,1,3,13,8,0
merrimackcollege:ruglandherman,"Rugland, Herman",Merrimack College,21,15,1069,1,3,12,5,0
rutgers:cabreranestor,"Cabrera, Nestor",Rutgers,21,17,1066,2,1,10,2,0
loyolamarymount:nievesismail,"Nieves, Ismail",Loyola Marymount,12,16,1056,2,1,11,7,0
campbell:wrightmarco,"Wright, Marco",Campbell,27,18,1055,1,3,22,6,0
californiabaptist:borreroluis,"Borrero, Luis",California Baptist,11,18,1048,2,1,18,6,0
fdu:giraldomatt,"Giraldo, Matt",FDU,15,14,1043,2,1,23,12,0
westernillinois:duaxty,"Duax, Ty",Western Illinois,25,19,1043,2,1,20,9,0
ucsantabarbara:villedaeddie,"Villeda, Eddie",UC Santa Barbara,24,21,1040,2,1,16,4,0
northwestern:clagettebrandon,"Clagette, Brandon",Northwestern,2,17,1027,2,1,24,8,0
westernillinois:greveliusoskar,"Grevelius, Oskar",Western Illinois,15,19,1011,1,3,2,1,0
navy:schugandrew,"Schug, Andrew",Navy,4,16,1005,2,1,30,10,0
setonhall:cederbergrikard,"Cederberg, Rikard",Seton Hall,2,18,1004,2,1,5,5,0
sacramentostate:alsakatihasan,"Alsakati, Hasan",Sacramento State,10,15,1004,2,1,20,10,0
bostoncollege:guarinoleo,"Guarino, Leo",Boston College,10,17,1002,1,3,27,13,0
calpoly:stuppeloren,"Stuppel, Oren",Cal Poly,11,19,1002,2,1,8,6,0
columbiauniversity:mcdaidjack,"McDaid, Jack",Columbia University,6,14,1002,2,1,17,8,0
loyolachicago:ivancicluka,"Ivancic, Luka",Loyola Chicago,12,13,1000,2,1,22,5,0
williammary:morrisonaidan,"Morrison, Aidan",William & Mary,11,11,990,2,1,24,7,0
xavier:rogalskimichael,"Rogalski, Michael",Xavier,12,17,969,1,3,13,7,0
tulsa:torrijosalvaro,"Torrijos, Alvaro",Tulsa,20,14,967,1,3,12,5,0
stetson:csatoxavi,"Csato, Xavi",Stetson,16,14,963,1,3,27,12,0
southcarolina:biggerjonah,"Bigger, Jonah",South Carolina,13,11,959,1,3,8,4,0
newhaven:fiscellaluke,"Fiscella, Luke",New Haven,3,12,958,1,3,13,6,0
uncasheville:grolimundedvin,"Grolimund, Edvin",UNC Asheville,34,13,946,1,3,22,9,0
detroitmercy:mccarthycasey,"McCarthy, Casey",Detroit Mercy,4,11,940,1,3,6,2,0
utrgv:fritzkimito,"Fritz, Kimito",UTRGV,2,11,922,1,3,7,5,0
universityofsouthernindiana:daviladavid,"Davila, David",University of Southern Indiana,9,13,919,2,1,29,12,0
stjohns:boadiaugustine,"Boadi, Augustine",St. John's,7,20,913,1,3,11,4,0
stjohns:danquaheric,"Danquah, Eric",St. John's,10,20,912,1,3,24,6,0
elon:kitchcharlie,"Kitch, Charlie",Elon,15,12,911,2,1,3,2,0
vmi:ohwoongchan,"Oh, Woongchan",VMI,11,15,902,2,1,24,10,0
iona:feratovicdino,"Feratovic, Dino",Iona,4,14,900,2,1,6,4,0
houstonchristian:garciaricardo,"Garcia, Ricardo",Houston Christian,14,19,895,2,1,14,4,0
sanfrancisco:maldonadochris,"Maldonado, Chris",San Francisco,21,16,895,2,1,9,4,0
cornell:mayliam,"May, Liam",Cornell,21,14,889,0,5,11,3,0
grandcanyon:muozjony,"Muñoz, Jony",Grand Canyon,10,15,884,1,3,9,4,0
villanova:teduitsmichael,"teDuits, Michael",Villanova,17,16,876,1,3,15,5,0
ucdavis:tanonchase,"Tanon, Chase",UC Davis,17,19,869,0,5,14,7,0
mercyhurst:talladatorresjorge,"Tallada Torres, Jorge",Mercyhurst,16,14,862,2,1,10,3,0
winthrop:armijoryan,"Armijo, Ryan",Winthrop,23,15,859,2,1,16,6,0
lindenwood:bijounoe,"Bijou, Noe",Lindenwood,15,14,857,2,1,7,5,0
vermont:millarandrew,"Millar, Andrew",Vermont,7,18,843,2,1,12,5,0
newhampshire:tsicouliasmichael,"Tsicoulias, Michael",New Hampshire,7,17,837,2,1,21,8,0
siue:bilyeujacob,"Bilyeu, Jacob",SIUE,17,15,823,2,1,8,5,0
uic:finneganjack,"Finnegan, Jack",UIC,9,16,816,2,1,15,8,0
georgewashington:dubonjaden,"Dubon, Jaden",George Washington,8,17,804,2,1,17,7,0
bostonuniversity:salamidamola,"Salami, Damola",Boston University,25,18,801,2,1,20,9,0
milwaukee:djungabienvenu,"Djunga, Bienvenu",Milwaukee,10,16,795,1,3,22,12,0
northernkentucky:talebali,"Taleb, Ali",Northern Kentucky,7,13,789,2,1,17,9,0
uscupstate:abramsshayne,"Abrams, Shayne",USC Upstate,24,16,783,2,1,5,3,0
bellarmine:eldercolin,"Elder, Colin",Bellarmine,23,16,779,2,1,20,7,0
howard:gansallopeter,"Gansallo, Peter",Howard,30,10,774,2,1,15,8,0
bellarmine:coxjeffrey,"Cox, Jeffrey",Bellarmine,20,9,770,2,1,8,4,0
providence:scarboroughharry,"Scarborough, Harry",Providence,34,22,769,2,1,18,6,0
pennstate:hewesmichael,"Hewes, Michael",Penn State,8,14,768,2,1,17,9,0
dartmouthcollege:baldvinssoneidur,"Baldvinsson, Eidur",Dartmouth College,19,16,762,2,1,20,8,0
charlotte:fisherben,"Fisher, Ben",Charlotte,23,19,759,0,5,10,3,0
charleston:saundersmikey,"Saunders, Mikey",Charleston,21,17,757,0,5,13,3,0
northeastern:lawlorconnor,"Lawlor, Connor",Northeastern,26,11,755,2,1,4,3,0
missouristate:harlockjared,"Harlock, Jared",Missouri State,13,18,753,1,3,8,3,0
bryant:sentieirotomas,"Sentieiro, Tomas",Bryant,20,18,751,1,3,21,11,0
clevelandstate:rimacjosip,"Rimac, Josip",Cleveland State,11,16,747,1,3,14,5,0
sacramentostate:venegasfernando,"Venegas, Fernando",Sacramento State,14,14,746,2,1,8,2,0
vermont:pappmarcell,"Papp, Marcell",Vermont,18,19,733,2,1,19,10,0
brown:gogopetersjamin,"Gogo Peters, Jamin",Brown,11,17,731,2,1,19,10,0
bryant:searsoscar,"Sears, Oscar",Bryant,10,18,714,1,3,11,3,0
northwestern:sonpaul,"Son, Paul",Northwestern,7,17,703,2,1,15,4,0
notredame:shaulian,"Shaul, Ian",Notre Dame,15,16,700,1,3,9,3,0
villanova:petreravincent,"Petrera, Vincent",Villanova,19,15,699,2,1,19,6,0
williammary:brancodiogo,"Branco, Diogo",William & Mary,8,8,699,2,1,12,5,0
southflorida:adekunlejohn,"Adekunle, John",South Florida,12,14,696,2,1,15,11,0
utahtech:wallaceaustin,"Wallace, Austin",Utah Tech,11,13,693,2,1,19,7,0
penn:gaffneycharlie,"Gaffney, Charlie",Penn,17,15,691,1,3,21,10,0
oakland:mazzeifrancesco,"Mazzei, Francesco",Oakland,23,18,687,2,1,5,3,0
incarnateword:ospinatimothy,"Ospina, Timothy",Incarnate Word,21,11,684,2,1,9,4,0
maryland:dejesusmatias,"De Jesus, Matias",Maryland,30,18,681,2,1,19,7,0
georgiastate:silvabryan,"Silva, Bryan",Georgia State,14,14,674,2,1,9,5,0
louisville:camarabilal,"Camara, Bilal",Louisville,23,17,670,1,3,6,2,0
utrgv:franciskeaviano,"Francis, Keaviano",UTRGV,10,11,670,2,1,20,10,0
westernmichigan:nieuwhofemiel,"Nieuwhof, Emiel",Western Michigan,31,21,659,1,3,2,2,0
incarnateword:armendarizpeleg,"Armendariz, Peleg",Incarnate Word,10,11,641,2,1,14,10,0
stbonaventure:arozarashid,"Aroza, Rashid",St. Bonaventure,29,17,634,2,1,23,9,0
drexel:schaeferethan,"Schaefer, Ethan",Drexel,28,14,621,2,1,20,8,0
omaha:palgawawa,"Palga, Wawa",Omaha,19,15,600,2,1,14,10,0
houstonchristian:fergusonfreddy,"Ferguson, Freddy",Houston Christian,13,17,592,1,3,9,4,0
coastalcarolina:armstrongderyn,"Armstrong, Deryn",Coastal Carolina,9,16,561,2,1,23,11,0
virginiatech:coppolacj,"Coppola, CJ",Virginia Tech,12,16,554,1,3,10,5,0
wakeforest:rabiunico,"Rabiu, Nico",Wake Forest,7,23,554,1,3,17,8,0
northernkentucky:cohenyonatan,"Cohen, Yonatan",Northern Kentucky,10,15,551,1,3,7,4,0
northeastern:francoethan,"Franco, Ethan",Northeastern,15,12,532,2,1,13,5,0
njit:amirraz,"Amir, Raz",NJIT,20,12,506,2,1,12,2,0
ualbany:jansentimo,"Jansen, Timo",UAlbany,19,6,501,2,1,9,7,0
davidsoncollege:minikellacocqueben,"Minikel-Lacocque, Ben",Davidson College,20,18,489,1,3,5,2,0
uconn:suskimichael,"Suski, Michael",UConn,11,16,482,2,1,10,4,0
canisius:millerjosh,"Miller, Josh",Canisius,3,16,481,2,1,7,5,0
harvard:nyquistnicholas,"Nyquist, Nicholas",Harvard,9,13,479,2,1,14,9,0
massachusetts:ortizandrew,"Ortiz, Andrew",Massachusetts,11,7,479,2,1,5,3,0
uncgreensboro:kettemanmikey,"Ketteman, Mikey",UNC Greensboro,21,16,470,2,1,8,5,0
njit:arayaandrew,"Araya, Andrew",NJIT,18,12,466,2,1,5,4,0
southflorida:barclayjemone,"Barclay, Jemone",South Florida,26,14,465,1,3,11,4,0
milwaukee:lopezalan,"Lopez, Alan",Milwaukee,17,13,465,2,1,8,4,0
vcu:tourepapa,"Toure, Papa",VCU,10,13,460,2,1,14,5,0
ncstate:buetewill,"Buete, Will",NC State,8,20,443,2,1,3,3,0
northeastern:sankeyharry,"Sankey, Harry",Northeastern,28,12,440,2,1,23,11,0
umbc:samorimatteo,"Samori, Matteo",UMBC,12,14,433,2,1,12,3,0
wofford:metteedeclan,"Mettee, Declan",Wofford,16,16,431,2,1,13,8,0
marshall:sanykongloic,"Sany Kong, Loic",Marshall,17,10,431,2,1,13,6,0
lindenwood:kafedzicanel,"Kafedzic, Anel",Lindenwood,5,14,430,1,3,11,5,0
howard:simmonszach,"Simmons, Zach",Howard,16,11,430,2,1,8,4,0
utrgv:roblesjason,"Robles, Jason",UTRGV,14,11,429,2,1,11,6,0
rutgers:diponziofrancesco,"Di Ponzio, Francesco",Rutgers,22,17,424,2,1,10,5,0
harvard:tanyixavier,"Tanyi, Xavier",Harvard,21,13,423,2,1,8,5,0
ohiostate:skubisnick,"Skubis, Nick",Ohio State,14,22,417,2,1,12,6,0
denver:mcgowankyle,"McGowan, Kyle",Denver,17,21,384,2,1,8,5,0
siena:freyssonolafur,"Freysson, Olafur",Siena,14,12,380,2,1,8,4,0
rhodeisland:gryczewskipatrick,"Gryczewski, Patrick",Rhode Island,11,7,366,2,1,9,4,0
uconn:valenticmarco,"Valentic, Marco",UConn,15,18,355,2,1,10,5,0
virginia:smithaj,"Smith, AJ",Virginia,9,11,350,2,1,2,2,0
kansascity:fernandesgabriel,"Fernandes, Gabriel",Kansas City,23,21,348,2,1,10,4,0
universityofmassachusettslowell:francespoquetguillermo,"Frances Poquet, Guillermo",University of Massachusetts Lowell,8,5,328,2,1,11,6,0
universityofevansville:owususami,"Owusu, Sami",University of Evansville,11,9,328,2,1,12,6,0
lindenwood:palushajjozef,"Palushaj, Jozef",Lindenwood,26,13,319,1,3,7,2,0
universityatalbany:jansentimo,"Jansen, Timo",University at Albany,19,4,319,2,1,5,4,0
georgetown:heapsjack,"Heaps, Jack",Georgetown,22,16,317,2,1,12,6,0
oakland:bilousandriy,"Bilous, Andriy",Oakland,27,14,306,2,1,7,4,0
seattle:notzkaalex,"Notzka, Alex",Seattle,27,18,305,1,3,9,4,0
portland:evansconnor,"Evans, Connor",Portland,5,11,296,2,1,8,2,0
belmontuniversity:meffordnate,"Mefford, Nate",Belmont University,5,12,286,2,1,4,3,0
bradley:fergusonian,"Ferguson, Ian",Bradley,37,7,279,2,1,6,2,0
stonehillcollege:forresthayjames,"Forrest-Hay, James",Stonehill College,20,12,276,2,1,8,3,0
universityofmassachusetts:hughesalec,"Hughes, Alec",University of Massachusetts,12,3,262,2,1,10,5,0
massachusetts:vrhivan,"Vrh, Ivan",Massachusetts,20,6,247,2,1,10,6,0
northeastern:sciarratomas,"Sciarra, Tomas",Northeastern,4,5,227,2,1,6,5,0
easttennesseestate:cruzhenrique,"Cruz, Henrique",East Tennessee State,15,5,225,2,1,4,3,0
stjohns:marciniakmateusz,"Marciniak, Mateusz",St. John's,17,18,225,2,1,9,4,0
clevelandstate:vonesebekoskar,"von Esebek, Oskar",Cleveland State,14,8,224,2,1,4,3,0
denver:welchian,"Welch, Ian",Denver,12,18,222,2,1,13,5,0
gardnerwebb:nicolettiphilip,"Nicoletti, Philip",Gardner-Webb,9,20,219,2,1,8,5,0
drake:viscontidalton,"Visconti, Dalton",Drake,20,12,206,2,1,5,4,0
clemson:wrobeljackson,"Wrobel, Jackson",Clemson,10,9,205,2,1,6,3,0
loyolachicago:vegesackarvedvon,"Vegesack, Arved von",Loyola Chicago,16,8,185,1,3,4,2,0
virginiatech:kolbysamy,"Kolby, Samy",Virginia Tech,8,7,178,2,1,7,3,0
sandiego:findlayjaxson,"Findlay, Jaxson",San Diego,16,12,153,2,1,5,2,0
purduefortwayne:hartdakota,"Hart, Dakota",Purdue Fort Wayne,20,11,136,2,1,8,5,0
universityofmassachusettslowell:scholtencalvin,"Scholten, Calvin",University of Massachusetts Lowell,28,5,128,2,1,5,3,0
lwu:smajlovicanis,"Smajlovic, Anis",LWU,12,2,95,2,1,4,4,0
prsby:hutchinsondamorney,"Hutchinson, Damorney",PRSBY,9,1,62,2,1,3,2,0
ohiostate:samwaysanthony,"Samways, Anthony",Ohio State,16,22,1967,0,4,12,1,0
ucdavis:pondcole,"Pond, Cole",UC Davis,27,22,1944,0,4,8,4,0
washington:akulovegor,"Akulov, Egor",Washington,4,21,1921,2,0,6,3,0
marshall:okiyoshitaimu,"Okiyoshi, Taimu",Marshall,8,21,1842,0,4,10,1,0
uncwilmington:shannonjake,"Shannon, Jake",UNC Wilmington,15,20,1810,1,2,12,7,0
ncstate:heffessisaac,"Heffess, Isaac",NC State,18,20,1754,1,2,5,2,0
ucdavis:hammondcarson,"Hammond, Carson",UC Davis,12,21,1745,1,2,3,1,0
calpoly:baltazarnico,"Baltazar, Nico",Cal Poly,5,19,1730,2,0,8,7,0
ncstate:tcheuyapyves,"Tcheuyap, Yves",NC State,19,20,1718,0,4,0,0,0
westernmichigan:fisherlandon,"Fisher, Landon",Western Michigan,26,21,1714,0,4,2,0,0
dayton:seelbraden,"Seel, Braden",Dayton,10,19,1703,1,2,17,5,0
clemson:magnasonlukas,"Magnason, Lukas",Clemson,2,21,1689,2,0,10,5,0
maryland:nitzlalex,"Nitzl, Alex",Maryland,5,20,1662,1,2,4,1,0
sandiegostate:apolinarbeto,"Apolinar, Beto",San Diego State,8,19,1639,0,4,10,3,0
ucla:cavallonicholas,"Cavallo, Nicholas",UCLA,24,19,1638,1,2,9,4,0
sanjosestate:riveragilberto,"Rivera, Gilberto",San Jose State,6,20,1631,1,2,33,8,0
iona:timchenkotim,"Timchenko, Tim",Iona,5,18,1610,1,2,15,7,0
seattle:mohamedmo,"Mohamed, Mo",Seattle,6,19,1608,1,2,9,4,0
houstonchristian:butterworththeo,"Butterworth, Theo",Houston Christian,22,19,1605,1,2,11,4,0
duke:mesallesruben,"Mesalles, Ruben",Duke,12,19,1603,1,2,16,4,0
unlv:hiepenlouis,"Hiepen, Louis",UNLV,8,18,1602,2,0,7,3,0
sandiegostate:fisherreid,"Fisher, Reid",San Diego State,27,18,1599,1,2,10,3,0
stanford:clearywill,"Cleary, Will",Stanford,15,20,1598,0,4,15,3,0
clemson:sandyjrtitus,"Sandy Jr., Titus",Clemson,14,21,1575,0,4,2,1,0
michigan:millernolan,"Miller, Nolan",Michigan,4,20,1568,2,0,4,4,0
wakeforest:perezjose,"Perez, Jose",Wake Forest,12,24,1560,2,0,20,7,0
missouristate:catontyler,"Caton, Tyler",Missouri State,12,18,1550,0,4,6,5,0
ncstate:markovicnikola,"Markovic, Nikola",NC State,6,20,1530,1,2,12,5,0
penn:dawsonconnor,"Dawson, Connor",Penn,20,17,1527,2,0,7,5,0
northcarolina:johnsontate,"Johnson, Tate",North Carolina,2,18,1518,1,2,10,3,0
northwestern:princenigel,"Prince, Nigel",Northwestern,12,17,1509,2,0,9,4,0
mercer:wanzernick,"Wanzer, Nick",Mercer,16,18,1507,0,4,15,4,0
wofford:landspergvillads,"Landsperg, Villads",Wofford,29,17,1506,1,2,10,3,0
ucsantabarbara:brownpeleg,"Brown, Peleg",UC Santa Barbara,37,20,1501,0,4,20,6,0
providence:pregobernardo,"Prego, Bernardo",Providence,24,22,1455,0,4,6,1,0
navy:krielcharlie,"Kriel, Charlie",Navy,12,16,1440,1,2,21,5,0
monmouth:dahlingabe,"Dahlin, Gabe",Monmouth,5,16,1426,1,2,14,2,0
marquette:amondryan,"Amond, Ryan",Marquette,27,17,1425,1,2,15,3,0
fordham:graythomas,"Gray, Thomas",Fordham,4,16,1418,1,2,9,2,0
uic:brauckmannpaul,"Brauckmann, Paul",UIC,4,16,1414,1,2,13,8,0
virginiatech:hensleycarter,"Hensley, Carter",Virginia Tech,29,17,1388,1,2,18,3,0
uconn:chandlerkieran,"Chandler, Kieran",UConn,17,18,1378,0,4,10,5,0
ucriverside:dalessandrojackson,"D'Alessandro, Jackson",UC Riverside,2,16,1370,1,2,5,3,0
sacramentostate:ramirezaxel,"Ramirez, Axel",Sacramento State,8,18,1355,0,4,16,4,0
pacific:baltzerluca,"Baltzer, Luca",Pacific,10,15,1350,1,2,4,2,0
bostoncollege:andrewsmax,"Andrews, Max",Boston College,18,17,1346,1,2,5,3,0
dartmouthcollege:feedkristian,"Feed, Kristian",Dartmouth College,10,16,1339,1,2,13,5,0
stonybrook:selinilorenzo,"Selini, Lorenzo",Stony Brook,7,16,1337,0,4,6,5,0
georgemason:lemoineleo,"Lemoine, Leo",George Mason,34,16,1326,2,0,5,3,0
lipscomb:medinabubu,"Medina, Bubu",Lipscomb,6,15,1325,2,0,19,7,0
universityofevansville:tarletonbaraka,"Tarleton, Baraka",University of Evansville,13,19,1322,2,0,10,3,0
pacific:carbonematteo,"Carbone, Matteo",Pacific,16,16,1317,1,2,7,4,0
lipscomb:colombomatteo,"Colombo, Matteo",Lipscomb,18,16,1311,1,2,31,8,0
siue:gibsonwes,"Gibson, Wes",SIUE,4,15,1310,2,0,5,2,0
bostonuniversity:lauryan,"Lau, Ryan",Boston University,2,18,1309,1,2,9,3,0
northwestern:mccamycollin,"McCamy, Collin",Northwestern,4,17,1307,1,2,27,7,0
uncwilmington:hornadaalex,"Hornada, Alex",UNC Wilmington,8,20,1293,2,0,9,3,0
wisconsin:burlewroberto,"Burlew, Roberto",Wisconsin,6,15,1283,0,4,16,7,0
indiana:bargeralex,"Barger, Alex",Indiana,13,21,1271,1,2,6,1,0
stanford:groenevelddylan,"Groeneveld, Dylan",Stanford,6,16,1270,1,2,11,4,0
drexel:carmichaelgavin,"Carmichael, Gavin",Drexel,3,17,1264,2,0,5,4,0
fairfield:blunschijordan,"Blunschi, Jordan",Fairfield,5,15,1262,2,0,3,2,0
stonybrook:toweysean,"Towey, Sean",Stony Brook,3,16,1260,2,0,6,3,0
liberty:swinehartbryce,"Swinehart, Bryce",Liberty,18,17,1256,1,2,6,4,0
njit:moranmatt,"Moran, Matt",NJIT,3,15,1255,2,0,5,3,0
saintmarys:lawrenceluke,"Lawrence, Luke",Saint Mary's,5,16,1254,1,2,10,2,0
providence:vazarodrigo,"Vaza, Rodrigo",Providence,22,21,1249,1,2,11,5,0
purduefortwayne:romerojuan,"Romero, Juan",Purdue Fort Wayne,18,15,1242,1,2,13,5,0
fiu:lefebvremathys,"Lefebvre, Mathys",FIU,6,16,1234,2,0,9,5,0
kansascity:fernandezmiguel,"Fernandez, Miguel",Kansas City,8,22,1223,1,2,12,2,0
sacredheart:alcobapablo,"Alcoba, Pablo",Sacred Heart,5,16,1222,2,0,14,7,0
uab:barbosagustavo,"Barbosa, Gustavo",UAB,6,15,1219,0,4,2,1,0
uic:gutierrezjuan,"Gutierrez, Juan",UIC,12,16,1217,1,2,6,3,0
pennstate:daoudamalick,"Daouda, Malick",Penn State,6,16,1214,2,0,11,5,0
highpoint:yantzbeau,"Yantz, Beau",High Point,12,15,1214,1,2,13,3,0
vermont:zellefrowryan,"Zellefrow, Ryan",Vermont,27,19,1212,1,2,21,7,0
american:boyleethan,"Boyle, Ethan",American,23,17,1212,2,0,22,10,0
milwaukee:berghauerryan,"Berghauer, Ryan",Milwaukee,12,15,1211,2,0,9,5,0
uscupstate:halkettluke,"Halkett, Luke",USC Upstate,6,16,1206,2,0,13,4,0
merrimackcollege:romeicarlo,"Romei, Carlo",Merrimack College,16,16,1202,2,0,3,3,0
vcu:rodriguezandres,"Rodriguez, Andres",VCU,6,15,1196,2,0,17,7,0
stonybrook:fleuryalex,"Fleury, Alex",Stony Brook,21,16,1196,0,4,28,6,0
merrimackcollege:morrillbennet,"Morrill, Bennet",Merrimack College,14,16,1193,1,2,6,2,0
uab:jessenole,"Jessen, Ole",UAB,15,15,1184,1,2,13,3,0
oakland:pinheirojayden,"Pinheiro, Jayden",Oakland,25,15,1179,2,0,9,2,0
queens:pumpiancole,"Pumpian, Cole",Queens,7,17,1178,1,2,9,5,0
cornell:johnsonandrew,"Johnson, Andrew",Cornell,24,14,1175,2,0,5,2,0
tulsa:bottenburgwes,"Bottenburg, Wes",Tulsa,3,15,1168,2,0,10,6,0
ucirvine:leemarcus,"Lee, Marcus",UC Irvine,30,18,1168,2,0,19,7,0
oakland:townsendzach,"Townsend, Zach",Oakland,13,14,1168,2,0,4,2,0
elon:mannaryan,"Manna, Ryan",Elon,80,15,1163,1,2,16,5,0
lasalle:rosenbaumandrew,"Rosenbaum, Andrew",La Salle,8,18,1155,2,0,9,6,0
universityofevansville:wurschmidtmartin,"Wurschmidt, Martin",University of Evansville,4,16,1151,2,0,8,3,0
purduefortwayne:valenciamarco,"Valencia, Marco",Purdue Fort Wayne,7,16,1148,1,2,30,11,0
georgiasouthern:pierrekevin,"Pierre, Kevin",Georgia Southern,8,17,1147,1,2,6,1,0
columbiauniversity:tenoeverjackson,"ten Oever, Jackson",Columbia University,4,14,1139,2,0,2,2,0
duke:burnstrevor,"Burns, Trevor",Duke,4,19,1138,0,4,9,2,0
templeuniversity:egarterlukas,"Egarter, Lukas",Temple University,8,17,1138,1,2,4,2,0
marshall:fujitatakahiro,"Fujita, Takahiro",Marshall,15,21,1137,1,2,15,4,0
drake:schragecole,"Schrage, Cole",Drake,30,14,1137,1,2,2,2,0
depaul:mcguirenolan,"McGuire, Nolan",DePaul,25,16,1125,1,2,3,1,0
syracuse:scottnathan,"Scott, Nathan",Syracuse,7,17,1123,2,0,17,6,0
stbonaventure:dawsonkeegan,"Dawson, Keegan",St. Bonaventure,14,16,1117,1,2,10,4,0
oregonstate:bedourettomas,"Bedouret, Tomas",Oregon State,23,18,1113,1,2,15,6,0
radford:maldonadojan,"Maldonado, Jan",Radford,6,14,1109,2,0,13,2,0
drake:gjerdeeskil,"Gjerde, Eskil",Drake,15,15,1104,2,0,17,9,0
csun:harriszack,"Harris, Zack",CSUN,8,14,1084,0,4,28,4,0
newhampshire:tellezfederico,"Tellez , Federico",New Hampshire,10,17,1080,0,4,24,8,0
missouristate:bateollie,"Bate, Ollie",Missouri State,18,18,1080,1,2,13,6,0
highpoint:kamrathlukas,"Kamrath, Lukas",High Point,5,13,1078,2,0,7,3,0
canisius:pollardkyle,"Pollard, Kyle",Canisius,14,14,1068,1,2,9,6,0
universityofsouthernindiana:nakamaeahiro,"Nakamae, Ahiro",University of Southern Indiana,16,13,1065,1,2,9,4,0
creighton:shimonishiryusei,"Shimonishi, Ryusei",Creighton,12,18,1056,1,2,12,5,0
georgemason:wachsmanhenry,"Wachsman, Henry",George Mason,26,15,1056,2,0,9,6,0
northeastern:kangethan,"Kang, Ethan",Northeastern,8,13,1052,0,4,6,1,0
marquette:pareabdoulkarim,"Pare, Abdoul Karim",Marquette,17,17,1051,1,2,26,14,0
presbyterian:mcgregorwickhamdamian,"McGregor-Wickham, Damian",Presbyterian,3,12,1041,1,2,7,2,0
unlv:waretyler,"Ware, Tyler",UNLV,23,18,1040,2,0,19,7,0
drake:knuchelkai,"Knuchel, Kai",Drake,8,15,1034,2,0,8,6,0
southflorida:faifepedro,"Faife, Pedro",South Florida,8,14,1033,2,0,19,4,0
loyolamarymount:morganhakeem,"Morgan, Hakeem",Loyola Marymount,9,17,1027,2,0,26,12,0
lafayette:maglionecade,"Maglione, Cade",Lafayette,3,12,1016,2,0,14,5,0
wisconsin:gloriosonoah,"Glorioso, Noah",Wisconsin,3,15,1011,1,2,8,4,0
calpoly:owensparker,"Owens, Parker",Cal Poly,4,11,1002,1,2,7,4,0
northwestern:sucheckijoe,"Suchecki, Joe",Northwestern,8,16,997,1,2,16,2,0
stbonaventure:tallmo,"Tall, Mo",St. Bonaventure,10,16,994,1,2,17,6,0
missouristate:jolleyharry,"Jolley, Harry",Missouri State,21,18,993,2,0,4,2,0
georgetown:vieramax,"Viera, Max",Georgetown,7,16,993,0,4,21,6,0
saintmarys:batrescesar,"Batres, Cesar",Saint Mary's,13,16,992,2,0,8,2,0
fgcu:dreyalon,"Drey, Alon",FGCU,14,12,985,2,0,17,6,0
houstonchristian:pembertonrio,"Pemberton, Rio",Houston Christian,9,19,982,1,2,18,8,0
grandcanyon:fallbenassane,"Fall, Ben Assane",Grand Canyon,18,13,981,1,2,17,4,0
bostoncollege:oneilxavier,"O'Neil, Xavier",Boston College,11,17,977,1,2,25,13,0
umbc:indelicatogiuseppe,"Indelicato, Giuseppe",UMBC,2,17,973,2,0,14,6,0
mercer:moralestomas,"Morales, Tomas",Mercer,6,18,969,1,2,10,4,0
northeastern:hillemathias,"Hille, Mathias",Northeastern,17,13,968,1,2,4,4,0
fdu:nishidetakuto,"Nishide, Takuto",FDU,7,13,968,1,2,9,3,0
rutgers:zalinskyjoey,"Zalinsky, Joey",Rutgers,7,17,967,1,2,5,2,0
fgcu:alvarezbeltran,"Alvarez, Beltran",FGCU,4,12,960,0,4,16,6,0
southflorida:hamiduissah,"Hamidu, Issah",South Florida,4,14,958,1,2,7,1,0
californiabaptist:hallenbergerjosh,"Hallenberger, Josh",California Baptist,7,18,957,1,2,15,6,0
bellarmine:mccrerytate,"McCrery, Tate",Bellarmine,12,16,951,2,0,8,2,0
stjohns:bamacoumba,"Ba, Macoumba",St. John's,11,20,941,2,0,24,11,0
colgate:winogradliam,"Winograd, Liam",Colgate,15,12,940,2,0,5,2,0
ucf:lpezsnchezjavier,"López Sánchez, Javier",UCF,18,14,940,1,2,14,6,0
southcarolina:nilssonwilliam,"Nilsson, William",South Carolina,5,12,935,2,0,9,7,0
sanfrancisco:corejoe,"Core, Joe",San Francisco,25,14,926,2,0,5,3,0
sacramentostate:sasankhahali,"Sasankhah, Ali",Sacramento State,6,15,923,1,2,8,3,0
xavier:trickettnathan,"Trickett, Nathan",Xavier,7,17,910,2,0,21,9,0
harvard:sardisantoszachary,"Sardi-Santos, Zachary",Harvard,3,13,908,0,4,7,5,0
missouristate:estebanadrin,"Esteban, Adrián",Missouri State,16,18,905,0,4,17,5,0
ucla:nixonshakir,"Nixon, Shakir",UCLA,21,19,905,1,2,3,2,0
universityofsouthernindiana:mitchelljackson,"Mitchell, Jackson",University of Southern Indiana,12,12,904,2,0,19,7,0
lafayette:liebichnicholas,"Liebich, Nicholas",Lafayette,34,10,900,2,0,6,3,0
siue:moreirastephan,"Moreira, Stephan",SIUE,11,15,897,0,4,19,9,0
bryant:lyshojjonas,"Lyshoj, Jonas",Bryant,17,19,887,0,4,37,18,0
lemoynecollege:stuartcameron,"Stuart, Cameron",Le Moyne College,7,12,885,0,4,3,2,0
manhattan:hamiltonhenry,"Hamilton, Henry",Manhattan,10,14,881,1,2,15,4,0
depaul:paduamax,"Padua, Max",DePaul,14,16,878,1,2,5,2,0
vcu:whitelucas,"White, Lucas",VCU,17,15,876,2,0,7,4,0
jamesmadison:materazzidavide,"Materazzi, Davide",James Madison,23,17,876,2,0,3,3,0
southcarolina:reventlowmouriersebastian,"Reventlow-Mourier, Sebastian",South Carolina,12,12,873,1,2,5,2,0
jamesmadison:wraymilo,"Wray, Milo",James Madison,5,19,872,1,2,11,5,0
quinnipiac:segurodrew,"Seguro, Drew",Quinnipiac,24,17,867,1,2,18,9,0
kentucky:albanbertil,"Alban, Bertil",Kentucky,17,15,863,0,4,12,5,0
calstatefullerton:quinterojorge,"Quintero, Jorge",Cal State Fullerton,99,20,862,1,2,16,1,0
williammary:sigurjonssonthor,"Sigurjonsson, Thor",William & Mary,14,11,860,1,2,7,4,0
liu:wheelerlondell,"Wheeler, Londell",LIU,18,10,859,2,0,13,6,0
wakeforest:mitchellpariss,"Mitchell, Pariss",Wake Forest,9,24,858,1,2,24,14,0
army:bamgbalajubril,"Bamgbala, Jubril",Army,10,14,853,1,2,18,7,0
santaclara:civittsjack,"Civitts, Jack",Santa Clara,10,15,853,1,2,17,10,0
universityofevansville:engenvikaudun,"Engen Vik, Audun",University of Evansville,14,19,849,1,2,9,5,0
uncasheville:yaobenian,"Yao, Benian",UNC Asheville,25,13,847,2,0,8,5,0
vcu:castillogerardo,"Castillo, Gerardo",VCU,19,12,846,2,0,8,3,0
washington:brunellcooper,"Brunell, Cooper",Washington,8,21,842,2,0,20,3,0
marshall:vukovicaleksandar,"Vukovic, Aleksandar",Marshall,6,18,840,1,2,9,4,0
winthrop:adamsondiomario,"Adamson, Diomario",Winthrop,8,16,836,2,0,14,6,0
hofstra:orrasonthengill,"Orrason, Thengill",Hofstra,24,18,820,1,2,8,6,0
uncasheville:edmondsonmyles,"Edmondson, Myles",UNC Asheville,33,12,817,1,2,6,3,0
princeton:duchovnygabriel,"Duchovny, Gabriel",Princeton,20,19,807,1,2,7,3,0
mountstmarys:cherifabou,"Cherif, Abou",Mount St. Mary's,41,14,799,2,0,16,7,0
syracuse:smithbraedon,"Smith, Braedon",Syracuse,31,17,798,1,2,18,5,0
centralarkansas:venturakevin,"Ventura, Kevin",Central Arkansas,16,11,790,2,0,2,2,0
bucknell:kattrupwaldemar,"Kattrup, Waldemar",Bucknell,8,19,790,2,0,12,7,0
northcarolina:caffarojuan,"Caffaro, Juan",North Carolina,10,18,776,0,4,9,5,0
calstatefullerton:heilandmatthias,"Heiland, Matthias",Cal State Fullerton,8,16,773,0,4,12,2,0
utrgv:sukatikgodiso,"Sukati, Kgodiso",UTRGV,9,11,773,2,0,8,4,0
newhaven:porquerasalbert,"Porqueras, Albert",New Haven,5,10,768,1,2,9,3,0
sanjosestate:tortelldalyjordi,"Tortell Daly, Jordi",San Jose State,23,21,753,1,2,14,6,0
njit:massacesigiovanni,"Massacesi, Giovanni",NJIT,7,12,753,0,4,10,2,0
ucriverside:hamidehtarek,"Hamideh, Tarek",UC Riverside,14,14,752,1,2,5,2,0
georgiastate:ramirezmiguel,"Ramirez, Miguel",Georgia State,7,17,749,2,0,12,5,0
rhodeisland:walkerkeegan,"Walker, Keegan",Rhode Island,10,11,745,1,2,17,8,0
georgiasouthern:daleharry,"Dale, Harry",Georgia Southern,29,17,737,0,4,19,9,0
lasalle:rodiogiammarco,"Rodio, Giammarco",La Salle,9,17,735,2,0,25,11,0
northwestern:dewingthaddaeus,"Dewing, Thaddaeus",Northwestern,10,17,730,1,2,17,8,0
utahtech:stoneoliver,"Stone, Oliver",Utah Tech,24,17,716,2,0,9,4,0
winthrop:riveronsagrerobruno,"Riveron Sagrero, Bruno",Winthrop,19,14,712,1,2,12,8,0
syracuse:kaloukiannicholas,"Kaloukian, Nicholas",Syracuse,9,16,704,2,0,32,18,0
templeuniversity:markowitzaaron,"Markowitz, Aaron",Temple University,21,16,702,2,0,10,4,0
oregonstate:silvaalejandro,"Silva, Alejandro",Oregon State,17,18,694,1,2,11,4,0
lemoynecollege:priestmanjakob,"Priestman, Jakob",Le Moyne College,22,11,691,1,2,11,3,0
michigan:lawrencecharlie,"Lawrence, Charlie",Michigan,33,20,686,2,0,10,2,0
lemoynecollege:michittigiuliano,"Michitti, Giuliano",Le Moyne College,17,15,686,2,0,10,4,0
setonhall:gerborehugo,"Gerbore, Hugo",Seton Hall,10,17,686,1,2,7,4,0
bryant:rodeiamiguel,"Rodeia, Miguel",Bryant,23,17,681,1,2,8,4,0
marist:rustamiadam,"Rustami, Adam",Marist,11,18,680,1,2,13,6,0
queens:feldmanmichel,"Feldman, Michel",Queens,19,10,676,2,0,10,4,0
fairfield:drummondowen,"Drummond, Owen",Fairfield,14,16,673,1,2,2,1,0
michigan:herreraduilio,"Herrera, Duilio",Michigan,13,19,672,1,2,12,3,0
dartmouthcollege:maineorrett,"Maine, Orrett",Dartmouth College,28,15,672,2,0,4,3,0
jacksonville:correaolivier,"Correa, Olivier",Jacksonville,10,10,664,2,0,20,12,0
colgate:beerlingjack,"Beerling, Jack",Colgate,6,12,663,2,0,6,2,0
jamesmadison:mcmillenjordan,"McMillen, Jordan",James Madison,3,19,663,2,0,14,5,0
pacific:padillaezekiel,"Padilla, Ezekiel",Pacific,18,13,659,2,0,19,7,0
gonzaga:rochelletalan,"Rochelle, Talan",Gonzaga,12,17,653,2,0,16,10,0
calpoly:pearcecolin,"Pearce, Colin",Cal Poly,18,19,652,1,2,3,2,0
kentucky:chisolmisaiah,"Chisolm, Isaiah",Kentucky,25,13,651,2,0,13,5,0
liberty:molerspencer,"Moler, Spencer",Liberty,14,17,650,1,2,4,2,0
gonzaga:mckennadamoni,"McKenna, Damoni",Gonzaga,4,13,646,1,2,4,2,0
stonybrook:alucolsen,"Aluc, Olsen",Stony Brook,9,16,641,2,0,19,7,0
sandiego:martinezjosh,"Martinez, Josh",San Diego,8,19,638,0,4,8,3,0
princeton:mudashiruissa,"Mudashiru, Issa",Princeton,33,18,637,2,0,5,3,0
harvard:gunnarssonkristjn,"Gunnarsson, Kristján",Harvard,2,14,637,1,2,3,1,0
umbc:stroudty,"Stroud, Ty",UMBC,13,14,636,1,2,11,6,0
ucdavis:dutraandrew,"Dutra, Andrew",UC Davis,7,18,634,1,2,9,6,0
davidsoncollege:youngbaylen,"Young, Baylen",Davidson College,16,18,629,1,2,12,3,0
calpoly:lisenbeeconner,"Lisenbee, Conner",Cal Poly,9,19,626,2,0,17,5,0
california:mceligotrohan,"McEligot, Rohan",California,9,18,623,1,2,13,3,0
georgiasouthern:carusomassimo,"Caruso, Massimo",Georgia Southern,25,15,622,1,2,3,2,0
massachusetts:kellyaidan,"Kelly, Aidan",Massachusetts,4,7,621,2,0,9,5,0
sacramentostate:holmesstacy,"Holmes, Stacy",Sacramento State,3,13,616,1,2,3,3,0
charlotte:stewartgrant,"Stewart, Grant",Charlotte,12,19,610,1,2,6,5,0
duquesne:rheadjack,"Rhead, Jack",Duquesne,12,16,610,1,2,12,5,0
bellarmine:shustchris,"Shust, Chris",Bellarmine,9,16,609,2,0,11,3,0
yale:millernick,"Miller, Nick",Yale,4,16,602,1,2,4,3,0
calstatebakersfield:hankinsbryson,"Hankins, Bryson",Cal State Bakersfield,8,8,600,2,0,10,6,0
bostonuniversity:kimdaniel,"Kim, Daniel",Boston University,8,16,599,1,2,11,5,0
californiabaptist:hardindrew,"Hardin, Drew",California Baptist,10,18,599,2,0,14,6,0
georgiasouthern:deanmatthew,"Dean, Matthew",Georgia Southern,11,17,599,2,0,11,2,0
csun:wagonerzion,"Wagoner, Zion",CSUN,33,14,598,1,2,5,3,0
fgcu:schorrleo,"Schorr, Leo",FGCU,13,12,595,2,0,15,10,0
oregonstate:williamsdante,"Williams, Dante",Oregon State,10,18,595,1,2,16,9,0
depaul:waskijayden,"Waski, Jayden",DePaul,31,16,592,1,2,4,2,0
fgcu:chavescao,"Chaves, Cao",FGCU,8,10,589,1,2,13,6,0
smu:berkovitzniv,"Berkovitz, Niv",SMU,8,13,589,2,0,9,2,0
davidsoncollege:ottlyman,"Ott, Lyman",Davidson College,8,18,586,1,2,8,3,0
uncasheville:hamidaysa,"Hamid, Aysa",UNC Asheville,14,13,568,2,0,21,8,0
lemoynecollege:sperdutonoah,"Sperduto, Noah",Le Moyne College,9,14,564,0,4,7,2,0
syracuse:fortierkristjan,"Fortier, Kristjan",Syracuse,26,17,563,2,0,6,4,0
saintjosephs:kooistrabart,"Kooistra, Bart",Saint Joseph's,14,9,561,2,0,16,3,0
gonzaga:deijckjellevan,"Deijck, Jelle Van",Gonzaga,28,13,558,1,2,5,1,0
robertmorris:millerkyler,"Miller, Kyler",Robert Morris,15,16,551,1,2,17,9,0
ucf:muellerjoey,"Mueller, Joey",UCF,17,14,550,1,2,9,6,0
winthrop:jungsuhong,"Jung, Suhong",Winthrop,7,15,547,2,0,9,5,0
holycross:mancusothomas,"Mancuso, Thomas",Holy Cross,21,15,542,1,2,7,3,0
umass:purchaselayton,"Purchase, Layton",UMass,27,10,542,1,2,13,6,0
presbyterian:dancemorgan,"Dance, Morgan",Presbyterian,8,11,539,1,2,7,3,0
presbyterian:kalalairagi,"Kalala, Iragi",Presbyterian,7,12,538,1,2,4,2,0
saintjosephs:johnsonluke,"Johnson, Luke",Saint Joseph's,11,10,538,0,4,9,2,0
umbc:sanloc,"San, Loc",UMBC,7,18,537,2,0,16,5,0
northernkentucky:stoddartnico,"Stoddart, Nico",Northern Kentucky,11,14,533,2,0,11,5,0
campbell:robertsethan,"Roberts, Ethan",Campbell,28,16,531,1,2,15,7,0
utahvalley:dioufsouley,"Diouf, Souley",Utah Valley,9,9,525,1,2,6,4,0
ncstate:narejunior,"Nare, Junior",NC State,10,20,524,2,0,16,6,0
bellarmine:cadaganmartin,"Cadagan, Martin",Bellarmine,37,11,511,2,0,4,3,0
howard:kabandaniil,"Kaban, Daniil",Howard,8,11,510,2,0,13,5,0
csubakersfield:velasquezjoey,"Velasquez, Joey",CSU Bakersfield,21,6,503,2,0,5,4,0
marshall:tanedaharuhi,"Taneda, Haruhi",Marshall,18,18,503,1,2,7,2,0
californiabaptist:lovellandrew,"Lovell, Andrew",California Baptist,22,18,500,2,0,9,4,0
pennstate:madoreben,"Madore, Ben",Penn State,21,16,495,1,2,12,6,0
hofstra:mastroiannidaniele,"Mastroianni, Daniele",Hofstra,11,15,492,1,2,5,3,0
purduefortwayne:soriamarcos,"Soria, Marcos",Purdue Fort Wayne,2,15,492,1,2,8,4,0
duquesne:nasserali,"Nasser, Ali",Duquesne,20,16,486,2,0,9,5,0
belmontuniversity:coxcase,"Cox, Case",Belmont University,18,9,475,2,0,16,7,0
mercyhurst:mrvcicryan,"Mrvcic, Ryan",Mercyhurst,12,9,474,1,2,2,2,0
american:garcessebastian,"Garces, Sebastian",American,16,17,471,1,2,11,6,0
merrimackcollege:kratzjonathan,"Kratz, Jonathan",Merrimack College,11,8,469,2,0,5,5,0
marshall:robertojoao,"Roberto, Joao",Marshall,12,21,464,2,0,14,5,0
uab:gragnanogui,"Gragnano, Gui",UAB,25,15,461,2,0,15,6,0
stthomas:hoelschercharlie,"Hoelscher, Charlie",St. Thomas,27,14,461,2,0,7,3,0
colgate:wrightaidan,"Wright, Aidan",Colgate,16,12,459,1,2,7,3,0
pacific:zingelvinzent,"Zingel, Vinzent",Pacific,7,8,459,2,0,12,4,0
syracuse:widmanezra,"Widman, Ezra",Syracuse,6,16,457,2,0,10,4,0
unh:kvarnbackoskar,"Kvarnback, Oskar",UNH,17,6,450,2,0,7,4,0
highpoint:ramirezanthony,"Ramirez, Anthony",High Point,10,15,443,1,2,6,1,0
loyolauniversitymaryland:mcevoysean,"McEvoy, Sean",Loyola University Maryland,6,5,442,1,2,6,3,0
tulsa:hoviusgijs,"Hovius, Gijs",Tulsa,9,15,439,2,0,16,6,0
coastalcarolina:uekikaito,"Ueki, Kaito",Coastal Carolina,18,15,437,1,2,17,6,0
usi:nakamaeahiro,"Nakamae, Ahiro",USI,16,5,431,2,0,11,5,0
bowlinggreen:bodurovryko,"Bodurov, Ryko",Bowling Green,19,14,427,2,0,11,5,0
universityofevansville:mendyedward,"Mendy, Edward",University of Evansville,23,14,418,1,2,9,5,0
bradley:pettinarolifrancesco,"Pettinaroli, Francesco",Bradley,22,6,410,1,2,6,2,0
virginiatech:kirehyonis,"Kireh, Yonis",Virginia Tech,22,9,408,2,0,5,2,0
sacramentostate:vacalorenzisimon,"Vaca-Lorenzi, Simon",Sacramento State,9,13,407,1,2,9,2,0
utahtech:cuevassamir,"Cuevas, Samir",Utah Tech,7,6,397,2,0,16,7,0
saintfrancis:mendesrodrigo,"Mendes, Rodrigo",Saint Francis,9,6,397,2,0,6,4,0
lasalle:zamaalexandru,"Zama, Alexandru",La Salle,20,13,385,1,2,16,6,0
chicagostate:lopezaidan,"Lopez, Aidan",Chicago State,27,6,383,2,0,5,3,0
drake:wakefieldchase,"Wakefield, Chase",Drake,28,13,379,2,0,7,2,0
massachusetts:feilscherjohan,"Feilscher, Johan",Massachusetts,7,7,375,1,2,16,10,0
calstatefullerton:belongjalen,"Belong, Jalen",Cal State Fullerton,25,16,374,2,0,5,3,0
queens:feldmannmichel,"Feldmann, Michel",Queens,19,6,374,1,2,5,2,0
fgcu:knightsbrowneaddrian,"Knights-Browne, Addrian",FGCU,27,12,372,1,2,12,6,0
gardnerwebb:oharaaden,"O'Hara, Aden",Gardner-Webb,19,20,372,2,0,7,2,0
sacramentostate:kellyethan,"Kelly, Ethan",Sacramento State,17,8,371,2,0,5,4,0
umass:velezshane,"Velez, Shane",UMass,16,8,371,2,0,6,2,0
queens:kneeroliver,"Kneer, Oliver",Queens,24,16,369,2,0,15,9,0
maryland:vanheukelumluke,"Van Heukelum, Luke",Maryland,44,20,368,2,0,11,5,0
drake:carlsonevan,"Carlson, Evan",Drake,11,6,368,1,2,6,3,0
charlotte:fofanaabubacarr,"Fofana, Abubacarr",Charlotte,2,19,361,2,0,6,2,0
unh:santanachpau,"Santanach, Pau",UNH,9,5,361,1,2,10,4,0
virginia:burnsluke,"Burns, Luke",Virginia,31,15,359,2,0,8,4,0
charleston:julienetienne,"Julien, Etienne",Charleston,22,16,353,1,2,10,4,0
marist:salguerojonathan,"Salguero, Jonathan",Marist,19,14,347,1,2,7,1,0
wofford:simesnathan,"Simes, Nathan",Wofford,9,13,336,2,0,7,3,0
louisville:vazquezchase,"Vazquez, Chase",Louisville,7,17,328,1,2,15,7,0
american:sowemustapha,"Sowe, Mustapha",American,20,14,326,2,0,5,4,0
usi:mitchelljackson,"Mitchell, Jackson",USI,12,5,323,1,2,7,3,0
binghamton:thomascailen,"Thomas, Cailen",Binghamton,13,7,321,2,0,6,4,0
hofstra:hempelmannperezpablo,"Hempelmann-Perez, Pablo",Hofstra,33,17,309,1,2,5,2,0
stthomas:perezjorge,"Perez, Jorge",St. Thomas,9,9,308,1,2,9,7,0
georgiastate:taylormatt,"Taylor, Matt",Georgia State,32,10,300,2,0,5,4,0
bucknell:domsohnzane,"Domsohn, Zane",Bucknell,7,18,296,2,0,5,3,0
utahtech:cuevassami,"Cuevas, Sami",Utah Tech,7,6,292,2,0,9,5,0
louisville:forbesparker,"Forbes, Parker",Louisville,20,17,291,2,0,4,3,0
dartmouthcollege:magnussonoskar,"Magnusson, Oskar",Dartmouth College,16,15,281,1,2,5,2,0
easttennesseestate:bahurabdi,"Bahur, Abdi",East Tennessee State,10,5,271,0,4,2,0,0
southfla:haugenmathis,"Haugen, Mathis",South Fla.,2,3,270,2,0,2,2,0
uri:oysteseisak,"Oystese, Isak",URI,9,5,270,1,2,5,2,0
belmontuniversity:kiperbrock,"Kiper, Brock",Belmont University,19,8,268,2,0,11,5,0
bowlinggreen:dysontaylor,"Dyson, Taylor",Bowling Green,6,12,264,0,4,9,4,0
mke:martinezalejandro,"Martinez, Alejandro",MKE,7,3,264,2,0,12,9,0
loyolauniversitymaryland:sweeneyjake,"Sweeney, Jake",Loyola University Maryland,11,5,257,2,0,7,4,0
umasslowell:lakhlifiyanis,"Lakhlifi, Yanis",UMass Lowell,9,4,256,2,0,6,6,0
pacific:alomerovicbele,"Alomerovic, Bele",Pacific,6,10,255,2,0,6,3,0
tulsa:bengoetxeaander,"Bengoetxea, Ander",Tulsa,7,15,249,2,0,8,3,0
navy:lockharttommy,"Lockhart, Tommy",Navy,16,15,249,2,0,7,4,0
wrightstate:williamsjonah,"Williams, Jonah",Wright State,14,13,238,2,0,4,2,0
siue:gibbskarson,"Gibbs, Karson",SIUE,24,13,228,2,0,3,3,0
georgiastate:taylormatthew,"Taylor, Matthew",Georgia State,32,6,226,2,0,5,3,0
ucirvine:gonzalezmisael,"Gonzalez, Misael",UC Irvine,12,4,225,2,0,4,3,0
fiu:arieron,"Arie, Ron",FIU,25,13,223,2,0,8,3,0
saintjosephs:campbellmcintyre,Campbell McIntyre,Saint Joseph's,28,5,223,1,2,6,2,0
sandiego:duusmullersimon,"Duus Muller, Simon",San Diego,3,10,219,2,0,2,2,0
smu:soghomonianstephan,"Soghomonian, Stephan",SMU,30,15,213,2,0,5,2,0
universityofmassachusettslowell:holmstromoliver,"Holmstrom, Oliver",University of Massachusetts Lowell,21,5,205,2,0,6,3,0
georgiastate:marquesgustavo,"Marques, Gustavo",Georgia State,9,14,193,2,0,4,3,0
umbc:ryersonrobbie,"Ryerson, Robbie",UMBC,5,13,187,2,0,7,5,0
delaware:monathrich,"Monath, Rich",Delaware,2,2,180,2,0,7,2,0
stjohns:haugedechlyn,"Hauge, Dechlyn",St. John's,9,20,174,2,0,3,2,0
duke:arbibsol,"Arbib, Sol",Duke,31,19,164,2,0,11,6,0
pittsburgh:mcintyreeben,"McIntyre, Eben",Pittsburgh,25,14,164,2,0,7,3,0
lemoynecollege:morellinoah,"Morelli, Noah",Le Moyne College,28,8,162,2,0,2,2,0
mke:djungabienvenu,"Djunga, Bienvenu",MKE,10,3,160,2,0,7,5,0
flaatlantic:kviftenoah,"Kvifte, Noah",Fla. Atlantic,11,2,158,2,0,10,6,0
akron:fergusonnathan,"Ferguson, Nathan",Akron,17,21,157,2,0,7,2,0
northeastern:ogudugukevin,"Ogudugu, Kevin",Northeastern,11,10,154,1,2,5,1,0
flaatlantic:diarramamadou,"Diarra, Mamadou",Fla. Atlantic,35,2,150,2,0,8,4,0
radford:tajtyiakos,"Tajtyi, Akos",Radford,15,13,149,1,2,8,4,0
saintjosephs:patrickvani,Patrick Vani,Saint Joseph's,10,5,147,2,0,4,2,0
davidsoncollege:naborsjackson,"Nabors, Jackson",Davidson College,11,18,139,2,0,6,3,0
saintfrancispa:mendesrodrigo,"Mendes, Rodrigo",Saint Francis (PA),9,2,135,1,2,2,1,0
saintfrancispa:wagnerfabian,"Wagner, Fabian",Saint Francis (PA),7,2,132,2,0,7,4,0
floridaatlantic:traoreaboubacar,"Traore, Aboubacar",Florida Atlantic,18,2,119,1,2,3,2,0
northcarolina:rosslucas,"Ross, Lucas",North Carolina,38,15,117,2,0,3,2,0
butler:grazianonick,"Graziano, Nick",Butler,20,9,113,1,2,4,1,0
ucf:rojascarlos,"Rojas, Carlos",UCF,24,10,104,2,0,3,3,0
universityofmassachusetts:akintadeoliver,"Akintade, Oliver",University of Massachusetts,29,2,100,2,0,6,5,0
setonhall:baalakingobamanicolas,"Baala King Obama, Nicolas",Seton Hall,7,14,98,2,0,5,2,0
ud:sigurdssonhjalti,"Sigurdsson, Hjalti",UD,4,1,90,2,0,4,3,0
csub:mautinoconnor,"Mautino, Connor",CSUB,12,1,84,2,0,3,2,0
8no13seedmarshallsweet16:rodriguesdossantoslineker,"Rodrigues dos Santos, Lineker",(#8/No. 13 seed) Marshall (Sweet 16),7,1,75,2,0,2,2,0
du:hernandeznoeh,"Hernandez, Noeh",DU,10,1,49,1,2,2,1,0
jak:holtantobias,"Holtan, Tobias",JAK,20,1,42,2,0,2,2,0
american:tmteam,"TM 
                                            TEAM",American,TM,2,27,2,0,0,1,0
pc:furumoherman,"Furumo, Herman",PC,14,1,15,2,0,2,2,0
dayton:tmteam,"TM 
                                            TEAM",Dayton,TM,2,0,2,0,0,0,0
uic:tmteam,"TM 
                                            TEAM",UIC,TM,2,0,2,0,0,0,0
duke:team,TEAM,Duke,TM,2,0,2,0,0,0,0
lwu:tmteam,"TM 
                                            TEAM",LWU,TM,1,0,2,0,0,0,0
marshall:team,TEAM,Marshall,TM,2,0,2,0,0,0,0
wakeforest:amponsahprince,"Amponsah, Prince",Wake Forest,27,24,2071,0,3,10,4,0
washington:buckleycaden,"Buckley, Caden",Washington,3,21,1917,0,3,8,0,0
providence:teixeiravasco,"Teixeira, Vasco",Providence,4,22,1873,0,3,12,1,0
akron:buechtejonas,"Buechte, Jonas",Akron,4,21,1812,1,1,5,1,0
washington:bertosharrison,"Bertos, Harrison",Washington,13,21,1793,1,1,11,8,0
rideruniversity:sotackcole,"Sotack, Cole",Rider University,2,20,1779,1,1,15,5,0
stanford:hooperdylan,"Hooper, Dylan",Stanford,5,20,1778,1,1,8,1,0
kansascity:goschbryson,"Gosch, Bryson",Kansas City,22,22,1776,1,1,2,1,0
denver:bellolijason,"Belloli, Jason",Denver,4,23,1749,1,1,6,2,0
indiana:maherjosh,"Maher, Josh",Indiana,4,20,1739,0,3,1,0,0
akron:dreasmatt,"Dreas, Matt",Akron,22,21,1734,1,1,14,2,0
seattle:alvarezdemian,"Alvarez, Demian",Seattle,23,19,1719,1,1,13,5,0
wakeforest:smithjrtravis,"Smith Jr., Travis",Wake Forest,3,22,1718,1,1,12,6,0
uncwilmington:sauerzach,"Sauer, Zach",UNC Wilmington,17,19,1714,1,1,8,3,0
calpoly:torresjoaquin,"Torres, Joaquin",Cal Poly,2,19,1708,1,1,10,3,0
bryant:talabiabdel,"Talabi, Abdel",Bryant,2,20,1700,1,1,14,3,0
ucdavis:goodmanluke,"Goodman, Luke",UC Davis,14,19,1667,1,1,5,1,0
calpoly:muoiojack,"Muoio, Jack",Cal Poly,27,19,1656,0,3,2,0,0
bryant:blascogomezsantiago,"Blasco Gomez, Santiago",Bryant,6,19,1649,1,1,8,1,0
gardnerwebb:nardigiampaolo,"Nardi, Giampaolo",Gardner-Webb,8,20,1635,1,1,11,4,0
hofstra:pachecogabriel,"Pacheco, Gabriel",Hofstra,2,20,1609,1,1,10,5,0
westernillinois:chapagabe,"Chapa, Gabe",Western Illinois,14,19,1597,0,3,10,1,0
uconn:lourajack,"Loura, Jack",UConn,14,18,1595,1,1,7,2,0
lehigh:sheelertrey,"Sheeler, Trey",Lehigh,4,18,1593,1,1,11,6,0
sandiegostate:vivianitristan,"Viviani, Tristan",San Diego State,14,19,1585,1,1,16,6,0
furman:wagnerryan,"Wagner, Ryan",Furman,25,18,1579,0,3,13,6,0
akron:ydrachbeto,"Ydrach, Beto",Akron,8,21,1575,0,3,13,3,0
campbell:mikoyowen,"Mikoy, Owen",Campbell,20,18,1575,1,1,9,3,0
fordham:dixonjed,"Dixon, Jed",Fordham,12,18,1567,1,1,6,3,0
virginia:lambebrendan,"Lambe, Brendan",Virginia,8,20,1565,1,1,13,3,0
oregonstate:degannesandrew,"De Gannes, Andrew",Oregon State,12,18,1564,0,3,6,4,0
california:carmichaelkevin,"Carmichael, Kevin",California,2,18,1558,1,1,9,3,0
queens:idingesamuel,"Idinge, Samuel",Queens,2,17,1530,1,1,7,3,0
bowlinggreen:erlandsonjosh,"Erlandson, Josh",Bowling Green,5,17,1524,1,1,6,4,0
virginia:pelumberto,"Pelà, Umberto",Virginia,6,18,1514,1,1,15,5,0
bostoncollege:bejarchristian,"Bejar, Christian",Boston College,3,17,1497,1,1,21,6,0
stjohns:biggsantonio,"Biggs, Antonio",St. John's,5,20,1468,1,1,14,5,0
iona:meroelird,"Mero, Elird",Iona,2,18,1465,0,3,7,2,0
brown:barrytanner,"Barry, Tanner",Brown,3,17,1454,1,1,13,8,0
princeton:tsunehararoka,"Tsunehara, Roka",Princeton,15,18,1441,0,3,5,2,0
umbc:kelplasse,"Kelp, Lasse",UMBC,21,16,1440,1,1,17,6,0
syracuse:cutlerdejesusandre,"Cutler-DeJesus, Andre",Syracuse,3,17,1439,1,1,7,3,0
californiabaptist:charalampousstavros,"Charalampous, Stavros",California Baptist,8,18,1438,1,1,13,2,0
georgiastate:gondohideto,"Gondo, Hideto",Georgia State,27,17,1432,1,1,14,6,0
gardnerwebb:campostiago,"Campos, Tiago",Gardner-Webb,7,20,1424,0,3,19,8,0
syracuse:laytonsam,"Layton, Sam",Syracuse,4,16,1416,1,1,8,2,0
fairfield:readcody,"Read, Cody",Fairfield,4,16,1412,0,3,3,3,0
xavier:forcellinicooper,"Forcellini, Cooper",Xavier,8,17,1400,1,1,26,14,0
georgetown:howarderic,"Howard, Eric",Georgetown,3,16,1396,1,1,12,6,0
kansascity:bauchermathias,"Baucher, Mathias",Kansas City,18,22,1395,1,1,8,3,0
uconn:tomeriusnicolas,"Tomerius, Nicolas",UConn,7,18,1383,1,1,14,5,0
gardnerwebb:correiabreno,"Correia, Breno",Gardner-Webb,2,20,1381,0,3,10,3,0
princeton:beckwithliam,"Beckwith, Liam",Princeton,5,19,1376,0,3,11,3,0
american:shirleynicholas,"Shirley, Nicholas",American,5,16,1373,1,1,9,4,0
duquesne:hardyblaize,"Hardy, Blaize",Duquesne,25,17,1368,1,1,6,1,0
smu:popebrock,"Pope, Brock",SMU,2,19,1358,1,1,13,6,0
universityofevansville:garcianacho,"Garcia, Nacho",University of Evansville,2,18,1354,1,1,3,1,0
utahvalley:fritcheralex,"Fritcher, Alex",Utah Valley,19,18,1349,1,1,9,3,0
xavier:waitesgeorge,"Waites, George",Xavier,6,17,1346,0,3,10,4,0
lipscomb:stampatoridaniel,"Stampatori, Daniel",Lipscomb,3,16,1344,1,1,13,6,0
saintlouis:leathermancarlos,"Leatherman, Carlos",Saint Louis,2,18,1344,0,3,8,1,0
ohiostate:gilejthomas,"Gilej, Thomas",Ohio State,6,22,1342,1,1,20,7,0
depaul:wyattgeorge,"Wyatt, George",DePaul,3,16,1335,1,1,10,3,0
stbonaventure:shillingtoncallum,"Shillington, Callum",St. Bonaventure,23,17,1323,0,3,10,3,0
saintlouis:eastongrady,"Easton, Grady",Saint Louis,14,18,1322,1,1,8,3,0
universityofevansville:diazcanejanacho,"Diaz-Caneja, Nacho",University of Evansville,22,19,1320,1,1,9,2,0
virginiatech:gardinertrey,"Gardiner, Trey",Virginia Tech,3,17,1318,1,1,8,5,0
northflorida:riosrafa,"Rios, Rafa",North Florida,21,16,1318,0,3,5,0,0
northernkentucky:stinsonwade,"Stinson, Wade",Northern Kentucky,5,15,1317,1,1,9,2,0
wakeforest:thomasamoni,"Thomas, Amoni",Wake Forest,4,24,1310,0,3,11,4,0
drexel:whittakerfrancisisaiah,"Whittaker-Francis, Isaiah",Drexel,5,17,1303,1,1,8,3,0
bostoncollege:burkhardtjack,"Burkhardt, Jack",Boston College,23,17,1300,0,3,17,4,0
rideruniversity:almasudeadel,"Al Masude, Adel",Rider University,27,20,1298,1,1,34,11,0
centralarkansas:bishopelijah,"Bishop, Elijah",Central Arkansas,4,15,1285,1,1,3,1,0
charleston:wilsontom,"Wilson, Tom",Charleston,4,17,1274,1,1,6,2,0
penn:doben,"Do, Ben",Penn,10,16,1265,0,3,9,5,0
wakeforest:whitejeffrey,"White, Jeffrey",Wake Forest,13,24,1260,0,3,39,13,0
seattle:manettajaden,"Manetta, Jaden",Seattle,4,19,1254,1,1,2,2,0
drake:leguterich,"Legut, Erich",Drake,9,15,1254,1,1,11,3,0
olddominion:wattevan,"Watt, Evan",Old Dominion,4,16,1253,1,1,9,4,0
lehigh:zizzagiacomo,"Zizza, Giacomo",Lehigh,15,17,1248,1,1,33,12,0
bellarmine:daviesrhys,"Davies, Rhys",Bellarmine,21,15,1235,0,3,8,4,0
butler:morosomazaalejandro,"Moroso-Maza, Alejandro",Butler,5,14,1233,0,3,2,0,0
villanova:johnsbranden,"Johns, Branden",Villanova,11,16,1233,0,3,6,2,0
bucknell:pomborjimmy,"Pombor, Jimmy",Bucknell,6,19,1232,1,1,6,2,0
highpoint:seidumohammed,"Seidu, Mohammed",High Point,24,15,1230,1,1,10,3,0
ucsantabarbara:martinezramses,"Martinez, Ramses",UC Santa Barbara,21,19,1229,1,1,11,4,0
ucriverside:trujillolizrragaoscaremilio,"Trujillo Lizàrraga, Oscar Emilio",UC Riverside,11,16,1226,0,3,1,1,0
ucriverside:cejachristian,"Ceja, Christian",UC Riverside,10,16,1224,0,3,17,5,0
houstonchristian:wykethomas,"Wyke, Thomas",Houston Christian,20,20,1213,0,3,5,3,0
denver:smithjake,"Smith, Jake",Denver,26,21,1202,0,3,12,0,0
bucknell:krumovdavid,"Krumov, David",Bucknell,15,19,1202,0,3,15,5,0
belmontuniversity:markjimiyu,"Mark, Jimiyu",Belmont University,9,17,1201,0,3,15,6,0
greenbay:chretienmatisse,"Chretien, Matisse",Green Bay,3,14,1201,1,1,5,3,0
syracuse:chifambaelton,"Chifamba, Elton",Syracuse,8,17,1191,0,3,11,1,0
american:palomoleo,"Palomo, Leo",American,18,15,1182,0,3,7,2,0
unlv:madridmikah,"Madrid, Mikah",UNLV,16,17,1179,1,1,8,3,0
robertmorris:dodziafawubowilliam,"Dodzi Afawubo, William",Robert Morris,5,19,1177,1,1,11,3,0
charlotte:mooredaniel,"Moore, Daniel",Charlotte,3,19,1177,0,3,10,3,0
bostonuniversity:zacariasjason,"Zacarias, Jason",Boston University,26,18,1176,1,1,10,4,0
newhaven:denisanthony,"Denis, Anthony",New Haven,6,13,1176,1,1,5,3,0
belmontuniversity:dildybrad,"Dildy, Brad",Belmont University,7,17,1173,0,3,7,0,0
yale:seidmanjonathan,"Seidman, Jonathan",Yale,8,15,1166,0,3,5,3,0
california:brackenserrakieran,"Bracken Serra, Kieran",California,11,18,1165,0,3,10,3,0
northeastern:pradojaden,"Prado, Jaden",Northeastern,6,13,1153,0,3,6,2,0
seattle:hataeiji,"Hata, Eiji",Seattle,16,19,1152,0,3,13,5,0
michigan:ramosjoaopaulo,"Ramos, Joao Paulo",Michigan,17,20,1143,0,3,19,10,0
bowlinggreen:berginjake,"Bergin, Jake",Bowling Green,18,16,1136,1,1,8,4,0
canisius:ricedylan,"Rice, Dylan",Canisius,8,17,1128,0,3,20,3,0
brown:mitchellgreyson,"Mitchell, Greyson",Brown,25,17,1128,1,1,4,3,0
stthomas:bencejohn,"Bence, John",St. Thomas,20,14,1126,1,1,8,4,0
greenbay:coughlintommy,"Coughlin, Tommy",Green Bay,17,14,1112,0,3,18,4,0
hofstra:barnettowen,"Barnett, Owen",Hofstra,7,20,1111,0,3,13,5,0
drake:iradukundaeloge,"Iradukunda, Eloge",Drake,24,16,1107,1,1,18,5,0
wofford:gorstkameron,"Gorst, Kameron",Wofford,10,17,1107,1,1,10,4,0
southflorida:mondragonmarcelo,"Mondragon, Marcelo",South Florida,23,14,1106,1,1,4,2,0
georgetown:mabieblaine,"Mabie, Blaine",Georgetown,12,16,1093,1,1,20,4,0
ucla:greenleepablo,"Greenlee, Pablo",UCLA,13,18,1086,0,3,4,2,0
uconn:gummessonmax,"Gummesson, Max",UConn,4,18,1081,0,3,5,1,0
virginiatech:uwimananoe,"Uwimana, Noe",Virginia Tech,21,16,1077,1,1,10,6,0
wakeforest:thomascolin,"Thomas, Colin",Wake Forest,26,24,1065,1,1,18,11,0
ucf:belatracheyanis,"Belatrache, Yanis",UCF,8,15,1054,1,1,12,5,0
utahtech:buezojason,"Buezo, Jason",Utah Tech,13,18,1049,1,1,23,8,0
radford:debruinjoep,"de Bruin, Joep",Radford,8,14,1038,1,1,10,6,0
lipscomb:yorkekeegan,"Yorke, Keegan",Lipscomb,13,15,1032,1,1,9,6,0
lasalle:chihamichael,"Chiha, Michael",La Salle,7,15,1027,0,3,15,4,0
fiu:vilchisleo,"Vilchis, Leo",FIU,13,14,1027,1,1,3,1,0
bryant:fariajosealves,"Faria, Jose Alves",Bryant,36,16,1025,1,1,13,3,0
bucknell:weavercohen,"Weaver, Cohen",Bucknell,19,19,1024,1,1,29,8,0
longwood:coelhosimao,"Coelho, Simao",Longwood,11,15,1019,1,1,27,10,0
navy:saadevictor,"Saade, Victor",Navy,19,14,1016,0,3,11,6,0
greenbay:galvangarciajesus,"Galvan-Garcia, Jesus",Green Bay,20,12,1009,1,1,4,1,0
providence:castaedakevin,"Castañeda, Kevin",Providence,8,15,1000,1,1,3,3,0
penn:prattoliver,"Pratt, Oliver",Penn,3,16,992,1,1,6,2,0
olddominion:randolfmarcelo,"Randolf, Marcelo",Old Dominion,22,14,990,1,1,17,4,0
ucf:smithalex,"Smith, Alex",UCF,2,15,989,1,1,7,3,0
stthomas:pachecojorge,"Pacheco, Jorge",St. Thomas,24,14,978,0,3,6,0,0
siena:svenssoneric,"Svensson, Eric",Siena,23,13,973,1,1,5,2,0
uncgreensboro:hernandezsteven,"Hernandez, Steven",UNC Greensboro,17,17,972,0,3,7,1,0
ucirvine:gutierrezisaiahs,"Gutierrez, Isaiahs",UC Irvine,8,19,958,1,1,13,2,0
howard:lewisjackson,"Lewis, Jackson",Howard,11,11,947,1,1,7,4,0
georgewashington:nicholsonalex,"Nicholson, Alex",George Washington,7,17,945,1,1,18,6,0
american:takahashitaku,"Takahashi, Taku",American,6,15,941,1,1,16,9,0
umass:fordhammatt,"Fordham, Matt",UMass,3,11,937,1,1,2,1,0
elon:guinleaugust,"Guinle, August",Elon,2,14,936,1,1,5,4,0
quinnipiac:ryssdalsnessivert,"Ryssdalsnes, Sivert",Quinnipiac,6,16,928,1,1,14,4,0
winthrop:nguelleborris,"Nguelle, Borris",Winthrop,4,15,923,0,3,7,5,0
merrimackcollege:johanssonsimon,"Johansson, Simon",Merrimack College,6,15,922,1,1,3,1,0
iuindy:esquivelbali,"Esquivel, Bali",IU Indy,29,12,914,1,1,6,2,0
westernmichigan:barnesasher,"Barnes, Asher",Western Michigan,19,21,913,0,3,6,2,0
etsu:salkeldlouie,"Salkeld, Louie",ETSU,8,11,911,1,1,8,1,0
greenbay:murraypowelljeloni,"Murray-Powell, Jeloni",Green Bay,6,15,906,1,1,6,2,0
fiu:domnguesjoo,"Domíngues, João",FIU,18,12,902,0,3,10,3,0
ucriverside:koschmikasebastian,"Kosch, Mika Sebastian",UC Riverside,4,15,893,1,1,5,4,0
utrgv:baltazarcesar,"Baltazar, Cesar",UTRGV,3,11,885,1,1,1,1,0
bucknell:mcgrathcade,"McGrath, Cade",Bucknell,2,18,884,1,1,4,2,0
stetson:casasandre,"Casas, Andre",Stetson,2,13,879,1,1,2,1,0
longwood:asamoahaaron,"Asamoah, Aaron",Longwood,7,13,878,1,1,14,7,0
liu:saavedrajoshua,"Saavedra, Joshua",LIU,10,10,872,0,3,14,3,0
liberty:strickerskyler,"Stricker, Skyler",Liberty,12,17,872,1,1,4,2,0
niagara:delprioregianluca,"Del Priore, Gianluca",Niagara,22,10,868,0,3,20,10,0
longwood:kamdjinaristhid,"Kamdjin, Aristhid",Longwood,2,12,868,1,1,7,2,0
etsu:deragonhubert,"Deragon, Hubert",ETSU,3,11,865,1,1,4,3,0
westernmichigan:cormiercarter,"Cormier, Carter",Western Michigan,18,16,864,0,3,1,0,0
georgewashington:liebejoe,"Liebe, Joe",George Washington,18,16,850,1,1,6,3,0
saintpeters:vaughanlex,"Vaughan, Lex",Saint Peter's,19,14,842,0,3,8,2,0
uscupstate:stadlerdario,"Stadler, Dario",USC Upstate,7,16,842,0,3,16,5,0
smu:panozzoenzo,"Panozzo , Enzo",SMU,14,17,840,1,1,14,4,0
wakeforest:kennedyjulian,"Kennedy, Julian",Wake Forest,21,24,826,1,1,34,9,0
highpoint:ignaciokaya,"Ignacio, Kaya",High Point,9,15,825,1,1,11,5,0
marist:cunhaskyler,"Cunha, Skyler",Marist,5,18,824,1,1,15,7,0
uic:torresjoshua,"Torres, Joshua",UIC,10,16,809,1,1,28,14,0
howard:simpsonromario,"Simpson, Romario",Howard,35,10,804,1,1,1,1,0
oakland:kanzlerjulian,"Kanzler, Julian",Oakland,18,18,803,0,3,3,1,0
utahtech:bellethan,"Bell, Ethan",Utah Tech,20,15,800,1,1,13,10,0
coastalcarolina:ulrichlincoln,"Ulrich, Lincoln",Coastal Carolina,12,15,786,1,1,4,3,0
northflorida:yearwoodjaylen,"Yearwood, Jaylen",North Florida,8,15,786,0,3,9,2,0
xavier:kroppdylan,"Kropp, Dylan",Xavier,24,17,785,1,1,10,3,0
incarnateword:elizaldecesar,"Elizalde, Cesar",Incarnate Word,23,11,785,1,1,12,4,0
easternillinois:browndavid,"Brown, David",Eastern Illinois,4,14,779,1,1,3,1,0
sanfrancisco:sylvainolivier,"Sylvain, Olivier",San Francisco,10,13,779,1,1,17,5,0
westvirginia:tretheweymax,"Trethewey, Max",West Virginia,16,19,769,1,1,9,5,0
canisius:floresedson,"Flores, Edson",Canisius,29,15,765,1,1,6,4,0
northernkentucky:vasicparker,"Vasic, Parker",Northern Kentucky,9,15,755,1,1,7,4,0
georgiastate:romerogarmendiapavel,"Romero-Garmendia, Pavel",Georgia State,23,17,754,1,1,10,3,0
saintjosephs:rossettotommaso,"Rossetto, Tommaso",Saint Joseph's,19,12,753,1,1,24,7,0
ucirvine:warrenroman,"Warren, Roman",UC Irvine,7,19,753,1,1,15,6,0
northwestern:vandeventerjayvin,"Van Deventer, Jayvin",Northwestern,11,17,751,0,3,9,3,0
greenbay:johansenjosh,"Johansen, Josh",Green Bay,14,13,750,0,3,9,4,0
olddominion:reddinglewis,"Redding, Lewis",Old Dominion,12,16,745,0,3,5,3,0
northernkentucky:sofferitay,"Soffer, Itay",Northern Kentucky,8,15,743,0,3,7,2,0
belmontuniversity:singhgillrubyn,"Singh Gill, Rubyn",Belmont University,6,14,743,1,1,3,2,0
greenbay:praterkolton,"Prater, Kolton",Green Bay,23,15,742,0,3,7,2,0
kentucky:onoseric,"Onos, Eric",Kentucky,7,15,736,1,1,13,4,0
harvard:savvaandreas,"Savva, Andreas",Harvard,11,14,735,1,1,24,4,0
american:weberjared,"Weber, Jared",American,21,17,729,1,1,11,4,0
saintmarys:zamorajude,"Zamora, Jude",Saint Mary's,12,16,729,1,1,10,3,0
winthrop:ferreiraricardo,"Ferreira, Ricardo",Winthrop,10,13,729,1,1,16,6,0
mercer:arteagafernando,"Arteaga, Fernando",Mercer,23,18,728,1,1,17,4,0
memphis:marneroskonstantinos,"Marneros, Konstantinos",Memphis,2,16,726,1,1,9,2,0
ucirvine:babineautravis,"Babineau, Travis",UC Irvine,2,18,726,0,3,7,2,0
siena:dipretajoseph,"DiPreta, Joseph",Siena,24,13,719,1,1,6,2,0
creighton:venturamiguel,"Ventura, Miguel",Creighton,5,17,717,1,1,9,7,0
bostoncollege:killeenmarci,"Killeen, Marci",Boston College,16,17,716,1,1,9,4,0
vermont:simonnathan,"Siméon, Nathan",Vermont,2,10,712,0,3,2,1,0
davidsoncollege:bennagevincent,"Bennage, Vincent",Davidson College,10,18,711,1,1,15,7,0
utahtech:saitodaichi,"Saito, Daichi",Utah Tech,15,13,710,1,1,7,3,0
northernkentucky:gerakbennett,"Gerak, Bennett",Northern Kentucky,25,15,699,1,1,11,2,0
uconn:thomasmikah,"Thomas, Mikah",UConn,3,17,697,1,1,7,3,0
detroitmercy:simonlouis,"Simon, Louis",Detroit Mercy,20,11,695,1,1,5,3,0
mountstmarys:marstellerbobby,"Marsteller, Bobby",Mount St. Mary's,9,14,694,1,1,10,3,0
virginiatech:sullinsandy,"Sullins, Andy",Virginia Tech,15,16,690,1,1,25,8,0
georgewashington:hummcarter,"Humm, Carter",George Washington,26,16,682,1,1,4,2,0
northeastern:matthewsmorris,"Matthews, Morris",Northeastern,19,13,664,1,1,16,7,0
northeastern:polinskygriffin,"Polinsky, Griffin",Northeastern,24,13,641,0,3,10,5,0
airforce:wunschben,"Wunsch, Ben",Air Force,3,17,638,1,1,10,4,0
northernillinois:gomezjose,"Gomez, Jose",Northern Illinois,8,8,636,1,1,7,4,0
fdu:dlabaleric,"Dlabal, Eric",FDU,17,14,632,0,3,9,4,0
sanjosestate:guzmananthony,"Guzman, Anthony",San Jose State,17,17,628,1,1,4,3,0
pacific:vaughnzion,"Vaughn, Zion",Pacific,23,15,628,1,1,5,4,0
detroitmercy:allostim,"Allos, Tim",Detroit Mercy,7,11,626,1,1,13,7,0
saintlouis:redmonlawson,"Redmon, Lawson",Saint Louis,22,12,623,0,3,7,3,0
memphis:difalcoanthony,"DiFalco, Anthony",Memphis,27,17,618,1,1,21,9,0
uncwilmington:leeryan,"Lee, Ryan",UNC Wilmington,13,20,618,1,1,9,6,0
columbiauniversity:limajoao,"Lima, Joao",Columbia University,10,14,615,1,1,12,5,0
uic:aquinomax,"Aquino, Max",UIC,22,16,609,1,1,8,3,0
delaware:schroederjan,"Schroeder, Jan",Delaware,3,12,607,0,3,5,1,0
jacksonville:woodcarson,"Wood, Carson",Jacksonville,11,10,602,0,3,16,6,0
bryant:willemsjaiden,"Willems, Jaiden",Bryant,12,15,602,1,1,7,1,0
bradley:dickersoncharlie,"Dickerson, Charlie",Bradley,4,7,600,1,1,4,3,0
canisius:ellingsonmesafint,"Ellingson, Mesafint",Canisius,30,17,598,1,1,11,6,0
northernillinois:paskusgrant,"Paskus, Grant",Northern Illinois,13,8,596,1,1,4,2,0
stonehillcollege:maiwaldtjulius,"Maiwaldt, Julius",Stonehill College,13,18,593,0,3,7,4,0
longwood:hernandezmikey,"Hernandez, Mikey",Longwood,21,12,591,1,1,4,1,0
wrightstate:schneiderpete,"Schneider, Pete",Wright State,6,17,589,1,1,6,2,0
fordham:siasjack,"Sias, Jack",Fordham,14,14,589,0,3,0,0,0
saintlouis:henrygershon,"Henry, Gershon",Saint Louis,3,11,583,0,3,2,1,0
fau:mollerjensenoliver,"Moller-Jensen, Oliver",FAU,7,14,574,1,1,19,4,0
incarnateword:diphokosello,"Diphoko, Sello",Incarnate Word,29,11,568,1,1,17,7,0
mountstmarys:holdenluc,"Holden, Luc",Mount St. Mary's,15,16,566,0,3,3,1,0
etsu:einarssonoliver,"Einarsson, Oliver",ETSU,12,10,556,0,3,7,3,0
ucriverside:hastingswes,"Hastings, Wes",UC Riverside,8,15,547,1,1,9,4,0
centralarkansas:brunetcharles,"Brunet, Charles",Central Arkansas,14,7,545,1,1,10,3,0
howard:lewismarcus,"Lewis, Marcus",Howard,19,11,543,1,1,14,7,0
campbell:pinacarson,"Pina, Carson",Campbell,25,18,541,1,1,7,3,0
wrightstate:gottinggabe,"Gotting, Gabe",Wright State,23,16,541,1,1,4,3,0
northwestern:thaggardchristopher,"Thaggard, Christopher",Northwestern,9,16,539,1,1,6,2,0
siue:colemanpatrick,"Coleman, Patrick",SIUE,13,13,537,0,3,3,1,0
longwood:nancemateo,"Nance, Mateo",Longwood,13,13,534,1,1,8,4,0
massachusetts:brownalex,"Brown, Alex",Massachusetts,22,7,533,1,1,1,1,0
robertmorris:thompsonjrvictor,"Thompson, Jr., Victor",Robert Morris,32,10,529,1,1,4,2,0
easternillinois:welagecasey,"Welage, Casey",Eastern Illinois,10,10,526,1,1,15,3,0
holycross:ferrarojames,"Ferraro, James",Holy Cross,16,16,517,1,1,16,5,0
lasalle:kwasnikdylan,"Kwasnik, Dylan",La Salle,6,16,513,1,1,4,3,0
uncasheville:naguibxander,"Naguib, Xander",UNC Asheville,23,13,513,1,1,1,1,0
missouristate:normanndaniel,"Normann, Daniel",Missouri State,7,18,511,0,3,3,1,0
saintpeters:mcerlainconnall,"McErlain, Connall",Saint Peter's,28,13,510,1,1,12,6,0
charlotte:mccloskeycasey,"McCloskey, Casey",Charlotte,11,19,500,0,3,8,4,0
uab:lovegrothmathias,"Love Groth, Mathias",UAB,16,9,499,1,1,6,2,0
setonhall:berglundaxel,"Berglund, Axel",Seton Hall,16,18,490,0,3,5,2,0
columbiauniversity:romorafa,"Romo, Rafa",Columbia University,24,14,490,1,1,3,1,0
saintmarys:vestbergjack,"Vestberg, Jack",Saint Mary's,9,15,488,1,1,5,3,0
uconn:pickeringevan,"Pickering, Evan",UConn,12,18,487,1,1,4,1,0
williammary:rabushevan,"Rabush, Evan",William & Mary,16,11,487,0,3,7,1,0
lafayette:fujimorimax,"Fujimori, Max",Lafayette,17,13,487,1,1,5,1,0
unlv:allredbryce,"Allred, Bryce",UNLV,14,15,483,1,1,6,3,0
massachusetts:akintadeoliver,"Akintade, Oliver",Massachusetts,29,7,480,1,1,5,3,0
butler:okoronick,"Okoro, Nick",Butler,7,14,473,1,1,4,2,0
centralarkansas:brunetcharlesemile,"Brunet, Charles-Emile",Central Arkansas,14,8,472,1,1,18,5,0
washington:hallalex,"Hall, Alex",Washington,17,20,471,1,1,11,2,0
creighton:moralesedward,"Morales, Edward",Creighton,22,18,470,1,1,14,6,0
yale:leintusalif,"Leintu, Salif",Yale,19,16,468,1,1,8,3,0
uncasheville:woodcharlie,"Wood, Charlie",UNC Asheville,24,10,466,1,1,9,7,0
virginia:okoriedavid,"Okorie, David",Virginia,23,16,465,1,1,6,4,0
etsu:choijimmy,"Choi, Jimmy",ETSU,17,11,465,1,1,14,6,0
denver:fisherlukas,"Fisher, Lukas",Denver,20,22,460,0,3,6,2,0
rhodeisland:oysteseisak,"Oystese, Isak",Rhode Island,9,10,459,1,1,14,5,0
ualbany:gissurarsonivarorri,"Gissurarson, Ivar Orri",UAlbany,7,6,458,1,1,6,2,0
bucknell:lillismason,"Lillis, Mason",Bucknell,26,19,453,1,1,9,5,0
northflorida:amanciopedro,"Amancio, Pedro",North Florida,6,16,452,0,3,7,2,0
detroitmercy:ninojohn,"Nino, John",Detroit Mercy,25,10,447,1,1,1,1,0
utahvalley:kovalciknate,"Kovalcik, Nate",Utah Valley,4,12,443,1,1,6,3,0
charlotte:dommerchris,"Dommer, Chris",Charlotte,20,19,442,1,1,16,4,0
loyolamaryland:nicholsrichie,"Nichols, Richie",Loyola Maryland,8,5,439,1,1,14,5,0
liberty:allentyee,"Allen, Tyee",Liberty,30,16,436,1,1,7,4,0
olddominion:waylandmicah,"Wayland, Micah",Old Dominion,14,16,432,1,1,7,2,0
umass:feilscherjohan,"Feilscher, Johan",UMass,7,11,429,1,1,17,7,0
northernillinois:hernandezjoe,"Hernandez, Joe",Northern Illinois,22,8,425,1,1,10,4,0
uri:etxegaraiigo,"Etxegarai, Íñigo",URI,23,5,417,1,1,11,3,0
detroitmercy:lafayetteclayton,"Lafayette, Clayton",Detroit Mercy,12,11,409,1,1,7,1,0
utahvalley:poguenoah,"Pogue, Noah",Utah Valley,15,15,409,1,1,4,3,0
southflorida:owensmichael,"Owens, Michael",South Florida,20,14,409,1,1,4,2,0
duke:clementssintayehu,"Clements, Sintayehu",Duke,19,19,406,1,1,1,1,0
universityofmassachusettslowell:perezoscar,"Perez, Oscar",University of Massachusetts Lowell,5,5,405,1,1,3,3,0
iuindy:nielsenchristian,"Nielsen, Christian",IU Indy,32,11,401,1,1,5,3,0
purduefortwayne:nunezbrandon,"Nunez, Brandon",Purdue Fort Wayne,23,15,399,1,1,7,3,0
pittsburgh:bertranmiguel,"Bertran, Miguel",Pittsburgh,7,13,399,0,3,6,3,0
duke:zugayjack,"Zugay, Jack",Duke,15,19,398,1,1,5,1,0
depaul:enriqueznathaniel,"Enriquez, Nathaniel",DePaul,11,16,392,1,1,2,1,0
fgcu:spernerlucas,"Sperner, Lucas",FGCU,17,13,391,1,1,3,2,0
houstonchristian:kolaganokaone,"Kolagano, Kaone",Houston Christian,11,15,391,1,1,13,5,0
ualbany:castilloander,"Castillo, Ander",UAlbany,9,6,389,1,1,19,7,0
unh:lindstromadam,"Lindstrom, Adam",UNH,10,6,387,1,1,11,4,0
milwaukee:leathermanpascal,"Leatherman, Pascal",Milwaukee,19,13,386,1,1,6,4,0
ucirvine:delorijndanny,"de Lorijn, Danny",UC Irvine,14,19,384,1,1,4,3,0
iuindy:aschlimantyson,"Aschliman, Tyson",IU Indy,25,11,380,1,1,2,1,0
sanjosestate:fregosobautistadaniel,"Fregoso Bautista, Daniel",San Jose State,26,11,377,1,1,8,4,0
liu:levytal,"Levy, Tal",LIU,9,10,375,1,1,15,6,0
marist:arberaidan,"Arber, Aidan",Marist,27,10,364,1,1,7,3,0
lindenwood:onianguesalomon,"Oniangue, Salomon",Lindenwood,9,9,358,1,1,10,6,0
lasalle:nimrodiyuval,"Nimrodi, Yuval",La Salle,15,10,349,1,1,3,1,0
robertmorris:amadoupedro,"Amadou, Pedro",Robert Morris,24,10,348,0,3,3,1,0
saintlouis:heckenlaibleandrew,"Heckenlaible, Andrew",Saint Louis,17,15,348,0,3,5,2,0
fairfield:siegbrett,"Sieg, Brett",Fairfield,22,15,347,1,1,3,1,0
xavier:bilyeujack,"Bilyeu, Jack",Xavier,25,17,346,1,1,4,1,0
liu:blankchristian,"Blank, Christian",LIU,32,5,346,1,1,1,1,0
usi:daviladavid,"Davila, David",USI,9,5,345,1,1,10,4,0
american:davistoshi,"Davis, Toshi",American,22,10,344,1,1,6,3,0
columbiauniversity:garciaandres,"Garcia, Andres",Columbia University,19,14,343,1,1,3,2,0
westernmichigan:fernouchiamin,"Fernouchi, Amin",Western Michigan,4,16,340,1,1,4,2,0
vermont:thompsonconnor,"Thompson, Connor",Vermont,6,12,334,1,1,3,3,0
hofstra:odonnellsean,"O'Donnell, Sean",Hofstra,18,16,334,1,1,5,4,0
winthrop:swensoncaleb,"Swenson, Caleb",Winthrop,21,12,330,1,1,4,3,0
ucsantabarbara:buenohenrique,"Bueno, Henrique",UC Santa Barbara,23,15,328,0,3,7,2,0
quinnipiac:hernandezjuan,"Hernandez, Juan",Quinnipiac,15,15,325,1,1,2,1,0
greenbay:bjornskovoscar,"Bjornskov, Oscar",Green Bay,11,12,322,1,1,7,3,0
mercyhurst:wurstnercade,"Wurstner, Cade",Mercyhurst,28,10,317,1,1,6,3,0
wrightstate:petoussisgiorgos,"Petoussis, Giorgos",Wright State,21,14,317,1,1,4,1,0
cornell:diakosgiorgos,"Diakos, Giorgos",Cornell,28,13,313,1,1,7,2,0
wakeforest:mancillanicolas,"Mancilla, Nicolas",Wake Forest,28,19,308,1,1,1,1,0
georgetown:paretecole,"Parete, Cole",Georgetown,14,16,305,1,1,3,1,0
missouristate:guillenpablo,"Guillen, Pablo",Missouri State,11,18,300,1,1,10,3,0
westernmichigan:wilcoxronan,"Wilcox, Ronan",Western Michigan,20,14,297,1,1,4,3,0
loyolauniversitymaryland:hallsoscar,"Halls, Oscar",Loyola University Maryland,22,4,293,1,1,2,1,0
longwood:adeyemidesmond,"Adeyemi, Desmond",Longwood,19,11,287,1,1,3,1,0
akron:borneocaleb,"Borneo, Caleb",Akron,12,21,281,1,1,3,2,0
detroitmercy:jannounsaeid,"Jannoun, Saeid",Detroit Mercy,9,12,281,1,1,3,3,0
loyolamarymount:monfaredkayvon,"Monfared, Kayvon",Loyola Marymount,21,13,277,1,1,9,3,0
incarnateword:martinezemmanuel,"Martinez, Emmanuel",Incarnate Word,20,10,273,1,1,6,3,0
easttennesseestate:kolbjornseningvar,"Kolbjornsen, Ingvar",East Tennessee State,9,5,267,1,1,3,1,0
louisville:brijbasielijah,"Brijbasi, Elijah",Louisville,17,16,262,1,1,4,2,0
binghamton:constantelucas,"Constante, Lucas",Binghamton,19,7,262,1,1,10,5,0
bostonuniversity:ramseymarkus,"Ramsey, Markus",Boston University,19,17,258,1,1,2,2,0
etsu:nordinlucas,"Nordin, Lucas",ETSU,11,8,258,1,1,7,3,0
akron:barbotomaximus,"Barboto, Maximus",Akron,21,21,257,0,3,4,2,0
bostonuniversity:bonningtonalex,"Bonnington, Alex",Boston University,9,16,257,1,1,8,3,0
sandiegostate:florenciocatalferran,"Florencio Catalá, Ferran",San Diego State,9,14,254,1,1,5,1,0
liberty:goragora,"Gora, Gora",Liberty,7,13,254,1,1,3,2,0
northwestern:rieszpeter,"Riesz, Peter",Northwestern,16,14,251,1,1,8,4,0
easttennesseestate:salkeldlouie,"Salkeld, Louie",East Tennessee State,8,4,251,0,3,2,0,0
dartmouthcollege:jenkinsben,"Jenkins, Ben",Dartmouth College,3,16,247,1,1,7,3,0
lipscomb:davisroen,"Davis, Roen",Lipscomb,17,12,246,1,1,10,4,0
notredame:dunphystevie,"Dunphy, Stevie",Notre Dame,23,15,245,1,1,6,1,0
michigan:zeitzuriel,"Zeitz, Uriel",Michigan,10,18,244,1,1,3,3,0
wakeforest:torbicjoel,"Torbic, Joel",Wake Forest,16,20,242,1,1,3,2,0
penn:dahlenromeo,"Dahlen, Romeo",Penn,16,14,241,1,1,8,2,0
virginiatech:quilldeclan,"Quill, Declan",Virginia Tech,7,8,241,1,1,14,7,0
loyola:mcevoysean,"McEvoy, Sean",Loyola,6,3,241,1,1,2,1,0
universityofmassachusetts:willismike,"Willis, Mike",University of Massachusetts,2,3,240,1,1,3,3,0
monmouth:zapatakevin,"Zapata, Kevin",Monmouth,9,13,236,1,1,6,3,0
marquette:jonesdonovan,"Jones, Donovan",Marquette,24,16,234,1,1,3,2,0
pc:griffithcarson,"Griffith, Carson",PC,10,3,234,1,1,3,2,0
campbell:robersonsam,"Roberson, Sam",Campbell,19,15,232,1,1,5,4,0
mke:rodamesfin,"Roda, Mesfin",MKE,20,3,224,1,1,4,2,0
newhaven:iljazideni,"Iljazi, Deni",New Haven,7,6,222,1,1,7,2,0
navy:robbinswasswa,"Robbins, Wasswa",Navy,28,10,221,1,1,3,1,0
jamesmadison:melvilleaidan,"Melville, Aidan",James Madison,33,17,217,1,1,5,4,0
butler:rasoluca,"Raso, Luca",Butler,27,8,216,1,1,5,1,0
westernmichigan:markovskialek,"Markovski, Alek",Western Michigan,21,15,216,1,1,11,6,0
saintfrancisuniversity:denittisalex,"De Nittis, Alex",Saint Francis University,15,3,214,1,1,3,2,0
california:juarezallan,"Juarez, Allan",California,8,18,211,1,1,4,1,0
unf:miyakawarentaro,"Miyakawa, Rentaro",UNF,16,3,208,0,3,1,1,0
lwu:asamoahaaron,"Asamoah, Aaron",LWU,7,3,205,1,1,3,2,0
brown:ellisdylan,"Ellis, Dylan",Brown,19,16,202,1,1,1,1,0
mercyhurst:tierneycarver,"Tierney, Carver",Mercyhurst,30,7,202,1,1,4,3,0
brown:romoandre,"Romo, Andre",Brown,26,16,199,1,1,4,3,0
westernmichigan:ogbonnadavid,"Ogbonna, David",Western Michigan,12,10,195,0,3,0,0,0
ucf:pouyemouhamed,"Pouye, Mouhamed",UCF,7,12,187,1,1,3,2,0
vmi:savagejordan,"Savage, Jordan",VMI,35,9,181,1,1,8,3,0
newjerseyinstituteoftechnology:ymerajsokol,"Ymeraj, Sokol",New Jersey Institute of Technology,6,2,175,1,1,2,1,0
armywestpoint:zhaironald,"Zhai, Ronald",Army West Point,21,3,174,1,1,5,3,0
pc:kalalairagi,"Kalala, Iragi",PC,7,3,173,1,1,6,1,0
lwu:blakeethan,"Blake, Ethan",LWU,3,3,166,1,1,11,5,0
loyolauniversitymaryland:powderseth,"Powder, Seth",Loyola University Maryland,25,5,155,1,1,3,2,0
uca:gomezaby,"Gomez, Aby",UCA,10,3,155,0,3,4,2,0
ucla:diazjacob,"Diaz, Jacob",UCLA,26,11,151,1,1,5,2,0
fdu:hewharrison,"Hew, Harrison",FDU,24,10,150,1,1,2,1,0
radford:rubiocesar,"Rubio, Cesar",Radford,37,4,147,1,1,4,4,0
westmont:lynchconnor,"Lynch, Connor",Westmont,12,2,142,1,1,2,2,0
ju:woodcarson,"Wood, Carson",JU,11,2,139,1,1,2,2,0
unlv:lopezalsclaudio,"Lopez Alós, Claudio",UNLV,19,8,139,1,1,1,1,0
siuedwardsville:moreirastephan,"Moreira, Stephan",SIU Edwardsville,11,2,132,1,1,3,2,0
radm:habibelahykevin,"Habibelahy, Kevin",RADM,16,2,130,1,1,7,2,0
akron:firekdaniel,"Firek, Daniel",Akron,20,20,128,1,1,2,2,0
westmont:cortesluis,"Cortes, Luis",Westmont,7,2,125,1,1,2,1,0
niu:gomezjose,"Gomez, Jose",NIU,8,2,125,1,1,1,1,0
duke:myersonandrew,"Myerson, Andrew",Duke,20,19,121,1,1,1,1,0
westernillinois:abarcagonzalezhenrry,"Abarca-Gonzalez, Henrry",Western Illinois,11,5,121,1,1,3,1,0
saintlouis:olsondylan,"Olson, Dylan",Saint Louis,16,8,118,1,1,3,2,0
kansascity:vanhalderenjesper,"van Halderen, Jesper",Kansas City,7,19,117,1,1,4,1,0
universityofmassachusetts:velezshane,"Velez, Shane",University of Massachusetts,16,3,109,1,1,1,1,0
uca:jamestajio,"James, Tajio",UCA,11,3,108,1,1,6,3,0
floridaatlantic:mollerjensenoliver,"Moller-Jensen, Oliver",Florida Atlantic,7,2,98,1,1,2,1,0
colgateuniversity:pipkinblake,"Pipkin, Blake",Colgate University,21,1,98,1,1,2,1,0
armywestpoint:thomaskai,"Thomas, Kai",Army West Point,20,3,93,1,1,1,1,0
stjohns:lacknerlandon,"Lackner, Landon",St. John's,21,18,90,1,1,1,1,0
detroit:mccarthycasey,"McCarthy, Casey",Detroit,4,1,90,1,1,2,2,0
bryant:alvesfariajose,"Alves Faria, Jose",Bryant,36,1,90,1,1,6,2,0
snhu:zapatamartin,"Zapata, Martin",SNHU,10,1,90,1,1,2,1,0
longisland:njikestephane,"Njike, Stephane",Long Island,8,1,90,1,1,1,1,0
floridaatlantic:monterojeremy,"Montero, Jeremy",Florida Atlantic,12,2,85,1,1,1,1,0
fairleighdickinson:leonhardkevin,"Leonhard, Kevin",Fairleigh Dickinson,10,1,85,1,1,2,1,0
pittsburgh:ferreirasantiago,"Ferreira, Santiago",Pittsburgh,28,10,72,1,1,2,1,0
hofstra:carlmanbastian,"Carlman, Bastian",Hofstra,7,1,70,1,1,5,4,0
liberty:torrellmatthew,"Torrell, Matthew",Liberty,17,11,69,1,1,6,2,0
floridaatlantic:zettlsebastian,"Zettl, Sebastian",Florida Atlantic,23,1,67,1,1,1,1,0
stbonaventure:oconnorwill,"O'Connor, Will",St. Bonaventure,22,6,66,1,1,2,1,0
lwu:haukelandjens,"Haukeland, Jens",LWU,11,3,66,1,1,2,2,0
gtown:vanhornmatthew,"Van Horn, Matthew",GTOWN,28,1,63,1,1,6,3,0
nova:canicajordan,"Canica, Jordan",NOVA,7,1,63,1,1,2,1,0
grandcanyonuniversity:nutornutsibright,"Nutornutsi, Bright",Grand Canyon University,9,1,60,1,1,2,1,0
stcloudstate:folstadmika,"Folstad, Mika",St. Cloud State,11,1,60,1,1,1,1,0
floridaatlantic:hassellzach,"Hassell, Zach",Florida Atlantic,21,2,55,1,1,1,1,0
uno:jenkinsitalo,"Jenkins, Italo",UNO,9,1,54,1,1,2,2,0
unhm:branquinhosandro,"Branquinho, Sandro",UNHM,8,1,49,1,1,1,1,0
duke:hazlewoodhudson,"Hazlewood, Hudson",Duke,25,18,48,1,1,1,1,0
newhaven:santosdaniel,"Santos, Daniel",New Haven,27,4,46,1,1,1,1,0
santaclara:stadlerdario,"Stadler, Dario",Santa Clara,7,1,45,1,1,4,3,0
uno:stukenholtzmikey,"Stukenholtz, Mikey",UNO,20,1,45,1,1,3,2,0
ncstate:cruzervin,"Cruz, Ervin",NC State,2,20,42,1,1,1,1,0
saintfrancis:kierzkowskipatrick,"Kierzkowski, Patrick",Saint Francis,20,5,38,1,1,1,1,0
pc:merckeddie,"Merck, Eddie",PC,26,1,21,1,1,2,2,0
providence:dewhurstcole,"Dewhurst, Cole",Providence,16,22,1882,1,0,4,2,0
stanford:bankpalmer,"Bank, Palmer",Stanford,3,20,1761,1,0,7,2,0
ucsantabarbara:vomsteegcaden,"Vom Steeg, Caden",UC Santa Barbara,3,21,1735,0,2,13,3,0
sanjosestate:floresthomasruben,"Flores-Thomas, Ruben",San Jose State,2,20,1728,0,2,5,3,0
princeton:fravoliniwhitchurchgiuliano,"Fravolini Whitchurch, Giuliano",Princeton,34,19,1717,1,0,12,4,0
houstonchristian:lezahans,"Leza, Hans",Houston Christian,26,20,1716,0,2,5,2,0
charlotte:laursenlasse,"Laursen, Lasse",Charlotte,5,19,1712,0,2,4,2,0
westernillinois:mcintyrejoel,"McIntyre, Joel",Western Illinois,6,19,1683,1,0,7,1,0
robertmorris:overkampfabian,"Overkamp, Fabian",Robert Morris,4,19,1674,1,0,12,4,0
marshall:godardtheo,"Godard, Theo",Marshall,21,20,1639,0,2,6,2,0
northcarolina:harpercharlie,"Harper, Charlie",North Carolina,18,18,1636,1,0,11,7,0
northcarolina:acostamatthew,"Acosta, Matthew",North Carolina,5,18,1626,1,0,16,7,0
creighton:savicandrija,"Savic, Andrija",Creighton,4,18,1620,1,0,9,4,0
utahtech:dutratanner,"Dutra, Tanner",Utah Tech,23,18,1620,1,0,2,2,0
ucsandiego:wellersteinevan,"Wellerstein, Evan",UC San Diego,2,18,1615,1,0,13,5,0
oregonstate:lundnicklas,"Lund, Nicklas",Oregon State,22,18,1612,0,2,6,0,0
davidsoncollege:moylaneamon,"Moylan, Eamon",Davidson College,4,18,1599,1,0,4,2,0
mercer:pondecawoodi,"Pondeca, Woodi",Mercer,21,18,1597,0,2,3,1,0
mercer:mcdonaldnatnael,"McDonald, Natnael",Mercer,3,18,1596,0,2,6,2,0
marshall:bamfordalex,"Bamford, Alex",Marshall,4,21,1595,0,2,3,1,0
missouristate:matthewsalex,"Matthews, Alex",Missouri State,8,18,1593,0,2,7,5,0
setonhall:guskeliam,"Guske, Liam",Seton Hall,4,18,1577,1,0,2,2,0
duke:hotkenan,"Hot, Kenan",Duke,23,19,1569,1,0,34,8,0
vermont:bleekermike,"Bleeker, Mike",Vermont,3,18,1557,0,2,8,3,0
clemson:lundegardadam,"Lundegard, Adam",Clemson,3,19,1556,0,2,8,4,0
fiu:houjadavid,"Houja, David",FIU,4,18,1540,1,0,5,1,0
duquesne:moksnesjesper,"Moksnes, Jesper",Duquesne,4,17,1530,0,2,9,2,0
georgiastate:wardcharlie,"Ward, Charlie",Georgia State,2,17,1530,1,0,6,2,0
wofford:peacockbryce,"Peacock, Bryce",Wofford,18,17,1524,1,0,6,3,0
wakeforest:kruegerdaniel,"Krueger, Daniel",Wake Forest,5,22,1522,1,0,11,4,0
ucsandiego:jacobuscarter,"Jacobus, Carter",UC San Diego,10,18,1521,1,0,13,5,0
campbell:robertsjake,"Roberts, Jake",Campbell,5,17,1485,1,0,10,4,0
canisius:zarconeaj,"Zarcone, AJ",Canisius,6,17,1483,1,0,7,2,0
butler:verkooijenvygo,"Verkooijen , Vygo",Butler,3,17,1478,1,0,6,1,0
charlotte:pilcherian,"Pilcher, Ian",Charlotte,22,19,1477,1,0,8,3,0
setonhall:reschagustin,"Resch, Agustin",Seton Hall,5,18,1450,1,0,15,5,0
monmouth:cadigansean,"Cadigan, Sean",Monmouth,6,16,1449,1,0,9,3,0
lindenwood:francombejosh,"Francombe, Josh",Lindenwood,2,17,1444,0,2,15,3,0
sandiego:bauermathias,"Bauer, Mathias",San Diego,20,18,1440,0,2,3,0,0
milwaukee:wagnerjack,"Wagner, Jack",Milwaukee,27,16,1440,1,0,6,3,0
sanfrancisco:robertsreid,"Roberts, Reid",San Francisco,6,16,1440,0,2,13,5,0
oralroberts:boitbaptiste,"Boit, Baptiste",Oral Roberts,5,16,1440,1,0,5,4,0
duke:acitokamran,"Acito, Kamran",Duke,3,19,1439,0,2,5,2,0
uncgreensboro:longodaniel,"Longo, Daniel",UNC Greensboro,13,17,1435,1,0,5,2,0
navy:brownkeane,"Brown, Keane",Navy,2,16,1432,0,2,3,1,0
calstatefullerton:relerfordnick,"Relerford, Nick",Cal State Fullerton,3,18,1431,1,0,8,4,0
clevelandstate:grovesquinn,"Groves, Quinn",Cleveland State,30,17,1430,0,2,2,1,0
csun:shakedjake,"Shaked, Jake",CSUN,4,16,1429,1,0,6,3,0
georgetown:jenningsmaximus,"Jennings, Maximus",Georgetown,2,16,1428,1,0,9,4,0
virginiatech:cardonawillie,"Cardona, Willie",Virginia Tech,18,17,1420,0,2,3,0,0
oakland:sylvestermalik,"Sylvester, Malik",Oakland,24,17,1420,1,0,6,1,0
duquesne:vieangellchristoffer,"Vie Angell, Christoffer",Duquesne,2,16,1415,1,0,5,3,0
georgewashington:prendergastcolin,"Prendergast, Colin",George Washington,22,17,1414,1,0,10,5,0
oakland:fosterjace,"Foster, Jace",Oakland,21,18,1409,0,2,16,2,0
american:fogeljonah,"Fogel, Jonah",American,2,17,1409,0,2,1,0,0
bostoncollege:gundelachmoritz,"Gundelach, Moritz",Boston College,27,17,1408,1,0,4,3,0
uconn:vacterguillaume,"Vacter, Guillaume",UConn,5,18,1408,1,0,2,1,0
loyolamarymount:rodriguesnathan,"Rodrigues, Nathan",Loyola Marymount,5,17,1400,1,0,5,4,0
oralroberts:gindroenzo,"Gindro, Enzo",Oral Roberts,13,16,1398,1,0,2,1,0
dartmouthcollege:fentonsam,"Fenton, Sam",Dartmouth College,24,16,1395,1,0,7,4,0
bowlinggreen:hernandezanthony,"Hernandez, Anthony",Bowling Green,22,17,1393,0,2,16,3,0
yale:zaffanelladiego,"Zaffanella, Diego",Yale,34,16,1391,0,2,12,3,0
indiana:wagonerjack,"Wagoner, Jack",Indiana,21,21,1387,0,2,9,4,0
liberty:trottcarlos,"Trott, Carlos",Liberty,5,16,1373,1,0,10,4,0
uscupstate:jacksonelijah,"Jackson, Elijah",USC Upstate,2,16,1372,1,0,8,2,0
sacramentostate:cejagio,"Ceja, Gio",Sacramento State,2,18,1372,0,2,5,1,0
michiganstate:bruletticristiano,"Bruletti, Cristiano",Michigan State,12,17,1371,1,0,13,2,0
holycross:bebanjulian,"Beban, Julian",Holy Cross,4,16,1369,0,2,12,5,0
georgiasouthern:neviletoby,"Nevile, Toby",Georgia Southern,6,17,1366,0,2,9,5,0
virginiatech:yohannesmathias,"Yohannes, Mathias",Virginia Tech,16,17,1363,0,2,10,3,0
hofstra:hallmylo,"Hall, Mylo",Hofstra,8,18,1359,0,2,5,2,0
easternillinois:wardkyle,"Ward, Kyle",Eastern Illinois,22,16,1350,1,0,15,3,0
ucirvine:anayamario,"Anaya, Mario",UC Irvine,10,19,1349,0,2,18,6,0
loyolamarymount:quinterogael,"Quintero, Gael",Loyola Marymount,23,17,1348,1,0,11,5,0
coastalcarolina:olacioleon,"Olacio, Leon",Coastal Carolina,5,16,1346,1,0,5,1,0
yale:coteryan,"Cote, Ryan",Yale,3,16,1346,1,0,6,3,0
ucsandiego:kawamurajonah,"Kawamura, Jonah",UC San Diego,19,17,1342,1,0,9,3,0
charlotte:husakiwskyluke,"Husakiwsky, Luke",Charlotte,30,19,1341,0,2,11,2,0
vcu:ndiayemoussa,"Ndiaye, Moussa",VCU,5,15,1340,1,0,10,4,0
uab:richtermathis,"Richter, Mathis",UAB,4,15,1339,1,0,4,1,0
northflorida:barnettalex,"Barnett, Alex",North Florida,4,16,1337,1,0,3,1,0
michiganstate:ebywill,"Eby, Will",Michigan State,2,17,1337,1,0,8,3,0
holycross:frasierbrock,"Frasier, Brock",Holy Cross,18,16,1336,1,0,8,3,0
akron:kamdemashton,"Kamdem, Ashton",Akron,27,20,1323,0,2,6,1,0
tulsa:cunninghamalex,"Cunningham, Alex",Tulsa,8,15,1319,1,0,12,3,0
marist:verheulgijs,"Verheul, Gijs",Marist,4,17,1319,1,0,11,5,0
hofstra:omalleyjack,"O'Malley, Jack",Hofstra,12,20,1317,1,0,2,1,0
holycross:bagdonconnor,"Bagdon, Connor",Holy Cross,5,16,1309,0,2,1,0,0
merrimackcollege:delgiudicerocco,"DelGiudice, Rocco",Merrimack College,5,15,1308,1,0,5,2,0
providence:batistadiego,"Batista, Diego",Providence,10,22,1308,0,2,21,9,0
ucf:fritschijonas,"Fritschi, Jonas",UCF,4,15,1305,1,0,13,5,0
duquesne:mcintoshgrant,"McIntosh, Grant",Duquesne,6,16,1304,0,2,6,1,0
campbell:oseitutudaniel,"Osei-Tutu, Daniel",Campbell,4,17,1304,1,0,18,5,0
queens:zacharialeontios,"Zacharia, Leontios",Queens,14,17,1304,0,2,7,1,0
fordham:jonesbenji,"Jones, Benji",Fordham,3,18,1297,0,2,2,0,0
longwood:vargasanthony,"Vargas, Anthony",Longwood,5,15,1292,1,0,4,1,0
kentucky:muirmarqes,"Muir, Marqes",Kentucky,4,15,1291,0,2,3,1,0
marshall:janjicaleksa,"Janjic, Aleksa",Marshall,33,20,1285,0,2,0,0,25
smu:ruvalcabacesar,"Ruvalcaba, Cesar",SMU,4,16,1279,1,0,9,2,0
drexel:aliberchcarles,"Aliberch, Carles",Drexel,19,17,1274,1,0,18,4,0
westernillinois:grahambenjamin,"Graham, Benjamin",Western Illinois,3,20,1265,0,2,7,1,0
easternillinois:kerrlourencofelipe,"Kerr Lourenco, Felipe",Eastern Illinois,6,15,1263,0,2,6,4,0
villanova:haggertyluke,"Haggerty, Luke",Villanova,20,16,1262,0,2,11,6,0
louisville:jordanjp,"Jordan, JP",Louisville,6,17,1256,0,2,12,3,0
marquette:wandschneiderjack,"Wandschneider, Jack",Marquette,18,17,1234,1,0,3,1,0
davidsoncollege:clarkealonzo,"Clarke, Alonzo",Davidson College,30,18,1231,1,0,19,5,0
fau:frogsoncallum,"Frogson, Callum",FAU,4,14,1228,0,2,4,2,0
sanjosestate:powellchristian,"Powell, Christian",San Jose State,15,19,1226,1,0,6,2,0
furman:coxgabe,"Cox, Gabe",Furman,33,18,1225,1,0,10,5,0
xavier:mensahjrernest,"Mensah Jr., Ernest",Xavier,2,17,1218,1,0,11,2,0
smu:bynumlamar,"Bynum, Lamar",SMU,12,21,1210,0,2,9,2,0
navy:stewartnate,"Stewart, Nate",Navy,15,16,1210,1,0,10,3,0
maryland:thiesenbjarne,"Thiesen, Bjarne",Maryland,31,18,1205,1,0,10,5,0
robertmorris:norrisgabe,"Norris, Gabe",Robert Morris,8,18,1199,1,0,5,2,0
missouristate:wachowiczvictor,"Wachowicz, Victor",Missouri State,2,18,1197,0,2,3,1,0
mountstmarys:kehoejack,"Kehoe, Jack",Mount St. Mary's,24,15,1194,1,0,9,3,0
stbonaventure:addogabriel,"Addo, Gabriel",St. Bonaventure,7,14,1182,0,2,12,4,0
california:morrisonbeau,"Morrison, Beau",California,33,18,1178,1,0,4,2,0
calpoly:millerjackson,"Miller, Jackson",Cal Poly,16,18,1178,1,0,10,6,0
manhattan:bernardijohn,"Bernardi, John",Manhattan,22,14,1175,1,0,14,3,0
wisconsin:andrewskevin,"Andrews, Kevin",Wisconsin,7,15,1174,1,0,23,4,0
lindenwood:johnsonisaac,"Johnson, Isaac",Lindenwood,17,17,1171,1,0,16,8,0
rutgers:collinsnick,"Collins, Nick",Rutgers,4,17,1165,1,0,17,5,0
uic:nevarezcarlos,"Nevarez, Carlos",UIC,21,17,1164,1,0,11,1,0
georgewashington:vaghedisean,"Vaghedi, Sean",George Washington,3,16,1161,0,2,5,4,0
uab:melendezalan,"Melendez, Alan",UAB,14,15,1160,1,0,4,1,0
pittsburgh:sullivanmichael,"Sullivan, Michael",Pittsburgh,26,15,1160,1,0,12,2,0
oralroberts:morenojuan,"Moreno, Juan",Oral Roberts,11,16,1157,0,2,15,4,0
mountstmarys:schiaffiniluciano,"Schiaffini, Luciano",Mount St. Mary's,21,17,1146,1,0,11,6,0
pennstate:marshallmorgan,"Marshall, Morgan",Penn State,14,16,1137,0,2,4,2,0
stonehillcollege:hargravescolin,"Hargraves, Colin",Stonehill College,31,14,1137,0,2,3,2,0
purduefortwayne:leonchristian,"Leon, Christian",Purdue Fort Wayne,11,16,1135,0,2,6,1,0
coastalcarolina:klaasenloed,"Klaasen, Loed",Coastal Carolina,8,15,1134,1,0,24,8,0
wisconsin:jonesellis,"Jones, Ellis",Wisconsin,25,14,1133,1,0,14,4,0
njit:aguirrerosasjustin,"Aguirre-Rosas , Justin",NJIT,13,14,1132,0,2,4,2,0
lemoynecollege:henriksenvictorboje,"Henriksen, Victor Boje",Le Moyne College,34,13,1124,1,0,7,3,0
wofford:jonespaul,"Jones, Paul",Wofford,17,17,1122,1,0,6,1,0
gonzaga:brunkhudson,"Brunk, Hudson",Gonzaga,19,16,1118,1,0,4,1,0
georgiasouthern:seherjulien,"Seher, Julien",Georgia Southern,13,16,1117,0,2,3,0,0
calpoly:ramakatsabakuena,"Ramakatsa, Bakuena",Cal Poly,22,19,1112,0,2,24,9,0
sandiegostate:nguepissicianole,"Nguepissi, Cianole",San Diego State,20,15,1100,0,2,0,0,0
omaha:astwoodnaz,"Astwood, Naz",Omaha,18,15,1098,1,0,7,3,0
siue:zomenocarles,"Zomeno, Carles",SIUE,6,14,1095,1,0,7,2,0
sacredheart:brekisigurdssonivan,"Breki Sigurdsson, Ivan",Sacred Heart,22,16,1093,1,0,7,1,0
bryant:jacobstibo,"Jacobs, Tibo",Bryant,13,17,1088,1,0,8,4,0
marshall:holmesryan,"Holmes, Ryan",Marshall,5,21,1077,0,2,7,2,0
mercer:reddtommy,"Redd, Tommy",Mercer,5,18,1064,0,2,9,3,0
californiabaptist:cordesdavid,"Cordes, David",California Baptist,2,18,1062,1,0,8,2,0
centralarkansas:roblesandres,"Robles, Andres",Central Arkansas,12,15,1061,0,2,9,4,0
fgcu:windschauerlucas,"Windschauer, Lucas",FGCU,3,13,1053,1,0,8,2,0
stonehillcollege:kampejack,"Kampe, Jack",Stonehill College,33,16,1052,1,0,10,3,0
utahtech:saldanaangel,"Saldana, Angel",Utah Tech,21,17,1050,1,0,7,2,0
lindenwood:perestrelohenrique,"Perestrelo, Henrique",Lindenwood,10,17,1049,0,2,10,4,0
westvirginia:huckabydante,"Huckaby, Dante",West Virginia,25,19,1047,0,2,7,1,0
northcarolina:oferralparker,"O'Ferral, Parker",North Carolina,21,18,1044,1,0,7,3,0
siena:vrdoljaktomislav,"Vrdoljak, Tomislav",Siena,18,13,1044,0,2,3,0,0
southcarolina:goldsworthyandrew,"Goldsworthy, Andrew",South Carolina,2,12,1040,0,2,3,1,0
holycross:williamsjake,"Williams, Jake",Holy Cross,26,16,1036,0,2,13,3,0
furman:siegelwesley,"Siegel, Wesley",Furman,23,18,1035,1,0,19,4,0
manhattan:akkinassim,"Akki, Nassim",Manhattan,5,12,1035,0,2,4,2,0
quinnipiac:rosengrengustaf,"Rosengren, Gustaf",Quinnipiac,25,17,1034,0,2,6,1,0
saintpeters:ormerodharvey,"Ormerod, Harvey",Saint Peter's,12,13,1034,1,0,13,4,0
pacific:goveadaniel,"Govea, Daniel",Pacific,8,16,1024,0,2,6,1,0
westernmichigan:hodgsontanner,"Hodgson, Tanner",Western Michigan,16,20,1023,0,2,7,1,0
brown:dagostinistefano,"D'Agostini, Stefano",Brown,30,17,1022,1,0,2,1,0
saintmarys:smithian,"Smith, Ian",Saint Mary's,17,15,1021,1,0,10,4,0
milwaukee:goodmanmitch,"Goodman, Mitch",Milwaukee,25,13,1020,0,2,1,0,0
fairfield:naickerkris,"Naicker, Kris",Fairfield,13,16,1016,1,0,8,6,0
northernkentucky:mundellcaleb,"Mundell, Caleb",Northern Kentucky,2,14,1013,1,0,3,2,0
northernkentucky:fajardodouglas,"Fajardo, Douglas",Northern Kentucky,4,14,1001,0,2,13,2,0
utahvalley:walktrevor,"Walk, Trevor",Utah Valley,21,18,997,0,2,7,3,0
notredame:bartlettjacob,"Bartlett, Jacob",Notre Dame,16,16,996,1,0,9,2,0
rhodeisland:clarketosczaknikos,"Clarke-Tosczak, Nikos",Rhode Island,3,11,990,0,2,4,2,0
loyolamarymount:smallsmydas,"Smalls, Mydas",Loyola Marymount,11,17,990,0,2,13,3,0
liberty:blayperry,"Blay, Perry",Liberty,2,17,990,0,2,12,2,0
williammary:cooperaugie,"Cooper, Augie",William & Mary,21,11,990,1,0,6,1,0
kentucky:franzottimateo,"Franzotti, Mateo",Kentucky,27,15,987,1,0,10,3,0
pennstate:liscumben,"Liscum, Ben",Penn State,20,16,978,1,0,4,1,0
california:hopkinssantiago,"Hopkins, Santiago",California,29,18,975,0,2,2,0,0
uscupstate:dietrichfabian,"Dietrich, Fabian",USC Upstate,10,16,969,0,2,7,3,0
stonybrook:penneybruno,"Penney, Bruno",Stony Brook,15,16,964,1,0,6,1,0
georgetown:buckjoe,"Buck, Joe",Georgetown,8,16,961,0,2,17,2,0
jacksonville:dannerpaul,"Danner, Paul",Jacksonville,6,11,960,0,2,2,1,0
templeuniversity:zapolskikhnikolai,"Zapolskikh, Nikolai",Temple University,3,17,959,1,0,5,3,0
ucsantabarbara:goelingmikkel,"Goeling, Mikkel",UC Santa Barbara,8,18,958,0,2,19,4,0
santaclara:efratitamar,"Efrat, Itamar",Santa Clara,16,15,953,1,0,9,6,0
virginia:akoumvictor,"Akoum, Victor",Virginia,17,18,952,1,0,6,1,0
bostonuniversity:rentandrew,"Rent, Andrew",Boston University,11,18,951,0,2,10,6,0
utahtech:arguellodamian,"Arguello, Damian",Utah Tech,10,15,950,1,0,15,8,0
houstonchristian:presslerron,"Pressler, Ron",Houston Christian,27,20,946,1,0,7,2,0
charlotte:mccarthydaire,"McCarthy, Daire",Charlotte,24,19,937,1,0,7,3,0
westernmichigan:chapelasduarte,"Chapelas, Duarte",Western Michigan,6,17,934,1,0,10,6,0
greenbay:fongaidan,"Fong, Aidan",Green Bay,2,13,932,1,0,4,2,0
lasalle:steffenleon,"Steffen, Leon",La Salle,25,14,930,1,0,4,2,0
incarnateword:bakerrochaine,"Baker, Rochaine",Incarnate Word,4,11,923,1,0,3,1,0
creighton:alvarezfabian,"Alvarez, Fabian",Creighton,2,16,915,1,0,6,2,0
davidsoncollege:wardpatrick,"Ward, Patrick",Davidson College,12,18,915,1,0,6,3,0
michiganstate:sogashion,"Soga, Shion",Michigan State,24,17,911,0,2,18,4,0
campbell:bendovlotem,"Ben Dov, Lotem",Campbell,6,17,911,1,0,19,6,0
stonybrook:smithkyle,"Smith, Kyle",Stony Brook,5,16,906,0,2,7,1,0
lindenwood:caldwellcameron,"Caldwell, Cameron",Lindenwood,4,15,900,0,2,4,1,0
templeuniversity:votelcharlie,"Votel, Charlie",Temple University,19,17,896,1,0,12,8,0
lafayette:houlihancarter,"Houlihan, Carter",Lafayette,18,11,895,0,2,4,2,0
wofford:rahbeckkalle,"Rahbeck, Kalle",Wofford,12,15,890,1,0,19,5,0
templeuniversity:bazanedgar,"Bazan, Edgar",Temple University,16,18,887,1,0,8,3,0
bostonuniversity:soczynskiandrew,"Soczynski, Andrew",Boston University,27,18,885,0,2,0,0,0
utahvalley:cordeiromanuel,"Cordeiro, Manuel",Utah Valley,6,17,885,1,0,2,1,0
brown:pillarlevi,"Pillar, Levi",Brown,27,17,881,0,2,9,6,0
bostoncollege:torobryan,"Toro, Bryan",Boston College,6,17,876,1,0,15,4,0
charlotte:evangelouandreas,"Evangelou, Andreas",Charlotte,4,19,871,0,2,6,1,0
queens:canovasrodrigo,"Canovas, Rodrigo",Queens,22,15,870,1,0,5,2,0
rutgers:crutherscole,"Cruthers, Cole",Rutgers,8,16,869,0,2,7,5,0
oregonstate:morlanspol,"Morlans, Pol",Oregon State,2,17,867,1,0,5,1,0
vmi:reidconner,"Reid, Conner",VMI,4,13,862,1,0,4,3,0
californiabaptist:quispeljan,"Quispel, Jan",California Baptist,12,17,857,0,2,3,1,0
michiganstate:spadaforajake,"Spadafora, Jake",Michigan State,22,17,854,0,2,14,6,0
airforce:zaalogan,"Zaa, Logan",Air Force,22,16,851,1,0,13,4,0
unlv:gelebartlucas,"Gelebart, Lucas",UNLV,7,17,847,0,2,13,6,0
elon:nenningersumner,"Nenninger, Sumner",Elon,25,14,845,1,0,3,2,0
newhaven:trastulligianluca,"Trastulli, Gianluca",New Haven,16,13,845,1,0,5,2,0
lemoynecollege:allportrhys,"Allport, Rhys",Le Moyne College,19,12,843,1,0,16,6,0
indiana:minzeybreckin,"Minzey, Breckin",Indiana,19,19,843,1,0,4,1,0
louisville:tatafumason,"Tatafu, Mason",Louisville,5,17,841,1,0,5,2,0
omaha:bokotaelie,"Bokota, Elie",Omaha,14,15,839,1,0,15,4,0
njit:magozamit,"Magoz, Amit",NJIT,25,15,835,1,0,17,5,0
liu:sowpapa,"Sow, Papa",LIU,2,10,832,0,2,7,1,0
stetson:freitasjoao,"Freitas, Joao",Stetson,17,13,821,1,0,8,3,0
etsu:neijenhuisdave,"Neijenhuis, Dave",ETSU,2,10,819,1,0,5,2,0
iuindy:velingsgijs,"Velings, Gijs",IU Indy,8,12,813,1,0,4,2,0
holycross:cullkevin,"Cull, Kevin",Holy Cross,13,16,810,0,2,8,3,0
stetson:donatobenjamin,"Donato, Benjamin",Stetson,14,12,810,0,2,7,3,0
villanova:dawesoneil,"Dawes, O'Neil",Villanova,24,13,809,1,0,2,1,0
stanford:chowalex,"Chow, Alex",Stanford,20,19,807,0,2,6,1,0
michigan:otoolepatrick,"O'Toole, Patrick",Michigan,2,18,802,1,0,2,2,0
vcu:tuckermouhamed,"Tucker, Mouhamed",VCU,20,15,801,1,0,9,5,0
centralarkansas:francoumatheo,"Francou, Matheo",Central Arkansas,15,13,793,1,0,2,1,0
utahtech:godinezanthony,"Godinez, Anthony",Utah Tech,3,12,793,1,0,10,4,0
gardnerwebb:wesselswyand,"Wessels, Wyand",Gardner-Webb,6,20,779,1,0,5,2,0
templeuniversity:brownnathan,"Brown, Nathan",Temple University,20,17,770,1,0,12,6,0
sandiego:dillontrevor,"Dillon, Trevor",San Diego,12,15,766,0,2,4,2,0
mountstmarys:sacarellosmackie,"Sacarellos, Mackie",Mount St. Mary's,6,9,764,0,2,1,0,0
airforce:flynnsean,"Flynn, Sean",Air Force,17,17,763,1,0,3,2,0
ucsandiego:mcgeeandrew,"McGee, Andrew",UC San Diego,17,16,759,1,0,21,7,0
uab:heltsimon,"Helt, Simon",UAB,18,15,759,0,2,4,2,0
stetson:loriotclarence,"Loriot, Clarence",Stetson,5,10,755,1,0,4,2,0
saintpeters:somovkaloyan,"Somov, Kaloyan",Saint Peter's,25,15,753,1,0,6,2,0
vmi:chaffeyelliot,"Chaffey, Elliot",VMI,32,12,752,0,2,11,4,0
charleston:bendvoldstian,"Bendvold, Stian",Charleston,27,17,751,1,0,17,6,0
colgate:staffordcason,"Stafford, Cason",Colgate,10,12,747,1,0,14,6,0
templeuniversity:medillgeorge,"Medill, George",Temple University,24,17,738,1,0,12,5,0
loyolachicago:janjicpetar,"Janjic, Petar",Loyola Chicago,15,13,736,0,2,12,3,0
easternillinois:khourysebastian,"Khoury, Sebastian",Eastern Illinois,15,16,732,1,0,13,5,0
howard:bacicangi,"Bacic, Angi",Howard,6,11,729,1,0,6,3,0
california:motagiancarlo,"Mota, Giancarlo",California,3,18,728,1,0,6,4,0
fgcu:barforoshluke,"Barforosh, Luke",FGCU,2,13,722,1,0,5,1,0
missouristate:peckmichael,"Peck, Michael",Missouri State,5,18,720,1,0,1,1,0
calstatebakersfield:solmazsinan,"Solmaz, Sinan",Cal State Bakersfield,4,8,720,1,0,6,2,0
calstatebakersfield:jogerstadrian,"Jogerst, Adrian",Cal State Bakersfield,23,8,720,1,0,8,4,0
umbc:schisslerricky,"Schissler, Ricky",UMBC,28,18,718,0,2,6,0,0
syracuse:rosenblattben,"Rosenblatt, Ben",Syracuse,15,17,716,1,0,6,4,0
niagara:spinamatheus,"Spina, Matheus",Niagara,10,10,714,1,0,12,7,0
stbonaventure:finelliluc,"Finelli, Luc",St. Bonaventure,16,16,712,1,0,5,3,0
stonehillcollege:lagoanate,"Lagoa, Nate",Stonehill College,18,9,711,1,0,10,3,0
charlotte:orthodoxouorthodoxos,"Orthodoxou, Orthodoxos",Charlotte,18,19,711,0,2,20,8,0
easternillinois:cornejojared,"Cornejo, Jared",Eastern Illinois,8,15,709,1,0,3,1,0
quinnipiac:pintojoao,"Pinto, Joao",Quinnipiac,2,11,706,1,0,6,3,0
furman:hernandezdiego,"Hernandez, Diego",Furman,10,17,706,0,2,19,7,0
uscupstate:ellisguy,"Ellis, Guy",USC Upstate,26,16,705,1,0,1,1,0
army:thomaskai,"Thomas, Kai",Army,20,14,703,0,2,5,2,0
easternillinois:pollockjake,"Pollock, Jake",Eastern Illinois,18,14,697,1,0,6,3,0
detroitmercy:wintersluke,"Winters, Luke",Detroit Mercy,3,12,696,0,2,4,1,0
brown:snaithjames,"Snaith, James",Brown,34,17,696,1,0,10,3,0
jacksonville:skinnermatthew,"Skinner, Matthew",Jacksonville,3,11,695,1,0,5,3,0
omaha:casillasjunior,"Casillas, Junior",Omaha,11,14,695,1,0,14,5,0
stetson:pinzonrafael,"Pinzon, Rafael",Stetson,6,15,691,1,0,1,1,0
iuindy:klaverstan,"Klaver, Stan",IU Indy,2,10,690,0,2,3,1,0
easternillinois:boykinadam,"Boykin, Adam",Eastern Illinois,11,16,687,1,0,13,9,0
rhodeisland:lykkegaardlucas,"Lykkegaard, Lucas",Rhode Island,15,10,678,1,0,5,2,0
fairfield:oliveiraalex,"Oliveira, Alex",Fairfield,23,13,678,0,2,4,1,0
merrimackcollege:bosiogabriele,"Bosio, Gabriele",Merrimack College,38,13,673,1,0,8,4,0
kansascity:cribbwesley,"Cribb, Wesley",Kansas City,31,19,668,1,0,4,2,0
california:guzmanadrian,"Guzman, Adrian",California,15,18,665,0,2,6,1,0
providence:garcialuis,"Garcia , Luis",Providence,21,22,664,1,0,15,3,0
calstatebakersfield:rocabogart,"Roca, Bogart",Cal State Bakersfield,2,8,662,0,2,2,1,0
michiganstate:guggemosjack,"Guggemos, Jack",Michigan State,19,17,657,1,0,19,8,0
sandiegostate:pacelladaniel,"Pacella, Daniel",San Diego State,13,17,655,1,0,9,5,0
saintpeters:sorensencuba,"Sorensen, Cuba",Saint Peter's,24,13,654,1,0,9,5,0
setonhall:strbecktim,"Ströbeck, Tim",Seton Hall,9,18,653,1,0,13,7,0
elon:klishchpetro,"Klishch, Petro",Elon,9,15,652,1,0,9,4,0
iuindy:radekecameron,"Radeke, Cameron",IU Indy,9,12,652,1,0,14,5,0
xavier:rhineharttaylor,"Rhinehart, Taylor",Xavier,9,17,648,1,0,13,5,0
michiganstate:saadmohamed,"Saad, Mohamed",Michigan State,9,17,648,1,0,13,7,0
tulsa:chonggyuwon,"Chong, Gyuwon",Tulsa,10,15,646,1,0,12,4,0
fairfield:dannersam,"Danner, Sam",Fairfield,29,14,643,0,2,9,2,0
southcarolina:cargillted,"Cargill, Ted",South Carolina,22,12,640,0,2,2,0,0
fdu:ferenacalex,"Ferenac, Alex",FDU,22,13,638,0,2,12,3,0
pacific:maldonadocarlos,"Maldonado, Carlos",Pacific,21,16,634,1,0,5,3,0
calstatebakersfield:velasquezjoey,"Velasquez, Joey",Cal State Bakersfield,21,8,632,1,0,4,2,0
grandcanyon:bidanessysolo,"Bidanessy, Solo",Grand Canyon,11,14,621,1,0,10,6,0
colgate:harrisethan,"Harris, Ethan",Colgate,13,12,617,0,2,0,0,0
stonehillcollege:lagoanathan,"Lagoa, Nathan",Stonehill College,18,8,610,1,0,7,1,0
yale:adjakplesimon,"Adjakple, Simon",Yale,23,16,610,1,0,10,4,0
princeton:papezdash,"Papez, Dash",Princeton,23,16,606,0,2,2,1,0
wofford:moldinhugo,"Moldin, Hugo",Wofford,5,11,603,1,0,4,2,0
iuindy:vermillionethan,"Vermillion, Ethan",IU Indy,10,10,599,0,2,14,4,0
westvirginia:christouconstantinos,"Christou, Constantinos",West Virginia,21,17,591,0,2,13,5,0
northernillinois:kellykevin,"Kelly, Kevin",Northern Illinois,10,8,589,1,0,9,4,0
furman:hilllandon,"Hill, Landon",Furman,19,17,587,1,0,2,1,0
georgiastate:hallbraiden,"Hall, Braiden",Georgia State,13,17,587,0,2,11,4,0
newhampshire:maxondylan,"Maxon, Dylan",New Hampshire,20,17,586,0,2,3,0,0
elon:flowersjahmir,"Flowers, Jahmir",Elon,23,15,586,1,0,8,1,0
umass:akintadeoliver,"Akintade, Oliver",UMass,29,11,585,0,2,6,3,0
michigan:parkermurphy,"Parker, Murphy",Michigan,16,19,583,0,2,3,0,0
etsu:wortonshewit,"Worton, Shewit",ETSU,25,11,582,1,0,8,2,0
fairfield:rangihaeatakaea,"Rangihaeata, Kaea",Fairfield,17,14,578,0,2,10,4,0
sacramentostate:padillavincent,"Padilla, Vincent",Sacramento State,20,17,576,0,2,7,0,0
california:knightonjustin,"Knighton, Justin",California,7,18,575,1,0,9,2,0
drexel:banacloycesar,"Banacloy, Cesar",Drexel,7,16,575,0,2,17,5,0
southflorida:richardsontyler,"Richardson, Tyler",South Florida,13,13,575,1,0,7,4,0
virginia:cordovacesar,"Cordova, Cesar",Virginia,13,17,574,0,2,13,3,0
seattle:mungombadavis,"Mungomba, Davis",Seattle,5,14,574,1,0,1,1,0
saintmarys:strangionick,"Strangio, Nick",Saint Mary's,3,14,574,1,0,5,3,0
calstatebakersfield:estradakevin,"Estrada, Kevin",Cal State Bakersfield,17,7,574,0,2,3,0,0
sanfrancisco:joneskian,"Jones, Kian",San Francisco,2,16,572,0,2,4,1,0
sanfrancisco:knighttj,"Knight, TJ",San Francisco,11,16,570,1,0,10,4,0
calpoly:alongeashton,"Alonge, Ashton",Cal Poly,14,19,569,1,0,11,3,0
ncstate:noeckerwill,"Noecker, Will",NC State,23,20,567,1,0,4,2,0
wisconsin:hrvojevicmarkie,"Hrvojevic, Markie",Wisconsin,9,15,559,0,2,9,4,0
virginia:woodhayes,"Wood, Hayes",Virginia,7,16,558,1,0,12,7,0
penn:niehenkejoaquin,"Niehenke, Joaquin",Penn,5,16,558,0,2,2,1,0
uncgreensboro:lachekarsami,"Lachekar, Sami",UNC Greensboro,22,14,557,1,0,2,1,0
binghamton:balkeyalex,"Balkey, Alex",Binghamton,12,7,557,1,0,7,1,0
stetson:ruttcharlie,"Rutt, Charlie",Stetson,26,13,552,1,0,3,3,0
airforce:dauntryan,"Daunt, Ryan",Air Force,11,18,551,1,0,8,4,0
santaclara:sullivanandrew,"Sullivan, Andrew",Santa Clara,19,12,545,0,2,16,5,0
stonybrook:bakabulindimoses,"Bakabulindi, Moses",Stony Brook,20,16,544,1,0,9,6,0
ucsantabarbara:kamienskiandrew,"Kamienski, Andrew",UC Santa Barbara,19,6,540,1,0,5,2,0
wrightstate:kedgleyroman,"Kedgley, Roman",Wright State,7,13,538,0,2,8,4,0
niagara:fentonlucas,"Fenton, Lucas",Niagara,7,10,537,1,0,6,4,0
newhaven:maiellodavide,"Maiello, Davide",New Haven,12,13,537,1,0,6,4,0
ucsantabarbara:salariocean,"Salari, Ocean",UC Santa Barbara,22,18,535,0,2,8,5,0
universityofsouthernindiana:martindalebrock,"Martindale, Brock",University of Southern Indiana,6,11,535,1,0,8,3,0
unlv:crisostomosawyer,"Crisostomo, Sawyer",UNLV,26,15,533,0,2,8,0,0
delaware:fernandezcarlos,"Fernandez, Carlos",Delaware,9,14,533,0,2,12,5,0
njit:francogoncalo,"Franco , Goncalo",NJIT,8,8,533,1,0,9,3,0
ucdavis:buiescott,"Buie, Scott",UC Davis,9,15,531,1,0,6,4,0
syracuse:mingsachiel,"Ming, Sachiel",Syracuse,24,17,527,0,2,9,5,0
villanova:oladelejosh,"Oladele, Josh",Villanova,18,14,525,0,2,3,0,0
southflorida:platajulio,"Plata, Julio",South Florida,6,14,524,1,0,5,1,0
lafayette:duschangcole,"Duschang, Cole",Lafayette,16,10,524,1,0,6,4,0
vcu:ibrahimmohammed,"Ibrahim, Mohammed",VCU,30,14,520,0,2,19,8,0
lindenwood:connollyquinn,"Connolly, Quinn",Lindenwood,34,12,519,1,0,6,3,0
missouristate:ruffolucidion,"Ruffo Luci, Dion",Missouri State,15,18,510,0,2,6,1,0
tulsa:badgerclement,"Badger , Clement",Tulsa,17,15,508,1,0,13,5,0
xavier:bricenolan,"Brice, Nolan",Xavier,3,17,508,1,0,3,2,0
fau:stewartajay,"Stewart, Ajay",FAU,16,14,505,1,0,6,1,0
gardnerwebb:orrjaylen,"Orr, Jaylen",Gardner-Webb,26,20,504,1,0,7,5,0
loyolamarymount:wilsonanthony,"Wilson, Anthony",Loyola Marymount,18,12,503,0,2,12,4,0
omaha:perkinsbrett,"Perkins, Brett",Omaha,27,15,498,1,0,11,3,0
stonybrook:wilsonnicholas,"Wilson, Nicholas",Stony Brook,4,15,495,1,0,2,2,0
villanova:dixonkyle,"Dixon, Kyle",Villanova,14,14,493,1,0,7,3,0
olddominion:madrigalnoah,"Madrigal, Noah",Old Dominion,28,15,490,1,0,5,1,0
ohiostate:creechtanner,"Creech, Tanner",Ohio State,9,21,490,1,0,13,8,0
american:parrareyes,"Parra, Reyes",American,17,14,490,0,2,4,3,0
massachusetts:willismike,"Willis, Mike",Massachusetts,2,7,490,0,2,3,1,0
fiu:barosenadrian,"Barosen, Adrian",FIU,19,17,489,0,2,4,2,0
charlotte:negrialessandro,"Negri, Alessandro",Charlotte,8,19,487,1,0,7,4,0
oakland:dajicmilan,"Dajic, Milan",Oakland,26,15,487,1,0,11,6,0
northflorida:mattocksalfie,"Mattocks, Alfie",North Florida,3,15,484,0,2,2,0,0
vmi:mcgovernconor,"McGovern, Conor",VMI,3,11,484,1,0,1,1,0
hofstra:armasaleksei,"Armas, Aleksei",Hofstra,34,18,483,1,0,3,1,0
binghamton:yatesluke,"Yates , Luke",Binghamton,4,6,483,1,0,5,2,0
missouristate:verdirosidaniele,"Verdirosi, Daniele",Missouri State,22,18,478,1,0,12,5,0
westvirginia:nyenkasam,"Nyenka, Sam",West Virginia,11,19,477,0,2,10,2,0
washington:obriennick,"O'Brien, Nick",Washington,20,21,476,1,0,9,5,0
saintmarys:cowancade,"Cowan, Cade",Saint Mary's,10,12,474,1,0,10,2,0
xavier:mensahishmael,"Mensah, Ishmael",Xavier,16,16,471,1,0,5,2,0
omaha:stukenholtzmikey,"Stukenholtz, Mikey",Omaha,20,15,469,0,2,12,5,0
radford:rubioamayacesar,"Rubio-Amaya, Cesar",Radford,37,10,467,1,0,14,7,0
binghamton:egangaven,"Egan, Gaven",Binghamton,21,7,464,1,0,4,1,0
pacific:galvanjorge,"Galvan, Jorge",Pacific,22,14,463,1,0,9,6,0
harvard:ojanenjuho,"Ojanen, Juho",Harvard,14,13,462,0,2,10,3,0
calpoly:colleynathan,"Colley, Nathan",Cal Poly,17,10,459,1,0,4,2,0
liberty:farnersam,"Farner, Sam",Liberty,9,17,456,1,0,9,4,0
mercyhurst:lovettfrank,"Lovett, Frank",Mercyhurst,10,14,454,1,0,7,3,0
mercer:aimiuwuehi,"Aimiuwu, Ehi",Mercer,13,15,454,1,0,10,5,0
gonzaga:onentiageremi,"Onentia, Geremi",Gonzaga,7,17,451,1,0,4,1,0
csubakersfield:jogerstadrian,"Jogerst, Adrian",CSU Bakersfield,23,5,450,1,0,9,3,0
uvm:murraymax,"Murray, Max",UVM,36,5,450,1,0,2,1,0
uncgreensboro:baderkeanan,"Bader, Keanan",UNC Greensboro,10,14,449,1,0,8,2,0
california:jacobsadrian,"Jacobs, Adrian",California,35,18,448,1,0,10,4,0
vcu:abdulmateensulaiman,"Abdul-Mateen, Sulaiman",VCU,35,14,448,1,0,7,3,0
utahvalley:odehnaime,"Odeh, Naime",Utah Valley,20,14,440,0,2,4,1,0
etsu:bahurabdi,"Bahur, Abdi",ETSU,10,10,438,0,2,9,4,0
sacredheart:steineli,"Stein, Eli",Sacred Heart,12,15,436,1,0,6,5,0
bradley:saraivajoao,"Saraiva, Joao",Bradley,10,7,429,1,0,6,3,0
georgewashington:robertsfinn,"Roberts, Finn",George Washington,10,16,428,0,2,8,1,0
marquette:nesthuslucas,"Nesthus, Lucas",Marquette,8,17,427,1,0,9,3,0
syracuse:zambranocarlos,"Zambrano, Carlos",Syracuse,11,17,424,1,0,13,4,0
georgewashington:demottjared,"DeMott, Jared",George Washington,5,15,422,1,0,3,2,0
clemson:jimenezmason,"Jimenez, Mason",Clemson,16,18,415,1,0,4,2,0
lasalle:yurgelsean,"Yurgel, Sean",La Salle,14,14,415,1,0,16,9,0
portland:arorefetobo,"Aror, Efetobo",Portland,8,8,413,1,0,1,1,0
oakland:benfordluke,"Benford, Luke",Oakland,29,13,410,0,2,6,2,0
saintpeters:melchioriguilherme,"Melchiori, Guilherme",Saint Peter's,10,14,409,1,0,5,4,0
chicagostate:brockertkresszephyn,"Brockert-Kress, Zephyn",Chicago State,16,7,409,1,0,3,2,0
fiu:ngelekaprince,"Ngeleka, Prince",FIU,14,12,406,1,0,5,1,0
portland:umarmuslim,"Umar, Muslim",Portland,11,11,402,1,0,9,5,0
airforce:poppellbradley,"Poppell, Bradley",Air Force,2,16,400,1,0,9,2,0
loyolauniversitymaryland:ogorchris,"Ogor, Chris",Loyola University Maryland,14,5,399,0,2,3,1,0
loyolauniversitymaryland:herleycharlie,"Herley, Charlie",Loyola University Maryland,28,5,399,0,2,5,3,0
penn:sullivanowen,"Sullivan, Owen",Penn,34,16,395,1,0,5,3,0
quinnipiac:tellebenjamin,"Telle, Benjamin",Quinnipiac,27,15,394,1,0,7,3,0
northflorida:taylorangus,"Taylor, Angus",North Florida,7,16,393,1,0,13,5,0
yale:jayaydin,"Jay, Aydin",Yale,11,14,393,1,0,7,6,0
saintjosephs:blakedriehuis,Blake Driehuis,Saint Joseph's,9,5,391,1,0,13,3,0
stbonaventure:sutherlandneshawn,"Sutherland, Neshawn",St. Bonaventure,17,15,390,1,0,10,5,0
northwestern:shreinerluke,"Shreiner, Luke",Northwestern,13,13,389,0,2,2,0,0
ucsandiego:brownwoody,"Brown, Woody",UC San Diego,32,18,388,1,0,3,2,0
wakeforest:parissidney,"Paris, Sidney",Wake Forest,11,19,386,1,0,10,4,0
davidsoncollege:ibetobe,"Ibe, Tobe",Davidson College,21,18,386,1,0,11,3,0
csubakersfield:ogunrashaad,"Ogun, Rashaad",CSU Bakersfield,11,6,382,1,0,7,4,0
uab:calderonisaac,"Calderon, Isaac",UAB,10,15,381,1,0,14,4,0
loyolauniversitymaryland:luchiesjordy,"Luchies, Jordy",Loyola University Maryland,4,5,381,1,0,3,2,0
massachusetts:stenzelkyle,"Stenzel, Kyle",Massachusetts,14,6,380,1,0,2,2,0
uri:walkerkeegan,"Walker, Keegan",URI,10,5,379,1,0,11,6,0
jacksonville:raghoebarken,"Raghoebar, Ken",Jacksonville,7,9,377,1,0,1,1,0
uncasheville:leonardtyler,"Leonard, Tyler",UNC Asheville,4,12,377,1,0,2,1,0
stonehillcollege:hineschristopher,"Hines, Christopher",Stonehill College,21,10,376,1,0,3,1,0
brown:balleanimike,"Balleani, Mike",Brown,14,17,376,1,0,4,2,0
bellarmine:nissenliejohan,"Nissen-Lie, Johan",Bellarmine,11,13,376,1,0,9,7,0
quinnipiac:pintojoo,"Pinto, João",Quinnipiac,2,5,376,0,2,4,1,0
csubakersfield:mautinoconnor,"Mautino, Connor",CSU Bakersfield,12,5,375,1,0,10,5,0
creighton:boumnlendamos,"Boum Nlend, Amos",Creighton,9,17,374,1,0,8,2,0
sacredheart:woelperalejo,"Woelper, Alejo",Sacred Heart,24,14,373,1,0,6,2,0
chicagostate:odhiambohilary,"Odhiambo, Hilary",Chicago State,30,5,373,1,0,8,2,0
mercyhurst:kutschbachriley,"Kutschbach, Riley",Mercyhurst,44,11,371,1,0,4,2,0
uvm:baziniyaniv,"Bazini, Yaniv",UVM,11,5,371,1,0,20,8,0
jacksonville:gonzalezjuanpablo,"Gonzalez, Juan Pablo",Jacksonville,26,9,369,1,0,4,2,0
ucf:funakoshisora,"Funakoshi, Sora",UCF,19,13,369,1,0,4,1,0
williammary:howeshamilton,"Howes, Hamilton",William & Mary,2,8,369,1,0,2,1,0
uvm:zellefrowryan,"Zellefrow, Ryan",UVM,27,5,366,1,0,9,3,0
saintmarys:bensonowen,"Benson, Owen",Saint Mary's,24,13,364,1,0,6,3,0
chicagostate:assafluka,"Assaf, Luka",Chicago State,22,6,364,1,0,2,1,0
unh:maiellodavide,"Maiello, Davide",UNH,12,6,364,1,0,5,3,0
mountstmarys:fanellianthony,"Fanelli, Anthony",Mount St. Mary's,18,7,364,1,0,3,1,0
american:hersheysamuel,"Hershey, Samuel",American,9,7,363,1,0,9,5,0
uscupstate:westollie,"West, Ollie",USC Upstate,22,16,361,1,0,2,2,0
lindenwood:smajlovicanis,"Smajlovic, Anis",Lindenwood,12,11,360,1,0,9,3,0
sacredheart:lorenzzach,"Lorenz, Zach",Sacred Heart,21,13,359,0,2,5,2,0
columbiauniversity:wheatonschoppadrien,"Wheaton-Schopp, Adrien",Columbia University,7,14,357,1,0,3,2,0
loyolachicago:andruskomatthew,"Andrusko, Matthew",Loyola Chicago,22,11,356,1,0,7,1,0
saintmarys:christensendavid,"Christensen, David",Saint Mary's,21,15,355,1,0,6,1,0
loyolachicago:firsdaniel,"Firs, Daniel",Loyola Chicago,14,7,355,1,0,2,2,0
uscupstate:cobbbradyn,"Cobb, Bradyn",USC Upstate,20,13,348,1,0,5,2,0
virginiatech:escoemarcos,"Escoe, Marcos",Virginia Tech,10,14,347,0,2,6,2,0
queens:brownanthony,"Brown, Anthony",Queens,16,7,347,1,0,5,3,0
depaul:stegallchase,"Stegall, Chase",DePaul,19,16,345,1,0,8,5,0
rutgers:flynnaidan,"Flynn, Aidan",Rutgers,23,15,344,1,0,1,1,0
brown:elizaldediego,"Elizalde, Diego",Brown,23,16,343,1,0,5,1,0
californiabaptist:contestabileluca,"Contestabile, Luca",California Baptist,19,18,342,0,2,4,0,0
airforce:owenridge,"Owen, Ridge",Air Force,12,18,341,1,0,3,2,0
duquesne:rasmussenmarko,"Rasmussen, Marko",Duquesne,19,10,340,1,0,4,2,0
southcarolina:nickersongabe,"Nickerson, Gabe",South Carolina,30,9,336,1,0,5,2,0
williammary:caldaslucas,"Caldas, Lucas",William & Mary,9,7,327,0,2,8,1,0
akron:guardierosimon,"Guardiero, Simon",Akron,26,21,325,1,0,3,2,0
lipscomb:bryanwilliam,"Bryan, William",Lipscomb,27,16,325,1,0,8,4,0
olddominion:alvesnicholas,"Alves, Nicholas",Old Dominion,21,15,324,1,0,8,3,0
colgate:donovantimmy,"Donovan, Timmy",Colgate,9,9,323,1,0,4,2,0
niagarauniversity:talsmajeremy,"Talsma, Jeremy",Niagara University,21,4,322,1,0,3,2,0
massachusetts:purchaselayton,"Purchase, Layton",Massachusetts,27,6,322,1,0,11,4,0
penn:wagonerjack,"Wagoner, Jack",Penn,12,17,319,1,0,7,3,0
setonhall:sellwoodthomas,"Sellwood, Thomas",Seton Hall,18,18,316,1,0,3,1,0
newhaven:rosendavid,"Rosen, David",New Haven,2,11,316,1,0,7,3,0
uab:kellerhalsjake,"Kellerhals, Jake",UAB,32,15,315,0,2,0,0,0
georgetown:godinhoaidan,"Godinho, Aidan",Georgetown,13,15,315,1,0,2,2,0
loyolauniversitymaryland:nicholsrichie,"Nichols, Richie",Loyola University Maryland,8,5,314,1,0,2,2,0
fau:alfredmatthew,"Alfred, Matthew",FAU,17,14,312,1,0,1,1,0
butler:lunajosangel,"Luna, José Angel",Butler,11,12,312,1,0,4,1,0
princeton:nunezian,"Nunez, Ian",Princeton,9,11,312,1,0,11,5,0
northflorida:maskerbraden,"Masker, Braden",North Florida,20,15,309,1,0,6,2,0
radford:dannercarson,"Danner, Carson",Radford,33,13,306,1,0,3,1,0
grandcanyon:babacardialloserigne,"Babacar Diallo, Serigne",Grand Canyon,13,8,305,1,0,2,1,0
providence:montaltosam,"Montalto, Sam",Providence,31,21,304,0,2,2,0,0
marshall:sanykongloc,"Sany Kong, Loïc",Marshall,17,7,302,0,2,10,5,0
creighton:deppeaaron,"Deppe, Aaron",Creighton,25,17,300,0,2,2,1,0
utahtech:dinkelelijah,"Dinkel, Elijah",Utah Tech,18,15,297,1,0,2,2,0
southcarolina:burgessjack,"Burgess, Jack",South Carolina,8,11,296,1,0,1,1,0
sacramentostate:yanghiroshi,"Yang, Hiroshi",Sacramento State,12,11,295,1,0,2,1,0
colgate:johnsonwade,"Johnson, Wade",Colgate,23,10,294,0,2,4,0,0
bucknell:primenick,"Prime, Nick",Bucknell,24,16,293,1,0,4,1,0
missouristate:delcastillosergio,"Del Castillo, Sergio",Missouri State,25,18,290,1,0,6,4,0
binghamton:clarkbilly,"Clark, Billy",Binghamton,8,7,290,1,0,5,2,0
colgate:stjohnalex,"St. John, Alex",Colgate,27,12,288,1,0,5,3,0
bostonuniversity:abaikeke,"Abai, Keke",Boston University,28,17,288,1,0,4,2,0
saintmarys:ruzmirbj,"Ruzmir, BJ",Saint Mary's,23,14,288,1,0,3,1,0
dartmouthcollege:arveskrdouglas,"Arveskär, Douglas",Dartmouth College,9,9,283,1,0,5,2,0
calstatefullerton:mahoneylogan,"Mahoney, Logan",Cal State Fullerton,32,13,282,1,0,2,1,0
njit:rubisjake,"Rubis, Jake",NJIT,23,10,280,1,0,9,3,0
kentucky:carewiker,"Carew, Iker",Kentucky,14,15,280,1,0,7,4,0
fairfield:marinalex,"Marin, Alex",Fairfield,9,10,278,1,0,4,2,0
westvirginia:dekeldaksethan,"Dekel Daks, Ethan",West Virginia,17,17,277,1,0,6,3,0
fordham:messernoe,"Messer, Noe",Fordham,30,9,273,1,0,3,2,0
rideruniversity:bakerwilliam,"Baker, William",Rider University,13,16,272,1,0,9,4,0
uic:perezbrian,"Perez, Brian",UIC,11,13,271,1,0,4,2,0
unh:almozninosaar,"Almoznino, Saar",UNH,19,6,271,1,0,3,1,0
newjerseyinstituteoftechnology:sadlochaeric,"Sadlocha, Eric",New Jersey Institute of Technology,4,3,270,1,0,1,1,0
unf:khelilanton,"Khelil, Anton",UNF,22,3,270,1,0,6,1,0
manhattan:obrienronan,"O'Brien, Ronan",Manhattan,19,12,269,1,0,8,4,0
fairfield:rosenasher,"Rosen, Asher",Fairfield,11,10,269,1,0,4,2,0
etsu:sucklingryan,"Suckling, Ryan",ETSU,4,6,269,1,0,2,2,0
stetson:navanicolas,"Nava, Nicolas",Stetson,25,11,268,0,2,4,3,0
bellarmine:halevyalex,"Halevy, Alex",Bellarmine,7,15,267,1,0,4,2,0
drexel:appiahstephen,"Appiah, Stephen",Drexel,26,17,267,1,0,8,3,0
loyolamaryland:sweeneyjake,"Sweeney, Jake",Loyola Maryland,11,5,267,1,0,5,2,0
sacramentostate:dadziejonathan,"Dadzie, Jonathan",Sacramento State,23,7,266,1,0,2,1,0
stanford:sterobolouis,"Sterobo, Louis",Stanford,26,12,265,1,0,3,1,0
bradley:sinnaevejared,"Sinnaeve, Jared",Bradley,26,7,265,1,0,4,3,0
saintjosephs:tommasorossetto,Tommaso Rossetto,Saint Joseph's,19,5,263,1,0,10,3,0
loyolamd:herleycharlie,"Herley, Charlie",Loyola (MD),28,4,259,1,0,3,3,0
fau:hassellzach,"Hassell, Zach",FAU,21,14,258,1,0,9,4,0
fgcu:beemanbrooks,"Beeman, Brooks",FGCU,28,10,258,1,0,5,2,0
uvm:hartmanniels,"Hartman, Niels",UVM,8,3,257,1,0,2,2,0
uncgreensboro:sessomscolton,"Sessoms, Colton",UNC Greensboro,9,15,256,0,2,4,2,0
pc:cordovasteven,"Cordova, Steven",PC,6,3,255,0,2,2,1,0
loyolauniversitymaryland:kakayirapat,"Kakayira, Pat",Loyola University Maryland,2,5,255,0,2,0,0,0
lindenwood:haukelandjens,"Haukeland, Jens",Lindenwood,11,11,254,1,0,7,5,0
liberty:johnelijah,"John, Elijah",Liberty,19,14,252,1,0,9,4,0
quinnipiac:ostfynn,"Ost, Fynn",Quinnipiac,3,11,251,1,0,3,1,0
pc:maninreudd,"Manin, Reudd",PC,25,3,249,1,0,3,2,0
portland:chaoukisaad,"Chaouki, Saad",Portland,30,10,247,1,0,4,1,0
bradley:ngongangclaudel,"Ngongang, Claudel",Bradley,20,7,245,1,0,7,3,0
sacredheart:almuzararomeroalejandro,"Almuzara Romero, Alejandro",Sacred Heart,11,5,242,0,2,9,4,0
virginia:mikulaluc,"Mikula, Luc",Virginia,21,12,241,0,2,3,1,0
memphis:galizzilucho,"Galizzi, Lucho",Memphis,9,4,240,1,0,5,3,0
northernillinois:davistaylor,"Davis, Taylor",Northern Illinois,9,6,239,1,0,4,3,0
princeton:nuezian,"Nuñez, Ian",Princeton,9,8,239,1,0,6,4,0
canisius:villacortakevin,"Villacorta, Kevin",Canisius,15,4,238,1,0,2,2,0
michigan:elmquistgrayson,"Elmquist, Grayson",Michigan,29,19,236,1,0,5,2,0
csubakersfield:wangusijesse,"Wangusi, Jesse",CSU Bakersfield,10,4,236,1,0,5,2,0
calstatebakersfield:camarashammai,"Camara, Shammai",Cal State Bakersfield,3,8,234,0,2,3,1,0
centralarkansas:gomezaby,"Gomez, Aby",Central Arkansas,10,10,233,0,2,4,0,0
universityatalbany:gissurarsonivarorri,"Gissurarson, Ivar Orri",University at Albany,7,3,231,1,0,1,1,0
centralconnecticutstateuniversity:rabassaguillamonarnau,"Rabassa Guillamon, Arnau",Central Connecticut State University,9,3,230,1,0,8,6,0
oralroberts:spulercolin,"Spuler, Colin",Oral Roberts,24,11,228,1,0,5,4,0
radford:boothdax,"Booth, Dax",Radford,34,13,226,1,0,4,2,0
luc:ivancicluka,"Ivancic, Luka",LUC,12,3,225,1,0,7,3,0
unf:yearwoodjaylen,"Yearwood, Jaylen",UNF,8,3,225,0,2,0,0,0
georgetown:ponceocampomateo,"Ponce Ocampo, Mateo",Georgetown,10,16,223,1,0,5,2,0
unh:branquinhosandro,"Branquinho, Sandro",UNH,8,5,223,1,0,1,1,0
rideruniversity:rojekpatryk,"Rojek, Patryk",Rider University,23,15,221,1,0,4,2,0
umbc:hanksspencer,"Hanks, Spencer",UMBC,17,11,220,1,0,2,1,0
loyolamaryland:staffordcaden,"Stafford, Caden",Loyola Maryland,10,5,217,1,0,5,2,0
lwu:francombejosh,"Francombe, Josh",LWU,2,3,215,1,0,4,2,0
sandiego:villaldeainigo,"Villaldea, Inigo",San Diego,23,12,213,1,0,6,2,0
uca:roblesandres,"Robles, Andres",UCA,12,3,213,1,0,2,1,0
ucriverside:gonzalezethan,"Gonzalez, Ethan",UC Riverside,16,11,209,1,0,4,2,0
fgcu:maraversamuel,"Maraver, Samuel",FGCU,12,10,208,0,2,1,0,0
louisville:dargentogaetano,"D'Argento, Gaetano",Louisville,2,16,207,1,0,1,1,0
niagarauniversity:brooksthomas,"Brooks, Thomas",Niagara University,17,4,206,1,0,1,1,0
northwestern:gajadharjason,"Gajadhar, Jason",Northwestern,6,8,205,1,0,1,1,0
northeastern:devnanineil,"Devnani, Neil",Northeastern,32,9,205,0,2,3,1,0
ucirvine:conyersjustin,"Conyers, Justin",UC Irvine,15,17,205,1,0,4,2,0
georgetown:urrutiadavid,"Urrutia, David",Georgetown,11,14,201,1,0,2,1,0
armywestpoint:hadleymiles,"Hadley, Miles",Army West Point,22,3,200,1,0,2,1,0
rideruniversity:kotchdylan,"Kotch, Dylan",Rider University,17,14,199,1,0,5,4,0
loyolauniversitymaryland:flynntyler,"Flynn, Tyler",Loyola University Maryland,24,5,199,1,0,4,1,0
niagara:buscaglialuca,"Buscaglia, Luca",Niagara,6,7,198,1,0,3,1,0
princeton:zhanggarry,"Zhang, Garry",Princeton,30,18,198,1,0,3,1,0
depaul:iaccinoluca,"Iaccino, Luca",DePaul,23,16,193,1,0,2,1,0
trine:borakben,"Borak, Ben",Trine,10,3,193,1,0,2,1,0
bryant:rodriguezjorge,"Rodriguez, Jorge",Bryant,18,11,192,1,0,1,1,0
siena:limryan,"Lim, Ryan",Siena,7,12,192,1,0,7,2,0
vmi:mejiayeirin,"Mejia, Yeirin",VMI,16,12,191,1,0,6,1,0
creighton:brakkeryan,"Brakke, Ryan",Creighton,29,18,190,1,0,7,4,0
holycross:penzonegavin,"Penzone, Gavin",Holy Cross,14,12,187,1,0,1,1,0
oregonstate:huthjacob,"Huth, Jacob",Oregon State,5,16,183,0,2,2,2,0
radm:debruinjoep,"de Bruin, Joep",RADM,8,2,180,1,0,5,2,0
niu:divissam,"Divis, Sam",NIU,11,2,180,1,0,3,1,0
flaatlantic:widiezarthur,"Widiez, Arthur",Fla. Atlantic,14,2,180,0,2,0,0,0
uvm:bleekermike,"Bleeker, Mike",UVM,3,2,180,1,0,2,2,0
duquesne:badlerroni,"Badler, Roni",Duquesne,11,5,178,1,0,5,2,0
sacramentostate:careymontgomery,"Carey, Montgomery",Sacramento State,16,12,178,0,2,1,0,0
luc:baileygrant,"Bailey, Grant",LUC,20,3,178,1,0,5,2,0
bostoncollege:ochoadiego,"Ochoa, Diego",Boston College,4,17,177,1,0,5,1,0
iona:riverabruno,"Rivera, Bruno",Iona,29,8,174,1,0,1,1,0
easternillinois:kimberlingkyle,"Kimberling, Kyle",Eastern Illinois,14,5,174,1,0,2,1,0
american:webbjohnsonian,"Webb-Johnson, Ian",American,13,6,174,1,0,2,1,0
california:cortezisrael,"Cortez, Israel",California,31,18,172,1,0,3,3,0
northcarolina:hansenbertil,"Hansen, Bertil",North Carolina,13,8,171,1,0,3,1,0
luc:urdialeshugo,"Urdiales, Hugo",LUC,10,3,170,1,0,1,1,0
cornell:feherbalazs,"Feher, Balazs",Cornell,11,11,168,1,0,2,1,0
ucriverside:pontingwyatt,"Ponting, Wyatt",UC Riverside,21,11,167,1,0,5,3,0
floridaatlantic:frogsoncallum,"Frogson, Callum",Florida Atlantic,4,2,167,1,0,2,1,0
saintfrancisuniversity:mendesrodrigo,"Mendes, Rodrigo",Saint Francis University,9,3,165,1,0,4,3,0
vermont:bultmanpieter,"Bultman, Pieter",Vermont,25,5,163,1,0,1,1,0
chicagostate:baezbruno,"Baez, Bruno",Chicago State,8,6,163,1,0,5,2,0
washington:perettichris,"Peretti, Chris",Washington,11,17,161,1,0,3,1,0
siuedwardsville:abealnacho,"Abeal, Nacho",SIU Edwardsville,10,2,160,1,0,7,3,0
southcarolina:yahiamartin,"Yahia, Martin",South Carolina,19,10,159,1,0,3,2,0
brown:browncarlo,"Brown, Carlo",Brown,9,16,159,1,0,4,1,0
lwu:wrightmekhi,"Wright, Mekhi",LWU,23,3,158,1,0,2,2,0
loyolamd:sweeneyjake,"Sweeney, Jake",Loyola (MD),11,4,157,1,0,3,2,0
centralconnecticutstate:yamadataichi,"Yamada, Taichi",Central Connecticut State,23,3,157,1,0,5,2,0
ue:vivasjose,"Vivas, Jose",UE,10,2,156,1,0,3,1,0
creighton:reyesismael,"Reyes, Ismael",Creighton,28,18,155,0,2,3,1,0
umbc:stroudtyquan,"Stroud, Tyquan",UMBC,13,4,155,0,2,4,2,0
monmouth:tanseybrendan,"Tansey, Brendan",Monmouth,19,11,154,0,2,3,1,0
lwu:mentoorjermaine,"Mentoor, Jermaine",LWU,6,3,154,1,0,3,2,0
ust:kerrsidney,"Kerr, Sidney",UST,16,2,154,1,0,2,2,0
ju:correaolivier,"Correa, Olivier",JU,10,2,154,1,0,3,2,0
floridaatlantic:widiezarthur,"Widiez, Arthur",Florida Atlantic,14,2,154,0,2,3,0,0
bostoncollege:istamboulidanny,"Istambouli, Danny",Boston College,35,17,152,1,0,5,2,0
armywestpoint:bamgbalajubril,"Bamgbala, Jubril",Army West Point,10,3,152,1,0,4,2,0
flaatlantic:zettlsebastian,"Zettl, Sebastian",Fla. Atlantic,23,2,152,0,2,6,6,0
floridagulfcoast:chavescao,"Chaves, Cao",Florida Gulf Coast,8,3,151,1,0,2,2,0
vmi:gyselpeyton,"Gysel, Peyton",VMI,28,7,149,1,0,3,1,0
pc:rabarivonysandro,"Rabarivony, Sandro",PC,12,3,147,1,0,5,3,0
umasslowell:ferreirajonathan,"Ferreira, Jonathan",UMass Lowell,7,4,147,1,0,2,2,0
harvard:cuppsbobby,"Cupps, Bobby",Harvard,19,9,147,1,0,1,1,0
northernillinoisuniversity:divissam,"Divis, Sam",Northern Illinois University,11,2,147,1,0,2,1,0
houstonchristian:rodriguezsebastian,"Rodriguez, Sebastian",Houston Christian,5,7,146,1,0,2,2,0
drexel:perezgasibasebastian,"Perez-Gasiba, Sebastian",Drexel,22,17,144,1,0,8,3,0
lwu:bijounoe,"Bijou, Noe",LWU,15,2,144,1,0,3,2,0
utahvalley:lifferthzach,"Lifferth, Zach",Utah Valley,13,12,143,1,0,3,1,0
uri:montoroivan,"Montoro, Ivan",URI,8,2,142,1,0,1,1,0
lwu:gatesjohn,"Gates, John",LWU,19,3,140,1,0,7,4,0
iuindianapolis:vermillionethan,"Vermillion, Ethan",IU Indianapolis,10,2,140,1,0,2,2,0
niu:kellykevin,"Kelly, Kevin",NIU,10,2,139,1,0,4,2,0
calstatebakersfield:biggerstaffaaron,"Biggerstaff, Aaron",Cal State Bakersfield,20,5,139,1,0,4,3,0
columbiauniversity:sokolowskicy,"Sokolowski, Cy",Columbia University,15,13,138,1,0,3,2,0
stonehillcollege:vittinicholas,"Vitti, Nicholas",Stonehill College,11,6,137,1,0,5,3,0
holycross:kowalskijohn,"Kowalski, John",Holy Cross,6,10,137,1,0,1,1,0
lafayette:faustgabe,"Faust, Gabe",Lafayette,12,6,137,1,0,3,1,0
purduefortwayne:mahlmeisterseth,"Mahlmeister, Seth",Purdue Fort Wayne,9,9,135,1,0,4,2,0
ualbany:lindzach,"Lind, Zach",UAlbany,25,5,134,1,0,4,2,0
tulsa:belongian,"Belong, Ian",Tulsa,35,14,133,0,2,3,0,0
floridagulfcoast:yoshidashoki,"Yoshida, Shoki",Florida Gulf Coast,7,3,132,1,0,7,2,0
umass:omalleyaaron,"O'Malley, Aaron",UMass,6,6,132,1,0,1,1,0
colgate:geraghtyconor,"Geraghty, Conor",Colgate,29,10,131,1,0,2,2,0
utrgv:allenoneeko,"Allen, Oneeko",UTRGV,12,9,130,1,0,12,4,0
bellarmine:schoemehlbrendan,"Schoemehl, Brendan",Bellarmine,8,3,129,1,0,3,2,0
ju:resanooscar,"Resano, Oscar",JU,9,2,127,1,0,4,2,0
newhaven:huangdavid,"Huang, David",New Haven,23,6,126,1,0,2,2,0
ccsu:agyaredansoethan,"Agyare-Danso, Ethan",CCSU,16,2,125,1,0,3,1,0
fordham:langdaniel,"Lang, Daniel",Fordham,17,3,124,1,0,2,1,0
avl:hammondseth,"Hammond, Seth",AVL,11,2,123,1,0,5,2,0
easttennesseestate:idlibizayd,"Idlibi, Zayd",East Tennessee State,19,4,122,1,0,5,2,0
pc:dancemorgan,"Dance, Morgan",PC,8,3,122,1,0,6,2,0
uncasheville:haydenmiller,"Hayden, Miller",UNC Asheville,12,10,121,1,0,6,3,0
ue:diazcanejanacho,"Diaz-Caneja, Nacho",UE,22,2,121,1,0,5,1,0
uml:lakhlifiyanis,"Lakhlifi, Yanis",UML,9,2,119,1,0,6,3,0
siuedwardsville:sanfeliujacobo,"Sanfeliu, Jacobo",SIU Edwardsville,7,2,119,1,0,8,6,0
fau:woutersjoep,"Wouters, Joep",FAU,22,14,118,0,2,0,0,0
loyolamarymount:elashjosh,"Elash, Josh",Loyola Marymount,25,9,118,1,0,2,2,0
howard:welbornerayce,"Welborne, Rayce",Howard,17,7,117,1,0,2,1,0
georgiasouthern:picksleymitch,"Picksley, Mitch",Georgia Southern,14,15,114,1,0,3,3,0
northernillinois:montoyamartin,"Montoya, Martin",Northern Illinois,23,7,114,1,0,2,1,0
lwu:nancemateo,"Nance, Mateo",LWU,13,2,114,0,2,3,0,0
ucsantabarbara:aguilarsalvador,"Aguilar, Salvador",UC Santa Barbara,9,7,113,1,0,1,1,0
lemoynecollege:cardjackson,"Card, Jackson",Le Moyne College,10,6,112,1,0,3,3,0
saintfrancisuniversity:adamsjacob,"Adams, Jacob",Saint Francis University,12,3,111,1,0,1,1,0
ncaadivisioniichampionshipfirstroundvsconcord:henryrichard,"Henry, Richard",NCAA Division II Championship First Round vs Concord,13,1,110,1,0,6,2,0
maryland:rileymax,"Riley, Max",Maryland,12,19,109,0,2,2,1,0
bellarmine:franketeddy,"Franke, Teddy",Bellarmine,33,8,108,1,0,3,2,0
iuindianapolis:herrerajoseantonio,"Herrera, Jose Antonio",IU Indianapolis,22,2,108,1,0,2,1,0
trine:estepbraden,"Estep, Braden",Trine,7,3,107,1,0,1,1,0
uncasheville:behanconor,"Behan, Conor",UNC Asheville,27,9,106,1,0,2,2,0
uncgreensboro:mallerymaddox,"Mallery, Maddox",UNC Greensboro,2,10,104,1,0,1,1,0
avl:hamidaysa,"Hamid, Aysa",AVL,14,2,102,1,0,4,3,0
akron:agunbiaderemi,"Agunbiade, Remi",Akron,13,17,101,1,0,7,1,0
iuindianapolis:aschlimantyson,"Aschliman, Tyson",IU Indianapolis,25,2,98,1,0,1,1,0
depaul:mooresam,"Moore, Sam",DePaul,17,15,94,1,0,3,1,0
bu:fergusonian,"Ferguson, Ian",BU,37,2,92,1,0,3,2,0
unh:gabrieldarsein,"Gabriel, Darsein",UNH,37,5,91,1,0,5,4,0
army:drabenstottjack,"Drabenstott, Jack",Army,9,11,90,1,0,2,1,0
universityofnebraskaatomaha:lagomartin,"Lago, Martin",University of Nebraska at Omaha,6,1,90,1,0,2,2,0
stambrose:pizanilucas,"Pizani, Lucas",St. Ambrose,14,1,90,1,0,1,1,0
centralconnecticut:brownzane,"Brown, Zane",Central Connecticut,7,1,90,1,0,1,1,0
au:nunncooper,"Nunn, Cooper",AU,4,1,90,1,0,1,1,0
qncm:woodardcaleb,"Woodard, Caleb",QNCM,15,1,90,1,0,1,1,0
du:wyattgeorge,"Wyatt, George",DU,3,1,90,1,0,1,1,0
franklinpierce:lampreialimaantonio,"Lampreia Lima, Antonio",Franklin Pierce,10,1,90,0,2,5,1,0
csub:jogerstadrian,"Jogerst, Adrian",CSUB,23,1,90,1,0,6,1,0
gtown:lampmantate,"Lampman, Tate",GTOWN,25,1,90,1,0,1,1,0
csi:larosepeterson,"Larose, Peterson",CSI,28,1,90,1,0,2,1,0
southernnewhampshire:castrogabriel,"Castro, Gabriel",Southern New Hampshire,5,1,90,1,0,2,1,0
uno:chochoncarson,"Chochon, Carson",UNO,16,1,90,1,0,2,1,0
117429:sumnerdylan,"Sumner, Dylan",117429,8,1,90,1,0,6,4,0
thecitycollegeofnewyork:meliuskerneil,"Melius, Kerneil",The City College of New York,16,1,90,1,0,3,2,0
odu:wattevan,"Watt, Evan",ODU,4,1,90,1,0,3,1,0
odu:madrigalnoah,"Madrigal, Noah",ODU,28,1,90,1,0,4,1,0
no28marshall:rodriguesdossantoslineker,"Rodrigues dos Santos, Lineker",No. 2/#8 Marshall,7,1,90,1,0,3,2,0
longisland:sowpapa,"Sow, Papa",Long Island,2,1,90,1,0,2,1,0
loyolamaryland:sigurjnssonlafudari,"Sigurjónsson, Ólafu Dari",Loyola Maryland,12,3,89,1,0,2,1,0
georgemason:slavovasparuh,"Slavov, Asparuh",George Mason,10,7,86,1,0,6,2,0
floridaatlantic:diarramamadou,"Diarra, Mamadou",Florida Atlantic,35,2,86,0,2,1,0,0
floridagulfcoastuniversity:knightsbrowneaddrian,"Knights-Browne, Addrian",Florida Gulf Coast University,27,2,86,1,0,3,2,0
setonhill:moreiraesteban,"Moreira, Esteban",Seton Hill,5,1,84,1,0,1,1,0
emoryhenry:daleaj,"Dale, AJ",Emory & Henry,9,1,84,1,0,1,1,0
stjohns:fargnoliluca,"Fargnoli, Luca",St. John's,16,18,84,0,2,0,0,0
calbaptist:cordesdavid,"Cordes, David",Cal Baptist,2,1,84,1,0,1,1,0
stm:ribywilliamsronnie,"Riby-Williams, Ronnie",STM,13,1,84,1,0,2,2,0
indy:radekecameron,"Radeke, Cameron",INDY,9,1,82,1,0,4,2,0
ucdavis:leypongavin,"Leypon, Gavin",UC Davis,2,5,81,1,0,3,3,0
up:thorsenalbert,"Thorsen, Albert",UP,9,1,81,1,0,4,2,0
dartmouthcollege:vargasraul,"Vargas, Raul",Dartmouth College,27,15,81,1,0,2,1,0
averett:buckleyjonthomas,"Buckley, Jonthomas",Averett,18,1,81,1,0,2,1,0
americaninternational:botassopietro,"Botasso, Pietro",American International,9,1,81,1,0,1,1,0
post:tungemarkus,"Tunge, Markus",Post,8,1,79,1,0,1,1,0
loyola:tuckertyler,"Tucker, Tyler",Loyola,29,3,79,1,0,2,2,0
southcarolina:mateergrant,"Mateer, Grant",South Carolina,16,9,78,1,0,1,1,0
up:feitosaguilherme,"Feitosa, Guilherme",UP,10,1,78,1,0,5,3,0
quinnipiac:saputojrjoey,"Saputo Jr., Joey",Quinnipiac,9,5,78,1,0,2,2,0
unh:miyawakirintaro,"Miyawaki, Rintaro",UNH,14,2,78,1,0,1,1,0
lwu:palushajjozef,"Palushaj, Jozef",LWU,26,3,77,0,2,1,0,0
gb:coughlintommy,"Coughlin, Tommy",GB,17,1,77,1,0,2,2,0
ucla:scottsam,"Scott, Sam",UCLA,17,11,76,1,0,5,1,0
nova:bouregyjason,"Bouregy, Jason",NOVA,8,1,76,0,2,0,0,0
pc:spencejourdan,"Spence, Jourdan",PC,11,3,75,1,0,2,2,0
gb:paolucciandrew,"Paolucci, Andrew",GB,7,1,75,1,0,6,4,0
detroit:sylvainguershom,"Sylvain, Guershom",Detroit,10,1,75,1,0,2,2,0
franklinpierce:blazquezborja,"Blazquez, Borja",Franklin Pierce,18,1,75,1,0,1,1,0
utr:carrillojaime,"Carrillo, Jaime",UTR,20,1,74,1,0,1,1,0
newhaven:lydenthomas,"Lyden, Thomas",New Haven,31,6,74,0,2,4,2,0
bartoncollege:thurstonkai,"Thurston, Kai",Barton College,5,1,73,1,0,1,1,0
northgreenville:gulmezomer,"Gulmez, Omer",North Greenville,7,1,72,1,0,1,1,0
eckerd:thorarinssonrobert,"Thorarinsson, Robert",Eckerd,3,1,72,1,0,1,1,0
franklinpierce:araujojoao,"Araujo, Joao",Franklin Pierce,20,1,72,1,0,2,2,0
marywashington:bergcarter,"Berg, Carter",Mary Washington,9,1,71,1,0,3,1,0
rutgers:keatingbryan,"Keating, Bryan",Rutgers,29,15,70,1,0,2,2,0
emoryhenry:tobarmongejrcesar,"Tobar Monge, Jr., Cesar",Emory & Henry,16,1,69,1,0,1,1,0
southernnewhampshire:herrmannphilipp,"Herrmann, Philipp",Southern New Hampshire,9,1,69,1,0,2,1,0
saintmichaels:schrammamos,"Schramm, Amos",Saint Michael's,23,1,68,1,0,1,1,0
liu:snyderchayse,"Snyder, Chayse",LIU,16,1,67,1,0,4,3,0
northwest:corwinbrayden,"Corwin, Brayden",Northwest,3,1,67,1,0,1,1,0
fdu:bejaranojack,"Bejarano, Jack",FDU,14,9,67,1,0,4,3,0
siuedwardsville:karolczakjake,"Karolczak, Jake",SIU Edwardsville,22,2,67,1,0,4,2,0
bellarmine:sumnernore,"Sumner, Nore",Bellarmine,17,7,66,0,2,0,0,0
fau:schumakerethan,"Schumaker, Ethan",FAU,34,14,65,0,2,0,0,0
olivetnazarene:bonetalvaro,"Bonet, Alvaro",Olivet Nazarene,3,1,65,1,0,2,2,0
centralarkansas:nakazawakeiji,"Nakazawa, Keiji",Central Arkansas,26,5,64,1,0,3,1,0
niagarauniversity:woodsrobert,"Woods, Robert",Niagara University,12,4,64,1,0,1,1,0
wm:delgadosam,"Delgado, Sam",WM,15,1,64,1,0,1,1,0
lwu:serraldeezrah,"Serralde, Ezrah",LWU,17,2,64,0,2,1,0,0
radm:lampteycam,"Lamptey, Cam",RADM,31,1,63,1,0,1,1,0
nova:teduitsmichael,"teDuits, Michael",NOVA,17,1,63,1,0,3,1,0
bu:nahimmarcus,"Nahim, Marcus",BU,27,1,63,1,0,4,1,0
lindenwood:lovellconnor,"Lovell, Connor",Lindenwood,22,5,62,1,0,5,3,0
santaclara:cerimagicdzenan,"Cerimagic, Dzenan",Santa Clara,99,1,62,1,0,1,1,0
providence:betancurloperasteban,"Betancur Lopera, Steban",Providence,32,5,61,1,0,1,1,0
virginiacommonwealthuniversity:gallegosdamian,"Gallegos, Damian",Virginia Commonwealth University,7,1,60,1,0,4,2,0
ncaadivisioniichampionshipfirstroundvsconcord:amhoffabian,"Amhof, Fabian",NCAA Division II Championship First Round vs Concord,7,1,60,1,0,2,2,0
colgate:couryalejandro,"Coury, Alejandro",Colgate,11,6,59,1,0,1,1,0
fdu:treacyhindkiran,"Treacy-Hind, Kiran",FDU,31,8,59,1,0,1,1,0
bison:krumovdavid,"Krumov, David",BISON,15,1,59,1,0,1,1,0
lwu:adeyemidesmond,"Adeyemi, Desmond",LWU,19,2,58,1,0,3,2,0
colgateplsemifinal:donovantimmy,"Donovan, Timmy",Colgate — PL Semifinal,9,1,58,1,0,1,1,0
stcloudstate:caputophilip,"Caputo, Philip",St. Cloud State,10,1,57,1,0,1,1,0
rams:tuckermouhamed,"Tucker, Mouhamed",RAMS,20,1,57,1,0,1,1,0
coc:dambrosioleonardo,"D'Ambrosio, Leonardo",COC,10,1,56,1,0,1,1,0
westmont:lomelicole,"Lomeli, Cole",Westmont,10,2,56,1,0,3,1,0
hofstra:keanesean,"Keane, Sean",Hofstra,15,1,55,1,0,1,1,0
unlv:oketaniyuto,"Oketani, Yuto",UNLV,22,6,55,1,0,1,1,0
missouristate:lingjoseph,"Ling, Joseph",Missouri State,14,18,54,0,2,0,0,0
southfla:jonesasher,"Jones, Asher",South Fla.,18,3,54,1,0,1,1,0
eckerd:armstrongliam,"Armstrong, Liam",Eckerd,14,1,54,1,0,1,1,0
grandcanyonuniversity:bidanessysolo,"Bidanessy, Solo",Grand Canyon University,11,1,53,1,0,2,1,0
ucsd:valverdeandrew,"Valverde, Andrew",UCSD,7,1,53,1,0,1,1,0
ual:castilloander,"Castillo, Ander",UAL,9,1,52,1,0,1,1,0
universityoftheincarnateword:armendarizpeleg,"Armendariz, Peleg",University of the Incarnate Word,10,1,51,1,0,2,2,0
oregonstate:marquezaidan,"Marquez, Aidan",Oregon State,13,17,50,1,0,1,1,0
utr:roblesjason,"Robles, Jason",UTR,14,1,50,1,0,1,1,0
colgateuniversity:donovantimmy,"Donovan, Timmy",Colgate University,9,1,50,1,0,1,1,0
notredame:bartlettnico,"Bartlett, Nico",Notre Dame,8,6,49,1,0,1,1,0
coc:lenertmatt,"Lenert, Matt",COC,11,1,49,1,0,1,1,0
uab:faganpatrik,"Fagan, Patrik",UAB,19,14,48,1,0,2,1,0
merrimackcollege:hansonbenaiah,"Hanson, Benaiah",Merrimack College,24,5,48,1,0,1,1,0
qncm:feldmannmichel,"Feldmann, Michel",QNCM,19,1,48,1,0,2,2,0
calbaptist:lovellandrew,"Lovell, Andrew",Cal Baptist,22,1,48,1,0,1,1,0
du:iradukundaeloge,"Iradukunda, Eloge",DU,24,1,47,1,0,2,1,0
uvm:barlownash,"Barlow, Nash",UVM,12,4,46,1,0,2,1,0
rams:tourepapa,"Toure, Papa",RAMS,10,1,46,1,0,4,1,0
franklinpierce:chisholmandy,"Chisholm, Andy",Franklin Pierce,21,1,46,1,0,3,3,0
uno:kleintheo,"Klein, Theo",UNO,10,1,46,1,0,2,1,0
purduefortwayne:gillmanbrayden,"Gillman, Brayden",Purdue Fort Wayne,31,9,45,0,2,0,0,0
pc:jeanfreauryan,"Jeanfreau, Ryan",PC,27,3,45,1,0,2,1,0
canisius:floresedison,"Flores, Edison",Canisius,29,1,45,1,0,1,1,0
uno:pilonstlouismathis,"Pilon St-Louis, Mathis",UNO,7,1,44,1,0,3,2,0
stonybrook:ferreiragabriel,"Ferreira, Gabriel",Stony Brook,13,7,43,1,0,2,2,0
assumption:josephpersonal,Joseph Personal,Assumption,38,1,41,1,0,1,1,0
nova:petreravincent,"Petrera, Vincent",NOVA,19,1,41,1,0,2,1,0
xavier:coopermason,"Cooper, Mason",Xavier,20,16,40,1,0,3,2,0
delaware:giordanocharles,"Giordano, Charles",Delaware,21,7,40,1,0,1,1,0
stl:laraluis,"Lara, Luis",STL,11,1,40,1,0,3,2,0
universityoftheincarnateword:diphokosello,"Diphoko, Sello",University of the Incarnate Word,29,1,40,1,0,2,2,0
iona:kolenovicalem,"Kolenovic, Alem",Iona,17,5,38,1,0,1,1,0
quinnipiac:bakkensimon,"Bakken, Simon",Quinnipiac,21,7,38,1,0,2,1,0
wm:kosichwebb,"Kosich, Webb",WM,7,1,38,1,0,1,1,0
stambrose:holkeethan,"Holke, Ethan",St. Ambrose,19,1,37,1,0,1,1,0
eckerd:freiredaniel,"Freire, Daniel",Eckerd,20,1,36,1,0,1,1,0
suffolk:abouzeidedward,"Abouzeid, Edward",Suffolk,9,1,35,1,0,1,1,0
northamerican:santosandres,"Santos, Andres",North American,19,1,34,1,0,1,1,0
marywashington:dubosejared,"Dubose, Jared",Mary Washington,20,1,33,1,0,1,1,0
virginia:talleymax,"Talley, Max",Virginia,3,8,32,1,0,1,1,0
prsby:dancemorgan,"Dance, Morgan",PRSBY,8,1,28,1,0,1,1,0
ncstate:pressersamuel,"Presser, Samuel",NC State,14,20,27,1,0,1,1,0
fgcu:bazelaisstanley,"Bazelais, Stanley",FGCU,33,4,26,1,0,1,1,0
unhm:huangdavid,"Huang, David",UNHM,23,1,25,1,0,1,1,0
fau:williamsonnoel,"Williamson, Noel",FAU,24,14,24,1,0,1,1,0
universityofnebraskaatomaha:perkinsbrett,"Perkins, Brett",University of Nebraska at Omaha,27,1,24,1,0,1,1,0
du:mullinsliam,"Mullins, Liam",DU,9,1,24,1,0,2,2,0
newhampshire:fagersonluke,"Fagerson, Luke",New Hampshire,25,14,22,1,0,1,1,0
stanford:islamtrevor,"Islam, Trevor",Stanford,27,6,22,1,0,1,1,0
keiser:cordeviolamanu,"Cordeviola, Manu",Keiser,16,1,22,1,0,2,1,0
pc:dalehaugdaniel,"Dalehaug, Daniel",PC,21,1,21,1,0,1,1,0
udm:allostim,"Allos, Tim",UDM,7,1,21,1,0,1,1,0
syracuse:gradusmichal,"Gradus, Michal",Syracuse,16,16,19,1,0,1,1,0
lasalle:ariassteven,"Arias, Steven",La Salle,36,3,18,1,0,1,1,0
udm:stricklerjohnny,"Strickler , Johnny",UDM,22,1,18,1,0,1,1,0
du:viscontidalton,"Visconti, Dalton",DU,20,1,18,1,0,1,1,0
fairleighdickinson:dlabaleric,"Dlabal, Eric",Fairleigh Dickinson,17,1,18,1,0,1,1,0
117429:wurstnercade,"Wurstner, Cade",117429,28,1,17,1,0,1,1,0
utr:torrepablo,"Torre, Pablo",UTR,17,1,16,1,0,2,2,0
ue:mendyedward,"Mendy, Edward",UE,23,1,14,1,0,1,1,0
gtown:heapsjack,"Heaps, Jack",GTOWN,22,1,14,1,0,3,2,0
northernillinoisuniversity:davistaylor,"Davis, Taylor",Northern Illinois University,9,1,12,1,0,1,1,0
snhu:preuscharlie,"Preus, Charlie",SNHU,17,1,11,1,0,1,1,0
centralconnecticutstate:tatajoey,"Tata, Joey",Central Connecticut State,20,1,10,1,0,1,1,0
marshall:tmteam,"TM 
                                            TEAM",Marshall,TM,1,0,1,0,0,0,0
saintlouis:tmteam,"TM 
                                            TEAM",Saint Louis,TM,1,0,1,0,0,0,0
bowlinggreen:team,TEAM,Bowling Green,TM,1,0,1,0,0,0,0
incarnateword:team,TEAM,Incarnate Word,TM,1,0,1,0,0,0,0
wisconsin:team,TEAM,Wisconsin,TM,1,0,1,0,0,0,0
stthomas:team,TEAM,St. Thomas,TM,1,0,1,0,0,0,0
northflorida:team,TEAM,North Florida,TM,1,0,1,0,0,0,0
gb:tmteam,"TM 
                                            TEAM",GB,TM,1,0,1,0,0,0,0
grandcanyon:team,TEAM,Grand Canyon,TM,1,0,1,0,0,0,0
williammary:team,TEAM,William & Mary,TM,1,0,1,0,0,0,0
clevelandstate:team,TEAM,Cleveland State,TM,1,0,1,0,0,0,0
ucirvine:team,TEAM,UC Irvine,TM,1,0,1,0,0,0,0
siena:team,TEAM,Siena,TM,1,0,1,0,0,0,0
highpoint:tmteam,"TM 
                                            TEAM",High Point,TM,1,0,1,0,0,0,0
sandiego:team,TEAM,San Diego,TM,1,0,1,0,0,0,0
ncstate:team,TEAM,NC State,TM,1,0,1,0,0,0,0
ohiostate:team,TEAM,Ohio State,TM,1,0,1,0,0,0,0
ucla:team,TEAM,UCLA,TM,1,0,1,0,0,0,0
gonzaga:team,TEAM,Gonzaga,TM,1,0,1,0,0,0,0
denver:team,TEAM,Denver,TM,1,0,1,0,0,0,0
unf:tmteam,"TM 
                                            TEAM",UNF,TM,1,0,1,0,0,0,0
rhodeisland:tmteam,"TM 
                                            TEAM",Rhode Island,TM,1,0,1,0,0,0,0
radford:tmteam,"TM 
                                            TEAM",Radford,TM,1,0,1,0,0,0,0
ue:tmteam,"TM 
                                            TEAM",UE,TM,1,0,1,0,0,0,0
liberty:tmteam,"TM 
                                            TEAM",Liberty,TM,1,0,1,0,0,0,0
newhaven:tmteam,"TM 
                                            TEAM",New Haven,TM,1,0,1,0,0,0,0
lipscomb:tmteam,"TM 
                                            TEAM",Lipscomb,TM,1,0,1,0,0,0,0
stbonaventure:team,TEAM,St. Bonaventure,TM,1,0,1,0,0,0,0
missouristate:team,TEAM,Missouri State,TM,1,0,1,0,0,0,0
ucsandiego:tmteam,"TM 
                                            TEAM",UC San Diego,TM,1,0,1,0,0,0,0
loyolachicago:tmteam,"TM 
                                            TEAM",Loyola Chicago,TM,1,0,1,0,0,0,0
liberty:team,TEAM,Liberty,TM,1,0,1,0,0,0,0
georgemason:tmteam,"TM 
                                            TEAM",George Mason,TM,1,0,1,0,0,1,0
merrimackcollege:tmteam,"TM 
                                            TEAM",Merrimack College,TM,1,0,1,0,0,0,0
butler:tmteam,"TM 
                                            TEAM",Butler,TM,1,0,1,0,0,0,0
californiabaptist:team,TEAM,California Baptist,TM,1,0,1,0,0,0,0
templeuniversity:team,TEAM,Temple University,TM,1,0,1,0,0,0,0
georgiastate:tmteam,"TM 
                                            TEAM",Georgia State,TM,1,0,1,0,0,0,0
calstatefullerton:tmteam,"TM 
                                            TEAM",Cal State Fullerton,TM,1,0,1,0,0,0,0
ucriverside:tmteam,"TM 
                                            TEAM",UC Riverside,TM,1,0,1,0,0,0,0
clevelandstate:tmteam,"TM 
                                            TEAM",Cleveland State,TM,1,0,1,0,0,0,0
california:team,TEAM,California,TM,1,0,1,0,0,0,0
washington:team,TEAM,Washington,TM,1,0,1,0,0,0,0
lindenwood:tmteam,"TM 
                                            TEAM",Lindenwood,TM,1,0,1,0,0,0,0
hofstra:tmteam,"TM 
                                            TEAM",Hofstra,TM,1,0,1,0,0,0,0
indiana:harmsjt,"Harms, JT",Indiana,1,21,1882,0,1,0,0,42
westernmichigan:welshcolin,"Welsh, Colin",Western Michigan,1,20,1818,0,1,0,0,24
rideruniversity:chladekmartin,"Chladek, Martin",Rider University,5,20,1817,0,1,3,1,0
hofstra:dadonefilippo,"Dadone, Filippo",Hofstra,1,20,1796,0,1,0,0,29
rideruniversity:schradermax,"Schrader, Max",Rider University,21,19,1689,0,1,4,0,0
jamesmadison:garciabarellesenrique,"Garcia Barelles, Enrique",James Madison,4,19,1686,0,1,6,2,0
stjohns:nikolajewskibjorn,"Nikolajewski, Bjorn",St. John's,6,20,1670,0,1,9,4,0
ucla:grassipietro,"Grassi, Pietro",UCLA,4,19,1635,0,1,5,1,0
utahtech:shortstockton,"Short, Stockton",Utah Tech,12,18,1620,0,1,0,0,20
westvirginia:broughtonmax,"Broughton, Max",West Virginia,5,19,1584,0,1,10,3,0
umbc:ocranjojo,"Ocran, Jojo",UMBC,20,18,1580,0,1,4,1,0
westernillinois:wrobleskiryan,"Wrobleski, Ryan",Western Illinois,2,19,1575,0,1,7,3,0
davidsoncollege:beltranlucas,"Beltran, Lucas",Davidson College,1,18,1530,0,1,0,0,55
saintlouis:townsendbrogan,"Townsend, Brogan",Saint Louis,8,19,1493,0,1,4,0,0
lehigh:mundyryan,"Mundy, Ryan",Lehigh,27,18,1472,0,1,1,0,0
notredame:ramseyjosh,"Ramsey, Josh",Notre Dame,18,17,1467,0,1,5,2,0
butler:ferreresmanolo,"Ferreres, Manolo",Butler,4,17,1460,0,1,10,3,0
monmouth:brorssonolle,"Brorsson, Olle",Monmouth,3,16,1453,0,1,4,1,0
canisius:sarkodiekodie,"Sarkodie, Kodie",Canisius,4,17,1442,0,1,7,3,0
loyolamarymount:trusnertyler,"Trusner, Tyler",Loyola Marymount,3,17,1439,0,1,9,4,0
akron:hardinjosh,"Hardin, Josh",Akron,2,21,1438,0,1,3,0,0
sandiegostate:carrilloisrael,"Carrillo, Israel",San Diego State,25,19,1428,0,1,2,1,0
creighton:berronlucio,"Berron, Lucio",Creighton,14,18,1425,0,1,13,1,0
yale:orsonjamie,"Orson, Jamie",Yale,6,16,1425,0,1,8,3,0
belmontuniversity:clothierriley,"Clothier, Riley",Belmont University,3,16,1417,0,1,14,2,0
unlv:craigjonah,"Craig, Jonah",UNLV,6,18,1414,0,1,2,2,0
bowlinggreen:peacockgus,"Peacock, Gus",Bowling Green,20,17,1393,0,1,1,0,0
ucla:sendenyouri,"Senden, Youri",UCLA,3,18,1384,0,1,0,0,0
jamesmadison:turnerdemitri,"Turner, Demitri",James Madison,18,19,1381,0,1,8,1,0
westvirginia:baerryan,"Baer, Ryan",West Virginia,23,19,1378,0,1,6,2,0
pittsburgh:maillefaudmateo,"Maillefaud, Mateo",Pittsburgh,12,16,1372,0,1,8,2,0
oralroberts:mimyschinieder,"Mimy, Schinieder",Oral Roberts,22,16,1352,0,1,10,4,0
sandiego:parisiandonovan,"Parisian, Donovan",San Diego,33,18,1351,0,1,0,0,17
ucriverside:meadetatumaj,"Meade-Tatum, AJ",UC Riverside,22,16,1349,0,1,7,1,0
milwaukee:ibarradaniel,"Ibarra, Daniel",Milwaukee,30,15,1341,0,1,0,0,7
pacific:obiefunaemmanuel,"Obiefuna, Emmanuel",Pacific,2,16,1337,0,1,5,2,0
northflorida:kishchenkonick,"Kishchenko, Nick",North Florida,5,16,1335,0,1,9,4,0
oralroberts:sljivicnikola,"Sljivic, Nikola",Oral Roberts,19,16,1335,0,1,6,1,0
creighton:reedmatthew,"Reed, Matthew",Creighton,21,18,1329,0,1,9,2,0
georgiastate:nakamurayuki,"Nakamura, Yuki",Georgia State,6,17,1325,0,1,4,1,0
longwood:macayajesus,"Macaya, Jesus",Longwood,23,15,1324,0,1,11,3,0
bucknell:lawloraidan,"Lawlor, Aidan",Bucknell,22,18,1315,0,1,2,1,0
sandiego:ayalavicente,"Ayala, Vicente",San Diego,17,19,1311,0,1,11,4,0
drake:holtebeckaustin,"Holtebeck, Austin",Drake,21,15,1310,0,1,1,0,0
duquesne:menonashwin,"Menon, Ashwin",Duquesne,23,17,1304,0,1,8,2,0
clevelandstate:wagnerwilliam,"Wagner, William",Cleveland State,20,16,1293,0,1,6,1,0
stjohns:boumsongcamron,"Boumsong, Camron",St. John's,14,19,1287,0,1,22,6,0
manhattan:boycenoah,"Boyce, Noah",Manhattan,16,15,1286,0,1,9,4,0
umbc:tormolopezemigdio,"Tormo Lopez, Emigdio",UMBC,1,14,1276,0,1,0,0,0
michiganstate:sharpjeremy,"Sharp, Jeremy",Michigan State,17,17,1276,0,1,19,7,0
monmouth:ivarssonfilip,"Ivarsson, Filip",Monmouth,4,16,1275,0,1,2,0,0
pittsburgh:srensenniklas,"Sørensen, Niklas",Pittsburgh,5,16,1274,0,1,1,1,0
westernillinois:olingdahloscar,"Olingdahl, Oscar",Western Illinois,8,17,1273,0,1,9,3,0
georgewashington:medinanico,"Medina, Nico",George Washington,20,17,1265,0,1,10,1,0
louisville:deblasisnoah,"De Blasis, Noah",Louisville,19,16,1260,0,1,8,5,0
harvard:rieckejan,"Riecke, Jan",Harvard,5,14,1260,0,1,3,0,0
ucdavis:hsujason,"Hsu, Jason",UC Davis,25,22,1258,0,1,6,2,0
washington:gourdierhys,"Gourdie, Rhys",Washington,16,22,1258,0,1,21,5,0
coastalcarolina:stefanssongudjon,"Stefansson, Gudjon",Coastal Carolina,16,16,1256,0,1,10,1,0
penn:sakaloskyerickson,"Sakalosky, Erickson",Penn,13,17,1254,0,1,19,3,0
princeton:huntjack,"Hunt, Jack",Princeton,4,18,1252,0,1,3,1,0
centralarkansas:correiaedgar,"Correia, Edgar",Central Arkansas,25,15,1250,0,1,1,0,0
newhampshire:recinosarian,"Recinos, Arian",New Hampshire,3,17,1249,0,1,5,3,0
belmontuniversity:mooregriffin,"Moore, Griffin",Belmont University,4,16,1244,0,1,4,2,0
milwaukee:coxdavid,"Cox, David",Milwaukee,23,14,1237,0,1,4,0,0
penn:messeraaron,"Messer, Aaron",Penn,6,17,1234,0,1,3,0,0
cornell:martinaidan,"Martin, Aidan",Cornell,26,14,1229,0,1,6,1,0
merrimackcollege:ogliaritommaso,"Ogliari, Tommaso",Merrimack College,3,15,1220,0,1,5,4,0
southflorida:haugenmathis,"Haugen, Mathis",South Florida,2,14,1219,0,1,3,1,0
wrightstate:amrozakaria,"Amro, Zakaria",Wright State,16,15,1212,0,1,2,1,0
santaclara:girondaalvaro,"Gironda, Alvaro",Santa Clara,6,14,1208,0,1,5,2,0
liberty:krakowiakalex,"Krakowiak, Alex",Liberty,25,17,1202,0,1,3,1,0
pacific:heisnerjacob,"Heisner, Jacob",Pacific,19,15,1198,0,1,12,4,0
campbell:dapaahevans,"Dapaah, Evans",Campbell,8,16,1194,0,1,10,2,0
northflorida:prebendatyler,"Prebenda, Tyler",North Florida,2,16,1188,0,1,7,2,0
fiu:boccuzzodavid,"Boccuzzo, David",FIU,8,17,1184,0,1,3,0,0
northernkentucky:boaghebranistesteven,"Boaghe Braniste, Steven",Northern Kentucky,3,14,1180,0,1,3,2,0
siena:glinderbennet,"Glinder, Bennet",Siena,99,13,1170,0,1,0,0,4
georgewashington:tenneroee,"Tenne, Roee",George Washington,6,17,1165,0,1,13,2,0
duke:bulljorgensennikolaironaldo,"Bull Jorgensen, Nikolai Ronaldo",Duke,8,18,1163,0,1,4,1,0
fdu:ruizkevin,"Ruiz, Kevin",FDU,2,14,1163,0,1,6,2,0
ucsantabarbara:duahmanu,"Duah, Manu",UC Santa Barbara,26,16,1152,0,1,11,1,0
stbonaventure:drathbo,"Drath, Bo",St. Bonaventure,3,15,1151,0,1,6,3,0
columbiauniversity:hiltoniiandrew,"Hilton II, Andrew",Columbia University,27,14,1151,0,1,3,2,0
butler:boscloukent,"Bosc, Lou-Kent",Butler,16,17,1150,0,1,5,2,0
marquette:costabileantonio,"Costabile, Antonio",Marquette,7,17,1149,0,1,22,6,0
californiabaptist:hendersonalex,"Henderson, Alex",California Baptist,6,16,1140,0,1,5,1,0
omaha:lagomartin,"Lago, Martin",Omaha,6,15,1138,0,1,5,1,0
manhattan:sannehensa,"Sanneh, Ensa",Manhattan,3,14,1137,0,1,4,0,0
rutgers:goddenscott,"Godden, Scott",Rutgers,6,17,1136,0,1,6,0,0
robertmorris:bramermats,"Bramer, Mats",Robert Morris,6,18,1136,0,1,7,1,0
utahvalley:ortizben,"Ortiz, Ben",Utah Valley,30,17,1128,0,1,8,3,0
manhattan:boumelalaayoub,"Boumelala, Ayoub",Manhattan,6,14,1125,0,1,5,2,0
ucla:legaspiallan,"Legaspi, Allan",UCLA,25,16,1120,0,1,0,0,0
santaclara:rhodeskeagan,"Rhodes, Keagan",Santa Clara,3,15,1112,0,1,6,3,0
winthrop:pidgeonsam,"Pidgeon, Sam",Winthrop,5,14,1109,0,1,6,0,0
providence:marshallbrandon,"Marshall, Brandon",Providence,5,22,1106,0,1,4,2,0
ucsantabarbara:kamienskidrew,"Kamienski, Drew",UC Santa Barbara,19,14,1105,0,1,6,2,0
universityofevansville:baktobias,"Bak, Tobias",University of Evansville,24,18,1093,0,1,7,5,0
universityofsouthernindiana:hallgarland,"Hall, Garland",University of Southern Indiana,30,13,1093,0,1,7,2,0
ohiostate:demiannathan,"Demian, Nathan",Ohio State,3,21,1092,0,1,3,2,0
mountstmarys:villatoroerick,"Villatoro, Erick",Mount St. Mary's,25,15,1090,0,1,4,0,0
oralroberts:koduatweneboa,"Kodua, Tweneboa",Oral Roberts,18,15,1088,0,1,9,3,0
depaul:thomasryan,"Thomas, Ryan",DePaul,2,16,1080,0,1,3,2,0
longwood:yoderjoshua,"Yoder, Joshua",Longwood,22,12,1080,0,1,3,1,0
northeastern:voldthomas,"Vold, Thomas",Northeastern,14,13,1075,0,1,9,2,0
stonehillcollege:kahawaijaxson,"Kahawai, Jaxson",Stonehill College,29,18,1071,0,1,12,3,0
presbyterian:burdettebryce,"Burdette, Bryce",Presbyterian,17,12,1068,0,1,2,0,0
army:hadleymiles,"Hadley, Miles",Army,22,14,1064,0,1,4,1,0
georgiasouthern:pamaaj,"Pama, AJ",Georgia Southern,4,17,1060,0,1,2,1,0
wisconsin:baldvinssonbirgir,"Baldvinsson, Birgir",Wisconsin,2,15,1057,0,1,9,5,0
georgiastate:williamsgavin,"Williams, Gavin",Georgia State,10,15,1053,0,1,21,9,0
portland:hernandezsebastian,"Hernandez, Sebastian",Portland,16,12,1052,0,1,7,3,0
colgate:blackwinjacob,"Blackwin, Jacob",Colgate,3,12,1051,0,1,4,3,0
newhampshire:moonjaehyuk,"Moon, Jaehyuk",New Hampshire,4,16,1046,0,1,0,0,0
loyolachicago:blairquinten,"Blair, Quinten",Loyola Chicago,28,12,1043,0,1,6,2,0
californiabaptist:kozomaraluka,"Kozomara, Luka",California Baptist,29,18,1036,0,1,12,3,0
setonhall:donalieskonstantin,"Donalies, Konstantin",Seton Hall,6,17,1034,0,1,7,1,0
bowlinggreen:christensenmads,"Christensen, Mads",Bowling Green,15,17,1031,0,1,2,1,0
michiganstate:arcecolin,"Arce, Colin",Michigan State,16,16,1030,0,1,14,3,0
newhampshire:voigtmax,"Voigt, Max",New Hampshire,2,17,1024,0,1,11,3,0
sanjosestate:barajasjarette,"Barajas, Jarette",San Jose State,7,14,1024,0,1,7,3,0
setonhall:dallagnolvirgil,"Dall'Agnol, Virgil",Seton Hall,8,17,1015,0,1,7,5,0
vmi:blandfordcolin,"Blandford, Colin",VMI,5,13,1015,0,1,9,2,0
grandcanyon:rousedamon,"Rouse, Damon",Grand Canyon,14,15,1014,0,1,7,3,0
pennstate:ovesensamuel,"Ovesen, Samuel",Penn State,4,15,1011,0,1,0,0,0
tulsa:orywolnils,"Orywol, Nils",Tulsa,2,15,1011,0,1,1,0,0
monmouth:valgmacarl,"Valgma, Carl",Monmouth,23,15,1010,0,1,10,5,0
fgcu:escobarjose,"Escobar, Jose",FGCU,21,13,1007,0,1,8,1,0
fdu:marquezjeffrey,"Marquez, Jeffrey",FDU,21,12,989,0,1,0,0,0
colgate:lepperdale,"Lepper, Dale",Colgate,4,12,978,0,1,1,1,0
sanfrancisco:doughertymason,"Dougherty, Mason",San Francisco,7,13,978,0,1,5,1,0
fordham:bernothluca,"Bernoth, Luca",Fordham,18,13,977,0,1,2,0,0
holycross:nanasinkammarques,"Nana-Sinkam, Marques",Holy Cross,12,16,977,0,1,5,2,0
californiabaptist:dealmeidadominic,"De Almeida, Dominic",California Baptist,14,18,977,0,1,2,0,0
newhampshire:brosselmatto,"Brossel, Mattéo",New Hampshire,8,14,973,0,1,6,1,0
stjohns:kopayjustin,"Kopay, Justin",St. John's,29,19,973,0,1,2,0,0
lasalle:lynchbaileykyrese,"Lynch-Bailey, Kyrese",La Salle,17,17,972,0,1,19,3,0
depaul:clagettejordan,"Clagette, Jordan",DePaul,22,16,970,0,1,1,0,0
universityofsouthernindiana:kirchhoferwill,"Kirchhofer, Will",University of Southern Indiana,21,12,964,0,1,8,4,0
fau:heerfordtkasper,"Heerfordt, Kasper",FAU,19,14,958,0,1,3,1,0
newhaven:ehlindaniel,"Ehlin, Daniel",New Haven,4,12,956,0,1,1,1,0
furman:grantmalachi,"Grant, Malachi",Furman,29,18,951,0,1,11,7,0
portland:olmosjose,"Olmos, Jose",Portland,4,12,950,0,1,5,1,0
wrightstate:fuentesuleto,"Fuentes, Uleto",Wright State,18,17,944,0,1,8,3,0
ucriverside:juodkunaitislukas,"Juodkunaitis, Lukas",UC Riverside,15,15,942,0,1,20,5,0
templeuniversity:betancourtelias,"Betancourt, Elias",Temple University,14,17,940,0,1,14,5,0
santaclara:aidlbergyoni,"Aidlberg, Yoni",Santa Clara,2,15,940,0,1,9,4,0
stjohns:parteygodwin,"Partey, Godwin",St. John's,2,19,939,0,1,4,3,0
stetson:crocegiuseppe,"Croce, Giuseppe",Stetson,22,13,936,0,1,4,0,0
lipscomb:naumannluca,"Naumann, Luca",Lipscomb,8,15,928,0,1,10,3,0
radford:trichejackson,"Triche, Jackson",Radford,29,14,928,0,1,3,2,0
michiganstate:gerhardtlevin,"Gerhardt, Levin",Michigan State,23,17,923,0,1,7,1,0
umbc:quistthersonkarl,"Quist-Therson, Karl",UMBC,8,17,922,0,1,5,1,0
vmi:dovgalyuktimofey,"Dovgalyuk, Timofey",VMI,21,13,915,0,1,11,3,0
davidsoncollege:mcglonebrady,"McGlone, Brady",Davidson College,15,18,913,0,1,4,3,0
georgewashington:nakamuramark,"Nakamura, Mark",George Washington,19,17,912,0,1,0,0,0
delaware:illianjordan,"Illian, Jordan",Delaware,29,15,910,0,1,9,6,0
brown:adamscharlie,"Adams, Charlie",Brown,10,17,909,0,1,11,4,0
delaware:rowananthony,"Rowan, Anthony",Delaware,14,15,908,0,1,3,1,0
army:ennisowen,"Ennis, Owen",Army,3,13,906,0,1,6,0,0
mercer:hamptongrant,"Hampton, Grant",Mercer,28,18,903,0,1,5,2,0
sacramentostate:willcotjhared,"Willcot, Jhared",Sacramento State,5,16,896,0,1,4,0,0
wrightstate:odorcicmarko,"Odorcic, Marko",Wright State,28,17,896,0,1,4,2,0
marquette:smithtim,"Smith, Tim",Marquette,20,17,886,0,1,11,6,0
pennstate:bellfreddie,"Bell, Freddie",Penn State,10,12,885,0,1,8,1,0
georgiastate:kushimashun,"Kushima, Shun",Georgia State,8,17,884,0,1,3,2,0
tulsa:mccloudbowen,"McCloud, Bowen",Tulsa,19,15,878,0,1,5,2,0
ucsandiego:barrettcole,"Barrett, Cole",UC San Diego,20,18,876,0,1,12,8,0
csun:fuentessebastian,"Fuentes, Sebastian",CSUN,18,16,876,0,1,4,1,0
howard:stallingsroman,"Stallings, Roman",Howard,13,11,873,0,1,4,1,0
northwestern:volmarfritz,"Volmar, Fritz",Northwestern,19,16,870,0,1,5,0,0
mercyhurst:johnsonasher,"Johnson, Asher",Mercyhurst,48,12,850,0,1,0,0,0
incarnateword:merrittmiles,"Merritt, Miles",Incarnate Word,24,10,847,0,1,8,2,0
stonybrook:jeanlouisjustin,"Jean-Louis, Justin",Stony Brook,12,15,845,0,1,5,1,0
northernkentucky:frakescaleb,"Frakes, Caleb",Northern Kentucky,12,13,841,0,1,3,2,0
liu:martinezalan,"Martinez, Alan",LIU,13,10,840,0,1,19,9,0
loyolamarymount:gameiroadrien,"Gameiro, Adrien",Loyola Marymount,2,16,833,0,1,9,2,0
californiabaptist:robsonkieran,"Robson, Kieran",California Baptist,13,18,829,0,1,11,3,0
mercyhurst:gansermario,"Ganser, Mario",Mercyhurst,4,13,826,0,1,4,1,0
radford:senstflorian,"Senst, Florian",Radford,7,14,825,0,1,9,5,0
liu:chiappofrancesco,"Chiappo, Francesco",LIU,23,10,815,0,1,6,2,0
navy:sullivanduncan,"Sullivan, Duncan",Navy,14,15,815,0,1,11,4,0
centralarkansas:petricapharis,"Petrica, Pharis",Central Arkansas,20,15,814,0,1,14,6,0
siena:winkelmannhenrik,"Winkelmann, Henrik",Siena,6,11,810,0,1,4,1,0
uncgreensboro:sumailamohammed,"Sumaila, Mohammed",UNC Greensboro,5,17,807,0,1,5,0,0
omaha:takamobradley,"Takamo, Bradley",Omaha,13,14,804,0,1,28,7,0
harvard:khosravirustin,"Khosravi, Rustin",Harvard,12,13,798,0,1,1,0,0
lehigh:coughlinshea,"Coughlin, Shea",Lehigh,22,18,789,0,1,4,1,0
uic:martsinkovskymarko,"Martsinkovsky, Marko",UIC,23,15,786,0,1,1,0,0
vcu:hitchcockwilliam,"Hitchcock, William",VCU,15,15,781,0,1,9,4,0
longwood:bedollabrando,"Bedolla, Brando",Longwood,15,15,781,0,1,12,3,0
sacramentostate:martinezleonardo,"Martinez, Leonardo",Sacramento State,15,13,780,0,1,1,0,0
utahtech:monserratmanu,"Monserrat, Manu",Utah Tech,14,11,778,0,1,13,2,0
omaha:perkinsmaguire,"Perkins, Maguire",Omaha,29,14,773,0,1,9,3,0
princeton:vigilantesam,"Vigilante, Sam",Princeton,18,19,770,0,1,9,1,0
delaware:thorhallssonorri,"Thorhallsson, Orri",Delaware,8,15,768,0,1,7,1,0
radford:blaesdahlsimon,"Blaesdahl, Simon",Radford,13,14,767,0,1,10,5,0
harvard:dalakererik,"Dalaker, Erik",Harvard,16,14,765,0,1,14,5,0
cornell:carnevalewestin,"Carnevale, Westin",Cornell,23,14,765,0,1,10,2,0
american:snowdonoliver,"Snowdon, Oliver",American,26,13,764,0,1,3,0,0
delaware:hardarsoneinar,"Hardarson, Einar",Delaware,25,15,763,0,1,3,0,0
uscupstate:hickokcarson,"Hickok, Carson",USC Upstate,16,16,760,0,1,1,0,0
lafayette:leejoseph,"Lee, Joseph",Lafayette,24,10,760,0,1,0,0,0
jacksonville:davidssonkasper,"Davidsson, Kasper",Jacksonville,4,11,751,0,1,6,2,0
columbiauniversity:zielinskiluke,"Zielinski, Luke",Columbia University,13,14,748,0,1,9,3,0
quinnipiac:langwagenerik,"Langwagen, Erik",Quinnipiac,16,12,746,0,1,2,1,0
utrgv:matsuosota,"Matsuo, Sota",UTRGV,15,11,745,0,1,5,0,0
milwaukee:gongoraangel,"Gongora, Angel",Milwaukee,6,12,736,0,1,7,1,0
gonzaga:hidalgoanthony,"Hidalgo, Anthony",Gonzaga,3,16,735,0,1,2,0,0
santaclara:dyalpierce,"Dyal, Pierce",Santa Clara,8,13,719,0,1,7,1,0
drake:kittsbarrett,"Kitts, Barrett",Drake,7,15,718,0,1,3,2,0
calpoly:owenscparker,"Owens (C), Parker",Cal Poly,4,8,713,0,1,5,2,0
army:minzeykasem,"Minzey, Kasem",Army,2,12,712,0,1,4,2,0
wrightstate:rudjordsamuel,"Rudjord, Samuel",Wright State,35,14,711,0,1,1,1,0
yale:meachamsven,"Meacham, Sven",Yale,2,16,711,0,1,4,3,0
xavier:vivaldiniguilherme,"Vivaldini, Guilherme",Xavier,10,15,709,0,1,23,8,0
utahtech:nguyentyson,"Nguyen, Tyson",Utah Tech,6,15,700,0,1,2,0,0
ucdavis:welchkevin,"Welch, Kevin",UC Davis,13,17,693,0,1,9,4,0
winthrop:pachecobernardo,"Pacheco, Bernardo",Winthrop,13,15,692,0,1,11,2,0
coastalcarolina:bjarkasonanton,"Bjarkason, Anton",Coastal Carolina,27,15,690,0,1,2,1,0
belmontuniversity:stileseric,"Stiles, Eric",Belmont University,20,15,688,0,1,1,0,0
clevelandstate:schmeiderrc,"Schmeider, RC",Cleveland State,8,14,683,0,1,6,1,0
saintlouis:doughertycole,"Dougherty, Cole",Saint Louis,21,15,679,0,1,0,0,0
michigan:cassidaynicholas,"Cassiday, Nicholas",Michigan,12,20,673,0,1,11,3,0
wakeforest:fesslerryan,"Fessler, Ryan",Wake Forest,20,24,668,0,1,8,1,0
villanova:avaloslorenzo,"Avalos, Lorenzo",Villanova,5,12,668,0,1,3,1,0
uncwilmington:coatesjacob,"Coates, Jacob",UNC Wilmington,18,17,660,0,1,7,5,0
liberty:calderonbrandon,"Calderon, Brandon",Liberty,4,13,656,0,1,3,1,0
olddominion:ruddyowen,"Ruddy, Owen",Old Dominion,19,16,652,0,1,10,2,0
saintjosephs:brndvangtruls,"Brændvang, Truls",Saint Joseph's,8,8,652,0,1,3,2,0
bowlinggreen:blasingamekyle,"Blasingame, Kyle",Bowling Green,7,16,651,0,1,2,2,0
wofford:parkernic,"Parker, Nic",Wofford,45,17,649,0,1,13,5,0
massachusetts:fordhammatt,"Fordham, Matt",Massachusetts,3,7,649,0,1,3,1,0
sandiego:wagneriain,"Wagner, Iain",San Diego,25,19,645,0,1,12,4,0
vcu:gallegosdamian,"Gallegos, Damian",VCU,7,15,642,0,1,15,5,0
sandiegostate:esquivelulises,"Esquivel, Ulises",San Diego State,19,15,641,0,1,2,1,0
mountstmarys:chensherwin,"Chen, Sherwin",Mount St. Mary's,17,16,629,0,1,12,4,0
ucf:baousmane,"Ba, Ousmane",UCF,5,14,628,0,1,5,0,0
campbell:fichellelilian,"Fichelle, Lilian",Campbell,2,11,621,0,1,3,0,0
massachusetts:cencematt,"Cence, Matt",Massachusetts,9,7,616,0,1,15,6,0
sanjosestate:fakhrieamon,"Fakhri, Eamon",San Jose State,30,15,616,0,1,9,2,0
fau:rabotenzo,"Rabot, Enzo",FAU,20,14,603,0,1,3,1,0
lindenwood:neelyluke,"Neely, Luke",Lindenwood,24,10,601,0,1,3,1,0
calstatebakersfield:mihoubibilal,"Mihoubi, Bilal",Cal State Bakersfield,7,8,601,0,1,6,2,0
pacific:mariabarrerajose,"Maria Barrera, Jose",Pacific,11,7,600,0,1,11,5,0
elon:wilsonjordin,"Wilson, Jordin",Elon,7,14,595,0,1,9,4,0
bostoncollege:boyemarc,"Boye, Marc",Boston College,26,17,594,0,1,5,0,0
loyolamarymount:andersonsteven,"Anderson, Steven",Loyola Marymount,7,13,594,0,1,10,2,0
lehigh:turkerbora,"Turker, Bora",Lehigh,13,17,591,0,1,12,8,0
binghamton:cavalarcarlo,"Cavalar, Carlo",Binghamton,6,7,591,0,1,4,1,0
saintlouis:barnettdraven,"Barnett, Draven",Saint Louis,15,14,588,0,1,4,1,0
sanfrancisco:solomisalex,"Solomis, Alex",San Francisco,8,14,585,0,1,10,4,0
elon:edelstamcalle,"Edelstam, Calle",Elon,10,15,584,0,1,8,2,0
columbiauniversity:casewill,"Case, Will",Columbia University,16,14,584,0,1,5,5,0
utahvalley:kizeriannik,"Kizerian, Nik",Utah Valley,2,17,578,0,1,9,4,0
missouristate:petriccamattia,"Petricca, Mattia",Missouri State,6,18,577,0,1,3,1,0
sandiegostate:andersonjules,"Anderson, Jules",San Diego State,23,16,575,0,1,8,2,0
georgiasouthern:holmstromnoah,"Holmstrom, Noah",Georgia Southern,12,8,575,0,1,2,0,0
stanford:whitenik,"White, Nik",Stanford,24,17,569,0,1,4,2,0
oralroberts:pattothiago,"Patto, Thiago",Oral Roberts,10,13,566,0,1,10,4,0
portland:trujillowylie,"Trujillo, Wylie",Portland,2,10,561,0,1,3,0,0
kentucky:gonzalezjoel,"Gonzalez, Joel",Kentucky,5,14,558,0,1,4,3,0
bradley:beaumanansahethan,"Beauman-Ansah, Ethan",Bradley,28,7,557,0,1,0,0,0
tulsa:dalbyjohn,"Dalby, John",Tulsa,13,15,556,0,1,2,1,0
furman:travisjack,"Travis, Jack",Furman,16,18,553,0,1,4,0,0
sacramentostate:singhangad,"Singh, Angad",Sacramento State,24,12,539,0,1,0,0,0
quinnipiac:wilderjrterrance,"Wilder Jr., Terrance",Quinnipiac,7,13,538,0,1,1,0,0
michigan:davisdylan,"Davis, Dylan",Michigan,27,20,535,0,1,3,1,0
southflorida:astorgamarco,"Astorga, Marco",South Florida,14,14,528,0,1,5,1,0
lipscomb:estradacamilo,"Estrada, Camilo",Lipscomb,16,16,526,0,1,11,3,0
grandcanyon:hermittealan,"Hermitte, Alan",Grand Canyon,12,13,524,0,1,7,5,0
bostonuniversity:holmesaidan,"Holmes, Aidan",Boston University,30,18,519,0,1,4,0,0
uscupstate:coxanthony,"Cox, Anthony",USC Upstate,17,15,519,0,1,10,4,0
csubakersfield:mihoubibilal,"Mihoubi, Bilal",CSU Bakersfield,7,6,517,0,1,8,3,0
umass:stenzelkyle,"Stenzel, Kyle",UMass,14,10,517,0,1,4,2,0
fau:tourekerfalla,"Toure, Kerfalla",FAU,33,14,513,0,1,1,0,0
uncgreensboro:marcbasile,"Marc, Basile",UNC Greensboro,20,17,513,0,1,5,2,0
virginia:howardgrant,"Howard, Grant",Virginia,33,11,513,0,1,2,0,0
presbyterian:carvalhogabe,"Carvalho, Gabe",Presbyterian,24,11,512,0,1,0,0,0
stonybrook:busbyjamari,"Busby, Jamari",Stony Brook,2,11,510,0,1,5,2,0
rhodeisland:namussisnaba,"Namussé, Isnaba",Rhode Island,5,7,509,0,1,0,0,0
bellarmine:lundstromsvahnqvistkarl,"Lundstrom Svahnqvist, Karl",Bellarmine,4,11,508,0,1,1,0,0
iuindy:leongiovanni,"Leon, Giovanni",IU Indy,4,10,507,0,1,1,0,0
northflorida:ashethan,"Ash, Ethan",North Florida,27,13,506,0,1,0,0,0
longwood:vargasdiego,"Vargas, Diego",Longwood,8,8,506,0,1,2,0,0
universityofevansville:wagnernalu,"Wagner, Nalu",University of Evansville,8,17,503,0,1,1,0,0
binghamton:nahimmarcus,"Nahim, Marcus",Binghamton,27,7,500,0,1,5,5,0
duke:witturniclas,"Wittur, Niclas",Duke,21,19,498,0,1,1,0,0
ualbany:efstathiouchristos,"Efstathiou, Christos",UAlbany,22,6,496,0,1,1,0,0
stbonaventure:mercerdean,"Mercer, Dean",St. Bonaventure,15,17,495,0,1,9,7,0
bucknell:pielakasper,"Piela, Kasper",Bucknell,10,18,495,0,1,5,0,0
ucsandiego:placeconnor,"Place, Connor",UC San Diego,22,18,493,0,1,7,1,0
detroitmercy:powespencer,"Powe, Spencer",Detroit Mercy,23,11,487,0,1,3,1,0
canisius:reyesalberto,"Reyes, Alberto",Canisius,16,14,482,0,1,4,0,0
manhattan:arrudafelipe,"Arruda, Felipe",Manhattan,11,10,482,0,1,3,2,0
yale:umanaalex,"Umana, Alex",Yale,7,13,481,0,1,3,0,0
uncasheville:takagirinta,"Takagi, Rinta",UNC Asheville,13,13,480,0,1,9,2,0
vermont:tsangjeremy,"Tsang, Jeremy",Vermont,31,13,479,0,1,12,4,0
loyolachicago:siemionkodavid,"Siemionko, David",Loyola Chicago,26,7,479,0,1,2,0,0
sanjosestate:nievesdiego,"Nieves, Diego",San Jose State,24,9,474,0,1,2,1,0
georgemason:priolinicholas,"Prioli, Nicholas",George Mason,29,14,470,0,1,4,0,0
charleston:neroty,"Nero, Ty",Charleston,6,11,470,0,1,2,1,0
merrimackcollege:canaleschamizoignacio,"Canales Chamizo, Ignacio",Merrimack College,27,12,469,0,1,4,3,0
army:davidyockjustin,"Davidyock, Justin",Army,16,14,466,0,1,1,0,0
ucla:wilkersoncam,"Wilkerson, Cam",UCLA,11,17,466,0,1,14,0,0
rhodeisland:taylormathias,"Taylor, Mathias",Rhode Island,14,10,463,0,1,8,3,0
uncgreensboro:georgallideskonstantinos,"Georgallides, Konstantinos",UNC Greensboro,11,16,463,0,1,19,7,0
belmontuniversity:elliottaj,"Elliott, AJ",Belmont University,17,15,463,0,1,6,1,0
iona:campbelljahiem,"Campbell, Jahiem",Iona,23,10,461,0,1,2,0,0
georgemason:carsonwill,"Carson, Will",George Mason,19,13,461,0,1,2,1,0
tulsa:rogerslarsen,"Rogers, Larsen",Tulsa,5,15,460,0,1,4,0,0
uconn:lajharayoub,"Lajhar, Ayoub",UConn,28,18,460,0,1,4,0,0
stbonaventure:helledaniel,"Helle, Daniel",St. Bonaventure,19,17,455,0,1,7,5,0
bostonuniversity:williamsdylan,"Williams, Dylan",Boston University,22,16,454,0,1,8,2,0
creighton:foulksben,"Foulks, Ben",Creighton,15,18,454,0,1,5,3,0
santaclara:kengeyebaronyi,"Kengeye, Baronyi",Santa Clara,9,15,453,0,1,7,2,0
easttennesseestate:krossnico,"Kross, Nico",East Tennessee State,24,5,450,0,1,1,1,0
harvard:macneilcullen,"MacNeil, Cullen",Harvard,1,8,450,0,1,0,0,2
utahtech:coegavin,"Coe, Gavin",Utah Tech,5,9,447,0,1,3,1,0
fdu:valenzueladominic,"Valenzuela, Dominic",FDU,16,10,442,0,1,2,2,0
davidsoncollege:ringdahlpiers,"Ringdahl, Piers",Davidson College,17,18,441,0,1,6,3,0
unlv:hanussanti,"Hanus, Santi",UNLV,18,10,439,0,1,3,0,0
columbiauniversity:franciosaalessandro,"Franciosa, Alessandro",Columbia University,5,14,439,0,1,2,1,0
uscupstate:hoffmanezra,"Hoffman, Ezra",USC Upstate,19,16,438,0,1,5,2,0
bradley:koulaidj,"Koulai, DJ",Bradley,13,7,435,0,1,11,10,0
saintjosephs:trulsbraendvang,Truls Braendvang,Saint Joseph's,8,5,435,0,1,4,0,0
longwood:brandisvalentin,"Brandis, Valentin",Longwood,18,12,433,0,1,2,1,0
belmontuniversity:leivaesteban,"Leiva, Esteban",Belmont University,14,12,433,0,1,10,2,0
usi:hallgarland,"Hall, Garland",USI,30,5,431,0,1,3,0,0
wrightstate:vanderdonkteun,"van der Donk, Teun",Wright State,24,12,430,0,1,3,1,0
sandiego:tsipenasami,"Tsipena, Sami",San Diego,5,16,429,0,1,2,0,0
bradley:woolleydominic,"Woolley, Dominic",Bradley,5,7,429,0,1,3,1,0
utahtech:allenjerod,"Allen, Jerod",Utah Tech,8,13,428,0,1,3,0,0
stonehillcollege:oconnorethan,"O'Connor, Ethan",Stonehill College,22,12,422,0,1,0,0,0
rutgers:carlsondylan,"Carlson, Dylan",Rutgers,16,16,420,0,1,3,0,0
iona:rossiemilio,"Rossi, Emilio",Iona,20,14,419,0,1,2,0,0
uscupstate:pressleypeyton,"Pressley, Peyton",USC Upstate,21,15,418,0,1,0,0,0
uic:grevenoskar,"Greven, Oskar",UIC,15,10,416,0,1,3,0,0
hofstra:jelercicjon,"Jelercic, Jon",Hofstra,4,16,413,0,1,2,0,0
stanford:tenconigradillasalfonso,"Tenconi-Gradillas, Alfonso",Stanford,11,20,412,0,1,15,8,0
detroitmercy:sanbornryan,"Sanborn, Ryan",Detroit Mercy,13,11,409,0,1,12,4,0
akron:romanjack,"Roman, Jack",Akron,23,19,406,0,1,6,4,0
brown:gustafsonscott,"Gustafson, Scott",Brown,6,16,406,0,1,3,0,0
bucknell:hidalgokiko,"Hidalgo, Kiko",Bucknell,25,18,406,0,1,2,1,0
loyolamaryland:herleycharlie,"Herley, Charlie",Loyola Maryland,28,5,405,0,1,5,0,0
unh:fiscellaluke,"Fiscella, Luke",UNH,3,5,404,0,1,5,1,0
setonhall:tisonyaidan,"Tisony, Aidan",Seton Hall,20,18,403,0,1,1,1,0
liu:diallosaidou,"Diallo, Saidou",LIU,33,6,402,0,1,2,0,0
uvm:barrettzach,"Barrett, Zach",UVM,28,5,402,0,1,2,1,0
pennstate:dadziekojo,"Dadzie, Kojo",Penn State,28,15,401,0,1,8,2,0
fgcu:shalaarber,"Shala, Arber",FGCU,24,10,399,0,1,0,0,0
northflorida:harrisjacob,"Harris, Jacob",North Florida,17,16,395,0,1,6,3,0
calstatebakersfield:arrasfilip,"Arras, Filip",Cal State Bakersfield,16,8,395,0,1,3,1,0
calstatefullerton:gutierrezabraham,"Gutierrez, Abraham",Cal State Fullerton,28,12,391,0,1,0,0,0
michigan:leonmichael,"Leon, Michael",Michigan,22,20,390,0,1,5,0,0
easternillinois:eshwashur,"Eshw, Ashur",Eastern Illinois,2,14,390,0,1,4,1,0
washington:maguirejack,"Maguire, Jack",Washington,5,20,390,0,1,4,2,0
universityofsouthernindiana:garciaelmer,"Garcia, Elmer",University of Southern Indiana,31,11,390,0,1,8,1,0
rideruniversity:strapekjakub,"Strapek, Jakub",Rider University,26,16,389,0,1,10,2,0
niagara:cintradominic,"Cintra, Dominic",Niagara,20,7,389,0,1,9,3,0
fgcu:brimeuxpablo,"Brimeux, Pablo",FGCU,9,13,387,0,1,5,1,0
campbell:lossecteva,"Lossec, Teva",Campbell,3,6,387,0,1,10,4,0
setonhall:saebbomans,"Saebbo, Mans",Seton Hall,14,17,385,0,1,8,4,0
fdu:sangaremamadi,"Sangare, Mamadi",FDU,12,12,383,0,1,2,0,0
bryant:censinifilippo,"Censini, Filippo",Bryant,3,9,382,0,1,1,1,0
clemson:flynngalen,"Flynn, Galen",Clemson,4,17,380,0,1,2,1,0
milwaukee:bowdenjack,"Bowden, Jack",Milwaukee,14,12,380,0,1,2,1,0
fgcu:choutejob,"Choute, Job",FGCU,26,6,376,0,1,11,4,0
universityofsouthernindiana:juanpablo,"Juan, Pablo",University of Southern Indiana,8,8,376,0,1,1,1,0
ucsantabarbara:figueroapablo,"Figueroa, Pablo",UC Santa Barbara,12,16,374,0,1,3,0,0
michigan:lurotpierre,"Lurot, Pierre",Michigan,36,19,373,0,1,0,0,0
bradley:musschootcohen,"Musschoot, Cohen",Bradley,8,6,373,0,1,0,0,0
villanova:vazquezkarson,"Vazquez, Karson",Villanova,32,15,371,0,1,5,0,0
californiabaptist:marthtizian,"Marth, Tizian",California Baptist,16,18,370,0,1,7,3,0
princeton:hormozibardia,"Hormozi, Bardia",Princeton,17,17,370,0,1,15,6,0
cornell:latonasam,"Latona, Sam",Cornell,6,13,369,0,1,7,2,0
jamesmadison:lolasmanuel,"Lolas, Manuel",James Madison,20,18,361,0,1,8,1,0
ohiostate:williamsdonovan,"Williams, Donovan",Ohio State,23,20,360,0,1,1,0,0
lafayette:axtmaneric,"Axtman, Eric",Lafayette,31,7,360,0,1,0,0,0
creighton:greensean,"Green, Sean",Creighton,19,17,352,0,1,2,1,0
longwood:espinozapaul,"Espinoza, Paul",Longwood,6,9,352,0,1,2,1,0
calstatefullerton:varelajulian,"Varela, Julian",Cal State Fullerton,19,13,351,0,1,4,1,0
wrightstate:errenate,"Erre, Nate",Wright State,3,10,351,0,1,0,0,0
manhattan:medinadavid,"Medina, David",Manhattan,23,12,349,0,1,2,1,0
njit:lazoandres,"Lazo, Andres",NJIT,12,11,347,0,1,1,0,0
loyolamd:luchiesjordy,"Luchies, Jordy",Loyola (MD),4,4,345,0,1,2,0,0
harvard:castelalexander,"Castel, Alexander",Harvard,24,9,345,0,1,1,0,0
georgiastate:kirundatyrone,"Kirunda, Tyrone",Georgia State,5,15,344,0,1,1,1,0
columbiauniversity:changpeter,"Chang, Peter",Columbia University,25,14,344,0,1,3,2,0
georgiasouthern:wilsonty,"Wilson, Ty",Georgia Southern,23,15,342,0,1,2,1,0
brown:whartonzion,"Wharton, Zion",Brown,18,17,341,0,1,3,2,0
fau:monterojeremy,"Montero, Jeremy",FAU,12,14,339,0,1,6,2,0
saintfrancis:denittisalex,"De Nittis, Alex",Saint Francis,15,6,337,0,1,7,4,0
gonzaga:gadeavictor,"Gadea, Victor",Gonzaga,10,16,336,0,1,12,4,0
loyolamaryland:luchiesjordy,"Luchies, Jordy",Loyola Maryland,4,5,336,0,1,3,0,0
loyolauniversitymaryland:stephensonjahvar,"Stephenson, Jahvar",Loyola University Maryland,15,5,335,0,1,0,0,0
colgate:hughescolin,"Hughes, Colin",Colgate,19,11,332,0,1,6,3,0
bellarmine:trowelsawyer,"Trowel, Sawyer",Bellarmine,24,12,330,0,1,4,1,0
coastalcarolina:stlouisjimson,"St. Louis, Jimson",Coastal Carolina,20,14,329,0,1,2,0,0
loyolamaryland:ogorchris,"Ogor, Chris",Loyola Maryland,14,5,328,0,1,1,0,0
universityofsouthernindiana:fryejaron,"Frye, Jaron",University of Southern Indiana,10,9,325,0,1,4,1,0
omaha:adanabdi,"Adan, Abdi",Omaha,23,13,324,0,1,1,0,0
queens:brownjamahl,"Brown, Jamahl",Queens,16,7,321,0,1,2,2,0
campbell:bertelliugo,"Bertelli, Ugo",Campbell,18,6,320,0,1,9,1,0
sanfrancisco:thomaselias,"Thomas, Elias",San Francisco,5,11,319,0,1,1,0,0
saintjosephs:lukejohnson,Luke Johnson,Saint Joseph's,11,5,319,0,1,4,2,0
stonybrook:konoryota,"Kono, Ryota",Stony Brook,22,14,317,0,1,9,2,0
newhaven:akgulkaanturk,"Akgul, Kaanturk",New Haven,18,13,316,0,1,5,3,0
universityofmassachusettslowell:aokirui,"Aoki, Rui",University of Massachusetts Lowell,3,5,313,0,1,0,0,0
csubakersfield:rocabogart,"Roca, Bogart",CSU Bakersfield,2,6,312,0,1,1,0,0
maryland:sheppelaaidan,"Sheppela, Aidan",Maryland,49,18,311,0,1,3,1,0
fiu:nasserdriss,"Nasser, Driss",FIU,21,13,309,0,1,0,0,0
airforce:bakerdane,"Baker, Dane",Air Force,13,16,309,0,1,1,1,0
loyolamarymount:robertsonnoah,"Robertson, Noah",Loyola Marymount,15,13,304,0,1,1,0,0
saintmarys:farnummaxwell,"Farnum, Maxwell",Saint Mary's,22,14,303,0,1,6,1,0
sandiego:eaglestontaj,"Eagleston, Taj",San Diego,27,14,300,0,1,8,0,0
grandcanyon:santosxande,"Santos, Xande",Grand Canyon,19,12,300,0,1,1,0,0
davidsoncollege:castellinimateo,"Castellini, Mateo",Davidson College,23,18,300,0,1,3,1,0
butler:tolkinpeter,"Tolkin, Peter",Butler,25,14,299,0,1,1,0,0
holycross:martellkyle,"Martell, Kyle",Holy Cross,17,14,298,0,1,1,0,0
lafayette:feathergriffin,"Feather, Griffin",Lafayette,15,12,297,0,1,2,2,0
clevelandstate:granadosfefo,"Granados, Fefo",Cleveland State,18,13,296,0,1,1,1,0
wrightstate:conleykeegan,"Conley, Keegan",Wright State,31,10,294,0,1,0,0,0
binghamton:cohentom,"Cohen, Tom",Binghamton,10,7,294,0,1,7,4,0
quinnipiac:garriguesjacob,"Garrigues, Jacob",Quinnipiac,14,13,293,0,1,5,2,0
fordham:mojabikamran,"Mojabi, Kamran",Fordham,29,9,291,0,1,1,0,0
unf:kishchenkonick,"Kishchenko, Nick",UNF,5,3,290,0,1,2,1,0
umass:mocciobrad,"Moccio, Brad",UMass,19,11,287,0,1,1,0,0
smu:ervinnoah,"Ervin, Noah",SMU,36,15,280,0,1,1,0,0
newhampshire:brosselmatteo,"Brossel, Matteo",New Hampshire,8,3,280,0,1,0,0,0
uca:petricapharis,"Petrica, Pharis",UCA,20,3,280,0,1,6,0,0
xavier:scretchencannon,"Scretchen, Cannon",Xavier,13,17,279,0,1,8,3,0
easternillinois:getzingernolan,"Getzinger, Nolan",Eastern Illinois,34,14,279,0,1,3,3,0
drexel:gavasyorgos,"Gavas, Yorgos",Drexel,17,17,278,0,1,4,3,0
gonzaga:vandiejkjelle,"Van Diejk, Jelle",Gonzaga,28,5,277,0,1,5,3,0
southcarolina:karpkieran,"Karp, Kieran",South Carolina,21,7,277,0,1,2,0,0
chicagostate:curieldasha,"Curiel, Dasha",Chicago State,20,6,274,0,1,12,6,0
stanford:doyleliam,"Doyle, Liam",Stanford,17,14,273,0,1,3,1,0
mke:coxdavid,"Cox, David",MKE,23,3,270,0,1,1,1,0
mke:ibarradaniel,"Ibarra, Daniel",MKE,30,3,270,0,1,0,0,0
saintfrancisuniversity:aikenstorren,"Aikens, Torren",Saint Francis University,11,3,270,0,1,0,0,0
missouristate:zelkindelijah,"Zelkind, Elijah",Missouri State,20,18,269,0,1,0,0,0
southcarolina:saintjustejunior,"Saint Juste, Junior",South Carolina,4,8,268,0,1,1,0,0
universityofmassachusetts:cencematt,"Cence, Matt",University of Massachusetts,9,3,265,0,1,3,2,0
uvm:ismaildavid,"Ismail, David",UVM,13,4,265,0,1,4,2,0
niagarauniversity:koglerfelix,"Kogler, Felix",Niagara University,33,4,261,0,1,15,8,0
merrimackcollege:dayarchie,"Day, Archie",Merrimack College,15,9,260,0,1,1,0,0
gonzaga:riodiljesse,"Riodil, Jesse",Gonzaga,29,17,259,0,1,0,0,0
floridagulfcoast:dreyalon,"Drey, Alon",Florida Gulf Coast,14,3,256,0,1,5,1,0
umbc:lottjago,"Lott, Jago",UMBC,30,6,255,0,1,1,0,0
fairfield:tullochdaunte,"Tulloch, Daunte",Fairfield,6,10,252,0,1,1,1,0
marist:betzstephen,"Betz, Stephen",Marist,23,14,250,0,1,9,2,0
pc:mcgregorwickhamdamian,"McGregor-Wickham, Damian",PC,3,3,249,0,1,0,0,0
lwu:vargasanthony,"Vargas, Anthony",LWU,5,3,249,0,1,0,0,0
pacific:engelsnicholas,"Engels, Nicholas",Pacific,4,9,248,0,1,0,0,0
centralconnecticutstateuniversity:rautrevor,"Rau, Trevor",Central Connecticut State University,3,3,248,0,1,4,2,0
centralconnecticutstate:starkerwill,"Starker, Will",Central Connecticut State,13,3,246,0,1,3,1,0
xavier:bernaldelagarzafabrizio,"Bernal de la Garza, Fabrizio",Xavier,17,12,243,0,1,9,6,0
loyolachicago:hofmannbenni,"Hofmann, Benni",Loyola Chicago,9,8,243,0,1,2,1,0
unh:portasalbert,"Portas, Albert",UNH,11,4,243,0,1,11,5,0
fordham:calkapmurat,"Calkap, Murat",Fordham,7,7,241,0,1,0,0,0
clevelandstate:bravosanchezadrian,"Bravo-Sanchez, Adrian",Cleveland State,23,10,240,0,1,1,0,0
uri:berminghambrandon,"Bermingham, Brandon",URI,7,3,240,0,1,12,5,0
maryland:stmartinbrian,"St. Martin, Brian",Maryland,28,19,238,0,1,2,0,0
utahvalley:salifuissaka,"Salifu, Issaka",Utah Valley,17,11,238,0,1,2,0,0
radford:mcgarryjohn,"McGarry, John",Radford,28,13,238,0,1,0,0,0
centralconnecticutstateuniversity:tatajoey,"Tata, Joey",Central Connecticut State University,20,3,231,0,1,0,0,0
georgiasouthern:songeole,"Songe, Ole",Georgia Southern,2,16,229,0,1,3,1,0
centralconnecticutstate:agyaredansoethan,"Agyare-Danso, Ethan",Central Connecticut State,16,3,229,0,1,7,3,0
stonehillcollege:gniedziejkopatryk,"Gniedziejko, Patryk",Stonehill College,37,12,224,0,1,0,0,0
lafayette:durlinganthony,"Durling, Anthony",Lafayette,6,7,223,0,1,1,0,0
portland:fofanahbuba,"Fofanah, Buba",Portland,19,8,222,0,1,9,4,0
yale:stamboulidisgeorge,"Stamboulidis, George",Yale,20,15,220,0,1,3,1,0
southfla:mondragonmarcelo,"Mondragon, Marcelo",South Fla.,23,3,219,0,1,0,0,0
rutgers:tyrkusillia,"Tyrkus, Illia",Rutgers,18,17,215,0,1,4,2,0
harvard:vicianmatus,"Vician, Matus",Harvard,18,9,214,0,1,0,0,0
vmi:ndakprigabriel,"N'Dakpri, Gabriel",VMI,19,9,212,0,1,5,1,0
virginia:parvualex,"Parvu, Alex",Virginia,37,11,211,0,1,2,1,0
marquette:hamlerclayton,"Hamler, Clayton",Marquette,26,17,211,0,1,2,1,0
canisius:wagnerriley,"Wagner, Riley",Canisius,5,5,210,0,1,0,0,0
ncstate:roseneitan,"Rosen, Eitan",NC State,21,20,209,0,1,2,1,0
oakland:hubbellkevin,"Hubbell, Kevin",Oakland,4,10,208,0,1,2,0,0
stetson:lenhardjacob,"Lenhard, Jacob",Stetson,20,10,208,0,1,0,0,0
bradley:benitezsaizelias,"Benitez Saiz, Elias",Bradley,6,6,206,0,1,0,0,0
loyolamaryland:smitheddie,"Smith, Eddie",Loyola Maryland,16,5,205,0,1,2,1,0
williammary:kosichwebb,"Kosich, Webb",William & Mary,7,7,203,0,1,3,0,0
memphis:schmalbachsebastian,"Schmalbach, Sebastian",Memphis,11,13,202,0,1,4,1,0
universityatalbany:efstathiouchristos,"Efstathiou, Christos",University at Albany,22,4,202,0,1,0,0,0
cornell:schabanadam,"Schaban, Adam",Cornell,14,10,198,0,1,2,0,0
umasslowell:esnaolaiaki,"Esnaola, I?aki",UMass Lowell,10,3,196,0,1,5,3,0
calstatebakersfield:ogunrashaad,"Ogun, Rashaad",Cal State Bakersfield,11,6,195,0,1,5,1,0
uscupstate:lopezcarlos,"Lopez, Carlos",USC Upstate,11,13,193,0,1,4,1,0
ucirvine:clarksonnoah,"Clarkson, Noah",UC Irvine,13,18,192,0,1,1,0,0
akron:filsingerconnor,"Filsinger, Connor",Akron,7,19,192,0,1,5,4,0
uncwilmington:powellcaleb,"Powell, Caleb",UNC Wilmington,19,15,191,0,1,2,1,0
armywestpoint:mccarthycolin,"McCarthy, Colin",Army West Point,6,3,191,0,1,3,0,0
georgemason:kamaraabdul,"Kamara, Abdul",George Mason,21,9,189,0,1,2,2,0
lwu:macayajesus,"Macaya, Jesus",LWU,23,3,189,0,1,1,1,0
mercyhurst:strubephillip,"Strube, Phillip",Mercyhurst,18,5,185,0,1,0,0,0
sacredheart:almuzaraalejandro,"Almuzara, Alejandro",Sacred Heart,11,5,185,0,1,7,3,0
tulsa:edwardswill,"Edwards, Will",Tulsa,14,15,184,0,1,1,1,0
clevelandstate:velickovicstefan,"Velickovic, Stefan",Cleveland State,12,13,184,0,1,2,1,0
unh:maiellomattia,"Maiello, Mattia",UNH,20,6,181,0,1,6,2,0
luc:cisnerosjulian,"Cisneros, Julian",LUC,6,2,180,0,1,4,1,0
luc:siemionkodavid,"Siemionko, David",LUC,26,2,180,0,1,1,1,0
niu:paskusgrant,"Paskus, Grant",NIU,13,2,180,0,1,1,1,0
niu:suddethben,"Suddeth, Ben",NIU,24,2,180,0,1,1,0,0
floridaatlantic:tourekerfalla,"Toure, Kerfalla",Florida Atlantic,33,2,180,0,1,0,0,0
syracuse:leiboldgiona,"Leibold, Giona",Syracuse,17,15,178,0,1,3,0,0
depaul:kelnergrant,"Kelner, Grant",DePaul,4,15,178,0,1,0,0,0
lwu:neelyluke,"Neely, Luke",LWU,24,3,178,0,1,0,0,0
pc:sundlihardigjonas,"Sundli-Hardig, Jonas",PC,16,3,176,0,1,3,2,0
armywestpoint:krygerjack,"Kryger, Jack",Army West Point,23,3,176,0,1,3,1,0
incarnateword:segurafrancisco,"Segura, Francisco",Incarnate Word,11,10,173,0,1,6,2,0
bucknell:marronigianluca,"Marroni, Gianluca",Bucknell,4,17,172,0,1,7,1,0
saintfrancis:walenchokmikey,"Walenchok, Mikey",Saint Francis,14,6,170,0,1,1,0,0
uca:kissalex,"Kiss, Alex",UCA,2,3,170,0,1,0,0,0
saintmarys:kleinkoren,"Klein, Koren",Saint Mary's,31,15,168,0,1,7,4,0
saintfrancispa:rigbymaximus,"Rigby, Maximus",Saint Francis (PA),8,2,167,0,1,4,1,0
westvirginia:saulbarrett,"Saul, Barrett",West Virginia,14,14,165,0,1,2,1,0
dartmouthcollege:arveskardouglas,"Arveskar, Douglas",Dartmouth College,9,6,165,0,1,2,1,0
loyolauniversitymaryland:raineyjuston,"Rainey, Juston",Loyola University Maryland,27,5,164,0,1,3,0,0
belmontuniversity:betapudisimeon,"Betapudi, Simeon",Belmont University,24,9,163,0,1,2,1,0
luc:janjicpetar,"Janjic, Petar",LUC,15,3,161,0,1,5,2,0
siuedwardsville:muenchnic,"Muench, Nic",SIU Edwardsville,19,2,161,0,1,4,4,0
niu:thomaszachariah,"Thomas, Zachariah",NIU,7,2,160,0,1,3,2,0
portland:bellinikendi,"Bellini, Kendi",Portland,28,10,159,0,1,1,0,0
lwu:hernandezmikey,"Hernandez, Mikey",LWU,21,2,159,0,1,1,0,0
universityofmassachusetts:ortizandrew,"Ortiz, Andrew",University of Massachusetts,11,3,158,0,1,1,0,0
stanford:kwakwakwabena,"Kwakwa, Kwabena",Stanford,23,13,157,0,1,7,3,0
calpoly:tehraniarmin,"Tehrani, Armin",Cal Poly,13,15,156,0,1,6,2,0
maryland:gerbercameron,"Gerber, Cameron",Maryland,14,19,155,0,1,3,2,0
avl:grolimundedvin,"Grolimund, Edvin",AVL,34,2,155,0,1,3,1,0
centralconnecticutstateuniversity:catanzaroanthony,"Catanzaro, Anthony",Central Connecticut State University,27,3,153,0,1,3,1,0
loyola:kakayirapat,"Kakayira, Pat",Loyola,2,3,153,0,1,0,0,0
iuindianapolis:velingsgijs,"Velings, Gijs",IU Indianapolis,8,2,150,0,1,1,0,0
purduefortwayne:aguirrebryan,"Aguirre, Bryan",Purdue Fort Wayne,24,12,147,0,1,2,0,0
northernkentucky:hoenderkampdiego,"Hoenderkamp, Diego",Northern Kentucky,18,7,144,0,1,3,0,0
westmont:guerreroerik,"Guerrero, Erik",Westmont,20,2,143,0,1,4,1,0
rhodeisland:yurkovicnate,"Yurkovic, Nate",Rhode Island,28,9,142,0,1,3,2,0
california:djerbakakai,"Djerbaka, Kai",California,4,18,140,0,1,1,0,0
southcarolina:quintanillasonny,"Quintanilla, Sonny",South Carolina,17,8,140,0,1,0,0,0
calstatefullerton:zapatajustin,"Zapata, Justin",Cal State Fullerton,27,10,140,0,1,0,0,0
kentucky:smithbains,"Smith, Bains",Kentucky,16,12,140,0,1,3,0,0
luc:chavarriabenji,"Chavarria, Benji",LUC,19,3,140,0,1,2,0,0
iuindianapolis:radekecameron,"Radeke, Cameron",IU Indianapolis,9,2,139,0,1,0,0,0
westmont:tuscanodaniel,"Tuscano, Daniel",Westmont,8,2,139,0,1,3,0,0
kentucky:hansenvictor,"Hansen, Victor",Kentucky,21,11,138,0,1,0,0,0
ust:knisertommy,"Kniser, Tommy",UST,25,2,133,0,1,0,0,0
lwu:perestrelohenrique,"Perestrelo, Henrique",LWU,10,3,131,0,1,1,1,0
northernillinoisuniversity:gomezjose,"Gomez, Jose",Northern Illinois University,8,2,131,0,1,2,0,0
mke:medinaraul,"Medina, Raul",MKE,22,2,123,0,1,2,1,0
csubakersfield:biggerstaffaaron,"Biggerstaff, Aaron",CSU Bakersfield,20,5,122,0,1,1,0,0
saintfrancis:brennanparker,"Brennan, Parker",Saint Francis,23,6,122,0,1,0,0,0
ccsu:yamadataichi,"Yamada, Taichi",CCSU,23,2,122,0,1,0,0,0
memphis:pitlikcory,"Pitlik, Cory",Memphis,23,17,121,0,1,3,1,0
georgiastate:biasicole,"Biasi, Cole",Georgia State,4,10,121,0,1,1,0,0
unf:taylorangus,"Taylor, Angus",UNF,7,3,119,0,1,1,0,0
ju:guskeowen,"Guske, Owen",JU,5,2,118,0,1,1,0,0
loyolachicago:cairneytj,"Cairney, TJ",Loyola Chicago,4,3,118,0,1,0,0,0
southcarolina:karpkiernan,"Karp, Kiernan",South Carolina,21,4,116,0,1,0,0,0
unh:akgulkaanturk,"Akgul, Kaanturk",UNH,18,5,116,0,1,1,0,0
stjohns:levinotto,"Levin, Otto",St. John's,24,19,115,0,1,0,0,0
easttennesseestate:delellismatias,"Delellis, Matias",East Tennessee State,21,5,114,0,1,1,0,0
saintmarys:duranemmanuel,"Duran, Emmanuel",Saint Mary's,33,11,114,0,1,1,0,0
northernillinois:mugishawilliam,"Mugisha, William",Northern Illinois,14,6,112,0,1,2,0,0
southcarolina:mcgrathronnie,"McGrath, Ronnie",South Carolina,11,9,110,0,1,0,0,0
uvm:thompsonconnor,"Thompson, Connor",UVM,6,5,110,0,1,3,1,0
charleston:bagshawben,"Bagshaw, Ben",Charleston,19,15,108,0,1,2,2,0
radm:boothdax,"Booth, Dax",RADM,34,2,108,0,1,5,3,0
georgemason:kiloshoerick,"Kilosho, Erick",George Mason,6,8,107,0,1,1,0,0
california:wachseli,"Wachs, Eli",California,16,18,104,0,1,0,0,0
furman:pricejackson,"Price, Jackson",Furman,21,9,103,0,1,4,1,0
umbc:millergunder,"Miller, Gunder",UMBC,16,5,103,0,1,0,0,0
ncaadivisioniichampionshipfirstroundvsconcord:santipossumalher,"Santi Possu, Malher",NCAA Division II Championship First Round vs Concord,11,1,103,0,1,5,4,0
niagarauniversity:bastiaenenmick,"Bastiaenen, Mick",Niagara University,14,4,102,0,1,0,0,0
fau:androsmark,"Andros, Mark",FAU,8,14,101,0,1,2,0,0
universityofmassachusetts:hersibilal,"Hersi, Bilal",University of Massachusetts,21,2,101,0,1,2,0,0
newjerseyinstituteoftechnology:amirraz,"Amir, Raz",New Jersey Institute of Technology,16,3,100,0,1,2,2,0
saintfrancisuniversity:kierzkowskipatrick,"Kierzkowski, Patrick",Saint Francis University,20,2,99,0,1,1,1,0
ucsandiego:luechauermichael,"Luechauer, Michael",UC San Diego,31,10,95,0,1,2,1,0
manhattan:araujojason,"Araujo, Jason",Manhattan,20,7,95,0,1,0,0,0
brown:stistruppetersenmads,"Stistrup Petersen, Mads",Brown,12,3,95,0,1,3,1,0
mercyhurst:contiben,"Conti, Ben",Mercyhurst,34,7,94,0,1,0,0,0
milwaukee:ogwupraise,"Ogwu, Praise",Milwaukee,15,8,94,0,1,3,0,0
iuindianapolis:kummrownoah,"Kummrow, Noah",IU Indianapolis,5,2,94,0,1,0,0,0
marquette:monrealherrerajonathan,"Monreal-Herrera, Jonathan",Marquette,29,16,93,0,1,4,2,0
campbell:kwakyekwame,"Kwakye, Kwame",Campbell,16,8,92,0,1,1,0,0
saintjosephs:danielzivkovic,Daniel Zivkovic,Saint Joseph's,7,4,92,0,1,1,0,0
hofstra:benhamjack,"Benham, Jack",Hofstra,6,1,90,0,1,0,0,0
sacramentostate:bostlucas,"Bost, Lucas",Sacramento State,0,4,90,0,1,0,0,0
stonybrook:bjornssontomas,"Bjornsson, Tomas",Stony Brook,28,7,90,0,1,2,2,0
utr:baltazarcesar,"Baltazar, Cesar",UTR,3,1,90,0,1,0,0,0
northamerican:figueroajoseph,"Figueroa, Joseph",North American,8,1,90,0,1,1,1,0
gb:okazakikazuki,"Okazaki, Kazuki",GB,12,1,90,0,1,1,0,0
detroit:piersondrew,"Pierson, Drew",Detroit,27,1,90,0,1,0,0,0
coc:baldwinben,"Baldwin, Ben",COC,16,1,90,0,1,1,0,0
grandcanyonuniversity:fallbenassane,"Fall, Ben Assane",Grand Canyon University,18,1,90,0,1,3,0,0
qncm:zacharialeontios,"Zacharia, Leontios",QNCM,14,1,90,0,1,1,1,0
rams:rodriguezandres,"Rodriguez, Andres",RAMS,6,1,90,0,1,2,1,0
ud:kanyanegeni,"Kanyane, Geni",UD,6,1,90,0,1,5,0,0
ud:bonhammiles,"Bonham, Miles",UD,17,1,90,0,1,1,0,0
wm:barretttre,"Barrett, Tre",WM,12,1,90,0,1,0,0,0
ual:cookethan,"Cook, Ethan",UAL,3,1,90,0,1,0,0,0
santaclara:panaiteadrian,"Panaite, Adrian",Santa Clara,9,1,90,0,1,3,1,0
franklinpierce:lauriacalvojoaquin,"Lauria Calvo, Joaquin",Franklin Pierce,5,1,90,0,1,0,0,0
prsby:carvalhogabe,"Carvalho, Gabe",PRSBY,24,1,90,0,1,1,1,0
virginiacommonwealthuniversity:rodriguezandres,"Rodriguez, Andres",Virginia Commonwealth University,6,1,90,0,1,1,1,0
du:gjerdeeskil,"Gjerde, Eskil",DU,15,1,90,0,1,0,0,0
ucsd:jacobuscarter,"Jacobus, Carter",UCSD,10,1,90,0,1,0,0,0
indy:thompsonrobertsjago,"Thompson-Roberts, Jago",INDY,23,1,90,0,1,0,0,0
117429:santosluisfelipe,"Santos, Luis Felipe",117429,14,1,90,0,1,1,1,0
odu:eberlemichael,"Eberle, Michael",ODU,10,1,90,0,1,0,0,0
odu:randolfmarcelo,"Randolf, Marcelo",ODU,22,1,90,0,1,1,1,0
colgateplsemifinal:goldnertoby,"Goldner, Toby",Colgate — PL Semifinal,17,1,90,0,1,0,0,0
longisland:thanhoferniklas,"Thanhofer, Niklas",Long Island,4,1,90,0,1,1,1,0
southfla:kostanjeklovro,"Kostanjšek, Lovro",South Fla.,7,2,89,0,1,3,1,0
saintfrancispa:loudenconnor,"Louden, Connor",Saint Francis (PA),4,2,87,0,1,0,0,0
prsby:griffithcarson,"Griffith, Carson",PRSBY,10,1,87,0,1,0,0,0
csub:hankinsbryson,"Hankins, Bryson",CSUB,8,1,86,0,1,3,1,0
setonhill:knappbrandon,"Knapp, Brandon",Seton Hill,3,1,84,0,1,0,0,0
post:sousafrancisco,"Sousa, Francisco",Post,7,1,84,0,1,2,0,0
no28marshall:pannholzertarik,"Pannholzer, Tarik",No. 2/#8 Marshall,9,1,84,0,1,0,0,0
setonhall:albuquerqueian,"Albuquerque, Ian",Seton Hall,15,16,82,0,1,0,0,0
grandcanyonuniversity:gustavssonviggo,"Gustavsson, Viggo",Grand Canyon University,24,1,82,0,1,0,0,0
au:palomoleo,"Palomo, Leo",AU,18,1,82,0,1,0,0,0
lwu:espinozapaul,"Espinoza, Paul",LWU,6,2,82,0,1,0,0,0
unh:jourdainmarc,"Jourdain, Marc",UNH,24,2,82,0,1,0,0,0
gb:fongaidan,"Fong, Aidan",GB,2,1,78,0,1,1,0,0
saintlouis:rosscole,"Ross, Cole",Saint Louis,25,7,78,0,1,5,2,0
olivetnazarene:kanghagmanadrian,"Kang Hagman, Adrian",Olivet Nazarene,21,1,78,0,1,1,1,0
stl:andersonseth,"Anderson, Seth",STL,7,1,77,0,1,1,0,0
universityoftheincarnateword:navarijodylan,"Navarijo, Dylan",University of the Incarnate Word,17,1,77,0,1,1,0,0
liu:permyashkinviktor,"Permyashkin, Viktor",LIU,7,1,76,0,1,1,0,0
emoryhenry:hayesethan,"Hayes, Ethan",Emory & Henry,30,1,76,0,1,0,0,0
ue:phillipkai,"Phillip, Kai",UE,19,1,76,0,1,0,0,0
saintfrancisuniversity:isrealandre,"Isreal, Andre",Saint Francis University,17,1,76,0,1,0,0,0
coc:whiteezra,"White, Ezra",COC,8,1,75,0,1,2,0,0
udm:copelandjosh,"Copeland , Josh",UDM,11,1,75,0,1,1,0,0
northwest:misicelliot,"Misic, Elliot",Northwest,23,1,73,0,1,2,1,0
mountstmarys:onealeliot,"O'Neal, Eliot",Mount St. Mary's,42,2,73,0,1,3,2,0
indy:klaverstan,"Klaver, Stan",INDY,2,1,73,0,1,0,0,0
floridaatlantic:schumakerethan,"Schumaker, Ethan",Florida Atlantic,34,2,72,0,1,0,0,0
fairleighdickinson:giraldomatt,"Giraldo, Matt",Fairleigh Dickinson,15,1,72,0,1,0,0,0
jacksonville:mancusomichael,"Mancuso, Michael",Jacksonville,22,5,70,0,1,1,0,0
ucla:fosteroshea,"Foster, Oshea",UCLA,23,10,70,0,1,0,0,0
eckerd:shepherdtommy,"Shepherd, Tommy",Eckerd,10,1,70,0,1,0,0,0
wm:rabushevan,"Rabush, Evan",WM,16,1,69,0,1,1,1,0
udm:piersondrew,"Pierson , Drew",UDM,27,1,69,0,1,0,0,0
117429:talladatorresjorg,"Tallada Torres, Jorg",117429,16,1,69,0,1,1,1,0
howard:spallingerjude,"Spallinger, Jude",Howard,24,7,68,0,1,1,0,0
centralconnecticut:bowmanparker,"Bowman, Parker",Central Connecticut,28,1,68,0,1,1,0,0
marywashington:amorosesammy,"Amorose, Sammy",Mary Washington,2,1,68,0,1,1,1,0
saintmichaels:ribywilliamsronnie,"Riby-Williams, Ronnie",Saint Michael's,13,1,67,0,1,1,0,0
prsby:rabarivonysandro,"Rabarivony, Sandro",PRSBY,12,1,67,0,1,1,0,0
stl:wrobelmatthew,"Wrobel, Matthew",STL,9,1,67,0,1,0,0,0
calbaptist:borreroluis,"Borrero, Luis",Cal Baptist,11,1,66,0,1,2,1,0
8no13seedmarshallsweet16:tanedaharuhi,"Taneda, Haruhi",(#8/No. 13 seed) Marshall (Sweet 16),18,1,66,0,1,0,0,0
northgreenville:macugliarenan,"Macuglia, Renan",North Greenville,9,1,65,0,1,1,1,0
utr:sukatikgodiso,"Sukati, Kgodiso",UTR,9,1,63,0,1,1,0,0
stcloudstate:wardrhys,"Ward, Rhys",St. Cloud State,20,1,63,0,1,0,0,0
up:gilmanjackson,"Gilman, Jackson",UP,2,1,62,0,1,2,0,0
uca:francoumatheo,"Francou, Matheo",UCA,15,2,62,0,1,2,0,0
duke:byasiimaadrian,"Byasiima, Adrian",Duke,17,19,61,0,1,3,1,0
duke:mulvaneynate,"Mulvaney, Nate",Duke,29,18,61,0,1,0,0,0
loyolamd:kakayirapat,"Kakayira, Pat",Loyola (Md.),2,1,61,0,1,0,0,0
saintfrancispa:denittisalex,"De Nittis, Alex",Saint Francis (PA),15,1,60,0,1,4,2,0
stcloudstate:smegyanis,"Smeg, Yanis",St. Cloud State,7,1,60,0,1,1,1,0
qncm:brandaocaio,"Brandao, Caio",QNCM,10,1,60,0,1,0,0,0
fdu:ayazluke,"Ayaz, Luke",FDU,32,4,60,0,1,4,2,0
unf:mattocksalfie,"Mattocks, Alfie",UNF,3,1,60,0,1,1,0,0
virginiacommonwealthuniversity:abdulmateensulaiman,"Abdul-Mateen, Sulaiman",Virginia Commonwealth University,35,1,60,0,1,0,0,0
merrimackcollege:gabrielebosio,Gabriele Bosio,Merrimack College,38,1,56,0,1,0,0,0
jak:schweickertevan,"Schweickert, Evan",JAK,8,1,56,0,1,0,0,0
akron:kopayryan,"Kopay, Ryan",Akron,28,20,54,0,1,0,0,0
dayton:dikkoadebayo,"Dikko, Adebayo",Dayton,33,7,53,0,1,0,0,0
up:dahllasse,"Dahl, Lasse",UP,22,1,53,0,1,3,0,0
gb:bjornskovoscar,"Bjornskov, Oscar",GB,11,1,53,0,1,1,0,0
notredame:zimmermannnate,"Zimmermann, Nate",Notre Dame,7,7,53,0,1,1,0,0
oralroberts:usseryaiden,"Ussery, Aiden",Oral Roberts,16,7,52,0,1,1,0,0
ual:mcdermottbrennan,"McDermott, Brennan",UAL,20,1,52,0,1,0,0,0
uno:bokotaelie,"Bokota, Elie",UNO,14,1,52,0,1,1,1,0
hofstra:citrondavid,"Citron, David",Hofstra,17,1,51,0,1,0,0,0
bradley:douglasyohance,"Douglas, Yohance",Bradley,7,7,51,0,1,1,0,0
merrimackcollege:muhlauritinashe,"Muhlauri, Tinashe",Merrimack College,12,6,50,0,1,0,0,0
uic:paladinogianfranco,"Paladino, Gianfranco",UIC,2,5,49,0,1,0,0,0
rams:salmeronandrey,"Salmeron, Andrey",RAMS,8,1,48,0,1,2,2,0
coc:elliottchris,"Elliott, Chris",COC,9,1,47,0,1,1,1,0
eckerd:bloomfielddaniel,"Bloomfield, Daniel",Eckerd,23,1,47,0,1,1,1,0
grandcanyonuniversity:lopezjorge,"Lopez, Jorge",Grand Canyon University,8,1,45,0,1,0,0,0
prsby:sundlihardigjonas,"Sundli-Hardig, Jonas",PRSBY,16,1,45,0,1,0,0,0
du:finneganlogan,"Finnegan, Logan",DU,7,1,44,0,1,0,0,0
gtown:taboramarlon,"Tabora, Marlon",GTOWN,9,1,44,0,1,2,0,0
centralarkansas:dearmasabram,"de Armas, Abram",Central Arkansas,29,8,42,0,1,1,0,0
jamesmadison:donosoagustn,"Donoso, Agustín",James Madison,12,16,42,0,1,0,0,0
udm:sanbornryan,"Sanborn , Ryan",UDM,13,1,42,0,1,1,1,0
greenbay:mouadylan,"Moua, Dylan",Green Bay,27,3,40,0,1,1,0,0
lemoynecollege:kucimartin,"Kuci, Martin",Le Moyne College,26,5,39,0,1,0,0,0
stcloudstate:greenlandmatthew,"Greenland, Matthew",St. Cloud State,21,1,38,0,1,0,0,0
universityofevansville:dollbrayden,"Doll, Brayden",University of Evansville,18,8,37,0,1,0,0,0
americaninternational:chapmannicholas,"Chapman, Nicholas",American International,2,1,36,0,1,0,0,0
du:kittsbarrett,"Kitts, Barrett",DU,7,1,36,0,1,0,0,0
fau:piresthiago,"Pires, Thiago",FAU,10,14,35,0,1,0,0,0
stanford:sasakitakashi,"Sasaki, Takashi",Stanford,29,9,34,0,1,0,0,0
ncstate:abasslawson,"Abass, Lawson",NC State,4,20,33,0,1,1,0,0
no28marshall:robertojoao,"Roberto, Joao",No. 2/#8 Marshall,12,1,30,0,1,0,0,0
utr:allenoneeko,"Allen, Oneeko",UTR,12,1,25,0,1,1,0,0
unh:alarconyans,"Alarcon, Yans",UNH,22,1,24,0,1,0,0,0
bu:thomascailen,"Thomas, Cailen",BU,13,1,24,0,1,0,0,0
iona:oualaaloujohn,"Oualaalou, John",Iona,18,7,23,0,1,0,0,0
thecitycollegeofnewyork:omotoshovalentine,"Omotosho, Valentine",The City College of New York,19,1,23,0,1,1,0,0
pc:simpsonsonny,"Simpson, Sonny",PC,5,1,21,0,1,0,0,0
floridaatlantic:androsmark,"Andros, Mark",Florida Atlantic,8,2,18,0,1,0,0,0
calstatefullerton:espinozadamian,"Espinoza, Damian",Cal State Fullerton,24,3,17,0,1,2,0,0
uvm:dalykarl,"Daly, Karl",UVM,21,3,16,0,1,0,0,0
floridaatlantic:piresthiago,"Pires, Thiago",Florida Atlantic,10,2,16,0,1,0,0,0
pc:siaujeremy,"Siau, Jeremy",PC,22,1,15,0,1,0,0,0
binghamton:howelljamie,"Howell	, Jamie",Binghamton,7,2,15,0,1,0,0,0
gtown:brownjack,"Brown, Jack",GTOWN,16,1,14,0,1,0,0,0
uno:adanabdi,"Adan, Abdi",UNO,23,1,14,0,1,0,0,0
stanford:mcmillannicorei,"McMillan, Nico Rei",Stanford,22,6,13,0,1,0,0,0
wakeforest:alphintrace,"Alphin, Trace",Wake Forest,1,24,2185,0,0,0,0,63
denver:nehmeisaac,"Nehme, Isaac",Denver,1,23,2059,0,0,0,0,28
ucsantabarbara:mitznerdavid,"Mitzner, David",UC Santa Barbara,0,22,2003,0,0,0,0,22
providence:burnslukas,"Burns , Lukas",Providence,1,22,1965,0,0,0,0,67
washington:bowtonjadon,"Bowton, Jadon",Washington,1,21,1930,0,0,0,0,58
sanjosestate:dossmannniklas,"Dossmann, Niklas",San Jose State,5,21,1875,0,0,2,1,0
smu:salvoalex,"Salvo, Alex",SMU,6,21,1868,0,0,6,2,0
akron:budlermitch,"Budler, Mitch",Akron,1,21,1848,0,0,0,0,50
stanford:schneblyrowan,"Schnebly, Rowan",Stanford,1,20,1833,0,0,0,0,36
rideruniversity:ericksonandrew,"Erickson, Andrew",Rider University,20,20,1817,0,0,6,4,0
universityofevansville:mrozmichal,"Mroz, Michal",University of Evansville,31,19,1737,0,0,0,0,25
bucknell:lapworthfreddie,"Lapworth, Freddie",Bucknell,00,19,1730,0,0,0,0,44
calstatefullerton:borjajulian,"Borja, Julian",Cal State Fullerton,5,20,1727,0,0,7,1,0
seattle:lanphiercharlie,"Lanphier, Charlie",Seattle,18,19,1725,0,0,0,0,43
rideruniversity:salamaadam,"Salama, Adam",Rider University,31,19,1721,0,0,0,0,8
calpoly:mccunenicky,"McCune, Nicky",Cal Poly,1,19,1719,0,0,0,0,30
stjohns:mclachlanalec,"McLachlan, Alec",St. John's,0,20,1712,0,0,1,0,41
dayton:caetanodario,"Caetano, Dario",Dayton,1,19,1710,0,0,0,0,4
calstatefullerton:limesbrandon,"Limes, Brandon",Cal State Fullerton,1,20,1695,0,0,1,0,7
ucirvine:winummathias,"Winum, Mathias",UC Irvine,5,19,1690,0,0,3,0,0
jamesmadison:conlonsebastian,"Conlon, Sebastian",James Madison,00,19,1688,0,0,0,0,59
gardnerwebb:horrocksalan,"Horrocks, Alan",Gardner-Webb,31,20,1687,0,0,0,0,55
robertmorris:lanejosh,"Lane, Josh",Robert Morris,1,19,1687,0,0,0,0,5
bryant:hadjigavrielantreas,"Hadjigavriel, Antreas",Bryant,88,19,1656,0,0,0,0,0
furman:salinasaaron,"Salinas, Aaron",Furman,1,18,1652,0,0,0,0,19
maryland:macklaurin,"Mack, Laurin",Maryland,38,20,1644,0,0,0,0,49
duke:speelwessel,"Speel, Wessel",Duke,1,19,1640,0,0,0,0,45
northcarolina:cordesandrew,"Cordes, Andrew",North Carolina,1,18,1640,0,0,0,0,34
saintlouis:abonneljeremi,"Abonnel, Jeremi",Saint Louis,28,18,1640,0,0,0,0,12
northcarolina:thomasriley,"Thomas, Riley",North Carolina,15,18,1636,0,0,6,2,0
houstonchristian:aitkenalex,"Aitken, Alex",Houston Christian,1,19,1634,0,0,0,0,0
ucsantabarbara:mollerbergcalle,"Mollerberg, Calle",UC Santa Barbara,4,20,1627,0,0,6,0,0
ucsandiego:premacknolan,"Premack, Nolan",UC San Diego,1,18,1620,0,0,0,0,22
creighton:gillinghamblake,"Gillingham, Blake",Creighton,1,18,1620,0,0,0,0,43
dayton:bremaudluis,"Bremaud, Luis",Dayton,21,18,1620,0,0,3,1,0
uconn:kerkvlietmax,"Kerkvliet, Max",UConn,1,18,1620,0,0,0,0,44
utahvalley:williamsben,"Williams, Ben",Utah Valley,1,18,1620,0,0,0,0,7
michigan:bakerwill,"Baker, Will",Michigan,5,20,1619,0,0,7,2,0
gonzaga:preciadochema,"Preciado, Chema",Gonzaga,1,18,1616,0,0,0,0,61
virginia:batrounijoey,"Batrouni, Joey",Virginia,1,20,1610,0,0,0,0,58
westvirginia:bonnairemarc,"Bonnaire, Marc",West Virginia,1,19,1604,0,0,0,0,26
lehigh:bealerlandon,"Bealer, Landon",Lehigh,17,18,1593,0,0,10,3,0
westernillinois:swearengenleevi,"Swearengen, Leevi",Western Illinois,23,20,1591,0,0,3,1,0
jamesmadison:strinechay,"Strine, Chay",James Madison,8,19,1579,0,0,6,1,0
american:tibbettsmatthew,"Tibbetts, Matthew",American,32,17,1570,0,0,0,0,5
american:nunncooper,"Nunn, Cooper",American,4,17,1570,0,0,1,1,0
utahvalley:dobekpietrowskitom,"Dobek-Pietrowski, Tom",Utah Valley,3,18,1569,0,0,4,1,0
michiganstate:adamjosh,"Adam, Josh",Michigan State,14,17,1550,0,0,5,4,0
wofford:ledinleo,"Ledin, Leo",Wofford,1,17,1550,0,0,0,0,25
charleston:marshallolly,"Marshall, Olly",Charleston,1,17,1542,0,0,0,0,56
newhampshire:lautaerik,"Lauta, Erik",New Hampshire,1,17,1540,0,0,0,0,46
charlotte:stritterleonard,"Stritter, Leonard",Charlotte,1,17,1540,0,0,0,0,37
bowlinggreen:gravesbrendan,"Graves, Brendan",Bowling Green,33,17,1539,0,0,0,0,22
uncgreensboro:alejandreaxel,"Alejandre, Axel",UNC Greensboro,3,17,1537,0,0,0,0,0
penn:falconiiiphillip,"Falcon III, Phillip",Penn,1,17,1534,0,0,0,0,24
michiganstate:kellyzac,"Kelly, Zac",Michigan State,30,17,1531,0,0,0,0,54
butler:norriscaleb,"Norris, Caleb",Butler,1,17,1530,0,0,0,0,5
clevelandstate:foldskyle,"Folds, Kyle",Cleveland State,19,17,1530,0,0,4,2,0
rutgers:daltonciaran,"Dalton, Ciaran",Rutgers,1,17,1530,0,0,0,0,65
belmontuniversity:calvertgrant,"Calvert, Grant",Belmont University,1,17,1530,0,0,0,0,10
georgiastate:fillaudeautom,"Fillaudeau, Tom",Georgia State,20,17,1530,0,0,1,0,0
californiabaptist:doregohugo,"Do Rego, Hugo",California Baptist,1,17,1530,0,0,0,0,82
mercer:mcmullentrevor,"McMullen, Trevor",Mercer,0,17,1530,0,0,0,0,38
georgiasouthern:martineznate,"Martinez, Nate",Georgia Southern,1,17,1530,0,0,0,0,30
sacramentostate:learnedmac,"Learned, Mac",Sacramento State,1,18,1529,0,0,0,0,6
memphis:kimjackson,"Kim, Jackson",Memphis,15,17,1528,0,0,13,8,0
xavier:mennelljonny,"Mennell, Jonny",Xavier,1,17,1526,0,0,1,1,44
virginiatech:wenzelcooper,"Wenzel, Cooper",Virginia Tech,25,17,1515,0,0,0,0,47
calstatefullerton:hugginsavery,"Huggins, Avery",Cal State Fullerton,22,18,1514,0,0,3,1,0
utahtech:shawharrison,"Shaw, Harrison",Utah Tech,27,17,1510,0,0,3,1,0
california:broughermarco,"Brougher, Marco",California,1,18,1503,0,0,0,0,61
georgiasouthern:danjonalistair,"Danjon, Alistair",Georgia Southern,5,17,1503,0,0,16,6,0
ucdavis:schwengelernoah,"Schwengeler, Noah",UC Davis,1,20,1498,0,0,0,0,2
unlv:lemoshugo,"Lemos, Hugo",UNLV,1,17,1485,0,0,0,0,17
duquesne:nagyzoltan,"Nagy, Zoltan",Duquesne,1,17,1485,0,0,0,0,11
gonzaga:moustafafarhan,"Moustafa, Farhan",Gonzaga,2,18,1482,0,0,9,5,0
mountstmarys:nilsenmarkus,"Nilsen, Markus",Mount St. Mary's,14,17,1481,0,0,2,0,0
loyolamarymount:fidelakbraden,"Fidelak, Braden",Loyola Marymount,13,17,1477,0,0,3,1,0
sacramentostate:gutierrezbryan,"Gutierrez, Bryan",Sacramento State,4,18,1477,0,0,10,5,0
quinnipiac:netzellkarl,"Netzell, Karl",Quinnipiac,1,17,1474,0,0,0,0,18
lasalle:myrickrobert,"Myrick, Robert",La Salle,16,17,1470,0,0,1,0,0
dayton:yeboahpaul,"Yeboah, Paul",Dayton,18,17,1461,0,0,9,0,0
monmouth:dymoraeryk,"Dymora, Eryk",Monmouth,1,16,1460,0,0,0,0,9
smu:dominguezmartin,"Dominguez, Martin",SMU,18,16,1460,0,0,0,0,16
syracuse:huttomas,"Hut, Tomas",Syracuse,25,17,1459,0,0,0,0,52
gardnerwebb:vikmanjesper,"Vikman, Jesper",Gardner-Webb,24,20,1457,0,0,3,0,0
uncgreensboro:haganemmanuel,"Hagan, Emmanuel",UNC Greensboro,27,17,1457,0,0,8,1,0
ucla:karumanchitarun,"Karumanchi, Tarun",UCLA,6,19,1456,0,0,10,4,0
uconn:hameljohan,"Hamel, Johan",UConn,22,18,1452,0,0,3,1,0
marquette:hsiehbaileyjai,"Hsieh-Bailey, Jai",Marquette,25,17,1451,0,0,5,2,0
bostoncollege:kleinbrennan,"Klein, Brennan",Boston College,1,17,1440,0,0,1,1,53
olddominion:stathammichael,"Statham, Michael",Old Dominion,1,16,1440,0,0,0,0,43
northwestern:poncedeleonrafael,"Ponce De Leon, Rafael",Northwestern,1,16,1440,0,0,0,0,37
coastalcarolina:davispierson,"Davis, Pierson",Coastal Carolina,15,16,1440,0,0,0,0,0
stonybrook:sandyrushon,"Sandy, Rushon",Stony Brook,1,16,1440,0,0,0,0,25
oakland:flowersalex,"Flowers, Alex",Oakland,31,17,1440,0,0,0,0,11
drake:butkovictomas,"Butkovic, Tomas",Drake,1,16,1440,0,0,0,0,11
pacific:moyajoshua,"Moya, Joshua",Pacific,1,16,1440,0,0,0,0,28
navy:holbrookpierce,"Holbrook, Pierce",Navy,30,16,1440,0,0,0,0,33
mountstmarys:marcosjulian,"Marcos, Julian",Mount St. Mary's,1,16,1440,0,0,0,0,0
airforce:higbienoah,"Higbie, Noah",Air Force,16,17,1434,0,0,5,3,0
lindenwood:gilenzo,"Gil, Enzo",Lindenwood,1,16,1434,0,0,0,0,6
ucirvine:kenworthyjosh,"Kenworthy, Josh",UC Irvine,3,19,1431,0,0,6,0,0
ucriverside:gonzalezcarlos,"Gonzalez, Carlos",UC Riverside,1,16,1428,0,0,0,0,39
stbonaventure:ehrlichxaver,"Ehrlich, Xaver",St. Bonaventure,4,16,1427,0,0,6,3,0
templeuniversity:greenkemali,"Green, Kemali",Temple University,6,17,1424,0,0,2,1,0
liberty:mooreowen,"Moore, Owen",Liberty,28,16,1423,0,0,0,0,35
drexel:arziori,"Arzi, Ori",Drexel,23,17,1422,0,0,2,0,0
depaul:davilasantiago,"Davila, Santiago",DePaul,1,16,1418,0,0,0,0,53
csun:lezzarsiddiq,"Lezzar, Siddiq",CSUN,6,16,1415,0,0,8,5,0
drake:barrettryder,"Barrett, Ryder",Drake,4,16,1411,0,0,2,0,0
clevelandstate:jevticuros,"Jevtic, Uros",Cleveland State,3,16,1408,0,0,4,1,0
stonybrook:beckhovenbas,"Beckhoven, Bas",Stony Brook,8,16,1394,0,0,5,2,0
marist:daherjoseph,"Daher, Joseph",Marist,14,17,1386,0,0,9,6,0
queens:alvarezroberto,"Alvarez, Roberto",Queens,12,17,1381,0,0,7,2,0
westernillinois:ramirezmicah,"Ramirez, Micah",Western Illinois,1,17,1375,0,0,0,0,0
fiu:vanhaverennigel,"Van Haveren, Nigel",FIU,48,16,1369,0,0,0,0,19
sacredheart:marquesivan,"Marques, Ivan",Sacred Heart,14,16,1369,0,0,10,3,0
marist:lowelljamie,"Lowell, Jamie",Marist,1,16,1355,0,0,0,0,8
sanjosestate:guerraedgar,"Guerra, Edgar",San Jose State,1,15,1350,0,0,0,0,35
uab:munteanujonathan,"Munteanu, Jonathan",UAB,30,15,1350,0,0,0,0,52
vcu:erminijohn,"Ermini, John",VCU,00,15,1350,0,0,0,0,1
memphis:sabattifilip,"Sabatti, Filip",Memphis,00,17,1350,0,0,0,0,43
tulsa:adamsluke,"Adams, Luke",Tulsa,29,15,1350,0,0,6,3,0
centralarkansas:ramirezjavier,"Ramirez, Javier",Central Arkansas,1,15,1350,0,0,0,0,26
elon:wroblewskitomas,"Wroblewski, Tomas",Elon,1,15,1350,0,0,0,0,32
michigan:goldsonisaiah,"Goldson, Isaiah",Michigan,28,19,1350,0,0,0,0,55
stbonaventure:puccinicolas,"Pucci, Nicolas",St. Bonaventure,1,15,1350,0,0,0,0,6
merrimackcollege:semedonelton,"Semedo, Nelton",Merrimack College,1,15,1350,0,0,0,0,14
grandcanyon:schmidtleon,"Schmidt, Leon",Grand Canyon,1,15,1350,0,0,0,0,36
grandcanyon:harringtonliam,"Harrington, Liam",Grand Canyon,26,15,1350,0,0,1,1,0
dartmouthcollege:christodouloucosti,"Christodoulou, Costi",Dartmouth College,1,16,1350,0,0,0,0,45
yale:edwardschris,"Edwards, Chris",Yale,0,15,1350,0,0,0,0,36
unlv:minardtho,"Minard, Théo",UNLV,24,17,1348,0,0,1,1,0
olddominion:dunneteagan,"Dunne, Teagan",Old Dominion,17,16,1348,0,0,2,1,0
uscupstate:jenningscooper,"Jennings, Cooper",USC Upstate,0,16,1347,0,0,0,0,69
brown:weiperhenrik,"Weiper, Henrik",Brown,1,17,1346,0,0,0,0,49
westvirginia:ollikainenotto,"Ollikainen, Otto",West Virginia,8,19,1342,0,0,14,3,0
vcu:mcleodscott,"McLeod, Scott",VCU,27,15,1340,0,0,3,0,0
pacific:chavezjavier,"Chavez, Javier",Pacific,5,15,1340,0,0,4,1,0
washington:sentsean,"Sent, Sean",Washington,12,21,1336,0,0,10,3,0
marquette:brinkmarten,"Brink, Marten",Marquette,1,17,1333,0,0,0,0,51
newhampshire:williamsfernandezaaron,"Williams Fernandez, Aaron",New Hampshire,21,17,1332,0,0,11,2,0
georgetown:lampmantate,"Lampman, Tate",Georgetown,25,16,1332,0,0,1,1,0
delaware:vikadam,"Vik, Adam",Delaware,1,15,1331,0,0,0,0,19
pittsburgh:gilmanjackson,"Gilman, Jackson",Pittsburgh,2,16,1330,0,0,7,2,0
navy:robischbryce,"Robisch, Bryce",Navy,31,15,1329,0,0,8,2,0
clemson:andemajoseph,"Andema, Joseph",Clemson,1,17,1322,0,0,0,0,35
butler:pittseckersallsam,"Pitts-Eckersall, Sam",Butler,23,17,1320,0,0,20,4,0
fairfield:nikolovviktor,"Nikolov, Viktor",Fairfield,1,16,1318,0,0,0,0,3
omaha:boehmthore,"Boehm, Thore",Omaha,22,15,1308,0,0,4,2,0
saintpeters:larssondaniel,"Larsson, Daniel",Saint Peter's,3,15,1307,0,0,5,3,0
davidsoncollege:brownjack,"Brown, Jack",Davidson College,14,18,1306,0,0,3,1,0
vermont:hercegniklas,"Herceg, Niklas",Vermont,1,15,1302,0,0,0,0,0
fordham:abbottcarter,"Abbott, Carter",Fordham,1,15,1300,0,0,0,0,0
ucirvine:dicenzonolan,"DiCenzo, Nolan",UC Irvine,4,19,1300,0,0,4,1,0
fiu:betinajoackim,"Betina, Joackim",FIU,24,18,1296,0,0,6,3,0
winthrop:koketsusodai,"Koketsu, Sodai",Winthrop,66,16,1291,0,0,8,2,0
sanfrancisco:smithrylan,"Smith, Rylan",San Francisco,18,16,1288,0,0,3,0,0
purduefortwayne:tarekedaniel,"Tareke, Daniel",Purdue Fort Wayne,4,15,1287,0,0,1,0,0
purduefortwayne:hollenbachandrew,"Hollenbach, Andrew",Purdue Fort Wayne,13,15,1282,0,0,4,2,0
sandiegostate:doumbiadjibril,"Doumbia, Djibril",San Diego State,1,16,1279,0,0,0,0,35
georgemason:salvadojaume,"Salvado, Jaume",George Mason,18,15,1278,0,0,0,0,15
wrightstate:jenkinsjack,"Jenkins, Jack",Wright State,12,18,1278,0,0,2,1,0
cornell:friedbergryan,"Friedberg, Ryan",Cornell,1,14,1274,0,0,0,0,23
sacredheart:hammersleyandrew,"Hammersley, Andrew",Sacred Heart,1,16,1272,0,0,0,0,11
bellarmine:vaneuwenpeter,"Van Euwen, Peter",Bellarmine,0,15,1268,0,0,0,0,7
uab:mckennachris,"McKenna, Chris",UAB,3,15,1262,0,0,5,1,0
lemoynecollege:dupellwyatt,"Dupell, Wyatt",Le Moyne College,0,14,1260,0,0,0,0,8
lemoynecollege:hussmaximilian,"Huss, Maximilian",Le Moyne College,24,14,1260,0,0,3,2,0
fdu:kingspencer,"King, Spencer",FDU,25,14,1260,0,0,0,0,11
stthomas:krencmoritz,"Krenc, Moritz",St. Thomas,1,14,1260,0,0,0,0,44
columbiauniversity:mcdaidjoe,"McDaid, Joe",Columbia University,14,14,1260,0,0,4,1,0
wakeforest:cumminsbo,"Cummins, Bo",Wake Forest,2,24,1259,0,0,10,2,0
marquette:bebejkyle,"Bebej, Kyle",Marquette,2,17,1259,0,0,3,0,0
rutgers:stopekdevon,"Stopek, Devon",Rutgers,3,17,1259,0,0,3,1,0
georgetown:mansketenzing,"Manske, Tenzing",Georgetown,1,14,1259,0,0,0,0,32
dartmouthcollege:karagiorgispanagiotis,"Karagiorgis, Panagiotis",Dartmouth College,5,16,1258,0,0,3,1,0
uncwilmington:riveramartin,"Rivera, Martin",UNC Wilmington,23,17,1256,0,0,2,1,0
winthrop:crichlowemory,"Crichlow, Emory",Winthrop,24,16,1253,0,0,7,1,0
siue:paulybobby,"Pauly, Bobby",SIUE,15,15,1252,0,0,2,0,0
greenbay:rodriguezalvaro,"Rodriguez, Alvaro",Green Bay,1,15,1250,0,0,0,0,9
omaha:williamssahai,"Williams, Sahai",Omaha,4,15,1250,0,0,1,1,0
olddominion:aktanjett,"Aktan, Jett",Old Dominion,30,15,1247,0,0,7,2,0
siue:gjelajrobert,"Gjelaj, Robert",SIUE,1,14,1246,0,0,0,0,23
uic:alonsoalan,"Alonso, Alan",UIC,25,17,1245,0,0,6,2,0
longwood:hinkemax,"Hinke, Max",Longwood,1,14,1245,0,0,0,0,11
saintpeters:davisonharry,"Davison, Harry",Saint Peter's,6,14,1241,0,0,8,4,0
templeuniversity:diazdiego,"Diaz, Diego",Temple University,4,17,1239,0,0,4,2,0
universityofevansville:varelajon,"Varela, Jon",University of Evansville,6,18,1238,0,0,5,1,0
mercyhurst:halehalekyle,"Halehale, Kyle",Mercyhurst,19,15,1236,0,0,4,1,0
xavier:dulleeli,"Dulle, Eli",Xavier,5,17,1231,0,0,8,2,0
newhampshire:gateaubaptiste,"Gateau, Baptiste",New Hampshire,5,17,1228,0,0,4,1,0
cornell:mellyjustin,"Melly, Justin",Cornell,3,14,1228,0,0,0,0,0
fiu:aguilaredgar,"Aguilar, Edgar",FIU,5,16,1227,0,0,5,1,0
vermont:hartmanniels,"Hartman, Niels",Vermont,8,17,1226,0,0,7,1,0
belmontuniversity:houghoscar,"Hough, Oscar",Belmont University,28,17,1221,0,0,5,2,0
stetson:radaellinicolo,"Radaelli, Nicolo",Stetson,1,14,1221,0,0,0,0,11
ucsandiego:redingtonjames,"Redington, James",UC San Diego,12,15,1216,0,0,1,0,0
saintpeters:alvespedro,"Alves, Pedro",Saint Peter's,1,14,1215,0,0,0,0,13
michigan:bramekamau,"Brame, Kamau",Michigan,34,20,1214,0,0,6,3,0
delaware:chattenluke,"Chatten, Luke",Delaware,4,14,1212,0,0,1,0,0
mercyhurst:clearycallum,"Cleary, Callum",Mercyhurst,20,15,1210,0,0,7,2,0
utahvalley:oylerkeegan,"Oyler, Keegan",Utah Valley,26,17,1205,0,0,2,1,0
lehigh:levynoah,"Levy, Noah",Lehigh,6,17,1202,0,0,1,0,0
missouristate:lowrywill,"Lowry, Will",Missouri State,30,18,1201,0,0,0,0,25
lindenwood:wrightmekhi,"Wright, Mekhi",Lindenwood,23,17,1201,0,0,8,3,0
bostoncollege:williamscj,"Williams, CJ",Boston College,25,17,1200,0,0,2,0,0
grandcanyon:gustavssonviggo,"Gustavsson, Viggo",Grand Canyon,24,14,1200,0,0,2,1,0
elon:msabahamajaliwa,"Msabaha, Majaliwa",Elon,6,15,1199,0,0,5,2,0
vmi:murphyzack,"Murphy, Zack",VMI,1,14,1197,0,0,0,0,21
ucla:nelsonwyatt,"Nelson, Wyatt",UCLA,22,14,1193,0,0,0,0,39
saintmarys:allmonfynn,"Allmon, Fynn",Saint Mary's,2,16,1192,0,0,7,1,0
santaclara:mallettbrennan,"Mallett, Brennan",Santa Clara,25,15,1185,0,0,3,0,0
bostonuniversity:torreskevin,"Torres, Kevin",Boston University,34,18,1184,0,0,4,1,0
northwestern:mayerreese,"Mayer, Reese",Northwestern,5,16,1184,0,0,3,1,0
oralroberts:mesquitajoao,"Mesquita, Joao",Oral Roberts,30,15,1184,0,0,0,0,19
ohiostate:trejomax,"Trejo, Max",Ohio State,1,22,1182,0,0,0,0,36
lasalle:smithdaniel,"Smith, Daniel",La Salle,3,17,1180,0,0,5,1,0
kansascity:kincaidbrandon,"Kincaid, Brandon",Kansas City,0,14,1178,0,0,0,0,46
pittsburgh:cartercabral,"Carter, Cabral",Pittsburgh,0,14,1178,0,0,0,0,11
winthrop:candiadiego,"Candia, Diego",Winthrop,20,14,1177,0,0,0,0,0
michiganstate:munsonbrandon,"Munson, Brandon",Michigan State,5,17,1171,0,0,7,4,0
sanfrancisco:waltzeric,"Waltz, Eric",San Francisco,32,14,1170,0,0,0,0,18
csun:cookmerrick,"Cook, Merrick",CSUN,99,15,1170,0,0,0,0,23
omaha:sallahnathanael,"Sallah, Nathanael",Omaha,30,14,1170,0,0,0,0,15
virginia:romeaustin,"Rome, Austin",Virginia,5,20,1166,0,0,1,1,0
stonehillcollege:olsvikhenrik,"Olsvik, Henrik",Stonehill College,27,17,1166,0,0,3,2,0
njit:armstrongdevin,"Armstrong, Devin",NJIT,1,14,1159,0,0,0,0,1
liberty:kellylucas,"Kelly, Lucas",Liberty,3,16,1157,0,0,5,2,0
ucf:eugnedegorcegwendal,"Eugène Degorce, Gwendal",UCF,3,15,1157,0,0,1,0,0
airforce:durkinandrew,"Durkin, Andrew",Air Force,15,17,1156,0,0,12,3,0
universityofsouthernindiana:klottandrew,"Klott, Andrew",University of Southern Indiana,1,13,1152,0,0,0,0,6
washington:lofyconnor,"Lofy, Connor",Washington,26,21,1151,0,0,7,4,0
pennstate:bonasjack,"Bonas, Jack",Penn State,25,14,1144,0,0,2,0,0
airforce:skevingtonkyle,"Skevington, Kyle",Air Force,5,17,1144,0,0,4,1,0
rutgers:adalsteinssonarnar,"Adalsteinsson, Arnar",Rutgers,5,17,1143,0,0,8,5,0
kentucky:raceharald,"Race, Harald",Kentucky,11,14,1136,0,0,0,0,0
uncasheville:farrarcharlie,"Farrar, Charlie",UNC Asheville,1,13,1133,0,0,0,0,27
northflorida:natoliluciano,"Natoli, Luciano",North Florida,1,15,1127,0,0,0,0,28
pennstate:cookeandrew,"Cooke, Andrew",Penn State,1,14,1125,0,0,0,0,43
highpoint:geiglefynn,"Geigle, Fynn",High Point,26,15,1125,0,0,7,2,0
purduefortwayne:diananic,"Diana, Nic",Purdue Fort Wayne,1,14,1125,0,0,0,0,18
easternillinois:smithchad,"Smith, Chad",Eastern Illinois,1,13,1125,0,0,0,0,12
georgewashington:macauleytom,"Macauley, Tom",George Washington,1,17,1124,0,0,0,0,44
ncstate:erblogan,"Erb, Logan",NC State,1,20,1120,0,0,1,0,36
northeastern:learyethan,"Leary, Ethan",Northeastern,20,13,1109,0,0,0,0,0
umbc:thompsonsean,"Thompson, Sean",UMBC,33,14,1105,0,0,0,0,0
newhaven:kvarnbackoskar,"Kvarnback, Oskar",New Haven,17,13,1105,0,0,13,8,0
uncgreensboro:wilsonseth,"Wilson, Seth",UNC Greensboro,1,12,1100,0,0,0,0,21
newhaven:wattsarchie,"Watts, Archie",New Haven,0,12,1100,0,0,0,0,0
northernkentucky:lemennic,"Lemen, Nic",Northern Kentucky,1,13,1099,0,0,0,0,8
oakland:rokanoah,"Roka, Noah",Oakland,7,18,1098,0,0,7,4,0
saintlouis:maherjoey,"Maher, Joey",Saint Louis,6,15,1097,0,0,4,1,0
purduefortwayne:renteriaadrian,"Renteria, Adrian",Purdue Fort Wayne,21,14,1093,0,0,7,5,0
stthomas:klevbergsimon,"Klevberg, Simon",St. Thomas,2,13,1093,0,0,1,1,0
elon:donlanjack,"Donlan, Jack",Elon,3,15,1092,0,0,1,0,0
saintpeters:harecharlie,"Hare, Charlie",Saint Peter's,20,14,1083,0,0,7,3,0
tulsa:lopezalex,"Lopez, Alex",Tulsa,1,15,1080,0,0,0,0,33
oregonstate:cruzgandhi,"Cruz, Gandhi",Oregon State,1,16,1080,0,0,0,0,26
saintmarys:bentleysam,"Bentley, Sam",Saint Mary's,30,15,1080,0,0,0,0,25
southcarolina:versterrefilip,"Versterre, Filip",South Carolina,1,12,1080,0,0,0,0,34
loyolachicago:crawfordaidan,"Crawford, Aidan",Loyola Chicago,0,12,1077,0,0,0,0,0
columbiauniversity:falcocarmine,"Falco, Carmine",Columbia University,2,14,1077,0,0,7,1,0
yale:mccammonteague,"McCammon, Teague",Yale,14,16,1075,0,0,12,5,0
notredame:kellyblake,"Kelly, Blake",Notre Dame,31,14,1073,0,0,0,0,26
presbyterian:marinloan,"Marin, Loan",Presbyterian,1,12,1067,0,0,0,0,17
marist:ortizethan,"Ortiz, Ethan",Marist,3,15,1066,0,0,3,0,0
vcu:miyanohayato,"Miyano, Hayato",VCU,26,14,1064,0,0,2,1,0
columbiauniversity:yangryan,"Yang, Ryan",Columbia University,12,14,1062,0,0,20,5,0
canisius:petriejack,"Petrie, Jack",Canisius,26,13,1061,0,0,0,0,9
radford:eydelmanalex,"Eydelman, Alex",Radford,42,14,1058,0,0,0,0,58
uncwilmington:smileytrey,"Smiley, Trey",UNC Wilmington,0,16,1051,0,0,0,0,7
lehigh:koskiblake,"Koski, Blake",Lehigh,1,14,1050,0,0,0,0,33
ohiostate:mchenrynick,"McHenry, Nick",Ohio State,4,22,1042,0,0,7,2,0
milwaukee:jarvisbreon,"Jarvis, Breon",Milwaukee,16,16,1042,0,0,0,0,0
xavier:bogarinpaul,"Bogarin, Paul",Xavier,11,17,1037,0,0,4,1,0
csun:kaemmererrobert,"Kaemmerer, Robert",CSUN,28,16,1032,0,0,2,1,0
fau:cancarjozo,"Cancar, Jozo",FAU,30,14,1028,0,0,2,0,0
navy:wardnoah,"Ward, Noah",Navy,13,14,1028,0,0,11,3,0
ucriverside:elliottbrady,"Elliott, Brady",UC Riverside,12,16,1025,0,0,2,1,0
lafayette:vajdajackson,"Vajda, Jackson",Lafayette,20,12,1024,0,0,2,1,0
delaware:hastingstj,"Hastings, TJ",Delaware,18,14,1020,0,0,6,2,0
coastalcarolina:kemblejason,"Kemble, Jason",Coastal Carolina,6,16,1018,0,0,7,2,0
templeuniversity:kampulapaolo,"Kampula, Paolo",Temple University,23,17,1016,0,0,10,6,0
army:mcgeereef,"McGee, Reef",Army,8,14,1015,0,0,10,3,0
fdu:naumoskidamian,"Naumoski, Damian",FDU,8,14,1015,0,0,6,2,0
stthomas:buschgunnar,"Busch, Gunnar",St. Thomas,3,14,1015,0,0,10,4,0
robertmorris:koahvictor,"Koah, Victor",Robert Morris,17,15,1012,0,0,7,3,0
fairfield:stocchettijoseph,"Stocchetti, Joseph",Fairfield,8,16,1010,0,0,1,0,0
etsu:krossnico,"Kross, Nico",ETSU,24,11,1010,0,0,1,1,0
saintjosephs:haavielars,"Haavie, Lars",Saint Joseph's,1,12,1007,0,0,0,0,1
loyolamarymount:englebertjack,"Englebert, Jack",Loyola Marymount,24,17,1007,0,0,11,4,0
bellarmine:foldscollin,"Folds, Collin",Bellarmine,31,14,1006,0,0,2,1,0
californiabaptist:gustafssonotto,"Gustafsson, Otto",California Baptist,4,17,1006,0,0,4,2,0
providence:pereirajason,"Pereira , Jason",Providence,2,21,1005,0,0,3,1,0
vmi:royaralexei,"Royar, Alexei",VMI,17,14,1000,0,0,2,2,0
iuindy:hornbrady,"Horn, Brady",IU Indy,28,12,999,0,0,2,2,0
oralroberts:lambtommy,"Lamb, Tommy",Oral Roberts,33,15,995,0,0,3,0,0
dartmouthcollege:wilsonjames,"Wilson, James",Dartmouth College,17,16,991,0,0,11,3,0
jacksonville:sekaninachristian,"Sekanina, Christian",Jacksonville,1,11,990,0,0,0,0,6
colgate:townendoliver,"Townend, Oliver",Colgate,1,12,990,0,0,0,0,20
incarnateword:delatorrealejandro,"DeLaTorre, Alejandro",Incarnate Word,99,11,990,0,0,0,0,18
campbell:slimisamy,"Slimi, Samy",Campbell,1,12,990,0,0,0,0,7
wrightstate:shawjoel,"Shaw, Joel",Wright State,1,15,990,0,0,0,0,13
queens:rhormensmatheus,"Rhormens, Matheus",Queens,30,11,990,0,0,0,0,21
stthomas:kerrsidney,"Kerr, Sidney",St. Thomas,16,13,988,0,0,2,0,0
memphis:kondylisgiorgos,"Kondylis, Giorgos",Memphis,6,17,987,0,0,11,4,0
bostonuniversity:wikeandrew,"Wike, Andrew",Boston University,1,17,985,0,0,0,0,26
gardnerwebb:zackrissongael,"Zackrisson, Gael",Gardner-Webb,21,20,981,0,0,6,1,0
quinnipiac:mesallespol,"Mesalles, Pol",Quinnipiac,4,16,980,0,0,2,1,0
saintpeters:skurekharvey,"Skurek, Harvey",Saint Peter's,2,14,979,0,0,1,1,0
umass:geczyalex,"Geczy, Alex",UMass,1,11,979,0,0,0,0,19
templeuniversity:rigbertelliot,"Rigbert, Elliot",Temple University,15,17,978,0,0,14,4,0
lipscomb:hurtbaxter,"Hurt, Baxter",Lipscomb,23,16,977,0,0,6,1,0
presbyterian:maninreudd,"Manin, Reudd",Presbyterian,25,11,977,0,0,4,0,0
charleston:baldwinben,"Baldwin, Ben",Charleston,16,16,975,0,0,5,1,0
santaclara:garrettquinn,"Garrett, Quinn",Santa Clara,21,14,975,0,0,2,2,0
etsu:kouadiomarc,"Kouadio, Marc",ETSU,1,11,973,0,0,0,0,20
utrgv:endoshuntaro,"Endo, Shuntaro",UTRGV,5,11,970,0,0,8,4,0
harvard:rolloludovico,"Rollo, Ludovico",Harvard,4,11,967,0,0,2,0,0
army:camargoblair,"Camargo, Blair",Army,00,12,963,0,0,0,0,35
siena:cajamarcamark,"Cajamarca, Mark",Siena,32,13,963,0,0,7,3,0
uab:jolivetivan,"Jolivet, Ivan",UAB,8,15,959,0,0,9,6,0
siue:mcdonnellarchie,"McDonnell, Archie",SIUE,5,15,959,0,0,6,3,0
lafayette:iqbaldigger,"Iqbal, Digger",Lafayette,8,11,958,0,0,5,2,0
radford:osullivanaiden,"O'Sullivan, Aiden",Radford,24,14,953,0,0,15,5,0
georgewashington:dobrindan,"Dobrin, Dan",George Washington,23,17,949,0,0,6,3,0
howard:cihakkuba,"Cihak, Kuba",Howard,3,11,948,0,0,4,1,0
villanova:cutlerdejesussebastian,"Cutler DeJesus, Sebastian",Villanova,23,14,945,0,0,0,0,19
colgate:pahulemason,"Pahule, Mason",Colgate,8,12,942,0,0,3,1,0
charleston:barrettjames,"Barrett, James",Charleston,24,17,942,0,0,1,0,0
loyolachicago:hongmichael,"Hong, Michael",Loyola Chicago,3,11,941,0,0,7,2,0
canisius:angarangianni,"Angaran, Gianni",Canisius,21,17,938,0,0,3,0,0
universityofsouthernindiana:englishgavin,"English, Gavin",University of Southern Indiana,19,13,932,0,0,2,1,0
army:cooperkelly,"Cooper, Kelly",Army,5,13,930,0,0,4,1,0
bucknell:oziriwinston,"Oziri, Winston",Bucknell,20,19,927,0,0,11,1,0
memphis:stavrosdino,"Stavros, Dino",Memphis,26,17,926,0,0,4,1,0
american:keomanykobe,"Keomany, Kobe",American,15,16,926,0,0,0,0,0
radford:mcclellandonovan,"McClellan, Donovan",Radford,23,14,926,0,0,4,2,0
westvirginia:pusztahegyitristan,"Pusztahegyi, Tristan",West Virginia,4,19,924,0,0,2,0,0
howard:keillerliam,"Keiller, Liam",Howard,0,11,924,0,0,0,0,6
queens:bendercade,"Bender, Cade",Queens,21,17,921,0,0,2,0,0
duke:kabuusujamie,"Kabuusu, Jamie",Duke,2,18,919,0,0,2,1,0
louisville:ogunleyeolayinka,"Ogunleye, Olayinka",Louisville,3,17,916,0,0,2,0,0
navy:brownerowan,"Browne, Rowan",Navy,3,15,916,0,0,2,1,0
etsu:betancourtgabriel,"Betancourt, Gabriel",ETSU,6,11,913,0,0,2,2,0
bellarmine:fischerjack,"Fischer, Jack",Bellarmine,18,16,907,0,0,5,2,0
longwood:ambaekdavid,"Ambaek, David",Longwood,4,13,904,0,0,2,1,0
universityofsouthernindiana:rodriguezdiego,"Rodriguez, Diego",University of Southern Indiana,4,13,902,0,0,1,0,0
williammary:katsarihoeferalexandros,"Katsari-Hoefer, Alexandros",William & Mary,19,11,902,0,0,5,0,0
villanova:vallesdiego,"Valles, Diego",Villanova,2,16,901,0,0,3,0,0
louisville:pielaaj,"Piela, AJ",Louisville,1,17,900,0,0,0,0,41
setonhall:molinamatias,"Molina, Matias",Seton Hall,1,17,900,0,0,0,0,22
uic:asheroren,"Asher, Oren",UIC,1,12,900,0,0,0,0,16
drexel:capognaalessandro,"Capogna, Alessandro",Drexel,1,15,900,0,0,0,0,25
northeastern:hegartycolby,"Hegarty, Colby",Northeastern,1,11,900,0,0,0,0,14
santaclara:stoeckerjack,"Stoecker, Jack",Santa Clara,0,12,900,0,0,0,0,12
kentucky:molscasper,"Mols, Casper",Kentucky,1,14,900,0,0,0,0,30
niagara:barryjamie,"Barry, Jamie",Niagara,1,10,900,0,0,0,0,21
niagara:hungerfordlandon,"Hungerford, Landon",Niagara,3,10,900,0,0,4,3,0
southflorida:schferfelix,"Schäfer, Felix",South Florida,30,10,900,0,0,0,0,31
rideruniversity:kirilenkoluke,"Kirilenko, Luke",Rider University,25,20,899,0,0,20,8,0
loyolachicago:roenicholas,"Roe, Nicholas",Loyola Chicago,7,11,899,0,0,5,1,0
manhattan:dasilvathiago,"da Silva, Thiago",Manhattan,8,12,897,0,0,2,1,0
fdu:leguengabriel,"Le Guen, Gabriel",FDU,5,11,896,0,0,3,1,0
iuindy:zimmermanliam,"Zimmerman, Liam",IU Indy,18,12,893,0,0,6,1,0
georgetown:helfrichmatty,"Helfrich, Matty",Georgetown,20,16,891,0,0,8,3,0
princeton:samuelsandrew,"Samuels, Andrew",Princeton,27,17,889,0,0,0,0,31
highpoint:caronjosh,"Caron, Josh",High Point,1,10,887,0,0,0,0,10
lasalle:osobatobi,"Osoba, Tobi",La Salle,2,14,887,0,0,6,2,0
winthrop:kilstromjack,"Kilstrom, Jack",Winthrop,1,14,886,0,0,0,0,9
bucknell:sullivancollin,"Sullivan, Collin",Bucknell,12,17,878,0,0,1,1,0
fgcu:lopesvictor,"Lopes, Victor",FGCU,11,10,876,0,0,4,1,0
bryant:bastosfilipe,"Bastos, Filipe",Bryant,32,14,872,0,0,3,1,0
umass:willismike,"Willis, Mike",UMass,2,11,871,0,0,14,6,0
marshall:apolinariothiago,"Apolinario, Thiago",Marshall,3,20,869,0,0,5,2,0
merrimackcollege:abdelaaladam,"Abdelaal, Adam",Merrimack College,13,13,868,0,0,18,8,0
saintjosephs:boylesean,"Boyle, Sean",Saint Joseph's,24,10,865,0,0,7,2,0
fau:alfaronacho,"Alfaro, Nacho",FAU,13,14,863,0,0,0,0,31
houstonchristian:oyebamijijireh,"Oyebamiji, Jireh",Houston Christian,36,19,857,0,0,23,10,0
liu:keogansam,"Keogan, Sam",LIU,19,10,857,0,0,3,2,0
depaul:amoomensahtyson,"Amoo-Mensah, Tyson",DePaul,13,16,855,0,0,3,1,0
coastalcarolina:himestristan,"Himes, Tristan",Coastal Carolina,0,14,855,0,0,0,0,32
manhattan:mlbergludvig,"Målberg, Ludvig",Manhattan,1,10,854,0,0,0,0,0
wisconsin:hebertmatisse,"Hebert, Matisse",Wisconsin,1,11,854,0,0,0,0,18
portland:garnettemicaah,"Garnette, Micaah",Portland,14,12,853,0,0,6,0,0
pennstate:cissetmohamed,"Cisset, Mohamed",Penn State,2,13,849,0,0,1,1,0
bellarmine:gardevjames,"Gardev, James",Bellarmine,26,16,849,0,0,2,1,0
yale:harrisjustin,"Harris, Justin",Yale,26,15,844,0,0,7,2,0
stonehillcollege:sloantyler,"Sloan, Tyler",Stonehill College,35,11,841,0,0,0,0,1
jamesmadison:grahamian,"Graham, Ian",James Madison,29,18,841,0,0,0,0,0
denver:semelsbergeraidan,"Semelsberger, Aidan",Denver,25,22,836,0,0,2,1,0
rutgers:ruizerick,"Ruiz, Erick",Rutgers,26,17,833,0,0,3,0,0
liu:gawronskieoin,"Gawronski, Eoin",LIU,1,10,831,0,0,0,0,2
fairfield:vitalejacob,"Vitale, Jacob",Fairfield,24,14,830,0,0,4,1,0
queens:miricmilan,"Miric, Milan",Queens,20,13,828,0,0,5,1,0
calpoly:linasfinn,"Linas, Finn",Cal Poly,28,18,827,0,0,17,4,0
incarnateword:navarijodylan,"Navarijo, Dylan",Incarnate Word,17,11,819,0,0,5,4,0
grandcanyon:serranolalo,"Serrano, Lalo",Grand Canyon,6,15,817,0,0,2,1,0
grandcanyon:mongeerick,"Monge, Erick",Grand Canyon,17,14,814,0,0,2,1,0
harvard:bjarnasonsam,"Bjarnason, Sam",Harvard,6,14,811,0,0,2,1,0
lipscomb:rodriguezjuancarlos,"Rodriguez, Juan Carlos",Lipscomb,1,13,810,0,0,0,0,29
templeuniversity:rileyflannan,"Riley, Flannan",Temple University,30,17,810,0,0,0,0,41
clevelandstate:yerianstephen,"Yerian, Stephen",Cleveland State,33,10,810,0,0,0,0,10
iuindy:taylormason,"Taylor, Mason",IU Indy,31,10,810,0,0,0,0,0
holycross:stephanitristan,"Stephani, Tristan",Holy Cross,1,12,810,0,0,0,0,11
loyolamarymount:dadekymani,"Dade, Ky Mani",Loyola Marymount,22,12,810,0,0,0,0,15
harvard:woodlucian,"Wood, Lucian",Harvard,99,10,810,0,0,0,0,8
lafayette:huffgriffin,"Huff, Griffin",Lafayette,1,9,810,0,0,0,0,7
howard:matingoutroy,"Matingou, Troy",Howard,31,9,809,0,0,2,1,0
drexel:pittaoulisjulian,"Pittaoulis, Julian",Drexel,30,17,807,0,0,4,0,0
vmi:mengesdrew,"Menges, Drew",VMI,2,11,807,0,0,2,0,0
vermont:schulzesolanoadrian,"Schulze Solano, Adrian",Vermont,5,11,807,0,0,5,0,0
wofford:celikadam,"Celik, Adam",Wofford,15,13,805,0,0,8,2,0
memphis:ruguaruryan,"Ruguaru, Ryan",Memphis,21,17,803,0,0,4,2,0
tulsa:thallingerkevin,"Thallinger, Kevin",Tulsa,4,14,801,0,0,1,0,0
ohiostate:mclaughlinpatrick,"McLaughlin, Patrick",Ohio State,32,19,796,0,0,0,0,16
bryant:merrittchristien,"Merritt, Christien",Bryant,28,15,796,0,0,1,0,0
charleston:walkerhogan,"Walker, Hogan",Charleston,18,17,795,0,0,3,1,0
tulsa:sekiguchiyuki,"Sekiguchi, Yuki",Tulsa,11,15,794,0,0,12,3,0
army:meyerjack,"Meyer, Jack",Army,17,13,790,0,0,3,0,0
templeuniversity:champagnealex,"Champagne, Alex",Temple University,17,17,787,0,0,5,2,0
coastalcarolina:valdimarssonrobert,"Valdimarsson, Robert",Coastal Carolina,22,16,786,0,0,10,7,0
olddominion:mandairkaran,"Mandair, Karan",Old Dominion,8,16,785,0,0,9,2,0
southflorida:thompsonjrrichard,"Thompson Jr., Richard",South Florida,21,14,785,0,0,4,1,0
stthomas:jameskeegan,"James, Keegan",St. Thomas,12,14,783,0,0,3,3,0
dartmouthcollege:mansebastin,"Mañón, Sebastián",Dartmouth College,18,9,782,0,0,1,1,0
sanfrancisco:medinaadrian,"Medina, Adrian",San Francisco,15,16,777,0,0,17,5,0
bostonuniversity:carlsonneal,"Carlson, Neal",Boston University,4,17,775,0,0,2,0,0
sacredheart:keatingnicholas,"Keating, Nicholas",Sacred Heart,29,15,775,0,0,2,1,0
stthomas:voitlvitus,"Voitl, Vitus",St. Thomas,4,13,774,0,0,1,0,0
niagara:roachcameron,"Roach, Cameron",Niagara,8,10,774,0,0,0,0,0
unlv:aquinolincoln,"Aquino, Lincoln",UNLV,2,16,772,0,0,2,1,0
ucriverside:martinezjona,"Martinez, Jona",UC Riverside,19,15,772,0,0,8,1,0
saintpeters:blackmoredaniel,"Blackmore, Daniel",Saint Peter's,4,10,770,0,0,3,1,0
saintjosephs:nishizonoeishu,"Nishizono, Eishu",Saint Joseph's,6,10,768,0,0,2,0,0
airforce:collinswilliam,"Collins, William",Air Force,1,16,767,0,0,0,0,27
lipscomb:greenjosiah,"Green, Josiah",Lipscomb,11,16,767,0,0,9,4,0
bryant:pereiradaniel,"Pereira, Daniel",Bryant,15,16,767,0,0,4,1,0
utrgv:veraarev,"Vera, Arev",UTRGV,24,11,767,0,0,1,0,0
iona:romanjrjaime,"Roman Jr., Jaime",Iona,24,12,766,0,0,0,0,0
ucdavis:franklincolton,"Franklin, Colton",UC Davis,8,17,764,0,0,3,1,0
uscupstate:busbydaniel,"Busby, Daniel",USC Upstate,5,16,762,0,0,0,0,0
detroitmercy:rustinsilas,"Rustin , Silas",Detroit Mercy,17,11,761,0,0,6,1,0
stthomas:knisertommy,"Kniser, Tommy",St. Thomas,25,13,760,0,0,2,0,0
princeton:kelleykristian,"Kelley, Kristian",Princeton,21,19,759,0,0,7,2,0
northcarolina:charlesjameson,"Charles, Jameson",North Carolina,8,18,758,0,0,0,0,0
missouristate:oconnorharris,"O'Connor, Harris",Missouri State,3,18,758,0,0,3,0,0
belmontuniversity:johnsonalex,"Johnson, Alex",Belmont University,12,17,757,0,0,2,0,0
saintmarys:fydajackson,"Fyda, Jackson",Saint Mary's,15,15,754,0,0,0,0,0
oralroberts:denisemmanuel,"Denis, Emmanuel",Oral Roberts,6,16,754,0,0,10,5,0
templeuniversity:jacksonjayden,"Jackson, Jayden",Temple University,5,17,753,0,0,6,1,0
northernkentucky:knuewesimon,"Knuewe, Simon",Northern Kentucky,6,15,753,0,0,3,0,0
calstatefullerton:sacristanmatthew,"Sacristan, Matthew",Cal State Fullerton,6,14,753,0,0,6,0,0
lasalle:kneistino,"Kneis, Tino",La Salle,32,9,752,0,0,0,0,0
easternillinois:osilajapatrick,"Osilaja, Patrick",Eastern Illinois,23,12,748,0,0,3,1,0
easternillinois:piatkiewiczsebastian,"Piatkiewicz, Sebastian",Eastern Illinois,17,13,746,0,0,2,0,0
njit:sadlochaeric,"Sadlocha, Eric",NJIT,4,14,745,0,0,3,1,0
lasalle:pereiraamerico,"Pereira , Americo",La Salle,19,11,742,0,0,3,0,0
universityofevansville:edstrmhkon,"Edstrøm, Håkon",University of Evansville,21,17,740,0,0,3,1,0
memphis:ojedajosemaria,"Ojeda, Jose Maria",Memphis,14,17,734,0,0,12,1,0
williammary:eapenryan,"Eapen, Ryan",William & Mary,25,11,734,0,0,0,0,18
bucknell:sullivanjackson,"Sullivan, Jackson",Bucknell,18,18,728,0,0,4,2,0
stetson:appolonross,"Appolon, Ross",Stetson,4,14,726,0,0,3,0,0
utahtech:reginomiguel,"Regino, Miguel",Utah Tech,2,14,725,0,0,7,1,0
gonzaga:dahlinsam,"Dahlin, Sam",Gonzaga,6,16,722,0,0,0,0,0
loyolachicago:baileygrant,"Bailey, Grant",Loyola Chicago,20,12,721,0,0,4,0,0
butler:boonedonovan,"Boone, Donovan",Butler,28,17,721,0,0,7,1,0
templeuniversity:kempeandrew,"Kempe, Andrew",Temple University,1,16,720,0,0,0,0,34
rhodeisland:rodriguezedu,"Rodriguez, Edu",Rhode Island,1,8,720,0,0,0,0,9
clevelandstate:polingryan,"Poling, Ryan",Cleveland State,1,10,720,0,0,0,0,7
loyolamarymount:oedekovenpomponimassimo,"Oedekoven Pomponi, Massimo",Loyola Marymount,31,12,720,0,0,0,0,14
ucirvine:pruterluke,"Pruter, Luke",UC Irvine,1,18,720,0,0,0,0,14
uncwilmington:enghviktor,"Engh, Viktor",UNC Wilmington,1,12,720,0,0,0,0,9
sacredheart:kirbynick,"Kirby, Nick",Sacred Heart,19,15,720,0,0,2,0,0
ucf:muozjuanvi,"Muñoz, Juanvi",UCF,31,12,720,0,0,0,0,17
northernillinois:suddethben,"Suddeth, Ben",Northern Illinois,24,8,720,0,0,2,0,0
setonhall:jensensoren,"Jensen, Soren",Seton Hall,12,17,720,0,0,0,0,21
kansascity:mcgaughbrandon,"McGaugh, Brandon",Kansas City,0,8,720,0,0,0,0,18
calstatebakersfield:hartzenden,"Hart, Zenden",Cal State Bakersfield,1,8,720,0,0,0,0,5
villanova:knappcole,"Knapp, Cole",Villanova,28,13,719,0,0,1,0,0
columbiauniversity:kelliherdean,"Kelliher, Dean",Columbia University,30,13,719,0,0,0,0,28
calstatebakersfield:geishauserluka,"Geishauser, Luka",Cal State Bakersfield,6,8,719,0,0,3,2,0
lipscomb:kierancooper,"Kieran, Cooper",Lipscomb,5,15,718,0,0,3,0,0
incarnateword:padillagiovanni,"Padilla, Giovanni",Incarnate Word,34,11,718,0,0,1,0,0
easternillinois:hassounsamo,"Hassoun, Samo",Eastern Illinois,7,16,717,0,0,15,5,0
siena:perezjordaalejandro,"Perez Jorda, Alejandro",Siena,9,9,717,0,0,6,4,0
mercyhurst:faylockie,"Fay, Lockie",Mercyhurst,21,14,715,0,0,9,2,0
fgcu:wengoliver,"Weng, Oliver",FGCU,31,8,715,0,0,0,0,2
coastalcarolina:dasilvajrwelnilton,"Da Silva Jr., Welnilton",Coastal Carolina,4,15,715,0,0,2,0,0
sanjosestate:walkerkaylob,"Walker, Kaylob",San Jose State,4,17,714,0,0,2,1,0
iuindy:thompsonrobertsjago,"Thompson-Roberts, Jago",IU Indy,23,9,710,0,0,4,1,0
vcu:drennantheo,"Drennan, Theo",VCU,4,15,708,0,0,6,2,0
newhaven:almozninosaar,"Almoznino, Saar",New Haven,19,10,707,0,0,1,0,0
virginiatech:kriegharrison,"Krieg, Harrison",Virginia Tech,31,15,704,0,0,8,1,0
houstonchristian:dunncurtis,"Dunn, Curtis",Houston Christian,8,16,702,0,0,7,2,0
umass:brownalex,"Brown, Alex",UMass,22,11,702,0,0,0,0,0
bostonuniversity:bagnatogiuseppe,"Bagnato, Giuseppe",Boston University,16,18,697,0,0,2,1,0
ncstate:carvalhoenzo,"Carvalho, Enzo",NC State,0,20,693,0,0,0,0,25
incarnateword:ansahwilliam,"Ansah, William",Incarnate Word,2,11,692,0,0,1,1,0
vmi:benjaminamari,"Benjamin, Amari",VMI,6,13,688,0,0,3,2,0
lasalle:burkhardtrandy,"Burkhardt, Randy",La Salle,31,9,688,0,0,0,0,2
njit:krongoldjack,"Krongold, Jack",NJIT,17,13,687,0,0,1,1,0
easternillinois:hagemannnate,"Hagemann, Nate",Eastern Illinois,5,12,686,0,0,0,0,0
airforce:ajyemanmenes,"Ajyeman, Menes",Air Force,25,16,684,0,0,3,1,0
uconn:adugyamfikwame,"Adu-Gyamfi, Kwame",UConn,16,17,683,0,0,3,1,0
niagara:brooksthomas,"Brooks, Thomas",Niagara,17,9,681,0,0,3,0,0
williammary:hiortwrightnoah,"Hiort-Wright, Noah",William & Mary,5,11,680,0,0,0,0,0
memphis:sambabdou,"Samb, Abdou",Memphis,12,15,676,0,0,5,0,0
ucdavis:housegavin,"House, Gavin",UC Davis,20,16,675,0,0,1,1,0
georgiasouthern:lennonmikey,"Lennon, Mikey",Georgia Southern,16,16,675,0,0,0,0,0
etsu:hendriksulysses,"Hendriks, Ulysses",ETSU,14,10,675,0,0,0,0,0
lasalle:maartenssontheo,"Maartensson, Theo",La Salle,18,17,674,0,0,4,1,0
airforce:smithbrody,"Smith, Brody",Air Force,0,15,673,0,0,0,0,29
depaul:jimersonevan,"Jimerson, Evan",DePaul,24,15,672,0,0,1,0,0
maryland:clarkjace,"Clark, Jace",Maryland,18,20,670,0,0,7,3,0
virginia:sloanparker,"Sloan, Parker",Virginia,32,20,668,0,0,4,0,0
sanjosestate:lopezjavier,"Lopez, Javier",San Jose State,18,15,667,0,0,2,1,0
umbc:pantaleoadamo,"Pantaleo, Adamo",UMBC,19,11,666,0,0,2,1,0
gonzaga:domenechdiego,"Domenech, Diego",Gonzaga,5,16,665,0,0,3,1,0
airforce:beckeroliver,"Becker, Oliver",Air Force,26,16,664,0,0,10,5,0
villanova:bangurafoday,"Bangura, Foday",Villanova,4,14,662,0,0,3,0,0
fairfield:leanojuanpablo,"Leano, Juan Pablo",Fairfield,3,13,662,0,0,2,1,0
easternillinois:stepanovnikita,"Stepanov, Nikita",Eastern Illinois,33,14,661,0,0,3,0,0
southflorida:hervouinlouis,"Hervouin, Louis",South Florida,16,14,661,0,0,4,2,0
cornell:kiingikisa,"Kiingi, Kisa",Cornell,2,12,660,0,0,4,0,0
uncwilmington:salavuovalter,"Salavuo, Valter",UNC Wilmington,6,19,659,0,0,4,2,0
loyolachicago:chavarriabenji,"Chavarria, Benji",Loyola Chicago,19,11,655,0,0,8,3,0
princeton:hadawaykhamari,"Hadaway, Khamari",Princeton,1,17,655,0,0,0,0,18
stonehillcollege:oneilterence,"O'Neil, Terence",Stonehill College,23,10,653,0,0,0,0,0
omaha:chochoncarson,"Chochon, Carson",Omaha,16,12,653,0,0,3,2,0
massachusetts:geczyalex,"Geczy, Alex",Massachusetts,1,7,650,0,0,0,0,1
utrgv:suarezjoaquin,"Suarez, Joaquin",UTRGV,6,9,650,0,0,5,4,0
clemson:donovanpatrick,"Donovan, Patrick",Clemson,0,9,648,0,0,0,0,17
grandcanyon:gomezrodrigueznelson,"Gomez Rodriguez, Nelson",Grand Canyon,32,15,647,0,0,9,3,0
cornell:kolbldominik,"Kolbl, Dominik",Cornell,31,13,647,0,0,2,1,0
lemoynecollege:martinezdiego,"Martinez, Diego",Le Moyne College,5,14,647,0,0,6,0,0
lemoynecollege:koagelbryce,"Koagel, Bryce",Le Moyne College,8,13,645,0,0,6,1,0
incarnateword:rioserick,"Rios, Erick",Incarnate Word,16,11,643,0,0,8,3,0
colgate:diluciajulian,"Di Lucia, Julian",Colgate,5,10,638,0,0,4,2,0
houstonchristian:ramsaykellyjaiden,"Ramsay-Kelly, Jaiden",Houston Christian,16,19,638,0,0,0,0,0
georgiastate:monongokuanguyverson,"Monongo-Kuangu, Yverson",Georgia State,28,12,636,0,0,1,0,0
canisius:arceogael,"Arceo, Gael",Canisius,2,12,634,0,0,3,1,0
elon:levycarlos,"Levy, Carlos",Elon,5,15,633,0,0,2,1,0
louisville:sellersharvey,"Sellers, Harvey",Louisville,30,15,630,0,0,0,0,22
jacksonville:schweickertevan,"Schweickert, Evan",Jacksonville,8,10,630,0,0,9,1,0
lipscomb:kumpnoah,"Kump, Noah",Lipscomb,22,15,630,0,0,0,0,10
rhodeisland:mwambajoseph,"Mwamba, Joseph",Rhode Island,17,8,630,0,0,1,0,0
uic:dabrowskikevin,"Dabrowski, Kevin",UIC,77,9,630,0,0,0,0,4
drexel:bartellraphael,"Bartell, Raphael",Drexel,0,15,630,0,0,0,0,14
holycross:tubbsjosh,"Tubbs, Josh",Holy Cross,31,11,630,0,0,0,0,18
santaclara:eldernaji,"Elder, Naji",Santa Clara,4,9,630,0,0,1,0,0
ucf:wrightshane,"Wright, Shane",UCF,26,12,630,0,0,0,0,15
campbell:levitonmax,"Leviton, Max",Campbell,37,9,630,0,0,0,0,1
portland:oladapokash,"Oladapo, Kash",Portland,1,9,630,0,0,0,0,17
marshall:rosedan,"Rose, Dan",Marshall,1,15,630,0,0,0,0,14
chicagostate:fontanalucas,"Fontana, Lucas",Chicago State,0,7,630,0,0,0,0,1
mercyhurst:wilsondaniloabayo,"Wilson, Danilo Abayo",Mercyhurst,56,7,630,0,0,0,0,13
binghamton:mcdermottdylan,"McDermott, Dylan",Binghamton,1,7,630,0,0,0,0,0
binghamton:onwumererio,"Onwumere, Rio",Binghamton,3,7,630,0,0,1,0,0
sanjosestate:ruizneo,"Ruiz, Neo",San Jose State,21,21,629,0,0,11,4,0
iuindy:parrishowen,"Parrish, Owen",IU Indy,17,12,629,0,0,4,2,0
uncasheville:flathauheath,"Flathau, Heath",UNC Asheville,2,13,629,0,0,1,1,0
bellarmine:marksjackson,"Marks, Jackson",Bellarmine,22,16,628,0,0,4,1,0
wisconsin:kuhrjulian,"Kuhr, Julian",Wisconsin,4,13,627,0,0,2,0,0
northernillinois:vasicluka,"Vasic, Luka",Northern Illinois,4,7,626,0,0,3,1,0
pacific:cruzalberto,"Cruz, Alberto",Pacific,9,15,623,0,0,3,2,0
lipscomb:joneslevi,"Jones, Levi",Lipscomb,14,16,621,0,0,10,3,0
longwood:sonezjoaquin,"Sonez, Joaquin",Longwood,3,11,620,0,0,2,0,0
georgiastate:hangijosh,"Hangi, Josh",Georgia State,34,9,618,0,0,0,0,29
portland:jeppeoliver,"Jeppe, Oliver",Portland,12,9,618,0,0,1,1,0
northwestern:lebelbryce,"LeBel, Bryce",Northwestern,14,14,617,0,0,2,0,0
utrgv:carreonfernando,"Carreon, Fernando",UTRGV,99,9,616,0,0,0,0,9
rhodeisland:montoroivan,"Montoro, Ivan",Rhode Island,8,10,613,0,0,6,2,0
fordham:hardyowen,"Hardy, Owen",Fordham,25,9,612,0,0,4,0,0
californiabaptist:krohnstaderik,"Krohnstad, Erik",California Baptist,5,18,611,0,0,8,3,0
vermont:vassiliouioannis,"Vassiliou, Ioannis",Vermont,17,16,610,0,0,1,0,0
saintpeters:holtadam,"Holt, Adam",Saint Peter's,27,14,610,0,0,8,3,0
fgcu:sorianosebastian,"Soriano, Sebastian",FGCU,5,11,608,0,0,1,0,0
vmi:joyaian,"Joya, Ian",VMI,26,13,608,0,0,3,2,0
radford:habibelahykevin,"Habibelahy, Kevin",Radford,16,13,608,0,0,5,3,0
oakland:mazzeimarco,"Mazzei, Marco",Oakland,10,15,607,0,0,4,1,0
memphis:padillaalejandro,"Padilla, Alejandro",Memphis,5,13,604,0,0,2,0,0
siena:fogartybenjamin,"Fogarty, Benjamin",Siena,27,13,604,0,0,0,0,0
queens:martyfelipe,"Marty, Felipe",Queens,4,13,603,0,0,2,1,0
rhodeisland:decastrorodrigo,"De Castro, Rodrigo",Rhode Island,4,7,600,0,0,1,0,0
army:mccarthycolin,"McCarthy, Colin",Army,6,14,599,0,0,10,3,0
ucsandiego:arensbrian,"Arens, Brian",UC San Diego,11,14,596,0,0,3,2,0
lindenwood:philippouchristos,"Philippou, Christos",Lindenwood,20,17,596,0,0,4,2,0
northernillinois:dahlintom,"Dahlin, Tom",Northern Illinois,3,8,596,0,0,3,1,0
columbiauniversity:hartzfeldnoah,"Hartzfeld, Noah",Columbia University,28,14,595,0,0,2,0,0
coastalcarolina:thomaskendell,"Thomas, Kendell",Coastal Carolina,24,16,594,0,0,0,0,0
williammary:smithbryce,"Smith, Bryce",William & Mary,3,9,593,0,0,0,0,0
northernkentucky:clinejoshua,"Cline, Joshua",Northern Kentucky,33,14,592,0,0,4,0,0
harvard:ojeaquintanamarcos,"Ojea Quintana, Marcos",Harvard,7,12,592,0,0,7,1,0
binghamton:gillonryan,"Gillon, Ryan",Binghamton,23,7,590,0,0,4,2,0
california:thomasisaiah,"Thomas, Isaiah",California,25,18,589,0,0,2,0,0
pennstate:bettenhausensean,"Bettenhausen, Sean",Penn State,12,16,588,0,0,1,1,0
lehigh:grossryan,"Gross, Ryan",Lehigh,00,15,588,0,0,0,0,9
sacredheart:pearcewill,"Pearce, Will",Sacred Heart,8,12,588,0,0,1,1,0
saintjosephs:tanddocassidy,"Tanddo, Cassidy",Saint Joseph's,21,10,587,0,0,1,0,0
coastalcarolina:reiterdaniel,"Reiter, Daniel",Coastal Carolina,13,16,587,0,0,9,4,0
georgiastate:williamsdylan,"Williams, Dylan",Georgia State,3,10,587,0,0,2,0,0
saintpeters:ettienneomre,"Ettienne, Omre",Saint Peter's,17,9,587,0,0,3,1,0
syracuse:dacostakelvin,"Da Costa, Kelvin",Syracuse,22,16,586,0,0,3,1,0
jacksonville:guskeowen,"Guske, Owen",Jacksonville,5,10,582,0,0,5,1,0
highpoint:johnsonkoven,"Johnson, Koven",High Point,29,15,582,0,0,6,2,0
winthrop:guslerjake,"Gusler, Jake",Winthrop,9,14,582,0,0,8,4,0
saintmarys:herbertgeorge,"Herbert, George",Saint Mary's,16,15,580,0,0,5,1,0
oregonstate:zapienjacob,"Zapien, Jacob",Oregon State,6,17,576,0,0,0,0,0
california:bellbrendan,"Bell, Brendan",California,18,18,575,0,0,4,3,0
portland:waggoneralex,"Waggoner, Alex",Portland,9,11,575,0,0,16,7,0
rhodeisland:schwabbrett,"Schwab, Brett",Rhode Island,21,11,573,0,0,1,0,0
wofford:dieboldsam,"Diebold, Sam",Wofford,22,16,572,0,0,2,1,0
airforce:katotyler,"Kato, Tyler",Air Force,21,16,571,0,0,10,3,0
xavier:decoteaujabari,"De Coteau, Jabari",Xavier,14,17,570,0,0,4,2,0
dartmouthcollege:manonsebastian,"Manon, Sebastian",Dartmouth College,18,7,570,0,0,0,0,0
detroitmercy:stocktonvincent,"Stockton, Vincent",Detroit Mercy,26,11,569,0,0,5,4,0
belmontuniversity:robertsoncaleb,"Robertson, Caleb",Belmont University,8,13,569,0,0,2,1,0
army:behrmannryan,"Behrmann, Ryan",Army,18,14,568,0,0,2,0,0
siue:karolczakjake,"Karolczak, Jake",SIUE,22,15,567,0,0,6,2,0
binghamton:kaldorcharlie,"Kaldor, Charlie",Binghamton,15,7,567,0,0,0,0,0
vmi:grantkyle,"Grant, Kyle",VMI,18,12,566,0,0,11,4,0
williammary:croccojack,"Crocco, Jack",William & Mary,13,10,566,0,0,4,1,0
northernkentucky:behnfeldtmaddox,"Behnfeldt, Maddox",Northern Kentucky,29,14,565,0,0,3,0,0
saintmarys:hardintyler,"Hardin, Tyler",Saint Mary's,20,15,563,0,0,8,3,0
niagara:sanchezcerveraalberto,"Sanchez Cervera, Alberto",Niagara,24,8,563,0,0,1,0,0
fdu:labitevictor,"Labite, Victor",FDU,4,9,563,0,0,1,1,0
stonehillcollege:sullivanethan,"Sullivan, Ethan",Stonehill College,14,18,561,0,0,10,5,0
ohiostate:villatommaso,"Villa, Tommaso",Ohio State,21,21,561,0,0,2,2,0
pacific:erfanimassimo,"Erfani, Massimo",Pacific,17,16,561,0,0,6,3,0
ucsandiego:braunkeenai,"Braun, Keenai",UC San Diego,25,11,558,0,0,0,0,0
stthomas:schaefermerrick,"Schaefer, Merrick",St. Thomas,5,12,556,0,0,2,1,0
tulsa:applegatewill,"Applegate, Will",Tulsa,25,15,555,0,0,11,4,0
bostonuniversity:romanjohn,"Roman, John",Boston University,18,17,554,0,0,4,1,0
providence:varleymitchel,"Varley, Mitchel",Providence,17,21,551,0,0,6,3,0
iuindy:flowersquentin,"Flowers, Quentin",IU Indy,6,10,551,0,0,7,4,0
california:meyerwyatt,"Meyer, Wyatt",California,28,18,547,0,0,7,3,0
iona:georgiouloukas,"Georgiou, Loukas",Iona,00,8,545,0,0,0,0,0
oregonstate:ogwangjoseph,"Ogwang, Joseph",Oregon State,20,17,545,0,0,0,0,0
presbyterian:alleneric,"Allen, Eric",Presbyterian,2,9,545,0,0,1,0,0
radford:kylehagen,"Kyle, Hagen",Radford,22,14,544,0,0,0,0,0
georgiasouthern:holmstrmnoah,"Holmstrøm, Noah",Georgia Southern,12,9,544,0,0,1,1,0
mercyhurst:buckleybenjamin,"Buckley, Benjamin",Mercyhurst,23,7,543,0,0,2,1,0
uscupstate:terlindesam,"ter Linde, Sam",USC Upstate,25,13,542,0,0,1,0,0
grandcanyon:pearcyaustin,"Pearcy, Austin",Grand Canyon,20,14,542,0,0,0,0,0
easternillinois:santoslucas,"Santos, Lucas",Eastern Illinois,20,16,541,0,0,2,1,0
jacksonville:fernandezjulian,"Fernandez, Julian",Jacksonville,17,10,540,0,0,5,1,0
ucla:josephsam,"Joseph, Sam",UCLA,1,13,540,0,0,0,0,21
oregonstate:nicolsonjohn,"Nicolson, John",Oregon State,27,18,540,0,0,0,0,8
ucirvine:shieldsalex,"Shields, Alex",UC Irvine,0,16,540,0,0,0,0,20
csubakersfield:geishauserluka,"Geishauser, Luka",CSU Bakersfield,6,6,540,0,0,4,2,0
saintfrancis:aikenstorren,"Aikens, Torren",Saint Francis,11,6,540,0,0,5,4,0
georgiastate:hangijosue,"Hangi, Josue",Georgia State,34,6,540,0,0,0,0,3
mercyhurst:abayodanilo,"Abayo, Danilo",Mercyhurst,56,6,540,0,0,0,0,0
sanjosestate:axelsonronin,"Axelson, Ronin",San Jose State,28,7,540,0,0,0,0,15
saintfrancis:aschenbroichjoel,"Aschenbroich, Joel",Saint Francis,27,6,539,0,0,0,0,0
incarnateword:chigedetatenda,"Chigede, Tatenda",Incarnate Word,5,9,537,0,0,6,1,0
charlotte:toririyon,"Tori, Riyon",Charlotte,10,19,536,0,0,1,0,0
unh:denisanthony,"Denis, Anthony",UNH,6,6,536,0,0,2,1,0
marquette:iriartematthew,"Iriarte, Matthew",Marquette,14,13,535,0,0,4,2,0
niagara:talsmajeremy,"Talsma, Jeremy",Niagara,21,10,533,0,0,4,2,0
universityofsouthernindiana:bolognonemichael,"Bolognone, Michael",University of Southern Indiana,5,11,531,0,0,0,0,0
maryland:quistthersonkenny,"Quist-Therson, Kenny",Maryland,17,20,530,0,0,6,3,0
northernillinois:pearsoncaleb,"Pearson, Caleb",Northern Illinois,0,6,530,0,0,0,0,11
queens:morrisevan,"Morris, Evan",Queens,0,9,530,0,0,0,0,9
chicagostate:cenicerosjoshua,"Ceniceros, Joshua",Chicago State,34,6,530,0,0,0,0,0
siue:renzzach,"Renz, Zach",SIUE,14,15,529,0,0,5,2,0
bucknell:robertojack,"Roberto, Jack",Bucknell,9,18,528,0,0,1,0,0
vcu:vergaraleonel,"Vergara, Leonel",VCU,47,8,527,0,0,1,0,0
providence:chavezgabriel,"Chavez, Gabriel",Providence,3,21,527,0,0,11,4,0
stetson:torogabriel,"Toro, Gabriel",Stetson,11,13,527,0,0,12,5,0
gardnerwebb:moreirafilipe,"Moreira, Filipe",Gardner-Webb,30,20,526,0,0,9,2,0
loyolachicago:hanssonnoel,"Hansson, Noel",Loyola Chicago,18,6,525,0,0,1,1,0
stthomas:holtoncharlie,"Holton, Charlie",St. Thomas,11,13,523,0,0,3,1,0
pacific:floresiiiignacio,"Flores III, Ignacio",Pacific,27,14,522,0,0,1,0,0
merrimackcollege:zanisalvatore,"Zani, Salvatore",Merrimack College,18,14,522,0,0,6,2,0
jacksonville:mchughorion,"McHugh, Orion",Jacksonville,16,8,521,0,0,0,0,0
centralarkansas:kissalex,"Kiss, Alex",Central Arkansas,2,14,521,0,0,2,1,0
olddominion:saracpaul,"Sarac, Paul",Old Dominion,3,14,521,0,0,1,1,0
northernillinois:thomaszachariah,"Thomas, Zachariah",Northern Illinois,7,8,521,0,0,15,9,0
airforce:bettsjoey,"Betts, Joey",Air Force,8,18,519,0,0,7,0,0
rutgers:lynchmatty,"Lynch, Matty",Rutgers,24,17,519,0,0,15,9,0
csun:forforeyifehn,"Forfor, Eyifehn",CSUN,14,16,518,0,0,6,2,0
uncasheville:sanguinettiroger,"Sanguinetti, Roger",UNC Asheville,5,13,518,0,0,2,0,0
utrgv:joasilusricardo,"Joasilus, Ricardo",UTRGV,21,10,518,0,0,1,1,0
uncwilmington:aarupsune,"Aarup, Sune",UNC Wilmington,3,10,516,0,0,7,3,0
uncasheville:lagerweyowen,"Lagerwey, Owen",UNC Asheville,20,13,516,0,0,2,2,0
oakland:phantisharry,"Phantis, Harry",Oakland,28,10,516,0,0,2,0,0
ncstate:tommycalem,"Tommy, Calem",NC State,13,20,515,0,0,3,1,0
csubakersfield:hartzenden,"Hart, Zenden",CSU Bakersfield,1,6,513,0,0,0,0,8
unh:porquerasalbert,"Porqueras, Albert",UNH,5,6,512,0,0,3,0,0
stetson:mussendentavon,"Mussenden, Tavon",Stetson,8,11,511,0,0,0,0,0
unh:wattsarchie,"Watts, Archie",UNH,0,6,510,0,0,0,0,0
saintfrancis:rigbymaximus,"Rigby, Maximus",Saint Francis,8,6,509,0,0,8,1,0
winthrop:manzanogarciaandres,"Manzano Garcia, Andres",Winthrop,31,10,509,0,0,0,0,18
queens:woodwardcaleb,"Woodward, Caleb",Queens,15,9,509,0,0,1,0,0
wisconsin:browndrew,"Brown, Drew",Wisconsin,12,14,508,0,0,0,0,0
delaware:phlepsenflorian,"Phlepsen, Florian",Delaware,19,15,508,0,0,0,0,0
stonehillcollege:oneillterence,"O'Neill, Terence",Stonehill College,23,7,508,0,0,0,0,0
njit:panznerguy,"Panzner, Guy",NJIT,22,8,507,0,0,2,1,0
uncasheville:ragnarssonvidar,"Ragnarsson, Vidar",UNC Asheville,26,8,506,0,0,2,2,0
njit:sunolsebastian,"Sunol, Sebastian",NJIT,9,14,504,0,0,6,2,0
lipscomb:monroetristan,"Monroe, Tristan",Lipscomb,32,14,502,0,0,0,0,0
etsu:kolbjornseningvar,"Kolbjornsen, Ingvar",ETSU,9,11,501,0,0,4,0,0
ucdavis:wilsonmekhai,"Wilson, Mekhai",UC Davis,0,9,501,0,0,0,0,3
houstonchristian:simpsontremain,"Simpson, Tremain",Houston Christian,18,11,498,0,0,1,0,0
manhattan:blondeaumalo,"Blondeau, Malo",Manhattan,4,8,496,0,0,0,0,0
villanova:yagudayevalex,"Yagudayev, Alex",Villanova,1,10,495,0,0,0,0,30
iona:alvesschmelzfernando,"Alves Schmelz, Fernando",Iona,1,6,494,0,0,0,0,0
louisville:arntsenola,"Arntsen, Ola",Louisville,15,16,491,0,0,10,4,0
marist:nguionzaandrea,"Nguionza, Andrea",Marist,18,16,490,0,0,7,3,0
drexel:haberlmax,"Haberl, Max",Drexel,21,16,489,0,0,1,1,0
unlv:vazquezmanolo,"Vazquez, Manolo",UNLV,20,9,488,0,0,0,0,0
gardnerwebb:cavalierlouison,"Cavalier, Louison",Gardner-Webb,27,20,488,0,0,3,1,0
bellarmine:rosatoadric,"Rosato, Adric",Bellarmine,39,16,487,0,0,12,3,0
brown:thompsonshayne,"Thompson, Shayne",Brown,16,16,485,0,0,2,0,0
canisius:villacortaosortokevin,"Villacorta-Osorto, Kevin",Canisius,15,9,484,0,0,0,0,0
portland:zamoraethan,"Zamora, Ethan",Portland,32,10,483,0,0,1,0,0
georgewashington:chungalex,"Chung, Alex",George Washington,16,17,482,0,0,4,2,0
jamesmadison:kocsobalint,"Kocso, Balint",James Madison,21,18,481,0,0,9,4,0
greenbay:arroyooscar,"Arroyo, Oscar",Green Bay,28,13,481,0,0,2,0,0
templeuniversity:haeufgloecknerrocco,"Haeufgloeckner, Rocco",Temple University,11,11,480,0,0,3,2,0
radford:mcclendonmason,"McClendon, Mason",Radford,2,13,480,0,0,1,0,0
syracuse:belldominic,"Bell, Dominic",Syracuse,5,17,479,0,0,1,1,0
newhampshire:piccardomatteo,"Piccardo, Matteo",New Hampshire,32,15,478,0,0,3,2,0
columbiauniversity:pericluka,"Peric, Luka",Columbia University,21,13,475,0,0,7,4,0
saintjosephs:sveinssonjkull,"Sveinsson, Jökull",Saint Joseph's,4,9,471,0,0,1,0,0
loyolamaryland:vanderwaltdylan,"van der Walt, Dylan",Loyola Maryland,1,5,470,0,0,0,0,2
northernillinois:wilsonethan,"Wilson, Ethan",Northern Illinois,5,7,469,0,0,0,0,0
radford:reddinglandon,"Redding, Landon",Radford,17,13,469,0,0,0,0,0
vcu:fengkai,"Feng, Kai",VCU,25,14,468,0,0,9,3,0
saintfrancis:mikulaty,"Mikula, Ty",Saint Francis,5,6,468,0,0,1,1,0
army:lusskineric,"Lusskin, Eric",Army,4,13,467,0,0,3,2,0
pennstate:oliverchase,"Oliver, Chase",Penn State,7,15,465,0,0,10,3,0
syracuse:bawaernest,"Bawa, Ernest",Syracuse,10,16,465,0,0,16,6,0
stthomas:therrienchance,"Therrien, Chance",St. Thomas,6,12,465,0,0,2,0,0
northernillinois:drazekjakub,"Drazek, Jakub",Northern Illinois,6,8,465,0,0,3,1,0
milwaukee:toolanmatthew,"Toolan, Matthew",Milwaukee,5,10,464,0,0,1,1,0
highpoint:snyderluke,"Snyder, Luke",High Point,13,10,463,0,0,0,0,0
saintmarys:amtruptoke,"Amtrup, Toke",Saint Mary's,19,16,463,0,0,2,1,0
ucsandiego:namdarryan,"Namdar, Ryan",UC San Diego,9,18,462,0,0,7,5,0
southcarolina:atienzagabriel,"Atienza, Gabriel",South Carolina,3,11,462,0,0,3,0,0
chicagostate:reidshaquan,"Reid, Shaquan",Chicago State,14,6,461,0,0,1,1,0
saintjosephs:golinskijan,"Golinski, Jan",Saint Joseph's,15,7,458,0,0,2,0,0
airforce:cantrellweston,"Cantrell, Weston",Air Force,9,19,457,0,0,7,3,0
ucdavis:haggertygabriel,"Haggerty, Gabriel",UC Davis,5,10,453,0,0,0,0,0
mercer:pondecaaaron,"Pondeca, Aaron",Mercer,7,16,452,0,0,5,1,0
smu:johnsonchance,"Johnson, Chance",SMU,37,10,450,0,0,0,0,0
vermont:liedtkalou,"Liedtka, Lou",Vermont,0,5,450,0,0,0,0,8
stonehillcollege:claffeyryan,"Claffey, Ryan",Stonehill College,1,6,450,0,0,0,0,2
easttennesseestate:kouadiomarc,"Kouadio, Marc",East Tennessee State,1,5,450,0,0,0,0,14
uncgreensboro:baerwaldetim,"Baerwalde, Tim",UNC Greensboro,30,10,450,0,0,0,0,0
csubakersfield:solmazsinan,"Solmaz, Sinan",CSU Bakersfield,4,5,450,0,0,2,0,0
portland:hernandezmiguelangel,"Hernandez, Miguel-Angel",Portland,34,8,450,0,0,0,0,14
wrightstate:maltereralessandro,"Malterer, Alessandro",Wright State,33,10,450,0,0,0,0,8
saintfrancis:schellbachtom,"Schellbach, Tom",Saint Francis,3,6,450,0,0,3,1,0
manhattan:malbergludvig,"Malberg, Ludvig",Manhattan,1,5,450,0,0,0,0,6
ualbany:cookethan,"Cook, Ethan",UAlbany,3,5,450,0,0,1,0,0
universityofmassachusettslowell:gaweljr,"Gawel, JR",University of Massachusetts Lowell,32,5,450,0,0,0,0,0
bradley:berrydrew,"Berry, Drew",Bradley,0,6,450,0,0,0,0,15
loyolauniversitymaryland:vanderwaltdylan,"Van der Walt, Dylan",Loyola University Maryland,1,5,450,0,0,0,0,2
santaclara:ozburnjackson,"Ozburn, Jackson",Santa Clara,1,8,450,0,0,0,0,4
kentucky:jackryan,"Jack, Ryan",Kentucky,30,11,450,0,0,0,0,16
saintjosephs:seanboyle,Sean Boyle,Saint Joseph's,24,5,450,0,0,4,1,0
uri:rodriguezedu,"Rodriguez, Edu",URI,1,5,450,0,0,0,0,0
uri:clarketosczaknikos,"Clarke-Tosczak, Nikos",URI,3,5,450,0,0,0,0,0
loyolamaryland:mcevoysean,"McEvoy, Sean",Loyola Maryland,6,5,447,0,0,9,3,0
setonhall:devriesstan,"De Vries, Stan",Seton Hall,21,18,445,0,0,7,0,0
fgcu:blaycooper,"Blay, Cooper",FGCU,1,7,444,0,0,0,0,0
clevelandstate:petrovicdjordje,"Petrovic, Djordje",Cleveland State,17,13,443,0,0,4,3,0
californiabaptist:mormichael,"Mor, Michael",California Baptist,3,17,443,0,0,7,2,0
louisville:fredhallfilip,"Fredhall, Filip",Louisville,12,16,442,0,0,2,1,0
utahvalley:gozoelijah,"Gozo, Elijah",Utah Valley,16,15,442,0,0,0,0,0
bradley:mejiaskevin,"Mejias, Kevin",Bradley,23,7,441,0,0,6,3,0
colgate:hearnconnor,"Hearn, Connor",Colgate,7,12,440,0,0,5,1,0
saintjosephs:mcintyrecampbell,"McIntyre, Campbell",Saint Joseph's,28,11,440,0,0,8,4,0
bradley:nicastroalex,"Nicastro, Alex",Bradley,2,7,440,0,0,4,0,0
uri:sanchisjoan,"Sanchis, Joan",URI,6,5,440,0,0,5,1,0
westernillinois:harrisbruce,"Harris, Bruce",Western Illinois,22,10,439,0,0,3,0,0
calpoly:anastroman,"Anast, Roman",Cal Poly,29,19,438,0,0,11,5,0
uri:lykkegaardlucas,"Lykkegaard, Lucas",URI,15,5,438,0,0,1,0,0
csun:borasian,"Boras, Ian",CSUN,16,14,437,0,0,2,0,0
notredame:travasoscollin,"Travasos, Collin",Notre Dame,99,7,436,0,0,0,0,13
mercyhurst:buckleyben,"Buckley, Ben",Mercyhurst,23,8,435,0,0,1,0,0
ualbany:kwitchoffmax,"Kwitchoff, Max",UAlbany,2,6,435,0,0,1,0,0
jacksonville:skorveiver,"Skorve, Iver",Jacksonville,21,10,433,0,0,4,2,0
universityofevansville:bencicwill,"Bencic, Will",University of Evansville,9,16,433,0,0,1,1,0
stbonaventure:davidsonxavier,"Davidson, Xavier",St. Bonaventure,5,11,433,0,0,1,1,0
csubakersfield:arrasfilip,"Arras, Filip",CSU Bakersfield,16,6,433,0,0,3,0,0
wofford:mohammedimoa,"Mohammedi, Moa",Wofford,2,9,433,0,0,2,1,0
bellarmine:jonesjackson,"Jones, Jackson",Bellarmine,34,14,432,0,0,2,0,0
penn:varinmathis,"Varin, Mathis",Penn,18,17,432,0,0,2,1,0
fordham:kisseemile,"Kisse, Emile",Fordham,9,17,430,0,0,2,1,0
siena:schonevogtengenjesper,"Schone Vogtengen, Jesper",Siena,2,11,430,0,0,1,1,0
bostonuniversity:kiefferaidan,"Kieffer, Aidan",Boston University,15,17,427,0,0,0,0,0
chicagostate:okumubill,"Okumu, Bill",Chicago State,10,7,427,0,0,2,1,0
northernillinois:divissam,"Divis, Sam",Northern Illinois,11,8,426,0,0,7,4,0
georgetown:staffordoliver,"Stafford, Oliver",Georgetown,4,14,426,0,0,1,0,0
setonhall:rubionico,"Rubio, Nico",Seton Hall,17,18,425,0,0,7,3,0
omaha:bilinacstefan,"Bilinac, Stefan",Omaha,8,13,425,0,0,1,0,0
ualbany:ehlinelias,"Ehlin, Elias",UAlbany,6,6,425,0,0,4,0,0
airforce:rodriguezsevastian,"Rodriguez, Sevastian",Air Force,20,17,424,0,0,0,0,0
unh:ehlindaniel,"Ehlin, Daniel",UNH,4,5,422,0,0,1,1,0
akron:reillydaragh,"Reilly, Daragh",Akron,3,21,421,0,0,3,0,0
ucf:ariastimothy,"Arias, Timothy",UCF,16,11,421,0,0,1,1,0
navy:walcottconnor,"Walcott, Connor",Navy,22,9,420,0,0,3,0,0
universityofmassachusettslowell:nakajimashunnosuke,"Nakajima, Shunnosuke",University of Massachusetts Lowell,6,5,420,0,0,3,2,0
uab:casetommy,"Case, Tommy",UAB,21,14,419,0,0,0,0,0
missouristate:townsendharry,"Townsend, Harry",Missouri State,1,18,419,0,0,0,0,8
merrimackcollege:labellejack,"Labelle, Jack",Merrimack College,7,8,418,0,0,1,0,0
saintlouis:hollowayxavier,"Holloway, Xavier",Saint Louis,27,13,418,0,0,5,1,0
csubakersfield:estradakevin,"Estrada, Kevin",CSU Bakersfield,17,5,417,0,0,7,3,0
saintjosephs:lalaglen,"Lala, Glen",Saint Joseph's,18,6,417,0,0,1,1,0
saintjosephs:cassidytanddo,Cassidy Tanddo,Saint Joseph's,21,5,417,0,0,1,0,0
ucsandiego:linmatthew,"Lin, Matthew",UC San Diego,5,15,416,0,0,1,1,0
milwaukee:mullencolin,"Mullen, Colin",Milwaukee,4,10,416,0,0,0,0,0
bostoncollege:murphyjonathan,"Murphy, Jonathan",Boston College,12,17,415,0,0,6,2,0
indiana:stewartseth,"Stewart, Seth",Indiana,8,19,413,0,0,4,2,0
stetson:restrepomauricio,"Restrepo, Mauricio",Stetson,19,14,412,0,0,12,7,0
northeastern:schurzchristoph,"Schurz, Christoph",Northeastern,29,7,411,0,0,3,1,0
kansascity:mouramateus,"Moura, Mateus",Kansas City,14,20,411,0,0,2,0,0
universityofevansville:hawkinsmatt,"Hawkins, Matt",University of Evansville,16,17,410,0,0,0,0,0
providence:dossantosnetoisrael,"Dos Santos Neto, Israel",Providence,11,7,410,0,0,13,3,0
airforce:bryanttyler,"Bryant, Tyler",Air Force,4,17,409,0,0,2,1,0
detroitmercy:sandahlnoah,"Sandahl, Noah",Detroit Mercy,32,11,409,0,0,2,0,0
fiu:dominguesjoao,"Domingues, Joao",FIU,18,6,409,0,0,2,0,0
dartmouthcollege:ellisandrew,"Ellis, Andrew",Dartmouth College,13,15,409,0,0,0,0,0
brown:walshcal,"Walsh, Cal",Brown,29,17,409,0,0,4,1,0
universityofsouthernindiana:lainezlucas,"Lainez, Lucas",University of Southern Indiana,13,11,407,0,0,1,0,0
airforce:grubbsaidan,"Grubbs, Aidan",Air Force,19,17,406,0,0,2,1,0
universityofsouthernindiana:mirandaandrew,"Miranda, Andrew",University of Southern Indiana,34,10,406,0,0,3,1,0
easttennesseestate:betancourtgabriel,"Betancourt, Gabriel",East Tennessee State,6,5,406,0,0,6,3,0
sanfrancisco:alafranjizane,"Alafranji, Zane",San Francisco,19,13,405,0,0,6,2,0
chicagostate:ibarrajose,"Ibarra, Jose",Chicago State,23,5,405,0,0,1,0,0
fgcu:hammondjahvanie,"Hammond, Jahvanie",FGCU,20,9,404,0,0,1,0,0
dartmouthcollege:kashambuzinick,"Kashambuzi, Nick",Dartmouth College,4,15,404,0,0,2,0,0
clemson:lambmason,"Lamb, Mason",Clemson,8,12,404,0,0,1,1,0
lemoynecollege:krzeminskimichael,"Krzeminski, Michael",Le Moyne College,15,10,403,0,0,2,1,0
santaclara:windelljaiden,"Windell, Jaiden",Santa Clara,26,14,403,0,0,4,1,0
niagara:paynekevin,"Payne, Kevin",Niagara,23,8,403,0,0,2,1,0
michigan:martenszach,"Martens, Zach",Michigan,18,20,402,0,0,0,0,0
easternillinois:martinben,"Martin, Ben",Eastern Illinois,25,9,402,0,0,1,0,0
newhampshire:hicksadison,"Hicks, Adison",New Hampshire,23,14,401,0,0,1,1,0
longwood:rodrigueziago,"Rodriguez, Iago",Longwood,20,8,401,0,0,0,0,0
airforce:tothattila,"Toth, Attila",Air Force,6,18,400,0,0,3,2,0
airforce:rezniknoah,"Reznik, Noah",Air Force,14,17,399,0,0,1,1,0
njit:campoliandrea,"Campoli, Andrea",NJIT,15,8,399,0,0,3,1,0
universityofsouthernindiana:vounggabe,"Voung, Gabe",University of Southern Indiana,28,10,399,0,0,3,1,0
fau:ranierifrancisco,"Ranieri, Francisco",FAU,1,14,397,0,0,1,1,11
sacramentostate:faisonjustin,"Faison, Justin",Sacramento State,22,10,397,0,0,2,2,0
saintjosephs:vanipatrick,"Vani, Patrick",Saint Joseph's,10,11,396,0,0,5,3,0
gonzaga:goehringjake,"Goehring, Jake",Gonzaga,11,18,396,0,0,6,2,0
lehigh:youngalfonso,"Young, Alfonso",Lehigh,19,16,395,0,0,4,1,0
loyolamarymount:gonsalvesjayden,"Gonsalves, Jayden",Loyola Marymount,4,15,395,0,0,2,1,0
indiana:muradorclay,"Murador, Clay",Indiana,20,21,394,0,0,8,1,0
newhampshire:leejiwoo,"Lee, Jiwoo",New Hampshire,18,14,392,0,0,5,2,0
holycross:hupenick,"Hupe, Nick",Holy Cross,3,14,392,0,0,4,0,0
brown:gryglaslangdon,"Gryglas, Langdon",Brown,15,16,392,0,0,1,0,0
saintjosephs:perlazakobe,"Perlaza, Kobe",Saint Joseph's,27,7,391,0,0,2,0,0
detroitmercy:monroecolin,"Monroe, Colin",Detroit Mercy,0,6,391,0,0,0,0,0
notredame:schroederwill,"Schroeder, Will",Notre Dame,14,16,389,0,0,6,2,0
rhodeisland:morrilljason,"Morrill, Jason",Rhode Island,22,6,389,0,0,0,0,0
bellarmine:griffinbraden,"Griffin, Braden",Bellarmine,27,5,388,0,0,4,2,0
southflorida:gutierrezmauro,"Gutierrez, Mauro",South Florida,15,14,388,0,0,8,2,0
uncasheville:smithlogan,"Smith, Logan",UNC Asheville,36,12,387,0,0,1,1,0
sandiegostate:vargaseddy,"Vargas, Eddy",San Diego State,00,9,386,0,0,0,0,4
saintfrancis:adamsjacob,"Adams, Jacob",Saint Francis,12,6,386,0,0,3,0,0
georgewashington:altamiranopat,"Altamirano, Pat",George Washington,25,16,385,0,0,6,2,0
memphis:kuldanekryan,"Kuldanek, Ryan",Memphis,30,16,383,0,0,7,1,0
greenbay:kontautaskajus,"Kontautas, Kajus",Green Bay,5,12,383,0,0,7,2,0
usi:klottandrew,"Klott, Andrew",USI,1,5,383,0,0,0,0,0
ucf:mandiangmalang,"Mandiang, Malang",UCF,11,12,382,0,0,8,2,0
usi:rodriguezdiego,"Rodriguez, Diego",USI,4,5,382,0,0,1,1,0
universityofmassachusettslowell:natsumekotaro,"Natsume, Kotaro",University of Massachusetts Lowell,2,5,381,0,0,2,2,0
grandcanyon:lobatohenrique,"Lobato, Henrique",Grand Canyon,5,9,379,0,0,0,0,0
utahtech:bradleycole,"Bradley, Cole",Utah Tech,4,8,377,0,0,0,0,0
wofford:menendezfabian,"Menendez, Fabian",Wofford,33,16,377,0,0,3,2,0
saintlouis:lopestiago,"Lopes, Tiago",Saint Louis,4,12,377,0,0,5,2,0
pittsburgh:mercadofelipe,"Mercado, Felipe",Pittsburgh,8,10,377,0,0,7,1,0
ncstate:hoyoslpezsantiago,"Hoyos López, Santiago",NC State,9,17,376,0,0,12,6,0
dayton:biaggiadrian,"Biaggi, Adrian",Dayton,3,10,376,0,0,2,1,0
detroitmercy:tewsquinn,"Tews, Quinn",Detroit Mercy,1,6,374,0,0,0,0,0
dartmouthcollege:huneaualexis,"Huneau, Alexis",Dartmouth College,2,16,374,0,0,3,0,0
smu:clantonpimentelryan,"Clanton-Pimentel, Ryan",SMU,27,18,373,0,0,9,2,0
csun:wernerfinn,"Werner, Finn",CSUN,17,15,373,0,0,1,0,0
csun:rostenodin,"Rosten, Odin",CSUN,26,16,373,0,0,5,3,0
unh:trastulligianluca,"Trastulli, Gianluca",UNH,16,6,373,0,0,2,2,0
georgiastate:marchisenfinn,"Marchisen, Finn",Georgia State,30,10,372,0,0,0,0,8
winthrop:sczechjosh,"Sczech, Josh",Winthrop,18,15,370,0,0,4,2,0
manhattan:graykayvon,"Gray, Kayvon",Manhattan,11,11,369,0,0,14,8,0
lafayette:melnickjames,"Melnick, James",Lafayette,25,9,369,0,0,0,0,0
merrimackcollege:labellejohn,"Labelle, John",Merrimack College,7,6,366,0,0,4,0,0
bostonuniversity:alexanderben,"Alexander, Ben",Boston University,29,15,365,0,0,0,0,15
airforce:bulankouandrei,"Bulankou, Andrei",Air Force,30,15,364,0,0,0,0,0
lafayette:hadjimitsisnikolas,"Hadjimitsis, Nikolas",Lafayette,23,12,364,0,0,1,1,0
centralarkansas:hindsjaxon,"Hinds, Jaxon",Central Arkansas,24,15,362,0,0,1,0,0
drexel:diallomo,"Diallo, Mo",Drexel,15,16,362,0,0,4,2,0
california:metelitsaarseni,"Metelitsa, Arseni",California,34,18,361,0,0,4,1,0
newhampshire:lewisbrady,"Lewis	, Brady",New Hampshire,16,15,361,0,0,7,2,0
winthrop:hollingerhayden,"Hollinger, Hayden",Winthrop,11,13,361,0,0,3,2,0
iona:schmelzfernando,"Schmelz, Fernando",Iona,1,5,360,0,0,0,0,2
sandiego:ludosanluis,"Ludosan, Luis",San Diego,1,10,360,0,0,0,0,14
loyolamd:hallsoscar,"Halls, Oscar",Loyola (MD),20,4,360,0,0,1,1,0
wisconsin:hbertmatisse,"Hébert, Matisse",Wisconsin,1,4,360,0,0,0,0,6
saintfrancis:risenhoovermilo,"Risenhoover, Milo",Saint Francis,33,5,360,0,0,0,0,10
centralconnecticutstateuniversity:brownzane,"Brown, Zane",Central Connecticut State University,7,4,360,0,0,1,1,0
centralconnecticutstateuniversity:starkerwill,"Starker, Will",Central Connecticut State University,13,4,360,0,0,2,1,0
niagarauniversity:barryjamie,"Barry, Jamie",Niagara University,1,4,360,0,0,0,0,9
niagarauniversity:hungerfordlandon,"Hungerford, Landon",Niagara University,3,4,360,0,0,1,1,0
columbiauniversity:obrienalexander,"O'Brien, Alexander",Columbia University,42,14,360,0,0,0,0,12
rhodeisland:diloretonate,"DiLoreto, Nate",Rhode Island,29,5,360,0,0,0,0,0
umasslowell:gaweljr,"Gawel, JR",UMass Lowell,32,4,360,0,0,0,0,11
universityatalbany:cookethan,"Cook, Ethan",University at Albany,3,4,360,0,0,0,0,0
universityatalbany:nouajaanassim,"Nouajaa, Nassim",University at Albany,16,4,360,0,0,0,0,0
saintjosephs:larshaavie,Lars Haavie,Saint Joseph's,1,4,360,0,0,0,0,8
saintjosephs:eishunishizono,Eishu Nishizono,Saint Joseph's,6,4,360,0,0,1,0,0
southflorida:schaeferfelix,"Schaefer, Felix",South Florida,30,4,360,0,0,0,0,13
umbc:lopezemigdio,"Lopez, Emigdio",UMBC,1,4,360,0,0,0,0,1
olddominion:osygusnick,"Osygus, Nick",Old Dominion,13,11,359,0,0,0,0,0
purduefortwayne:habibisep,"Habibi, Sep",Purdue Fort Wayne,26,11,359,0,0,0,0,6
umasslowell:perezoscar,"Perez, Oscar",UMass Lowell,5,4,359,0,0,2,0,0
michigan:perezrocky,"Perez, Rocky",Michigan,8,20,358,0,0,0,0,0
rhodeisland:harristheo,"Harris, Theo",Rhode Island,18,12,358,0,0,5,2,0
southflorida:keisemikhail,"Keise, Mikhail",South Florida,5,13,358,0,0,0,0,0
fau:kininanick,"Kinina, Nick",FAU,6,14,356,0,0,0,0,0
fgcu:lawrencecaylan,"Lawrence, Caylan",FGCU,16,8,356,0,0,1,1,0
mountstmarys:cheukfigo,"Cheuk, Figo",Mount St. Mary's,2,6,356,0,0,0,0,0
incarnateword:ordonezdaniel,"Ordonez, Daniel",Incarnate Word,3,11,355,0,0,1,0,0
uscupstate:benzjakob,"Benz, Jakob",USC Upstate,27,14,354,0,0,0,0,0
lipscomb:highfieldseth,"Highfield, Seth",Lipscomb,31,16,352,0,0,3,1,0
lehigh:pynadathjason,"Pynadath, Jason",Lehigh,7,16,352,0,0,2,0,0
chicagostate:jimenezaldo,"Jimenez, Aldo",Chicago State,29,6,352,0,0,3,1,0
universityofmassachusettslowell:fernandezmauro,"Fernandez, Mauro",University of Massachusetts Lowell,14,5,351,0,0,0,0,0
queens:ibrahimamin,"Ibrahim, Amin",Queens,11,13,350,0,0,1,0,0
ualbany:nouajaanassim,"Nouajaa, Nassim",UAlbany,16,6,349,0,0,4,0,0
fairfield:arenajoseph,"Arena, Joseph",Fairfield,12,10,348,0,0,4,2,0
akron:beiernicholas,"Beier, Nicholas",Akron,6,20,348,0,0,4,1,0
umasslowell:nakajimashunnosuke,"Nakajima, Shunnosuke",UMass Lowell,6,4,348,0,0,7,2,0
depaul:hickiewiczdaniel,"Hickiewicz, Daniel",DePaul,29,16,346,0,0,6,1,0
usi:kirchhoferwill,"Kirchhofer, Will",USI,21,5,346,0,0,3,1,0
loyolamd:vanderwaltdylan,"van der Walt, Dylan",Loyola (MD),1,4,345,0,0,0,0,15
templeuniversity:hernandezerick,"Hernandez, Erick",Temple University,2,16,345,0,0,0,0,0
queens:tozzinathan,"Tozzi, Nathan",Queens,31,12,345,0,0,0,0,0
ucdavis:carlsonhayden,"Carlson, Hayden",UC Davis,21,14,344,0,0,5,2,0
liu:villanuevajaime,"Villanueva, Jaime",LIU,17,7,344,0,0,1,0,0
saintjosephs:braendvangtruls,"Braendvang, Truls",Saint Joseph's,8,4,344,0,0,2,1,0
jacksonville:dempstrey,"Demps, Trey",Jacksonville,12,10,343,0,0,1,0,0
ucsantabarbara:senterethan,"Senter, Ethan",UC Santa Barbara,30,10,339,0,0,2,1,0
marquette:rodriguezleo,"Rodriguez, Leo",Marquette,19,17,339,0,0,4,0,0
purduefortwayne:bessingernathan,"Bessinger, Nathan",Purdue Fort Wayne,17,13,339,0,0,4,1,0
niagara:bastiaenenmick,"Bastiaenen, Mick",Niagara,14,10,338,0,0,3,1,0
westernillinois:michaudalexis,"Michaud, Alexis",Western Illinois,33,6,334,0,0,0,0,0
furman:fraglereece,"Fragle, Reece",Furman,2,12,333,0,0,2,1,0
universityofsouthernindiana:rhodeswesley,"Rhodes, Wesley",University of Southern Indiana,15,10,333,0,0,1,0,0
niagarauniversity:delprioregianluca,"Del Priore, Gianluca",Niagara University,22,4,333,0,0,2,2,0
vmi:fuentesramosandres,"Fuentes-Ramos, Andres",VMI,14,11,332,0,0,2,1,0
sandiegostate:lucasjosh,"Lucas, Josh",San Diego State,17,16,331,0,0,7,2,0
northflorida:mcmanusjrbrian,"McManus Jr., Brian",North Florida,23,16,331,0,0,1,0,0
loyolamaryland:stephensonjahvar,"Stephenson, Jahvar",Loyola Maryland,15,4,331,0,0,3,0,0
loyolamd:mcevoysean,"McEvoy, Sean",Loyola (MD),6,4,330,0,0,4,2,0
stonehillcollege:tenczakyle,"Tencza, Kyle",Stonehill College,00,5,329,0,0,0,0,0
utrgv:gonzalezalexis,"Gonzalez, Alexis",UTRGV,1,5,329,0,0,0,0,1
northwestern:ramirezmichael,"Ramirez, Michael",Northwestern,24,15,328,0,0,6,3,0
ucirvine:jingpaul,"Jing, Paul",UC Irvine,34,11,328,0,0,0,0,17
ohiostate:robertsandre,"Roberts, Andre",Ohio State,8,20,326,0,0,6,3,0
centralconnecticutstateuniversity:bjorkmanbenjamin,"Bjorkman, Benjamin",Central Connecticut State University,6,4,326,0,0,0,0,0
bostonuniversity:tuckermancharlie,"Tuckerman, Charlie",Boston University,24,17,324,0,0,3,2,0
saintjosephs:tveitreffsgaardherman,"Tveit-Reffsgaard, Herman",Saint Joseph's,22,8,324,0,0,0,0,0
drake:delongsam,"DeLong, Sam",Drake,6,16,324,0,0,3,2,0
loyolachicago:tejumolakamran,"Tejumola, Kamran",Loyola Chicago,2,10,323,0,0,0,0,0
utrgv:adorabel,"Ador, Abel",UTRGV,4,8,323,0,0,4,0,0
colgate:goldnertoby,"Goldner, Toby",Colgate,17,10,322,0,0,4,3,0
radford:lansingthijmen,"Lansing, Thijmen",Radford,3,14,322,0,0,0,0,0
harvard:langenbahntim,"Langenbahn, Tim",Harvard,31,7,322,0,0,0,0,0
usi:englishgavin,"English, Gavin",USI,19,4,320,0,0,1,1,0
manhattan:torresomar,"Torres, Omar",Manhattan,30,11,319,0,0,1,0,0
saintjosephs:steinickeoskar,"Steinicke, Oskar",Saint Joseph's,13,11,318,0,0,1,1,0
radford:kamaramustaph,"Kamara, Mustaph",Radford,5,14,318,0,0,1,0,0
njit:parksgrayson,"Parks, Grayson",NJIT,2,6,318,0,0,2,0,0
jacksonville:clancyshane,"Clancy, Shane",Jacksonville,18,7,317,0,0,0,0,0
depaul:brennanjack,"Brennan, Jack",DePaul,12,16,317,0,0,2,0,0
providence:castanedakevin,"Castaneda, Kevin",Providence,8,7,317,0,0,1,0,0
detroitmercy:sulcviktor,"Sulc, Viktor",Detroit Mercy,40,5,315,0,0,0,0,5
saintjosephs:zivkovicdaniel,"Zivkovic, Daniel",Saint Joseph's,7,10,315,0,0,11,1,0
coastalcarolina:goughharrison,"Gough, Harrison",Coastal Carolina,30,14,315,0,0,0,0,19
michigan:evanshayden,"Evans, Hayden",Michigan,1,19,315,0,0,0,0,11
pennstate:grundinfredrick,"Grundin, Fredrick",Penn State,31,9,315,0,0,0,0,6
canisius:kingkennan,"King, Kennan",Canisius,27,5,315,0,0,0,0,0
navy:gallowayalex,"Galloway, Alex",Navy,17,8,314,0,0,1,0,0
oakland:jamalissamohammad,"Jamal Issa, Mohammad",Oakland,15,12,313,0,0,1,0,0
northflorida:pentinatiu,"Pentinat, Iu",North Florida,0,13,313,0,0,0,0,13
umass:gigliochris,"Giglio, Chris",UMass,23,8,313,0,0,1,0,0
ucla:narangamjot,"Narang, Amjot",UCLA,15,15,312,0,0,2,1,0
uvm:vassiliouioannis,"Vassiliou, Ioannis",UVM,17,5,312,0,0,1,0,0
coastalcarolina:paganofrancesco,"Pagano, Francesco",Coastal Carolina,28,16,311,0,0,5,1,0
northernkentucky:shawtony,"Shaw, Tony",Northern Kentucky,15,12,310,0,0,2,2,0
loyolamaryland:hallsoscar,"Halls, Oscar",Loyola Maryland,22,5,310,0,0,0,0,0
kentucky:martineoin,"Martin, Eoin",Kentucky,32,13,310,0,0,3,1,0
universityofsouthernindiana:gonzalezricardo,"Gonzalez, Ricardo",University of Southern Indiana,26,8,310,0,0,0,0,0
mercyhurst:kolardavid,"Kolar, David",Mercyhurst,2,7,308,0,0,1,0,0
iona:davidnathaniel,"David, Nathaniel",Iona,3,11,308,0,0,0,0,0
campbell:garzaemilio,"Garza, Emilio",Campbell,15,9,307,0,0,1,1,0
greenbay:okazakikazuki,"Okazaki, Kazuki",Green Bay,12,10,306,0,0,0,0,0
uscupstate:alexanderpilani,"Alexander, Pilani",USC Upstate,4,16,305,0,0,1,0,0
newhaven:jourdainmarc,"Jourdain, Marc",New Haven,24,7,305,0,0,2,1,0
georgewashington:matlockjohn,"Matlock, John",George Washington,15,16,304,0,0,0,0,0
xavier:okekeekene,"Okeke, Ekene",Xavier,28,16,304,0,0,2,1,0
kentucky:johnsonlewis,"Johnson, Lewis",Kentucky,23,14,304,0,0,8,1,0
furman:campbelltrip,"Campbell, Trip",Furman,3,16,303,0,0,7,5,0
saintpeters:etienneomre,"Etienne, Omre",Saint Peter's,17,4,303,0,0,0,0,0
ualbany:friassantiago,"Frias, Santiago",UAlbany,5,5,302,0,0,0,0,0
canisius:nicolazzoromero,"Nicolazzo, Romero",Canisius,23,16,301,0,0,4,1,0
georgewashington:wegnerduncan,"Wegner, Duncan",George Washington,0,15,301,0,0,0,0,13
csubakersfield:hankinsbryson,"Hankins, Bryson",CSU Bakersfield,8,5,301,0,0,5,3,0
lipscomb:macreadygeorge,"Macready, George",Lipscomb,4,12,299,0,0,0,0,0
ucriverside:mezakevin,"Meza, Kevin",UC Riverside,26,15,299,0,0,3,1,0
njit:seguikarmel,"Segui, Karmel",NJIT,19,7,299,0,0,2,0,0
loyolamd:nicholsrichie,"Nichols, Richie",Loyola (MD),8,4,298,0,0,4,0,0
charleston:thyregodemil,"Thyregod, Emil",Charleston,5,15,298,0,0,3,0,0
calstatefullerton:gloriagiovanni,"Gloria, Giovanni",Cal State Fullerton,4,12,296,0,0,0,0,0
wakeforest:ogaraliam,"O'Gara, Liam",Wake Forest,6,19,294,0,0,2,0,0
uncwilmington:throneburghandrew,"Throneburgh, Andrew",UNC Wilmington,20,14,294,0,0,0,0,0
calpoly:hogancharlie,"Hogan, Charlie",Cal Poly,24,16,294,0,0,5,2,0
centralconnecticutstateuniversity:carriassam,"Carrias, Sam",Central Connecticut State University,5,4,294,0,0,0,0,0
winthrop:bennettcaleb,"Bennett, Caleb",Winthrop,14,10,294,0,0,2,0,0
denver:schultzluke,"Schultz, Luke",Denver,14,18,292,0,0,6,3,0
marquette:christouandreas,"Christou, Andreas",Marquette,11,16,292,0,0,5,3,0
detroitmercy:crookszander,"Crooks, Zander",Detroit Mercy,8,9,291,0,0,4,0,0
villanova:zaretsermikhail,"Zaretser, Mikhail",Villanova,6,13,291,0,0,0,0,0
saintmarys:marseillejamal,"Marseille, Jamal",Saint Mary's,34,13,291,0,0,1,1,0
uab:loevegrothmathias,"Loeve Groth, Mathias",UAB,16,6,291,0,0,1,0,0
ncstate:mitchinerdylan,"Mitchiner, Dylan",NC State,16,20,290,0,0,3,2,0
bostonuniversity:dunneluke,"Dunne, Luke",Boston University,32,16,290,0,0,4,0,0
brown:dafeiyke,"Dafe, Iyke",Brown,2,16,290,0,0,1,0,0
unf:riosrafa,"Rios, Rafa",UNF,21,3,290,0,0,2,2,0
uca:ramirezjavier,"Ramirez, Javier",UCA,1,3,290,0,0,0,0,0
uca:bishopelijah,"Bishop, Elijah",UCA,4,3,290,0,0,1,0,0
uca:ichikawasohma,"Ichikawa, Sohma",UCA,8,3,290,0,0,0,0,0
villanova:danielsjavon,"Daniels, Javon",Villanova,25,12,289,0,0,5,1,0
presbyterian:walkeralex,"Walker, Alex",Presbyterian,13,12,289,0,0,0,0,0
easternillinois:simonjosh,"Simon, Josh",Eastern Illinois,29,14,288,0,0,4,1,0
saintjosephs:matteomazzotta,Matteo Mazzotta,Saint Joseph's,16,4,288,0,0,3,0,0
fau:raisanenandreas,"Raisanen, Andreas",FAU,9,14,287,0,0,3,1,0
xavier:osterholtbrandon,"Osterholt, Brandon",Xavier,27,16,287,0,0,2,2,0
utahvalley:mendozaabel,"Mendoza, Abel",Utah Valley,25,13,287,0,0,4,1,0
colgate:stephansdrew,"Stephans, Drew",Colgate,12,12,286,0,0,0,0,0
seattle:koontzchristian,"Koontz, Christian",Seattle,25,15,286,0,0,0,0,0
notredame:mcdowdsean,"McDowd, Sean",Notre Dame,3,12,286,0,0,1,0,0
ualbany:soumahmohamed,"Soumah, Mohamed",UAlbany,18,6,286,0,0,2,0,0
holycross:cateaujeremiah,"Cateau, Jeremiah",Holy Cross,24,15,285,0,0,0,0,0
universityofmassachusettslowell:costamatteo,"Costa, Matteo",University of Massachusetts Lowell,22,4,285,0,0,2,0,0
mountstmarys:oneileliot,"O'Neil, Eliot",Mount St. Mary's,42,10,285,0,0,3,2,0
jacksonville:aanensenkarlsennicolas,"Aanensen Karlsen, Nicolas",Jacksonville,27,7,284,0,0,8,3,0
uca:correiaedgar,"Correia, Edgar",UCA,25,3,284,0,0,0,0,0
airforce:stoupkobey,"Stoup, Kobey",Air Force,13,14,283,0,0,2,1,0
tulsa:membrilaaimar,"Membrila, Aimar",Tulsa,21,15,283,0,0,7,1,0
georgewashington:poolejake,"Poole, Jake",George Washington,12,17,283,0,0,2,0,0
grandcanyon:velizdiego,"Veliz, Diego",Grand Canyon,2,9,281,0,0,1,1,0
winthrop:zaharaian,"Zahara, Ian",Winthrop,3,9,281,0,0,1,0,0
niagarauniversity:sanchezcerveraalberto,"Sanchez Cervera, Alberto",Niagara University,24,4,281,0,0,0,0,0
fiu:mutsolienrique,"Mutsoli, Enrique",FIU,12,12,280,0,0,7,2,0
clevelandstate:hecklennart,"Heck, Lennart",Cleveland State,5,9,280,0,0,2,0,0
coastalcarolina:bocklouis,"Bock, Louis",Coastal Carolina,3,14,280,0,0,1,1,0
virginia:milestom,"Miles, Tom",Virginia,0,10,280,0,0,0,0,8
mercyhurst:sanchezsergio,"Sanchez, Sergio",Mercyhurst,6,10,279,0,0,3,0,0
robertmorris:graydarren,"Gray, Darren",Robert Morris,2,6,279,0,0,2,1,0
centralarkansas:barosjosh,"Baros, Josh",Central Arkansas,6,9,278,0,0,2,1,0
uab:jenningscoleman,"Jennings, Coleman",UAB,9,15,276,0,0,7,4,0
mercyhurst:lucashigginbothamjak,"Lucas-Higginbotham, Jak",Mercyhurst,60,9,276,0,0,0,0,0
elon:philpotkorey,"Philpot, Korey",Elon,22,12,275,0,0,0,0,0
saintmarys:hollenstedstormschmidt,"Hollensted, Storm Schmidt",Saint Mary's,8,13,275,0,0,3,2,0
radford:rupeevan,"Rupe, Evan",Radford,19,12,275,0,0,5,3,0
westernillinois:abarcahenrry,"Abarca, Henrry",Western Illinois,11,10,274,0,0,1,0,0
chicagostate:santosowen,"Santos, Owen",Chicago State,18,6,274,0,0,2,1,0
unf:prebendatyler,"Prebenda, Tyler",UNF,2,3,274,0,0,0,0,0
universityofmassachusettslowell:irelandliam,"Ireland, Liam",University of Massachusetts Lowell,11,5,272,0,0,8,5,0
utahtech:monserratemmanuel,"Monserrat, Emmanuel",Utah Tech,14,5,271,0,0,1,1,0
bostonuniversity:saadatsheraz,"Saadat, Sheraz",Boston University,36,16,270,0,0,0,0,7
southfla:faifepedro,"Faife, Pedro",South Fla.,8,3,270,0,0,4,3,0
southfla:thompsonjrrichard,"Thompson Jr., Richard",South Fla.,21,3,270,0,0,0,0,0
army:likewisekeanu,"Likewise, Keanu",Army,34,13,270,0,0,0,0,3
tulsa:sayloncarlito,"Saylon, Carlito",Tulsa,0,14,270,0,0,0,0,8
northeastern:jahntobias,"Jahn, Tobias",Northeastern,0,6,270,0,0,0,0,5
coastalcarolina:schnurnathan,"Schnur, Nathan",Coastal Carolina,1,14,270,0,0,0,0,7
sanfrancisco:krausewilliam,"Krause, William",San Francisco,13,10,270,0,0,0,0,5
csun:drucksdorian,"Drucks, Dorian",CSUN,1,9,270,0,0,0,0,0
universityofmassachusetts:geczyalex,"Geczy, Alex",University of Massachusetts,1,3,270,0,0,0,0,4
universityofmassachusetts:fordhammatt,"Fordham, Matt",University of Massachusetts,3,3,270,0,0,1,0,0
universityofmassachusetts:kellyaidan,"Kelly, Aidan",University of Massachusetts,4,3,270,0,0,0,0,0
howard:franklinbrandon,"Franklin, Brandon",Howard,22,5,270,0,0,0,0,0
nu:lawlorconnor,"Lawlor, Connor",NU,26,3,270,0,0,0,0,0
mke:wagnerjack,"Wagner, Jack",MKE,27,3,270,0,0,0,0,0
centralconnecticutstate:brownzane,"Brown, Zane",Central Connecticut State,7,3,270,0,0,1,0,0
uvm:liedtkalou,"Liedtka, Lou",UVM,0,3,270,0,0,0,0,0
easttennesseestate:neijenhuisdave,"Neijenhuis, Dave",East Tennessee State,2,3,270,0,0,1,0,0
universityatalbany:kwitchoffmax,"Kwitchoff, Max",University at Albany,2,3,270,0,0,0,0,0
pittsburgh:moxomjack,"Moxom, Jack",Pittsburgh,31,9,270,0,0,0,0,5
saintjosephs:jokullsveinsson,Jokull Sveinsson,Saint Joseph's,4,3,270,0,0,0,0,0
uri:decastrorodrigo,"De Castro, Rodrigo",URI,4,3,270,0,0,0,0,0
lwu:yoderjoshua,"Yoder, Joshua",LWU,22,3,270,0,0,1,0,0
newjerseyinstituteoftechnology:armstrongdevin,"Armstrong, Devin",New Jersey Institute of Technology,1,3,270,0,0,0,0,0
saintfrancisuniversity:beckerniclas,"Becker, Niclas",Saint Francis University,1,3,270,0,0,0,0,0
saintfrancisuniversity:schellbachtom,"Schellbach, Tom",Saint Francis University,3,3,270,0,0,0,0,0
saintfrancisuniversity:mikulaty,"Mikula, Ty",Saint Francis University,5,3,270,0,0,0,0,0
chicagostate:herreravictor,"Herrera, Victor",Chicago State,7,3,270,0,0,0,0,0
loyola:vanderwaltdylan,"van der Walt, Dylan",Loyola,1,3,270,0,0,0,0,4
loyola:nicholsrichie,"Nichols, Richie",Loyola,8,3,270,0,0,2,1,0
loyola:hallsoscar,"Halls, Oscar",Loyola,22,3,270,0,0,0,0,0
loyola:herleycharlie,"Herley, Charlie",Loyola,28,3,270,0,0,2,1,0
milwaukee:huwilerfelix,"Huwiler, Felix",Milwaukee,18,11,269,0,0,3,1,0
ualbany:horvatlovro,"Horvat, Lovro",UAlbany,26,6,269,0,0,0,0,0
iuindy:karjianmano,"Karjian, Mano",IU Indy,15,7,268,0,0,5,3,0
uri:morrilljason,"Morrill, Jason",URI,22,4,268,0,0,0,0,0
uncgreensboro:ampofowilliam,"Ampofo, William",UNC Greensboro,8,11,267,0,0,3,0,0
southcarolina:griffithbryce,"Griffith, Bryce",South Carolina,7,9,267,0,0,6,2,0
michigan:nabakajonathan,"Nabaka, Jonathan",Michigan,23,18,267,0,0,0,0,0
niagarauniversity:cintradominic,"Cintra, Dominic",Niagara University,20,4,267,0,0,6,4,0
oakland:wienerroithermarkus,"Wienerroither, Markus",Oakland,2,10,266,0,0,4,3,0
loyolauniversitymaryland:tuckertyler,"Tucker, Tyler",Loyola University Maryland,29,5,266,0,0,0,0,0
marist:idrizidreni,"Idrizi, Dreni",Marist,31,6,265,0,0,0,0,1
niagarauniversity:roachcameron,"Roach, Cameron",Niagara University,8,4,265,0,0,1,1,0
longwood:ouattarakunandy,"Ouattara, Kunandy",Longwood,14,7,265,0,0,1,0,0
lwu:hinkemax,"Hinke, Max",LWU,1,3,265,0,0,0,0,0
umass:cucinottaaj,"Cucinotta, A.J.",UMass,5,7,264,0,0,0,0,0
radford:clarkseth,"Clark, Seth",Radford,20,12,263,0,0,1,1,0
georgetown:letayfdiego,"Letayf, Diego",Georgetown,6,14,263,0,0,3,0,0
umasslowell:fernandezmauro,"Fernandez, Mauro",UMass Lowell,14,4,263,0,0,0,0,0
etsu:marvikmorgan,"Marvik, Morgan",ETSU,22,5,263,0,0,0,0,0
loyolamd:ogorchris,"Ogor, Chris",Loyola (MD),14,4,262,0,0,0,0,0
lasalle:bellbilal,"Bell, Bilal",La Salle,29,8,262,0,0,0,0,0
gonzaga:morarobbie,"Mora, Robbie",Gonzaga,32,16,262,0,0,2,2,0
csun:sambatheom,"Samba, Theom",CSUN,30,15,262,0,0,4,1,0
stbonaventure:dreaskyavery,"Dreasky, Avery",St. Bonaventure,21,10,262,0,0,0,0,0
universityatalbany:soumahmohamed,"Soumah, Mohamed",University at Albany,18,4,262,0,0,4,2,0
loyola:luchiesjordy,"Luchies, Jordy",Loyola,4,3,262,0,0,4,0,0
clemson:pazpaulino,"Paz, Paulino",Clemson,35,12,261,0,0,3,0,0
uncgreensboro:debodenemaxwel,"De-Bodene, Maxwel",UNC Greensboro,19,15,261,0,0,1,1,0
ucf:levismanitai,"Levisman, Itai",UCF,15,13,261,0,0,4,1,0
fiu:fernandezbeltran,"Fernandez, Beltran",FIU,1,7,261,0,0,0,0,1
harvard:wootenphoenix,"Wooten, Phoenix",Harvard,15,8,261,0,0,1,0,0
smu:garciarichard,"Garcia, Richard",SMU,13,14,260,0,0,2,0,0
robertmorris:thompsonvictor,"Thompson, Victor",Robert Morris,32,4,260,0,0,0,0,0
radford:lampteycam,"Lamptey, Cam",Radford,31,13,260,0,0,2,1,0
lasalle:mcgillenchristian,"McGillen, Christian",La Salle,28,9,259,0,0,3,1,0
sacredheart:nielsenanthony,"Nielsen, Anthony",Sacred Heart,28,12,259,0,0,6,5,0
longwood:diazdiego,"Diaz, Diego",Longwood,26,11,258,0,0,2,1,0
niagarauniversity:fentonlucas,"Fenton, Lucas",Niagara University,7,4,258,0,0,1,1,0
umasslowell:aokirui,"Aoki, Rui",UMass Lowell,3,3,258,0,0,0,0,0
centralarkansas:digiovannifranco,"DiGiovanni, Franco",Central Arkansas,7,12,257,0,0,3,0,0
niagarauniversity:lopezfornergerard,"Lopez Forner, Gerard",Niagara University,9,3,257,0,0,5,2,0
siue:forestierelliott,"Forestier, Elliott",SIUE,3,7,256,0,0,0,0,0
oralroberts:grzesiakjakub,"Grzesiak, Jakub",Oral Roberts,1,6,256,0,0,0,0,3
centralconnecticutstateuniversity:haugephillip,"Hauge, Phillip",Central Connecticut State University,2,3,256,0,0,0,0,0
williammary:mcnallycole,"McNally, Cole",William & Mary,1,6,256,0,0,0,0,5
uncasheville:ragnarssonviar,"Ragnarsson, Viðar",UNC Asheville,26,5,256,0,0,2,0,0
loyola:ogorchris,"Ogor, Chris",Loyola,14,3,256,0,0,0,0,0
loyolamarymount:maciasnacho,"Macias, Nacho",Loyola Marymount,34,9,255,0,0,6,1,0
easttennesseestate:gunjason,"Gun, Jason",East Tennessee State,13,5,254,0,0,1,1,0
rutgers:arnarssonkristfer,"Arnarsson, Kristófer",Rutgers,88,16,254,0,0,3,1,0
northernillinois:kwiatkowskiwiktor,"Kwiatkowski, Wiktor",Northern Illinois,18,7,254,0,0,1,0,0
lwu:gilenzo,"Gil, Enzo",LWU,1,3,254,0,0,0,0,0
saintjosephs:bartkooistra,Bart Kooistra,Saint Joseph's,14,4,254,0,0,3,1,0
lindenwood:hubertharrison,"Hubert, Harrison",Lindenwood,16,10,253,0,0,3,3,0
usi:bolognonemichael,"Bolognone, Michael",USI,5,5,253,0,0,0,0,0
brown:geekyle,"Gee, Kyle",Brown,24,16,252,0,0,7,4,0
chicagostate:sheppardjaiye,"Sheppard, Jaiye",Chicago State,9,5,252,0,0,4,2,0
vermont:lockermannnick,"Lockermann, Nick",Vermont,10,6,251,0,0,3,1,0
monmouth:brunetian,"Brunet, Ian",Monmouth,13,12,251,0,0,0,0,0
southflorida:luandemichael,"Luande, Michael",South Florida,19,14,251,0,0,1,0,0
delaware:tayloralex,"Taylor, Alex",Delaware,16,13,251,0,0,0,0,0
missouristate:arcoverdepedro,"Arcoverde, Pedro",Missouri State,4,18,250,0,0,2,0,0
oregonstate:vidaloriol,"Vidal, Oriol",Oregon State,4,18,250,0,0,0,0,0
trine:coteryan,"Cote, Ryan",Trine,6,3,250,0,0,0,0,0
duquesne:emanueljack,"Emanuel, Jack",Duquesne,3,15,249,0,0,1,0,0
csubakersfield:camarashammai,"Camara, Shammai",CSU Bakersfield,3,6,249,0,0,0,0,0
pc:burdettebryce,"Burdette, Bryce",PC,17,3,249,0,0,2,2,0
centralconnecticutstate:bjorkmanbenjamin,"Bjorkman, Benjamin",Central Connecticut State,6,3,249,0,0,1,1,0
depaul:wattscallum,"Watts, Callum",DePaul,8,15,248,0,0,4,1,0
utahtech:andersonryan,"Anderson, Ryan",Utah Tech,31,7,248,0,0,0,0,0
utrgv:ericksoncade,"Erickson, Cade",UTRGV,8,9,247,0,0,3,2,0
mercer:reynadalton,"Reyna, Dalton",Mercer,24,16,246,0,0,2,1,0
floridagulfcoast:windschauerlucas,"Windschauer, Lucas",Florida Gulf Coast,3,3,245,0,0,0,0,0
californiabaptist:mendezalex,"Mendez, Alex",California Baptist,17,16,243,0,0,4,1,0
uncasheville:figueroaemilio,"Figueroa, Emilio",UNC Asheville,21,5,242,0,0,1,1,0
umasslowell:irelandliam,"Ireland, Liam",UMass Lowell,11,4,241,0,0,6,0,0
westernillinois:prestamarco,"Presta, Marco",Western Illinois,4,12,240,0,0,3,2,0
niagara:arghittupiecarlo,"Arghittu, Piecarlo",Niagara,13,8,240,0,0,2,0,0
presbyterian:jeanfreauryan,"Jeanfreau, Ryan",Presbyterian,27,12,239,0,0,3,2,0
loyola:schoutenben,"Schouten, Ben",Loyola,18,3,239,0,0,3,1,0
uncgreensboro:rouxdonovan,"Roux, Donovan",UNC Greensboro,7,10,238,0,0,6,2,0
uscupstate:loznevpetr,"Loznev, Petr",USC Upstate,14,13,238,0,0,3,0,0
georgetown:averymiles,"Avery, Miles",Georgetown,5,14,238,0,0,1,0,0
uic:martindarien,"Martin, Darien",UIC,26,8,235,0,0,1,1,0
houstonchristian:assefakidus,"Assefa, Kidus",Houston Christian,12,10,235,0,0,2,1,0
uscupstate:marinluke,"Marin, Luke",USC Upstate,28,16,235,0,0,4,3,0
santaclara:diaganasimon,"Diagana, Simon",Santa Clara,22,9,235,0,0,7,2,0
saintfrancisuniversity:wolfjonah,"Wolf, Jonah",Saint Francis University,6,3,235,0,0,1,0,0
templeuniversity:dandridgeharrison,"Dandridge, Harrison",Temple University,29,17,234,0,0,0,0,0
michiganstate:schuenemankyle,"Schueneman, Kyle",Michigan State,18,17,234,0,0,2,1,0
bryant:lawrencecamron,"Lawrence, Camron",Bryant,19,9,234,0,0,0,0,0
sandiegostate:prestodylan,"Presto, Dylan",San Diego State,15,10,232,0,0,3,0,0
westvirginia:jonkeweston,"Jonke, Weston",West Virginia,24,16,232,0,0,3,1,0
floridagulfcoast:sorianosebastian,"Soriano, Sebastian",Florida Gulf Coast,5,3,232,0,0,1,0,0
umasslowell:natsumekotaro,"Natsume, Kotaro",UMass Lowell,2,4,232,0,0,1,1,0
fordham:primaverapaolo,"Primavera, Paolo",Fordham,20,12,231,0,0,4,2,0
clevelandstate:rodittipaolo,"Roditti, Paolo",Cleveland State,22,10,231,0,0,0,0,0
ualbany:kumpparker,"Kump, Parker",UAlbany,30,5,231,0,0,0,0,4
iona:recinosantony,"Recinos, Antony",Iona,26,10,230,0,0,6,3,0
seattle:iidatai,"Iida, Tai",Seattle,15,16,230,0,0,3,0,0
rutgers:angelonethomas,"Angelone, Thomas",Rutgers,13,16,229,0,0,2,0,0
iuindy:figaroajustin,"Figaroa, Justin",IU Indy,11,7,229,0,0,2,1,0
loyolamarymount:maciasignacio,"Macias, Ignacio",Loyola Marymount,34,8,229,0,0,3,0,0
loyolamd:stephensonjahvar,"Stephenson, Jahvar",Loyola (MD),15,4,228,0,0,3,2,0
gonzaga:mckennagreenwaltdamoni,"McKenna-Greenwalt, Damoni",Gonzaga,4,4,228,0,0,2,1,0
georgiastate:acevedojosh,"Acevedo, Josh",Georgia State,18,14,227,0,0,1,0,0
loyolamd:memingerbrandon,"Meminger, Brandon",Loyola (MD),13,4,226,0,0,2,1,0
drexel:christielevi,"Christie, Levi",Drexel,6,15,226,0,0,1,1,0
duquesne:moralesmikey,"Morales, Mikey",Duquesne,30,10,226,0,0,3,2,0
newjerseyinstituteoftechnology:augoasembo,"Augo, Asembo",New Jersey Institute of Technology,24,3,226,0,0,4,2,0
iona:hessemichael,"Hesse, Michael",Iona,0,4,225,0,0,0,0,3
iona:romanjamie,"Roman, Jamie",Iona,24,4,225,0,0,1,0,0
pc:marinloan,"Marin, Loan",PC,1,3,225,0,0,0,0,0
sacramentostate:gimenezlucas,"Gimenez, Lucas",Sacramento State,25,10,225,0,0,0,0,0
easternillinois:toutanjikyce,"Toutanji, Kyce",Eastern Illinois,32,5,225,0,0,0,0,0
nu:voldthomas,"Vold, Thomas",NU,14,3,225,0,0,1,0,0
luc:blairquinten,"Blair, Quinten",LUC,28,3,225,0,0,1,0,0
iuindy:finnegandeclan,"Finnegan, Declan",IU Indy,35,3,225,0,0,0,0,0
dartmouthcollege:oppongowusuraphael,"Oppong Owusu, Raphael",Dartmouth College,20,16,224,0,0,1,1,0
niagarauniversity:paynekevin,"Payne, Kevin",Niagara University,23,4,224,0,0,2,0,0
rhodeisland:huhnholztim,"Huhnholz, Tim",Rhode Island,27,4,222,0,0,0,0,0
uconn:tupayalex,"Tupay, Alex",UConn,26,15,222,0,0,0,0,0
wisconsin:stefanssonomar,"Stefansson, Omar",Wisconsin,22,13,222,0,0,2,1,0
saintjosephs:oskarsteinicke,Oskar Steinicke,Saint Joseph's,13,5,222,0,0,2,2,0
duquesne:philibinchris,"Philibin, Chris",Duquesne,21,9,221,0,0,2,1,0
centralconnecticutstateuniversity:pinoncelymichel,"Pinoncely, Michel",Central Connecticut State University,1,3,221,0,0,0,0,0
trine:prathercamden,"Prather, Camden",Trine,5,3,221,0,0,0,0,0
lwu:johnsonisaac,"Johnson, Isaac",LWU,17,3,220,0,0,3,1,0
lehigh:cohatefernando,"Cohate, Fernando",Lehigh,5,14,220,0,0,0,0,0
easttennesseestate:deragonhubert,"Deragon, Hubert",East Tennessee State,3,4,219,0,0,0,0,0
stetson:barbosajavier,"Barbosa, Javier",Stetson,00,8,219,0,0,0,0,3
ucf:michaelisarne,"Michaelis, Arne",UCF,23,10,217,0,0,2,1,0
saintpeters:hallgrenjohn,"Hallgren, John",Saint Peter's,29,8,217,0,0,1,0,0
chicagostate:bermudezandres,"Bermudez, Andres",Chicago State,15,4,217,0,0,1,0,0
sacramentostate:castrencezach,"Castrence, Zach",Sacramento State,18,10,216,0,0,1,0,0
stonehillcollege:hineschris,"Hines, Chris",Stonehill College,21,8,216,0,0,1,0,0
american:obriencolin,"O'Brien, Colin",American,19,11,215,0,0,5,3,0
butler:yononick,"Yono, Nick",Butler,18,9,215,0,0,4,1,0
trine:aguilarjarick,"Aguilar, Jarick",Trine,20,3,215,0,0,1,0,0
seattle:wiskelnico,"Wiskel, Nico",Seattle,10,17,214,0,0,2,2,0
stthomas:bieleveldtoliver,"Bieleveldt, Oliver",St. Thomas,8,11,214,0,0,1,0,0
stthomas:slivakevin,"Sliva, Kevin",St. Thomas,29,11,214,0,0,0,0,0
stbonaventure:wittfragosoleonardo,"Witt Fragoso, Leonardo",St. Bonaventure,12,7,214,0,0,1,0,0
queens:chapmanjosh,"Chapman, Josh",Queens,5,6,214,0,0,0,0,0
presbyterian:jelicmihajlo,"Jelic, Mihajlo",Presbyterian,4,8,214,0,0,2,1,0
wakeforest:escribanocristian,"Escribano, Cristian",Wake Forest,19,18,213,0,0,6,2,0
utahvalley:sanchezdiego,"Sanchez, Diego",Utah Valley,7,13,213,0,0,6,2,0
holycross:teagleivor,"Teagle, Ivor",Holy Cross,11,12,213,0,0,9,3,0
loyolamaryland:schoutenben,"Schouten, Ben",Loyola Maryland,18,4,213,0,0,1,0,0
smu:deamonchris,"Deamon, Chris",SMU,24,10,212,0,0,3,2,0
american:gonzalezjavi,"Gonzalez, Javi",American,27,14,212,0,0,0,0,0
csun:fiadjoematthieu,"Fiadjoe, Matthieu",CSUN,13,13,212,0,0,2,1,0
dartmouthcollege:braynecameron,"Brayne, Cameron",Dartmouth College,21,15,212,0,0,1,1,0
columbiauniversity:bakerchad,"Baker, Chad",Columbia University,20,13,212,0,0,2,1,0
universityatalbany:vallancecaleb,"Vallance, Caleb",University at Albany,8,4,212,0,0,2,1,0
universityofsouthernindiana:morrisgarrett,"Morris, Garrett",University of Southern Indiana,22,6,212,0,0,1,0,0
newjerseyinstituteoftechnology:aguirrerosasjustin,"Aguirre-Rosas, Justin",New Jersey Institute of Technology,13,3,212,0,0,0,0,0
unlv:villasenorjimi,"Villasenor, Jimi",UNLV,13,13,211,0,0,1,0,0
umasslowell:costamatteo,"Costa, Matteo",UMass Lowell,22,4,211,0,0,1,0,0
mke:goodmanmitch,"Goodman, Mitch",MKE,25,3,211,0,0,0,0,0
army:cullumriley,"Cullum, Riley",Army,7,14,210,0,0,6,2,0
csun:garciadavid,"Garcia, David",CSUN,9,11,210,0,0,5,3,0
lasalle:osobaoluwatobi,"Osoba, Oluwatobi",La Salle,2,3,210,0,0,3,1,0
universityofmassachusettslowell:pirespatrick,"Pires, Patrick",University of Massachusetts Lowell,23,3,210,0,0,1,0,0
mke:kumakawadaiki,"Kumakawa, Daiki",MKE,13,3,209,0,0,2,2,0
villanova:johnsontommy,"Johnson, Tommy",Villanova,3,13,208,0,0,2,1,0
xavier:bernaldelagarza,"Bernal de la Garza,",Xavier,17,5,208,0,0,4,0,0
universityofmassachusettslowell:esnaolaiaki,"Esnaola, I?aki",University of Massachusetts Lowell,10,4,207,0,0,3,1,0
greenbay:denubaylor,"Denu, Baylor",Green Bay,18,5,206,0,0,0,0,0
gonzaga:rangelsebastian,"Rangel, Sebastian",Gonzaga,18,15,206,0,0,2,1,0
chicagostate:coralicarijan,"Coralic, Arijan",Chicago State,24,3,206,0,0,0,0,0
highpoint:niblockchris,"Niblock, Chris",High Point,14,13,205,0,0,1,1,0
lindenwood:warhaftbryce,"Warhaft, Bryce",Lindenwood,8,9,205,0,0,0,0,0
centralconnecticutstate:rautrevor,"Rau, Trevor",Central Connecticut State,3,3,205,0,0,1,1,0
greenbay:floresisiah,"Flores, Isiah",Green Bay,16,7,204,0,0,0,0,0
wisconsin:keeferyan,"Keefe, Ryan",Wisconsin,17,13,204,0,0,2,1,0
loyola:sweeneyjake,"Sweeney, Jake",Loyola,11,3,204,0,0,3,1,0
saintpeters:garveytiernan,"Garvey, Tiernan",Saint Peter's,15,4,203,0,0,1,0,0
incarnateword:torreshazani,"Torres, Hazani",Incarnate Word,26,7,203,0,0,1,0,0
ualbany:lucaspedro,"Lucas, Pedro",UAlbany,21,6,203,0,0,1,0,0
newjerseyinstituteoftechnology:massacesigiovanni,"Massacesi, Giovanni",New Jersey Institute of Technology,7,3,203,0,0,2,0,0
jacksonville:aanensenkarlsonnicolas,"Aanensen Karlson, Nicolas",Jacksonville,27,4,202,0,0,6,1,0
siue:gibbsryley,"Gibbs, Ryley",SIUE,21,10,202,0,0,2,0,0
universityofmassachusetts:purchaselayton,"Purchase, Layton",University of Massachusetts,27,3,202,0,0,3,2,0
loyolamarymount:galvinquinn,"Galvin, Quinn",Loyola Marymount,32,12,202,0,0,1,0,0
centralconnecticutstateuniversity:youdonghyeon,"You, Donghyeon",Central Connecticut State University,18,3,202,0,0,2,1,0
massachusetts:gigliochris,"Giglio, Chris",Massachusetts,23,5,202,0,0,0,0,0
calpoly:colleycnate,"Colley (C), Nate",Cal Poly,17,8,201,0,0,3,0,0
duquesne:sassonofek,"Sasson, Ofek",Duquesne,14,7,200,0,0,5,2,0
providence:tulgarthomas,"Tulgar, Thomas",Providence,12,21,200,0,0,5,1,0
floridagulfcoastuniversity:blaycooper,"Blay, Cooper",Florida Gulf Coast University,1,2,200,0,0,0,0,0
floridagulfcoastuniversity:windschauerlucas,"Windschauer, Lucas",Florida Gulf Coast University,3,2,200,0,0,0,0,0
floridagulfcoastuniversity:lopesvictor,"Lopes, Victor",Florida Gulf Coast University,11,2,200,0,0,4,1,0
unf:natoliluciano,"Natoli, Luciano",UNF,1,2,200,0,0,0,0,0
unf:barnettalex,"Barnett, Alex",UNF,4,2,200,0,0,1,0,0
memphis:conleybrody,"Conley, Brody",Memphis,29,17,199,0,0,5,2,0
davidsoncollege:hugheshampton,"Hughes, Hampton",Davidson College,2,17,199,0,0,3,0,0
howard:nyakrokwadwo,"Nyakro, Kwadwo",Howard,15,8,199,0,0,0,0,0
universityofmassachusettslowell:lakhlifiyanis,"Lakhlifi, Yanis",University of Massachusetts Lowell,9,5,199,0,0,7,3,0
southfla:adekunlejohn,"Adekunle, John",South Fla.,12,3,198,0,0,2,1,0
uic:huitronpreston,"Huitron, Preston",UIC,16,9,198,0,0,5,0,0
niagara:woodsrobert,"Woods, Robert",Niagara,12,7,198,0,0,2,0,0
penn:wagnerpierce,"Wagner, Pierce",Penn,19,13,198,0,0,1,1,0
memphis:magdasamuel,"Magda, Samuel",Memphis,3,15,197,0,0,0,0,0
bellarmine:jacobsethan,"Jacobs, Ethan",Bellarmine,30,8,197,0,0,2,2,0
loyolamaryland:wagnercurtis,"Wagner, Curtis",Loyola Maryland,26,5,197,0,0,0,0,0
northcarolina:lorentztate,"Lorentz, Tate",North Carolina,32,17,196,0,0,5,5,0
pittsburgh:veychekjoshua,"Veychek, Joshua",Pittsburgh,18,11,196,0,0,2,0,0
armywestpoint:davidyockjustin,"Davidyock, Justin",Army West Point,16,3,196,0,0,1,0,0
loyola:staffordcaden,"Stafford, Caden",Loyola,10,3,196,0,0,4,1,0
trine:repaalmyles,"Repaal, Myles",Trine,23,3,195,0,0,1,1,0
vcu:josephseni,"Joseph, Seni",VCU,18,8,194,0,0,1,0,0
ualbany:shullenburgerjordan,"Shullenburger, Jordan",UAlbany,14,6,194,0,0,1,1,0
etsu:delellismatias,"Delellis, Matias",ETSU,21,9,194,0,0,2,0,0
princeton:maciverian,"MacIver, Ian",Princeton,22,18,194,0,0,2,0,0
uri:mwambajoseph,"Mwamba, Joseph",URI,17,3,194,0,0,1,0,0
floridagulfcoastuniversity:alvarezbeltran,"Alvarez, Beltran",Florida Gulf Coast University,4,2,194,0,0,4,1,0
charlotte:stritterleo,"Stritter, Leo",Charlotte,1,2,193,0,0,0,0,6
armywestpoint:behrmannryan,"Behrmann, Ryan",Army West Point,18,3,193,0,0,3,0,0
purduefortwayne:miereliam,"Mier, Eliam",Purdue Fort Wayne,14,10,192,0,0,0,0,0
utahtech:heatonsawyer,"Heaton, Sawyer",Utah Tech,19,8,192,0,0,1,1,0
usi:garciaelmer,"Garcia, Elmer",USI,31,5,192,0,0,4,1,0
mke:berghauerryan,"Berghauer, Ryan",MKE,12,3,192,0,0,1,1,0
utrgv:shahabodienmohammed,"Shahabodien, Mohammed",UTRGV,7,8,192,0,0,0,0,0
duquesne:bravopepo,"Bravo, Pepo",Duquesne,26,11,192,0,0,3,1,0
bellarmine:iordantudor,"Iordan, Tudor",Bellarmine,1,5,191,0,0,0,0,0
floridagulfcoast:barforoshluke,"Barforosh, Luke",Florida Gulf Coast,2,3,191,0,0,3,2,0
njit:chomowevan,"Chomow, Evan",NJIT,32,4,191,0,0,0,0,0
queens:woodardcaleb,"Woodard, Caleb",Queens,15,4,191,0,0,1,0,0
northernillinois:arslanatahan,"Arslan, Atahan",Northern Illinois,1,6,190,0,0,0,0,0
georgetown:ulrichluca,"Ulrich, Luca",Georgetown,0,15,190,0,0,0,0,0
belmontuniversity:brownlashawn,"Brown, Lashawn",Belmont University,21,9,190,0,0,2,1,0
umass:vrhivan,"Vrh, Ivan",UMass,20,7,190,0,0,4,2,0
uri:namussisnaba,"Namussé, Isnaba",URI,5,3,190,0,0,1,0,0
floridagulfcoast:escobarjose,"Escobar, Jose",Florida Gulf Coast,21,3,189,0,0,2,0,0
trine:kleinvaughn,"Klein, Vaughn",Trine,28,3,189,0,0,0,0,0
ucsantabarbara:macknalu,"Mack, Nalu",UC Santa Barbara,13,10,188,0,0,1,0,0
calpoly:jimenezbenji,"Jimenez, Benji",Cal Poly,25,16,188,0,0,0,0,0
mercer:eldridgechad,"Eldridge, Chad",Mercer,4,16,188,0,0,4,0,0
bryant:veintimillajorge,"Veintimilla, Jorge",Bryant,16,4,188,0,0,1,0,0
uvm:simonnathan,"Siméon, Nathan",UVM,2,3,188,0,0,1,0,0
floridagulfcoastuniversity:yoshidashoki,"Yoshida, Shoki",Florida Gulf Coast University,7,2,188,0,0,7,2,0
uncwilmington:bawakwaku,"Bawa, Kwaku",UNC Wilmington,11,12,187,0,0,1,1,0
uvm:bultmanpieter,"Bultman, Pieter",UVM,25,3,187,0,0,1,0,0
easttennesseestate:sucklingryan,"Suckling, Ryan",East Tennessee State,4,4,186,0,0,1,0,0
davidsoncollege:wilkensgarrett,"Wilkens, Garrett",Davidson College,25,18,186,0,0,0,0,0
southcarolina:habelmika,"Habel, Mika",South Carolina,6,8,186,0,0,1,1,0
lasalle:chihamikey,"Chiha, Mikey",La Salle,7,3,186,0,0,0,0,0
sandiegostate:drorinir,"Drori, Nir",San Diego State,21,10,186,0,0,2,0,0
westernillinois:adradosfernando,"Adrados, Fernando",Western Illinois,5,7,186,0,0,0,0,0
denver:biggersdavid,"Biggers, David",Denver,7,17,185,0,0,1,0,0
clemson:cainwill,"Cain, Will",Clemson,28,8,185,0,0,4,1,0
etsu:cruzhenrique,"Cruz, Henrique",ETSU,15,4,185,0,0,1,1,0
furman:dunniganconnor,"Dunnigan, Connor",Furman,4,11,185,0,0,1,0,0
armywestpoint:minzeykasem,"Minzey, Kasem",Army West Point,2,3,185,0,0,0,0,0
saintfrancisuniversity:aschenbroichjoel,"Aschenbroich, Joel",Saint Francis University,27,3,185,0,0,0,0,0
northcarolina:lugodaniel,"Lugo, Daniel",North Carolina,17,16,184,0,0,10,4,0
uscupstate:herzogthomas,"Herzog, Thomas",USC Upstate,8,15,184,0,0,1,1,0
ucdavis:ngonethongian,"Ngonethong, Ian",UC Davis,4,12,184,0,0,3,2,0
vermont:simeonnathan,"Simeon, Nathan",Vermont,2,3,184,0,0,0,0,0
bradley:fowlkesarmari,"Fowlkes, Armari",Bradley,19,4,183,0,0,1,0,0
centralconnecticutstateuniversity:vallejojustin,"Vallejo, Justin",Central Connecticut State University,17,3,183,0,0,3,1,0
loyolamaryland:flynntyler,"Flynn, Tyler",Loyola Maryland,24,5,183,0,0,0,0,0
binghamton:meglioladt,"Megliola, DT",Binghamton,25,5,183,0,0,3,2,0
creighton:sloanlandon,"Sloan, Landon",Creighton,6,17,182,0,0,0,0,0
bucknell:mcleodmatt,"McLeod, Matt",Bucknell,5,17,182,0,0,3,2,0
niagara:kildeedoolanpaddy,"Kildee-Doolan, Paddy",Niagara,2,7,182,0,0,2,2,0
lemoynecollege:piccoloandrew,"Piccolo, Andrew",Le Moyne College,12,8,182,0,0,5,3,0
stbonaventure:merkesdalsven,"Merkesdal, Sven",St. Bonaventure,18,10,181,0,0,4,1,0
southflorida:jonesasher,"Jones, Asher",South Florida,18,14,181,0,0,3,0,0
usi:martindalebrock,"Martindale, Brock",USI,6,3,181,0,0,1,0,0
memphis:coxjustin,"Cox, Justin",Memphis,1,15,180,0,0,0,0,5
memphis:slimkarim,"Slim, Karim",Memphis,31,15,180,0,0,2,0,0
southfla:schferfelix,"Schäfer, Felix",South Fla.,30,2,180,0,0,0,0,12
southfla:hamiduissah,"Hamidu, Issah",South Fla.,4,3,180,0,0,2,2,0
southfla:studenhofftgunnar,"Studenhofft, Gunnar",South Fla.,9,3,180,0,0,2,0,0
saintfrancispa:mikulaty,"Mikula, Ty",Saint Francis (PA),5,2,180,0,0,0,0,0
saintfrancispa:aikenstorren,"Aikens, Torren",Saint Francis (PA),11,2,180,0,0,0,0,0
marquette:simpsoncameron,"Simpson, Cameron",Marquette,30,16,180,0,0,0,0,4
houstonchristian:santacruzjordan,"Santa Cruz, Jordan",Houston Christian,31,2,180,0,0,0,0,2
marist:thuekristiansenjoergen,"Thue Kristiansen, Joergen",Marist,12,2,180,0,0,0,0,0
sacredheart:marinelliluca,"Marinelli, Luca",Sacred Heart,0,7,180,0,0,0,0,9
saintmarys:sessionskolbyfish,"Sessions, Kolby Fish",Saint Mary's,0,11,180,0,0,0,0,11
wrightstate:normandeaualex,"Normandeau, Alex",Wright State,36,9,180,0,0,0,0,4
floridagulfcoast:wengoliver,"Weng, Oliver",Florida Gulf Coast,31,2,180,0,0,0,0,8
floridagulfcoast:alvarezbeltran,"Alvarez, Beltran",Florida Gulf Coast,4,3,180,0,0,3,2,0
omaha:stewartcole,"Stewart, Cole",Omaha,31,5,180,0,0,0,0,6
oakland:smithaiden,"Smith, Aiden",Oakland,30,4,180,0,0,0,0,2
bradley:growalex,"Grow, Alex",Bradley,1,4,180,0,0,0,0,5
universityofmassachusetts:brownalex,"Brown, Alex",University of Massachusetts,22,2,180,0,0,0,0,0
saintfrancis:beckerniclas,"Becker, Niclas",Saint Francis,1,5,180,0,0,0,0,5
fiu:correajuanpablo,"Correa, Juan Pablo",FIU,32,11,180,0,0,0,0,0
ualbany:tsuzukikodai,"Tsuzuki, Kodai",UAlbany,1,5,180,0,0,0,0,1
niagarauniversity:spinamatheus,"Spina, Matheus",Niagara University,10,3,180,0,0,1,0,0
brown:pfaffmanmax,"Pfaffman, Max",Brown,32,16,180,0,0,0,0,5
columbiauniversity:zamanianandreas,"Zamanian, Andreas",Columbia University,1,13,180,0,0,0,0,7
nu:hillemathias,"Hille, Mathias",NU,17,2,180,0,0,1,0,0
nu:learyethan,"Leary, Ethan",NU,20,2,180,0,0,1,1,0
nu:pradojaden,"Prado, Jaden",NU,6,3,180,0,0,1,1,0
nu:tepekade,"Tepe, Kade",NU,12,3,180,0,0,6,1,0
usi:rhodeswesley,"Rhodes, Wesley",USI,15,4,180,0,0,4,2,0
centralconnecticutstate:carriassam,"Carrias, Sam",Central Connecticut State,5,2,180,0,0,0,0,0
centralconnecticutstate:rockeaustin,"Rocke, Austin",Central Connecticut State,12,2,180,0,0,3,0,0
centralconnecticutstate:bowmanparker,"Bowman, Parker",Central Connecticut State,28,3,180,0,0,1,0,0
ju:sekaninachristian,"Sekanina, Christian",JU,1,2,180,0,0,0,0,0
ju:skinnermatthew,"Skinner, Matthew",JU,3,2,180,0,0,1,0,0
ju:dannerpaul,"Danner, Paul",JU,6,2,180,0,0,1,0,0
ue:baktobias,"Bak, Tobias",UE,24,2,180,0,0,1,0,0
ue:mrozmichal,"Mroz, Michal",UE,31,2,180,0,0,0,0,0
stbonaventure:choudhryben,"Choudhry, Ben",St. Bonaventure,0,4,180,0,0,0,0,0
universityatalbany:ehlinelias,"Ehlin, Elias",University at Albany,6,4,180,0,0,0,0,0
ccsu:bjorkmanbenjamin,"Bjorkman, Benjamin",CCSU,6,2,180,0,0,0,0,0
westmont:goodmanbarrett,"Goodman, Barrett",Westmont,28,2,180,0,0,0,0,0
uiw:bakerrochaine,"Baker, Rochaine",UIW,4,2,180,0,0,1,0,0
fordham:perelmanleo,"Perelman, Leo",Fordham,31,2,180,0,0,0,0,0
northernillinoisuniversity:vasicluka,"Vasic, Luka",Northern Illinois University,4,2,180,0,0,0,0,0
northernillinoisuniversity:paskusgrant,"Paskus, Grant",Northern Illinois University,13,2,180,0,0,1,1,0
northernillinoisuniversity:suddethben,"Suddeth, Ben",Northern Illinois University,24,2,180,0,0,0,0,0
radm:trichejackson,"Triche, Jackson",RADM,29,2,180,0,0,1,0,0
radm:eydelmanalex,"Eydelman, Alex",RADM,42,2,180,0,0,0,0,0
templeuniversity:haeufglocknerrocco,"Haeufglockner, Rocco",Temple University,11,6,180,0,0,1,0,0
luc:crawfordaidan,"Crawford, Aidan",LUC,0,2,180,0,0,0,0,0
nu:hegartycolby,"Hegarty, Colby",NU,1,2,180,0,0,0,0,0
virginiamilitaryinstitute:murphyzack,"Murphy, Zack",Virginia Military Institute,1,2,180,0,0,0,0,0
virginiamilitaryinstitute:mengesdrew,"Menges, Drew",Virginia Military Institute,2,2,180,0,0,0,0,0
uml:gaweljr,"Gawel, JR",UML,32,2,180,0,0,0,0,0
southernconnecticutstate:juandevin,"Juan, Devin",Southern Connecticut State,00,2,180,0,0,0,0,0
southernconnecticutstate:dacunhaalex,"da Cunha, Alex",Southern Connecticut State,4,2,180,0,0,3,0,0
newjerseyinstituteoftechnology:francogoncalo,"Franco, Goncalo",New Jersey Institute of Technology,8,2,180,0,0,2,1,0
bu:berrydrew,"Berry, Drew",BU,0,2,180,0,0,0,0,0
bu:dickersoncharlie,"Dickerson, Charlie",BU,4,2,180,0,0,2,0,0
bu:beaumanansahethan,"Beauman-Ansah, Ethan",BU,28,2,180,0,0,0,0,0
niu:arslanatahan,"Arslan, Atahan",NIU,1,2,180,0,0,0,0,0
niu:dahlintom,"Dahlin, Tom",NIU,3,2,180,0,0,0,0,0
niu:vasicluka,"Vasic, Luka",NIU,4,2,180,0,0,1,0,0
niu:wilsonethan,"Wilson, Ethan",NIU,5,2,180,0,0,0,0,0
saintfrancisuniversity:rigbymaximus,"Rigby, Maximus",Saint Francis University,8,2,180,0,0,1,1,0
armywestpoint:cooperkelly,"Cooper, Kelly",Army West Point,5,2,180,0,0,0,0,0
newjerseyinstituteoftechnology:moranmatt,"Moran, Matt",New Jersey Institute of Technology,3,2,180,0,0,0,0,0
siuedwardsville:gjelajrobert,"Gjelaj, Robert",SIU Edwardsville,1,2,180,0,0,0,0,0
siuedwardsville:gibsonwes,"Gibson, Wes",SIU Edwardsville,4,2,180,0,0,0,0,0
flaatlantic:frogsoncallum,"Frogson, Callum",Fla. Atlantic,4,2,180,0,0,0,0,0
flaatlantic:kininanick,"Kinina, Nick",Fla. Atlantic,6,2,180,0,0,0,0,0
flaatlantic:cancarjozo,"Cancar, Jozo",Fla. Atlantic,30,2,180,0,0,0,0,0
floridagulfcoast:lopesvictor,"Lopes, Victor",Florida Gulf Coast,11,2,180,0,0,0,0,0
floridaatlantic:ranierifrancisco,"Ranieri, Francisco",Florida Atlantic,1,2,180,0,0,0,0,1
floridaatlantic:cancarjozo,"Cancar, Jozo",Florida Atlantic,30,2,180,0,0,0,0,0
avl:farrarcharlie,"Farrar, Charlie",AVL,1,2,180,0,0,0,0,0
avl:yaobenian,"Yao, Benian",AVL,25,2,180,0,0,1,1,0
uvm:hercegniklas,"Herceg, Niklas",UVM,1,2,180,0,0,0,0,0
omaha:gravekampmaarten,"Gravekamp, Maarten",Omaha,21,8,179,0,0,2,1,0
dartmouthcollege:tziortzismarios,"Tziortzis, Marios",Dartmouth College,12,15,179,0,0,5,2,0
uiw:delatorrealejandro,"DeLaTorre, Alejandro",UIW,99,2,179,0,0,0,0,0
centralarkansas:fujishimayamato,"Fujishima, Yamato",Central Arkansas,27,13,178,0,0,6,4,0
usi:fryejaron,"Frye, Jaron",USI,10,3,178,0,0,2,1,0
harvard:dasnayan,"Das, Nayan",Harvard,23,7,177,0,0,1,1,0
detroitmercy:speensamuel,"Speen, Samuel",Detroit Mercy,14,5,177,0,0,0,0,0
detroitmercy:moodyryan,"Moody, Ryan",Detroit Mercy,16,5,177,0,0,0,0,0
sanjosestate:carrillolorenzojesus,"Carrillo-Lorenzo, Jesus",San Jose State,16,10,177,0,0,2,0,0
canisius:hernandezjason,"Hernandez, Jason",Canisius,12,6,176,0,0,1,0,0
lipscomb:walzpatrick,"Walz, Patrick",Lipscomb,19,13,176,0,0,1,0,0
saintjosephs:reffsgaardherman,"Reffsgaard, Herman",Saint Joseph's,22,4,176,0,0,1,0,0
northernillinoisuniversity:dahlintom,"Dahlin, Tom",Northern Illinois University,3,2,176,0,0,1,1,0
saintfrancisuniversity:wagnerfabian,"Wagner, Fabian",Saint Francis University,7,3,176,0,0,6,2,0
jacksonville:wilkinsdaniel,"Wilkins, Daniel",Jacksonville,13,6,175,0,0,0,0,0
georgewashington:labarcasantiago,"Labarca, Santiago",George Washington,17,15,175,0,0,1,1,0
csun:susiemanuele,"Susi, Emanuele",CSUN,12,11,175,0,0,1,0,0
merrimackcollege:spangberggustavs,"Spangberg, Gustavs",Merrimack College,23,6,175,0,0,2,1,0
columbiauniversity:kuttnerchristoph,"Kuttner, Christoph",Columbia University,9,11,175,0,0,1,0,0
universityatalbany:shullenburgerjordan,"Shullenburger, Jordan",University at Albany,14,4,175,0,0,0,0,0
calpoly:gordonewan,"Gordon, Ewan",Cal Poly,12,15,174,0,0,1,0,0
ualbany:alicedis,"Alic, Edis",UAlbany,17,6,174,0,0,0,0,0
loyolamaryland:memingerbrandon,"Meminger, Brandon",Loyola Maryland,13,4,174,0,0,2,1,0
usi:lainezlucas,"Lainez, Lucas",USI,13,5,174,0,0,2,0,0
princeton:watsonwilliam,"Watson, William",Princeton,0,17,174,0,0,0,0,2
etsu:gunjason,"Gun, Jason",ETSU,13,5,174,0,0,0,0,0
fordham:giannolajoseph,"Giannola, Joseph",Fordham,2,5,174,0,0,0,0,0
bryant:lalouxmatis,"Laloux, Matis",Bryant,37,5,173,0,0,4,0,0
merrimackcollege:vlachoszach,"Vlachos, Zach",Merrimack College,17,10,173,0,0,3,2,0
brown:walpolekeegan,"Walpole, Keegan",Brown,13,17,173,0,0,0,0,0
nu:matthewsmorris,"Matthews, Morris",NU,19,3,173,0,0,1,0,0
uab:bricecarson,"Brice, Carson",UAB,28,15,172,0,0,1,0,0
southfla:astorgamarco,"Astorga, Marco",South Fla.,14,3,172,0,0,4,2,0
detroitmercy:phillipsmateo,"Phillips, Mateo",Detroit Mercy,18,6,172,0,0,1,1,0
purduefortwayne:toledoluis,"Toledo, Luis",Purdue Fort Wayne,15,12,172,0,0,6,2,0
merrimackcollege:spangberggustav,"Spangberg, Gustav",Merrimack College,23,6,172,0,0,2,0,0
nu:kangethan,"Kang, Ethan",NU,8,3,172,0,0,1,0,0
ust:krencmoritz,"Krenc, Moritz",UST,1,2,172,0,0,0,0,0
centralconnecticutstate:sipplesmick,"Sipples, Mick",Central Connecticut State,24,3,172,0,0,0,0,0
bradley:poncejaime,"Ponce, Jaime",Bradley,14,3,172,0,0,1,0,0
uri:schwabbrett,"Schwab, Brett",URI,21,4,172,0,0,2,0,0
greenbay:manciutony,"Manciu, Tony",Green Bay,26,7,171,0,0,1,1,0
southernconnecticutstate:murzinskikasper,"Murzinski, Kasper",Southern Connecticut State,16,2,171,0,0,2,0,0
vcu:hayesdeniss,"Hayes, Deniss",VCU,23,9,170,0,0,1,1,0
csun:pinedaenrique,"Pineda, Enrique",CSUN,15,9,170,0,0,6,2,0
fairfield:drillenthomas,"Drillen, Thomas",Fairfield,19,4,170,0,0,2,1,0
princeton:swarysebastian,"Swary, Sebastian",Princeton,24,17,170,0,0,0,0,0
utahtech:martinezerwin,"Martinez, Erwin",Utah Tech,32,8,170,0,0,0,0,0
colgate:catesconnor,"Cates, Connor",Colgate,2,9,169,0,0,1,0,0
loyolamd:tuckertyler,"Tucker, Tyler",Loyola (MD),29,4,169,0,0,0,0,0
westernillinois:dedicarmin,"Dedic, Armin",Western Illinois,16,7,169,0,0,2,0,0
stonybrook:georgeabayomi,"George, Abayomi",Stony Brook,17,9,169,0,0,0,0,0
mountstmarys:kolarlebankris,"Kolar Leban, Kris",Mount St. Mary's,27,8,169,0,0,0,0,0
westmont:amarallandon,"Amaral, Landon",Westmont,15,2,169,0,0,0,0,0
virginiamilitaryinstitute:chaffeyelliot,"Chaffey, Elliot",Virginia Military Institute,32,2,169,0,0,4,3,0
bu:mejiaskevin,"Mejias, Kevin",BU,23,2,169,0,0,2,0,0
siuedwardsville:paulybobby,"Pauly, Bobby",SIU Edwardsville,15,2,169,0,0,0,0,0
avl:ragnarssonvidar,"Ragnarsson, Vidar",AVL,26,2,169,0,0,0,0,0
avl:edmondsonmyles,"Edmondson, Myles",AVL,33,2,169,0,0,1,1,0
charleston:emanueleezequiel,"Emanuele, Ezequiel",Charleston,14,11,168,0,0,5,1,0
bucknell:handzelnoah,"Handzel, Noah",Bucknell,13,17,168,0,0,0,0,0
elon:mackinnonnicholas,"Mackinnon, Nicholas",Elon,17,12,168,0,0,0,0,0
uiw:merrittmiles,"Merritt, Miles",UIW,24,2,168,0,0,0,0,0
uri:taylormathias,"Taylor, Mathias",URI,14,5,168,0,0,5,1,0
saintmarys:barriossebastian,"Barrios, Sebastian",Saint Mary's,37,13,167,0,0,2,0,0
floridagulfcoast:schorrleo,"Schorr, Leo",Florida Gulf Coast,13,3,167,0,0,3,1,0
yale:dammannjorik,"Dammann, Jorik",Yale,13,14,167,0,0,3,0,0
westmont:howatdonovan,"Howat, Donovan",Westmont,24,2,167,0,0,1,0,0
radm:lansingthijmen,"Lansing, Thijmen",RADM,3,2,167,0,0,0,0,0
uml:costamatteo,"Costa, Matteo",UML,22,2,167,0,0,2,0,0
easttennesseestate:wortonshewit,"Worton, Shewit",East Tennessee State,25,5,166,0,0,3,0,0
universityofmassachusetts:mocciobrad,"Moccio, Brad",University of Massachusetts,19,3,166,0,0,0,0,0
ust:buschgunnar,"Busch, Gunnar",UST,3,2,166,0,0,1,1,0
ue:tarletonbaraka,"Tarleton, Baraka",UE,13,2,166,0,0,1,0,0
uca:barosjosh,"Baros, Josh",UCA,6,3,166,0,0,0,0,0
charlotte:leechristian,"Lee, Christian",Charlotte,19,19,165,0,0,0,0,0
stjohns:pusztahegyimarkus,"Pusztahegyi, Markus",St. John's,4,18,165,0,0,7,2,0
ue:diazbarragannacho,"Diaz Barragan, Nacho",UE,20,2,165,0,0,4,1,0
luc:bischofben,"Bischof, Ben",LUC,8,3,165,0,0,4,2,0
lwu:kamdjinaristhid,"Kamdjin, Aristhid",LWU,2,3,165,0,0,0,0,0
southernconnecticutstate:aidoosolomon,"Aidoo, Solomon",Southern Connecticut State,28,2,165,0,0,0,0,0
templeuniversity:jacksonchase,"Jackson, Chase",Temple University,18,16,164,0,0,1,0,0
michiganstate:smidjared,"Smid, Jared",Michigan State,3,16,164,0,0,1,0,0
radford:amyxsam,"Amyx, Sam",Radford,32,14,164,0,0,2,0,0
fairfield:medeirosdylan,"Medeiros, Dylan",Fairfield,15,9,164,0,0,5,2,0
monmouth:mcconnochiearturo,"McConnochie, Arturo",Monmouth,17,7,164,0,0,3,1,0
ucriverside:ramirezdiego,"Ramirez, Diego",UC Riverside,25,12,164,0,0,2,1,0
bryant:camejoramon,"Camejo, Ramon",Bryant,1,3,164,0,0,0,0,0
floridagulfcoastuniversity:schorrleo,"Schorr, Leo",Florida Gulf Coast University,13,2,164,0,0,6,1,0
saintfrancispa:aschenbroichjoel,"Aschenbroich, Joel",Saint Francis (PA),27,2,163,0,0,0,0,0
ust:bencejohn,"Bence, John",UST,20,2,163,0,0,0,0,0
utrgv:nodasora,"Noda, Sora",UTRGV,16,7,163,0,0,1,1,0
rhodeisland:namusseisnaba,"Namusse, Isnaba",Rhode Island,5,3,163,0,0,1,0,0
sandiego:kubrakovvolodymyr,"Kubrakov, Volodymyr",San Diego,14,14,162,0,0,4,2,0
butler:popekai,"Pope, Kai",Butler,15,11,162,0,0,7,3,0
stonehillcollege:deberardinisandrew,"DeBerardinis, Andrew",Stonehill College,4,9,162,0,0,0,0,0
iuindianapolis:hornbrady,"Horn, Brady",IU Indianapolis,28,2,162,0,0,1,0,0
mke:jarvisbreon,"Jarvis, Breon",MKE,16,3,162,0,0,0,0,0
luc:firsdaniel,"Firs, Daniel",LUC,14,2,162,0,0,4,0,0
uml:nakajimashunnosuke,"Nakajima, Shunnosuke",UML,6,2,162,0,0,1,0,0
iona:romanjaime,"Roman, Jaime",Iona,24,2,162,0,0,1,0,0
southfla:platajulio,"Plata, Julio",South Fla.,6,3,161,0,0,4,2,0
universityofsouthernindiana:rusincraig,"Rusin, Craig",University of Southern Indiana,32,8,161,0,0,2,1,0
northernkentucky:lopesmorgan,"Lopes, Morgan",Northern Kentucky,30,4,161,0,0,0,0,0
kansascity:middletonbrice,"Middleton, Brice",Kansas City,28,20,161,0,0,6,0,0
lasalle:alvaradoiker,"Alvarado, Iker",La Salle,4,6,161,0,0,0,0,0
fdu:ghobrialjonathan,"Ghobrial, Jonathan",FDU,11,7,161,0,0,2,0,0
highpoint:gominajosh,"Gomina, Josh",High Point,3,9,160,0,0,1,0,0
creighton:ceneknick,"Cenek, Nick",Creighton,16,18,160,0,0,3,1,0
army:leejacob,"Lee, Jacob",Army,14,13,160,0,0,3,0,0
northeastern:cubeddufabrizio,"Cubeddu, Fabrizio",Northeastern,5,6,160,0,0,2,1,0
ust:pachecojorge,"Pacheco, Jorge",UST,24,2,160,0,0,0,0,0
bu:saraivajoao,"Saraiva, Joao",BU,10,2,160,0,0,0,0,0
drexel:jordheimjulian,"Jordheim, Julian",Drexel,4,14,159,0,0,2,1,0
uscupstate:conlingabe,"Conlin, Gabe",USC Upstate,23,13,159,0,0,1,0,0
stetson:velasquezyonis,"Velasquez, Yonis",Stetson,13,8,159,0,0,2,2,0
pennstate:danielsonvan,"Danielson, Van",Penn State,22,9,159,0,0,2,0,0
lwu:ambaekdavid,"Ambaek, David",LWU,4,2,159,0,0,0,0,0
easttennesseestate:nejienhusdave,"Nejienhus, Dave",East Tennessee State,2,2,158,0,0,0,0,0
liu:andbergfabian,"Andberg, Fabian",LIU,16,3,158,0,0,1,1,0
ucriverside:yohannesermias,"Yohannes, Ermias",UC Riverside,36,12,158,0,0,0,0,0
lafayette:bohncameron,"Bohn, Cameron",Lafayette,21,7,158,0,0,1,1,0
siuedwardsville:mcdonnellarchie,"McDonnell, Archie",SIU Edwardsville,5,2,158,0,0,0,0,0
canisius:aggreysydney,"Aggrey, Sydney",Canisius,18,9,157,0,0,1,0,0
newhampshire:stazenskijacob,"Stazenski, Jacob",New Hampshire,14,16,157,0,0,1,0,0
michigan:obilodubem,"Obilo, Dubem",Michigan,25,19,157,0,0,0,0,0
northeastern:wilbertandrew,"Wilbert, Andrew",Northeastern,36,6,157,0,0,0,0,0
ccsu:brownzane,"Brown, Zane",CCSU,7,2,157,0,0,0,0,0
northernillinoisuniversity:kellykevin,"Kelly, Kevin",Northern Illinois University,10,2,157,0,0,1,0,0
xavier:snaergudbjornssonaron,"Snaer Gudbjornsson, Aron",Xavier,4,12,156,0,0,2,1,0
american:sullivanchris,"Sullivan, Chris",American,25,7,156,0,0,7,1,0
maryland:blatteishudson,"Blatteis, Hudson",Maryland,1,18,156,0,0,0,0,4
georgiastate:beamjordan,"Beam, Jordan",Georgia State,17,10,156,0,0,0,0,0
usi:juanpablo,"Juan, Pablo",USI,8,4,156,0,0,1,1,0
bu:woolleydominic,"Woolley, Dominic",BU,5,2,156,0,0,4,0,0
flaatlantic:rabotenzo,"Rabot, Enzo",Fla. Atlantic,20,2,156,0,0,0,0,0
marquette:rokovgabriel,"Rokov, Gabriel",Marquette,12,16,155,0,0,0,0,0
wisconsin:smithwill,"Smith, Will",Wisconsin,23,14,155,0,0,2,1,0
saintlouis:torresaxel,"Torres, Axel",Saint Louis,26,9,155,0,0,3,2,0
saintpeters:alaviuhkolaoliver,"Alaviuhkola, Oliver",Saint Peter's,22,5,155,0,0,0,0,0
maryland:lejbowiczmikkel,"Lejbowicz, Mikkel",Maryland,10,19,155,0,0,1,0,0
michigan:woodethan,"Wood, Ethan",Michigan,20,18,155,0,0,0,0,4
universityofmassachusettslowell:ferreirajonathan,"Ferreira, Jonathan",University of Massachusetts Lowell,7,5,155,0,0,1,1,0
westernillinois:strattmandayton,"Strattman, Dayton",Western Illinois,7,9,155,0,0,0,0,0
westernillinois:jacusaugust,"Jacus, August",Western Illinois,30,9,155,0,0,0,0,0
columbiauniversity:kipnessryan,"Kipness, Ryan",Columbia University,11,13,155,0,0,2,1,0
centralconnecticutstate:youdonghyeon,"You, Donghyeon",Central Connecticut State,18,3,155,0,0,2,1,0
canisius:alansalejandro,"Alanís, Alejandro",Canisius,1,3,154,0,0,0,0,0
siue:francobrian,"Franco, Brian",SIUE,23,10,154,0,0,0,0,0
csun:fatohouboniface,"Fatohou, Boniface",CSUN,22,14,154,0,0,6,2,0
ccsu:youdonghyeon,"You, Donghyeon",CCSU,18,2,154,0,0,0,0,0
westmont:olivoortizleonel,"Olivo Ortiz, Leonel",Westmont,13,2,154,0,0,8,4,0
easttennesseestate:hendriksulysses,"Hendriks, Ulysses",East Tennessee State,5,5,153,0,0,0,0,0
robertmorris:hainconnor,"Hain, Connor",Robert Morris,3,6,153,0,0,0,0,0
universityofmassachusettslowell:delfinosantiago,"Delfino, Santiago",University of Massachusetts Lowell,4,5,153,0,0,1,0,0
umasslowell:pirespatrick,"Pires, Patrick",UMass Lowell,23,4,153,0,0,0,0,0
bu:koulaidj,"Koulai, DJ",BU,13,2,153,0,0,3,2,0
uvm:lockermannnick,"Lockermann, Nick",UVM,10,2,153,0,0,1,0,0
villanova:saundersbalthi,"Saunders, Balthi",Villanova,9,11,152,0,0,5,1,0
xavier:nicolemeric,"Nicol, Emeric",Xavier,15,17,152,0,0,3,1,0
drake:jahsaiheed,"Jah, Saiheed",Drake,23,12,152,0,0,2,2,0
bryant:palluisfernando,"Paúl, Luis Fernando",Bryant,11,8,152,0,0,4,2,0
fgcu:danadylan,"Dana, Dylan",FGCU,19,9,152,0,0,3,0,0
ccsu:rabassagiullamonarnau,"Rabassa Giullamon, Arnau",CCSU,9,2,152,0,0,4,0,0
southernconnecticutstate:clementejose,"Clemente, Jose",Southern Connecticut State,9,2,152,0,0,2,0,0
newjerseyinstituteoftechnology:panznerguy,"Panzner, Guy",New Jersey Institute of Technology,22,2,152,0,0,1,0,0
uncasheville:steeljack,"Steel, Jack",UNC Asheville,8,11,151,0,0,2,0,0
westernmichigan:kleinjordan,"Klein, Jordan",Western Michigan,8,12,151,0,0,2,2,0
loyolamaryland:raineyjuston,"Rainey, Juston",Loyola Maryland,27,4,151,0,0,5,3,0
virginiamilitaryinstitute:mooneycole,"Mooney, Cole",Virginia Military Institute,8,2,151,0,0,8,3,0
universityatalbany:friassantiago,"Frias, Santiago",University at Albany,5,3,151,0,0,1,0,0
unf:amanciopedro,"Amancio, Pedro",UNF,6,2,151,0,0,2,0,0
unlv:lopezalosclaudio,"Lopez Alos, Claudio",UNLV,19,8,150,0,0,3,0,0
pc:alleneric,"Allen, Eric",PC,2,3,150,0,0,0,0,0
lwu:boassomatteo,"Boasso, Matteo",LWU,7,3,150,0,0,4,1,0
princeton:duncanstephen,"Duncan, Stephen",Princeton,25,16,150,0,0,0,0,0
umasslowell:francespoquetguillermo,"Frances Poquet, Guillermo",UMass Lowell,8,3,150,0,0,1,0,0
uiw:navarijodylan,"Navarijo, Dylan",UIW,17,2,150,0,0,0,0,0
uml:aokirui,"Aoki, Rui",UML,3,2,150,0,0,1,1,0
trine:kearnsluke,"Kearns, Luke",Trine,22,3,150,0,0,1,1,0
siuedwardsville:zomenocarles,"Zomeno, Carles",SIU Edwardsville,6,2,150,0,0,5,3,0
rutgers:avileslenny,"Aviles, Lenny",Rutgers,12,15,149,0,0,1,0,0
coastalcarolina:ottmathi,"Ott, Mathi",Coastal Carolina,2,16,149,0,0,4,1,0
queens:perezdavid,"Perez, David",Queens,6,5,149,0,0,0,0,0
ust:colicfaris,"Colic, Faris",UST,7,2,149,0,0,3,0,0
presbyterian:spencejourdan,"Spence, Jourdan",Presbyterian,11,8,149,0,0,3,0,0
westmont:highfillbrady,"Highfill, Brady",Westmont,99,2,149,0,0,0,0,1
virginiamilitaryinstitute:blandfordcolin,"Blandford, Colin",Virginia Military Institute,5,2,149,0,0,1,1,0
purduefortwayne:rodriguezangel,"Rodriguez, Angel",Purdue Fort Wayne,16,12,148,0,0,4,1,0
wofford:rahbekkalle,"Rahbek, Kalle",Wofford,12,2,148,0,0,1,0,0
pittsburgh:gamboagonzalezdaniel,"Gamboa Gonzalez, Daniel",Pittsburgh,4,11,148,0,0,1,0,0
virginiamilitaryinstitute:dovgalyuktimofey,"Dovgalyuk, Timofey",Virginia Military Institute,21,2,148,0,0,4,0,0
trine:orlandisalvatore,"Orlandi, Salvatore",Trine,15,3,148,0,0,1,0,0
binghamton:lopesmael,"Lopes, Mael",Binghamton,9,4,148,0,0,2,0,0
floridagulfcoastuniversity:sorianosebastian,"Soriano, Sebastian",Florida Gulf Coast University,5,2,148,0,0,0,0,0
incarnateword:zunigaluis,"Zuniga, Luis",Incarnate Word,8,8,147,0,0,1,0,0
holycross:salvinobrian,"Salvino, Brian",Holy Cross,27,13,147,0,0,5,1,0
saintpeters:rodriguezgabe,"Rodriguez, Gabe",Saint Peter's,21,10,147,0,0,1,1,0
saintfrancis:isrealandre,"Isreal, Andre",Saint Francis,17,6,147,0,0,0,0,0
winthrop:jamesjacob,"James, Jacob",Winthrop,12,11,147,0,0,1,1,0
umasslowell:dasilvacristiano,"Da Silva, Cristiano",UMass Lowell,20,3,147,0,0,1,0,0
southernconnecticutstate:rosejacob,"Rose, Jacob",Southern Connecticut State,15,2,147,0,0,1,0,0
newjerseyinstituteoftechnology:krongoldjack,"Krongold, Jack",New Jersey Institute of Technology,17,3,147,0,0,1,0,0
newjerseyinstituteoftechnology:herediaalvaro,"Heredia, Alvaro",New Jersey Institute of Technology,10,3,147,0,0,1,1,0
georgewashington:savillelouis,"Saville, Louis",George Washington,11,15,146,0,0,1,0,0
liberty:gardnergrayson,"Gardner, Grayson",Liberty,16,15,146,0,0,0,0,0
stetson:russseth,"Russ, Seth",Stetson,3,11,146,0,0,1,0,0
nu:brownfraser,"Brown, Fraser",NU,21,3,146,0,0,3,0,0
loyolamd:smitheddie,"Smith, Eddie",Loyola (Md.),16,3,146,0,0,0,0,0
calstatebakersfield:wangusijesse,"Wangusi, Jesse",Cal State Bakersfield,10,5,146,0,0,5,1,0
uic:nedicluka,"Nedic, Luka",UIC,6,10,145,0,0,3,1,0
indiana:bogardeaston,"Bogard, Easton",Indiana,14,18,145,0,0,2,0,0
pc:hutchinsondamorney,"Hutchinson, Damorney",PC,9,2,145,0,0,9,3,0
uml:fernandezmauro,"Fernandez, Mauro",UML,14,2,145,0,0,0,0,0
binghamton:moecalvin,"Moe, Calvin",Binghamton,11,6,145,0,0,0,0,0
ucirvine:ferreirabraden,"Ferreira, Braden",UC Irvine,17,16,144,0,0,1,0,6
winthrop:harriskalani,"Harris, Kalani",Winthrop,2,10,144,0,0,1,0,0
uiw:rioserick,"Rios, Erick",UIW,16,2,144,0,0,1,0,0
uri:yurkovicnate,"Yurkovic, Nate",URI,28,4,144,0,0,0,0,0
newjerseyinstituteoftechnology:martinezcubelsergio,"Martinez Cubel, Sergio",New Jersey Institute of Technology,11,3,144,0,0,1,0,0
bu:nicastroalex,"Nicastro, Alex",BU,2,2,144,0,0,0,0,0
floridagulfcoastuniversity:escobarjose,"Escobar, Jose",Florida Gulf Coast University,21,2,144,0,0,0,0,0
airforce:akinolaseni,"Akinola, Seni",Air Force,18,16,143,0,0,1,0,0
njit:daoudkhaled,"Daoud, Khaled",NJIT,26,9,143,0,0,2,2,0
coastalcarolina:paganoantonino,"Pagano, Antonino",Coastal Carolina,17,15,143,0,0,3,0,0
charleston:watsonjames,"Watson, James",Charleston,25,15,143,0,0,1,0,0
milwaukee:sainstu,"Sain, Stu",Milwaukee,8,6,143,0,0,0,0,0
fiu:gastaldyjulien,"Gastaldy, Julien",FIU,22,13,143,0,0,3,1,0
setonhall:pascarellaralph,"Pascarella, Ralph",Seton Hall,23,16,143,0,0,1,1,0
loyolamd:powderseth,"Powder, Seth",Loyola (MD),25,4,142,0,0,3,2,0
bellarmine:griffisben,"Griffis, Ben",Bellarmine,10,8,142,0,0,5,1,0
sacramentostate:willcotrobert,"Willcot, Robert",Sacramento State,7,8,142,0,0,1,0,0
lwu:caldwellcameron,"Caldwell, Cameron",LWU,4,3,142,0,0,0,0,0
saintlouis:sullivanjack,"Sullivan, Jack",Saint Louis,10,9,142,0,0,3,0,0
siuedwardsville:schaereryasha,"Schaerer, Yasha",SIU Edwardsville,8,2,142,0,0,6,2,0
virginia:alemignacio,"Alem, Ignacio",Virginia,20,10,141,0,0,2,1,0
rideruniversity:gregoryethan,"Gregory, Ethan",Rider University,15,8,141,0,0,1,1,0
drexel:shaeferethan,"Shaefer, Ethan",Drexel,28,3,141,0,0,5,4,0
uvm:millarandrew,"Millar, Andrew",UVM,7,4,141,0,0,2,0,0
uiw:ospinatimothy,"Ospina, Timothy",UIW,21,2,141,0,0,1,0,0
luc:tejumolakamran,"Tejumola, Kamran",LUC,2,3,141,0,0,2,1,0
lafayette:cohenconor,"Cohen, Conor",Lafayette,14,5,141,0,0,1,0,0
utahtech:coystetson,"Coy, Stetson",Utah Tech,35,4,140,0,0,2,1,0
lwu:connollyquinn,"Connolly, Quinn",LWU,34,2,140,0,0,0,0,0
centralconnecticutstateuniversity:yamadataichi,"Yamada, Taichi",Central Connecticut State University,23,4,140,0,0,2,0,0
nu:sciarratomas,"Sciarra, Tomas",NU,4,3,140,0,0,4,1,0
fordham:dolcealex,"Dolce, Alex",Fordham,32,3,140,0,0,0,0,0
lindenwood:smithparker,"Smith, Parker",Lindenwood,13,7,139,0,0,5,2,0
elon:kargonoahsonne,"Kargo, Noah Sonne",Elon,19,12,139,0,0,1,0,0
mountstmarys:decoteauantoine,"DeCoteau, Antoine",Mount St. Mary's,5,3,139,0,0,0,0,0
jacksonville:holtantobias,"Holtan, Tobias",Jacksonville,20,5,138,0,0,2,0,0
virginia:yriondocameron,"Yriondo, Cameron",Virginia,27,13,138,0,0,3,0,0
oakland:hamoudmohammad,"Hamoud, Mohammad",Oakland,17,8,138,0,0,1,1,0
usi:vounggabe,"Voung, Gabe",USI,28,4,138,0,0,3,2,0
unf:graniturluc,"Granitur, Luc",UNF,11,3,138,0,0,0,0,0
trine:aljablymohamed,"Aljably, Mohamed",Trine,21,3,138,0,0,0,0,0
louisville:hollensteinluca,"Hollenstein, Luca",Louisville,4,15,137,0,0,1,0,0
easttennesseestate:choijimmy,"Choi, Jimmy",East Tennessee State,17,5,137,0,0,4,0,0
universityofmassachusetts:stenzelkyle,"Stenzel, Kyle",University of Massachusetts,14,2,137,0,0,0,0,0
bucknell:sorensencharlie,"Sorensen, Charlie",Bucknell,14,16,137,0,0,2,2,0
uvm:schulzesolanoadrian,"Schulze Solano, Adrian",UVM,5,2,137,0,0,2,2,0
depaul:saldanajulian,"Saldana, Julian",DePaul,6,16,136,0,0,1,0,0
villanova:zulmanjasper,"Zulman, Jasper",Villanova,12,12,136,0,0,0,0,0
wisconsin:bramanadam,"Braman, Adam",Wisconsin,30,12,136,0,0,0,0,6
marist:gjokajsam,"Gjokaj, Sam",Marist,17,8,136,0,0,2,2,0
grandcanyon:motahendrix,"Mota, Hendrix",Grand Canyon,16,11,136,0,0,3,1,0
saintfrancis:ndrenikajoni,"Ndrenika, Joni",Saint Francis,21,4,136,0,0,0,0,0
army:mejiaowen,"Mejia, Owen",Army,13,11,135,0,0,0,0,0
saintpeters:gonzalezjeremy,"Gonzalez, Jeremy",Saint Peter's,14,8,135,0,0,0,0,0
saintmarys:landrethjack,"Landreth, Jack",Saint Mary's,1,10,135,0,0,0,0,4
radford:conwaydevin,"Conway, Devin",Radford,35,12,135,0,0,1,1,0
centralconnecticutstateuniversity:sipplesmick,"Sipples, Mick",Central Connecticut State University,24,2,135,0,0,0,0,0
vmi:rutkauskasarnold,"Rutkauskas, Arnold",VMI,23,5,135,0,0,0,0,0
vmi:sennaadam,"Senna, Adam",VMI,25,5,135,0,0,2,0,0
iuindianapolis:taylormason,"Taylor, Mason",IU Indianapolis,31,2,135,0,0,0,0,6
ust:voitlvitus,"Voitl, Vitus",UST,4,2,135,0,0,0,0,0
mke:toolanmatthew,"Toolan, Matthew",MKE,5,2,135,0,0,1,0,0
centralconnecticutstate:rabassagiullamonarnau,"Rabassa Giullamon, Arnau",Central Connecticut State,9,2,135,0,0,7,0,0
ju:davidssonkasper,"Davidsson, Kasper",JU,4,2,135,0,0,0,0,0
ju:schweickertevan,"Schweickert, Evan",JU,8,2,135,0,0,1,0,0
universityatalbany:shannondaniel,"Shannon, Daniel",University at Albany,0,2,135,0,0,0,0,0
ccsu:rautrevor,"Rau, Trevor",CCSU,3,2,135,0,0,0,0,0
radm:maldonadojan,"Maldonado, Jan",RADM,6,2,135,0,0,3,1,0
luc:hanssonnoel,"Hansson, Noel",LUC,18,2,135,0,0,1,1,0
uml:natsumekotaro,"Natsume, Kotaro",UML,2,2,135,0,0,0,0,0
westernillinois:adradoscastrofernando,"Adrados Castro, Fernando",Western Illinois,5,2,135,0,0,0,0,0
trine:mcgonagleaidan,"McGonagle, Aidan",Trine,1,3,135,0,0,0,0,8
armywestpoint:likewisekeanu,"Likewise, Keanu",Army West Point,34,2,135,0,0,0,0,5
floridagulfcoastuniversity:dreyalon,"Drey, Alon",Florida Gulf Coast University,14,2,135,0,0,2,1,0
universityatalbany:kumpparker,"Kump, Parker",University at Albany,30,2,135,0,0,0,0,0
unlv:andersonjames,"Anderson, James",UNLV,0,5,134,0,0,0,0,0
iuindy:hollandspencer,"Holland, Spencer",IU Indy,16,6,134,0,0,4,1,0
armywestpoint:camargoblair,"Camargo, Blair",Army West Point,00,2,134,0,0,0,0,2
uiw:armendarizpeleg,"Armendariz, Peleg",UIW,10,2,134,0,0,3,3,0
trine:lambertdillon,"Lambert, Dillon",Trine,0,3,134,0,0,0,0,9
iona:lavistagino,"Lavista, GIno",Iona,25,3,133,0,0,2,0,0
loyolamd:flynntyler,"Flynn, Tyler",Loyola (MD),24,4,133,0,0,1,0,0
williammary:kochellalex,"Kochell, Alex",William & Mary,4,9,133,0,0,1,0,0
massachusetts:mocciobrad,"Moccio, Brad",Massachusetts,19,4,133,0,0,0,0,0
detroitmercy:iaquaniellojoey,"Iaquaniello, Joey",Detroit Mercy,19,6,133,0,0,0,0,0
armywestpoint:ennisowen,"Ennis, Owen",Army West Point,3,2,133,0,0,0,0,0
seattle:toyayuta,"Toya, Yuta",Seattle,12,12,132,0,0,2,0,0
unlv:lebeufthomas,"Lebeuf, Thomas",UNLV,3,7,132,0,0,2,1,0
universityofsouthernindiana:younggabe,"Young, Gabe",University of Southern Indiana,28,2,132,0,0,0,0,0
marquette:alvaradodiegoarmando,"Alvarado, Diegoarmando",Marquette,3,17,132,0,0,1,1,0
sacredheart:radshahan,"Rad, Shahan",Sacred Heart,16,11,132,0,0,0,0,0
ust:gineralejandro,"Giner, Alejandro",UST,10,2,132,0,0,4,1,0
ue:garcianacho,"Garcia, Nacho",UE,2,2,132,0,0,1,1,0
saintjosephs:bratrokvegard,"Bratrok, Vegard",Saint Joseph's,23,5,132,0,0,0,0,0
radm:mcclellandonovan,"McClellan, Donovan",RADM,23,2,132,0,0,2,1,0
virginiamilitaryinstitute:ohwoongchan,"Oh, Woongchan",Virginia Military Institute,11,2,132,0,0,1,0,0
bu:pettinarolifrancesco,"Pettinaroli, Francesco",BU,22,2,132,0,0,1,1,0
bellarmine:morgancade,"Morgan, Cade",Bellarmine,2,9,131,0,0,5,4,0
portland:hatchermichael,"Hatcher, Michael",Portland,20,12,131,0,0,4,2,0
oakland:alrashedabdulrahman,"Al-Rashed, Abdulrahman",Oakland,22,3,131,0,0,1,0,0
lwu:philippouchristos,"Philippou, Christos",LWU,20,3,131,0,0,0,0,0
loyolamaryland:tuckertyler,"Tucker, Tyler",Loyola Maryland,29,5,131,0,0,0,0,0
centralconnecticutstate:vallejojustin,"Vallejo, Justin",Central Connecticut State,17,3,131,0,0,1,0,0
armywestpoint:lusskineric,"Lusskin, Eric",Army West Point,4,3,131,0,0,0,0,0
umass:biancojoey,"Bianco, Joey",UMass,13,6,131,0,0,0,0,0
calstatebakersfield:mileycurtis,"Miley, Curtis",Cal State Bakersfield,19,7,131,0,0,1,1,0
saintjosephs:mcconneryjake,"McConnery, Jake",Saint Joseph's,5,6,130,0,0,0,0,0
holycross:sneadjeb,"Snead, Jeb",Holy Cross,20,9,130,0,0,0,0,0
umasslowell:delfinosantiago,"Delfino, Santiago",UMass Lowell,4,4,130,0,0,2,0,0
radm:senstflorian,"Senst, Florian",RADM,7,2,130,0,0,3,1,0
virginiamilitaryinstitute:reidconner,"Reid, Conner",Virginia Military Institute,4,2,130,0,0,1,1,0
flaatlantic:mollerjensenoliver,"Moller-Jensen, Oliver",Fla. Atlantic,7,2,130,0,0,4,2,0
olddominion:malcolmdawson,"Malcolm, Dawson",Old Dominion,5,8,129,0,0,1,0,0
ualbany:shannondaniel,"Shannon, Daniel",UAlbany,0,4,129,0,0,0,0,8
ju:fernandezjulian,"Fernandez, Julian",JU,17,2,129,0,0,2,0,0
universityatalbany:alicedis,"Alic, Edis",University at Albany,17,2,129,0,0,0,0,0
northernillinoisuniversity:hernandezjoe,"Hernandez, Joe",Northern Illinois University,22,2,129,0,0,0,0,0
jacksonville:izujoshua,"Izu, Joshua",Jacksonville,19,6,128,0,0,0,0,0
drexel:wojtalikmateusz,"Wojtalik, Mateusz",Drexel,2,16,128,0,0,0,0,0
floridagulfcoast:brimeuxpablo,"Brimeux, Pablo",Florida Gulf Coast,9,2,128,0,0,3,2,0
uiw:ansahwilliam,"Ansah, William",UIW,2,2,128,0,0,0,0,0
virginiamilitaryinstitute:huanganthony,"Huang, Anthony",Virginia Military Institute,15,2,128,0,0,2,2,0
california:bowersjack,"Bowers, Jack",California,6,18,127,0,0,0,0,0
liu:fridmanjack,"Fridman, Jack",LIU,15,9,127,0,0,2,0,0
indiana:jeffusluke,"Jeffus, Luke",Indiana,24,20,127,0,0,0,0,0
southernconnecticutstate:groenveldzico,"Groenveld, Zico",Southern Connecticut State,19,2,127,0,0,0,0,0
providence:loperasteban,"Lopera, Steban",Providence,32,15,126,0,0,3,1,0
marquette:mclaughlinmatt,"Mclaughlin, Matt",Marquette,13,16,125,0,0,1,0,0
northwestern:trandanh,"Tran, Danh",Northwestern,29,10,125,0,0,0,0,0
calstatefullerton:aubourcesar,"Aubour, Cesar",Cal State Fullerton,18,8,125,0,0,1,0,0
utahvalley:kovalciknathan,"Kovalcik, Nathan",Utah Valley,4,4,125,0,0,1,0,0
floridagulfcoast:hammondjahvanie,"Hammond, Jahvanie",Florida Gulf Coast,20,3,125,0,0,0,0,0
georgetown:brownjack,"Brown, Jack",Georgetown,16,15,125,0,0,5,2,0
howard:gainesrameses,"Gaines, Rameses",Howard,18,5,125,0,0,0,0,0
loyolamaryland:powderseth,"Powder, Seth",Loyola Maryland,25,4,125,0,0,1,1,0
ccsu:starkerwill,"Starker, Will",CCSU,13,2,125,0,0,0,0,0
presbyterian:rambertjavien,"Rambert, Javien",Presbyterian,23,5,125,0,0,0,0,0
mercyhurst:strubephilipp,"Strube, Philipp",Mercyhurst,18,4,125,0,0,0,0,0
southfla:gutierrezmauro,"Gutierrez, Mauro",South Fla.,15,3,124,0,0,0,0,0
davidsoncollege:vincentthomas,"Vincent, Thomas",Davidson College,7,17,124,0,0,0,0,0
indiana:lindimorejack,"Lindimore, Jack",Indiana,6,18,124,0,0,1,0,0
nu:polinskygriffin,"Polinsky, Griffin",NU,24,3,124,0,0,0,0,0
ue:varelajon,"Varela, Jon",UE,6,2,124,0,0,1,0,0
universityatalbany:horvatlovro,"Horvat, Lovro",University at Albany,26,3,124,0,0,1,0,0
ccsu:rockeaustin,"Rocke, Austin",CCSU,12,2,124,0,0,1,0,0
northernillinoisuniversity:thomaszachariah,"Thomas, Zachariah",Northern Illinois University,7,2,124,0,0,2,0,0
southernconnecticutstate:jeanjalen,"Jean, Jalen",Southern Connecticut State,11,2,124,0,0,2,0,0
uca:brunetcharlesemile,"Brunet, Charles-Emile",UCA,14,2,124,0,0,5,1,0
georgiastate:blantondavid,"Blanton, David",Georgia State,15,11,123,0,0,1,1,0
brown:tabijegavin,"Tabije, Gavin",Brown,17,17,123,0,0,1,0,0
westmont:anderholtcash,"Anderholt, Cash",Westmont,4,2,123,0,0,1,0,0
virginiamilitaryinstitute:royaralexei,"Royar, Alexei",Virginia Military Institute,17,2,123,0,0,0,0,0
southernconnecticutstate:dumontjayson,"Dumont, Jayson",Southern Connecticut State,21,2,123,0,0,0,0,0
bu:poncejaime,"Ponce, Jaime",BU,14,2,123,0,0,0,0,0
ncstate:clealjarvis,"Cleal, Jarvis",NC State,7,20,122,0,0,2,0,0
virginiatech:schroederevan,"Schroeder, Evan",Virginia Tech,4,11,122,0,0,0,0,0
maryland:micheljameson,"Michel, Jameson",Maryland,15,19,122,0,0,3,2,0
lasalle:lawrencealex,"Lawrence, Alex",La Salle,34,8,122,0,0,1,1,0
iuindy:kummrownoah,"Kummrow, Noah",IU Indy,5,4,122,0,0,2,1,0
drake:escobarbowiezacarias,"Escobar-Bowie, Zacarias",Drake,27,8,122,0,0,1,1,0
radford:usherriley,"Usher, Riley",Radford,12,13,122,0,0,0,0,0
belmontuniversity:stantondru,"Stanton, Dru",Belmont University,29,7,122,0,0,0,0,0
nu:francoethan,"Franco, Ethan",NU,15,3,122,0,0,3,2,0
fairfield:brierekyle,"Briere, Kyle",Fairfield,0,3,122,0,0,0,0,2
cornell:hovannate,"Hovan, Nate",Cornell,5,10,122,0,0,2,0,0
centralconnecticutstateuniversity:frackjared,"Frack, Jared",Central Connecticut State University,10,2,122,0,0,1,0,0
tulsa:aguilarjared,"Aguilar, Jared",Tulsa,6,14,121,0,0,1,1,0
uic:bekovicluka,"Bekovic, Luka",UIC,5,6,121,0,0,1,0,0
ju:mchughorion,"McHugh, Orion",JU,16,2,121,0,0,0,0,0
ccsu:bowmanparker,"Bowman, Parker",CCSU,28,2,121,0,0,3,0,0
bradley:fowlkesamari,"Fowlkes, Amari",Bradley,19,3,121,0,0,1,1,0
newjerseyinstituteoftechnology:magozamit,"Magoz, Amit",New Jersey Institute of Technology,25,2,121,0,0,0,0,0
denver:francoisaj,"Francois, AJ",Denver,22,17,120,0,0,4,3,0
akron:buebendorfjames,"Buebendorf, James",Akron,11,21,120,0,0,2,0,0
radford:choitamin,"Choi, Tamin",Radford,10,12,120,0,0,0,0,0
niagara:cardonajuan,"Cardona, Juan",Niagara,28,3,120,0,0,1,0,0
columbiauniversity:newmanbrandon,"Newman, Brandon",Columbia University,8,13,120,0,0,1,0,0
binghamton:randazzoanthony,"Randazzo, Anthony",Binghamton,14,2,120,0,0,5,1,0
northcarolina:cardenasandres,"Cardenas, Andres",North Carolina,6,16,119,0,0,4,2,0
rideruniversity:kensonangus,"Kenson, Angus",Rider University,16,8,119,0,0,2,0,0
universityofsouthernindiana:remyfabrice,"Remy, Fabrice",University of Southern Indiana,18,6,119,0,0,2,1,0
easttennesseestate:nordinlucas,"Nordin, Lucas",East Tennessee State,11,5,119,0,0,6,3,0
maryland:fitzgeraldcristiano,"Fitzgerald, Cristiano",Maryland,21,18,119,0,0,0,0,0
centralarkansas:abusadajonathan,"Abusada, Jonathan",Central Arkansas,13,9,118,0,0,2,0,0
siue:kornasethan,"Kornas, Ethan",SIUE,29,6,118,0,0,0,0,0
holycross:donovanryan,"Donovan, Ryan",Holy Cross,8,9,118,0,0,3,0,0
duquesne:pleavinben,"Pleavin, Ben",Duquesne,15,5,118,0,0,2,1,0
radm:osullivanaiden,"O'Sullivan, Aiden",RADM,24,2,118,0,0,2,1,0
sandiego:zazuetamateo,"Zazueta, Mateo",San Diego,13,11,117,0,0,2,1,0
tulsa:nezianyachris,"Nezianya, Chris",Tulsa,32,14,117,0,0,4,2,0
fairfield:mierowlenni,"Mierow, Lenni",Fairfield,26,8,117,0,0,0,0,0
winthrop:belluccimarinrafael,"Bellucci Marin, Rafael",Winthrop,17,9,117,0,0,2,2,0
chicagostate:debbarhyanis,"Debbarh, Yanis",Chicago State,12,2,117,0,0,2,2,0
armywestpoint:lyonsgage,"Lyons, Gage",Army West Point,11,3,117,0,0,0,0,0
luc:roenicholas,"Roe, Nicholas",LUC,7,2,117,0,0,0,0,0
colgate:yatescharlie,"Yates, Charlie",Colgate,14,8,116,0,0,0,0,0
universityofevansville:mcfarlandeyob,"McFarland, Eyob",University of Evansville,7,11,116,0,0,0,0,0
bradley:madrigalemilio,"Madrigal, Emilio",Bradley,12,5,116,0,0,2,0,0
armywestpoint:leejacob,"Lee, Jacob",Army West Point,14,3,116,0,0,2,0,0
georgewashington:ibrahimzain,"Ibrahim, Zain",George Washington,21,10,116,0,0,4,1,0
iuindy:dennkyle,"Denn, Kyle",IU Indy,14,3,116,0,0,6,3,0
newjerseyinstituteoftechnology:sunolsebastian,"Sunol, Sebastian",New Jersey Institute of Technology,9,3,116,0,0,1,0,0
depaul:gordonethan,"Gordon, Ethan",DePaul,5,15,115,0,0,0,0,0
loyolamarymount:jeongminki,"Jeong, Minki",Loyola Marymount,26,12,115,0,0,2,0,0
loyolamarymount:byersmoramarco,"Byers-Mora, Marco",Loyola Marymount,30,12,115,0,0,2,2,0
manhattan:leevladimir,"Lee, Vladimir",Manhattan,2,7,115,0,0,0,0,0
iuindianapolis:klaverstan,"Klaver, Stan",IU Indianapolis,2,2,115,0,0,1,0,0
iuindianapolis:zimmermanliam,"Zimmerman, Liam",IU Indianapolis,18,2,115,0,0,1,0,0
penn:bottenemarco,"Bottene, Marco",Penn,15,12,115,0,0,7,3,0
westmont:durnaserkan,"Durna, Serkan",Westmont,11,2,115,0,0,1,1,0
uiw:diphokosello,"Diphoko, Sello",UIW,29,2,115,0,0,3,2,0
howard:clarkebryson,"Clarke, Bryson",Howard,5,5,115,0,0,0,0,0
lasalle:sandovalitzak,"Sandoval, Itzak",La Salle,26,5,115,0,0,3,1,0
syracuse:holmangarrett,"Holman, Garrett",Syracuse,27,16,114,0,0,0,0,0
memphis:fosterdominic,"Foster, Dominic",Memphis,4,15,114,0,0,0,0,0
pacific:andrewjames,"Andrew, James",Pacific,20,8,114,0,0,0,0,0
armywestpoint:mcgeereef,"McGee, Reef",Army West Point,8,3,114,0,0,0,0,0
mountstmarys:chettridanny,"Chettri, Danny",Mount St. Mary's,38,4,114,0,0,1,0,0
gardnerwebb:pipologuilherme,"Pipolo, Guilherme",Gardner-Webb,1,20,113,0,0,0,0,1
wisconsin:popkewitzeliot,"Popkewitz, Eliot",Wisconsin,24,13,113,0,0,0,0,0
manhattan:sprenkelgregory,"Sprenkel , Gregory",Manhattan,15,7,113,0,0,0,0,0
easttennesseestate:marvikmorgan,"Marvik, Morgan",East Tennessee State,22,4,113,0,0,0,0,0
massachusetts:hersibilal,"Hersi, Bilal",Massachusetts,21,3,113,0,0,0,0,0
houstonchristian:yamnakevin,"Yamna, Kevin",Houston Christian,19,6,112,0,0,3,1,0
manhattan:alleynedaniel,"Alleyne, Daniel",Manhattan,18,8,112,0,0,2,0,0
stthomas:sorrentinociro,"Sorrentino, Ciro",St. Thomas,18,10,112,0,0,0,0,0
radford:peacockbryceland,"Peacock, Bryceland",Radford,41,12,112,0,0,0,0,5
delaware:baldvinssondagur,"Baldvinsson, Dagur",Delaware,22,10,112,0,0,2,0,0
nu:sankeyharry,"Sankey, Harry",NU,28,3,112,0,0,2,1,0
massachusetts:biancojoey,"Bianco, Joey",Massachusetts,13,4,112,0,0,0,0,0
universityofmassachusettslowell:starekjona,"Starek, Jona",University of Massachusetts Lowell,15,3,112,0,0,1,0,0
utrgv:mendoncabastosdiogo,"Mendonca Bastos, Diogo",UTRGV,27,7,112,0,0,1,0,0
flaatlantic:alfaronacho,"Alfaro, Nacho",Fla. Atlantic,13,2,112,0,0,0,0,4
universityatalbany:lindzach,"Lind, Zach",University at Albany,25,2,112,0,0,5,2,0
uab:campbelljoshwa,"Campbell, Joshwa",UAB,23,14,111,0,0,0,0,0
georgiasouthern:irelandjack,"Ireland, Jack",Georgia Southern,24,16,111,0,0,2,0,0
northernillinois:squiresjosh,"Squires, Josh",Northern Illinois,12,5,111,0,0,0,0,0
georgetown:dillowronan,"Dillow, Ronan",Georgetown,15,13,111,0,0,1,0,0
lwu:kafedzicanel,"Kafedzic, Anel",LWU,5,3,111,0,0,3,2,0
wofford:childressnathan,"Childress, Nathan",Wofford,35,8,111,0,0,0,0,0
lwu:brandisvalentin,"Brandis, Valentin",LWU,18,3,111,0,0,0,0,0
lwu:rodrigueziago,"Rodriguez, Iago",LWU,20,2,111,0,0,0,0,0
dayton:jabatehsidike,"Jabateh, Sidike",Dayton,9,8,111,0,0,5,1,0
highpoint:ruckmanjackson,"Ruckman, Jackson",High Point,2,11,110,0,0,2,1,0
wakeforest:jacksonwill,"Jackson, Will",Wake Forest,25,18,110,0,0,0,0,0
washington:leberconner,"Leber, Conner",Washington,22,17,110,0,0,2,0,0
delaware:williamsethan,"Williams, Ethan",Delaware,12,8,110,0,0,0,0,0
armywestpoint:cullumriley,"Cullum, Riley",Army West Point,7,3,110,0,0,1,0,0
northernillinoisuniversity:wilsonethan,"Wilson, Ethan",Northern Illinois University,5,2,110,0,0,0,0,0
rhodeisland:frobergconnor,"Froberg, Connor",Rhode Island,20,3,110,0,0,2,1,0
floridagulfcoastuniversity:hammondjahvanie,"Hammond, Jahvanie",Florida Gulf Coast University,20,2,110,0,0,0,0,0
10no1seedwvu:bonnairemarc,"Bonnaire, Marc",#10/No. 1 Seed WVU,1,1,110,0,0,0,0,1
10no1seedwvu:jorgensenfrederik,"Jorgensen, Frederik",#10/No. 1 Seed WVU,3,1,110,0,0,0,0,0
10no1seedwvu:broughtonmax,"Broughton, Max",#10/No. 1 Seed WVU,5,1,110,0,0,2,1,0
10no1seedwvu:baerryan,"Baer, Ryan",#10/No. 1 Seed WVU,23,1,110,0,0,0,0,0
10no1seedwvu:hernandocarlos,"Hernando, Carlos",#10/No. 1 Seed WVU,31,1,110,0,0,0,0,0
ncaadivisioniichampionshipfirstroundvsconcord:scargillnathan,"Scargill, Nathan",NCAA Division II Championship First Round vs Concord,1,1,110,0,0,0,0,0
ncaadivisioniichampionshipfirstroundvsconcord:robertsted,"Roberts, Ted",NCAA Division II Championship First Round vs Concord,3,1,110,0,0,2,0,0
ncaadivisioniichampionshipfirstroundvsconcord:messamzakari,"Messam, Zakari",NCAA Division II Championship First Round vs Concord,4,1,110,0,0,1,0,0
ncaadivisioniichampionshipfirstroundvsconcord:baptisteraheem,"Baptiste, Raheem",NCAA Division II Championship First Round vs Concord,14,1,110,0,0,1,0,0
ncaadivisioniichampionshipfirstroundvsconcord:correajulian,"Correa, Julian",NCAA Division II Championship First Round vs Concord,21,1,110,0,0,0,0,0
southflorida:hunnicuttkyle,"Hunnicutt, Kyle",South Florida,24,14,109,0,0,1,0,0
queens:whittcaden,"Whitt, Caden",Queens,18,9,109,0,0,0,0,0
binghamton:fitzgeraldsean,"Fitzgerald, Sean",Binghamton,17,2,109,0,0,0,0,0
ncaadivisioniichampionshipfirstroundvsconcord:bradshawdarian,"Bradshaw, Darian",NCAA Division II Championship First Round vs Concord,6,1,109,0,0,2,0,0
wofford:callebroludwig,"Callebro, Ludwig",Wofford,21,9,108,0,0,3,0,0
colgateuniversity:townendoliver,"Townend, Oliver",Colgate University,1,1,108,0,0,0,0,4
colgateuniversity:blackwinjacob,"Blackwin, Jacob",Colgate University,3,1,108,0,0,1,0,0
colgateuniversity:pahulemason,"Pahule, Mason",Colgate University,8,1,108,0,0,1,0,0
colgateuniversity:winogradliam,"Winograd, Liam",Colgate University,15,1,108,0,0,1,0,0
lasalle:kelemenabris,"Kelemen, Abris",La Salle,13,6,107,0,0,2,0,0
fiu:christensenlucas,"Christensen, Lucas",FIU,2,6,107,0,0,1,0,0
ualbany:kaplanben,"Kaplan, Ben",UAlbany,15,4,107,0,0,0,0,0
usi:mirandaandrew,"Miranda, Andrew",USI,34,4,107,0,0,1,0,0
robertmorris:hornbakerwil,"Hornbaker, Wil",Robert Morris,12,8,107,0,0,1,0,0
westvirginia:nunezlorenzo,"Nunez, Lorenzo",West Virginia,30,13,106,0,0,0,0,3
westvirginia:ekqvistakseli,"Ekqvist, Akseli",West Virginia,22,15,106,0,0,0,0,0
radford:puliktyler,"Pulik, Tyler",Radford,18,12,106,0,0,0,0,0
radm:blaesdahlsimon,"Blaesdahl, Simon",RADM,13,2,106,0,0,1,0,0
uic:anamoojesse,"Anamoo, Jesse",UIC,13,8,105,0,0,0,0,0
michiganstate:vandewinkleryan,"Van De Winkle, Ryan",Michigan State,4,16,105,0,0,1,1,0
calstatefullerton:kennedyeoin,"Kennedy, Eoin",Cal State Fullerton,0,2,105,0,0,0,0,4
chicagostate:juhaszdonat,"Juhasz, Donat",Chicago State,32,2,105,0,0,2,0,0
siena:zielonkaalexander,"Zielonka, Alexander",Siena,11,10,105,0,0,3,2,0
southflorida:kostanjseklovro,"Kostanjsek, Lovro",South Florida,7,4,105,0,0,0,0,0
uri:gryczewskipatrick,"Gryczewski, Patrick",URI,11,3,105,0,0,4,2,0
longwood:fletchertor,"Fletcher, Tor",Longwood,50,3,105,0,0,0,0,1
georgewashington:raupprichard,"Raupp, Richard",George Washington,00,14,104,0,0,0,0,4
gardnerwebb:porterfieldnate,"Porterfield, Nate",Gardner-Webb,14,20,104,0,0,0,0,0
american:schliemanntim,"Schliemann, Tim",American,8,4,104,0,0,1,0,0
southcarolina:hughesalfie,"Hughes, Alfie",South Carolina,18,8,104,0,0,1,0,0
georgetown:rumleymatiwos,"Rumley, Matiwos",Georgetown,23,15,104,0,0,1,1,0
howard:jamescorey,"James, Corey",Howard,4,7,104,0,0,0,0,0
howard:campbellian,"Campbell, Ian",Howard,23,5,104,0,0,1,0,0
universityofmassachusettslowell:dasilvacristiano,"Da Silva, Cristiano",University of Massachusetts Lowell,20,2,104,0,0,1,0,0
princeton:wangsnessjames,"Wangsness, James",Princeton,8,17,104,0,0,1,1,0
massachusetts:velezshane,"Velez, Shane",Massachusetts,16,4,104,0,0,1,0,0
armywestpoint:boozercurtis,"Boozer, Curtis",Army West Point,24,3,104,0,0,0,0,0
iona:manchenomatias,"Mancheno, Matias",Iona,27,7,103,0,0,3,2,0
saintfrancispa:isrealandre,"Isreal, Andre",Saint Francis (PA),17,2,103,0,0,0,0,0
stonybrook:kolbeaidan,"Kolbe, Aidan",Stony Brook,27,10,103,0,0,5,1,0
mercyhurst:beckerron,"Becker, Ron",Mercyhurst,17,8,103,0,0,0,0,0
southernconnecticutstate:lopsdavid,"Lops, David",Southern Connecticut State,12,2,103,0,0,0,0,0
niu:hernandezjoe,"Hernandez, Joe",NIU,22,2,103,0,0,1,1,0
southfla:owensmichael,"Owens, Michael",South Fla.,20,3,102,0,0,4,0,0
oregonstate:cortijofran,"Cortijo, Fran",Oregon State,3,16,102,0,0,2,1,0
kansascity:saflysam,"Safly, Sam",Kansas City,15,18,102,0,0,0,0,0
oralroberts:stovalljaxson,"Stovall, Jaxson",Oral Roberts,3,10,102,0,0,0,0,0
monmouth:morandichris,"Morandi, Chris",Monmouth,7,7,102,0,0,4,1,0
newhampshire:hicksadi,"Hicks, Adi",New Hampshire,23,3,102,0,0,0,0,0
uca:hindsjaxon,"Hinds, Jaxon",UCA,24,2,102,0,0,0,0,0
bostoncollege:almendareserick,"Almendares, Erick",Boston College,22,17,101,0,0,0,0,0
rideruniversity:peprahkevin,"Peprah, Kevin",Rider University,18,6,101,0,0,3,1,0
stonehillcollege:thompsonpreston,"Thompson, Preston",Stonehill College,19,7,101,0,0,0,0,0
mountstmarys:benayonabrahamjamie,"Benayon-Abraham, Jamie",Mount St. Mary's,23,6,101,0,0,1,0,0
southernconnecticutstate:novoshelskijake,"Novoshelski, Jake",Southern Connecticut State,14,2,101,0,0,1,0,0
saintfrancisuniversity:walenchokmikey,"Walenchok, Mikey",Saint Francis University,14,3,101,0,0,1,1,0
trine:douglasdalton,"Douglas, Dalton",Trine,47,3,101,0,0,0,0,0
saintfrancispa:adamsjacob,"Adams, Jacob",Saint Francis (PA),12,2,100,0,0,1,0,0
northernkentucky:haskinsjacob,"Haskins, Jacob",Northern Kentucky,34,8,100,0,0,1,1,0
delaware:granadacristobal,"Granada, Cristobal",Delaware,7,9,100,0,0,2,2,0
centralconnecticutstate:rivasjustin,"Rivas, Justin",Central Connecticut State,21,2,100,0,0,0,0,0
greenbay:swancuttdrew,"Swancutt, Drew",Green Bay,31,4,100,0,0,0,0,1
ncaadivisioniichampionshipfirstroundvsconcord:lotyszerik,"Lotysz, Erik",NCAA Division II Championship First Round vs Concord,2,1,100,0,0,1,0,0
fau:smalltyrese,"Small, Tyrese",FAU,25,14,99,0,0,0,0,0
uconn:roudettegregorykhaya,"Roudette-Gregory, Khaya",UConn,6,15,99,0,0,0,0,0
american:cobbinarexemmanuel,"Cobbina, Rex-Emmanuel",American,3,3,99,0,0,0,0,0
washington:fernandezgabe,"Fernandez, Gabe",Washington,44,19,99,0,0,0,0,0
oakland:knestrictmiller,"Knestrict, Miller",Oakland,14,9,99,0,0,1,0,0
pittsburgh:hallnoah,"Hall, Noah",Pittsburgh,13,11,99,0,0,1,0,0
milwaukee:meyernolan,"Meyer, Nolan",Milwaukee,1,4,99,0,0,0,0,0
uml:delfinosantiago,"Delfino, Santiago",UML,4,2,99,0,0,4,0,0
universityofsouthernindiana:reimingerdevin,"Reiminger, Devin",University of Southern Indiana,24,6,98,0,0,1,0,0
bucknell:heintzjack,"Heintz, Jack",Bucknell,23,17,98,0,0,0,0,0
iuindianapolis:esquivelbali,"Esquivel, Bali",IU Indianapolis,29,2,98,0,0,1,0,0
california:luckhurstmichael,"Luckhurst, Michael",California,39,12,98,0,0,1,0,0
saintjosephs:vegardbratrok,Vegard Bratrok,Saint Joseph's,23,4,98,0,0,0,0,0
bu:fowlkesamari,"Fowlkes, Amari",BU,19,2,98,0,0,0,0,0
centralconnecticutstateuniversity:rivasjustin,"Rivas, Justin",Central Connecticut State University,21,3,98,0,0,1,0,0
detroitmercy:akeelzain,"Akeel, Zain",Detroit Mercy,29,6,97,0,0,2,1,0
stthomas:walsertyler,"Walser, Tyler",St. Thomas,21,12,97,0,0,0,0,0
stetson:waynegarrett,"Wayne, Garrett",Stetson,31,6,97,0,0,4,1,0
usi:morrisgarrett,"Morris, Garrett",USI,22,2,97,0,0,1,0,0
loyolamd:raineyjuston,"Rainey, Juston",Loyola (MD),27,4,96,0,0,2,0,0
radford:cruzcristian,"Cruz, Cristian",Radford,14,13,96,0,0,2,0,0
floridagulfcoast:lawrencecaylan,"Lawrence, Caylan",Florida Gulf Coast,16,3,96,0,0,0,0,0
maryland:devriesmack,"DeVries, Mack",Maryland,4,18,96,0,0,1,0,0
mountstmarys:kimdonghyun,"Kim, Donghyun",Mount St. Mary's,39,6,96,0,0,1,0,0
presbyterian:restreposebastian,"Restrepo, Sebastian",Presbyterian,28,9,96,0,0,2,0,0
centralconnecticutstate:pinoncelymichel,"Pinoncely, Michel",Central Connecticut State,1,3,96,0,0,0,0,0
ju:gonzalezjuanpablo,"Gonzalez, Juan Pablo",JU,26,2,96,0,0,2,2,0
ue:fedrizzijacopo,"Fedrizzi, Jacopo",UE,27,2,96,0,0,0,0,0
newjerseyinstituteoftechnology:lazoandres,"Lazo, Andres",New Jersey Institute of Technology,12,2,96,0,0,0,0,0
10no1seedwvu:ewaldfelix,"Ewald, Felix",#10/No. 1 Seed WVU,10,1,96,0,0,4,2,0
seattle:mcswainbrady,"McSwain, Brady",Seattle,1,12,95,0,0,0,0,1
dayton:perlmanfrederik,"Perlman, Frederik",Dayton,13,6,95,0,0,2,0,0
iuindy:bruckerbaela,"Brucker, Baela",IU Indy,3,4,95,0,0,1,1,0
sacredheart:moskowitzasa,"Moskowitz, Asa",Sacred Heart,2,12,95,0,0,1,0,0
floridagulfcoast:spernerlucas,"Sperner, Lucas",Florida Gulf Coast,17,2,95,0,0,0,0,0
charleston:emanuelegoetzkeezequiel,"Emanuele Goetzke, Ezequiel",Charleston,14,5,95,0,0,2,2,0
vmi:rochasantiago,"Rocha, Santiago",VMI,33,6,95,0,0,0,0,0
iuindianapolis:karjianmano,"Karjian, Mano",IU Indianapolis,15,2,95,0,0,0,0,0
uiw:elizaldecesar,"Elizalde, Cesar",UIW,23,2,95,0,0,2,1,0
loyolauniversitymaryland:ozgasteven,"Ozga, Steven",Loyola University Maryland,23,4,95,0,0,1,0,0
trine:fisherbrayden,"Fisher, Brayden",Trine,18,3,95,0,0,1,0,0
clemson:richmondnathan,"Richmond, Nathan",Clemson,25,5,94,0,0,2,0,0
duke:gudbjornssonaxel,"Gudbjornsson, Axel",Duke,24,19,94,0,0,0,0,0
detroitmercy:kostostephen,"Kosto, Stephen",Detroit Mercy,2,5,94,0,0,0,0,0
merrimackcollege:santosnoah,"Santos, Noah",Merrimack College,31,8,94,0,0,1,1,0
saintfrancis:loudenconnor,"Louden, Connor",Saint Francis,4,6,94,0,0,0,0,0
iuindianapolis:leongiovanni,"Leon, Giovanni",IU Indianapolis,4,2,94,0,0,0,0,0
ccsu:carriassam,"Carrias, Sam",CCSU,5,2,94,0,0,0,0,0
ccsu:vallejojustin,"Vallejo, Justin",CCSU,17,2,94,0,0,0,0,0
luc:mendezangel,"Mendez, Angel",LUC,17,3,94,0,0,4,1,0
ncaadivisioniichampionshipfirstroundvsconcord:conollysyrus,"Conolly, Syrus",NCAA Division II Championship First Round vs Concord,9,1,94,0,0,1,0,0
sandiego:antwigodwin,"Antwi, Godwin",San Diego,30,11,93,0,0,4,1,0
sanjosestate:baklijesper,"Bakli, Jesper",San Jose State,19,8,93,0,0,1,1,0
ust:holtoncharlie,"Holton, Charlie",UST,11,2,93,0,0,3,0,0
ust:jameskeegan,"James, Keegan",UST,12,2,93,0,0,1,0,0
utahvalley:nogueradavid,"Noguera, David",Utah Valley,8,5,93,0,0,1,0,0
virginia:serafinodrew,"Serafino, Drew",Virginia,22,6,93,0,0,1,0,0
trine:komrskaevan,"Komrska, Evan",Trine,19,3,93,0,0,2,0,0
siuedwardsville:dashinpavel,"Dashin, Pavel",SIU Edwardsville,9,2,93,0,0,6,4,0
avl:flathauheath,"Flathau, Heath",AVL,2,2,93,0,0,1,0,0
colgateuniversity:lepperdale,"Lepper, Dale",Colgate University,4,1,93,0,0,0,0,0
colgateuniversity:goldnertoby,"Goldner, Toby",Colgate University,17,1,93,0,0,0,0,0
furman:boxallben,"Boxall, Ben",Furman,7,11,92,0,0,2,0,0
iuindianapolis:thompsonrobertsjago,"Thompson-Roberts, Jago",IU Indianapolis,23,2,92,0,0,0,0,0
ue:edstrmhkon,"Edstrøm, Håkon",UE,21,2,92,0,0,0,0,0
universityatalbany:lucaspedro,"Lucas, Pedro",University at Albany,21,2,92,0,0,1,1,0
vermont:barlownash,"Barlow, Nash",Vermont,12,10,92,0,0,1,0,0
smu:bairdbrendan,"Baird, Brendan",SMU,22,8,92,0,0,2,1,0
northernillinoisuniversity:drazekjakub,"Drazek, Jakub",Northern Illinois University,6,2,92,0,0,1,0,0
avl:naguibxander,"Naguib, Xander",AVL,23,2,92,0,0,1,0,0
mercyhurst:gallegoignacio,"Gallego, Ignacio",Mercyhurst,7,5,91,0,0,1,1,0
ucsantabarbara:pachecorene,"Pacheco, Rene",UC Santa Barbara,20,6,91,0,0,1,0,0
olddominion:renderalex,"Render, Alex",Old Dominion,2,7,91,0,0,0,0,0
marquette:danisdominik,"Danis, Dominik",Marquette,23,16,91,0,0,2,1,0
centralarkansas:shearerlucas,"Shearer, Lucas",Central Arkansas,5,5,91,0,0,0,0,0
robertmorris:alexandrechase,"Alexandre, Chase",Robert Morris,14,11,91,0,0,0,0,0
ue:bencicwill,"Bencic, Will",UE,9,2,91,0,0,0,0,0
virginiamilitaryinstitute:joyaian,"Joya, Ian",Virginia Military Institute,26,2,91,0,0,0,0,0
10no1seedwvu:caldeiramarcus,"Caldeira, Marcus",#10/No. 1 Seed WVU,7,1,91,0,0,2,0,0
10no1seedwvu:orsnavarrosergio,"Ors Navarro, Sergio",#10/No. 1 Seed WVU,20,1,91,0,0,4,0,0
hofstra:grodzkianthony,"Grodzki, Anthony",Hofstra,2,1,90,0,0,0,0,0
hofstra:bonajoel,"Bona, Joel",Hofstra,4,1,90,0,0,0,0,0
hofstra:yorkjames,"York, James",Hofstra,8,1,90,0,0,3,0,0
hofstra:risenhoovermilo,"Risenhoover, Milo",Hofstra,13,1,90,0,0,0,0,0
hofstra:santipietro,"Santi, Pietro",Hofstra,16,1,90,0,0,0,0,0
hofstra:schulzben,"Schulz, Ben",Hofstra,23,1,90,0,0,0,0,0
liu:yerburythomas,"Yerbury, Thomas",LIU,00,1,90,0,0,0,0,0
liu:hidalgokiko,"Hidalgo, Kiko",LIU,25,1,90,0,0,1,1,0
bostoncollege:jordanthomas,"Jordan, Thomas",Boston College,32,17,90,0,0,0,0,0
colgate:widrickeric,"Widrick, Eric",Colgate,0,6,90,0,0,0,0,6
loyolamd:schoutenben,"Schouten, Ben",Loyola (MD),18,2,90,0,0,0,0,0
maryland:maerekasadam,"Maereka, Sadam",Maryland,7,1,90,0,0,1,0,0
ucsantabarbara:fargokeaton,"Fargo, Keaton",UC Santa Barbara,15,5,90,0,0,0,0,0
southfla:barclayjemone,"Barclay, Jemone",South Fla.,26,3,90,0,0,2,2,0
setonhill:hollanderaiden,"Hollander, Aiden",Seton Hill,00,1,90,0,0,0,0,0
setonhill:klingerron,"Klinger, Ron",Seton Hill,4,1,90,0,0,0,0,0
saintfrancispa:beckerniclas,"Becker, Niclas",Saint Francis (PA),1,1,90,0,0,0,0,0
saintfrancispa:schellbachtom,"Schellbach, Tom",Saint Francis (PA),3,1,90,0,0,0,0,0
northernkentucky:boaghebranisteste,"Boaghe Braniste, Ste",Northern Kentucky,3,1,90,0,0,0,0,0
northernkentucky:paparestaromeo,"Paparesta, Romeo",Northern Kentucky,13,3,90,0,0,0,0,0
uscupstate:eekkristian,"Eek, Kristian",USC Upstate,13,13,90,0,0,0,0,5
ucirvine:brownabraham,"Brown, Abraham",UC Irvine,24,15,90,0,0,0,0,2
universityofnebraskaatomaha:astwoodnaz,"Astwood, Naz",University of Nebraska at Omaha,18,1,90,0,0,1,0,0
universityofnebraskaatomaha:boehmthore,"Boehm, Thore",University of Nebraska at Omaha,22,1,90,0,0,0,0,0
universityofnebraskaatomaha:sallahnathanael,"Sallah, Nathanael",University of Nebraska at Omaha,30,1,90,0,0,0,0,0
grandview:marquespaulo,"Marques, Paulo",Grand View,3,1,90,0,0,0,0,0
grandview:launaymartin,"Launay, Martin",Grand View,4,1,90,0,0,0,0,0
grandview:lagunaemiliano,"Laguna, Emiliano",Grand View,99,1,90,0,0,0,0,0
universityofchicago:salvinoalex,"Salvino, Alex",University of Chicago,14,1,90,0,0,0,0,0
universityofchicago:hsiehbaileyjadyn,"Hsieh-Bailey, Jadyn",University of Chicago,17,1,90,0,0,2,0,0
universityofchicago:shahdhirpal,"Shah, Dhirpal",University of Chicago,35,1,90,0,0,0,0,0
californiabaptist:russellethan,"Russell, Ethan",California Baptist,44,15,90,0,0,0,0,0
northwest:kotmichael,"Kot, Michael",Northwest,1,1,90,0,0,0,0,2
northwest:mohovilay,"Mohov, Ilay",Northwest,5,1,90,0,0,0,0,0
northwest:swansonmarcus,"Swanson, Marcus",Northwest,20,1,90,0,0,0,0,0
liberty:franzenblake,"Franzen, Blake",Liberty,1,9,90,0,0,0,0,0
mountolive:williamsnovian,"Williams, Novian",Mount Olive,3,1,90,0,0,1,0,0
mountolive:sousajacques,"Sousa, Jacques",Mount Olive,6,1,90,0,0,0,0,0
mercer:ohearnstephen,"O'Hearn,  Stephen",Mercer,22,13,90,0,0,0,0,0
emoryhenry:wilsonjosiah,"Wilson, Josiah",Emory & Henry,1,1,90,0,0,0,0,0
emoryhenry:gomezriosjuan,"Gomez-Rios, Juan",Emory & Henry,13,1,90,0,0,0,0,0
emoryhenry:martinezfloresdaniel,"Martinez-Flores, Daniel",Emory & Henry,23,1,90,0,0,0,0,0
kansascity:lansdownadam,"Lansdown, Adam",Kansas City,30,18,90,0,0,0,0,0
northernillinois:seojaephil,"Seo, Jaephil",Northern Illinois,15,6,90,0,0,1,0,0
davidsoncollege:burdenjack,"Burden, Jack",Davidson College,0,17,90,0,0,0,0,3
radford:daviesfelix,"Davies, Felix",Radford,1,12,90,0,0,0,0,4
ec:boomershinebeckham,"Boomershine, Beckham",EC,1,1,90,0,0,0,0,0
ec:robinsontabor,"Robinson, Tabor",EC,19,1,90,0,0,2,0,0
pc:carvalhogabe,"Carvalho, Gabe",PC,24,3,90,0,0,0,0,0
floridagulfcoast:blaycooper,"Blay, Cooper",Florida Gulf Coast,1,3,90,0,0,0,0,0
floridagulfcoast:hugodeoliveiralopesvictor,"Hugo de Oliveira Lopes, Victor",Florida Gulf Coast,11,1,90,0,0,0,0,0
northwestern:pereiradominic,"Pereira, Dominic",Northwestern,0,7,90,0,0,0,0,1
stjohns:smaliosemmanuel,"Smalios, Emmanuel",St. John's,31,18,90,0,0,0,0,2
ncwesleyan:gamboajulian,"Gamboa, Julian",NC Wesleyan,38,1,90,0,0,0,0,0
um:onrubiagonzalo,"Onrubia, Gonzalo",UM,1,1,90,0,0,0,0,0
um:gansermario,"Ganser, Mario",UM,4,1,90,0,0,0,0,0
um:sanchezsergio,"Sanchez, Sergio",UM,6,1,90,0,0,0,0,0
um:sumnerdylan,"Sumner, Dylan",UM,8,1,90,0,0,0,0,0
um:mrvcicryan,"Mrvcic, Ryan",UM,12,1,90,0,0,0,0,0
um:halehalekyle,"Halehale, Kyle",UM,19,1,90,0,0,0,0,0
up:gamboagonzalezdaniel,"Gamboa Gonzalez, Daniel",UP,4,1,90,0,0,1,0,0
up:srensenniklas,"Sørensen, Niklas",UP,5,1,90,0,0,0,0,0
up:moxomjack,"Moxom, Jack",UP,31,1,90,0,0,0,0,0
utr:fritzkimito,"Fritz, Kimito",UTR,2,1,90,0,0,1,0,0
utr:endoshuntaro,"Endo, Shuntaro",UTR,5,1,90,0,0,0,0,0
utr:suarezjoaquin,"Suarez, Joaquin",UTR,6,1,90,0,0,1,0,0
utr:shahabodienmohammed,"Shahabodien, Mohammed",UTR,7,1,90,0,0,1,0,0
utr:carreonfernando,"Carreon, Fernando",UTR,99,1,90,0,0,0,0,0
lasalle:dechertjules,"Dechert, Jules",La Salle,1,3,90,0,0,0,0,0
warrenwilson:rhodenjohn,"Rhoden, John",Warren Wilson,3,1,90,0,0,0,0,0
warrenwilson:conwaycolter,"Conway, Colter",Warren Wilson,5,1,90,0,0,0,0,0
warrenwilson:avilaaiden,"Avila, Aiden",Warren Wilson,6,1,90,0,0,0,0,0
warrenwilson:sotobenjamin,"Soto, Benjamin",Warren Wilson,8,1,90,0,0,1,0,0
centralconnecticutstateuniversity:rockeaustin,"Rocke, Austin",Central Connecticut State University,12,1,90,0,0,0,0,0
eckerdcollege:leakaidan,"Leak, Aidan",Eckerd College,1,1,90,0,0,0,0,5
eckerdcollege:thorarinssonrobert,"Thorarinsson, Robert",Eckerd College,3,1,90,0,0,0,0,0
eckerdcollege:steelefinn,"Steele, Finn",Eckerd College,17,1,90,0,0,0,0,0
marshall:rodriguesdossantos,Rodrigues dos Santos,Marshall,7,1,90,0,0,2,0,0
airforce:spencejosh,"Spence, Josh",Air Force,23,14,90,0,0,0,0,5
mercyhurst:onrubiagonzalo,"Onrubia, Gonzalo",Mercyhurst,1,1,90,0,0,0,0,0
northamerican:gonzalezandrew,"Gonzalez, Andrew",North American,5,1,90,0,0,1,1,0
northamerican:burionigino,"Burioni, Gino",North American,99,1,90,0,0,0,0,0
gb:rodriguezalvaro,"Rodriguez, Alvaro",GB,1,1,90,0,0,0,0,0
gb:nishikawaso,"Nishikawa, So",GB,13,1,90,0,0,0,0,0
gb:arroyooscar,"Arroyo, Oscar",GB,28,1,90,0,0,0,0,0
westernillinois:ouendenoyoussou,"Ouendeno, Youssou",Western Illinois,0,2,90,0,0,0,0,0
dartmouthcollege:dellaskonstantinos,"Dellas, Konstantinos",Dartmouth College,00,14,90,0,0,0,0,4
yale:jungconstantin,"Jung, Constantin",Yale,1,9,90,0,0,0,0,0
detroit:tewsquinn,"Tews, Quinn",Detroit,1,1,90,0,0,0,0,5
brown:kinataha,"Kina, Taha",Brown,5,16,90,0,0,1,0,0
northgreenville:marquesricardo,"Marques, Ricardo",North Greenville,1,1,90,0,0,0,0,0
northgreenville:galeottimatteo,"Galeotti, Matteo",North Greenville,4,1,90,0,0,2,0,0
georgemason:desrochesjack,"Desroches, Jack",George Mason,33,6,90,0,0,0,0,0
mountstmarys:perezfabian,"Perez, Fabian",Mount St. Mary's,7,4,90,0,0,2,0,0
su:schonevogtengenjesper,"Schone Vogtengen, Jesper",SU,2,1,90,0,0,0,0,0
su:winkelmannhenrik,"Winkelmann, Henrik",SU,6,1,90,0,0,0,0,0
su:gardnerzach,"Gardner, Zach",SU,17,1,90,0,0,1,0,0
su:svenssoneric,"Svensson, Eric",SU,23,1,90,0,0,0,0,0
su:glinderbennet,"Glinder, Bennet",SU,99,1,90,0,0,0,0,0
nu:jahntobias,"Jahn, Tobias",NU,0,1,90,0,0,0,0,0
quincy:rokegeorge,"Roke, George",Quincy,1,1,90,0,0,0,0,0
lemoynecollege:geramatthew,"Gera, Matthew",Le Moyne College,1,2,90,0,0,0,0,0
ust:klevbergsimon,"Klevberg, Simon",UST,2,1,90,0,0,0,0,0
ust:perezjorge,"Perez, Jorge",UST,9,1,90,0,0,3,0,0
niagara:sanchezcerveraalb,"Sanchez Cervera, Alb",Niagara,24,1,90,0,0,1,1,0
dartmouthcollege:hadjigeorgiousymeon,"Hadjigeorgiou, Symeon",Dartmouth College,6,14,90,0,0,0,0,0
holyfamily:dioufcheikh,"Diouf, Cheikh",Holy Family,99,1,90,0,0,0,0,0
newhaven:palancamattia,"Palanca, Mattia",New Haven,00,1,90,0,0,0,0,0
coc:marshallolly,"Marshall, Olly",COC,1,1,90,0,0,0,0,0
coc:wilsontom,"Wilson, Tom",COC,4,1,90,0,0,1,0,0
coc:julienetienne,"Julien, Etienne",COC,22,1,90,0,0,1,0,0
centralconnecticut:carriassam,"Carrias, Sam",Central Connecticut,5,1,90,0,0,1,0,0
centralconnecticut:bjorkmanbenjamin,"Bjorkman, Benjamin",Central Connecticut,6,1,90,0,0,0,0,0
centralconnecticut:rabassagiullamonarnau,"Rabassa Giullamon, Arnau",Central Connecticut,9,1,90,0,0,1,0,0
centralconnecticut:rockeaustin,"Rocke, Austin",Central Connecticut,12,1,90,0,0,2,1,0
centralconnecticut:starkerwill,"Starker, Will",Central Connecticut,13,1,90,0,0,0,0,0
grandcanyonuniversity:schmidtleon,"Schmidt, Leon",Grand Canyon University,1,1,90,0,0,0,0,0
grandcanyonuniversity:serranolalo,"Serrano, Lalo",Grand Canyon University,6,1,90,0,0,0,0,0
grandcanyonuniversity:muozjony,"Muñoz, Jony",Grand Canyon University,10,1,90,0,0,0,0,0
grandcanyonuniversity:rousedamon,"Rouse, Damon",Grand Canyon University,14,1,90,0,0,0,0,0
grandcanyonuniversity:harringtonliam,"Harrington, Liam",Grand Canyon University,26,1,90,0,0,0,0,0
au:cobbinarexemmanuel,"Cobbina, Rex-Emmanuel",AU,3,1,90,0,0,0,0,0
au:keomanykobe,"Keomany, Kobe",AU,15,1,90,0,0,0,0,0
au:elgersmatroy,"Elgersma, Troy",AU,30,1,90,0,0,2,1,0
au:tibbettsmatthew,"Tibbetts, Matthew",AU,32,1,90,0,0,0,0,0
rideruniversity:collinsben,"Collins, Ben",Rider University,1,3,90,0,0,0,0,0
universityofmassachusetts:gigliochris,"Giglio, Chris",University of Massachusetts,23,2,90,0,0,0,0,0
stcloudstate:atiaramy,"Atia, Ramy",St. Cloud State,34,1,90,0,0,0,0,4
stcloudstate:langerhuizenyannick,"Langerhuizen, Yannick",St. Cloud State,25,1,90,0,0,0,0,0
stcloudstate:holmesandrew,"Holmes, Andrew",St. Cloud State,33,1,90,0,0,0,0,0
dominican:kaandorpjoshua,"Kaandorp, Joshua",Dominican,1,1,90,0,0,0,0,0
dominican:diogocarlos,"Diogo, Carlos",Dominican,3,1,90,0,0,0,0,0
dominican:egilssonbreki,"Egilsson, Breki",Dominican,5,1,90,0,0,0,0,0
dominican:chazaletoscar,"Chazalet, Oscar",Dominican,9,1,90,0,0,2,1,0
westminstercollegemo:bellalec,"Bell, Alec",Westminster College (MO),14,1,90,0,0,0,0,0
westminstercollegemo:naumannnoah,"Naumann, Noah",Westminster College (MO),27,1,90,0,0,0,0,0
westminstercollegemo:hughestoby,"Hughes, Toby",Westminster College (MO),40,1,90,0,0,0,0,0
ccsu:pinoncelymichel,"Pinoncely, Michel",CCSU,1,2,90,0,0,0,0,3
ccsu:sipplesmick,"Sipples, Mick",CCSU,24,2,90,0,0,0,0,2
iueast:hymantyree,"Hyman, Tyree",IU East,3,1,90,0,0,1,1,0
iueast:thomastristan,"Thomas, Tristan",IU East,23,1,90,0,0,1,1,0
iueast:mckinneybrody,"McKinney, Brody",IU East,29,1,90,0,0,0,0,0
iueast:backhausnoah,"Backhaus, Noah",IU East,33,1,90,0,0,0,0,0
bpt:provincialgianny,"Provincial, Gianny",BPT,1,1,90,0,0,0,0,0
bpt:cakursbruno,"Cakurs, Bruno",BPT,2,1,90,0,0,0,0,0
bpt:thomasbrad,"Thomas, Brad",BPT,5,1,90,0,0,0,0,0
bpt:magdalenojuancarlos,"Magdaleno, Juan Carlos",BPT,29,1,90,0,0,0,0,0
edgewood:vanlaanenmaverick,"Van Laanen, Maverick",Edgewood,1,1,90,0,0,0,0,5
edgewood:knightjack,"Knight, Jack",Edgewood,5,1,90,0,0,0,0,0
edgewood:gageconnor,"Gage, Connor",Edgewood,15,1,90,0,0,1,1,0
edgewood:bruceconor,"Bruce, Conor",Edgewood,44,1,90,0,0,0,0,0
williammary:gilmanjackson,"Gilman, Jackson",William & Mary,2,1,90,0,0,0,0,0
williammary:srensenniklas,"Sørensen, Niklas",William & Mary,5,1,90,0,0,1,0,0
williammary:vilamitjanaarnau,"Vilamitjana, Arnau",William & Mary,14,1,90,0,0,0,0,0
williammary:dahllasse,"Dahl, Lasse",William & Mary,22,1,90,0,0,2,0,0
williammary:moxomjack,"Moxom, Jack",William & Mary,31,1,90,0,0,0,0,0
frd:nikolovviktor,"Nikolov, Viktor",FRD,1,1,90,0,0,0,0,0
frd:blunschijordan,"Blunschi, Jordan",FRD,5,1,90,0,0,1,0,0
universityofsouthernindiana:ortizezekiel,"Ortiz, Ezekiel",University of Southern Indiana,17,5,90,0,0,2,1,0
saintfrancispa:risenhoovermilo,"Risenhoover, Milo",Saint Francis (Pa.),33,1,90,0,0,0,0,0
unhm:wattsarchie,"Watts, Archie",UNHM,0,1,90,0,0,0,0,0
unhm:denisanthony,"Denis, Anthony",UNHM,6,1,90,0,0,1,1,0
unhm:almozninosaar,"Almoznino, Saar",UNHM,19,1,90,0,0,0,0,0
molm:broadheadmathew,"Broadhead, Mathew",MOLM,21,1,90,0,0,0,0,0
molm:huntcallum,"Hunt, Callum",MOLM,90,1,90,0,0,0,0,0
dominican:reyesalejandro,"Reyes, Alejandro",Dominican,1,1,90,0,0,0,0,2
uiw:torreshazani,"Torres, Hazani",UIW,26,1,90,0,0,0,0,0
northernillinoisuniversity:arslanatahan,"Arslan, Atahan",Northern Illinois University,1,1,90,0,0,0,0,0
qncm:idingesamuel,"Idinge, Samuel",QNCM,2,1,90,0,0,0,0,0
qncm:pumpiancole,"Pumpian, Cole",QNCM,7,1,90,0,0,1,1,0
qncm:rhormensmatheus,"Rhormens, Matheus",QNCM,30,1,90,0,0,0,0,0
post:morenoricardo,"Moreno, Ricardo",Post,1,1,90,0,0,0,0,0
post:garciafelipe,"Garcia, Felipe",Post,4,1,90,0,0,0,0,0
post:dettoliluca,"Dettoli, Luca",Post,10,1,90,0,0,1,1,0
post:divincenzoriccardo,"DiVincenzo, Riccardo",Post,22,1,90,0,0,1,1,0
rams:erminijohn,"Ermini, John",RAMS,00,1,90,0,0,0,0,0
rams:ndiayemoussa,"Ndiaye, Moussa",RAMS,5,1,90,0,0,0,0,0
rams:castillogerardo,"Castillo, Gerardo",RAMS,19,1,90,0,0,3,1,0
rams:miyanohayato,"Miyano, Hayato",RAMS,26,1,90,0,0,0,0,0
rams:mcleodscott,"McLeod, Scott",RAMS,27,1,90,0,0,1,0,0
hrv:macneilcullen,"MacNeil, Cullen",HRV,1,1,90,0,0,0,0,0
hrv:rolloludovico,"Rollo, Ludovico",HRV,4,1,90,0,0,0,0,0
hrv:rieckejan,"Riecke, Jan",HRV,5,1,90,0,0,0,0,0
hrv:dalakererik,"Dalaker, Erik",HRV,16,1,90,0,0,1,0,0
saintjosephs:carterfitzgerald,Carter Fitzgerald,Saint Joseph's,00,3,90,0,0,0,0,0
ud:caetanodario,"Caetano, Dario",UD,1,1,90,0,0,0,0,0
ud:biaggiadrian,"Biaggi, Adrian",UD,3,1,90,0,0,0,0,0
ud:bakkenmartin,"Bakken, Martin",UD,7,1,90,0,0,0,0,0
ud:seelbraden,"Seel, Braden",UD,10,1,90,0,0,1,0,0
ud:yeboahpaul,"Yeboah, Paul",UD,18,1,90,0,0,0,0,0
ud:armstrongandrew,"Armstrong, Andrew",UD,22,1,90,0,0,5,0,0
wm:hiortwrightnoah,"Hiort-Wright, Noah",WM,5,1,90,0,0,0,0,0
wm:morrisonaidan,"Morrison, Aidan",WM,11,1,90,0,0,1,0,0
wm:sigurjonssonthor,"Sigurjonsson, Thor",WM,14,1,90,0,0,0,0,0
wm:cooperaugie,"Cooper, Augie",WM,21,1,90,0,0,1,0,0
wm:eapenryan,"Eapen, Ryan",WM,25,1,90,0,0,0,0,0
saintmichaels:smithgarrett,"Smith, Garrett",Saint Michael's,0,1,90,0,0,0,0,0
saintmichaels:maciascazorlaalvaro,"Macias-Cazorla, Alvaro",Saint Michael's,2,1,90,0,0,0,0,0
saintmichaels:leonejacob,"Leone, Jacob",Saint Michael's,5,1,90,0,0,0,0,0
saintmichaels:mirallesxolo,"Miralles, Xolo",Saint Michael's,10,1,90,0,0,0,0,0
saintmichaels:kulldrew,"Kull, Drew",Saint Michael's,14,1,90,0,0,0,0,0
saintmichaels:santaniellotyler,"Santaniello, Tyler",Saint Michael's,17,1,90,0,0,0,0,0
saintmichaels:mocarskialex,"Mocarski, Alex",Saint Michael's,26,1,90,0,0,0,0,0
eckerd:miltonviktor,"Milton, Viktor",Eckerd,5,1,90,0,0,0,0,0
eckerd:wheelerbrandon,"Wheeler, Brandon",Eckerd,30,1,90,0,0,0,0,0
du:davilasantiago,"Davila, Santiago",DU,1,1,90,0,0,0,0,0
du:jimersonevan,"Jimerson, Evan",DU,24,1,90,0,0,0,0,0
du:baumgartnerchristian,"Baumgartner, Christian",DU,26,1,90,0,0,0,0,0
luc:abdullahameer,"Abdullah, Ameer",LUC,5,1,90,0,0,2,1,0
luc:ortizalejandro,"Ortiz, Alejandro",LUC,31,1,90,0,0,0,0,0
ual:kwitchoffmax,"Kwitchoff, Max",UAL,2,1,90,0,0,0,0,0
ual:friassantiago,"Frias, Santiago",UAL,5,1,90,0,0,1,0,0
ual:nouajaanassim,"Nouajaa, Nassim",UAL,16,1,90,0,0,2,1,0
ual:jansentimo,"Jansen, Timo",UAL,19,1,90,0,0,0,0,0
ual:kumpparker,"Kump, Parker",UAL,30,1,90,0,0,0,0,0
nu:gardnermatty,"Gardner, Matty",NU,30,1,90,0,0,0,0,0
nu:wilbertandrew,"Wilbert, Andrew",NU,36,1,90,0,0,0,0,0
rhit:biederstedtjohn,"Biederstedt, John",RHIT,1,1,90,0,0,0,0,0
santaclara:eekkristian,"Eek, Kristian",Santa Clara,13,1,90,0,0,0,0,0
santaclara:dugganliam,"Duggan, Liam",Santa Clara,29,1,90,0,0,1,0,0
newjerseyinstituteoftechnology:seguikarmel,"Segui, Karmel",New Jersey Institute of Technology,19,1,90,0,0,1,0,0
unf:pentinatiu,"Pentinat, Iu",UNF,0,2,90,0,0,0,0,0
lasalle:kneisvalentin,"Kneis, Valentin",La Salle,32,2,90,0,0,0,0,1
ue:wurschmidtmartin,"Wurschmidt, Martin",UE,4,1,90,0,0,0,0,0
bison:lapworthfreddie,"Lapworth, Freddie",BISON,00,1,90,0,0,0,0,0
bison:sheffieldben,"Sheffield, Ben",BISON,16,1,90,0,0,0,0,0
eagles:fogeljonah,"Fogel, Jonah",EAGLES,2,1,90,0,0,1,0,0
eagles:nunncooper,"Nunn, Cooper",EAGLES,4,1,90,0,0,1,1,0
eagles:shirleynicholas,"Shirley, Nicholas",EAGLES,5,1,90,0,0,2,1,0
eagles:elgersmatroy,"Elgersma, Troy",EAGLES,30,1,90,0,0,2,0,0
eagles:tibbettsmatthew,"Tibbetts, Matthew",EAGLES,32,1,90,0,0,0,0,0
franklinpierce:vernetkarl,"Vernet, Karl",Franklin Pierce,1,1,90,0,0,0,0,0
franklinpierce:oostendorpjesse,"Oostendorp, Jesse",Franklin Pierce,3,1,90,0,0,1,1,0
trine:offuttwill,"Offutt, Will",Trine,2,3,90,0,0,1,0,0
elonuniversity:wroblewskitomas,"Wroblewski, Tomas",Elon University,1,1,90,0,0,0,0,0
elonuniversity:msabahamajaliwa,"Msabaha, Majaliwa",Elon University,6,1,90,0,0,1,0,0
elonuniversity:vatnescott,"Vatne, Scott",Elon University,8,1,90,0,0,3,0,0
elonuniversity:mucchetticonnor,"Mucchetti, Connor",Elon University,16,1,90,0,0,0,0,0
elonuniversity:mannaryan,"Manna, Ryan",Elon University,80,1,90,0,0,1,0,0
stjosephslongisland:vitalegiuseppe,"Vitale, Giuseppe",St. Joseph's Long Island,1,1,90,0,0,0,0,0
stjosephslongisland:dacosdaniel,"Dacos, Daniel",St. Joseph's Long Island,4,1,90,0,0,0,0,0
stjosephslongisland:bartolottasebastiano,"Bartolotta, Sebastiano",St. Joseph's Long Island,6,1,90,0,0,0,0,0
stjosephslongisland:radilloaris,"Radillo, Aris",St. Joseph's Long Island,8,1,90,0,0,1,0,0
stjosephslongisland:dacosjames,"Dacos, James",St. Joseph's Long Island,10,1,90,0,0,2,1,0
stjosephslongisland:bayeraidan,"Bayer, Aidan",St. Joseph's Long Island,21,1,90,0,0,0,0,0
farmingdalestate:martinezanthony,"Martinez, Anthony",Farmingdale State,1,1,90,0,0,0,0,4
farmingdalestate:rivasdaniel,"Rivas, Daniel",Farmingdale State,2,1,90,0,0,0,0,0
farmingdalestate:monroysebastian,"Monroy, Sebastian",Farmingdale State,3,1,90,0,0,1,0,0
farmingdalestate:hernandezomar,"Hernandez, Omar",Farmingdale State,5,1,90,0,0,0,0,0
farmingdalestate:mejiajose,"Mejia, Jose",Farmingdale State,8,1,90,0,0,0,0,0
farmingdalestate:yanesolvin,"Yanes, Olvin",Farmingdale State,9,1,90,0,0,0,0,0
farmingdalestate:bileddoanthony,"Bileddo, Anthony",Farmingdale State,10,1,90,0,0,0,0,0
farmingdalestate:mejiajean,"Mejia, Jean",Farmingdale State,17,1,90,0,0,1,0,0
farmingdalestate:melgarbrian,"Melgar, Brian",Farmingdale State,20,1,90,0,0,0,0,0
theuniversityofolivet:reynoldsaidan,"Reynolds, Aidan",The University of Olivet,6,1,90,0,0,0,0,0
keiser:schnitzlerjakob,"Schnitzler, Jakob",Keiser,28,1,90,0,0,3,0,0
albertusmagnuscollege:gonzalezej,"Gonzalez, EJ",Albertus Magnus College,5,1,90,0,0,0,0,0
albertusmagnuscollege:nardellicolby,"Nardelli, Colby",Albertus Magnus College,13,1,90,0,0,0,0,0
albertusmagnuscollege:pagliagabriel,"Paglia, Gabriel",Albertus Magnus College,15,1,90,0,0,0,0,0
bentley:hancharluke,"Hanchar, Luke",Bentley,2,1,90,0,0,1,0,0
bentley:haikalmichael,"Haikal, Michael",Bentley,8,1,90,0,0,3,2,0
bentley:mollenhauerluke,"Mollenhauer, Luke",Bentley,21,1,90,0,0,0,0,0
bentley:hallcam,"Hall, Cam",Bentley,24,1,90,0,0,0,0,0
bentley:aronsonjack,"Aronson, Jack",Bentley,31,1,90,0,0,0,0,0
regent:laubachcameron,"Laubach, Cameron",Regent,5,1,90,0,0,3,0,0
regent:moorejosh,"Moore, Josh",Regent,12,1,90,0,0,0,0,0
regent:stapleslanden,"Staples, Landen",Regent,13,1,90,0,0,1,0,0
regent:fercovicjohnnie,"Fercovic, Johnnie",Regent,22,1,90,0,0,0,0,0
regent:morrisonjohn,"Morrison, John",Regent,29,1,90,0,0,0,0,0
regent:thomasdrew,"Thomas, Drew",Regent,31,1,90,0,0,2,0,0
hat:radaellinicolo,"Radaelli, Nicolo",HAT,1,1,90,0,0,0,0,0
hat:casasandre,"Casas, Andre",HAT,2,1,90,0,0,0,0,0
hat:loriotclarence,"Loriot, Clarence",HAT,5,1,90,0,0,0,0,0
hat:ahlcharles,"Ahl, Charles",HAT,10,1,90,0,0,1,0,0
hat:rodriguezandres,"Rodriguez, Andres",HAT,12,1,90,0,0,0,0,0
hat:csatoxavi,"Csato, Xavi",HAT,16,1,90,0,0,3,0,0
hat:crocegiuseppe,"Croce, Giuseppe",HAT,22,1,90,0,0,0,0,0
hat:mataandres,"Mata, Andres",HAT,23,1,90,0,0,0,0,0
jax:sekaninachristian,"Sekanina, Christian",JAX,1,1,90,0,0,0,0,0
jax:molinacampocristobal,"Molina-Campo, Cristobal",JAX,2,1,90,0,0,2,0,0
jax:dannerpaul,"Danner, Paul",JAX,6,1,90,0,0,0,0,0
jax:clancyshane,"Clancy, Shane",JAX,18,1,90,0,0,0,0,0
uri:namusseisnaba,"Namusse, Isnaba",URI,5,1,90,0,0,0,0,0
prsby:marinloan,"Marin, Loan",PRSBY,1,1,90,0,0,0,0,0
prsby:alleneric,"Allen, Eric",PRSBY,2,1,90,0,0,0,0,0
prsby:cordovasteven,"Cordova, Steven",PRSBY,6,1,90,0,0,0,0,0
prsby:burdettebryce,"Burdette, Bryce",PRSBY,17,1,90,0,0,0,0,0
prsby:maninreudd,"Manin, Reudd",PRSBY,25,1,90,0,0,0,0,0
calbaptist:doregohugo,"Do Rego, Hugo",Cal Baptist,1,1,90,0,0,0,0,0
covenantcollege:honeycutteli,"Honeycutt, Eli",Covenant College,0,1,90,0,0,0,0,0
covenantcollege:landgrenfox,"Landgren, Fox",Covenant College,4,1,90,0,0,1,1,0
covenantcollege:swineharttyler,"Swinehart, Tyler",Covenant College,5,1,90,0,0,0,0,0
covenantcollege:rodyparker,"Rody, Parker",Covenant College,6,1,90,0,0,0,0,0
covenantcollege:wallisdaniel,"Wallis, Daniel",Covenant College,20,1,90,0,0,0,0,0
americaninternational:moralesfernandezlucas,"Morales-Fernandez, Lucas",American International,1,1,90,0,0,0,0,0
americaninternational:afonsoguilherme,"Afonso, Guilherme",American International,4,1,90,0,0,0,0,0
americaninternational:granholmanton,"Granholm, Anton",American International,6,1,90,0,0,0,0,0
americaninternational:consolonileo,"Consoloni, Leo",American International,18,1,90,0,0,3,1,0
virginiacommonwealthuniversity:erminijohn,"Ermini, John",Virginia Commonwealth University,00,1,90,0,0,0,0,1
virginiacommonwealthuniversity:avelardiego,"Avelar, Diego",Virginia Commonwealth University,3,1,90,0,0,0,0,0
virginiacommonwealthuniversity:drennantheo,"Drennan, Theo",Virginia Commonwealth University,4,1,90,0,0,0,0,0
virginiacommonwealthuniversity:ndiayemoussa,"Ndiaye, Moussa",Virginia Commonwealth University,5,1,90,0,0,1,0,0
virginiacommonwealthuniversity:whitelucas,"White, Lucas",Virginia Commonwealth University,17,1,90,0,0,2,1,0
southfla:schaeferfelix,"Schaefer, Felix",South Fla.,30,1,90,0,0,0,0,8
jak:sekaninachristian,"Sekanina, Christian",JAK,1,1,90,0,0,0,0,0
jak:skinnermatthew,"Skinner, Matthew",JAK,3,1,90,0,0,0,0,0
jak:dannerpaul,"Danner, Paul",JAK,6,1,90,0,0,1,0,0
universityatalbany:tsuzukikodai,"Tsuzuki, Kodai",University at Albany,1,1,90,0,0,0,0,0
stl:florianimax,"Floriani, Max",STL,5,1,90,0,0,1,1,0
stl:maherjoey,"Maher, Joey",STL,6,1,90,0,0,0,0,0
stl:eastongrady,"Easton, Grady",STL,14,1,90,0,0,0,0,0
stl:abonneljeremi,"Abonnel, Jeremi",STL,28,1,90,0,0,0,0,0
udm:mccarthycasey,"McCarthy, Casey",UDM,4,1,90,0,0,0,0,0
northernillinoisuniversity:pearsoncaleb,"Pearson, Caleb",Northern Illinois University,0,1,90,0,0,0,0,0
assumption:iversjavag,Iver Sjavag,Assumption,1,1,90,0,0,0,0,0
assumption:josephalbano,Joseph Albano,Assumption,11,1,90,0,0,0,0,0
assumption:codyholbert,Cody Holbert,Assumption,17,1,90,0,0,1,1,0
assumption:emmanueltamen,Emmanuel Tamen,Assumption,22,1,90,0,0,0,0,0
uiw:padillagiovanni,"Padilla, Giovanni",UIW,34,1,90,0,0,0,0,0
indianauniversityindianapolis:leongiovanni,"Leon, Giovanni",Indiana University Indianapolis,4,1,90,0,0,0,0,0
indianauniversityindianapolis:kummrownoah,"Kummrow, Noah",Indiana University Indianapolis,5,1,90,0,0,0,0,0
indianauniversityindianapolis:velingsgijs,"Velings, Gijs",Indiana University Indianapolis,8,1,90,0,0,1,0,0
indianauniversityindianapolis:parrishowen,"Parrish, Owen",Indiana University Indianapolis,17,1,90,0,0,1,0,0
indianauniversityindianapolis:purschalex,"Pursch, Alex",Indiana University Indianapolis,36,1,90,0,0,0,0,0
mountstmarys:hiraiittetsu,"Hirai, Ittetsu",Mount St. Mary's,35,1,90,0,0,0,0,0
marybaldwin:kincaidbrandon,"Kincaid, Brandon",Mary Baldwin,22,1,90,0,0,0,0,0
du:butkovictomas,"Butkovic, Tomas",DU,1,1,90,0,0,0,0,0
du:holtebeckaustin,"Holtebeck, Austin",DU,21,1,90,0,0,0,0,0
ucsd:premacknolan,"Premack, Nolan",UCSD,1,1,90,0,0,0,0,0
ucsd:wellersteinevan,"Wellerstein, Evan",UCSD,2,1,90,0,0,0,0,0
ucsd:redingtonjames,"Redington, James",UCSD,12,1,90,0,0,0,0,0
ucsd:braunkeenai,"Braun, Keenai",UCSD,25,1,90,0,0,2,1,0
csub:hartzenden,"Hart, Zenden",CSUB,1,1,90,0,0,0,0,0
csub:solmazsinan,"Solmaz, Sinan",CSUB,4,1,90,0,0,0,0,0
csub:geishauserluka,"Geishauser, Luka",CSUB,6,1,90,0,0,0,0,0
csub:mihoubibilal,"Mihoubi, Bilal",CSUB,7,1,90,0,0,1,0,0
csub:estradakevin,"Estrada, Kevin",CSUB,17,1,90,0,0,3,0,0
universityoftheincarnateword:bakerrochaine,"Baker, Rochaine",University of the Incarnate Word,4,1,90,0,0,1,1,0
universityoftheincarnateword:merrittmiles,"Merritt, Miles",University of the Incarnate Word,24,1,90,0,0,0,0,0
universityoftheincarnateword:delatorrealejandro,"DeLaTorre, Alejandro",University of the Incarnate Word,99,1,90,0,0,0,0,0
johnsonwalesnc:pringletristan,"Pringle, Tristan",Johnson & Wales (N.C.),18,1,90,0,0,0,0,0
avl:beckettlouis,"Beckett, Louis",AVL,6,2,90,0,0,1,0,0
gtown:ulrichluca,"Ulrich, Luca",GTOWN,0,1,90,0,0,0,0,0
gtown:jenningsmaximus,"Jennings, Maximus",GTOWN,2,1,90,0,0,2,1,0
gtown:howarderic,"Howard, Eric",GTOWN,3,1,90,0,0,2,0,0
nova:bangurafoday,"Bangura, Foday",NOVA,4,1,90,0,0,0,0,0
nova:garciajorge,"Garcia, Jorge",NOVA,10,1,90,0,0,1,0,0
nova:johnsbranden,"Johns, Branden",NOVA,11,1,90,0,0,0,0,0
nova:haggertyluke,"Haggerty, Luke",NOVA,20,1,90,0,0,0,0,0
nova:cutlerdejesussebastian,"Cutler DeJesus, Sebastian",NOVA,23,1,90,0,0,0,0,0
sta:hooddavid,"Hood, David",STA,00,1,90,0,0,0,0,0
sta:obrienjack,"O'Brien, Jack",STA,18,1,90,0,0,0,0,0
sta:jonesbrian,"Jones, Brian",STA,25,1,90,0,0,0,0,0
sta:lovelyconnor,"Lovely, Connor",STA,27,1,90,0,0,0,0,0
sta:maureryves,"Maurer, Yves",STA,29,1,90,0,0,0,0,0
fairleighdickinson:leguengabriel,"Le Guen, Gabriel",Fairleigh Dickinson,5,1,90,0,0,0,0,0
fairleighdickinson:timank,"Tima, Nk",Fairleigh Dickinson,6,1,90,0,0,0,0,0
fairleighdickinson:nishidetakuto,"Nishide, Takuto",Fairleigh Dickinson,7,1,90,0,0,1,0,0
fairleighdickinson:marquezjeffrey,"Marquez, Jeffrey",Fairleigh Dickinson,21,1,90,0,0,0,0,0
fairleighdickinson:kingspencer,"King, Spencer",Fairleigh Dickinson,25,1,90,0,0,0,0,0
saintjosephs:jkullsveinsson,Jökull Sveinsson,Saint Joseph's,4,1,90,0,0,1,0,0
bradleyuniversity:berrydrew,"Berry, Drew",Bradley University,0,1,90,0,0,0,0,0
bradleyuniversity:dickersoncharlie,"Dickerson, Charlie",Bradley University,4,1,90,0,0,2,0,0
bradleyuniversity:poncejaime,"Ponce, Jaime",Bradley University,14,1,90,0,0,0,0,0
bradleyuniversity:beaumanansahethan,"Beauman-Ansah, Ethan",Bradley University,28,1,90,0,0,0,0,0
csi:dardeiryousef,"Dardeir, Yousef",CSI,2,1,90,0,0,0,0,0
csi:kerilubrian,"Kerilu, Brian",CSI,8,1,90,0,0,0,0,0
csi:espinosamiguel,"Espinosa, Miguel",CSI,10,1,90,0,0,3,0,0
csi:karaburanjustin,"Karaburan, Justin",CSI,30,1,90,0,0,0,0,0
rhodeisland:carrollkai,"Carroll, Kai",Rhode Island,19,2,90,0,0,0,0,0
marywashington:rogersfreddy,"Rogers, Freddy",Mary Washington,1,1,90,0,0,0,0,2
indy:velingsgijs,"Velings, Gijs",INDY,8,1,90,0,0,0,0,0
indy:vermillionethan,"Vermillion, Ethan",INDY,10,1,90,0,0,6,2,0
indy:herrerajoseantonio,"Herrera, Jose Antonio",INDY,22,1,90,0,0,3,1,0
indy:hornbrady,"Horn, Brady",INDY,28,1,90,0,0,0,0,0
indy:taylormason,"Taylor, Mason",INDY,31,1,90,0,0,0,0,0
southernnewhampshire:nealpreston,"Neal, Preston",Southern New Hampshire,0,1,90,0,0,0,0,0
southernnewhampshire:ponsalex,"Pons, Alex",Southern New Hampshire,2,1,90,0,0,1,0,0
southernnewhampshire:zapatamartin,"Zapata, Martin",Southern New Hampshire,10,1,90,0,0,2,0,0
southernnewhampshire:evansliam,"Evans, Liam",Southern New Hampshire,18,1,90,0,0,0,0,0
southernnewhampshire:contehharoun,"Conteh, Haroun",Southern New Hampshire,22,1,90,0,0,0,0,0
uno:williamssahai,"Williams, Sahai",UNO,4,1,90,0,0,0,0,0
uno:lagomartin,"Lago, Martin",UNO,6,1,90,0,0,0,0,0
uno:stewartcole,"Stewart, Cole",UNO,31,1,90,0,0,0,0,0
utriograndevalley:suarezjoaquin,"Suarez, Joaquin",UT Rio Grande Valley,6,1,90,0,0,0,0,0
utriograndevalley:carrillojaime,"Carrillo, Jaime",UT Rio Grande Valley,20,1,90,0,0,1,0,0
utriograndevalley:veraarev,"Vera, Arev",UT Rio Grande Valley,24,1,90,0,0,0,0,0
utriograndevalley:carreonfernando,"Carreon, Fernando",UT Rio Grande Valley,99,1,90,0,0,0,0,2
utriograndevalley:endoshuntaro,"Endo, Shuntaro",UT Rio Grande Valley,5,1,90,0,0,0,0,0
utriograndevalley:fritzkimito,"Fritz, Kimito",UT Rio Grande Valley,2,1,90,0,0,1,1,0
117429:sanchezsergio,"Sanchez, Sergio",117429,6,1,90,0,0,0,0,0
117429:clearycallum,"Cleary, Callum",117429,20,1,90,0,0,0,0,0
bison1:bakerbryson,"Baker, Bryson",BISON_~1,10,1,90,0,0,0,0,0
bison1:lewisjackson,"Lewis, Jackson",BISON_~1,11,1,90,0,0,1,1,0
bison1:matingoutroy,"Matingou, Troy",BISON_~1,31,1,90,0,0,0,0,0
avila:daytrent,"Day, Trent",Avila,6,1,90,0,0,1,0,0
avila:kandasam,"Kanda, Sam",Avila,7,1,90,0,0,1,0,0
avila:royalex,"Roy, Alex",Avila,16,1,90,0,0,0,0,0
avila:chapmanthaddeus,"Chapman, Thaddeus",Avila,18,1,90,0,0,0,0,0
avila:youngjohnathan,"Young, Johnathan",Avila,30,1,90,0,0,0,0,0
thecitycollegeofnewyork:morenovincent,"Moreno, Vincent",The City College of New York,3,1,90,0,0,0,0,0
thecitycollegeofnewyork:ndiayealiou,"Ndiaye, Aliou",The City College of New York,8,1,90,0,0,2,1,0
thecitycollegeofnewyork:abdelmegidyusuf,"Abdelmegid, Yusuf",The City College of New York,10,1,90,0,0,3,0,0
thecitycollegeofnewyork:diakitecheik,"Diakite, Cheik",The City College of New York,30,1,90,0,0,0,0,0
bu:mcdermottdylan,"McDermott, Dylan",BU,1,1,90,0,0,0,0,0
bu:onwumererio,"Onwumere, Rio",BU,3,1,90,0,0,0,0,0
bu:yatesluke,"Yates , Luke",BU,4,1,90,0,0,0,0,0
bu:kaldorcharlie,"Kaldor, Charlie",BU,15,1,90,0,0,0,0,0
bu:gillonryan,"Gillon, Ryan",BU,23,1,90,0,0,0,0,0
wvu:bonnairemarc,"Bonnaire, Marc",WVU,1,1,90,0,0,0,0,3
wvu:jorgensenfrederik,"Jorgensen, Frederik",WVU,3,1,90,0,0,1,0,0
wvu:broughtonmax,"Broughton, Max",WVU,5,1,90,0,0,0,0,0
wvu:baerryan,"Baer, Ryan",WVU,23,1,90,0,0,1,0,0
wvu:huckabydante,"Huckaby, Dante",WVU,25,1,90,0,0,0,0,0
wvu:hernandocarlos,"Hernando, Carlos",WVU,31,1,90,0,0,0,0,0
adelphi:arangosantiago,"Arango, Santiago",Adelphi,1,1,90,0,0,0,0,0
adelphi:borovickavaclav,"Borovicka, Vaclav",Adelphi,2,1,90,0,0,1,1,0
adelphi:ablanedopablo,"Ablanedo, Pablo",Adelphi,6,1,90,0,0,0,0,0
adelphi:nolansam,"Nolan, Sam",Adelphi,8,1,90,0,0,1,0,0
adelphi:nicolaoulucas,"Nicolaou, Lucas",Adelphi,19,1,90,0,0,0,0,0
stetson:quinceyowen,"Quincey, Owen",Stetson,28,1,90,0,0,3,2,0
warnerfla:sethpolicke,Seth Policke,Warner (Fla.),29,1,90,0,0,0,0,0
stm:smithgarrett,"Smith, Garrett",STM,0,1,90,0,0,0,0,0
stm:maciascazorlaalvaro,"Macias-Cazorla, Alvaro",STM,2,1,90,0,0,1,1,0
stm:kulldrew,"Kull, Drew",STM,14,1,90,0,0,0,0,0
odu:stathammichael,"Statham, Michael",ODU,1,1,90,0,0,0,0,4
odu:bennettandrew,"Bennett, Andrew",ODU,6,1,90,0,0,1,0,0
odu:dunneteagan,"Dunne, Teagan",ODU,17,1,90,0,0,0,0,0
odu:aktanjett,"Aktan, Jett",ODU,30,1,90,0,0,0,0,0
colgateplsemifinal:townendoliver,"Townend, Oliver",Colgate — PL Semifinal,1,1,90,0,0,0,0,3
colgateplsemifinal:blackwinjacob,"Blackwin, Jacob",Colgate — PL Semifinal,3,1,90,0,0,0,0,0
colgateplsemifinal:lepperdale,"Lepper, Dale",Colgate — PL Semifinal,4,1,90,0,0,0,0,0
colgateplsemifinal:winogradliam,"Winograd, Liam",Colgate — PL Semifinal,15,1,90,0,0,0,0,0
colgateplsemifinal:pipkinblake,"Pipkin, Blake",Colgate — PL Semifinal,21,1,90,0,0,0,0,0
a10semifinalsno5fordham:abbottcarter,"Abbott, Carter",A-10 Semifinals - No. 5 Fordham,1,1,90,0,0,0,0,0
a10semifinalsno5fordham:graythomas,"Gray, Thomas",A-10 Semifinals - No. 5 Fordham,4,1,90,0,0,2,1,0
a10semifinalsno5fordham:lehrlouis,"Lehr, Louis",A-10 Semifinals - No. 5 Fordham,6,1,90,0,0,2,1,0
a10semifinalsno5fordham:grambergede,"Gramberg, Ede",A-10 Semifinals - No. 5 Fordham,8,1,90,0,0,1,1,0
a10semifinalsno5fordham:dippolitodaniel,"D'Ippolito, Daniel",A-10 Semifinals - No. 5 Fordham,10,1,90,0,0,5,1,0
a10semifinalsno5fordham:hackaalukas,"Hackaa, Lukas",A-10 Semifinals - No. 5 Fordham,11,1,90,0,0,1,0,0
a10semifinalsno5fordham:dixonjed,"Dixon, Jed",A-10 Semifinals - No. 5 Fordham,12,1,90,0,0,0,0,0
fpu:vernetkarl,"Vernet, Karl",FPU,1,1,90,0,0,0,0,0
fpu:lauriacalvojoaquin,"Lauria Calvo, Joaquin",FPU,5,1,90,0,0,3,1,0
fpu:sanchezsanchezaaron,"Sanchez Sanchez, Aaron",FPU,7,1,90,0,0,4,4,0
fpu:martinjulen,"Martin, Julen",FPU,14,1,90,0,0,0,0,0
no28marshall:janjicaleksa,"Janjic, Aleksa",No. 2/#8 Marshall,33,1,90,0,0,0,0,0
no28marshall:bamfordalex,"Bamford, Alex",No. 2/#8 Marshall,4,1,90,0,0,0,0,0
no28marshall:okiyoshitaimu,"Okiyoshi, Taimu",No. 2/#8 Marshall,8,1,90,0,0,0,0,0
no28marshall:godardtheo,"Godard, Theo",No. 2/#8 Marshall,21,1,90,0,0,0,0,0
snhu:nealpreston,"Neal, Preston",SNHU,0,1,90,0,0,0,0,0
snhu:ponsalex,"Pons, Alex",SNHU,2,1,90,0,0,0,0,0
snhu:castrogabriel,"Castro, Gabriel",SNHU,5,1,90,0,0,2,0,0
snhu:evansliam,"Evans, Liam",SNHU,18,1,90,0,0,1,0,0
snhu:caceresalejo,"Caceres, Alejo",SNHU,21,1,90,0,0,0,0,0
snhu:contehharoun,"Conteh, Haroun",SNHU,22,1,90,0,0,0,0,0
a10championshipno6saintlouis:florianimax,"Floriani, Max",A-10 Championship - No. 6 Saint Louis,5,1,90,0,0,0,0,0
a10championshipno6saintlouis:maherjoey,"Maher, Joey",A-10 Championship - No. 6 Saint Louis,6,1,90,0,0,0,0,0
a10championshipno6saintlouis:townsendbrogan,"Townsend, Brogan",A-10 Championship - No. 6 Saint Louis,8,1,90,0,0,0,0,0
a10championshipno6saintlouis:abonneljeremi,"Abonnel, Jeremi",A-10 Championship - No. 6 Saint Louis,28,1,90,0,0,0,0,0
longisland:gawronskieoin,"Gawronski, Eoin",Long Island,1,1,90,0,0,0,0,2
longisland:saavedrajoshua,"Saavedra, Joshua",Long Island,10,1,90,0,0,2,0,0
longisland:martinezalan,"Martinez, Alan",Long Island,13,1,90,0,0,3,0,0
longisland:wheelerlondell,"Wheeler, Londell",Long Island,18,1,90,0,0,1,0,0
longisland:keogansam,"Keogan, Sam",Long Island,19,1,90,0,0,1,0,0
24no4seedgeorgetown:mansketenzing,"Manske, Tenzing",(#24/No. 4 seed) Georgetown,1,1,90,0,0,0,0,3
24no4seedgeorgetown:jenningsmaximus,"Jennings, Maximus",(#24/No. 4 seed) Georgetown,2,1,90,0,0,2,0,0
24no4seedgeorgetown:howarderic,"Howard, Eric",(#24/No. 4 seed) Georgetown,3,1,90,0,0,1,1,0
24no4seedgeorgetown:lampmantate,"Lampman, Tate",(#24/No. 4 seed) Georgetown,25,1,90,0,0,0,0,0
ncaa2ndroundmichigan:otoolepatrick,"O'Toole, Patrick",NCAA 2nd Round - Michigan,2,1,90,0,0,0,0,0
ncaa2ndroundmichigan:millernolan,"Miller, Nolan",NCAA 2nd Round - Michigan,4,1,90,0,0,0,0,0
ncaa2ndroundmichigan:bakerwill,"Baker, Will",NCAA 2nd Round - Michigan,5,1,90,0,0,0,0,0
ncaa2ndroundmichigan:blevinsbryce,"Blevins, Bryce",NCAA 2nd Round - Michigan,11,1,90,0,0,3,0,0
ncaa2ndroundmichigan:ramosjoaopaulo,"Ramos, Joao Paulo",NCAA 2nd Round - Michigan,17,1,90,0,0,0,0,0
ncaa2ndroundmichigan:goldsonisaiah,"Goldson, Isaiah",NCAA 2nd Round - Michigan,28,1,90,0,0,0,0,0
8no13seedmarshallsweet16:janjicaleksa,"Janjic, Aleksa",(#8/No. 13 seed) Marshall (Sweet 16),33,1,90,0,0,0,0,7
8no13seedmarshallsweet16:apolinariothiago,"Apolinario, Thiago",(#8/No. 13 seed) Marshall (Sweet 16),3,1,90,0,0,0,0,0
8no13seedmarshallsweet16:bamfordalex,"Bamford, Alex",(#8/No. 13 seed) Marshall (Sweet 16),4,1,90,0,0,0,0,0
8no13seedmarshallsweet16:okiyoshitaimu,"Okiyoshi, Taimu",(#8/No. 13 seed) Marshall (Sweet 16),8,1,90,0,0,1,1,0
8no13seedmarshallsweet16:godardtheo,"Godard, Theo",(#8/No. 13 seed) Marshall (Sweet 16),21,1,90,0,0,0,0,0
denver:kronenbergaaron,"Kronenberg, Aaron",Denver,27,17,89,0,0,1,0,0
colgate:cardenascooper,"Cardenas, Cooper",Colgate,22,8,89,0,0,0,0,0
vcu:avelardiego,"Avelar, Diego",VCU,3,7,89,0,0,0,0,0
fau:spoonermalique,"Spooner, Malique",FAU,2,14,89,0,0,0,0,0
seattle:pedrosamarc,"Pedrosa, Marc",Seattle,31,13,89,0,0,0,0,0
emoryhenry:cunninghamgrayson,"Cunningham, Grayson",Emory & Henry,31,1,89,0,0,0,0,0
charlotte:mayatichadi,"Mayati, Chadi",Charlotte,6,19,89,0,0,0,0,0
ncwesleyan:farinarafael,"Farina, Rafael",NC Wesleyan,99,1,89,0,0,0,0,0
cornell:hutchisonmatthew,"Hutchison, Matthew",Cornell,16,11,89,0,0,1,0,0
newhaven:orosthomas,"Oros, Thomas",New Haven,13,6,89,0,0,0,0,0
coc:cushingchris,"Cushing, Chris",COC,26,1,89,0,0,1,0,0
universityatalbany:mcdermottbrennan,"McDermott, Brennan",University at Albany,20,3,89,0,0,0,0,0
edgewood:stevensriley,"Stevens, Riley",Edgewood,38,1,89,0,0,1,0,0
molm:vasquezsanti,"Vasquez, Santi",MOLM,4,1,89,0,0,0,0,0
luc:vegesackarvedvon,"Vegesack, Arved von",LUC,16,2,89,0,0,3,1,0
theuniversityofolivet:gerbasityler,"Gerbasi, Tyler",The University of Olivet,3,1,89,0,0,0,0,0
siuedwardsville:bilyeujacob,"Bilyeu, Jacob",SIU Edwardsville,17,2,89,0,0,1,0,0
utriograndevalley:sukatikgodiso,"Sukati, Kgodiso",UT Rio Grande Valley,9,1,89,0,0,2,0,0
adelphi:dugganrory,"Duggan, Rory",Adelphi,34,1,89,0,0,2,1,0
southfla:andersonjalen,"Anderson, Jalen",South Fla.,11,3,88,0,0,2,0,0
drake:hummellukas,"Hummel, Lukas",Drake,16,5,88,0,0,1,1,0
ucsandiego:barnumbryce,"Barnum, Bryce",UC San Diego,14,9,88,0,0,0,0,0
furman:mallionspencer,"Mallion, Spencer",Furman,28,9,88,0,0,0,0,0
xavier:gudbjornssonaron,"Gudbjornsson, Aron",Xavier,4,5,88,0,0,0,0,0
su:navarroperezmario,"Navarro Perez, Mario",SU,10,1,88,0,0,1,0,0
frd:leanojuanpablo,"Leano, Juan Pablo",FRD,3,1,88,0,0,0,0,0
uml:irelandliam,"Ireland, Liam",UML,11,2,88,0,0,1,1,0
virginiacommonwealthuniversity:vergaraleonel,"Vergara, Leonel",Virginia Commonwealth University,47,1,88,0,0,0,0,0
monmouth:navarrodaniel,"Navarro, Daniel",Monmouth,2,6,87,0,0,0,0,0
universityofmassachusettslowell:somorrostrosantiago,"Somorrostro, Santiago",University of Massachusetts Lowell,27,4,87,0,0,0,0,0
northernillinoisuniversity:mullenhenry,"Mullen, Henry",Northern Illinois University,17,2,87,0,0,0,0,0
centralconnecticutstate:rabassaguillamonarnau,"Rabassa Guillamon, Arnau",Central Connecticut State,9,1,87,0,0,6,0,0
farmingdalestate:anjosam,"Anjo, Sam",Farmingdale State,7,1,87,0,0,0,0,0
avl:sanguinettiroger,"Sanguinetti, Roger",AVL,5,2,87,0,0,0,0,0
bryant:gomezsantiagoblasco,"Gomez, Santiago Blasco",Bryant,6,1,87,0,0,0,0,0
indy:esquivelbali,"Esquivel, Bali",INDY,29,1,87,0,0,3,1,0
fpu:lampreialimaantonio,"Lampreia Lima, Antonio",FPU,10,1,87,0,0,2,2,0
michiganstate:emovonefosa,"Emovon, Efosa",Michigan State,8,16,86,0,0,1,1,0
charleston:riisgaardbenjamin,"Riisgaard, Benjamin",Charleston,31,15,86,0,0,2,1,0
ucf:guerreirofabio,"Guerreiro, Fabio",UCF,14,11,86,0,0,1,0,0
sandiegostate:abarcakevin,"Abarca, Kevin",San Diego State,12,7,86,0,0,0,0,0
georgetown:barrioscristalesjulian,"Barrios Cristales, Julian",Georgetown,17,15,86,0,0,1,0,0
pacific:mohamedabdullahi,"Mohamed, Abdullahi",Pacific,26,6,86,0,0,2,1,0
delaware:glasserthaddeus,"Glasser, Thaddeus",Delaware,23,10,86,0,0,1,0,0
umasslowell:starekjona,"Starek, Jona",UMass Lowell,15,4,86,0,0,1,0,0
holyfamily:duffykevin,"Duffy, Kevin",Holy Family,14,1,86,0,0,0,0,0
loyolamd:staffordcaden,"Stafford, Caden",Loyola (Md.),10,3,86,0,0,6,2,0
centralconnecticut:agyaredansoethan,"Agyare-Danso, Ethan",Central Connecticut,16,1,86,0,0,0,0,0
uvm:tsangjeremy,"Tsang, Jeremy",UVM,31,2,86,0,0,3,0,0
edgewood:lumanialdon,"Lumani, Aldon",Edgewood,6,1,86,0,0,1,1,0
du:clagettejordan,"Clagette, Jordan",DU,22,1,86,0,0,0,0,0
franklinpierce:tuckerdj,"Tucker, DJ",Franklin Pierce,15,1,86,0,0,1,0,0
franklinpierce:yahialucio,"Yahia, Lucio",Franklin Pierce,22,1,86,0,0,0,0,0
utriograndevalley:franciskeaviano,"Francis, Keaviano",UT Rio Grande Valley,10,1,86,0,0,4,2,0
floridagulfcoastuniversity:chavescao,"Chaves, Cao",Florida Gulf Coast University,8,1,86,0,0,2,0,0
wakeforest:walentvlad,"Walent, Vlad",Wake Forest,23,16,85,0,0,1,0,0
evangelmo:okorahted,"Okorah, Ted",Evangel (Mo.),2,1,85,0,0,0,0,0
evangelmo:fincatoandrea,"Fincato, Andrea",Evangel (Mo.),10,1,85,0,0,0,0,0
american:rojekpatryk,"Rojek, Patryk",American,28,5,85,0,0,0,0,0
emoryhenry:francogabe,"Franco, Gabe",Emory & Henry,27,1,85,0,0,1,0,0
bowlinggreen:dedicamer,"Dedic, Amer",Bowling Green,4,6,85,0,0,0,0,0
drake:dengdeng,"Deng, Deng",Drake,2,8,85,0,0,0,0,0
northgreenville:schttflorian,"Schütt, Florian",North Greenville,8,1,85,0,0,0,0,0
marist:kristiansenjrgenthue,"Kristiansen, Jørgen Thue",Marist,12,2,85,0,0,1,0,0
iuindianapolis:parrishowen,"Parrish, Owen",IU Indianapolis,17,2,85,0,0,1,0,0
greenbay:dunlapspencer,"Dunlap, Spencer",Green Bay,21,5,85,0,0,0,0,0
bu:coughlonmitch,"Coughlon, Mitch",BU,33,2,85,0,0,1,0,0
trine:kouyatedjimo,"Kouyate, Djimo",Trine,13,3,85,0,0,1,0,0
covenantcollege:theunissenkade,"Theunissen, Kade",Covenant College,24,1,85,0,0,0,0,0
fairleighdickinson:ferenacalex,"Ferenac, Alex",Fairleigh Dickinson,22,1,85,0,0,1,0,0
wvu:ollikainenotto,"Ollikainen, Otto",WVU,8,1,85,0,0,1,0,0
stm:pescinaalessandro,"Pescina, Alessandro",STM,8,1,85,0,0,0,0,0
jacksonville:robinsondavid,"Robinson, David",Jacksonville,15,4,84,0,0,0,0,0
northcarolina:maimartin,"Mai, Martin",North Carolina,37,17,84,0,0,3,1,0
setonhill:markerjulian,"Marker, Julian",Seton Hill,8,1,84,0,0,0,0,0
setonhill:christodoulouvasilis,"Christodoulou, Vasilis",Seton Hill,10,1,84,0,0,0,0,0
grandview:piacenzapietro,"Piacenza, Pietro",Grand View,17,1,84,0,0,0,0,0
oralroberts:hemphillroman,"Hemphill, Roman",Oral Roberts,20,8,84,0,0,1,0,0
centralconnecticut:haugephillip,"Hauge, Phillip",Central Connecticut,2,1,84,0,0,0,0,0
grandcanyonuniversity:pearcyaustin,"Pearcy, Austin",Grand Canyon University,20,1,84,0,0,0,0,0
chicagostate:cuevastapiabrayan,"Cuevas-Tapia, Brayan",Chicago State,5,2,84,0,0,0,0,0
bpt:mirandajoao,"Miranda, Joao",BPT,7,1,84,0,0,1,0,0
bpt:lecozicewen,"Le Cozic, Ewen",BPT,21,1,84,0,0,1,0,0
utrgv:floresdaniel,"Flores, Daniel",UTRGV,25,4,84,0,0,1,0,0
smu:skilbergfredrik,"Skilberg, Fredrik",SMU,11,8,84,0,0,3,1,0
molm:leonnick,"Leon, Nick",MOLM,7,1,84,0,0,1,1,0
saintjosephs:jangolinski,Jan Golinski,Saint Joseph's,15,3,84,0,0,0,0,0
virginiamilitaryinstitute:benjaminamari,"Benjamin, Amari",Virginia Military Institute,6,2,84,0,0,1,0,0
trine:macybrayden,"Macy, Brayden",Trine,17,3,84,0,0,0,0,0
bentley:fraserjohann,"Fraser, Johann",Bentley,19,1,84,0,0,4,1,0
bison1:keillerliam,"Keiller, Liam",BISON_~1,0,1,84,0,0,0,0,0
stm:mirallesxolo,"Miralles, Xolo",STM,10,1,84,0,0,0,0,0
stm:santaniellotyler,"Santaniello, Tyler",STM,17,1,84,0,0,0,0,0
marquette:mekramiadam,"Mekrami, Adam",Marquette,9,16,83,0,0,1,1,0
emoryhenry:rehbeh,"Reh, Beh",Emory & Henry,21,1,83,0,0,0,0,0
stthomas:akhigbemiles,"Akhigbe, Miles",St. Thomas,28,10,83,0,0,0,0,0
ualbany:mcdermottbrennan,"McDermott, Brennan",UAlbany,20,4,83,0,0,1,1,0
averett:lindberganton,"Lindberg, Anton",Averett,29,1,83,0,0,0,0,0
centralconnecticut:rautrevor,"Rau, Trevor",Central Connecticut,3,1,83,0,0,1,1,0
franklinpierce:morelalexsi,"Morel, Alexsi",Franklin Pierce,2,1,83,0,0,2,1,0
franklinpierce:barriguinhatiago,"Barriguinha, Tiago",Franklin Pierce,8,1,83,0,0,3,1,0
bentley:meyerschad,"Meyers, Chad",Bentley,10,1,83,0,0,0,0,0
americaninternational:menachosean,"Menacho, Sean",American International,13,1,83,0,0,0,0,0
sta:leadercaden,"Leader, Caden",STA,9,1,83,0,0,1,0,0
avila:goswellmalcolm,"Goswell, Malcolm",Avila,19,1,83,0,0,0,0,0
ncwesleyan:hartkaempersilas,"Hartkaemper, Silas",NC Wesleyan,15,1,82,0,0,0,0,0
bradley:poncejamie,"Ponce, Jamie",Bradley,14,4,82,0,0,0,0,0
eckerdcollege:miltonviktor,"Milton, Viktor",Eckerd College,5,1,82,0,0,0,0,0
nu:restreposebastian,"Restrepo, Sebastian",NU,9,3,82,0,0,6,3,0
army:boozercurtis,"Boozer, Curtis",Army,24,9,82,0,0,0,0,0
holyfamily:williamstajhay,"Williams, Tajhay",Holy Family,8,1,82,0,0,3,1,0
holyfamily:bernarddeshawn,"Bernard, Deshawn",Holy Family,11,1,82,0,0,2,0,0
ue:engenvikaudun,"Engen Vik, Audun",UE,14,2,82,0,0,0,0,0
au:takahashitaku,"Takahashi, Taku",AU,6,1,82,0,0,0,0,0
dominican:zachellohenrique,"Zachello, Henrique",Dominican,6,1,82,0,0,1,0,0
loyolamaryland:kakayirapat,"Kakayira, Pat",Loyola Maryland,2,2,82,0,0,0,0,0
eckerd:steelefinn,"Steele, Finn",Eckerd,17,1,82,0,0,0,0,0
bison:pomborjimmy,"Pombor, Jimmy",BISON,6,1,82,0,0,0,0,0
bison:whitmirecade,"Whitmire, Cade",BISON,21,1,82,0,0,0,0,0
regent:baileyconnor,"Bailey, Connor",Regent,19,1,82,0,0,0,0,0
calbaptist:kozomaraluka,"Kozomara, Luka",Cal Baptist,29,1,82,0,0,0,0,0
americaninternational:stlouisdollby,"St.Louis, Dollby",American International,24,1,82,0,0,0,0,0
marywashington:fidlerevan,"Fidler, Evan",Mary Washington,23,1,82,0,0,0,0,0
marywashington:terrellnathan,"Terrell, Nathan",Mary Washington,14,1,82,0,0,0,0,0
highpoint:bruckermatt,"Brucker, Matt",High Point,25,10,81,0,0,0,0,0
um:talladatorresjorge,"Tallada Torres, Jorge",UM,16,1,81,0,0,0,0,0
um:clearycallum,"Cleary, Callum",UM,20,1,81,0,0,0,0,0
warrenwilson:wittenmyernoah,"Wittenmyer, Noah",Warren Wilson,16,1,81,0,0,0,0,0
northgreenville:vrkicognjen,"Vrkic, Ognjen",North Greenville,16,1,81,0,0,0,0,0
averett:garciamoises,"Garcia, Moises",Averett,25,1,81,0,0,0,0,0
quincy:ellisjake,"Ellis, Jake",Quincy,17,1,81,0,0,0,0,0
stcloudstate:eklundnoah,"Eklund, Noah",St. Cloud State,3,1,81,0,0,0,0,0
stcloudstate:cooleywill,"Cooley, Will",St. Cloud State,6,1,81,0,0,0,0,0
iueast:tingbawi,"Ting, Bawi",IU East,12,1,81,0,0,0,0,0
williammary:thorsenalbert,"Thorsen, Albert",William & Mary,9,1,81,0,0,0,0,0
molm:gervasiconnor,"Gervasi, Connor",MOLM,8,1,81,0,0,0,0,0
qncm:bourlotjaeggiciro,"Bourlot Jaeggi, Ciro",QNCM,9,1,81,0,0,2,0,0
qncm:canovasrodrigo,"Canovas, Rodrigo",QNCM,22,1,81,0,0,1,1,0
post:rodriguesluis,"Rodrigues, Luis",Post,20,1,81,0,0,1,0,0
eagles:palomoleo,"Palomo, Leo",EAGLES,18,1,81,0,0,0,0,0
trine:hardygavin,"Hardy, Gavin",Trine,29,2,81,0,0,0,0,0
du:barrettryder,"Barrett, Ryder",DU,4,1,81,0,0,0,0,0
du:kirschjackson,"Kirsch, Jackson",DU,13,1,81,0,0,5,1,0
du:kipnusupreston,"Kipnusu, Preston",DU,14,1,81,0,0,1,0,0
johnsonwalesnc:davidsonparker,"Davidson, Parker",Johnson & Wales (N.C.),12,1,81,0,0,0,0,0
nova:knappcole,"Knapp, Cole",NOVA,28,1,81,0,0,0,0,0
sta:provenzanomichael,"Provenzano, Michael",STA,8,1,81,0,0,1,1,0
csi:ascenciocuevaluis,"Ascencio Cueva, Luis",CSI,5,1,81,0,0,0,0,0
indy:zimmermanliam,"Zimmerman, Liam",INDY,18,1,81,0,0,0,0,0
odu:ruddyowen,"Ruddy, Owen",ODU,19,1,81,0,0,1,1,0
longisland:chiappofrancesco,"Chiappo, Francesco",Long Island,23,1,81,0,0,0,0,0
ncaa2ndroundmichigan:herreraduilio,"Herrera, Duilio",NCAA 2nd Round - Michigan,13,1,81,0,0,2,1,0
liu:sullivancollin,"Sullivan, Collin",LIU,12,1,80,0,0,0,0,0
liu:lillismason,"Lillis, Mason",LIU,26,1,80,0,0,0,0,0
evangelmo:sydneyakari,"Sydney, Akari",Evangel (Mo.),4,1,80,0,0,0,0,0
ncwesleyan:marangoslucas,"Marangos, Lucas",NC Wesleyan,2,1,80,0,0,0,0,0
ncwesleyan:donancordonjordy,"Donan Cordon, Jordy",NC Wesleyan,5,1,80,0,0,1,0,0
ncwesleyan:evanscarson,"Evans, Carson",NC Wesleyan,8,1,80,0,0,0,0,0
ncwesleyan:dechampsbastien,"Dechamps, Bastien",NC Wesleyan,14,1,80,0,0,1,1,0
stambrose:domagalakai,"Domagala, Kai",St. Ambrose,99,1,80,0,0,0,0,0
stambrose:sancheztebadavid,"Sanchez-Teba, David",St. Ambrose,4,1,80,0,0,0,0,0
molm:murchollie,"Murch, Ollie",MOLM,6,1,80,0,0,0,0,0
radm:rubiocesar,"Rubio, Cesar",RADM,37,2,80,0,0,5,2,0
lwu:sonezjoaquin,"Sonez, Joaquin",LWU,3,2,80,0,0,3,0,0
farmingdalestate:castrorafael,"Castro, Rafael",Farmingdale State,14,1,80,0,0,0,0,0
albertusmagnuscollege:stagnarojohan,"Stagnaro, Johan",Albertus Magnus College,10,1,80,0,0,0,0,0
regent:hambrighttyler,"Hambright, Tyler",Regent,8,1,80,0,0,2,1,0
sta:bravoollelucas,"Bravo Olle, Lucas",STA,11,1,80,0,0,2,0,0
bison1:cihakkuba,"Cihak, Kuba",BISON_~1,3,1,80,0,0,1,1,0
adelphi:consolialessio,"Consoli, Alessio",Adelphi,23,1,80,0,0,0,0,0
colgateuniversity:beerlingjack,"Beerling, Jack",Colgate University,6,1,80,0,0,0,0,0
colgateuniversity:staffordcason,"Stafford, Cason",Colgate University,10,1,80,0,0,2,1,0
ucsandiego:aghaiannick,"Aghaian, Nick",UC San Diego,24,11,79,0,0,0,0,0
clevelandstate:ortegaisaac,"Ortega, Isaac",Cleveland State,15,7,79,0,0,1,1,0
californiabaptist:johnsonkristian,"Johnson, Kristian",California Baptist,25,16,79,0,0,0,0,0
sanfrancisco:parkjunwhan,"Park, Junwhan",San Francisco,22,2,79,0,0,2,1,0
emoryhenry:dunntyler,"Dunn, Tyler",Emory & Henry,20,1,79,0,0,0,0,0
northamerican:ortegapedro,"Ortega, Pedro",North American,10,1,79,0,0,1,0,0
niagarauniversity:cardonajuan,"Cardona, Juan",Niagara University,28,2,79,0,0,0,0,0
au:boyleethan,"Boyle, Ethan",AU,23,1,79,0,0,2,1,0
molm:darosasostissoed,"da Rosa Sostisso, Ed",MOLM,23,1,79,0,0,2,0,0
post:palaciossantiago,"Palacios, Santiago",Post,3,1,79,0,0,0,0,0
elonuniversity:kitchcharlie,"Kitch, Charlie",Elon University,15,1,79,0,0,0,0,0
du:leguterich,"Legut, Erich",DU,9,1,79,0,0,1,0,0
sta:kubinskiandrew,"Kubinski, Andrew",STA,7,1,79,0,0,0,0,0
blackburn:kassulkeethan,"Kassulke, Ethan",Blackburn,4,1,79,0,0,0,0,0
utriograndevalley:baltazarcesar,"Baltazar, Cesar",UT Rio Grande Valley,3,1,79,0,0,0,0,0
stm:leonejacob,"Leone, Jacob",STM,5,1,79,0,0,0,0,0
colgateplsemifinal:pahulemason,"Pahule, Mason",Colgate — PL Semifinal,8,1,79,0,0,0,0,0
grandview:baionimarco,"Baioni, Marco",Grand View,19,1,78,0,0,0,0,0
mountolive:applewhitezachary,"Applewhite, Zachary",Mount Olive,5,1,78,0,0,0,0,0
mountolive:duranmanny,"Duran, Manny",Mount Olive,14,1,78,0,0,1,1,0
campbell:morosioannis,"Moros, Ioannis",Campbell,26,8,78,0,0,0,0,0
up:vilamitjanaarnau,"Vilamitjana, Arnau",UP,14,1,78,0,0,3,0,0
virginia:howardmichael,"Howard, Michael",Virginia,35,9,78,0,0,1,0,0
eckerdcollege:shepherdtommy,"Shepherd, Tommy",Eckerd College,10,1,78,0,0,3,0,0
eckerdcollege:jenkinsonthomas,"Jenkinson, Thomas",Eckerd College,15,1,78,0,0,0,0,0
lindenwood:robertsgavin,"Roberts, Gavin",Lindenwood,18,2,78,0,0,0,0,0
notredame:rossjack,"Ross, Jack",Notre Dame,4,6,78,0,0,0,0,0
dominican:utzlorenzo,"Utz, Lorenzo",Dominican,41,1,78,0,0,0,0,0
bpt:drieuugo,"Drieu, Ugo",BPT,15,1,78,0,0,0,0,0
molm:salgueirosean,"Salgueiro, Sean",MOLM,10,1,78,0,0,1,0,0
post:ballartmarc,"Ballart, Marc",Post,29,1,78,0,0,0,0,0
uri:harristheo,"Harris, Theo",URI,18,3,78,0,0,0,0,0
hrv:khosravirustin,"Khosravi, Rustin",HRV,12,1,78,0,0,1,0,0
ucla:wrighttre,"Wright, Tre",UCLA,2,8,78,0,0,0,0,0
wm:brancodiogo,"Branco, Diogo",WM,8,1,78,0,0,2,0,0
bison:sullivanjackson,"Sullivan, Jackson",BISON,18,1,78,0,0,0,0,0
stjosephslongisland:pulisicjack,"Pulisic, Jack",St. Joseph's Long Island,12,1,78,0,0,0,0,0
stjosephslongisland:gordonsean,"Gordon, Sean",St. Joseph's Long Island,18,1,78,0,0,1,1,0
covenantcollege:tisdalewhitt,"Tisdale, Whitt",Covenant College,10,1,78,0,0,0,0,0
rhodeisland:turcojoey,"Turco, Joey",Rhode Island,31,2,78,0,0,0,0,0
bu:balkeyalex,"Balkey, Alex",BU,12,1,78,0,0,0,0,0
adelphi:attasgustav,"Attas, Gustav",Adelphi,33,1,78,0,0,0,0,0
10no1seedwvu:ollikainenotto,"Ollikainen, Otto",#10/No. 1 Seed WVU,8,1,78,0,0,1,0,0
california:lambeconnor,"Lambe, Connor",California,24,18,77,0,0,0,0,0
evangelmo:garnerryan,"Garner, Ryan",Evangel (Mo.),99,1,77,0,0,0,0,0
setonhill:heggemoscar,"Heggem, Oscar",Seton Hill,6,1,77,0,0,0,0,0
setonhill:aubreyjames,"Aubrey, James",Seton Hill,24,1,77,0,0,1,1,0
duquesne:bennettsam,"Bennett, Sam",Duquesne,5,3,77,0,0,0,0,0
radford:kiloshosadock,"Kilosho, Sadock",Radford,39,13,77,0,0,1,1,0
centralarkansas:oliverimichael,"Oliveri, Michael",Central Arkansas,9,10,77,0,0,1,0,0
bradley:petersgrant,"Peters, Grant",Bradley,15,5,77,0,0,0,0,0
uncasheville:figueroamoralesemilio,"Figueroa-Morales, Emilio",UNC Asheville,21,7,77,0,0,0,0,0
northamerican:vanegasreynaldo,"Vanegas, Reynaldo",North American,3,1,77,0,0,1,1,0
niagarauniversity:kildeedoolanpaddy,"Kildee-Doolan, Paddy",Niagara University,2,4,77,0,0,0,0,0
detroit:copelandjosh,"Copeland, Josh",Detroit,11,1,77,0,0,0,0,0
mke:gongoraangel,"Gongora, Angel",MKE,6,2,77,0,0,0,0,0
santaclara:kwendejrmartin,"Kwende Jr., Martin",Santa Clara,11,7,77,0,0,1,0,0
uiw:martinezemmanuel,"Martinez, Emmanuel",UIW,20,2,77,0,0,0,0,0
hrv:isakovicmarko,"Isakovic, Marko",HRV,10,1,77,0,0,1,0,0
hrv:ojanenjuho,"Ojanen, Juho",HRV,14,1,77,0,0,1,0,0
ud:sassineethan,"Sassine, Ethan",UD,19,1,77,0,0,1,0,0
regent:cardenaskeith,"Cardenas, Keith",Regent,9,1,77,0,0,0,0,0
calbaptist:charalampousstavros,"Charalampous, Stavros",Cal Baptist,8,1,77,0,0,0,0,0
floridagulfcoastuniversity:spernerlucas,"Sperner, Lucas",Florida Gulf Coast University,17,2,77,0,0,0,0,0
fpu:morelalexsi,"Morel, Alexsi",FPU,2,1,77,0,0,0,0,0
fpu:yahialucio,"Yahia, Lucio",FPU,22,1,77,0,0,0,0,0
a10championshipno6saintlouis:eastongrady,"Easton, Grady",A-10 Championship - No. 6 Saint Louis,14,1,77,0,0,0,0,0
8no13seedmarshallsweet16:stjernegaardalexander,"Stjernegaard, Alexander",(#8/No. 13 seed) Marshall (Sweet 16),20,1,77,0,0,0,0,0
liu:pielakasper,"Piela, Kasper",LIU,10,1,76,0,0,0,0,0
liu:krumovdavid,"Krumov, David",LIU,15,1,76,0,0,3,1,0
liu:thomasjacob,"Thomas, Jacob",LIU,20,1,76,0,0,0,0,0
liu:coughlinnate,"Coughlin, Nate",LIU,22,1,76,0,0,1,0,0
georgewashington:hissrichben,"Hissrich, Ben",George Washington,28,15,76,0,0,1,1,0
universityofnebraskaatomaha:casillasjunior,"Casillas, Junior",University of Nebraska at Omaha,11,1,76,0,0,0,0,0
grandview:scacciaclement,"Scaccia, Clement",Grand View,8,1,76,0,0,0,0,0
grandview:obiajaren,"Obia, Jaren",Grand View,22,1,76,0,0,1,1,0
saintlouis:sellersbraydon,"Sellers, Braydon",Saint Louis,24,8,76,0,0,1,0,0
ec:garciabryan,"Garcia, Bryan",EC,6,1,76,0,0,0,0,0
southcarolina:dellagraziavalentino,"Della Grazia, Valentino",South Carolina,20,9,76,0,0,1,0,0
mountstmarys:yowelljonathan,"Yowell, Jonathan",Mount St. Mary's,3,5,76,0,0,0,0,0
utr:franciskeaviano,"Francis, Keaviano",UTR,10,1,76,0,0,0,0,0
marshall:stjernegaardalexan,"Stjernegaard, Alexan",Marshall,20,1,76,0,0,1,0,0
iuindianapolis:figaroajustin,"Figaroa, Justin",IU Indianapolis,11,2,76,0,0,0,0,0
centralconnecticutstate:haugephillip,"Hauge, Phillip",Central Connecticut State,2,1,76,0,0,0,0,0
holyfamily:rowangavin,"Rowan, Gavin",Holy Family,17,1,76,0,0,1,1,0
umass:keeneybryant,"Keeney, Bryant",UMass,15,7,76,0,0,1,1,0
edgewood:dennisonjovan,"Dennison, Jovan",Edgewood,33,1,76,0,0,0,0,0
frd:naickerkris,"Naicker, Kris",FRD,13,1,76,0,0,1,0,0
unhm:ehlindaniel,"Ehlin, Daniel",UNHM,4,1,76,0,0,0,0,0
molm:ferreiradiogo,"Ferreira, Diogo",MOLM,17,1,76,0,0,0,0,0
qncm:alvarezroberto,"Alvarez, Roberto",QNCM,12,1,76,0,0,1,0,0
ual:horvatlovro,"Horvat, Lovro",UAL,26,1,76,0,0,0,0,0
eagles:takahashitaku,"Takahashi, Taku",EAGLES,6,1,76,0,0,0,0,0
eagles:snowdonoliver,"Snowdon, Oliver",EAGLES,26,1,76,0,0,1,0,0
jax:correaolivier,"Correa, Olivier",JAX,10,1,76,0,0,0,0,0
jax:skorveiver,"Skorve, Iver",JAX,21,1,76,0,0,0,0,0
suffolk:maselektj,"Maselek, TJ",Suffolk,11,1,76,0,0,0,0,0
suffolk:belluardomatthew,"Belluardo, Matthew",Suffolk,26,1,76,0,0,0,0,0
gtown:buckjoe,"Buck, Joe",GTOWN,8,1,76,0,0,2,0,0
uml:esnaolainaki,"Esnaola, Inaki",UML,10,1,76,0,0,2,2,0
southernnewhampshire:vanbuskirkjoey,"VanBuskirk, Joey",Southern New Hampshire,4,1,76,0,0,0,0,0
uno:astwoodnaz,"Astwood, Naz",UNO,18,1,76,0,0,1,0,0
wvu:caldeiramarcus,"Caldeira, Marcus",WVU,7,1,76,0,0,1,0,0
10no1seedwvu:carlsonsimon,"Carlson, Simon",#10/No. 1 Seed WVU,37,1,76,0,0,1,1,0
georgewashington:torresyago,"Torres, Yago",George Washington,27,14,75,0,0,1,0,0
longwood:krogstadmarkus,"Krogstad, Markus",Longwood,9,6,75,0,0,2,1,0
fdu:etiennedarrell,"Etienne, Darrell",FDU,13,7,75,0,0,0,0,0
stonybrook:petersmaxx,"Peters, Maxx",Stony Brook,6,7,75,0,0,1,0,0
warrenwilson:gonzaleskevin,"Gonzales, Kevin",Warren Wilson,15,1,75,0,0,1,1,0
umasslowell:holmstromoliver,"Holmstrom, Oliver",UMass Lowell,21,4,75,0,0,2,1,0
centralconnecticutstate:catanzaroanthony,"Catanzaro, Anthony",Central Connecticut State,27,3,75,0,0,2,1,0
stambrose:gaitherthomas,"Gaither, Thomas",St. Ambrose,6,1,75,0,0,0,0,0
umass:hersibilal,"Hersi, Bilal",UMass,21,6,75,0,0,2,1,0
edgewood:torresgalecristian,"Torres-Gale, Cristian",Edgewood,9,1,75,0,0,0,0,0
frd:drummondowen,"Drummond, Owen",FRD,14,1,75,0,0,0,0,0
santaclara:jacksonelijah,"Jackson, Elijah",Santa Clara,2,1,75,0,0,0,0,0
bison:mcgrathcade,"McGrath, Cade",BISON,2,1,75,0,0,1,1,0
bison:lucasjack,"Lucas, Jack",BISON,11,1,75,0,0,0,0,0
albertusmagnuscollege:wilczynskidorian,"Wilczynski, Dorian",Albertus Magnus College,18,1,75,0,0,0,0,0
albertusmagnuscollege:laurialorenzo,"Lauria, Lorenzo",Albertus Magnus College,24,1,75,0,0,0,0,0
assumption:paulbooth,Paul Booth,Assumption,12,1,75,0,0,0,0,0
southernconnecticutstate:razoozar,"Razo, Ozar",Southern Connecticut State,10,1,75,0,0,1,0,0
ucsd:carvalhomax,"Carvalho, Max",UCSD,23,1,75,0,0,3,2,0
colgateplsemifinal:staffordcason,"Stafford, Cason",Colgate — PL Semifinal,10,1,75,0,0,0,0,0
no28marshall:simonpablo,"Simon, Pablo",No. 2/#8 Marshall,11,1,75,0,0,1,1,0
a10championshipno6saintlouis:redmonlawson,"Redmon, Lawson",A-10 Championship - No. 6 Saint Louis,22,1,75,0,0,1,0,0
8no13seedmarshallsweet16:silvamarco,"Silva, Marco",(#8/No. 13 seed) Marshall (Sweet 16),47,1,75,0,0,1,0,0
hofstra:chrysostomouevangelos,"Chrysostomou, Evangelos",Hofstra,28,12,74,0,0,0,0,0
detroit:ninojohn,"Nino, John",Detroit,25,1,74,0,0,1,0,0
dominican:carneiroxaviermatheus,"Carneiro Xavier, Matheus",Dominican,16,1,74,0,0,2,0,0
ccsu:rivasjustin,"Rivas, Justin",CCSU,21,2,74,0,0,0,0,0
ucdavis:uncaninmilan,"Uncanin, Milan",UC Davis,22,4,74,0,0,0,0,0
uml:atiaomar,"Atia, Omar",UML,33,1,74,0,0,1,1,0
unf:maskerbraden,"Masker, Braden",UNF,20,2,74,0,0,0,0,0
hat:freitasjoao,"Freitas, Joao",HAT,17,1,74,0,0,0,0,0
mke:mullencolin,"Mullen, Colin",MKE,4,2,74,0,0,0,0,0
uiw:roblesdiego,"Robles, Diego",UIW,28,1,74,0,0,2,2,0
universityoftheincarnateword:downeycanon,"Downey, Canon",University of the Incarnate Word,6,1,74,0,0,0,0,0
johnsonwalesnc:tsoukalasalex,"Tsoukalas, Alex",Johnson & Wales (N.C.),7,1,74,0,0,1,0,0
gtown:mabieblaine,"Mabie, Blaine",GTOWN,12,1,74,0,0,4,1,0
duke:bulljorgensennikolai,"Bull Jorgensen, Nikolai",Duke,8,1,74,0,0,0,0,0
fpu:avendanoguillermo,"Avendano, Guillermo",FPU,9,1,74,0,0,0,0,0
ncstate:famadam,"Fam, Adam",NC State,24,20,73,0,0,0,0,0
loyolamd:wagnercurtis,"Wagner, Curtis",Loyola (MD),26,4,73,0,0,0,0,0
iuindy:purschalex,"Pursch, Alex",IU Indy,36,5,73,0,0,0,0,0
uncasheville:obradorpablo,"Obrador, Pablo",UNC Asheville,29,7,73,0,0,0,0,0
universityofevansville:robertsnate,"Roberts, Nate",University of Evansville,12,9,73,0,0,0,0,0
ncwesleyan:postdaan,"Post, Daan",NC Wesleyan,6,1,73,0,0,0,0,0
up:mercadofelipe,"Mercado, Felipe",UP,8,1,73,0,0,1,0,0
averett:giffunidiego,"Giffuni, Diego",Averett,10,1,73,0,0,0,0,0
bartoncollege:rodatzzeno,"Rodatz, Zeno",Barton College,3,1,73,0,0,0,0,0
bartoncollege:ivanovdan,"Ivanov, Dan",Barton College,8,1,73,0,0,1,1,0
bartoncollege:lopesgabrielslemer,"Lopes, Gabriel Slemer",Barton College,10,1,73,0,0,0,0,0
bartoncollege:weberluis,"Weber, Luis",Barton College,11,1,73,0,0,0,0,0
bartoncollege:browntoby,"Brown, Toby",Barton College,23,1,73,0,0,0,0,0
umasslowell:scholtencalvin,"Scholten, Calvin",UMass Lowell,28,4,73,0,0,4,2,0
bpt:sousalucas,"Sousa, Lucas",BPT,10,1,73,0,0,0,0,0
molm:morgancharlie,"Morgan, Charlie",MOLM,28,1,73,0,0,1,1,0
uml:starekjona,"Starek, Jona",UML,15,2,73,0,0,0,0,0
santaclara:halkettluke,"Halkett, Luke",Santa Clara,6,1,73,0,0,0,0,0
santaclara:dietrichfabian,"Dietrich, Fabian",Santa Clara,10,1,73,0,0,2,1,0
santaclara:hickokcarson,"Hickok, Carson",Santa Clara,16,1,73,0,0,2,1,0
saintjosephs:fitzgeraldcarter,"Fitzgerald, Carter",Saint Joseph's,00,2,73,0,0,0,0,2
floridaatlantic:kininanick,"Kinina, Nick",Florida Atlantic,6,2,73,0,0,0,0,0
gtown:vieramax,"Viera, Max",GTOWN,7,1,73,0,0,4,1,0
117429:lovettfrank,"Lovett, Frank",117429,10,1,73,0,0,2,2,0
bison1:bacicangi,"Bacic, Angi",BISON_~1,6,1,73,0,0,0,0,0
bison1:gansallopeter,"Gansallo, Peter",BISON_~1,30,1,73,0,0,1,1,0
odu:mandairkaran,"Mandair, Karan",ODU,8,1,73,0,0,0,0,0
snhu:herrmannphilipp,"Herrmann, Philipp",SNHU,9,1,73,0,0,3,1,0
longisland:diallosaidou,"Diallo, Saidou",Long Island,33,1,73,0,0,0,0,0
jacksonville:outerbridgehunter,"Outerbridge, Hunter",Jacksonville,31,5,72,0,0,1,0,0
detroitmercy:hudakfisher,"Hudak, Fisher",Detroit Mercy,5,7,72,0,0,2,1,0
radford:masudileon,"Masudi, Leon",Radford,26,13,72,0,0,0,0,0
southcarolina:nesseinar,"Ness, Einar",South Carolina,9,8,72,0,0,1,0,0
northwestern:richterhenri,"Richter, Henri",Northwestern,20,9,72,0,0,0,0,0
oakland:baylongabriel,"Baylon, Gabriel",Oakland,6,6,72,0,0,1,1,0
etsu:nejienhusdave,"Nejienhus, Dave",ETSU,2,1,72,0,0,1,1,0
northamerican:perezalejandro,"Perez, Alejandro",North American,14,1,72,0,0,0,0,0
dartmouthcollege:prestonjonathan,"Preston, Jonathan",Dartmouth College,32,15,72,0,0,0,0,0
georgemason:monessblake,"Moness, Blake",George Mason,0,6,72,0,0,0,0,0
averett:lilleydaniel,"Lilley, Daniel",Averett,12,1,72,0,0,0,0,0
liu:lipertismarcos,"Lipertis, Marcos",LIU,14,6,72,0,0,1,1,0
loyolamd:sigurjnssonlafudari,"Sigurjónsson, Ólafu Dari",Loyola (Md.),12,3,72,0,0,0,0,0
westminstercollegemo:christletyler,"Christle, Tyler",Westminster College (MO),6,1,72,0,0,1,0,0
westminstercollegemo:jonestucker,"Jones, Tucker",Westminster College (MO),29,1,72,0,0,0,0,0
siena:amaralchristian,"Amaral, Christian",Siena,28,9,72,0,0,3,1,0
hrv:bjarnasonsam,"Bjarnason, Sam",HRV,6,1,72,0,0,0,0,0
elonuniversity:klishchpetro,"Klishch, Petro",Elon University,9,1,72,0,0,0,0,0
bentley:levineevan,"Levine, Evan",Bentley,23,1,72,0,0,2,0,0
regent:gillgraylan,"Gill, Graylan",Regent,18,1,72,0,0,1,1,0
jak:correaolivier,"Correa, Olivier",JAK,10,1,72,0,0,3,2,0
suffolk:felicianiricardo,"Feliciani, Ricardo",Suffolk,12,1,72,0,0,0,0,0
avl:takagirinta,"Takagi, Rinta",AVL,13,2,72,0,0,1,1,0
fairleighdickinson:ruizkevin,"Ruiz, Kevin",Fairleigh Dickinson,2,1,72,0,0,0,0,0
fairleighdickinson:kryazhevalex,"Kryazhev, Alex",Fairleigh Dickinson,9,1,72,0,0,0,0,0
avila:sweetthomas,"Sweet, Thomas",Avila,15,1,72,0,0,0,0,0
stm:nociryan,"Noci, Ryan",STM,11,1,72,0,0,0,0,0
24no4seedgeorgetown:zenguezach,"Zengue, Zach",(#24/No. 4 seed) Georgetown,19,1,72,0,0,2,0,0
ncaa2ndroundmichigan:bucknorjason,"Bucknor, Jason",NCAA 2nd Round - Michigan,7,1,72,0,0,1,1,0
bostoncollege:melkumyanarsen,"Melkumyan, Arsen",Boston College,13,17,71,0,0,1,0,0
syracuse:smithjason,"Smith, Jason",Syracuse,1,16,71,0,0,0,0,3
sanfrancisco:mairmax,"Mair, Max",San Francisco,23,10,71,0,0,1,0,0
calpoly:schaeferluke,"Schaefer, Luke",Cal Poly,23,11,71,0,0,0,0,0
georgemason:mcgrathnoah,"McGrath, Noah",George Mason,5,8,71,0,0,0,0,0
davidsoncollege:tummalasai,"Tummala, Sai",Davidson College,26,17,71,0,0,0,0,0
floridagulfcoast:shalaarber,"Shala, Arber",Florida Gulf Coast,24,3,71,0,0,0,0,0
santaclara:hattenkai,"Hatten, Kai",Santa Clara,28,9,71,0,0,3,2,0
holyfamily:seeleyconor,"Seeley, Conor",Holy Family,13,1,71,0,0,1,0,0
unh:rosendavid,"Rosen, David",UNH,2,3,71,0,0,0,0,0
virginiamilitaryinstitute:martingrant,"Martin, Grant",Virginia Military Institute,9,2,71,0,0,0,0,0
theuniversityofolivet:vanportfleetnicholas,"Van Port Fleet, Nicholas",The University of Olivet,0,1,71,0,0,0,0,0
siuedwardsville:renzzach,"Renz, Zach",SIU Edwardsville,14,2,71,0,0,0,0,0
du:knuchelkai,"Knuchel, Kai",DU,8,1,71,0,0,0,0,0
du:schragecole,"Schrage, Cole",DU,30,1,71,0,0,1,0,0
adelphi:herrerapablo,"Herrera, Pablo",Adelphi,15,1,71,0,0,4,3,0
adelphi:debrosserichard,"DeBrosse, Richard",Adelphi,28,1,71,0,0,1,1,0
bostoncollege:galluzzodevon,"Galluzzo, Devon",Boston College,24,17,70,0,0,1,0,0
highpoint:ryderjoe,"Ryder, Joe",High Point,7,8,70,0,0,1,1,0
memphis:breidenbachdominic,"Breidenbach, Dominic",Memphis,19,15,70,0,0,0,0,0
missouristate:shabanidaniel,"Shabani, Daniel",Missouri State,19,18,70,0,0,0,0,0
setonhill:nicholsonbenjamin,"Nicholson, Benjamin",Seton Hill,2,1,70,0,0,0,0,0
setonhill:gandhibrice,"Gandhi, Brice",Seton Hill,11,1,70,0,0,1,0,0
northeastern:gardnermatty,"Gardner, Matty",Northeastern,30,7,70,0,0,0,0,0
northwest:santosdamian,"Santos, Damian",Northwest,8,1,70,0,0,0,0,0
northernillinois:mullenhenry,"Mullen, Henry",Northern Illinois,17,6,70,0,0,0,0,0
stjohns:joycekyle,"Joyce, Kyle",St. John's,23,18,70,0,0,1,0,0
saintfrancis:wolfjonah,"Wolf, Jonah",Saint Francis,6,6,70,0,0,0,0,0
airforce:rasizzisteve,"Rasizzi, Steve",Air Force,12,14,70,0,0,5,0,0
averett:kousholtoliver,"Kousholt, Oliver",Averett,31,1,70,0,0,0,0,0
uncasheville:obradoribezpablo,"Obrador Ibáñez, Pablo",UNC Asheville,29,5,70,0,0,3,1,0
su:hellertcole,"Hellert, Cole",SU,15,1,70,0,0,0,0,0
armywestpoint:mejiaowen,"Mejia, Owen",Army West Point,13,2,70,0,0,0,0,0
siena:bitonben,"Biton, Ben",Siena,30,10,70,0,0,3,1,0
iueast:lafontainelennard,"Lafontaine, Lennard",IU East,8,1,70,0,0,0,0,0
utrgv:oconnorfinn,"O'Connor, Finn",UTRGV,22,3,70,0,0,0,0,0
edgewood:kerrjoshua,"Kerr, Joshua",Edgewood,8,1,70,0,0,0,0,0
post:righidiego,"Righi, Diego",Post,15,1,70,0,0,1,0,0
eckerd:rodriguezluciano,"Rodriguez, Luciano",Eckerd,7,1,70,0,0,0,0,0
uml:ferreirajonathan,"Ferreira, Jonathan",UML,7,2,70,0,0,3,2,0
eagles:boyleethan,"Boyle, Ethan",EAGLES,23,1,70,0,0,0,0,0
calbaptist:gustafssonotto,"Gustafsson, Otto",Cal Baptist,4,1,70,0,0,0,0,0
stl:henrygershon,"Henry, Gershon",STL,3,1,70,0,0,0,0,0
loyolauniversitymaryland:schoutenben,"Schouten, Ben",Loyola University Maryland,18,2,70,0,0,0,0,0
csub:rocabogart,"Roca, Bogart",CSUB,2,1,70,0,0,0,0,0
csub:arrasfilip,"Arras, Filip",CSUB,16,1,70,0,0,0,0,0
avl:woodcharlie,"Wood, Charlie",AVL,24,2,70,0,0,1,0,0
no28marshall:stjernegaardalexander,"Stjernegaard, Alexander",No. 2/#8 Marshall,20,1,70,0,0,3,2,0
sandiego:mcnaughtonethan,"McNaughton, Ethan",San Diego,18,9,69,0,0,0,0,0
highpoint:holtroman,"Holt, Roman",High Point,15,4,69,0,0,0,0,0
charleston:dowlerconor,"Dowler, Conor",Charleston,15,15,69,0,0,0,0,0
universityofnebraskaatomaha:kleintheo,"Klein, Theo",University of Nebraska at Omaha,10,1,69,0,0,3,2,0
westernillinois:hypoliteabdul,"Hypolite, Abdul",Western Illinois,19,4,69,0,0,2,1,0
um:kolardavid,"Kolar, David",UM,2,1,69,0,0,1,1,0
grandcanyon:topeteiann,"Topete, Iann",Grand Canyon,7,8,69,0,0,0,0,0
detroit:sanbornryan,"Sanborn, Ryan",Detroit,13,1,69,0,0,2,2,0
liu:justincicgianluca,"Justincic, Gianluca",LIU,31,2,69,0,0,0,0,0
su:freyssonolafur,"Freysson, Olafur",SU,14,1,69,0,0,2,1,0
umasslowell:somorrostrosantiago,"Somorrostro, Santiago",UMass Lowell,27,4,69,0,0,0,0,0
au:snowdonoliver,"Snowdon, Oliver",AU,26,1,69,0,0,1,0,0
williammary:feitosaguilherme,"Feitosa, Guilherme",William & Mary,10,1,69,0,0,0,0,0
frd:readcody,"Read, Cody",FRD,4,1,69,0,0,0,0,0
frd:drillenthomas,"Drillen, Thomas",FRD,19,1,69,0,0,1,0,0
frd:dannersam,"Danner, Sam",FRD,29,1,69,0,0,0,0,0
jak:gonzalezjuanpablo,"Gonzalez, Juan Pablo",JAK,26,1,69,0,0,1,0,0
marybaldwin:hernandezyefferson,"Hernandez, Yefferson",Mary Baldwin,10,1,69,0,0,1,1,0
marybaldwin:headleyedward,"Headley, Edward",Mary Baldwin,14,1,69,0,0,3,0,0
johnsonwalesnc:castroalex,"Castro, Alex",Johnson & Wales (N.C.),30,1,69,0,0,0,0,0
gtown:zenguezach,"Zengue, Zach",GTOWN,19,1,69,0,0,1,0,0
southernnewhampshire:ortegachus,"Ortega, Chus",Southern New Hampshire,6,1,69,0,0,0,0,0
stm:schrammamos,"Schramm, Amos",STM,23,1,69,0,0,3,2,0
colgateplsemifinal:harrisethan,"Harris, Ethan",Colgate — PL Semifinal,13,1,69,0,0,0,0,0
a10semifinalsno5fordham:calkapmurat,"Calkap, Murat",A-10 Semifinals - No. 5 Fordham,7,1,69,0,0,0,0,0
uic:kallabaandi,"Kallaba, Andi",UIC,24,8,68,0,0,3,2,0
houstonchristian:brauerersoysander,"Brauer-Ersoy, Sander",Houston Christian,23,4,68,0,0,0,0,0
ucirvine:quarcooisaiah,"Quarcoo, Isaiah",UC Irvine,21,15,68,0,0,0,0,0
universityofchicago:raendenwilliam,"Raenden, William",University of Chicago,4,1,68,0,0,1,1,0
universityofchicago:mendozadanny,"Mendoza, Danny",University of Chicago,26,1,68,0,0,1,1,0
stthomas:connakercullen,"Connaker, Cullen",St. Thomas,13,9,68,0,0,0,0,0
jamesmadison:mooreliam,"Moore, Liam",James Madison,2,16,68,0,0,1,0,0
omaha:konejunior,"Kone, Junior",Omaha,15,8,68,0,0,1,0,0
mountstmarys:chhetridanny,"Chhetri, Danny",Mount St. Mary's,38,6,68,0,0,0,0,0
presbyterian:mitchelldavid,"Mitchell, David",Presbyterian,19,5,68,0,0,0,0,0
bpt:laruesoren,"Larue, Soren",BPT,3,1,68,0,0,0,0,0
dominican:selwaybrandon,"Selway, Brandon",Dominican,3,1,68,0,0,1,1,0
dominican:reiseric,"Reis, Eric",Dominican,4,1,68,0,0,0,0,0
albertusmagnuscollege:stonemorgan,"Stone, Morgan",Albertus Magnus College,8,1,68,0,0,0,0,0
calbaptist:quispeljan,"Quispel, Jan",Cal Baptist,12,1,68,0,0,0,0,0
americaninternational:sundbergaxel,"Sundberg, Axel",American International,16,1,68,0,0,0,0,0
flaatlantic:ranierifrancisco,"Ranieri, Francisco",Fla. Atlantic,1,2,68,0,0,0,0,6
assumption:ludwigfalk,Ludwig Falk,Assumption,6,1,68,0,0,0,0,0
marybaldwin:canaleserly,"Canales, Erly",Mary Baldwin,30,1,68,0,0,1,1,0
marybaldwin:dobbinconor,"Dobbin, Conor",Mary Baldwin,18,1,68,0,0,2,1,0
bradleyuniversity:koulaidj,"Koulai, DJ",Bradley University,13,1,68,0,0,0,0,0
indy:nielsenchristian,"Nielsen, Christian",INDY,32,1,68,0,0,3,2,0
usi:gonzalezricardo,"Gonzalez, Ricardo",USI,26,1,68,0,0,0,0,0
fpu:oostendorpjesse,"Oostendorp, Jesse",FPU,3,1,68,0,0,1,0,0
grandview:augustofelipe,"Augusto, Felipe",Grand View,12,1,67,0,0,0,0,0
universityofchicago:leukerjack,"Leuker, Jack",University of Chicago,2,1,67,0,0,0,0,0
universityofchicago:leealex,"Lee, Alex",University of Chicago,9,1,67,0,0,0,0,0
universityofchicago:martindavid,"Martin, David",University of Chicago,22,1,67,0,0,0,0,0
universityofchicago:hulyndon,"Hu, Lyndon",University of Chicago,24,1,67,0,0,0,0,0
universityofchicago:gomasalex,"Gomas, Alex",University of Chicago,29,1,67,0,0,0,0,0
northwest:santosandre,"Santos, Andre",Northwest,10,1,67,0,0,0,0,0
mountolive:gonzalezgancedojuan,"Gonzalez-Gancedo, Juan",Mount Olive,7,1,67,0,0,1,0,0
sacramentostate:singhagnad,"Singh, Agnad",Sacramento State,24,1,67,0,0,0,0,0
usi:matthewsbraden,"Matthews, Braden",USI,0,2,67,0,0,0,0,0
newjerseyinstituteoftechnology:parksgrayson,"Parks, Grayson",New Jersey Institute of Technology,2,2,67,0,0,1,1,0
bison:robertojack,"Roberto, Jack",BISON,9,1,67,0,0,0,0,0
elonuniversity:donlanjack,"Donlan, Jack",Elon University,3,1,67,0,0,0,0,0
hat:condeafonso,"Conde, Afonso",HAT,7,1,67,0,0,1,1,0
jak:davidssonkasper,"Davidsson, Kasper",JAK,4,1,67,0,0,0,0,0
marybaldwin:sorianosotojustin,"Soriano Soto, Justin",Mary Baldwin,26,1,67,0,0,0,0,0
johnsonwalesnc:steevesdylan,"Steeves, Dylan",Johnson & Wales (N.C.),6,1,67,0,0,0,0,0
johnsonwalesnc:walshgiancarlo,"Walsh, Giancarlo",Johnson & Wales (N.C.),16,1,67,0,0,2,0,0
johnsonwalesnc:seguinniklas,"Seguin, Niklas",Johnson & Wales (N.C.),25,1,67,0,0,0,0,0
nova:vallesdiego,"Valles, Diego",NOVA,2,1,67,0,0,0,0,0
uno:boehmthore,"Boehm, Thore",UNO,22,1,67,0,0,0,0,0
thecitycollegeofnewyork:sullivankiernan,"Sullivan, Kiernan",The City College of New York,2,1,67,0,0,0,0,0
seattle:yamazakikai,"Yamazaki, Kai",Seattle,8,11,66,0,0,0,0,0
uic:radovanovicveljko,"Radovanovic, Veljko",UIC,19,6,66,0,0,0,0,0
pc:walkeralex,"Walker, Alex",PC,13,3,66,0,0,0,0,0
oralroberts:bratcherjack,"Bratcher, Jack",Oral Roberts,12,9,66,0,0,0,0,0
massachusetts:keeneybryant,"Keeney, Bryant",Massachusetts,15,3,66,0,0,0,0,0
edgewood:kaupbrandon,"Kaup, Brandon",Edgewood,20,1,66,0,0,0,0,0
frd:pernostephen,"Perno, Stephen",FRD,27,1,66,0,0,0,0,0
howard:wyzedalyireal,"Wyze-Daly, Ireal",Howard,98,2,66,0,0,0,0,4
uml:scholtencalvin,"Scholten, Calvin",UML,28,2,66,0,0,1,1,0
marquette:iriartematt,"Iriarte, Matt",Marquette,14,4,66,0,0,0,0,0
jax:schweickertevan,"Schweickert, Evan",JAX,8,1,66,0,0,0,0,0
calbaptist:dagostinoblake,"D'Agostino, Blake",Cal Baptist,21,1,66,0,0,2,1,0
loyolachicago:vonvegesackarved,"von Vegesack, Arved",Loyola Chicago,16,2,66,0,0,0,0,0
ucsd:sellersquinn,"Sellers, Quinn",UCSD,8,1,66,0,0,1,0,0
loyola:smitheddie,"Smith, Eddie",Loyola,16,2,66,0,0,1,1,0
ncaadivisioniichampionshipfirstroundvsconcord:alvarezmainaignacio,"Alvarez Maina, Ignacio",NCAA Division II Championship First Round vs Concord,17,1,66,0,0,1,0,0
ncaa2ndroundmichigan:sotobeto,"Soto, Beto",NCAA 2nd Round - Michigan,21,1,66,0,0,0,0,0
8no13seedmarshallsweet16:pannholzertarik,"Pannholzer, Tarik",(#8/No. 13 seed) Marshall (Sweet 16),9,1,66,0,0,1,0,0
8no13seedmarshallsweet16:fujitatakahiro,"Fujita, Takahiro",(#8/No. 13 seed) Marshall (Sweet 16),15,1,66,0,0,0,0,0
mercyhurst:onrubiadelgadogonzalo,"Onrubia Delgado, Gonzalo",Mercyhurst,1,4,65,0,0,0,0,0
gardnerwebb:yamanemikio,"Yamane, Mikio",Gardner-Webb,25,20,65,0,0,0,0,0
saintmarys:polyukhalex,"Polyukh, Alex",Saint Mary's,29,13,65,0,0,0,0,0
ec:bentcharles,"Bent, Charles",EC,3,1,65,0,0,0,0,0
utr:veraarev,"Vera, Arev",UTR,24,1,65,0,0,0,0,0
su:vrdoljaktomislav,"Vrdoljak, Tomislav",SU,18,1,65,0,0,1,0,0
holyfamily:revueltasergio,"Revuelta, Sergio",Holy Family,10,1,65,0,0,1,1,0
umass:biancojoseph,"Bianco, Joseph",UMass,13,4,65,0,0,0,0,0
pittsburgh:baierleintim,"Baierlein, Tim",Pittsburgh,16,10,65,0,0,2,1,0
westmont:reyesalex,"Reyes, Alex",Westmont,2,2,65,0,0,0,0,0
westmont:marinovyordan,"Marinov, Yordan",Westmont,21,2,65,0,0,1,0,0
molm:starmatt,"Star, Matt",MOLM,18,1,65,0,0,1,1,0
saintlouis:lhommedieugreg,"L'Hommedieu, Greg",Saint Louis,30,5,65,0,0,0,0,0
chicagostate:ourognaoarafath,"Ouro-Gnao, Arafath",Chicago State,17,1,65,0,0,0,0,0
keiser:boomkenstimo,"Boomkens, Timo",Keiser,4,1,65,0,0,0,0,0
keiser:konatefami,"Konate, Fami",Keiser,11,1,65,0,0,0,0,0
albertusmagnuscollege:baldwinroger,"Baldwin, Roger",Albertus Magnus College,9,1,65,0,0,0,0,0
assumption:kiancharris,Kian Charris,Assumption,14,1,65,0,0,0,0,0
csub:velasquezjoey,"Velasquez, Joey",CSUB,21,1,65,0,0,0,0,0
johnsonwalesnc:ariasjacob,"Arias, Jacob",Johnson & Wales (N.C.),8,1,65,0,0,0,0,0
sta:verowzach,"Verow, Zach",STA,13,1,65,0,0,1,0,0
csi:deplanjudley,"Deplan, Judley",CSI,24,1,65,0,0,0,0,0
marywashington:santanajordy,"Santana, Jordy",Mary Washington,5,1,65,0,0,0,0,0
southernnewhampshire:pereziago,"Perez, Iago",Southern New Hampshire,11,1,65,0,0,4,1,0
southernnewhampshire:caceresalejo,"Caceres, Alejo",Southern New Hampshire,21,1,65,0,0,0,0,0
bison1:stallingsroman,"Stallings, Roman",BISON_~1,13,1,65,0,0,0,0,0
floridagulfcoastuniversity:barforoshluke,"Barforosh, Luke",Florida Gulf Coast University,2,1,65,0,0,0,0,0
24no4seedgeorgetown:vieramax,"Viera, Max",(#24/No. 4 seed) Georgetown,7,1,65,0,0,0,0,0
24no4seedgeorgetown:bakermitchell,"Baker, Mitchell",(#24/No. 4 seed) Georgetown,18,1,65,0,0,3,0,0
hofstra:mattonlewis,"Matton, Lewis",Hofstra,31,1,64,0,0,0,0,0
uconn:dennisgiovanni,"Dennis, Giovanni",UConn,29,14,64,0,0,0,0,0
uncgreensboro:salterben,"Salter, Ben",UNC Greensboro,16,12,64,0,0,0,0,0
iuindy:kegerreisluke,"Kegerreis, Luke",IU Indy,21,3,64,0,0,0,0,0
easternillinois:goratrey,"Gora, Trey",Eastern Illinois,12,3,64,0,0,0,0,0
sanfrancisco:firestoneryan,"Firestone, Ryan",San Francisco,3,10,64,0,0,1,1,0
robertmorris:reidtayshaun,"Reid, Tayshaun",Robert Morris,13,1,64,0,0,0,0,0
northamerican:moralesjoanremoc,"Morales, Joan Remo C.",North American,47,1,64,0,0,3,3,0
averett:tyssandierleandre,"Tyssandier, Leandre",Averett,6,1,64,0,0,0,0,0
indiana:reidellluke,"Reidell, Luke",Indiana,25,18,64,0,0,2,1,0
usi:younggabe,"Young, Gabe",USI,28,1,64,0,0,1,0,0
mke:bowdenjack,"Bowden, Jack",MKE,14,2,64,0,0,2,0,0
clemson:watsonterry,"Watson, Terry",Clemson,5,6,64,0,0,0,0,0
luc:andruskomatthew,"Andrusko, Matthew",LUC,22,3,64,0,0,3,2,0
du:thomasryan,"Thomas, Ryan",DU,2,1,64,0,0,0,0,0
uml:perezoscar,"Perez, Oscar",UML,5,1,64,0,0,1,0,0
southernconnecticutstate:nagysamuel,"Nagy, Samuel",Southern Connecticut State,18,1,64,0,0,1,0,0
niu:drazekjakub,"Drazek, Jakub",NIU,6,2,64,0,0,0,0,0
stbonaventure:szczepanskitristan,"Szczepanski, Tristan",St. Bonaventure,27,4,64,0,0,0,0,0
calbaptist:hendersonalex,"Henderson, Alex",Cal Baptist,6,1,64,0,0,0,0,0
covenantcollege:moirzachary,"Moir, Zachary",Covenant College,3,1,64,0,0,2,1,0
stl:lopestiago,"Lopes, Tiago",STL,4,1,64,0,0,0,0,0
indianauniversityindianapolis:bruckerbaela,"Brucker, Baela",Indiana University Indianapolis,3,1,64,0,0,1,0,0
indianauniversityindianapolis:radekecameron,"Radeke, Cameron",Indiana University Indianapolis,9,1,64,0,0,3,0,0
indianauniversityindianapolis:figaroajustin,"Figaroa, Justin",Indiana University Indianapolis,11,1,64,0,0,0,0,0
floridaatlantic:stewartajay,"Stewart, Ajay",Florida Atlantic,16,2,64,0,0,0,0,0
ucsd:kawamurajonah,"Kawamura, Jonah",UCSD,19,1,64,0,0,0,0,0
bradleyuniversity:nicastroalex,"Nicastro, Alex",Bradley University,2,1,64,0,0,1,1,0
bradleyuniversity:fowlkesamari,"Fowlkes, Amari",Bradley University,19,1,64,0,0,1,0,0
loyola:mcevoycole,"McEvoy, Cole",Loyola,7,3,64,0,0,2,0,0
marywashington:hoskinsblake,"Hoskins, Blake",Mary Washington,21,1,64,0,0,0,0,0
ust:therrienchance,"Therrien, Chance",UST,6,1,64,0,0,0,0,0
utriograndevalley:adorabel,"Ador, Abel",UT Rio Grande Valley,4,1,64,0,0,2,1,0
westernmichigan:usiakty,"Usiak, Ty",Western Michigan,22,9,63,0,0,2,0,0
elon:buckonryan,"Buckon, Ryan",Elon,14,10,63,0,0,0,0,0
stetson:elkhamissyadam,"Elkhamissy, Adam",Stetson,32,6,63,0,0,0,0,0
universityofmassachusettslowell:harguindeymartin,"Harguindey, Martin",University of Massachusetts Lowell,19,3,63,0,0,1,0,0
northgreenville:silvavinicius,"Silva, Vinicius",North Greenville,10,1,63,0,0,1,1,0
northgreenville:porazzoluke,"Porazzo, Luke",North Greenville,18,1,63,0,0,0,0,0
averett:yatestyler,"Yates, Tyler",Averett,0,1,63,0,0,0,0,4
averett:vazquezsanjurjojaime,"Vazquez Sanjurjo, Jaime",Averett,30,1,63,0,0,0,0,0
bartoncollege:gunnarssonsteingrimur,"Gunnarsson, Steingrimur",Barton College,1,1,63,0,0,0,0,4
vmi:pateanthony,"Pate, Anthony",VMI,22,4,63,0,0,0,0,0
quincy:morenohenaocarlos,"Moreno Henao, Carlos",Quincy,5,1,63,0,0,0,0,0
dominican:martinezderek,"Martinez, Derek",Dominican,4,1,63,0,0,0,0,0
edgewood:kondegwomiguel,"Konde Gwo, Miguel",Edgewood,7,1,63,0,0,0,0,0
harvard:dominguezedwin,"Dominguez, Edwin",Harvard,28,6,63,0,0,0,0,0
elonuniversity:nenningersumner,"Nenninger, Sumner",Elon University,25,1,63,0,0,0,0,0
stjosephslongisland:searadevin,"Seara, Devin",St. Joseph's Long Island,17,1,63,0,0,0,0,0
theuniversityofolivet:buchankyle,"Buchan, Kyle",The University of Olivet,7,1,63,0,0,0,0,0
theuniversityofolivet:stephanzachary,"Stephan, Zachary",The University of Olivet,8,1,63,0,0,0,0,0
albertusmagnuscollege:coelhoaiden,"Coelho, Aiden",Albertus Magnus College,7,1,63,0,0,0,0,0
bentley:staadebendix,"Staade, Bendix",Bentley,32,1,63,0,0,0,0,0
jak:fernandezjulian,"Fernandez, Julian",JAK,32,1,63,0,0,1,0,0
stl:wardnate,"Ward, Nate",STL,33,1,63,0,0,0,0,0
mke:lopezalan,"Lopez, Alan",MKE,17,1,63,0,0,0,0,0
assumption:isacwilliamson,Isac Williamson,Assumption,9,1,63,0,0,1,0,0
bradleyuniversity:mejiaskevin,"Mejias, Kevin",Bradley University,23,1,63,0,0,0,0,0
universityatalbany:leechris,"Lee, Chris",University at Albany,12,2,63,0,0,0,0,0
utriograndevalley:torrepablo,"Torre, Pablo",UT Rio Grande Valley,17,1,63,0,0,1,1,0
thecitycollegeofnewyork:hamdipachayanis,"Hamdi Pacha, Yanis",The City College of New York,22,1,63,0,0,0,0,0
snhu:ortegachus,"Ortega, Chus",SNHU,6,1,63,0,0,0,0,0
24no4seedgeorgetown:vanhornmatthew,"Van Horn, Matthew",(#24/No. 4 seed) Georgetown,28,1,63,0,0,1,1,0
louisville:murphysammy,"Murphy, Sammy",Louisville,11,15,62,0,0,0,0,0
army:tuckerliam,"Tucker, Liam",Army,27,12,62,0,0,0,0,0
tulsa:sanchezty,"Sanchez, Ty",Tulsa,24,14,62,0,0,3,2,0
mountolive:semolaguilherme,"Semola, Guilherme",Mount Olive,8,1,62,0,0,0,0,0
csubakersfield:mileycurtis,"Miley, Curtis",CSU Bakersfield,19,4,62,0,0,0,0,0
eckerdcollege:williamscaden,"Williams, Caden",Eckerd College,29,1,62,0,0,1,1,0
setonhall:luengobenjamin,"Luengo, Benjamin",Seton Hall,3,16,62,0,0,0,0,0
mountstmarys:rodriguezchristian,"Rodriguez, Christian",Mount St. Mary's,20,4,62,0,0,0,0,0
merrimackcollege:hansonbeniah,"Hanson, Beniah",Merrimack College,24,4,62,0,0,0,0,0
furman:sosamiguel,"Sosa, Miguel",Furman,14,9,62,0,0,2,1,0
coc:walkerhogan,"Walker, Hogan",COC,18,1,62,0,0,0,0,0
stcloudstate:plumhoffaustin,"Plumhoff, Austin",St. Cloud State,2,1,62,0,0,0,0,0
hrv:langenbahntim,"Langenbahn, Tim",HRV,31,1,62,0,0,0,0,0
rhit:kriekaidan,"Kriek, Aidan",RHIT,3,1,62,0,0,0,0,0
rhit:pohljacob,"Pohl, Jacob",RHIT,15,1,62,0,0,1,0,0
rhit:hardersenelijah,"Hardersen, Elijah",RHIT,22,1,62,0,0,0,0,0
americaninternational:lafayettethomas,"Lafayette, Thomas",American International,7,1,62,0,0,2,0,0
avl:lagerweyowen,"Lagerwey, Owen",AVL,20,2,62,0,0,0,0,0
csi:maguirebrendan,"Maguire, Brendan",CSI,9,1,62,0,0,1,1,0
floridaatlantic:heerfordtkasper,"Heerfordt, Kasper",Florida Atlantic,19,1,62,0,0,0,0,0
ust:akhigbemiles,"Akhigbe, Miles",UST,28,1,62,0,0,0,0,0
117429:johnsonasher,"Johnson, Asher",117429,48,1,62,0,0,0,0,0
bison1:kabandaniil,"Kaban, Daniil",BISON_~1,8,1,62,0,0,0,0,0
ucsantabarbara:danquahdavid,"Danquah, David",UC Santa Barbara,11,6,61,0,0,0,0,0
evangelmo:gilliamethan,"Gilliam, Ethan",Evangel (Mo.),25,1,61,0,0,0,0,0
stonehillcollege:rapozajarod,"Rapoza, Jarod",Stonehill College,2,1,61,0,0,0,0,0
coastalcarolina:cookchristian,"Cook, Christian",Coastal Carolina,21,14,61,0,0,2,0,0
northernillinois:beardbraeden,"Beard, Braeden",Northern Illinois,27,5,61,0,0,0,0,0
indiana:yeagleygrant,"Yeagley, Grant",Indiana,28,19,61,0,0,2,1,0
akron:kaminskibrett,"Kaminski, Brett",Akron,30,19,61,0,0,0,0,1
up:greningcasper,"Grening, Casper",UP,11,1,61,0,0,0,0,0
gb:murraypowelljeloni,"Murray-Powell, Jeloni",GB,6,1,61,0,0,0,0,0
gb:sophanavongmyles,"Sophanavong, Myles",GB,10,1,61,0,0,3,0,0
northgreenville:tylercooper,"Tyler, Cooper",North Greenville,21,1,61,0,0,0,0,0
quincy:loretomatheus,"Loreto, Matheus",Quincy,8,1,61,0,0,0,0,0
quincy:vistnespaal,"Vistnes, Paal",Quincy,12,1,61,0,0,0,0,0
iueast:lamproupeter,"Lamprou, Peter",IU East,1,1,61,0,0,0,0,3
bpt:beatrixenzo,"Beatrix, Enzo",BPT,11,1,61,0,0,1,1,0
universityofevansville:edstromhakon,"Edstrom, Hakon",University of Evansville,21,1,61,0,0,1,0,0
southernconnecticutstate:mensahedward,"Mensah, Edward",Southern Connecticut State,5,1,61,0,0,1,1,0
southernconnecticutstate:matthewselliot,"Matthews, Elliot",Southern Connecticut State,22,1,61,0,0,1,0,0
bentley:velorialogan,"Veloria, Logan",Bentley,26,1,61,0,0,2,0,0
regent:bellcooper,"Bell, Cooper",Regent,17,1,61,0,0,0,0,0
calbaptist:hardindrew,"Hardin, Drew",Cal Baptist,10,1,61,0,0,0,0,0
assumption:bradydevos,Brady Devos,Assumption,2,1,61,0,0,0,0,0
olivetnazarene:lambertinathan,"Lamberti, Nathan",Olivet Nazarene,00,1,61,0,0,0,0,0
olivetnazarene:vandenberggijs,"Van Den Berg, Gijs",Olivet Nazarene,5,1,61,0,0,0,0,0
bradleyuniversity:pettinarolifrancesco,"Pettinaroli, Francesco",Bradley University,22,1,61,0,0,1,0,0
blackburn:ibarguenhenry,"Ibarguen, Henry",Blackburn,22,1,61,0,0,0,0,0
stm:ahmedmuntasir,"Ahmed, Muntasir",STM,12,1,61,0,0,0,0,0
snhu:gonzalezdani,"Gonzalez, Dani",SNHU,20,1,61,0,0,2,2,0
a10championshipno6saintlouis:laraluis,"Lara, Luis",A-10 Championship - No. 6 Saint Louis,11,1,61,0,0,1,0,0
a10championshipno6saintlouis:fournierdrake,"Fournier, Drake",A-10 Championship - No. 6 Saint Louis,19,1,61,0,0,1,0,0
california:robiecameron,"Robie, Cameron",California,23,18,60,0,0,0,0,0
southfla:hervouinlouis,"Hervouin, Louis",South Fla.,16,3,60,0,0,0,0,0
lehigh:adkinsjax,"Adkins, Jax",Lehigh,21,13,60,0,0,0,0,0
marshall:prescottethan,"Prescott, Ethan",Marshall,13,17,60,0,0,0,0,0
westvirginia:stevanovicbraden,"Stevanovic, Braden",West Virginia,9,13,60,0,0,0,0,0
um:santosluisfelipe,"Santos, Luis Felipe",UM,14,1,60,0,0,0,0,0
warrenwilson:hayesdallas,"Hayes, Dallas",Warren Wilson,2,1,60,0,0,0,0,0
northamerican:torrecillasjorge,"Torrecillas, Jorge",North American,24,1,60,0,0,0,0,0
quincy:harbottleleo,"Harbottle, Leo",Quincy,15,1,60,0,0,0,0,0
loyolauniversitymaryland:memingerbrandon,"Meminger, Brandon",Loyola University Maryland,13,3,60,0,0,2,1,0
stambrose:pelopidapolvios,"Pelopida, Polvios",St. Ambrose,15,1,60,0,0,0,0,0
coc:barrettjames,"Barrett, James",COC,24,1,60,0,0,0,0,0
stcloudstate:worsdellowen,"Worsdell, Owen",St. Cloud State,22,1,60,0,0,0,0,0
unhm:trastulligianluca,"Trastulli, Gianluca",UNHM,16,1,60,0,0,0,0,0
dominican:freitasnathan,"Freitas, Nathan",Dominican,34,1,60,0,0,0,0,0
uiw:ordonezdaniel,"Ordonez, Daniel",UIW,3,2,60,0,0,0,0,0
virginiacommonwealthuniversity:ibrahimmohammed,"Ibrahim, Mohammed",Virginia Commonwealth University,30,1,60,0,0,0,0,0
saintjosephs:collinskenyatta,"Collins, Kenyatta",Saint Joseph's,2,3,60,0,0,1,0,0
udm:hudakfisher,"Hudak, Fisher",UDM,5,1,60,0,0,1,1,0
assumption:jorgokaramelo,Jorgo Karamelo,Assumption,7,1,60,0,0,0,0,0
ucsd:mcgeeandrew,"McGee, Andrew",UCSD,17,1,60,0,0,3,1,0
ucsd:oppenheimkai,"Oppenheim, Kai",UCSD,29,1,60,0,0,0,0,0
bradleyuniversity:woolleydominic,"Woolley, Dominic",Bradley University,5,1,60,0,0,1,1,0
umasslowell:esnaolainaki,"Esnaola, Inaki",UMass Lowell,10,1,60,0,0,0,0,0
wvu:orsnavarrosergio,"Ors Navarro, Sergio",WVU,20,1,60,0,0,1,0,0
colgateplsemifinal:beerlingjack,"Beerling, Jack",Colgate — PL Semifinal,6,1,60,0,0,0,0,0
no28marshall:sanykongloic,"Sany Kong, Loic",No. 2/#8 Marshall,17,1,60,0,0,3,1,0
no28marshall:pintorai,"Pinto, Rai",No. 2/#8 Marshall,31,1,60,0,0,0,0,0
northcarolina:jonesmilton,"Jones, Milton",North Carolina,20,17,59,0,0,0,0,0
xavier:dindiyaljai,"Dindiyal, Jai",Xavier,26,16,59,0,0,0,0,0
universityofnebraskaatomaha:williamssahai,"Williams, Sahai",University of Nebraska at Omaha,4,1,59,0,0,0,0,0
princeton:traviswill,"Travis, Will",Princeton,19,17,59,0,0,0,0,0
saintmarys:hollenstedstormsc,"Hollensted, Storm Sc",Saint Mary's,8,1,59,0,0,2,0,0
ue:wagnernalu,"Wagner, Nalu",UE,8,2,59,0,0,2,1,0
dominican:chaconbrandon,"Chacon, Brandon",Dominican,19,1,59,0,0,1,0,0
westminstercollegemo:olssonniklas,"Olsson, Niklas",Westminster College (MO),2,1,59,0,0,1,0,0
westminstercollegemo:cairerbraedon,"Cairer, Braedon",Westminster College (MO),25,1,59,0,0,0,0,0
westminstercollegemo:taggertmaurice,"Taggert, Maurice",Westminster College (MO),30,1,59,0,0,0,0,0
radm:mcclendonmason,"McClendon, Mason",RADM,2,1,59,0,0,0,0,0
du:mcguirenolan,"McGuire, Nolan",DU,25,1,59,0,0,0,0,0
uml:pirespatrick,"Pires, Patrick",UML,23,2,59,0,0,0,0,0
ju:clancyshane,"Clancy, Shane",JU,18,1,59,0,0,0,0,0
ju:skorveiver,"Skorve, Iver",JU,21,1,59,0,0,0,0,0
calstatebakersfield:aiellofrancesco,"Aiello, Francesco",Cal State Bakersfield,9,6,59,0,0,2,1,0
jax:davidssonkasper,"Davidsson, Kasper",JAX,4,1,59,0,0,0,0,0
universityoftheincarnateword:fagerbergwilliam,"Fagerberg, William",University of the Incarnate Word,30,1,59,0,0,1,1,0
avl:wilkersonmichael,"Wilkerson, Michael",AVL,7,2,59,0,0,1,0,0
bradleyuniversity:fergusonian,"Ferguson, Ian",Bradley University,37,1,59,0,0,0,0,0
unh:orosthomas,"Oros, Thomas",UNH,13,1,59,0,0,2,0,0
marywashington:schmuggejulian,"Schmugge, Julian",Mary Washington,12,1,59,0,0,1,0,0
10no1seedwvu:scheerisaac,"Scheer, Isaac",#10/No. 1 Seed WVU,19,1,59,0,0,0,0,0
pennstate:vainsteinsebastian,"Vainstein, Sebastian",Penn State,5,9,58,0,0,0,0,0
gonzaga:carlespencer,"Carle, Spencer",Gonzaga,27,14,58,0,0,1,0,0
sandiegostate:yanguasmanu,"Yanguas, Manu",San Diego State,3,9,58,0,0,0,0,0
warrenwilson:gramschmillikenkamdyn,"Gramsch-Milliken, Kamdyn",Warren Wilson,1,1,58,0,0,0,0,0
warrenwilson:castrejonadolfo,"Castrejon, Adolfo",Warren Wilson,10,1,58,0,0,1,1,0
vmi:bruzonicben,"Bruzonic, Ben",VMI,99,5,58,0,0,0,0,0
eckerdcollege:rodriguezluciano,"Rodriguez, Luciano",Eckerd College,7,1,58,0,0,0,0,0
detroit:sandahlnoah,"Sandahl, Noah",Detroit,32,1,58,0,0,0,0,0
stcloudstate:harmonyuken,"Harmon, Yuken",St. Cloud State,17,1,58,0,0,0,0,0
siena:fernandesnick,"Fernandes, Nick",Siena,8,3,58,0,0,1,0,0
saintfrancispa:ndrenikajoni,"Ndrenika, Joni",Saint Francis (Pa.),21,1,58,0,0,0,0,0
dominican:swensondrew,"Swenson, Drew",Dominican,35,1,58,0,0,0,0,0
wm:smithbryce,"Smith, Bryce",WM,3,1,58,0,0,0,0,0
ual:lucaspedro,"Lucas, Pedro",UAL,21,1,58,0,0,4,2,0
santaclara:hoffmanezra,"Hoffman, Ezra",Santa Clara,19,1,58,0,0,1,0,0
calbaptist:mendezleo,"Mendez, Leo",Cal Baptist,9,1,58,0,0,0,0,0
covenantcollege:laughlinluke,"Laughlin, Luke",Covenant College,12,1,58,0,0,0,0,0
uca:venturakevin,"Ventura, Kevin",UCA,16,1,58,0,0,0,0,0
floridaatlantic:woutersjoep,"Wouters, Joep",Florida Atlantic,22,2,58,0,0,0,0,0
universityoftheincarnateword:ansahwilliam,"Ansah, William",University of the Incarnate Word,2,1,58,0,0,0,0,0
csi:arslankoray,"Arslan, Koray",CSI,14,1,58,0,0,1,0,0
colgateuniversity:harrisethan,"Harris, Ethan",Colgate University,13,1,58,0,0,0,0,0
a10championshipno6saintlouis:wardnate,"Ward, Nate",A-10 Championship - No. 6 Saint Louis,33,1,58,0,0,1,0,0
marist:vilaboyevan,"Vilaboy, Evan",Marist,13,7,57,0,0,1,0,0
northwest:raneyliam,"Raney, Liam",Northwest,14,1,57,0,0,0,0,0
northwest:andersonryan,"Anderson, Ryan",Northwest,15,1,57,0,0,0,0,0
northwest:fonsecajoaolucas,"Fonseca, Joao Lucas",Northwest,19,1,57,0,0,1,0,0
mountolive:jimenezkevin,"Jimenez, Kevin",Mount Olive,16,1,57,0,0,0,0,0
bowlinggreen:montezsilvarodrigo,"Montez Silva, Rodrigo",Bowling Green,3,7,57,0,0,1,1,0
up:sahmkowluis,"Sahmkow, Luis",UP,17,1,57,0,0,0,0,0
delaware:fokaspetros,"Fokas, Petros",Delaware,10,9,57,0,0,0,0,0
loyolamarymount:olsencarl,"Olsen, Carl",Loyola Marymount,17,8,57,0,0,0,0,0
quincy:winderluca,"Winder, Luca",Quincy,14,1,57,0,0,1,1,0
au:hersheysamuel,"Hershey, Samuel",AU,9,1,57,0,0,0,0,0
greenbay:oseidennis,"Osei, Dennis",Green Bay,15,5,57,0,0,0,0,0
virginiamilitaryinstitute:fuentesramosandres,"Fuentes-Ramos, Andres",Virginia Military Institute,14,2,57,0,0,0,0,0
du:paduamax,"Padua, Max",DU,14,1,57,0,0,0,0,0
ual:shullenburgerjordan,"Shullenburger, Jordan",UAL,14,1,57,0,0,2,0,0
ue:owususami,"Owusu, Sami",UE,11,1,57,0,0,0,0,0
bu:musschootcohen,"Musschoot, Cohen",BU,8,1,57,0,0,0,0,0
bison:oziriwinston,"Oziri, Winston",BISON,20,1,57,0,0,0,0,0
albertusmagnuscollege:piresphillip,"Pires, Phillip",Albertus Magnus College,4,1,57,0,0,0,0,0
luc:hongmichael,"Hong, Michael",LUC,3,1,57,0,0,1,0,0
jak:guskeowen,"Guske, Owen",JAK,5,1,57,0,0,0,0,0
udm:ninojohn,"Nino, John",UDM,25,1,57,0,0,0,0,0
udm:sandahlnoah,"Sandahl, Noah",UDM,32,1,57,0,0,0,0,0
southernconnecticutstate:cataleumberto,"Catale, Umberto",Southern Connecticut State,6,1,57,0,0,3,2,0
marywashington:castillonelsar,"Castillo, Nelsar",Mary Washington,10,1,57,0,0,0,0,0
mke:sainstu,"Sain, Stu",MKE,8,1,57,0,0,1,0,0
10no1seedwvu:pusztahegyitristan,"Pusztahegyi, Tristan",#10/No. 1 Seed WVU,4,1,57,0,0,1,1,0
uic:zunecbor,"Zunec, Bor",UIC,30,6,56,0,0,1,0,0
drexel:akhtarzain,"Akhtar, Zain",Drexel,13,17,56,0,0,1,0,0
northamerican:landaverdeeric,"Landaverde, Eric",North American,11,1,56,0,0,1,1,0
northamerican:ishizukaryota,"Ishizuka, Ryota",North American,26,1,56,0,0,0,0,0
northamerican:castilloisaiah,"Castillo, Isaiah",North American,45,1,56,0,0,0,0,0
usi:rusincraig,"Rusin, Craig",USI,32,3,56,0,0,1,1,0
umbc:ehartlogan,"Ehart, Logan",UMBC,24,4,56,0,0,0,0,0
au:weberjared,"Weber, Jared",AU,21,1,56,0,0,0,0,0
dominican:guamananthony,"Guaman, Anthony",Dominican,23,1,56,0,0,0,0,0
westminstercollegemo:garronematthew,"Garrone, Matthew",Westminster College (MO),33,1,56,0,0,0,0,0
unhm:maiellodavide,"Maiello, Davide",UNHM,12,1,56,0,0,0,0,0
qncm:brownanthony,"Brown, Anthony",QNCM,16,1,56,0,0,0,0,0
qncm:kneeroliver,"Kneer, Oliver",QNCM,24,1,56,0,0,1,0,0
post:hemlersimon,"Hemler, Simon",Post,16,1,56,0,0,3,2,0
newhaven:gabrieldarsein,"Gabriel, Darsein",New Haven,37,4,56,0,0,3,0,0
eagles:hersheysam,"Hershey, Sam",EAGLES,9,1,56,0,0,1,0,0
bentley:santosantonio,"Santos, Antonio",Bentley,33,1,56,0,0,2,1,0
prsby:jeanfreauryan,"Jeanfreau, Ryan",PRSBY,27,1,56,0,0,1,0,0
jak:aanensenkarlsonnicolas,"Aanensen Karlson, Nicolas",JAK,27,1,56,0,0,1,0,0
marybaldwin:garnershawn,"Garner, Shawn",Mary Baldwin,23,1,56,0,0,0,0,0
johnsonwalesnc:johnsonluke,"Johnson, Luke",Johnson & Wales (N.C.),19,1,56,0,0,0,0,0
avila:daviesrobert,"Davies, Robert",Avila,14,1,56,0,0,1,0,0
avila:chambatifadzayi,"Chambati, Fadzayi",Avila,23,1,56,0,0,0,0,0
wvu:scheerisaac,"Scheer, Isaac",WVU,19,1,56,0,0,0,0,0
fpu:araujojoao,"Araujo, Joao",FPU,20,1,56,0,0,1,1,0
snhu:fuentesmartin,"Fuentes, Martin",SNHU,12,1,56,0,0,2,2,0
saintfrancispa:brennanparker,"Brennan, Parker",Saint Francis (PA),23,2,55,0,0,2,1,0
merrimackcollege:haskellzander,"Haskell, Zander",Merrimack College,9,4,55,0,0,0,0,0
lwu:warhaftbryce,"Warhaft, Bryce",LWU,8,2,55,0,0,0,0,0
stetson:petersonben,"Peterson, Ben",Stetson,15,7,55,0,0,2,0,0
northamerican:landaverdewilman,"Landaverde, Wilman",North American,13,1,55,0,0,1,1,0
niagarauniversity:arghittupiecarlo,"Arghittu, Piecarlo",Niagara University,13,4,55,0,0,1,0,0
averett:gaudrymax,"Gaudry, Max",Averett,7,1,55,0,0,2,2,0
bartoncollege:groveblake,"Grove, Blake",Barton College,9,1,55,0,0,0,0,0
mke:huwilerfelix,"Huwiler, Felix",MKE,18,3,55,0,0,3,2,0
newhaven:cederbergerik,"Cederberg, Erik",New Haven,15,6,55,0,0,0,0,0
westminstercollegemo:paffethan,"Paff, Ethan",Westminster College (MO),10,1,55,0,0,1,1,0
westminstercollegemo:topchaintigran,"Topchain, Tigran",Westminster College (MO),12,1,55,0,0,0,0,0
hrv:savvaandreas,"Savva, Andreas",HRV,11,1,55,0,0,3,2,0
saintmichaels:cissealiou,"Cisse, Aliou",Saint Michael's,24,1,55,0,0,0,0,0
eckerd:nygardaugust,"Nygard, August",Eckerd,18,1,55,0,0,0,0,0
du:pacekeagan,"Pace, Keagan",DU,20,1,55,0,0,0,0,0
santaclara:benzjakob,"Benz, Jakob",Santa Clara,27,1,55,0,0,0,0,0
jax:guskeowen,"Guske, Owen",JAX,5,1,55,0,0,0,0,0
jax:resanooscar,"Resano, Oscar",JAX,9,1,55,0,0,2,1,0
jax:fernandezjulian,"Fernandez, Julian",JAX,17,1,55,0,0,0,0,0
floridaatlantic:raisanenandreas,"Raisanen, Andreas",Florida Atlantic,9,2,55,0,0,0,0,0
gtown:bakermitchell,"Baker, Mitchell",GTOWN,18,1,55,0,0,2,1,0
bradleyuniversity:saraivajoao,"Saraiva, Joao",Bradley University,10,1,55,0,0,2,2,0
csi:benvenutoanthony,"Benvenuto, Anthony",CSI,22,1,55,0,0,0,0,0
avila:solognierethan,"Solognier, Ethan",Avila,3,1,55,0,0,0,0,0
bu:randazzoanthony,"Randazzo, Anthony",BU,14,1,55,0,0,0,0,0
adelphi:watsonandrew,"Watson, Andrew",Adelphi,13,1,55,0,0,0,0,0
fpu:barriguinhatiago,"Barriguinha, Tiago",FPU,8,1,55,0,0,1,0,0
liu:marronigianluca,"Marroni, Gianluca",LIU,4,1,54,0,0,0,0,0
highpoint:abrilaidan,"Abril, Aidan",High Point,16,9,54,0,0,0,0,0
universityofnebraskaatomaha:jenkinsitalo,"Jenkins, Italo",University of Nebraska at Omaha,9,1,54,0,0,2,1,0
mountolive:obraczkarafael,"Obraczka, Rafael",Mount Olive,10,1,54,0,0,0,0,0
mountolive:arzeynsuanicolas,"Arze-Ynsua, Nicolas",Mount Olive,19,1,54,0,0,0,0,0
eckerdcollege:armstrongliam,"Armstrong, Liam",Eckerd College,14,1,54,0,0,0,0,0
northgreenville:felixnicolas,"Felix, Nicolas",North Greenville,31,1,54,0,0,0,0,0
liu:arikstadjakob,"Arikstad, Jakob",LIU,5,5,54,0,0,0,0,0
quincy:venvertlohcarter,"Venvertloh, Carter",Quincy,9,1,54,0,0,1,1,0
ncstate:hoyoslopezsantiago,"Hoyos Lopez, Santiago",NC State,9,3,54,0,0,2,1,0
bpt:romierilapo,"Romieri, Lapo",BPT,25,1,54,0,0,0,0,0
williammary:sahmkowluis,"Sahmkow, Luis",William & Mary,17,1,54,0,0,0,0,0
hrv:telladodylan,"Tellado, Dylan",HRV,17,1,54,0,0,1,0,0
santaclara:westollie,"West, Ollie",Santa Clara,22,1,54,0,0,1,1,0
eagles:weberjared,"Weber, Jared",EAGLES,21,1,54,0,0,0,0,0
trine:dervisevicanes,"Dervisevic, Anes",Trine,9,3,54,0,0,0,0,0
hat:donatobenjamin,"Donato, Benjamin",HAT,14,1,54,0,0,0,0,0
covenantcollege:hinsonjackson,"Hinson, Jackson",Covenant College,23,1,54,0,0,0,0,0
americaninternational:vidstromhannes,"Vidstrom, Hannes",American International,20,1,54,0,0,0,0,0
americaninternational:torreschristian,"Torres, Christian",American International,10,1,54,0,0,3,1,0
stl:townsendbrogan,"Townsend, Brogan",STL,8,1,54,0,0,1,1,0
usi:remyfabrice,"Remy, Fabrice",USI,18,2,54,0,0,0,0,0
universityoftheincarnateword:roblesdiego,"Robles, Diego",University of the Incarnate Word,28,1,54,0,0,1,1,0
wvu:tretheweymax,"Trethewey, Max",WVU,16,1,54,0,0,0,0,0
odu:ennintimothy,"Ennin, Timothy",ODU,9,1,54,0,0,1,1,0
sandiegostate:hernandezlorenzo,"Hernandez, Lorenzo",San Diego State,24,6,53,0,0,0,0,0
highpoint:bazzellaiden,"Bazzell, Aiden",High Point,27,11,53,0,0,0,0,0
seattle:thornethomsenlars,"Thorne-Thomsen, Lars",Seattle,24,12,53,0,0,2,1,0
setonhill:opielaethan,"Opiela, Ethan",Seton Hill,21,1,53,0,0,0,0,0
duquesne:banksdan,"Banks, Dan",Duquesne,35,5,53,0,0,0,0,0
northwestern:obeidibrahim,"Obeid, Ibrahim",Northwestern,3,8,53,0,0,0,0,0
charleston:rayramsey,"Ray, Ramsey",Charleston,20,15,53,0,0,0,0,0
grandview:sanchezmanny,"Sanchez, Manny",Grand View,18,1,53,0,0,0,0,0
northwest:venturaangel,"Ventura, Angel",Northwest,11,1,53,0,0,1,0,0
kentucky:pollardkaden,"Pollard, Kaden",Kentucky,19,11,53,0,0,0,0,0
pc:jelicmihajlo,"Jelic, Mihajlo",PC,4,2,53,0,0,0,0,0
detroit:wintersluke,"Winters, Luke",Detroit,3,1,53,0,0,1,1,0
detroit:allostim,"Allos, Tim",Detroit,7,1,53,0,0,0,0,0
detroit:powespencer,"Powe, Spencer",Detroit,23,1,53,0,0,0,0,0
stambrose:wormgerman,"Worm, German",St. Ambrose,9,1,53,0,0,1,1,0
stambrose:flellosam,"Flello, Sam",St. Ambrose,10,1,53,0,0,0,0,0
iueast:hymankeylin,"Hyman, Keylin",IU East,10,2,53,0,0,0,0,0
unhm:porquerasalbert,"Porqueras, Albert",UNHM,5,1,53,0,0,0,0,0
mountstmarys:razafaqir,"Raza, Faqir",Mount St. Mary's,22,2,53,0,0,0,0,0
luc:hofmannbenni,"Hofmann, Benni",LUC,9,1,53,0,0,0,0,0
theuniversityofolivet:mendozachristian,"Mendoza, Christian",The University of Olivet,23,1,53,0,0,0,0,0
keiser:southwellnoah,"Southwell, Noah",Keiser,29,1,53,0,0,1,0,0
covenantcollege:campbellwilliam,"Campbell, William",Covenant College,2,1,53,0,0,0,0,0
universityoftheincarnateword:ospinatimothy,"Ospina, Timothy",University of the Incarnate Word,21,1,53,0,0,1,0,0
johnsonwalesnc:gomezcody,"Gomez, Cody",Johnson & Wales (N.C.),22,1,53,0,0,1,0,0
southernnewhampshire:fuentesmartin,"Fuentes, Martin",Southern New Hampshire,12,1,53,0,0,1,1,0
10no1seedwvu:huckabydante,"Huckaby, Dante",#10/No. 1 Seed WVU,25,1,53,0,0,0,0,0
24no4seedgeorgetown:helfrichmatty,"Helfrich, Matty",(#24/No. 4 seed) Georgetown,20,1,53,0,0,0,0,0
clemson:leibmatthias,"Leib, Matthias",Clemson,18,6,52,0,0,0,0,0
jacksonville:dinnalnoah,"Dinnal, Noah",Jacksonville,25,4,52,0,0,0,0,0
wakeforest:sullivanmason,"Sullivan, Mason",Wake Forest,24,18,52,0,0,0,0,0
umbc:amoahkofi,"Amoah, Kofi",UMBC,23,7,52,0,0,1,1,0
emoryhenry:onaveragreg,"Ona Vera, Greg",Emory & Henry,8,1,52,0,0,0,0,0
ncwesleyan:felertiago,"Feler, Tiago",NC Wesleyan,9,1,52,0,0,2,1,0
ncwesleyan:macaloumohamed,"Macalou, Mohamed",NC Wesleyan,11,1,52,0,0,0,0,0
ncwesleyan:sheehancole,"Sheehan, Cole",NC Wesleyan,66,1,52,0,0,0,0,0
bartoncollege:vencesgio,"Vences, Gio",Barton College,14,1,52,0,0,0,0,0
holyfamily:sanonaristide,"Sanon, Aristide",Holy Family,5,1,52,0,0,0,0,0
dominican:mendezlemuschris,"Mendez-Lemus, Chris",Dominican,11,1,52,0,0,1,0,0
wm:croccojack,"Crocco, Jack",WM,13,1,52,0,0,0,0,0
theuniversityofolivet:ricelogan,"Rice, Logan",The University of Olivet,2,1,52,0,0,0,0,0
jax:gonzalezjuanpablo,"Gonzalez, Juan Pablo",JAX,26,1,52,0,0,0,0,0
siuedwardsville:colemanpatrick,"Coleman, Patrick",SIU Edwardsville,13,2,52,0,0,0,0,0
flaatlantic:raisanenandreas,"Raisanen, Andreas",Fla. Atlantic,9,2,52,0,0,0,0,0
avila:washingtonwilbert,"Washington, Wilbert",Avila,28,1,52,0,0,0,0,0
24no4seedgeorgetown:letayfdiego,"Letayf, Diego",(#24/No. 4 seed) Georgetown,6,1,52,0,0,0,0,0
ncaa2ndroundmichigan:fishermatthew,"Fisher, Matthew",NCAA 2nd Round - Michigan,3,1,52,0,0,1,1,0
jacksonville:amalbertipierce,"Amalberti, Pierce",Jacksonville,23,3,51,0,0,0,0,0
southfla:keisemikhail,"Keise, Mikhail",South Fla.,5,3,51,0,0,0,0,0
evangelmo:selnerchristian,"Selner, Christian",Evangel (Mo.),23,1,51,0,0,0,0,0
evangelmo:sajoao,"Sa, Joao",Evangel (Mo.),18,1,51,0,0,0,0,0
uconn:depinhomateo,"DePinho, Mateo",UConn,25,15,51,0,0,2,1,0
csubakersfield:aiellofrancesco,"Aiello, Francesco",CSU Bakersfield,9,5,51,0,0,0,0,0
pc:restreposebastian,"Restrepo, Sebastian",PC,28,2,51,0,0,1,1,0
floridagulfcoast:choutejob,"Choute, Job",Florida Gulf Coast,26,2,51,0,0,0,0,0
fiu:ebersbachadrian,"Ebersbach, Adrian",FIU,26,8,51,0,0,0,0,0
eckerdcollege:suttonblaine,"Sutton, Blaine",Eckerd College,16,1,51,0,0,0,0,0
ju:aanensenkarlsennicolas,"Aanensen Karlsen, Nicolas",JU,27,2,51,0,0,0,0,0
iueast:lianhoi,"Lian, Hoi",IU East,9,1,51,0,0,0,0,0
frd:stocchettijoseph,"Stocchetti, Joseph",FRD,8,1,51,0,0,0,0,0
unhm:maiellomattia,"Maiello, Mattia",UNHM,20,1,51,0,0,2,1,0
uiw:fagerbergwilliam,"Fagerberg, William",UIW,30,2,51,0,0,2,1,0
saintjosephs:hermanreffsgaard,Herman Reffsgaard,Saint Joseph's,22,4,51,0,0,0,0,0
franklinpierce:avendanoguillermo,"Avendano, Guillermo",Franklin Pierce,9,1,51,0,0,0,0,0
bentley:cagnomichael,"Cagno, Michael",Bentley,7,1,51,0,0,0,0,0
jak:woodcarson,"Wood, Carson",JAK,11,1,51,0,0,1,0,0
udm:simonlouis,"Simon, Louis",UDM,20,1,51,0,0,1,0,0
neumannu:ryanconnor,"Ryan, Connor",Neumann U.,12,1,51,0,0,1,0,0
avl:behanconor,"Behan, Conor",AVL,27,2,51,0,0,1,0,0
blackburn:smithbrayden,"Smith, Brayden",Blackburn,3,1,51,0,0,0,0,0
blackburn:formeacooper,"Formea, Cooper",Blackburn,9,1,51,0,0,0,0,0
blackburn:eugeagrant,"Eugea, Grant",Blackburn,12,1,51,0,0,0,0,0
blackburn:mcneilbyron,"McNeil, Byron",Blackburn,24,1,51,0,0,0,0,0
blackburn:blancoaj,"Blanco, AJ",Blackburn,88,1,51,0,0,0,0,0
117429:gansermario,"Ganser, Mario",117429,4,1,51,0,0,0,0,0
bu:lopesmael,"Lopes, Mael",BU,9,1,51,0,0,1,1,0
colgateuniversity:hughescolin,"Hughes, Colin",Colgate University,19,1,51,0,0,0,0,0
a10semifinalsno5fordham:mojabikamran,"Mojabi, Kamran",A-10 Semifinals - No. 5 Fordham,29,1,51,0,0,0,0,0
california:barbierifederico,"Barbieri, Federico",California,37,18,50,0,0,0,0,0
vcu:mouhamedibrahim,"Mouhamed, Ibrahim",VCU,30,1,50,0,0,1,1,0
evangelmo:grundtnersilas,"Grundtner, Silas",Evangel (Mo.),20,1,50,0,0,0,0,0
evangelmo:ovcarevicigor,"Ovcarevic, Igor",Evangel (Mo.),30,1,50,0,0,0,0,0
northwest:vanasschetrevor,"VanAssche, Trevor",Northwest,24,1,50,0,0,0,0,0
radford:abdulameerkanosh,"Abdulameer, Kanosh",Radford,27,13,50,0,0,0,0,0
up:bertranmiguel,"Bertran, Miguel",UP,7,1,50,0,0,1,0,0
easternillinois:blunckfrider,"Blunck, Frider",Eastern Illinois,21,7,50,0,0,0,0,0
santaclara:bohanenoah,"Bohane, Noah",Santa Clara,12,7,50,0,0,1,0,0
bartoncollege:alvarezjeremy,"Alvarez, Jeremy",Barton College,21,1,50,0,0,0,0,0
bartoncollege:daytre,"Day, Tre",Barton College,22,1,50,0,0,0,0,0
su:maralee,"Mara, Lee",SU,36,1,50,0,0,1,1,0
massachusetts:cucinottaaj,"Cucinotta, A.J.",Massachusetts,5,3,50,0,0,1,0,0
fgcu:deoliveiralopesvictorhugo,"de Oliveira Lopes, Victor Hugo",FGCU,11,1,50,0,0,0,0,0
dominican:mainaudgaetan,"Mainaud, Gaetan",Dominican,2,1,50,0,0,1,0,0
rams:drennantheo,"Drennan, Theo",RAMS,4,1,50,0,0,0,0,0
santaclara:busbydaniel,"Busby, Daniel",Santa Clara,5,1,50,0,0,0,0,0
bison:roskosdrew,"Roskos, Drew",BISON,3,1,50,0,0,0,0,0
flaatlantic:alfredmatthew,"Alfred, Matthew",Fla. Atlantic,17,2,50,0,0,0,0,0
marybaldwin:murphybrandon,"Murphy, Brandon",Mary Baldwin,4,1,50,0,0,0,0,0
marybaldwin:diazaceitunobyron,"Diaz-Aceituno, Byron",Mary Baldwin,33,1,50,0,0,1,1,0
floridagulfcoastuniversity:maraversamuel,"Maraver, Samuel",Florida Gulf Coast University,12,2,50,0,0,0,0,0
universityatalbany:villanuevamarcos,"Villanueva, Marcos",University at Albany,13,2,50,0,0,0,0,0
117429:silvaalvar,"Silva, Alvar",117429,11,1,50,0,0,1,0,0
snhu:pereziago,"Perez, Iago",SNHU,11,1,50,0,0,0,0,0
liu:handzelnoah,"Handzel, Noah",LIU,13,1,49,0,0,0,0,0
colgate:kraussgavin,"Krauss, Gavin",Colgate,26,9,49,0,0,0,0,0
evangelmo:chibozoreneh,"Chibozor, Eneh",Evangel (Mo.),7,1,49,0,0,0,0,0
grandcanyon:longzion,"Long, Zion",Grand Canyon,23,7,49,0,0,0,0,0
averett:sierradaniel,"Sierra, Daniel",Averett,23,1,49,0,0,0,0,0
dayton:cortinabryan,"Cortina, Bryan",Dayton,28,5,49,0,0,2,1,0
uncwilmington:jonesbennett,"Jones, Bennett",UNC Wilmington,30,9,49,0,0,0,0,0
holyfamily:andrademiguel,"Andrade, Miguel",Holy Family,7,1,49,0,0,0,0,0
holyfamily:lallijarrett,"Lalli, Jarrett",Holy Family,22,1,49,0,0,0,0,0
holyfamily:saadlucca,"Saad, Lucca",Holy Family,19,1,49,0,0,0,0,0
stambrose:campbelljoe,"Campbell, Joe",St. Ambrose,7,1,49,0,0,0,0,0
stambrose:migueismatheus,"Migueis, Matheus",St. Ambrose,16,1,49,0,0,0,0,0
columbiauniversity:kuttnercristoph,"Kuttner, Cristoph",Columbia University,9,3,49,0,0,3,1,0
ccsu:catanzaroanthony,"Catanzaro, Anthony",CCSU,27,2,49,0,0,0,0,0
molm:mauricesteph,"Maurice, Steph",MOLM,14,1,49,0,0,1,0,0
dominican:vanschoorthomas,"Van Schoor, Thomas",Dominican,27,1,49,0,0,1,1,0
radm:reddinglandon,"Redding, Landon",RADM,17,2,49,0,0,0,0,0
saintmichaels:ahmedmuntasir,"Ahmed, Muntasir",Saint Michael's,12,1,49,0,0,2,1,0
virginiamilitaryinstitute:grantkyle,"Grant, Kyle",Virginia Military Institute,18,2,49,0,0,0,0,0
eckerd:falbehansenjonathan,"Falbe-Hansen, Jonathan",Eckerd,2,1,49,0,0,0,0,0
trine:pichardobeckam,"Pichardo, Beckam",Trine,16,3,49,0,0,0,0,0
elonuniversity:edelstamcalle,"Edelstam, Calle",Elon University,10,1,49,0,0,1,0,0
indianauniversityindianapolis:nielsenchristian,"Nielsen, Christian",Indiana University Indianapolis,32,1,49,0,0,0,0,0
gtown:staffordoliver,"Stafford, Oliver",GTOWN,4,1,49,0,0,0,0,0
nova:danielsjavon,"Daniels, Javon",NOVA,25,1,49,0,0,0,0,0
sta:husanovicmerim,"Husanovic, Merim",STA,44,1,49,0,0,0,0,0
uno:takamobradley,"Takamo, Bradley",UNO,13,1,49,0,0,3,1,0
saintfrancispa:walenchokmikey,"Walenchok, Mikey",Saint Francis (PA),14,2,48,0,0,0,0,0
universityofnebraskaatomaha:palgawawa,"Palga, Wawa",University of Nebraska at Omaha,19,1,48,0,0,0,0,0
grandview:mcpeakkai,"McPeak, Kai",Grand View,9,1,48,0,0,0,0,0
quincy:pedroamaraljoao,"Pedro Amaral, Joao",Quincy,13,1,48,0,0,0,0,0
quincy:cannleo,"Cann, Leo",Quincy,23,1,48,0,0,1,1,0
pennstate:flowersbryce,"Flowers, Bryce",Penn State,19,8,48,0,0,0,0,0
ust:hoelschercharlie,"Hoelscher, Charlie",UST,27,2,48,0,0,0,0,0
ju:raghoebarken,"Raghoebar, Ken",JU,7,2,48,0,0,0,0,0
njit:lichtenheimstefan,"Lichtenheim, Stefan",NJIT,29,3,48,0,0,0,0,0
dominican:marquezsebastian,"Marquez, Sebastian",Dominican,17,1,48,0,0,0,0,0
dominican:staineranthony,"Stainer, Anthony",Dominican,13,1,48,0,0,1,1,0
elonuniversity:guinleaugust,"Guinle, August",Elon University,2,1,48,0,0,0,0,0
stjosephslongisland:tolkinmarc,"Tolkin, Marc",St. Joseph's Long Island,26,1,48,0,0,1,0,0
jak:dempstrey,"Demps, Trey",JAK,12,1,48,0,0,0,0,0
udm:rustinsilas,"Rustin , Silas",UDM,17,1,48,0,0,0,0,0
assumption:janolav,Jan Olav,Assumption,15,1,48,0,0,0,0,0
assumption:dylanwesley,Dylan Wesley,Assumption,16,1,48,0,0,2,1,0
loyolachicago:fitejamis,"Fite, Jamis",Loyola Chicago,1,2,48,0,0,0,0,0
marywashington:francesconigabe,"Francesconi, Gabe",Mary Washington,17,1,48,0,0,1,0,0
warnerfla:carsonhoben,Carson Hoben,Warner (Fla.),3,1,48,0,0,0,0,0
warnerfla:dawsonjohnson,Dawson Johnson,Warner (Fla.),8,1,48,0,0,0,0,0
warnerfla:nelsonluna,Nelson Luna,Warner (Fla.),12,1,48,0,0,0,0,0
warnerfla:kaiesqueda,Kai Esqueda,Warner (Fla.),18,1,48,0,0,0,0,0
warnerfla:antoniogiovanni,Antonio Giovanni,Warner (Fla.),22,1,48,0,0,0,0,0
warnerfla:matisseketsatha,Matisse Ketsatha,Warner (Fla.),25,1,48,0,0,0,0,0
warnerfla:nolanbucklew,Nolan Bucklew,Warner (Fla.),33,1,48,0,0,1,0,0
warnerfla:wesleylacy,Wesley Lacy,Warner (Fla.),52,1,48,0,0,0,0,0
fpu:blazquezborja,"Blazquez, Borja",FPU,18,1,48,0,0,0,0,0
longisland:blankchristian,"Blank, Christian",Long Island,32,1,48,0,0,1,0,0
templeuniversity:williamscohen,"Williams, Cohen",Temple University,22,16,47,0,0,0,0,0
marshall:amarobraian,"Amaro, Braian",Marshall,43,16,47,0,0,1,1,0
csun:danksjt,"Danks, JT",CSUN,5,9,47,0,0,0,0,0
monmouth:fuentesmatthew,"Fuentes, Matthew",Monmouth,14,7,47,0,0,0,0,0
warrenwilson:locklearkevin,"Locklear, Kevin",Warren Wilson,7,1,47,0,0,0,0,0
ualbany:vallancecaleb,"Vallance, Caleb",UAlbany,8,4,47,0,0,0,0,0
detroit:lafayetteclayton,"Lafayette, Clayton",Detroit,12,1,47,0,0,0,0,0
northgreenville:vitalnicholas,"Vital, Nicholas",North Greenville,20,1,47,0,0,1,0,0
saintpeters:nagrayuvrajveer,"Nagra, Yuvrajveer",Saint Peter's,26,2,47,0,0,0,0,0
ue:hawkinsmatt,"Hawkins, Matt",UE,16,2,47,0,0,0,0,0
luc:mcfeelyjack,"McFeely, Jack",LUC,11,2,47,0,0,5,3,0
saintfrancisuniversity:brennanparker,"Brennan, Parker",Saint Francis University,23,2,47,0,0,1,1,0
regent:morrisisaiah,"Morris, Isaiah",Regent,11,1,47,0,0,0,0,0
prsby:kalalairagi,"Kalala, Iragi",PRSBY,7,1,47,0,0,0,0,0
prsby:walkeralex,"Walker, Alex",PRSBY,13,1,47,0,0,0,0,0
virginiacommonwealthuniversity:tuckermouhamed,"Tucker, Mouhamed",Virginia Commonwealth University,20,1,47,0,0,1,0,0
indianauniversityindianapolis:hollandspencer,"Holland, Spencer",Indiana University Indianapolis,16,1,47,0,0,1,1,0
ucsd:hillisadam,"Hillis, Adam",UCSD,6,1,47,0,0,0,0,0
24no4seedgeorgetown:buckjoe,"Buck, Joe",(#24/No. 4 seed) Georgetown,8,1,47,0,0,1,0,0
ncaa2ndroundmichigan:martenszach,"Martens, Zach",NCAA 2nd Round - Michigan,18,1,47,0,0,0,0,0
northflorida:beeksscott,"Beeks, Scott",North Florida,10,14,46,0,0,2,0,0
universityofnebraskaatomaha:bilinacstefan,"Bilinac, Stefan",University of Nebraska at Omaha,8,1,46,0,0,0,0,0
universityofnebraskaatomaha:takamobradley,"Takamo, Bradley",University of Nebraska at Omaha,13,1,46,0,0,0,0,0
uncasheville:peatkeegan,"Peat, Keegan",UNC Asheville,17,9,46,0,0,1,1,0
centralconnecticutstateuniversity:bowmanparker,"Bowman, Parker",Central Connecticut State University,28,1,46,0,0,0,0,0
dayton:learjames,"Lear, James",Dayton,15,4,46,0,0,1,1,0
universityofmassachusettslowell:leonardojean,"Leonardo, Jean",University of Massachusetts Lowell,17,2,46,0,0,0,0,0
airforce:abramsjeremy,"Abrams, Jeremy",Air Force,31,12,46,0,0,2,1,0
dartmouthcollege:lulkawill,"Lulka, Will",Dartmouth College,23,14,46,0,0,0,0,0
bartoncollege:migliarottitommy,"Migliarotti, Tommy",Barton College,7,1,46,0,0,0,0,0
quincy:cargillstan,"Cargill, Stan",Quincy,16,1,46,0,0,2,1,0
iuindianapolis:nielsenchristian,"Nielsen, Christian",IU Indianapolis,32,2,46,0,0,1,1,0
westminstercollegemo:hughesjack,"Hughes, Jack",Westminster College (MO),5,1,46,0,0,0,0,0
utrgv:casasfelix,"Casas, Felix",UTRGV,26,4,46,0,0,0,0,0
pittsburgh:stokamateo,"Stoka, Mateo",Pittsburgh,20,10,46,0,0,0,0,0
unhm:kvarnbackoskar,"Kvarnback, Oskar",UNHM,17,1,46,0,0,0,0,0
dominican:vanderwaartvanguliknick,"Van der Waart van Gulik, Nick",Dominican,14,1,46,0,0,0,0,0
dominican:telleznorman,"Tellez, Norman",Dominican,36,1,46,0,0,0,0,0
rams:hitchcockwilliam,"Hitchcock, William",RAMS,15,1,46,0,0,3,0,0
queens:knustcharlie,"Knust, Charlie",Queens,3,4,46,0,0,0,0,0
uml:somorrostrosantiago,"Somorrostro, Santiago",UML,27,2,46,0,0,0,0,0
theuniversityofolivet:brookstyler,"Brooks, Tyler",The University of Olivet,19,1,46,0,0,0,0,0
theuniversityofolivet:brownian,"Brown, Ian",The University of Olivet,37,1,46,0,0,0,0,0
assumption:williamrakkenes,William Rakkenes,Assumption,8,1,46,0,0,0,0,0
marybaldwin:smithcaleb,"Smith, Caleb",Mary Baldwin,3,1,46,0,0,0,0,0
warnerfla:calebdoyle,Caleb Doyle,Warner (Fla.),15,1,46,0,0,0,0,0
24no4seedgeorgetown:taboramarlon,"Tabora, Marlon",(#24/No. 4 seed) Georgetown,9,1,46,0,0,1,0,0
hofstra:perkuhnmarc,"Perkuhn, Marc",Hofstra,21,1,45,0,0,0,0,0
sandiegostate:vargasedgar,"Vargas, Edgar",San Diego State,00,1,45,0,0,0,0,0
ucsantabarbara:hutmanteddy,"Hutman, Teddy",UC Santa Barbara,1,5,45,0,0,0,0,0
ucsantabarbara:guerramarcelo,"Guerra, Marcelo",UC Santa Barbara,29,5,45,0,0,0,0,0
duquesne:cosssam,"Coss, Sam",Duquesne,28,2,45,0,0,0,0,0
providence:perrymanjaden,"Perryman, Jaden",Providence,15,19,45,0,0,0,0,0
quinnipiac:balderramaemilio,"Balderrama, Emilio",Quinnipiac,26,7,45,0,0,0,0,0
gardnerwebb:gundersenchris,"Gundersen, Chris",Gardner-Webb,20,20,45,0,0,0,0,0
gardnerwebb:dominguezjose,"Dominguez, Jose",Gardner-Webb,29,20,45,0,0,0,0,0
michiganstate:masonjosh,"Mason, Josh",Michigan State,26,16,45,0,0,0,0,0
universityofnebraskaatomaha:chochoncarson,"Chochon, Carson",University of Nebraska at Omaha,16,1,45,0,0,0,0,0
purduefortwayne:machadoisaac,"Machado, Isaac",Purdue Fort Wayne,6,9,45,0,0,0,0,0
fdu:wesleyjayden,"Wesley, Jayden",FDU,23,7,45,0,0,0,0,0
grandview:hunstondylan,"Hunston, Dylan",Grand View,23,1,45,0,0,1,1,0
universityofchicago:weenemax,"Weene, Max",University of Chicago,18,1,45,0,0,1,1,0
universityofchicago:kanellosevan,"Kanellos, Evan",University of Chicago,23,1,45,0,0,0,0,0
universityofchicago:schusterdavid,"Schuster, David",University of Chicago,10,1,45,0,0,0,0,0
californiabaptist:hocheaston,"Hoch, Easton",California Baptist,24,14,45,0,0,0,0,0
mountolive:deleomichael,"Deleo, Michael",Mount Olive,0,1,45,0,0,0,0,2
mountolive:engrenaxel,"Engren, Axel",Mount Olive,1,1,45,0,0,0,0,4
mountolive:fallbabacar,"Fall, Babacar",Mount Olive,11,1,45,0,0,0,0,0
mountolive:barbozafilhojoao,"Barboza Filho, Joao",Mount Olive,12,1,45,0,0,0,0,0
kentucky:borgmansilas,"Borgman, Silas",Kentucky,18,12,45,0,0,0,0,0
ec:nickelzack,"Nickel, Zack",EC,4,1,45,0,0,0,0,0
ec:birdleon,"Bird, Leon",EC,9,1,45,0,0,0,0,0
ec:asprisandreas,"Aspris, Andreas",EC,10,1,45,0,0,1,1,0
ec:hardwickgavin,"Hardwick, Gavin",EC,15,1,45,0,0,0,0,0
ec:plaistedjohn,"Plaisted, John",EC,2,1,45,0,0,0,0,0
ec:gonzalesalejandro,"Gonzales, Alejandro",EC,16,1,45,0,0,0,0,0
ec:murguiacarlos,"Murguia, Carlos",EC,30,1,45,0,0,2,0,0
pc:murraybeatty,"Murray, Beatty",PC,30,1,45,0,0,0,0,0
westernmichigan:lindewirthalex,"Lindewirth, Alex",Western Michigan,29,5,45,0,0,0,0,0
incarnateword:mullerdiego,"Muller, Diego",Incarnate Word,25,5,45,0,0,0,0,0
bradley:abdullaiardit,"Abdullai, Ardit",Bradley,17,5,45,0,0,0,0,0
up:sullivanmichael,"Sullivan, Michael",UP,26,1,45,0,0,0,0,0
utr:oconnorfinn,"O'Connor, Finn",UTR,22,1,45,0,0,1,0,0
easternillinois:josephwhelan,"Joseph, Whelan",Eastern Illinois,30,3,45,0,0,0,0,0
warrenwilson:bushwilliam,"Bush, William",Warren Wilson,12,1,45,0,0,0,0,0
eckerdcollege:kennedymarcus,"Kennedy, Marcus",Eckerd College,21,1,45,0,0,0,0,0
monmouth:dyrsethemil,"Dyrseth, Emil",Monmouth,18,5,45,0,0,0,0,0
winthrop:villazonrettigvicente,"Villazon Rettig, Vicente",Winthrop,30,6,45,0,0,0,0,1
winthrop:storylogan,"Story, Logan",Winthrop,16,9,45,0,0,1,0,0
manhattan:cintronjames,"Cintron, James",Manhattan,29,4,45,0,0,0,0,0
easternillinois:ortizlucas,"Ortiz, Lucas",Eastern Illinois,0,3,45,0,0,0,0,0
gb:chretienmatisse,"Chretien, Matisse",GB,3,1,45,0,0,0,0,0
gb:denubaylor,"Denu, Baylor",GB,18,1,45,0,0,0,0,0
detroit:rustinsilas,"Rustin, Silas",Detroit,17,1,45,0,0,0,0,0
iuindy:maungmaungcameron,"Maung-Maung, Cameron",IU Indy,1,1,45,0,0,0,0,0
northgreenville:ottmanhale,"Ottman, Hale",North Greenville,6,1,45,0,0,0,0,0
merrimackcollege:mancaniellojack,"Mancaniello, Jack",Merrimack College,00,3,45,0,0,0,0,0
merrimackcollege:pettitalec,"Pettit, Alec",Merrimack College,33,3,45,0,0,0,0,0
nu:cubeddufabrizio,"Cubeddu, Fabrizio",NU,5,1,45,0,0,0,0,0
nu:schurzchristoph,"Schurz, Christoph",NU,29,1,45,0,0,0,0,0
umasslowell:brittonzach,"Britton, Zach",UMass Lowell,30,3,45,0,0,0,0,0
iuindianapolis:finnegandeclan,"Finnegan, Declan",IU Indianapolis,35,2,45,0,0,0,0,0
holyfamily:sterebogdan,"Stere, Bogdan",Holy Family,3,1,45,0,0,0,0,0
holyfamily:orellanaalvaro,"Orellana, Alvaro",Holy Family,4,1,45,0,0,0,0,0
stambrose:hernandezdiego,"Hernandez, Diego",St. Ambrose,17,1,45,0,0,1,1,0
stambrose:reckjrn,"Reck, Jörn",St. Ambrose,21,1,45,0,0,0,0,0
centralconnecticut:pinoncelymichel,"Pinoncely, Michel",Central Connecticut,1,1,45,0,0,0,0,2
centralconnecticut:sipplesmick,"Sipples, Mick",Central Connecticut,24,1,45,0,0,0,0,5
ccsu:tatajoey,"Tata, Joey",CCSU,20,2,45,0,0,0,0,0
williammary:gamboagonzalezdaniel,"Gamboa Gonzalez, Daniel",William & Mary,4,1,45,0,0,0,0,0
williammary:veychekjoshua,"Veychek, Joshua",William & Mary,18,1,45,0,0,0,0,0
williammary:sullivanmichael,"Sullivan, Michael",William & Mary,26,1,45,0,0,0,0,0
williammary:greningcasper,"Grening, Casper",William & Mary,11,1,45,0,0,0,0,0
williammary:maillefaudmateo,"Maillefaud, Mateo",William & Mary,12,1,45,0,0,2,0,0
williammary:svendbycasper,"Svendby, Casper",William & Mary,21,1,45,0,0,2,1,0
hrv:nyquistnicholas,"Nyquist, Nicholas",HRV,9,1,45,0,0,1,1,0
ucla:pinillamateo,"Pinilla, Mateo",UCLA,20,9,45,0,0,0,0,0
nu:ogudugukevin,"Ogudugu, Kevin",NU,11,1,45,0,0,2,1,0
utrgv:gomezdiego,"Gomez, Diego",UTRGV,0,3,45,0,0,0,0,0
eckerd:jenkinsonthomas,"Jenkinson, Thomas",Eckerd,15,1,45,0,0,0,0,0
eckerd:kennedymarcus,"Kennedy, Marcus",Eckerd,21,1,45,0,0,0,0,0
nu:flierjackson,"Flier, Jackson",NU,18,1,45,0,0,0,0,0
rhit:millereli,"Miller, Eli",RHIT,9,1,45,0,0,1,1,0
rhit:phillipsnick,"Phillips, Nick",RHIT,11,1,45,0,0,1,1,0
rhit:kedziorchase,"Kedzior, Chase",RHIT,16,1,45,0,0,0,0,0
rhit:borgerpeter,"Borger, Peter",RHIT,24,1,45,0,0,0,0,0
rhit:filaoliver,"Fila, Oliver",RHIT,26,1,45,0,0,0,0,0
rhit:salinasjulius,"Salinas, Julius",RHIT,27,1,45,0,0,2,1,0
rhit:eldridgetyler,"Eldridge, Tyler",RHIT,8,1,45,0,0,0,0,0
rhit:hannahcameron,"Hannah, Cameron",RHIT,10,1,45,0,0,0,0,0
rhit:jacobpeter,"Jacob, Peter",RHIT,17,1,45,0,0,0,0,0
rhit:traverdylan,"Traver, Dylan",RHIT,33,1,45,0,0,0,0,0
newjerseyinstituteoftechnology:rubisjake,"Rubis, Jake",New Jersey Institute of Technology,23,2,45,0,0,0,0,0
unf:harrisjacob,"Harris, Jacob",UNF,17,2,45,0,0,1,0,0
theuniversityofolivet:smithcaiden,"Smith, Caiden",The University of Olivet,20,1,45,0,0,0,0,0
westernmichigan:omearasean,"O'Meara, Sean",Western Michigan,45,2,45,0,0,0,0,0
keiser:baisottimikael,"Baisotti, Mikael",Keiser,12,1,45,0,0,1,1,0
keiser:duquesantiago,"Duque, Santiago",Keiser,14,1,45,0,0,2,1,0
keiser:nebotsantiago,"Nebot, Santiago",Keiser,21,1,45,0,0,0,0,0
keiser:chavezaldair,"Chavez, Aldair",Keiser,23,1,45,0,0,1,0,0
keiser:neronbanceleric,"Neron-Bancel, Eric",Keiser,26,1,45,0,0,0,0,0
keiser:saldarriagajuan,"Saldarriaga, Juan",Keiser,1,1,45,0,0,0,0,0
keiser:newtonbailey,"Newton, Bailey",Keiser,7,1,45,0,0,1,1,0
keiser:nakamuraryota,"Nakamura, Ryota",Keiser,18,1,45,0,0,0,0,0
keiser:silvatristan,"Silva, Tristan",Keiser,19,1,45,0,0,0,0,0
albertusmagnuscollege:tomasluke,"Tomas, Luke",Albertus Magnus College,00,1,45,0,0,0,0,0
albertusmagnuscollege:oliveirajoao,"Oliveira, Joao",Albertus Magnus College,3,1,45,0,0,0,0,0
calbaptist:mormichael,"Mor, Michael",Cal Baptist,3,1,45,0,0,2,1,0
jak:clancyshane,"Clancy, Shane",JAK,18,1,45,0,0,0,0,0
jak:mchughorion,"McHugh, Orion",JAK,16,1,45,0,0,0,0,0
jak:dinnalnoah,"Dinnal, Noah",JAK,25,1,45,0,0,0,0,0
udm:speensamuel,"Speen, Samuel",UDM,14,1,45,0,0,0,0,0
udm:stocktonvincent,"Stockton, Vincent",UDM,26,1,45,0,0,0,0,0
suffolk:caldwellian,"Caldwell, Ian",Suffolk,0,1,45,0,0,0,0,3
suffolk:farretorresmateu,"Farre-Torres, Mateu",Suffolk,30,1,45,0,0,0,0,1
suffolk:handelsmantommy,"Handelsman, Tommy",Suffolk,6,1,45,0,0,0,0,0
suffolk:colbertdan,"Colbert, Dan",Suffolk,34,1,45,0,0,0,0,0
neumannu:metzgercarson,"Metzger, Carson",Neumann U.,1,1,45,0,0,0,0,0
neumannu:gorczycacarter,"Gorczyca, Carter",Neumann U.,3,1,45,0,0,0,0,0
neumannu:moroneylandon,"Moroney, Landon",Neumann U.,16,1,45,0,0,0,0,0
neumannu:difilippojason,"DiFilippo, Jason",Neumann U.,18,1,45,0,0,0,0,0
neumannu:petruzzellidominic,"Petruzzelli, Dominic",Neumann U.,25,1,45,0,0,0,0,0
neumannu:laznikjackson,"Laznik, Jackson",Neumann U.,0,1,45,0,0,0,0,0
neumannu:ruffinojustin,"Ruffino, Justin",Neumann U.,5,1,45,0,0,2,0,0
neumannu:harnedlogan,"Harned, Logan",Neumann U.,20,1,45,0,0,0,0,0
neumannu:impagliatelliroman,"Impagliatelli, Roman",Neumann U.,22,1,45,0,0,0,0,0
indianauniversityindianapolis:maungmaungcameron,"Maung-Maung, Cameron",Indiana University Indianapolis,1,1,45,0,0,0,0,0
indianauniversityindianapolis:finnegandeclan,"Finnegan, Declan",Indiana University Indianapolis,35,1,45,0,0,0,0,0
marybaldwin:bentleypreston,"Bentley, Preston",Mary Baldwin,00,1,45,0,0,0,0,0
marybaldwin:hinessolomon,"Hines, Solomon",Mary Baldwin,16,1,45,0,0,0,0,0
du:delongsam,"DeLong, Sam",DU,6,1,45,0,0,0,0,0
johnsonwalesnc:starrcolin,"Starr, Colin",Johnson & Wales (N.C.),15,1,45,0,0,0,0,2
olivetnazarene:schonenbergermaxine,"Schonenberger, Maxine",Olivet Nazarene,4,1,45,0,0,2,0,0
olivetnazarene:sillahali,"Sillah, Ali",Olivet Nazarene,6,1,45,0,0,1,1,0
olivetnazarene:azzammounir,"Azzam, Mounir",Olivet Nazarene,10,1,45,0,0,2,1,0
olivetnazarene:dennisjosh,"Dennis, Josh",Olivet Nazarene,17,1,45,0,0,0,0,0
olivetnazarene:mariotticaleb,"Mariotti, Caleb",Olivet Nazarene,18,1,45,0,0,0,0,0
olivetnazarene:beckmancarter,"Beckman, Carter",Olivet Nazarene,22,1,45,0,0,0,0,0
olivetnazarene:huijgenspim,"Huijgens, Pim",Olivet Nazarene,2,1,45,0,0,0,0,0
olivetnazarene:nortonnoa,"Norton, Noa",Olivet Nazarene,8,1,45,0,0,0,0,0
olivetnazarene:connorsbraden,"Connors, Braden",Olivet Nazarene,12,1,45,0,0,0,0,0
olivetnazarene:frisellwilhelm,"Frisell, Wilhelm",Olivet Nazarene,14,1,45,0,0,0,0,0
olivetnazarene:garciadavid,"Garcia, David",Olivet Nazarene,23,1,45,0,0,0,0,0
olivetnazarene:quezadaarthur,"Quezada, Arthur",Olivet Nazarene,25,1,45,0,0,1,1,0
loyolachicago:ortizalejandro,"Ortiz, Alejandro",Loyola Chicago,31,1,45,0,0,0,0,0
fairleighdickinson:naumoskidamian,"Naumoski, Damian",Fairleigh Dickinson,8,1,45,0,0,0,0,0
csi:mesrarbadr,"Mesrar, Badr",CSI,18,1,45,0,0,1,1,0
csi:palaciosmaynor,"Palacios, Maynor",CSI,25,1,45,0,0,0,0,0
blackburn:dysonty,"Dyson, Ty",Blackburn,2,1,45,0,0,0,0,0
marywashington:shellaidan,"Shell, Aidan",Mary Washington,7,1,45,0,0,0,0,0
117429:faylockie,"Fay, Lockie",117429,21,1,45,0,0,0,0,0
117429:buckleyben,"Buckley, Ben",117429,23,1,45,0,0,0,0,0
117429:wilsondaniloabayo,"Wilson, Danilo Abayo",117429,56,1,45,0,0,0,0,0
117429:kolardavid,"Kolar, David",117429,2,1,45,0,0,0,0,0
117429:kristiannick,"Kristian, Nick",117429,40,1,45,0,0,0,0,0
bison1:lewismarcus,"Lewis, Marcus",BISON_~1,19,1,45,0,0,0,0,0
bison1:simpsonromario,"Simpson, Romario",BISON_~1,35,1,45,0,0,0,0,0
bison1:christianmason,"Christian, Mason",BISON_~1,20,1,45,0,0,0,0,0
bison1:franklinbrandon,"Franklin, Brandon",BISON_~1,22,1,45,0,0,0,0,0
avila:nassirnaguib,"Nassir, Naguib",Avila,00,1,45,0,0,0,0,8
avila:ennisharrison,"Ennis, Harrison",Avila,98,1,45,0,0,0,0,5
thecitycollegeofnewyork:torresmikhael,"Torres, Mikhael",The City College of New York,0,1,45,0,0,0,0,0
thecitycollegeofnewyork:garciacarlos,"Garcia, Carlos",The City College of New York,27,1,45,0,0,0,0,3
thecitycollegeofnewyork:julcadiego,"Julca, Diego",The City College of New York,4,1,45,0,0,0,0,0
thecitycollegeofnewyork:gjinipeter,"Gjini, Peter",The City College of New York,5,1,45,0,0,2,1,0
thecitycollegeofnewyork:garridoroderick,"Garrido, Roderick",The City College of New York,14,1,45,0,0,0,0,0
thecitycollegeofnewyork:cabrerajustin,"Cabrera, Justin",The City College of New York,21,1,45,0,0,0,0,0
thecitycollegeofnewyork:dwumfourpaa,"Dwumfour, Paa",The City College of New York,24,1,45,0,0,1,0,0
thecitycollegeofnewyork:arellanocristian,"Arellano, Cristian",The City College of New York,28,1,45,0,0,0,0,0
warnerfla:jeffreystone,Jeffrey Stone,Warner (Fla.),20,1,45,0,0,0,0,0
duke:kabussujamie,"Kabussu, Jamie",Duke,2,1,45,0,0,0,0,0
a10semifinalsno5fordham:hardyowen,"Hardy, Owen",A-10 Semifinals - No. 5 Fordham,25,1,45,0,0,0,0,0
a10championshipno6saintlouis:doughertycole,"Dougherty, Cole",A-10 Championship - No. 6 Saint Louis,21,1,45,0,0,0,0,0
california:bizzaroowen,"Bizzaro, Owen",California,22,18,44,0,0,0,0,0
ucirvine:lopezdarwin,"Lopez, Darwin",UC Irvine,23,16,44,0,0,0,0,0
emoryhenry:garrettjosiah,"Garrett, Josiah",Emory & Henry,17,1,44,0,0,1,0,0
saintmarys:ramirezsebastian,"Ramirez, Sebastian",Saint Mary's,32,10,44,0,0,0,0,2
elon:serranomartinhector,"Serrano-Martin, Hector",Elon,28,7,44,0,0,0,0,0
lehigh:neureiterkent,"Neureiter, Kent",Lehigh,16,12,44,0,0,2,1,0
creighton:ferruzzidiego,"Ferruzzi, Diego",Creighton,13,15,44,0,0,2,1,0
su:zielonkaalexander,"Zielonka, Alexander",SU,11,1,44,0,0,1,1,0
quincy:bringedalmathias,"Bringedal, Mathias",Quincy,21,1,44,0,0,0,0,0
bellarmine:masonjeremy,"Mason, Jeremy",Bellarmine,3,4,44,0,0,0,0,0
stambrose:butlerbrady,"Butler, Brady",St. Ambrose,22,1,44,0,0,0,0,0
dominican:bibriescabruce,"Bibriesca, Bruce",Dominican,5,1,44,0,0,0,0,0
dominican:mcnamarapittlerdevin,"McNamara Pittler, Devin",Dominican,25,1,44,0,0,0,0,0
rhit:shapiroryan,"Shapiro, Ryan",RHIT,31,1,44,0,0,0,0,0
niu:beardbraeden,"Beard, Braeden",NIU,27,2,44,0,0,0,0,0
lafayette:deangelisconnor,"Deangelis, Connor",Lafayette,7,5,44,0,0,1,0,0
theuniversityofolivet:jiminezjrabraham,"Jiminez Jr., Abraham",The University of Olivet,11,1,44,0,0,0,0,0
albertusmagnuscollege:lucerodavid,"Lucero, David",Albertus Magnus College,1,1,44,0,0,0,0,0
marybaldwin:hollandconnor,"Holland, Connor",Mary Baldwin,27,1,44,0,0,0,0,0
bu:meglioladt,"Megliola, DT",BU,25,1,44,0,0,0,0,0
warnerfla:christofferbredesen,Christoffer Bredesen,Warner (Fla.),14,1,44,0,0,0,0,0
floridagulfcoastuniversity:brimeuxpablo,"Brimeux, Pablo",Florida Gulf Coast University,9,1,44,0,0,1,1,0
southfla:luandemichael,"Luande, Michael",South Fla.,19,3,43,0,0,0,0,0
universityofmassachusetts:omalleyaaron,"O'Malley, Aaron",University of Massachusetts,6,3,43,0,0,1,0,0
warrenwilson:kiserryan,"Kiser, Ryan",Warren Wilson,9,1,43,0,0,0,0,0
navy:mayorgajorge,"Mayorga, Jorge",Navy,8,8,43,0,0,0,0,0
butler:juareznikolas,"Juarez, Nikolas",Butler,26,5,43,0,0,0,0,0
qncm:bendercade,"Bender, Cade",QNCM,21,1,43,0,0,0,0,0
post:flisslen,"Fliss, Len",Post,19,1,43,0,0,1,0,0
uml:leonardojean,"Leonardo, Jean",UML,17,2,43,0,0,0,0,0
hat:hausermaurice,"Hauser, Maurice",HAT,9,1,43,0,0,0,0,0
virginiacommonwealthuniversity:hitchcockwilliam,"Hitchcock, William",Virginia Commonwealth University,15,1,43,0,0,1,0,0
indianauniversityindianapolis:dennkyle,"Denn, Kyle",Indiana University Indianapolis,14,1,43,0,0,0,0,0
marybaldwin:gradylandon,"Grady, Landon",Mary Baldwin,7,1,43,0,0,0,0,0
du:pascarellajp,"Pascarella, J.P.",DU,3,1,43,0,0,0,0,0
ucsd:barrettcole,"Barrett, Cole",UCSD,20,1,43,0,0,0,0,0
marywashington:albrittonjoel,"Albritton, Joel",Mary Washington,16,1,43,0,0,0,0,0
colgateuniversity:wrightaidan,"Wright, Aidan",Colgate University,16,1,43,0,0,0,0,0
vermont:dalykarl,"Daly, Karl",Vermont,21,6,42,0,0,0,0,0
army:minzeykasam,"Minzey, Kasam",Army,2,1,42,0,0,0,0,0
evangelmo:kuchtacaleb,"Kuchta, Caleb",Evangel (Mo.),12,1,42,0,0,0,0,0
evangelmo:forbesamari,"Forbes, Amari",Evangel (Mo.),15,1,42,0,0,0,0,0
northeastern:concesrichard,"Conces, Richard",Northeastern,13,5,42,0,0,0,0,0
universityofnebraskaatomaha:pilonstlouismathis,"Pilon St-Louis, Mathis",University of Nebraska at Omaha,7,1,42,0,0,0,0,0
ucriverside:millergrant,"Miller, Grant",UC Riverside,6,11,42,0,0,0,0,0
lwu:matthewsjordan,"Matthews, Jordan",LWU,28,3,42,0,0,0,0,0
airforce:njanteborisscott,"Njante, Boris-Scott",Air Force,32,8,42,0,0,0,0,0
quincy:kasparmarcel,"Kaspar, Marcel",Quincy,3,1,42,0,0,2,0,0
fgcu:nissimshachar,"Nissim, Shachar",FGCU,15,3,42,0,0,0,0,0
frd:piercewilliam,"Pierce, William",FRD,10,1,42,0,0,4,3,0
dominican:jimenezarmando,"Jimenez, Armando",Dominican,6,1,42,0,0,0,0,0
dominican:zamorasalazarpatrick,"Zamora Salazar, Patrick",Dominican,19,1,42,0,0,0,0,0
rams:fengkai,"Feng, Kai",RAMS,25,1,42,0,0,0,0,0
theuniversityofolivet:santoscarlos,"Santos, Carlos",The University of Olivet,1,1,42,0,0,0,0,0
keiser:villafanegabi,"Villafane, Gabi",Keiser,10,1,42,0,0,2,0,0
udm:powespencer,"Powe, Spencer",UDM,23,1,42,0,0,0,0,0
suffolk:jensentaj,"Jensen, Taj",Suffolk,7,1,42,0,0,0,0,0
suffolk:smargondamon,"Smargon, Damon",Suffolk,10,1,42,0,0,2,0,0
suffolk:vanevenerik,"Van Even, Erik",Suffolk,19,1,42,0,0,0,0,0
suffolk:varelamiguel,"Varela, Miguel",Suffolk,27,1,42,0,0,0,0,0
universityoftheincarnateword:elizaldecesar,"Elizalde, Cesar",University of the Incarnate Word,23,1,42,0,0,1,0,0
loyolachicago:abdullahameer,"Abdullah, Ameer",Loyola Chicago,5,2,42,0,0,0,0,0
bu:moecalvin,"Moe, Calvin",BU,11,1,42,0,0,0,0,0
warnerfla:gustavoinfante,Gustavo Infante,Warner (Fla.),1,1,42,0,0,0,0,0
warnerfla:sethtarbox,Seth Tarbox,Warner (Fla.),2,1,42,0,0,0,0,0
warnerfla:noahfarrington,Noah Farrington,Warner (Fla.),4,1,42,0,0,0,0,0
warnerfla:josephstreet,Joseph Street,Warner (Fla.),10,1,42,0,0,2,1,0
warnerfla:vladandersen,Vlad Andersen,Warner (Fla.),11,1,42,0,0,1,0,0
warnerfla:chadmcauliff,Chad McAuliff,Warner (Fla.),13,1,42,0,0,2,0,0
warnerfla:rolandopadron,Rolando Padron,Warner (Fla.),19,1,42,0,0,0,0,0
warnerfla:georgmanolov,Georg Manolov,Warner (Fla.),23,1,42,0,0,1,1,0
a10semifinalsno5fordham:insalacoandre,"Insalaco, Andre",A-10 Semifinals - No. 5 Fordham,21,1,42,0,0,0,0,0
a10championshipno6saintlouis:hollowayxavier,"Holloway, Xavier",A-10 Championship - No. 6 Saint Louis,27,1,42,0,0,1,0,0
seattle:finnjackson,"Finn, Jackson",Seattle,14,12,41,0,0,1,1,0
evangelmo:burtoncaleb,"Burton, Caleb",Evangel (Mo.),35,1,41,0,0,0,0,0
olddominion:tapudzaitafadzwa,"Tapudzai, Tafadzwa",Old Dominion,16,6,41,0,0,0,0,0
uic:slawektomasz,"Slawek, Tomasz",UIC,20,7,41,0,0,1,0,0
liu:jaraivan,"Jara, Ivan",LIU,7,5,41,0,0,0,0,0
grandview:martinssilvamatheus,"Martins Silva, Matheus",Grand View,26,1,41,0,0,2,1,0
gb:praterkolton,"Prater, Kolton",GB,23,1,41,0,0,1,0,0
averett:garciajoshua,"Garcia, Joshua",Averett,8,1,41,0,0,0,0,0
holyfamily:morelandjoshua,"Moreland, Joshua",Holy Family,18,1,41,0,0,1,0,0
stambrose:ollendieckdylan,"Ollendieck, Dylan",St. Ambrose,3,1,41,0,0,0,0,0
stambrose:lilliehunter,"Lillie, Hunter",St. Ambrose,11,1,41,0,0,0,0,0
stambrose:elliotteli,"Elliott, Eli",St. Ambrose,18,1,41,0,0,0,0,0
stambrose:leinartcharlie,"Leinart, Charlie",St. Ambrose,25,1,41,0,0,0,0,0
ju:dempstrey,"Demps, Trey",JU,12,2,41,0,0,1,1,0
longwood:serraldeezrah,"Serralde, Ezrah",Longwood,17,5,41,0,0,0,0,0
dominican:dieguespedro,"Diegues, Pedro",Dominican,10,1,41,0,0,0,0,0
siena:rouseanthony,"Rouse, Anthony",Siena,16,8,41,0,0,3,1,0
bpt:ryanshon,"Ryan, Shon",BPT,13,1,41,0,0,0,0,0
williammary:mercadofelipe,"Mercado, Felipe",William & Mary,8,1,41,0,0,1,0,0
unhm:fiscellaluke,"Fiscella, Luke",UNHM,3,1,41,0,0,0,0,0
unhm:portasalbert,"Portas, Albert",UNHM,11,1,41,0,0,0,0,0
queens:pettyjoshua,"Petty, Joshua",Queens,29,5,41,0,0,3,1,0
elonuniversity:wilsonjordin,"Wilson, Jordin",Elon University,7,1,41,0,0,1,0,0
stjosephslongisland:martinezhernandezdeybis,"Martinez-Hernandez, Deybis",St. Joseph's Long Island,15,1,41,0,0,0,0,0
theuniversityofolivet:abbottbraden,"Abbott, Braden",The University of Olivet,9,1,41,0,0,0,0,0
indianauniversityindianapolis:roperjoseph,"Roper, Joseph",Indiana University Indianapolis,12,1,41,0,0,0,0,0
gtown:helfrichmatty,"Helfrich, Matty",GTOWN,20,1,41,0,0,0,0,0
sta:telgetyler,"Telge, Tyler",STA,17,1,41,0,0,0,0,0
uno:merlonick,"Merlo, Nick",UNO,24,1,41,0,0,0,0,0
bu:clarkbilly,"Clark, Billy",BU,8,1,41,0,0,0,0,0
fpu:chisholmandy,"Chisholm, Andy",FPU,21,1,41,0,0,1,0,0
hofstra:jinochjosef,"Jinoch, Josef",Hofstra,17,9,40,0,0,0,0,0
wisconsin:chavezandrew,"Chavez, Andrew",Wisconsin,28,12,40,0,0,0,0,0
bartoncollege:summerfieldhayden,"Summerfield, Hayden",Barton College,17,1,40,0,0,1,0,0
loyolauniversitymaryland:mcevoycole,"McEvoy, Cole",Loyola University Maryland,7,3,40,0,0,1,1,0
post:taunathan,"Tau, Nathan",Post,17,1,40,0,0,1,0,0
rams:whitelucas,"White, Lucas",RAMS,17,1,40,0,0,1,0,0
rams:gallegosdamian,"Gallegos, Damian",RAMS,7,1,40,0,0,3,2,0
ud:lijewskicooper,"Lijewski, Cooper",UD,12,1,40,0,0,0,0,0
lwu:diazdiego,"Diaz, Diego",LWU,26,2,40,0,0,0,0,0
bison:weavercohen,"Weaver, Cohen",BISON,19,1,40,0,0,0,0,0
albertusmagnuscollege:mcneilljulius,"McNeill, Julius",Albertus Magnus College,99,1,40,0,0,1,0,0
neumannu:siemienchris,"Siemien, Chris",Neumann U.,7,1,40,0,0,0,0,0
neumannu:senisiriley,"Senisi, Riley",Neumann U.,21,1,40,0,0,0,0,0
neumannu:lobiondonick,"LoBiondo, Nick",Neumann U.,99,1,40,0,0,0,0,0
marybaldwin:duronnoah,"Duron, Noah",Mary Baldwin,11,1,40,0,0,0,0,0
marybaldwin:williamsontyler,"Williamson, Tyler",Mary Baldwin,20,1,40,0,0,0,0,0
avl:haydenmiller,"Hayden, Miller",AVL,12,2,40,0,0,1,0,0
warnerfla:luisseminario,Luis Seminario,Warner (Fla.),28,1,40,0,0,1,1,0
southfla:richardsontyler,"Richardson, Tyler",South Fla.,13,3,39,0,0,0,0,0
evangelmo:molinasebastian,"Molina, Sebastian",Evangel (Mo.),8,1,39,0,0,0,0,0
evangelmo:kimjuyong,"Kim, Juyong",Evangel (Mo.),13,1,39,0,0,0,0,0
siue:hillgarrison,"Hill, Garrison",SIUE,27,7,39,0,0,0,0,0
loyolamarymount:tavareshugo,"Tavares, Hugo",Loyola Marymount,6,8,39,0,0,0,0,0
ucirvine:kaemerleshane,"Kaemerle, Shane",UC Irvine,22,16,39,0,0,0,0,0
campbell:fichellelillian,"Fichelle, Lillian",Campbell,2,1,39,0,0,0,0,0
ec:montoyamateo,"Montoya, Mateo",EC,11,1,39,0,0,0,0,0
warrenwilson:chinyamahullibutton,"Chinyama, Hullibutton",Warren Wilson,21,1,39,0,0,0,0,0
stetson:lenzluke,"Lenz, Luke",Stetson,18,6,39,0,0,0,0,0
mercyhurst:dudleyharrison,"Dudley, Harrison",Mercyhurst,13,4,39,0,0,0,0,0
pennstate:delacruzsebastian,"Delacruz, Sebastian",Penn State,24,10,39,0,0,1,0,0
columbiauniversity:cosmanbryan,"Cosman, Bryan",Columbia University,3,13,39,0,0,0,0,0
grandcanyonuniversity:mongeerick,"Monge, Erick",Grand Canyon University,17,1,39,0,0,0,0,0
njit:nazormarco,"Nazor, Marco",NJIT,27,3,39,0,0,0,0,0
iueast:erbsejake,"Erbse, Jake",IU East,2,1,39,0,0,0,0,0
unhm:lindstromadam,"Lindstrom, Adam",UNHM,10,1,39,0,0,0,0,0
uiw:chigedetatenda,"Chigede, Tatenda",UIW,5,2,39,0,0,1,1,0
southernconnecticutstate:dohertytyler,"Doherty, Tyler",Southern Connecticut State,3,2,39,0,0,0,0,0
rhit:manescarson,"Manes, Carson",RHIT,51,1,39,0,0,0,0,0
bentley:denhamjackson,"Denham, Jackson",Bentley,25,1,39,0,0,0,0,0
mountstmarys:glaserethan,"Glaser, Ethan",Mount St. Mary's,11,3,39,0,0,0,0,0
jak:izujoshua,"Izu, Joshua",JAK,19,1,39,0,0,0,0,0
udm:jannounsaeid,"Jannoun, Saeid",UDM,9,1,39,0,0,0,0,0
udm:lafayetteclayton,"Lafayette, Clayton",UDM,12,1,39,0,0,1,1,0
floridaatlantic:alfredmatthew,"Alfred, Matthew",Florida Atlantic,17,2,39,0,0,0,0,0
universityoftheincarnateword:rioserick,"Rios, Erick",University of the Incarnate Word,16,1,39,0,0,1,0,0
loyola:flynntyler,"Flynn, Tyler",Loyola,24,3,39,0,0,0,0,0
floridagulfcoastuniversity:nissimshachar,"Nissim, Shachar",Florida Gulf Coast University,15,2,39,0,0,0,0,0
blackburn:jimenezalex,"Jimenez, Alex",Blackburn,14,1,39,0,0,0,0,0
blackburn:floressaul,"Flores, Saul",Blackburn,16,1,39,0,0,0,0,0
blackburn:nietosergio,"Nieto, Sergio",Blackburn,19,1,39,0,0,0,0,0
blackburn:parkercorban,"Parker, Corban",Blackburn,29,1,39,0,0,0,0,0
marywashington:valoyigerrard,"Valoyi, Gerrard",Mary Washington,30,1,39,0,0,3,0,0
southernnewhampshire:krafttyler,"Kraft, Tyler",Southern New Hampshire,8,1,39,0,0,0,0,0
colgateuniversity:johnsonwade,"Johnson, Wade",Colgate University,23,1,39,0,0,2,1,0
a10semifinalsno5fordham:jonesbenji,"Jones, Benji",A-10 Semifinals - No. 5 Fordham,3,1,39,0,0,0,0,0
duke:gavisernathan,"Gaviser, Nathan",Duke,30,19,38,0,0,0,0,1
bostonuniversity:johnsontyler,"Johnson, Tyler",Boston University,23,16,38,0,0,0,0,0
quinnipiac:clarkekevin,"Clarke, Kevin",Quinnipiac,31,7,38,0,0,0,0,0
northernkentucky:sederquistchris,"Sederquist, Chris",Northern Kentucky,23,4,38,0,0,0,0,0
grandview:kramermarco,"Kramer, Marco",Grand View,37,1,38,0,0,1,0,0
portland:barclayjordan,"Barclay, Jordan",Portland,26,8,38,0,0,0,0,0
ec:morenopelayo,"Moreno, Pelayo",EC,25,1,38,0,0,0,0,0
ncwesleyan:espondaneussjusto,"Esponda-Neuss, Justo",NC Wesleyan,20,1,38,0,0,0,0,0
ncwesleyan:darkoosei,"Darko, Osei",NC Wesleyan,45,1,38,0,0,1,0,0
ncwesleyan:smithtobie,"Smith, Tobie",NC Wesleyan,49,1,38,0,0,0,0,0
bryant:steklyjonah,"Stekly, Jonah",Bryant,26,4,38,0,0,2,0,0
bradley:ribeirocaleb,"Ribeiro, Caleb",Bradley,18,5,38,0,0,0,0,0
bartoncollege:drakenate,"Drake, Nate",Barton College,24,1,38,0,0,0,0,0
holyfamily:gonzalezsergio,"Gonzalez, Sergio",Holy Family,2,1,38,0,0,0,0,0
coc:iggouteadil,"Iggoute, Adil",COC,7,1,38,0,0,0,0,0
ue:robertsnate,"Roberts, Nate",UE,12,2,38,0,0,0,0,0
universityofmassachusetts:vrhivan,"Vrh, Ivan",University of Massachusetts,20,2,38,0,0,0,0,0
westmont:stullmichael,"Stull, Michael",Westmont,25,2,38,0,0,0,0,0
dominican:kazlauskasjake,"Kazlauskas, Jake",Dominican,39,1,38,0,0,0,0,0
fairfield:tullochduante,"Tulloch, Duante",Fairfield,6,2,38,0,0,0,0,0
queens:mendozacesar,"Mendoza, Cesar",Queens,8,7,38,0,0,1,0,0
wm:ruitenberggabe,"Ruitenberg, Gabe",WM,18,1,38,0,0,0,0,0
ual:ehlinelias,"Ehlin, Elias",UAL,6,1,38,0,0,0,0,0
ual:soumahmohamed,"Soumah, Mohamed",UAL,18,1,38,0,0,1,0,0
trine:elliottalex,"Elliott, Alex",Trine,8,2,38,0,0,0,0,0
virginiacommonwealthuniversity:salmeronandrey,"Salmeron, Andrey",Virginia Commonwealth University,8,1,38,0,0,0,0,0
stl:barnettdraven,"Barnett, Draven",STL,15,1,38,0,0,0,0,0
assumption:axelgerremo,Axel Gerremo,Assumption,4,1,38,0,0,0,0,0
neumannu:velezandres,"Velez, Andres",Neumann U.,6,1,38,0,0,0,0,0
uno:gravekampmaarten,"Gravekamp, Maarten",UNO,21,1,38,0,0,0,0,0
rideruniversity:wharfemarc,"Wharfe, Marc",Rider University,30,5,37,0,0,1,0,0
army:kapustinniko,"Kapustin, Niko",Army,15,12,37,0,0,0,0,0
westvirginia:dromersdyon,"Dromers, Dyon",West Virginia,6,14,37,0,0,1,1,0
northwest:fernandessamuel,"Fernandes, Samuel",Northwest,4,2,37,0,0,0,0,0
bowlinggreen:ptacekaiden,"Ptacek, Aiden",Bowling Green,14,8,37,0,0,2,0,0
niagara:lacroixjeanmathieu,"Lacroix, Jean-Mathieu",Niagara,15,4,37,0,0,0,0,0
canisius:aggreysyndey,"Aggrey, Syndey",Canisius,18,1,37,0,0,0,0,0
hofstra:bylesjustin,"Byles, Justin",Hofstra,14,11,37,0,0,0,0,0
stthomas:deslongchampszachary,"Deslongchamps, Zachary",St. Thomas,14,5,37,0,0,0,0,0
detroit:stocktonvincent,"Stockton, Vincent",Detroit,26,1,37,0,0,0,0,0
bartoncollege:minariyuki,"Minari, Yuki",Barton College,6,1,37,0,0,0,0,0
uncasheville:mcgillian,"McGill, Ian",UNC Asheville,45,8,37,0,0,0,0,0
etsu:bowerswill,"Bowers, Will",ETSU,35,2,37,0,0,0,0,0
rideruniversity:pimentelluis,"Pimentel, Luis",Rider University,24,5,37,0,0,0,0,0
holyfamily:kazantzioglougeorgios,"Kazantzioglou, Georgios",Holy Family,29,1,37,0,0,0,0,0
grandcanyonuniversity:gomezrodrigueznelson,"Gomez Rodriguez, Nelson",Grand Canyon University,32,1,37,0,0,4,1,0
dominican:mickithiago,"Micki, Thiago",Dominican,12,1,37,0,0,0,0,0
newhaven:hernandezmike,"Hernandez, Mike",New Haven,29,2,37,0,0,1,1,0
iueast:jafricruz,"Jafri, Cruz",IU East,5,1,37,0,0,0,0,0
iueast:hussienmohammed,"Hussien, Mohammed",IU East,21,1,37,0,0,0,0,0
unh:iljazideni,"Iljazi, Deni",UNH,7,1,37,0,0,0,0,0
dominican:blakelyjoe,"Blakely, Joe",Dominican,29,1,37,0,0,1,0,0
radm:kamaramustaph,"Kamara, Mustaph",RADM,5,2,37,0,0,0,0,0
rams:ibrahimmohammed,"Ibrahim, Mohammed",RAMS,30,1,37,0,0,1,0,0
rams:abdulmateensulaiman,"Abdul-Mateen, Sulaiman",RAMS,35,1,37,0,0,1,0,0
du:saldanajulian,"Saldana, Julian",DU,6,1,37,0,0,1,0,0
theuniversityofolivet:elzermanmichael,"Elzerman, Michael",The University of Olivet,10,1,37,0,0,0,0,0
keiser:garneroian,"Garnero, Ian",Keiser,8,1,37,0,0,0,0,0
keiser:silvaalessio,"Silva, Alessio",Keiser,9,1,37,0,0,0,0,0
covenantcollege:parkerhenry,"Parker, Henry",Covenant College,18,1,37,0,0,0,0,0
covenantcollege:welshjonathan,"Welsh, Jonathan",Covenant College,25,1,37,0,0,0,0,0
suffolk:rinaldidominic,"Rinaldi, Dominic",Suffolk,2,1,37,0,0,0,0,0
suffolk:phelpsjack,"Phelps, Jack",Suffolk,13,1,37,0,0,0,0,0
niu:squiresjosh,"Squires, Josh",NIU,12,1,37,0,0,0,0,0
johnsonwalesnc:shembojonathan,"Shembo, Jonathan",Johnson & Wales (N.C.),5,1,37,0,0,1,0,0
johnsonwalesnc:smithashton,"Smith, Ashton",Johnson & Wales (N.C.),20,1,37,0,0,0,0,0
bradleyuniversity:coughlonmitch,"Coughlon, Mitch",Bradley University,33,1,37,0,0,1,1,0
warnerfla:filipmo,Filip Mo,Warner (Fla.),5,1,37,0,0,0,0,0
24no4seedgeorgetown:staffordoliver,"Stafford, Oliver",(#24/No. 4 seed) Georgetown,4,1,37,0,0,0,0,0
quinnipiac:saputojoey,"Saputo, Joey",Quinnipiac,9,5,36,0,0,0,0,0
universityofnebraskaatomaha:bokotaelie,"Bokota, Elie",University of Nebraska at Omaha,14,1,36,0,0,1,1,0
grandview:londonosamuel,"Londono, Samuel",Grand View,10,1,36,0,0,0,0,0
grandview:grosserjoshua,"Grosser, Joshua",Grand View,24,1,36,0,0,0,0,0
northwest:kozorezovmichael,"Kozorezov, Michael",Northwest,2,1,36,0,0,0,0,0
mountolive:jostisaac,"Jost, Isaac",Mount Olive,22,1,36,0,0,1,1,0
mountolive:geryreece,"Gery, Reece",Mount Olive,26,1,36,0,0,0,0,0
centralarkansas:chavezchristian,"Chavez, Christian",Central Arkansas,23,6,36,0,0,1,0,0
incarnateword:drozdowskibrady,"Drozdowski, Brady",Incarnate Word,22,6,36,0,0,0,0,0
um:silvaalvar,"Silva, Alvar",UM,11,1,36,0,0,0,0,0
warrenwilson:derensiswilliamskian,"De Rensis-Williams, Kian",Warren Wilson,13,1,36,0,0,0,0,0
eckerdcollege:falbehansenjonathan,"Falbe-Hansen, Jonathan",Eckerd College,2,1,36,0,0,0,0,0
loyolamaryland:mcevoycole,"McEvoy, Cole",Loyola Maryland,7,4,36,0,0,0,0,0
northgreenville:clappjasper,"Clapp, Jasper",North Greenville,12,1,36,0,0,1,1,0
su:dipretajoseph,"DiPreta, Joseph",SU,24,1,36,0,0,2,1,0
quincy:herediagarciaalvaro,"Heredia Garcia, Alvaro",Quincy,11,1,36,0,0,0,0,0
loyolauniversitymaryland:wagnercurtis,"Wagner, Curtis",Loyola University Maryland,26,4,36,0,0,0,0,0
coc:saundersmikey,"Saunders, Mikey",COC,21,1,36,0,0,0,0,0
georgiasouthern:arachchigejensenjacobsandun,"Arachchige-Jensen, Jacob Sandun",Georgia Southern,27,5,36,0,0,0,0,0
iueast:griffislevi,"Griffis, Levi",IU East,24,1,36,0,0,0,0,0
edgewood:lewisgavin,"Lewis, Gavin",Edgewood,35,1,36,0,0,0,0,0
pittsburgh:dykezahir,"Dyke, Zahir",Pittsburgh,15,9,36,0,0,0,0,0
dominican:bernierlex,"Bernier, Lex",Dominican,7,1,36,0,0,2,0,0
santaclara:terlindesam,"ter Linde, Sam",Santa Clara,25,1,36,0,0,3,1,0
eagles:keomanykobe,"Keomany, Kobe",EAGLES,15,1,36,0,0,0,0,0
trine:findleyjosiah,"Findley, Josiah",Trine,4,3,36,0,0,0,0,0
radm:rupeevan,"Rupe, Evan",RADM,19,1,36,0,0,1,1,0
americaninternational:morganrenford,"Morgan, Renford",American International,8,1,36,0,0,2,2,0
americaninternational:nikolettidesgiorgos,"Nikolettides, Giorgos",American International,11,1,36,0,0,0,0,0
stl:hollowayxavier,"Holloway, Xavier",STL,27,1,36,0,0,0,0,0
udm:iaquaniellojoey,"Iaquaniello , Joey",UDM,19,1,36,0,0,0,0,0
neumannu:zubertjon,"Zubert, Jon",Neumann U.,9,1,36,0,0,0,0,0
neumannu:mejialuke,"Mejia, Luke",Neumann U.,10,1,36,0,0,0,0,0
neumannu:kuzmickjake,"Kuzmick, Jake",Neumann U.,13,1,36,0,0,1,1,0
neumannu:attakrahzion,"Atta-Krah, Zion",Neumann U.,19,1,36,0,0,0,0,0
neumannu:yingerjon,"Yinger, Jon",Neumann U.,2,1,36,0,0,0,0,0
neumannu:conoveraiden,"Conover, Aiden",Neumann U.,29,1,36,0,0,0,0,0
blackburn:greathouseshane,"Greathouse, Shane",Blackburn,77,1,36,0,0,0,0,0
wvu:carlsonsimon,"Carlson, Simon",WVU,37,1,36,0,0,0,0,0
a10championshipno6saintlouis:leathermancarlos,"Leatherman, Carlos",A-10 Championship - No. 6 Saint Louis,2,1,36,0,0,0,0,0
hofstra:pollhenri,"Poll, Henri",Hofstra,20,1,35,0,0,2,0,0
bostoncollege:reddypatrick,"Reddy, Patrick",Boston College,2,17,35,0,0,2,1,0
fau:spauldingsamir,"Spaulding, Samir",FAU,5,14,35,0,0,0,0,0
missouristate:marcellusiniccolo,"Marcellusi, Niccolo",Missouri State,23,18,35,0,0,1,0,0
dayton:kringengabriel,"Kringen, Gabriel",Dayton,23,4,35,0,0,0,0,0
saintpeters:vickeryteejay,"Vickery, Teejay",Saint Peter's,8,3,35,0,0,0,0,0
averett:morsealex,"Morse, Alex",Averett,17,1,35,0,0,0,0,0
su:perezjordaalejandro,"Perez Jorda, Alejandro",SU,9,1,35,0,0,1,1,0
westminstercollegemo:naumannnathan,"Naumann, Nathan",Westminster College (MO),11,1,35,0,0,0,0,0
harvard:lonerganshane,"Lonergan, Shane",Harvard,20,6,35,0,0,1,0,0
unhm:iljazideni,"Iljazi, Deni",UNHM,7,1,35,0,0,0,0,0
uri:huhnholztim,"Huhnholz, Tim",URI,27,1,35,0,0,0,0,0
jax:dempstrey,"Demps, Trey",JAX,12,1,35,0,0,0,0,0
jax:holtantobias,"Holtan, Tobias",JAX,20,1,35,0,0,0,0,0
bradleyuniversity:ngongangclaudel,"Ngongang, Claudel",Bradley University,20,1,35,0,0,0,0,0
csi:treeswill,"Trees, Will",CSI,16,1,35,0,0,0,0,0
blackburn:paizfredy,"Paiz, Fredy",Blackburn,17,1,35,0,0,0,0,0
bu:constantelucas,"Constante, Lucas",BU,19,1,35,0,0,0,0,0
adelphi:carlssonsenooleo,"Carlsson Senoo, Leo",Adelphi,4,1,35,0,0,0,0,0
a10semifinalsno5fordham:leitnerbennett,"Leitner, Bennett",A-10 Semifinals - No. 5 Fordham,19,1,35,0,0,0,0,0
snhu:krafttyler,"Kraft, Tyler",SNHU,8,1,35,0,0,0,0,0
a10championshipno6saintlouis:wrobelmatthew,"Wrobel, Matthew",A-10 Championship - No. 6 Saint Louis,9,1,35,0,0,1,1,0
24no4seedgeorgetown:urrutiadavid,"Urrutia, David",(#24/No. 4 seed) Georgetown,11,1,35,0,0,0,0,0
ncaa2ndroundmichigan:zeitzuriel,"Zeitz, Uriel",NCAA 2nd Round - Michigan,10,1,35,0,0,2,0,0
california:grimesthomas,"Grimes, Thomas",California,99,18,34,0,0,0,0,2
vcu:christmaslance,"Christmas, Lance",VCU,12,4,34,0,0,1,0,0
olddominion:buriadrian,"Buri, Adrian",Old Dominion,20,8,34,0,0,2,0,0
uconn:hopeelijah,"Hope, Elijah",UConn,20,14,34,0,0,0,0,0
georgetown:sadapazjordi,"Sada-Paz, Jordi",Georgetown,27,14,34,0,0,0,0,0
saintfrancis:planasalvaro,"Planas, Alvaro",Saint Francis,29,4,34,0,0,1,0,0
northamerican:cortesdenalie,"Cortes, De'Nalie",North American,7,1,34,0,0,1,0,0
northamerican:dacunhagabriel,"Da Cunha, Gabriel",North American,17,1,34,0,0,0,0,0
northgreenville:tebokanon,"Tebo, Kanon",North Greenville,26,1,34,0,0,1,0,0
iuindianapolis:flowersquentin,"Flowers, Quentin",IU Indianapolis,6,2,34,0,0,1,0,0
detroitmercy:stricklerjohnny,"Strickler , Johnny",Detroit Mercy,22,3,34,0,0,0,0,0
mke:leathermanpascal,"Leatherman, Pascal",MKE,19,3,34,0,0,0,0,0
vermont:richardsoncole,"Richardson, Cole",Vermont,4,5,34,0,0,0,0,0
iueast:alexismarckensley,"Alexis, Marckensley",IU East,4,1,34,0,0,0,0,0
edgewood:krauseleo,"Krause, Leo",Edgewood,43,1,34,0,0,0,0,0
dominican:portercole,"Porter, Cole",Dominican,12,1,34,0,0,0,0,0
universityofmassachusetts:feilscherjohan,"Feilscher, Johan",University of Massachusetts,7,1,34,0,0,1,0,0
suffolk:blawnluke,"Blawn, Luke",Suffolk,29,1,34,0,0,0,0,0
marybaldwin:battwilliam,"Batt, William",Mary Baldwin,1,1,34,0,0,0,0,0
johnsonwalesnc:tincyrus,"Tin, Cyrus",Johnson & Wales (N.C.),29,1,34,0,0,0,0,0
olivetnazarene:joergensenphilip,"Joergensen, Philip",Olivet Nazarene,9,1,34,0,0,0,0,0
bradleyuniversity:musschootcohen,"Musschoot, Cohen",Bradley University,8,1,34,0,0,0,0,0
avila:aguilardaniel,"Aguilar, Daniel",Avila,17,1,34,0,0,0,0,0
floridagulfcoastuniversity:shalaarber,"Shala, Arber",Florida Gulf Coast University,24,1,34,0,0,0,0,0
northcarolina:kitchandrew,"Kitch, Andrew",North Carolina,23,15,33,0,0,0,0,0
saintfrancispa:oechslinconnor,"Oechslin, Connor",Saint Francis (PA),19,2,33,0,0,0,0,0
uconn:almeidalucas,"Almeida, Lucas",UConn,9,14,33,0,0,0,0,0
xavier:sundbyritter,"Sundby, Ritter",Xavier,35,16,33,0,0,0,0,0
northwest:desmondjulian,"Desmond, Julian",Northwest,16,1,33,0,0,0,0,0
georgemason:garciadavid,"Garcia, David",George Mason,14,7,33,0,0,0,0,0
mountolive:hernandezjonathan,"Hernandez, Jonathan",Mount Olive,13,1,33,0,0,0,0,0
portland:jacksonparker,"Jackson, Parker",Portland,31,7,33,0,0,0,0,0
ucriverside:walkerethan,"Walker, Ethan",UC Riverside,13,10,33,0,0,1,0,0
um:gallegoignacio,"Gallego, Ignacio",UM,7,1,33,0,0,0,0,0
quincy:imigcolin,"Imig, Colin",Quincy,2,1,33,0,0,0,0,0
bpt:tanalex,"Tan, Alex",BPT,18,1,33,0,0,0,0,0
universityofsouthernindiana:bensonjeremie,"Benson, Jeremie",University of Southern Indiana,29,3,33,0,0,2,2,0
westmont:kuhncorbin,"Kuhn, Corbin",Westmont,3,2,33,0,0,0,0,0
highpoint:killgorejrjohn,"Killgore Jr., John",High Point,23,4,33,0,0,0,0,0
du:enriqueznathaniel,"Enriquez, Nathaniel",DU,11,1,33,0,0,0,0,0
ual:grillaluca,"Grilla, Luca",UAL,27,1,33,0,0,0,0,0
rhit:kruergabe,"Kruer, Gabe",RHIT,2,1,33,0,0,0,0,0
rhit:lipskyevan,"Lipsky, Evan",RHIT,30,1,33,0,0,0,0,0
bison:handzelnoah,"Handzel, Noah",BISON,13,1,33,0,0,0,0,0
loyolauniversitymaryland:smitheddie,"Smith, Eddie",Loyola University Maryland,16,2,33,0,0,0,0,0
elonuniversity:flowersjahmir,"Flowers, Jahmir",Elon University,23,1,33,0,0,0,0,0
stjosephslongisland:saraviadiego,"Saravia, Diego",St. Joseph's Long Island,19,1,33,0,0,0,0,0
keiser:gibbsted,"Gibbs, Ted",Keiser,3,1,33,0,0,0,0,0
stl:leathermancarlos,"Leatherman, Carlos",STL,2,1,33,0,0,0,0,0
udm:monroecolin,"Monroe , Colin",UDM,0,1,33,0,0,0,0,0
ucsd:namdarryan,"Namdar, Ryan",UCSD,9,1,33,0,0,0,0,0
virginiamilitaryinstitute:leejesse,"Lee, Jesse",Virginia Military Institute,12,1,33,0,0,1,1,0
blackburn:tribblelandon,"Tribble, Landon",Blackburn,23,1,33,0,0,0,0,0
marywashington:guzmandiego,"Guzman, Diego",Mary Washington,8,1,33,0,0,1,0,0
indy:aschlimantyson,"Aschliman, Tyson",INDY,25,1,33,0,0,0,0,0
a10championshipno6saintlouis:barnettdraven,"Barnett, Draven",A-10 Championship - No. 6 Saint Louis,15,1,33,0,0,0,0,0
rideruniversity:grahamchristian,"Graham, Christian",Rider University,33,6,32,0,0,0,0,0
army:kimandrew,"Kim, Andrew",Army,33,11,32,0,0,0,0,0
dayton:tangredialejo,"Tangredi, Alejo",Dayton,5,4,32,0,0,0,0,0
sacredheart:hawkaidan,"Hawk, Aidan",Sacred Heart,15,8,32,0,0,0,0,0
mercer:brokoppsam,"Brokopp, Sam",Mercer,15,12,32,0,0,0,0,0
washington:sherlockmikey,"Sherlock, Mikey",Washington,19,18,32,0,0,0,0,0
lwu:lovellconnor,"Lovell, Connor",LWU,22,2,32,0,0,0,0,0
warrenwilson:tobinwilliam,"Tobin, William",Warren Wilson,14,1,32,0,0,0,0,0
eckerdcollege:ervanianzach,"Ervanian, Zach",Eckerd College,00,1,32,0,0,0,0,0
westernillinois:velascogabriel,"Velasco, Gabriel",Western Illinois,18,3,32,0,0,0,0,0
furman:goodwinwesley,"Goodwin, Wesley",Furman,13,8,32,0,0,0,0,0
massachusetts:omalleyaaron,"O'Malley, Aaron",Massachusetts,6,2,32,0,0,2,0,0
iuindianapolis:bruckerbaela,"Brucker, Baela",IU Indianapolis,3,1,32,0,0,0,0,0
frd:siegbrett,"Sieg, Brett",FRD,22,1,32,0,0,0,0,0
dominican:floresnico,"Flores, Nico",Dominican,8,1,32,0,0,0,0,0
queens:gramannbrock,"Gramann, Brock",Queens,26,6,32,0,0,1,0,0
wm:howeshamilton,"Howes, Hamilton",WM,2,1,32,0,0,0,0,0
eckerd:hopenandrew,"Hopen, Andrew",Eckerd,24,1,32,0,0,0,0,0
ual:gissurarsonivarorri,"Gissurarson, Ivar Orri",UAL,7,1,32,0,0,1,0,0
uml:francespoquetguillermo,"Frances Poquet, Guillermo",UML,8,1,32,0,0,2,1,0
uml:holmstromoliver,"Holmstrom, Oliver",UML,21,1,32,0,0,0,0,0
stl:fournierdrake,"Fournier, Drake",STL,19,1,32,0,0,0,0,0
neumannu:rolleshunter,"Rolles, Hunter",Neumann U.,8,1,32,0,0,0,0,0
neumannu:duopualex,"Duopu, Alex",Neumann U.,24,1,32,0,0,0,0,0
sta:proutychance,"Prouty, Chance",STA,35,1,32,0,0,0,0,0
10no1seedwvu:christouconstantinos,"Christou, Constantinos",#10/No. 1 Seed WVU,21,1,32,0,0,1,1,0
california:gustafsongriffin,"Gustafson, Griffin",California,14,18,31,0,0,0,0,0
denver:morrisjake,"Morris, Jake",Denver,30,14,31,0,0,0,0,0
denver:kellercollin,"Keller, Collin",Denver,28,14,31,0,0,1,0,0
setonhill:wilsontristan,"Wilson, Tristan",Seton Hill,20,1,31,0,0,1,0,0
drexel:wellerben,"Weller, Ben",Drexel,20,14,31,0,0,0,0,0
stonehillcollege:okeefeseamus,"O'Keefe, Seamus",Stonehill College,32,6,31,0,0,0,0,0
universityofnebraskaatomaha:stukenholtzmikey,"Stukenholtz, Mikey",University of Nebraska at Omaha,20,1,31,0,0,0,0,0
sacredheart:mulhareluca,"Mulhare, Luca",Sacred Heart,18,8,31,0,0,1,0,0
ucf:shinkodaisuke,"Shinko, Daisuke",UCF,20,9,31,0,0,0,0,0
kansascity:sguotticorrado,"Sguotti, Corrado",Kansas City,29,19,31,0,0,0,0,0
ec:hallbailey,"Hall, Bailey",EC,18,1,31,0,0,0,0,0
eckerdcollege:musungaiesamuel,"Musungaie, Samuel",Eckerd College,9,1,31,0,0,0,0,0
liu:jaaskelainenrobin,"Jaaskelainen, Robin",LIU,21,3,31,0,0,0,0,0
umasslowell:harguindeymartin,"Harguindey, Martin",UMass Lowell,19,3,31,0,0,1,0,0
stambrose:hullowen,"Hull, Owen",St. Ambrose,20,1,31,0,0,0,0,0
westminstercollegemo:luetkemeyeradam,"Luetkemeyer, Adam",Westminster College (MO),9,1,31,0,0,0,0,0
westminstercollegemo:colelucas,"Cole, Lucas",Westminster College (MO),26,1,31,0,0,0,0,0
unhm:cederbergerik,"Cederberg, Erik",UNHM,15,1,31,0,0,0,0,0
uiw:segurafrancisco,"Segura, Francisco",UIW,11,2,31,0,0,0,0,0
hrv:vicianmatus,"Vician, Matus",HRV,18,1,31,0,0,0,0,0
virginiamilitaryinstitute:mcgovernconor,"McGovern, Conor",Virginia Military Institute,3,1,31,0,0,1,1,0
westmont:florianomario,"Floriano, Mario",Westmont,77,1,31,0,0,0,0,1
binghamton:tilgnerramsey,"Tilgner, Ramsey",Binghamton,2,2,31,0,0,0,0,0
blackburn:ortegajhazyel,"Ortega, Jhazyel",Blackburn,15,1,31,0,0,0,0,0
highpoint:herbnick,"Herb, Nick",High Point,22,8,30,0,0,0,0,0
lipscomb:cookecarson,"Cooke, Carson",Lipscomb,15,12,30,0,0,0,0,0
manhattan:tarrasantiago,"Tarra, Santiago",Manhattan,35,2,30,0,0,1,0,0
calpoly:oetingerjake,"Oetinger, Jake",Cal Poly,15,12,30,0,0,0,0,0
jamesmadison:leedavid,"Lee, David",James Madison,13,15,30,0,0,1,0,0
ucsandiego:stukanovnikita,"Stukanov, Nikita",UC San Diego,13,9,30,0,0,0,0,0
floridagulfcoast:nissimshachar,"Nissim, Shachar",Florida Gulf Coast,15,3,30,0,0,0,0,0
centralarkansas:skeaclancey,"Skea, Clancey",Central Arkansas,28,5,30,0,0,0,0,0
maryland:hassdalton,"Hass, Dalton",Maryland,34,18,30,0,0,0,0,0
um:dudleyharrison,"Dudley, Harrison",UM,13,1,30,0,0,0,0,0
northamerican:acostakevin,"Acosta, Kevin",North American,18,1,30,0,0,0,0,0
detroit:simonlouis,"Simon, Louis",Detroit,20,1,30,0,0,0,0,0
nu:devnanineil,"Devnani, Neil",NU,32,2,30,0,0,0,0,0
quincy:mongerichard,"Monge, Richard",Quincy,37,1,30,0,0,1,1,0
coc:emanuelegoetzkeezequiel,"Emanuele Goetzke, Ezequiel",COC,14,1,30,0,0,1,0,0
grandcanyonuniversity:hermittealan,"Hermitte, Alan",Grand Canyon University,12,1,30,0,0,2,1,0
stcloudstate:garciaandres,"Garcia, Andres",St. Cloud State,9,1,30,0,0,0,0,0
stcloudstate:balduinoeduardo,"Balduino, Eduardo",St. Cloud State,18,1,30,0,0,0,0,0
edgewood:murrowbeckham,"Murrow, Beckham",Edgewood,29,1,30,0,0,0,0,0
molm:gervasicolin,"Gervasi, Colin",MOLM,12,1,30,0,0,0,0,0
qncm:pettyjoshua,"Petty, Joshua",QNCM,29,1,30,0,0,2,0,0
ud:perlmanfrederik,"Perlman, Frederik",UD,13,1,30,0,0,1,0,0
saintmichaels:andrewsjack,"Andrews, Jack",Saint Michael's,9,1,30,0,0,0,0,0
saintmichaels:manleyjake,"Manley, Jake",Saint Michael's,16,1,30,0,0,0,0,0
du:brennanjack,"Brennan, Jack",DU,12,1,30,0,0,0,0,0
du:hickiewiczdaniel,"Hickiewicz, Daniel",DU,29,1,30,0,0,0,0,0
lafayette:martinriley,"Martin, Riley",Lafayette,22,5,30,0,0,0,0,0
westvirginia:christouconstantin,"Christou, Constantin",West Virginia,21,1,30,0,0,0,0,0
virginiacommonwealthuniversity:tourepapa,"Toure, Papa",Virginia Commonwealth University,10,1,30,0,0,1,0,0
flaatlantic:hassellzach,"Hassell, Zach",Fla. Atlantic,21,2,30,0,0,0,0,0
udm:tewsquinn,"Tews, Quinn",UDM,1,1,30,0,0,0,0,0
udm:crookszander,"Crooks, Zander",UDM,8,1,30,0,0,1,0,0
floridaatlantic:chapmancaleb,"Chapman, Caleb",Florida Atlantic,3,2,30,0,0,0,0,0
bradleyuniversity:madrigalemilio,"Madrigal, Emilio",Bradley University,12,1,30,0,0,0,0,0
unh:matherkyle,"Mather, Kyle",UNH,1,1,30,0,0,0,0,0
floridagulfcoastuniversity:beemanbrooks,"Beeman, Brooks",Florida Gulf Coast University,28,2,30,0,0,2,0,0
wvu:ewaldfelix,"Ewald, Felix",WVU,10,1,30,0,0,1,1,0
wvu:nyenkasam,"Nyenka, Sam",WVU,11,1,30,0,0,1,1,0
colgateplsemifinal:wrightaidan,"Wright, Aidan",Colgate — PL Semifinal,16,1,30,0,0,0,0,0
no28marshall:apolinariothiago,"Apolinario, Thiago",No. 2/#8 Marshall,3,1,30,0,0,0,0,0
no28marshall:vukovicaleksandar,"Vukovic, Aleksandar",No. 2/#8 Marshall,6,1,30,0,0,0,0,0
sandiegostate:longwellcody,"Longwell, Cody",San Diego State,18,6,29,0,0,0,0,0
california:rodriguezkevin,"Rodriguez, Kevin",California,17,18,29,0,0,1,0,0
evangelmo:chapmanjacob,"Chapman, Jacob",Evangel (Mo.),22,1,29,0,0,0,0,0
evangelmo:tadeochris,"Tadeo, Chris",Evangel (Mo.),5,1,29,0,0,0,0,0
oregonstate:wiedermark,"Wieder, Mark",Oregon State,26,16,29,0,0,0,0,0
universityofnebraskaatomaha:adanabdi,"Adan, Abdi",University of Nebraska at Omaha,23,1,29,0,0,0,0,0
ucriverside:alexanderandrew,"Alexander, Andrew",UC Riverside,33,11,29,0,0,0,0,0
belmontuniversity:arandaemmanuel,"Aranda, Emmanuel",Belmont University,25,6,29,0,0,0,0,0
lwu:cajusteethan,"Cajuste, Ethan",LWU,35,2,29,0,0,0,0,0
eckerdcollege:ristorcelliaaron,"Ristorcelli, Aaron",Eckerd College,22,1,29,0,0,0,0,0
ualbany:leechris,"Lee, Chris",UAlbany,12,5,29,0,0,0,0,0
gb:kontautaskajus,"Kontautas, Kajus",GB,5,1,29,0,0,0,0,0
vmi:burtonjoseph,"Burton, Joseph",VMI,24,4,29,0,0,0,0,0
vmi:ellistanner,"Ellis, Tanner",VMI,30,4,29,0,0,0,0,0
su:dobrunadren,"Dobruna, Dren",SU,3,1,29,0,0,0,0,0
quincy:morganethan,"Morgan, Ethan",Quincy,19,1,29,0,0,0,0,0
quincy:wilsontaine,"Wilson, Taine",Quincy,36,1,29,0,0,0,0,0
umasslowell:leonardojean,"Leonardo, Jean",UMass Lowell,17,3,29,0,0,0,0,0
lemoynecollege:lantrymichael,"Lantry, Michael",Le Moyne College,6,5,29,0,0,0,0,0
georgiasouthern:spiresfranklin,"Spires, Franklin",Georgia Southern,21,14,29,0,0,0,0,0
uncasheville:baguenasergio,"Baguena, Sergio",UNC Asheville,9,5,29,0,0,0,0,0
westminstercollegemo:royerkaedyn,"Royer, Kaedyn",Westminster College (MO),4,1,29,0,0,0,0,0
westminstercollegemo:biegtravis,"Bieg, Travis",Westminster College (MO),17,1,29,0,0,0,0,0
iueast:williamsonelijah,"Williamson, Elijah",IU East,0,1,29,0,0,0,0,4
iueast:griffiszion,"Griffis, Zion",IU East,27,1,29,0,0,0,0,0
saintmichaels:butlermarshall,"Butler, Marshall",Saint Michael's,19,1,29,0,0,1,0,0
eckerd:borgesjuan,"Borges, Juan",Eckerd,28,1,29,0,0,0,0,0
uml:esnaolaiaki,"Esnaola, I?aki",UML,10,1,29,0,0,1,0,0
uml:harguindeymartin,"Harguindey, Martin",UML,19,1,29,0,0,0,0,0
southernconnecticutstate:siegeljake,"Siegel, Jake",Southern Connecticut State,23,1,29,0,0,0,0,0
trine:salabritton,"Sala, Britton",Trine,9,2,29,0,0,0,0,0
calbaptist:marthtizian,"Marth, Tizian",Cal Baptist,16,1,29,0,0,0,0,0
calbaptist:contestabileluca,"Contestabile, Luca",Cal Baptist,19,1,29,0,0,1,1,0
olivetnazarene:hilbertsludvig,"Hilberts, Ludvig",Olivet Nazarene,0,1,29,0,0,0,0,0
olivetnazarene:murrayscotty,"Murray, Scotty",Olivet Nazarene,15,1,29,0,0,0,0,0
olivetnazarene:mariottijosh,"Mariotti, Josh",Olivet Nazarene,19,1,29,0,0,0,0,0
csi:garciabryan,"Garcia, Bryan",CSI,15,1,29,0,0,0,0,0
blackburn:pierremarc,"Pierre, Marc",Blackburn,6,1,29,0,0,0,0,0
uno:casillasjunior,"Casillas, Junior",UNO,11,1,29,0,0,1,1,0
stm:andrewsjack,"Andrews, Jack",STM,9,1,29,0,0,0,0,0
fau:chapmancaleb,"Chapman, Caleb",FAU,3,14,28,0,0,0,0,0
tulsa:abdulkadirmuharif,"Abdul-Kadir, Muharif",Tulsa,16,14,28,0,0,0,0,0
mountolive:coulibalyinza,"Coulibaly, Inza",Mount Olive,23,1,28,0,0,0,0,0
northflorida:schaffnerniklas,"Schaffner, Niklas",North Florida,26,14,28,0,0,0,0,0
up:svendbycasper,"Svendby, Casper",UP,21,1,28,0,0,1,1,0
eckerdcollege:freiredaniel,"Freire, Daniel",Eckerd College,20,1,28,0,0,0,0,0
eckerdcollege:bloomfielddaniel,"Bloomfield, Daniel",Eckerd College,23,1,28,0,0,0,0,0
ualbany:villanuevamarcos,"Villanueva, Marcos",UAlbany,13,5,28,0,0,0,0,0
indiana:josephnoah,"Joseph, Noah",Indiana,23,17,28,0,0,2,1,0
coc:bendvoldstian,"Bendvold, Stian",COC,27,1,28,0,0,1,0,0
iueast:cruzmarco,"Cruz, Marco",IU East,18,1,28,0,0,0,0,0
bpt:tovarkamrock,"Tovar, Kamrock",BPT,22,1,28,0,0,0,0,0
eckerd:williamscaden,"Williams, Caden",Eckerd,29,1,28,0,0,0,0,0
rhit:ahmadsalik,"Ahmad, Salik",RHIT,14,1,28,0,0,0,0,0
rhit:bellwil,"Bell, Wil",RHIT,18,1,28,0,0,0,0,0
rhit:kangaslandon,"Kangas, Landon",RHIT,36,1,28,0,0,0,0,0
bison:kattrupwaldemar,"Kattrup, Waldemar",BISON,8,1,28,0,0,0,0,0
stjosephslongisland:owenburgconnor,"Owenburg, Connor",St. Joseph's Long Island,9,1,28,0,0,0,0,0
keiser:landamanex,"Landa, Manex",Keiser,13,1,28,0,0,0,0,0
flaatlantic:woutersjoep,"Wouters, Joep",Fla. Atlantic,22,2,28,0,0,2,0,0
suffolk:tedescopaolo,"Tedesco, Paolo",Suffolk,15,1,28,0,0,0,0,0
suffolk:esqueremiliano,"Esquer, Emiliano",Suffolk,23,1,28,0,0,0,0,0
suffolk:vanbuskirkcarter,"Van Buskirk, Carter",Suffolk,33,1,28,0,0,0,0,0
du:wakefieldchase,"Wakefield, Chase",DU,28,1,28,0,0,0,0,0
du:jahsaiheed,"Jah, Saiheed",DU,23,1,28,0,0,0,0,0
universityoftheincarnateword:zunigaluis,"Zuniga, Luis",University of the Incarnate Word,8,1,28,0,0,0,0,0
csi:dawsonailey,"Dawson, Ailey",CSI,21,1,28,0,0,1,0,0
csi:herrerajuan,"Herrera, Juan",CSI,26,1,28,0,0,0,0,0
ust:schaefermerrick,"Schaefer, Merrick",UST,5,1,28,0,0,0,0,0
117429:mrvcicryan,"Mrvcic, Ryan",117429,12,1,28,0,0,0,0,0
colgateuniversity:hearnconnor,"Hearn, Connor",Colgate University,7,1,28,0,0,1,1,0
odu:reddinglewis,"Redding, Lewis",ODU,12,1,28,0,0,0,0,0
longisland:levytal,"Levy, Tal",Long Island,9,1,28,0,0,0,0,0
hofstra:rubenaxel,"Ruben, Axel",Hofstra,24,1,27,0,0,2,1,0
army:riceaiden,"Rice, Aiden",Army,37,12,27,0,0,0,0,1
holycross:oladapoalex,"Oladapo, Alex",Holy Cross,7,8,27,0,0,0,0,0
ec:sanchezjonh,"Sanchez, Jonh",EC,34,1,27,0,0,0,0,0
elon:quigleyjp,"Quigley, JP",Elon,21,8,27,0,0,0,0,0
saintfrancis:ohearnquinn,"O'Hearn, Quinn",Saint Francis,28,4,27,0,0,0,0,0
gb:nicholsonluke,"Nicholson, Luke",GB,4,1,27,0,0,1,1,0
northgreenville:wiltonhunter,"Wilton, Hunter",North Greenville,25,1,27,0,0,0,0,0
northgreenville:porschehayes,"Porsche, Hayes",North Greenville,27,1,27,0,0,0,0,0
csubakersfield:molinanicko,"Molina, Nicko",CSU Bakersfield,22,2,27,0,0,0,0,0
averett:lopezanibal,"Lopez, Anibal",Averett,1,1,27,0,0,0,0,4
averett:lesliepatrick,"Leslie, Patrick",Averett,16,1,27,0,0,0,0,0
averett:daviswill,"Davis, Will",Averett,19,1,27,0,0,0,0,0
bartoncollege:sepulvedaalejandro,"Sepulveda, Alejandro",Barton College,25,1,27,0,0,0,0,1
quincy:higginsgavin,"Higgins, Gavin",Quincy,6,1,27,0,0,1,1,0
quincy:klingelekeegan,"Klingele, Keegan",Quincy,20,1,27,0,0,0,0,0
loyolauniversitymaryland:sigurjnssonlafurdarri,"Sigurjónsson, Ólafur Darri",Loyola University Maryland,12,1,27,0,0,0,0,0
clemson:dishnicasamir,"Dishnica, Samir",Clemson,34,5,27,0,0,0,0,0
clemson:borlidorafael,"Borlido, Rafael",Clemson,29,4,27,0,0,0,0,0
loyolamaryland:onurolando,"Onu, Rolando",Loyola Maryland,9,2,27,0,0,0,0,0
dominican:rueeggerfinn,"Rueegger, Finn",Dominican,23,1,27,0,0,0,0,0
saintjosephs:kobeperlaza,Kobe Perlaza,Saint Joseph's,27,3,27,0,0,0,0,0
elonuniversity:levycarlos,"Levy, Carlos",Elon University,5,1,27,0,0,0,0,0
elonuniversity:philpotkorey,"Philpot, Korey",Elon University,22,1,27,0,0,0,0,0
theuniversityofolivet:kendricktyler,"Kendrick, Tyler",The University of Olivet,30,1,27,0,0,0,0,0
jax:woodcarson,"Wood, Carson",JAX,11,1,27,0,0,0,0,0
mke:ozuzuasher,"Ozuzu, Asher",MKE,9,1,27,0,0,0,0,0
udm:sulcviktor,"Sulc, Viktor",UDM,40,1,27,0,0,0,0,0
suffolk:leeford,"Lee, Ford",Suffolk,20,1,27,0,0,0,0,0
olivetnazarene:nobejordan,"Nobe, Jordan",Olivet Nazarene,13,1,27,0,0,0,0,0
nova:johnsontommy,"Johnson, Tommy",NOVA,3,1,27,0,0,0,0,0
nova:vazquezkarson,"Vazquez, Karson",NOVA,32,1,27,0,0,0,0,0
fairleighdickinson:ghobrialjonathan,"Ghobrial, Jonathan",Fairleigh Dickinson,11,1,27,0,0,0,0,0
bison1:julienjorden,"Julien, Jorden",BISON_~1,9,1,27,0,0,0,0,0
thecitycollegeofnewyork:mattonetommaso,"Mattone, Tommaso",The City College of New York,25,1,27,0,0,0,0,0
a10semifinalsno5fordham:pomplianoluke,"Pompliano, Luke",A-10 Semifinals - No. 5 Fordham,24,1,27,0,0,1,0,0
no28marshall:silvamarco,"Silva, Marco",No. 2/#8 Marshall,47,1,27,0,0,0,0,0
10no1seedwvu:nyenkasam,"Nyenka, Sam",#10/No. 1 Seed WVU,11,1,27,0,0,0,0,0
24no4seedgeorgetown:godinhoaidan,"Godinho, Aidan",(#24/No. 4 seed) Georgetown,13,1,27,0,0,1,1,0
ncaa2ndroundmichigan:nabakajonathan,"Nabaka, Jonathan",NCAA 2nd Round - Michigan,23,1,27,0,0,0,0,0
newhampshire:mclarencabot,"McLaren , Cabot",New Hampshire,28,16,26,0,0,1,1,0
uconn:arredondoalfonso,"Arredondo, Alfonso",UConn,30,14,26,0,0,0,0,0
stonehillcollege:cainethan,"Cain, Ethan",Stonehill College,6,2,26,0,0,0,0,0
marshall:kapilarohin,"Kapila, Rohin",Marshall,2,16,26,0,0,0,0,0
portland:martinezangel,"Martinez, Angel",Portland,21,8,26,0,0,0,0,0
fairfield:anastasiomark,"Anastasio, Mark",Fairfield,2,4,26,0,0,1,0,0
ec:moriartymaximus,"Moriarty, Maximus",EC,40,1,26,0,0,0,0,0
floridagulfcoast:knightsbrowneaddrian,"Knights-Browne, Addrian",Florida Gulf Coast,27,3,26,0,0,0,0,0
hofstra:daoustlogan,"D'Aoust, Logan",Hofstra,36,11,26,0,0,0,0,0
saintfrancis:oechslinconnor,"Oechslin, Connor",Saint Francis,19,4,26,0,0,0,0,0
wofford:dyernick,"Dyer, Nick",Wofford,4,7,26,0,0,0,0,0
massachusetts:wrightbraeden,"Wright, Braeden",Massachusetts,17,3,26,0,0,0,0,0
setonhall:vokesaronlucas,"Vokes, Aron Lucas",Seton Hall,37,14,26,0,0,0,0,0
eckerd:suttonblaine,"Sutton, Blaine",Eckerd,16,1,26,0,0,0,0,0
westmont:alvarodiego,"Alvaro, Diego",Westmont,5,1,26,0,0,0,0,0
newjerseyinstituteoftechnology:arayaandrew,"Araya, Andrew",New Jersey Institute of Technology,18,2,26,0,0,0,0,0
franklinpierce:proctordevlin,"Proctor, Devlin",Franklin Pierce,25,1,26,0,0,0,0,0
saintfrancisuniversity:planasalvaro,"Planas, Alvaro",Saint Francis University,29,2,26,0,0,0,0,0
theuniversityofolivet:myrickwilliam,"Myrick, William",The University of Olivet,14,1,26,0,0,0,0,0
longwood:fordoscar,"Ford, Oscar",Longwood,12,3,26,0,0,0,0,0
indianauniversityindianapolis:karjianmano,"Karjian, Mano",Indiana University Indianapolis,15,1,26,0,0,0,0,0
indianauniversityindianapolis:kegerreisluke,"Kegerreis, Luke",Indiana University Indianapolis,21,1,26,0,0,0,0,0
indianauniversityindianapolis:aschlimantyson,"Aschliman, Tyson",Indiana University Indianapolis,25,1,26,0,0,0,0,0
blackburn:klunkdawson,"Klunk, Dawson",Blackburn,1,1,26,0,0,0,0,0
blackburn:perlajohnny,"Perla, Johnny",Blackburn,32,1,26,0,0,0,0,0
uca:abusadajonathan,"Abusada, Jonathan",UCA,13,2,26,0,0,0,0,0
ust:slivakevin,"Sliva, Kevin",UST,29,1,26,0,0,0,0,0
utriograndevalley:matsuosota,"Matsuo, Sota",UT Rio Grande Valley,15,1,26,0,0,0,0,0
colgateplsemifinal:hearnconnor,"Hearn, Connor",Colgate — PL Semifinal,7,1,26,0,0,0,0,0
mercyhurst:tedaldijaime,"Tedaldi, Jaime",Mercyhurst,00,4,25,0,0,0,0,0
houstonchristian:saunchezdaunte,"Saunchez, Daunte",Houston Christian,15,4,25,0,0,0,0,0
clevelandstate:janjetovicpetar,"Janjetovic, Petar",Cleveland State,21,4,25,0,0,0,0,0
marshall:sekiguchimasaya,"Sekiguchi, Masaya",Marshall,32,17,25,0,0,0,0,0
californiabaptist:martinezuly,"Martinez, Uly",California Baptist,23,14,25,0,0,0,0,0
monmouth:mcnameeluke,"McNamee, Luke",Monmouth,16,4,25,0,0,0,0,0
ec:gouldoscar,"Gould, Oscar",EC,5,1,25,0,0,0,0,0
easternillinois:brassardsam,"Brassard, Sam",Eastern Illinois,27,3,25,0,0,0,0,0
gb:manciutony,"Manciu, Tony",GB,26,1,25,0,0,0,0,0
averett:maireleshugo,"Maireles, Hugo",Averett,21,1,25,0,0,0,0,0
su:fernandesnick,"Fernandes, Nick",SU,8,1,25,0,0,0,0,0
fdu:barberojaime,"Barbero, Jaime",FDU,19,4,25,0,0,2,1,0
ju:mancusomichael,"Mancuso, Michael",JU,22,1,25,0,0,1,1,0
iueast:pengceubiak,"Peng Ceu, Biak",IU East,14,1,25,0,0,0,0,0
umass:wrightbraeden,"Wright, Braeden",UMass,17,6,25,0,0,0,0,0
harvard:veghteethan,"Veghte, Ethan",Harvard,26,4,25,0,0,0,0,0
northernillinoisuniversity:beardbraeden,"Beard, Braeden",Northern Illinois University,27,1,25,0,0,1,0,0
canisius:schmidtben,"Schmidt, Ben",Canisius,28,2,25,0,0,0,0,0
saintlouis:shapironate,"Shapiro, Nate",Saint Louis,29,5,25,0,0,0,0,0
uml:hwangjunyoung,"Hwang, Junyoung",UML,29,1,25,0,0,2,0,0
bu:sinnaevejared,"Sinnaeve, Jared",BU,26,2,25,0,0,0,0,0
stjosephslongisland:pensavallenick,"Pensavalle, Nick",St. Joseph's Long Island,7,1,25,0,0,0,0,0
keiser:yaegashiichiya,"Yaegashi, Ichiya",Keiser,2,1,25,0,0,0,0,0
keiser:mcallistermalcolm,"McAllister, Malcolm",Keiser,15,1,25,0,0,0,0,0
keiser:saabcaio,"Saab, Caio",Keiser,24,1,25,0,0,1,0,0
albertusmagnuscollege:frenchelijah,"French, Elijah",Albertus Magnus College,6,1,25,0,0,1,0,0
radford:jamrakizak,"Jamraki, Zak",Radford,38,5,25,0,0,0,0,0
southfla:kostanjseklovro,"Kostanjsek, Lovro",South Fla.,7,1,25,0,0,1,1,0
csub:mileycurtis,"Miley, Curtis",CSUB,19,1,25,0,0,0,0,0
olivetnazarene:devriesbas,"De Vries, Bas",Olivet Nazarene,30,1,25,0,0,0,0,0
loyola:powderseth,"Powder, Seth",Loyola,25,3,25,0,0,0,0,0
uno:bilinacstefan,"Bilinac, Stefan",UNO,8,1,25,0,0,0,0,0
avila:woodjake,"Wood, Jake",Avila,31,1,25,0,0,0,0,0
bu:egangaven,"Egan, Gaven",BU,21,1,25,0,0,0,0,0
warnerfla:brycehimes,Bryce Himes,Warner (Fla.),16,1,25,0,0,0,0,0
colgateuniversity:catesconnor,"Cates, Connor",Colgate University,2,1,25,0,0,1,0,0
24no4seedgeorgetown:paretecole,"Parete, Cole",(#24/No. 4 seed) Georgetown,14,1,25,0,0,0,0,0
california:aubanelnoe,"Aubanel, Noe",California,66,18,24,0,0,0,0,0
loyolamd:mcevoycole,"McEvoy, Cole",Loyola (MD),7,2,24,0,0,0,0,0
iuindy:roperjoseph,"Roper, Joseph",IU Indy,12,4,24,0,0,0,0,0
lemoynecollege:jacksoncarter,"Jackson, Carter",Le Moyne College,20,4,24,0,0,0,0,0
manhattan:abbatiellopaul,"Abbatiello, Paul",Manhattan,32,5,24,0,0,0,0,0
lindenwood:cajusteethan,"Cajuste, Ethan",Lindenwood,35,2,24,0,0,0,0,0
yale:gurionlior,"Gurion, Lior",Yale,28,9,24,0,0,0,0,0
merrimackcollege:magnussongeir,"Magnusson, Geir",Merrimack College,20,4,24,0,0,0,0,0
indiana:dreherej,"Dreher, EJ",Indiana,29,17,24,0,0,0,0,0
fordham:pericicaidan,"Pericic, Aidan",Fordham,13,2,24,0,0,0,0,0
notredame:boatengdaniel,"Boateng, Daniel",Notre Dame,12,6,24,0,0,0,0,0
notredame:sellersivcleveland,"Sellers IV, Cleveland",Notre Dame,29,6,24,0,0,1,0,0
frd:zachrydevin,"Zachry, Devin",FRD,20,1,24,0,0,0,0,0
universityofmassachusettslowell:atiaomar,"Atia, Omar",University of Massachusetts Lowell,33,2,24,0,0,0,0,0
unhm:rosendavid,"Rosen, David",UNHM,2,1,24,0,0,0,0,0
unhm:akgulkaanturk,"Akgul, Kaanturk",UNHM,18,1,24,0,0,0,0,0
dominican:allenfreddie,"Allen, Freddie",Dominican,20,1,24,0,0,2,2,0
virginiamilitaryinstitute:millerjack,"Miller, Jack",Virginia Military Institute,29,1,24,0,0,0,0,0
du:stegallchase,"Stegall, Chase",DU,19,1,24,0,0,2,2,0
nu:concesrichard,"Conces, Richard",NU,13,1,24,0,0,0,0,0
theuniversityofolivet:gojcajbrandon,"Gojcaj, Brandon",The University of Olivet,24,1,24,0,0,0,0,0
jax:aanensenkarlsennicolas,"Aanensen Karlsen, Nicolas",JAX,27,1,24,0,0,2,1,0
radm:conwaydevin,"Conway, Devin",RADM,35,1,24,0,0,0,0,0
calbaptist:robsonkieran,"Robson, Kieran",Cal Baptist,13,1,24,0,0,0,0,0
flaatlantic:tourekerfalla,"Toure, Kerfalla",Fla. Atlantic,33,2,24,0,0,0,0,0
udm:sylvainguershom,"Sylvain, Guershom",UDM,10,1,24,0,0,0,0,0
mountstmarys:benayonabrahamjam,"Benayon-Abraham, Jam",Mount St. Mary's,23,1,24,0,0,1,0,0
mountstmarys:pottsgarrett,"Potts, Garrett",Mount St. Mary's,26,1,24,0,0,0,0,0
ucsd:brownwoody,"Brown, Woody",UCSD,32,1,24,0,0,0,0,0
csub:biggerstaffaaron,"Biggerstaff, Aaron",CSUB,20,1,24,0,0,0,0,0
johnsonwalesnc:pavaonoah,"Pavao, Noah",Johnson & Wales (N.C.),0,1,24,0,0,0,0,2
utriograndevalley:roblesjason,"Robles, Jason",UT Rio Grande Valley,14,1,24,0,0,1,1,0
bu:cavalarcarlo,"Cavalar, Carlo",BU,6,1,24,0,0,0,0,0
bu:fitzgeraldsean,"Fitzgerald, Sean",BU,17,1,24,0,0,0,0,0
no28marshall:tanedaharuhi,"Taneda, Haruhi",No. 2/#8 Marshall,18,1,24,0,0,0,0,0
8no13seedmarshallsweet16:vukovicaleksandar,"Vukovic, Aleksandar",(#8/No. 13 seed) Marshall (Sweet 16),6,1,24,0,0,0,0,0
8no13seedmarshallsweet16:simonpablo,"Simon, Pablo",(#8/No. 13 seed) Marshall (Sweet 16),11,1,24,0,0,0,0,0
8no13seedmarshallsweet16:robertojoao,"Roberto, Joao",(#8/No. 13 seed) Marshall (Sweet 16),12,1,24,0,0,1,0,0
uab:andersonjudson,"Anderson, Judson",UAB,26,14,23,0,0,1,1,0
northcarolina:mcdowelljohn,"McDowell, John",North Carolina,14,15,23,0,0,0,0,0
loyolamd:ozgasteven,"Ozga, Steven",Loyola (MD),23,2,23,0,0,0,0,0
fiu:alcocerbruno,"Alcocer, Bruno",FIU,16,7,23,0,0,0,0,0
northernkentucky:kreitmeirgavin,"Kreitmeir, Gavin",Northern Kentucky,24,4,23,0,0,0,0,0
gardnerwebb:manibjarnasonbjorgvin,"Mani Bjarnason, Bjorgvin",Gardner-Webb,15,20,23,0,0,0,0,0
universityofchicago:kairicky,"Kai, Ricky",University of Chicago,6,1,23,0,0,0,0,0
universityofchicago:caloiamatteo,"Caloia, Matteo",University of Chicago,8,1,23,0,0,0,0,0
universityofchicago:lingeorge,"Lin, George",University of Chicago,16,1,23,0,0,0,0,0
universityofchicago:valdezkevin,"Valdez, Kevin",University of Chicago,28,1,23,0,0,0,0,0
mountolive:shepperttristan,"Sheppert, Tristan",Mount Olive,27,1,23,0,0,0,0,0
ucriverside:howlettthomas,"Howlett, Thomas",UC Riverside,31,11,23,0,0,0,0,0
drake:corrigannoah,"Corrigan, Noah",Drake,25,5,23,0,0,0,0,0
lwu:smithparker,"Smith, Parker",LWU,13,1,23,0,0,2,1,0
warrenwilson:olearyconnor,"Oleary, Connor",Warren Wilson,30,1,23,0,0,0,0,0
saintfrancis:frenchbrendan,"French, Brendan",Saint Francis,30,5,23,0,0,0,0,0
usi:ortizezekiel,"Ortiz, Ezekiel",USI,17,3,23,0,0,1,0,0
ccsu:haugephillip,"Hauge, Phillip",CCSU,2,1,23,0,0,0,0,0
howard:dunhamniles,"Dunham, Niles",Howard,12,2,23,0,0,0,0,0
du:waskijayden,"Waski, Jayden",DU,31,1,23,0,0,0,0,0
bison:sullivancollin,"Sullivan, Collin",BISON,12,1,23,0,0,0,0,0
elonuniversity:mackinnonnicholas,"Mackinnon, Nicholas",Elon University,17,1,23,0,0,0,0,0
stjosephslongisland:wilbergeralan,"Wilberger, Alan",St. Joseph's Long Island,20,1,23,0,0,0,0,0
robertmorris:gorgenyikieran,"Gorgenyi, Kieran",Robert Morris,31,3,23,0,0,0,0,0
marybaldwin:meisteraiden,"Meister, Aiden",Mary Baldwin,9,1,23,0,0,0,0,0
johnsonwalesnc:serpaseric,"Serpas, Eric",Johnson & Wales (N.C.),11,1,23,0,0,0,0,0
johnsonwalesnc:josephknoel,"Joseph, Knoel",Johnson & Wales (N.C.),17,1,23,0,0,0,0,0
johnsonwalesnc:dortaluis,"Dorta, Luis",Johnson & Wales (N.C.),23,1,23,0,0,0,0,0
fairleighdickinson:valenzueladominic,"Valenzuela, Dominic",Fairleigh Dickinson,16,1,23,0,0,0,0,0
blackburn:shteyngartboris,"Shteyngart, Boris",Blackburn,0,1,23,0,0,0,0,0
uno:perkinsbrett,"Perkins, Brett",UNO,27,1,23,0,0,1,1,0
stm:manleyjake,"Manley, Jake",STM,16,1,23,0,0,0,0,0
longisland:fridmanjack,"Fridman, Jack",Long Island,15,1,23,0,0,0,0,0
depaul:brooksclayton,"Brooks, Clayton",DePaul,18,15,22,0,0,0,0,1
ohiostate:stollerrj,"Stoller, RJ",Ohio State,24,19,22,0,0,0,0,2
universityofchicago:lorrnick,"Lorr, Nick",University of Chicago,19,1,22,0,0,0,0,0
jamesmadison:slackdrew,"Slack, Drew",James Madison,1,15,22,0,0,0,0,1
jamesmadison:carlyonjackson,"Carlyon, Jackson",James Madison,25,15,22,0,0,0,0,0
hofstra:robertsdavid,"Roberts, David",Hofstra,26,10,22,0,0,0,0,0
bradley:riberiocaleb,"Riberio, Caleb",Bradley,18,1,22,0,0,0,0,0
hofstra:cervonigino,"Cervoni, Gino",Hofstra,30,8,22,0,0,0,0,0
bellarmine:johnsongrady,"Johnson, Grady",Bellarmine,28,3,22,0,0,0,0,0
notredame:acostamateo,"Acosta, Mateo",Notre Dame,17,5,22,0,0,1,0,0
hrv:dasnayan,"Das, Nayan",HRV,23,1,22,0,0,0,0,0
saintmichaels:pescinaalessandro,"Pescina, Alessandro",Saint Michael's,8,1,22,0,0,0,0,0
trine:meningahunter,"Meninga, Hunter",Trine,24,2,22,0,0,0,0,0
albertusmagnuscollege:navaelian,"Nava, Elian",Albertus Magnus College,14,1,22,0,0,0,0,0
americaninternational:ferreiratyler,"Ferreira, Tyler",American International,12,1,22,0,0,0,0,0
virginiacommonwealthuniversity:fengkai,"Feng, Kai",Virginia Commonwealth University,25,1,22,0,0,0,0,0
universityoftheincarnateword:ordonezdaniel,"Ordonez, Daniel",University of the Incarnate Word,3,1,22,0,0,0,0,0
blackburn:cazarescristian,"Cazares, Cristian",Blackburn,13,1,22,0,0,0,0,0
blackburn:burrowssam,"Burrows, Sam",Blackburn,18,1,22,0,0,0,0,0
blackburn:trianoleandro,"Triano, Leandro",Blackburn,55,1,22,0,0,0,0,0
marywashington:vargasjuan,"Vargas, Juan",Mary Washington,11,1,22,0,0,0,0,0
fpu:torressanchezjavier,"Torres Sanchez, Javier",FPU,6,1,22,0,0,0,0,0
fpu:clarkejonty,"Clarke, Jonty",FPU,17,1,22,0,0,0,0,0
mercyhurst:moralesalfredo,"Morales, Alfredo",Mercyhurst,58,4,21,0,0,0,0,0
duke:gallagherryan,"Gallagher, Ryan",Duke,00,19,21,0,0,0,0,0
vcu:hughesdavid,"Hughes, David",VCU,16,3,21,0,0,0,0,0
quinnipiac:pisanimatthew,"Pisani, Matthew",Quinnipiac,12,8,21,0,0,0,0,0
ohiostate:onodizsombar,"Onodi, Zsombar",Ohio State,29,20,21,0,0,0,0,0
charleston:avalloneryan,"Avallone, Ryan",Charleston,29,14,21,0,0,2,1,0
emoryhenry:masambetajado,"Masambeta, Jado",Emory & Henry,14,1,21,0,0,0,0,0
csun:mayindumatthieu,"Mayindu, Matthieu",CSUN,2,8,21,0,0,0,0,0
pc:mitchelldavid,"Mitchell, David",PC,19,1,21,0,0,0,0,0
pc:rambertjavien,"Rambert, Javien",PC,23,1,21,0,0,2,1,0
um:strubephilipp,"Strube, Philipp",UM,18,1,21,0,0,0,0,0
um:contiben,"Conti, Ben",UM,34,1,21,0,0,0,0,0
ualbany:wattlucas,"Watt, Lucas",UAlbany,4,4,21,0,0,0,0,0
airforce:marteyzion,"Martey, Zion",Air Force,24,14,21,0,0,1,0,0
detroit:phillipsmateo,"Phillips, Mateo",Detroit,18,1,21,0,0,0,0,0
averett:gutierrezmario,"Gutierrez, Mario",Averett,2,1,21,0,0,0,0,0
uncwilmington:thakurrohit,"Thakur, Rohit",UNC Wilmington,21,8,21,0,0,0,0,0
mountstmarys:lugosimon,"Lugo, Simon",Mount St. Mary's,40,1,21,0,0,0,0,0
lwu:hubertharrison,"Hubert, Harrison",LWU,16,2,21,0,0,0,0,0
au:shirleynicholas,"Shirley, Nicholas",AU,5,1,21,0,0,0,0,0
au:sowemustapha,"Sowe, Mustapha",AU,20,1,21,0,0,1,0,0
au:parrareyes,"Parra, Reyes",AU,17,1,21,0,0,0,0,0
ccsu:bravadogavin,"Bravado, Gavin",CCSU,22,2,21,0,0,0,0,0
williammary:bertranmiguel,"Bertran, Miguel",William & Mary,7,1,21,0,0,2,1,0
frd:marinalex,"Marin, Alex",FRD,9,1,21,0,0,0,0,0
frd:rosenasher,"Rosen, Asher",FRD,11,1,21,0,0,0,0,0
frd:arenajoseph,"Arena, Joseph",FRD,12,1,21,0,0,0,0,0
northernillinoisuniversity:mugishawilliam,"Mugisha, William",Northern Illinois University,14,1,21,0,0,0,0,0
northernillinoisuniversity:montoyamartin,"Montoya, Martin",Northern Illinois University,23,1,21,0,0,0,0,0
cornell:carnevalewill,"Carnevale, Will",Cornell,13,7,21,0,0,0,0,0
eckerd:musungaiesamuel,"Musungaie, Samuel",Eckerd,9,1,21,0,0,0,0,0
lwu:fordoscar,"Ford, Oscar",LWU,12,1,21,0,0,0,0,0
lwu:ouattarakunandy,"Ouattara, Kunandy",LWU,14,1,21,0,0,0,0,0
unf:reinhardtjaxon,"Reinhardt, Jaxon",UNF,19,2,21,0,0,2,0,0
stjosephslongisland:deutshjack,"Deutsh, Jack",St. Joseph's Long Island,16,1,21,0,0,0,0,0
covenantcollege:adamsian,"Adams, Ian",Covenant College,15,1,21,0,0,0,0,0
uiw:zunigaluis,"Zuniga, Luis",UIW,8,1,21,0,0,0,0,0
marybaldwin:crosilcohen,"Crosil, Cohen",Mary Baldwin,5,1,21,0,0,0,0,0
johnsonwalesnc:ackerjackson,"Acker, Jackson",Johnson & Wales (N.C.),99,1,21,0,0,0,0,4
gtown:dillowronan,"Dillow, Ronan",GTOWN,15,1,21,0,0,0,0,0
gtown:barrioscristalesjulian,"Barrios Cristales, Julian",GTOWN,17,1,21,0,0,0,0,0
unh:cederbergerik,"Cederberg, Erik",UNH,15,1,21,0,0,0,0,0
sta:assanthasamuel,"Assantha, Samuel",STA,10,1,21,0,0,0,0,0
loyola:raineyjuston,"Rainey, Juston",Loyola,27,2,21,0,0,0,0,0
colgateplsemifinal:hughescolin,"Hughes, Colin",Colgate — PL Semifinal,19,1,21,0,0,0,0,0
colgateplsemifinal:johnsonwade,"Johnson, Wade",Colgate — PL Semifinal,23,1,21,0,0,0,0,0
a10semifinalsno5fordham:kisseemile,"Kisse, Emile",A-10 Semifinals - No. 5 Fordham,9,1,21,0,0,0,0,0
ncaa2ndroundmichigan:parkermurphy,"Parker, Murphy",NCAA 2nd Round - Michigan,16,1,21,0,0,0,0,0
loyolamd:zunigajeremiah,"Zuniga, Jeremiah",Loyola (MD),22,2,20,0,0,0,0,0
evangelmo:senderaphael,"Sende, Raphael",Evangel (Mo.),9,1,20,0,0,0,0,0
setonhill:fosterisaac,"Foster, Isaac",Seton Hill,12,1,20,0,0,0,0,0
setonhill:lambertleo,"Lambert, Leo",Seton Hill,13,1,20,0,0,1,0,0
uconn:macleangreg,"Maclean, Greg",UConn,27,14,20,0,0,0,0,0
universityofnebraskaatomaha:gravekampmaarten,"Gravekamp, Maarten",University of Nebraska at Omaha,21,1,20,0,0,0,0,0
northwest:beatywayden,"Beaty, Wayden",Northwest,29,1,20,0,0,0,0,0
washington:sovdechad,"Sovde, Chad",Washington,33,17,20,0,0,0,0,0
wrightstate:carpentercharlie,"Carpenter, Charlie",Wright State,4,10,20,0,0,1,0,0
ec:gonzaleztony,"Gonzalez, Tony",EC,14,1,20,0,0,0,0,0
ec:camosserramax,"Camos Serra, Max",EC,28,1,20,0,0,0,0,0
centralarkansas:palanjianalec,"Palanjian, Alec",Central Arkansas,32,4,20,0,0,0,0,0
manhattan:terrrasantiago,"Terrra, Santiago",Manhattan,35,3,20,0,0,0,0,0
bartoncollege:gompersjacob,"Gompers, Jacob",Barton College,30,1,20,0,0,0,0,0
centralconnecticut:catanzaroanthony,"Catanzaro, Anthony",Central Connecticut,27,1,20,0,0,0,0,0
armywestpoint:drabenstottjack,"Drabenstott, Jack",Army West Point,9,2,20,0,0,0,0,0
armywestpoint:meyerjack,"Meyer, Jack",Army West Point,17,2,20,0,0,0,0,0
westmont:alvaradomiguel,"Alvarado, Miguel",Westmont,26,2,20,0,0,0,0,0
post:silvadiego,"Silva, Diego",Post,18,1,20,0,0,0,0,0
eckerd:ristorcelliaaron,"Ristorcelli, Aaron",Eckerd,22,1,20,0,0,1,1,0
lasalle:danieljonathan,"Daniel, Jonathan",La Salle,34,3,20,0,0,1,1,0
eagles:zouantchadilane,"Zouantcha, Dilane",EAGLES,10,1,20,0,0,0,0,0
eagles:sullivanchris,"Sullivan, Chris",EAGLES,25,1,20,0,0,0,0,0
siuedwardsville:gibbskarson,"Gibbs, Karson",SIU Edwardsville,24,1,20,0,0,1,0,0
stl:doughertycole,"Dougherty, Cole",STL,21,1,20,0,0,0,0,0
northernillinoisuniversity:squiresjosh,"Squires, Josh",Northern Illinois University,12,1,20,0,0,0,0,0
suffolk:pierantozzidiego,"Pierantozzi, Diego",Suffolk,21,1,20,0,0,0,0,0
suffolk:valckfrancisco,"Valck, Francisco",Suffolk,25,1,20,0,0,0,0,0
niu:mugishawilliam,"Mugisha, William",NIU,14,1,20,0,0,1,0,0
csub:camarashammai,"Camara, Shammai",CSUB,3,1,20,0,0,0,0,0
blackburn:snyderlandon,"Snyder, Landon",Blackburn,11,1,20,0,0,0,0,0
bison1:simmonszach,"Simmons, Zach",BISON_~1,16,1,20,0,0,1,0,0
odu:waylandmicah,"Wayland, Micah",ODU,14,1,20,0,0,0,0,0
no28marshall:holmesryan,"Holmes, Ryan",No. 2/#8 Marshall,5,1,20,0,0,0,0,0
ncaa2ndroundmichigan:cassidaynicholas,"Cassiday, Nicholas",NCAA 2nd Round - Michigan,12,1,20,0,0,0,0,0
ncaa2ndroundmichigan:bramekamau,"Brame, Kamau",NCAA 2nd Round - Michigan,34,1,20,0,0,0,0,0
california:laredonik,"Laredo, Nik",California,21,18,19,0,0,0,0,0
california:chalwinjoe,"Chalwin, Joe",California,30,18,19,0,0,1,1,0
colgate:thygesonwill,"Thygeson, Will",Colgate,18,6,19,0,0,0,0,0
army:gormleydaniel,"Gormley, Daniel",Army,25,11,19,0,0,0,0,0
evangelmo:chithweandray,"Chithwe, Andray",Evangel (Mo.),14,1,19,0,0,0,0,0
evangelmo:cuevasfranco,"Cuevas, Franco",Evangel (Mo.),19,1,19,0,0,0,0,0
setonhill:amoskeegan,"Amos, Keegan",Seton Hill,7,2,19,0,0,0,0,0
saintfrancispa:wolfjonah,"Wolf, Jonah",Saint Francis (PA),6,2,19,0,0,0,0,0
michiganstate:grekowiczjake,"Grekowicz, Jake",Michigan State,28,16,19,0,0,0,0,0
milwaukee:torhorstsam,"Torhorst, Sam",Milwaukee,2,4,19,0,0,0,0,0
ec:eusebioandreluiz,"Eusebio, Andre Luiz",EC,8,1,19,0,0,0,0,0
ec:reylautaro,"Rey, Lautaro",EC,27,1,19,0,0,0,0,0
westernmichigan:rahilldonal,"Rahill, Donal",Western Michigan,5,5,19,0,0,0,0,0
westernmichigan:bielnick,"Biel, Nick",Western Michigan,23,5,19,0,0,0,0,0
akron:bartelsjoshua,"Bartels, Joshua",Akron,15,19,19,0,0,1,0,0
easttennesseestate:franksnoah,"Franks, Noah",East Tennessee State,14,3,19,0,0,0,0,0
delaware:campbellcaelin,"Campbell, Caelin",Delaware,31,6,19,0,0,0,0,2
winthrop:robbinscole,"Robbins, Cole",Winthrop,32,9,19,0,0,0,0,0
chicagostate:medranosalvador,"Medrano, Salvador",Chicago State,3,1,19,0,0,0,0,0
lehigh:aitchisonmatthew,"Aitchison, Matthew",Lehigh,25,12,19,0,0,0,0,0
iuindianapolis:kegerreisluke,"Kegerreis, Luke",IU Indianapolis,21,2,19,0,0,0,0,0
santaclara:wilmottaidan,"Wilmott, Aidan",Santa Clara,13,6,19,0,0,0,0,0
coc:bagshawben,"Bagshaw, Ben",COC,19,1,19,0,0,0,0,0
au:garcessebastian,"Garces, Sebastian",AU,16,1,19,0,0,0,0,0
universityatalbany:grillaluca,"Grilla, Luca",University at Albany,27,1,19,0,0,0,0,0
unhm:lydenthomas,"Lyden, Thomas",UNHM,31,1,19,0,0,0,0,0
theuniversityofolivet:cantujaden,"Cantu, Jaden",The University of Olivet,4,1,19,0,0,0,0,0
theuniversityofolivet:bushaelijah,"Busha, Elijah",The University of Olivet,17,1,19,0,0,0,0,0
keiser:teixeriaemanuel,"Teixeria, Emanuel",Keiser,6,1,19,0,0,0,0,0
keiser:casaubonchili,"Casaubon, Chili",Keiser,20,1,19,0,0,0,0,0
siuedwardsville:francobrian,"Franco, Brian",SIU Edwardsville,23,1,19,0,0,0,0,0
covenantcollege:jonesnoah,"Jones, Noah",Covenant College,8,1,19,0,0,0,0,0
stl:andersontanner,"Anderson, Tanner",STL,23,1,19,0,0,0,0,0
armywestpoint:kapustinniko,"Kapustin, Niko",Army West Point,15,1,19,0,0,0,0,0
avl:figueroamoralesemilio,"Figueroa-Morales, Emilio",AVL,21,1,19,0,0,0,0,0
unh:hernandezmike,"Hernandez, Mike",UNH,29,1,19,0,0,0,0,0
unh:riganodario,"Rigano, Dario",UNH,30,1,19,0,0,0,0,0
blackburn:mahrishyousserf,"Mahrish, Yousserf",Blackburn,47,1,19,0,0,0,0,0
marywashington:lenhardmichael,"Lenhard, Michael",Mary Washington,6,1,19,0,0,1,1,0
marywashington:sturmanjack,"Sturman, Jack",Mary Washington,34,1,19,0,0,0,0,0
uca:chavezchristian,"Chavez, Christian",UCA,23,2,19,0,0,0,0,0
uno:palgawawa,"Palga, Wawa",UNO,19,1,19,0,0,0,0,0
stm:peninmikel,"Penin, Mikel",STM,7,1,19,0,0,0,0,0
army:boozercutis,"Boozer, Cutis",Army,24,3,18,0,0,0,0,0
michiganstate:phelanaidan,"Phelan, Aidan",Michigan State,21,16,18,0,0,0,0,0
grandview:ayarzalier,"Ayarza, Lier",Grand View,21,1,18,0,0,0,0,0
ec:vandersluijsthom,"van der Sluijs, Thom",EC,24,1,18,0,0,0,0,0
ec:whitebrodrick,"White, Brodrick",EC,33,1,18,0,0,0,0,0
lindenwood:shalemason,"Shale, Mason",Lindenwood,30,2,18,0,0,0,0,0
williammary:fortescuejreddie,"Fortescue Jr., Eddie",William & Mary,26,6,18,0,0,0,0,0
averett:barberaidan,"Barber, Aidan",Averett,9,1,18,0,0,0,0,0
indiana:karaalex,"Kara, Alex",Indiana,0,17,18,0,0,0,0,0
indiana:woltherslucas,"Wolthers, Lucas",Indiana,18,17,18,0,0,0,0,0
frd:oliveiraalex,"Oliveira, Alex",FRD,23,1,18,0,0,0,0,0
universityofsouthernindiana:matthewsbraden,"Matthews, Braden",University of Southern Indiana,0,2,18,0,0,0,0,0
hrv:kellyben,"Kelly, Ben",HRV,8,1,18,0,0,1,0,0
theuniversityofolivet:scheelcarter,"Scheel, Carter",The University of Olivet,22,1,18,0,0,0,0,0
bentley:pollarddaimon,"Pollard, Daimon",Bentley,34,1,18,0,0,0,0,0
suffolk:papadimitrioudeven,"Papadimitriou, Deven",Suffolk,18,1,18,0,0,0,0,0
suffolk:giammatteilucca,"Giammattei, Lucca",Suffolk,24,1,18,0,0,0,0,0
neumannu:pobrealex,"Pobre, Alex",Neumann U.,11,1,18,0,0,0,0,0
neumannu:deckerdaniel,"Decker, Daniel",Neumann U.,14,1,18,0,0,0,0,0
neumannu:landisvince,"Landis, Vince",Neumann U.,23,1,18,0,0,1,1,0
niu:montoyamartin,"Montoya, Martin",NIU,23,1,18,0,0,2,2,0
nova:dixonkyle,"Dixon, Kyle",NOVA,14,1,18,0,0,0,0,0
fairleighdickinson:sangaremamadi,"Sangare, Mamadi",Fairleigh Dickinson,12,1,18,0,0,0,0,0
fairleighdickinson:hewharrison,"Hew, Harrison",Fairleigh Dickinson,24,1,18,0,0,0,0,0
loyola:stephensonjahvar,"Stephenson, Jahvar",Loyola,15,3,18,0,0,0,0,0
colgateuniversity:yatescharlie,"Yates, Charlie",Colgate University,14,1,18,0,0,0,0,0
a10semifinalsno5fordham:siasjack,"Sias, Jack",A-10 Semifinals - No. 5 Fordham,14,1,18,0,0,1,1,0
24no4seedgeorgetown:heapsjack,"Heaps, Jack",(#24/No. 4 seed) Georgetown,22,1,18,0,0,0,0,0
newhampshire:catafestajoo,"Catafesta , João",New Hampshire,12,14,17,0,0,0,0,0
seattle:rogersdane,"Rogers, Dane",Seattle,20,11,17,0,0,0,0,0
providence:garrepybrian,"Garrepy, Brian",Providence,26,19,17,0,0,0,0,0
xavier:doraconnor,"Dora, Connor",Xavier,34,18,17,0,0,0,0,0
northeastern:hendersonalexander,"Henderson, Alexander",Northeastern,23,5,17,0,0,0,0,0
ucirvine:nixonisaac,"Nixon, Isaac",UC Irvine,26,17,17,0,0,0,0,0
sacredheart:lanzilligianluca,"Lanzilli, Gianluca",Sacred Heart,30,8,17,0,0,0,0,0
holycross:quinnpasinoscar,"Quinn Pasin, Oscar",Holy Cross,15,8,17,0,0,0,0,0
northwest:kozorezovmax,"Kozorezov, Max",Northwest,13,1,17,0,0,0,0,0
northwest:brendlesamuel,"Brendle, Samuel",Northwest,17,1,17,0,0,0,0,0
emoryhenry:hughesjackson,"Hughes, Jackson",Emory & Henry,12,1,17,0,0,0,0,0
ncwesleyan:rodriguezjordi,"Rodriguez, Jordi",NC Wesleyan,16,1,17,0,0,0,0,0
bryant:rodriguezdiego,"Rodriguez, Diego",Bryant,8,3,17,0,0,0,0,0
brown:diazadolfo,"Diaz, Adolfo",Brown,20,16,17,0,0,0,0,0
loyolachicago:odonoghueliam,"O'Donoghue, Liam",Loyola Chicago,27,1,17,0,0,0,0,0
bucknell:samelkojakub,"Samelko, Jakub",Bucknell,17,14,17,0,0,0,0,0
stcloudstate:wasmundowen,"Wasmund, Owen",St. Cloud State,16,1,17,0,0,1,0,0
westmont:mondragonmiguel,"Mondragon, Miguel",Westmont,16,2,17,0,0,0,0,0
saintfrancispa:kierzkowskipatrick,"Kierzkowski, Patrick",Saint Francis (Pa.),20,1,17,0,0,1,0,0
molm:murphybrennan,"Murphy, Brennan",MOLM,22,1,17,0,0,0,0,0
radm:clarkseth,"Clark, Seth",RADM,20,2,17,0,0,0,0,0
virginiamilitaryinstitute:ndakprigabriel,"N'Dakpri, Gabriel",Virginia Military Institute,19,2,17,0,0,1,0,0
uml:brittonzach,"Britton, Zach",UML,30,1,17,0,0,0,0,0
santaclara:alexanderpilani,"Alexander, Pilani",Santa Clara,4,1,17,0,0,0,0,0
santaclara:herzogthomas,"Herzog, Thomas",Santa Clara,8,1,17,0,0,0,0,0
santaclara:pressleypeyton,"Pressley, Peyton",Santa Clara,21,1,17,0,0,0,0,0
trine:clarkcolin,"Clark, Colin",Trine,30,2,17,0,0,0,0,0
regent:riveradominick,"Rivera, Dominick",Regent,6,1,17,0,0,0,0,0
covenantcollege:harperisaiah,"Harper, Isaiah",Covenant College,22,1,17,0,0,0,0,0
stl:heckenlaibleandrew,"Heckenlaible, Andrew",STL,17,1,17,0,0,0,0,0
universityoftheincarnateword:padillagiovanni,"Padilla, Giovanni",University of the Incarnate Word,34,1,17,0,0,0,0,0
unh:huangdavid,"Huang, David",UNH,23,1,17,0,0,0,0,0
indy:kummrownoah,"Kummrow, Noah",INDY,5,1,17,0,0,0,0,0
bison1:rufaelchristian,"Rufael, Christian",BISON_~1,7,1,17,0,0,0,0,0
avila:coylecaden,"Coyle, Caden",Avila,2,1,17,0,0,0,0,0
longisland:villanuevajaime,"Villanueva, Jaime",Long Island,17,1,17,0,0,0,0,0
wakeforest:mednardjonah,"Mednard, Jonah",Wake Forest,0,16,16,0,0,0,0,0
ucsantabarbara:windischtimon,"Windisch, Timon",UC Santa Barbara,6,5,16,0,0,0,0,0
templeuniversity:kobayashitessho,"Kobayashi, Tessho",Temple University,13,16,16,0,0,0,0,0
ohiostate:onwonaagyemandyland,"Onwona-Agyeman, Dyland",Ohio State,2,19,16,0,0,0,0,0
ohiostate:rushjohnny,"Rush, Johnny",Ohio State,5,19,16,0,0,0,0,0
ohiostate:maisonneuvejacob,"Maisonneuve, Jacob",Ohio State,20,19,16,0,0,0,0,0
northeastern:flierjackson,"Flier, Jackson",Northeastern,18,5,16,0,0,0,0,0
northwestern:oneillaidan,"O'Neill, Aidan",Northwestern,22,6,16,0,0,0,0,0
lwu:shalemason,"Shale, Mason",LWU,30,1,16,0,0,0,0,0
northgreenville:hintonjack,"Hinton, Jack",North Greenville,24,1,16,0,0,0,0,0
umasslowell:atiaomar,"Atia, Omar",UMass Lowell,33,3,16,0,0,0,0,0
duquesne:philbinchris,"Philbin, Chris",Duquesne,21,2,16,0,0,0,0,0
smu:kochjeffrey,"Koch, Jeffrey",SMU,23,8,16,0,0,0,0,0
howard:julienjorden,"Julien, Jorden",Howard,9,3,16,0,0,0,0,0
hat:appolonross,"Appolon, Ross",HAT,4,1,16,0,0,0,0,0
utrgv:hallty,"Hall, Ty",UTRGV,23,2,16,0,0,1,0,0
suffolk:morenomatthew,"Moreno, Matthew",Suffolk,5,1,16,0,0,0,0,0
universityoftheincarnateword:chigedetatenda,"Chigede, Tatenda",University of the Incarnate Word,5,1,16,0,0,0,0,0
universityoftheincarnateword:martinezemmanuel,"Martinez, Emmanuel",University of the Incarnate Word,20,1,16,0,0,1,1,0
johnsonwalesnc:collaosandro,"Collao, Sandro",Johnson & Wales (N.C.),14,1,16,0,0,0,0,0
blackburn:palmajulio,"Palma, Julio",Blackburn,7,1,16,0,0,0,0,0
bison1:campbellian,"Campbell, Ian",BISON_~1,23,1,16,0,0,0,0,0
bison1:spallingerjude,"Spallinger, Jude",BISON_~1,24,1,16,0,0,0,0,0
a10championshipno6saintlouis:heckenlaibleandrew,"Heckenlaible, Andrew",A-10 Championship - No. 6 Saint Louis,17,1,16,0,0,0,0,0
24no4seedgeorgetown:dillowronan,"Dillow, Ronan",(#24/No. 4 seed) Georgetown,15,1,16,0,0,0,0,0
creighton:boumniendamos,"Boum Niend, Amos",Creighton,9,1,15,0,0,0,0,0
southfla:hunnicuttkyle,"Hunnicutt, Kyle",South Fla.,24,3,15,0,0,0,0,0
furman:reidryan,"Reid, Ryan",Furman,20,6,15,0,0,0,0,0
gonzaga:dreoneli,"Dreon, Eli",Gonzaga,22,14,15,0,0,0,0,0
bowlinggreen:riossaul,"Rios, Saul",Bowling Green,17,6,15,0,0,0,0,0
universityofevansville:thomascarson,"Thomas, Carson",University of Evansville,5,7,15,0,0,0,0,0
drake:rzewuskibrennan,"Rzewuski, Brennan",Drake,5,4,15,0,0,0,0,0
warrenwilson:elliskameron,"Ellis, Kameron",Warren Wilson,11,1,15,0,0,0,0,0
yale:borregomarco,"Borrego, Marco",Yale,29,9,15,0,0,0,0,0
detroit:crookszander,"Crooks, Zander",Detroit,8,1,15,0,0,0,0,0
brown:smithcarter,"Smith, Carter",Brown,28,16,15,0,0,0,0,0
lehigh:zipprichtommy,"Zipprich, Tommy",Lehigh,3,11,15,0,0,1,0,0
lehigh:kuenstleconnor,"Kuenstle, Connor",Lehigh,26,11,15,0,0,0,0,0
averett:pintosfernando,"Pintos, Fernando",Averett,13,1,15,0,0,0,0,0
pennstate:bradyconrad,"Brady, Conrad",Penn State,26,8,15,0,0,0,0,0
easternillinois:setzingernolan,"Setzinger, Nolan",Eastern Illinois,34,1,15,0,0,0,0,0
stambrose:ronconiricardo,"Ronconi, Ricardo",St. Ambrose,12,1,15,0,0,0,0,0
coc:watsonryan,"Watson, Ryan",COC,17,1,15,0,0,0,0,0
coc:rayramsey,"Ray, Ramsey",COC,20,1,15,0,0,0,0,0
dominican:ostrowskisimon,"Ostrowski, Simon",Dominican,15,1,15,0,0,0,0,0
milwaukee:steinwegnico,"Steinweg, Nico",Milwaukee,11,3,15,0,0,0,0,0
loyolamd:haskellryan,"Haskell, Ryan",Loyola (Md.),0,2,15,0,0,0,0,0
unh:lydenthomas,"Lyden, Thomas",UNH,31,1,15,0,0,0,0,0
virginiatech:adamstimi,"Adams, Timi",Virginia Tech,27,5,15,0,0,0,0,2
frd:mierowlenni,"Mierow, Lenni",FRD,26,1,15,0,0,0,0,0
harvard:hatayuta,"Hata, Yuta",Harvard,22,4,15,0,0,1,0,0
cornell:parraramnpatricio,"Parra Ramón, Patricio",Cornell,17,7,15,0,0,0,0,0
ud:learjames,"Lear, James",UD,15,1,15,0,0,0,0,0
luc:vonvegesackarved,"von Vegesack, Arved",LUC,16,1,15,0,0,0,0,0
howard:riceonarae,"Rice, Onarae",Howard,2,3,15,0,0,0,0,0
santaclara:abramsshayne,"Abrams, Shayne",Santa Clara,24,1,15,0,0,0,0,0
bison:pielakasper,"Piela, Kasper",BISON,10,1,15,0,0,0,0,0
bison:primenick,"Prime, Nick",BISON,24,1,15,0,0,1,1,0
albertusmagnuscollege:aduasaremcwill,"Adu Asare, Mcwill",Albertus Magnus College,17,1,15,0,0,1,0,0
ucsd:placeconnor,"Place, Connor",UCSD,22,1,15,0,0,0,0,0
bu:oforiben,"Ofori, Ben",BU,16,1,15,0,0,0,0,0
a10championshipno6saintlouis:henrygershon,"Henry, Gershon",A-10 Championship - No. 6 Saint Louis,3,1,15,0,0,0,0,0
8no13seedmarshallsweet16:sordoaymane,"Sordo, Aymane",(#8/No. 13 seed) Marshall (Sweet 16),10,1,15,0,0,1,0,0
8no13seedmarshallsweet16:sanykongloic,"Sany Kong, Loic",(#8/No. 13 seed) Marshall (Sweet 16),17,1,15,0,0,0,0,0
liu:riddellhamish,"Riddell, Hamish",LIU,2,1,14,0,0,0,0,0
liu:walshmax,"Walsh, Max",LIU,5,1,14,0,0,0,0,0
liu:elderzain,"Elder, Zain",LIU,8,1,14,0,0,0,0,0
liu:brokawgrant,"Brokaw, Grant",LIU,18,1,14,0,0,0,0,0
liu:heintzjack,"Heintz, Jack",LIU,23,1,14,0,0,0,0,0
virginiatech:feneridissergios,"Feneridis, Sergios",Virginia Tech,23,7,14,0,0,0,0,0
vcu:coetzeenolan,"Coetzee, Nolan",VCU,33,3,14,0,0,0,0,0
stonehillcollege:vecchiolialex,"Vecchioli, Alex",Stonehill College,16,2,14,0,0,0,0,0
uscupstate:thomasjack,"Thomas, Jack",USC Upstate,3,13,14,0,0,1,0,0
siue:ezquerroenrique,"Ezquerro, Enrique",SIUE,12,6,14,0,0,0,0,0
marist:bacajalbion,"Bacaj, Albion",Marist,22,4,14,0,0,0,0,0
sanfrancisco:daijorayden,"Daijo, Rayden",San Francisco,12,9,14,0,0,0,0,0
ec:cardozapazaaron,"Cardoza Paz, Aaron",EC,12,1,14,0,0,0,0,0
ec:williamsevan,"Williams, Evan",EC,13,1,14,0,0,1,1,0
ec:beltondemar,"Belton, DeMar",EC,35,1,14,0,0,0,0,0
floridagulfcoast:maraversamuel,"Maraver, Samuel",Florida Gulf Coast,12,3,14,0,0,1,0,0
pacific:maldonadoelvin,"Maldonado, Elvin",Pacific,25,6,14,0,0,0,0,0
airforce:farkasmyles,"Farkas, Myles",Air Force,27,14,14,0,0,0,0,0
williammary:einarssonvaldi,"Einarsson, Valdi",William & Mary,20,5,14,0,0,0,0,0
lafayette:gamezjeovany,"Gamez, Jeovany",Lafayette,2,5,14,0,0,0,0,0
ust:connakercullen,"Connaker, Cullen",UST,13,1,14,0,0,0,0,0
centralconnecticutstate:gikasjohannes,"Gikas, Johannes",Central Connecticut State,29,1,14,0,0,0,0,0
holyfamily:recchimuzziluiz,"Recchimuzzi, Luiz",Holy Family,27,1,14,0,0,1,0,0
notredame:baravellisimone,"Baravelli, Simone",Notre Dame,0,5,14,0,0,0,0,0
ue:mcfarlandeyob,"McFarland, Eyob",UE,7,1,14,0,0,0,0,0
universityofmassachusetts:cucinottaaj,"Cucinotta, A.J.",University of Massachusetts,5,2,14,0,0,0,0,0
westminstercollegemo:bundrensam,"Bundren, Sam",Westminster College (MO),15,1,14,0,0,0,0,0
clemson:hamptonaiden,"Hampton, Aiden",Clemson,22,3,14,0,0,0,0,0
bpt:elmardenlyali,"El Mardenly, Ali",BPT,33,1,14,0,0,0,0,0
unhm:orosthomas,"Oros, Thomas",UNHM,13,1,14,0,0,0,0,0
unhm:jourdainmarc,"Jourdain, Marc",UNHM,24,1,14,0,0,0,0,0
radm:abdulameerkanosh,"Abdulameer, Kanosh",RADM,27,1,14,0,0,1,0,0
radm:mcgarryjohn,"McGarry, John",RADM,28,1,14,0,0,0,0,0
wm:caldaslucas,"Caldas, Lucas",WM,9,1,14,0,0,0,0,0
howard:rufaelchristian,"Rufael, Christian",Howard,7,5,14,0,0,1,0,0
ual:villanuevamarcos,"Villanueva, Marcos",UAL,13,1,14,0,0,0,0,0
bu:ribeirocaleb,"Ribeiro, Caleb",BU,18,1,14,0,0,0,0,0
eagles:parrareyes,"Parra, Reyes",EAGLES,17,1,14,0,0,0,0,0
eagles:sowemustapha,"Sowe, Mustapha",EAGLES,20,1,14,0,0,0,0,0
trine:vidaljonathan,"Vidal, Jonathan",Trine,25,2,14,0,0,0,0,0
suffolk:chamberlainryan,"Chamberlain, Ryan",Suffolk,14,1,14,0,0,0,0,0
suffolk:gardnerchristian,"Gardner, Christian",Suffolk,16,1,14,0,0,0,0,0
suffolk:trachtenbergdylan,"Trachtenberg, Dylan",Suffolk,17,1,14,0,0,0,0,0
suffolk:nilssonniklas,"Nilsson, Niklas",Suffolk,22,1,14,0,0,0,0,0
suffolk:kurztommy,"Kurz, Tommy",Suffolk,32,1,14,0,0,0,0,0
neumannu:smithgianni,"Smith, Gianni",Neumann U.,17,1,14,0,0,1,1,0
neumannu:ekwemchimdi,"Ekwem, Chimdi",Neumann U.,26,1,14,0,0,0,0,0
bu:douglasyohance,"Douglas, Yohance",BU,7,1,14,0,0,0,0,0
nova:oladelejosh,"Oladele, Josh",NOVA,18,1,14,0,0,0,0,0
blackburn:marconityler,"Marconi, Tyler",Blackburn,20,1,14,0,0,0,0,0
loyola:wagnercurtis,"Wagner, Curtis",Loyola,26,2,14,0,0,1,0,0
saintfrancisuniversity:ohearnquinn,"O'Hearn, Quinn",Saint Francis University,28,1,14,0,0,0,0,0
uvm:simeonnathan,"Simeon, Nathan",UVM,2,1,14,0,0,0,0,0
adelphi:josaphatandre,"Josaphat, Andre",Adelphi,21,1,14,0,0,0,0,0
highpoint:killgorejohn,"Killgore, John",High Point,23,6,13,0,0,0,0,0
uab:jowerskaleb,"Jowers, Kaleb",UAB,22,14,13,0,0,0,0,0
vcu:fujishirotetsunari,"Fujishiro, Tetsunari",VCU,22,2,13,0,0,0,0,0
evangelmo:marzolidavide,"Marzoli, Davide",Evangel (Mo.),00,1,13,0,0,0,0,0
centralarkansas:marcuccicristian,"Marcucci, Cristian",Central Arkansas,19,5,13,0,0,0,0,0
setonhill:harpernevlyn,"Harper, Nevlyn",Seton Hill,53,1,13,0,0,0,0,0
grandview:oricamer,"Oric, Amer",Grand View,28,1,13,0,0,0,0,0
charlotte:twillsullivan,"Twill, Sullivan",Charlotte,29,19,13,0,0,0,0,0
floridagulfcoast:danadylan,"Dana, Dylan",Florida Gulf Coast,19,2,13,0,0,0,0,0
southcarolina:colodnymicah,"Colodny, Micah",South Carolina,29,7,13,0,0,0,0,0
northflorida:romanomark,"Romano, Mark",North Florida,18,14,13,0,0,0,0,0
universityofmassachusetts:keeneybryant,"Keeney, Bryant",University of Massachusetts,15,3,13,0,0,1,0,0
setonhall:fernandezdiego,"Fernandez, Diego",Seton Hall,32,16,13,0,0,0,0,0
northamerican:mohammadsajid,"Mohammad, Sajid",North American,41,1,13,0,0,0,0,0
gb:dunlapspencer,"Dunlap, Spencer",GB,21,1,13,0,0,0,0,0
detroit:stricklerjohnny,"Strickler, Johnny",Detroit,22,1,13,0,0,0,0,0
centralconnecticut:yamadataichi,"Yamada, Taichi",Central Connecticut,23,1,13,0,0,0,0,0
au:fogeljonah,"Fogel, Jonah",AU,2,1,13,0,0,0,0,0
presbyterian:murraybeatty,"Murray, Beatty",Presbyterian,30,4,13,0,0,0,0,0
frd:medeirosdylan,"Medeiros, Dylan",FRD,15,1,13,0,0,0,0,0
hrv:gunnarssonkristjn,"Gunnarsson, Kristján",HRV,2,1,13,0,0,0,0,0
hrv:cuppsbobby,"Cupps, Bobby",HRV,19,1,13,0,0,0,0,0
hrv:tanyixavier,"Tanyi, Xavier",HRV,21,1,13,0,0,0,0,0
ud:buabengfelix,"Buabeng, Felix",UD,34,1,13,0,0,0,0,0
westmont:pichonisaiah,"Pichon, Isaiah",Westmont,18,1,13,0,0,0,0,0
southernconnecticutstate:ciarleglioraffaele,"Ciarleglio, Raffaele",Southern Connecticut State,26,1,13,0,0,0,0,0
theuniversityofolivet:ganojackson,"Gano, Jackson",The University of Olivet,13,1,13,0,0,0,0,0
jax:mancusomichael,"Mancuso, Michael",JAX,22,1,13,0,0,0,0,0
radm:kiloshosadock,"Kilosho, Sadock",RADM,25,1,13,0,0,1,0,0
uca:oliverimichael,"Oliveri, Michael",UCA,9,1,13,0,0,1,1,0
assumption:estebangonzalez,Esteban Gonzalez,Assumption,19,1,13,0,0,0,0,0
westernillinois:katoshu,"Kato, Shu",Western Illinois,21,1,13,0,0,0,0,0
loyola:ozgasteven,"Ozga, Steven",Loyola,23,3,13,0,0,0,0,0
floridaatlantic:spauldingsamir,"Spaulding, Samir",Florida Atlantic,5,1,13,0,0,0,0,0
wvu:christouconstantinos,"Christou, Constantinos",WVU,21,1,13,0,0,0,0,0
lwu:vargasdiego,"Vargas, Diego",LWU,8,1,13,0,0,0,0,0
adelphi:murphymatthew,"Murphy, Matthew",Adelphi,24,1,13,0,0,1,0,0
a10semifinalsno5fordham:primaverapaolo,"Primavera, Paolo",A-10 Semifinals - No. 5 Fordham,20,1,13,0,0,0,0,0
a10championshipno6saintlouis:delkusjackson,"Delkus, Jackson",A-10 Championship - No. 6 Saint Louis,13,1,13,0,0,0,0,0
8no13seedmarshallsweet16:holmesryan,"Holmes, Ryan",(#8/No. 13 seed) Marshall (Sweet 16),5,1,13,0,0,0,0,0
highpoint:rothenbergertanner,"Rothenberger, Tanner",High Point,28,5,12,0,0,0,0,0
uab:gaeledy,"Gael, Edy",UAB,12,14,12,0,0,0,0,0
vcu:collinsmichael,"Collins, Michael",VCU,34,1,12,0,0,0,0,0
evangelmo:siemsmicah,"Siems, Micah",Evangel (Mo.),6,1,12,0,0,0,0,0
gardnerwebb:endosoushi,"Endo, Soushi",Gardner-Webb,28,20,12,0,0,0,0,0
michiganstate:huertaoscar,"Huerta, Oscar",Michigan State,15,16,12,0,0,2,0,0
american:ezzahirmoad,"Ezzahir, Moad",American,12,3,12,0,0,0,0,0
mountolive:greenconnor,"Green, Connor",Mount Olive,18,1,12,0,0,0,0,0
mountolive:sirebourjahym,"Sirebour, Jahym",Mount Olive,30,1,12,0,0,0,0,0
portland:olsonmorgan,"Olson, Morgan",Portland,15,6,12,0,0,0,0,0
portland:eisenbergjoaquin,"Eisenberg, Joaquin",Portland,27,6,12,0,0,0,0,0
ec:torrescortesjorge,"Torres-Cortes, Jorge",EC,7,1,12,0,0,0,0,0
stonybrook:leesean,"Lee, Sean",Stony Brook,26,7,12,0,0,1,0,0
up:veychekjoshua,"Veychek, Joshua",UP,18,1,12,0,0,0,0,0
up:stokamateo,"Stoka, Mateo",UP,20,1,12,0,0,0,0,0
up:mcintyreeben,"McIntyre, Eben",UP,25,1,12,0,0,0,0,0
stetson:santosnate,"Santos, Nate",Stetson,27,5,12,0,0,0,0,0
eckerdcollege:weikertgabriel,"Weikert, Gabriel",Eckerd College,26,1,12,0,0,0,0,0
bradley:frankcaden,"Frank, Caden",Bradley,16,4,12,0,0,0,0,0
chicagostate:amraniamani,"Amrani, Amani",Chicago State,31,2,12,0,0,0,0,0
ucdavis:powellcole,"Powell, Cole",UC Davis,16,2,12,0,0,0,0,0
dayton:siegelsam,"Siegel, Sam",Dayton,32,3,12,0,0,0,0,0
bartoncollege:hermanandrew,"Herman, Andrew",Barton College,37,1,12,0,0,0,0,0
ucriverside:hermosilloandrew,"Hermosillo, Andrew",UC Riverside,40,9,12,0,0,0,0,1
umasslowell:kailaysaihaj,"Kailay, Saihaj",UMass Lowell,16,3,12,0,0,0,0,0
umasslowell:marshallowen,"Marshall, Owen",UMass Lowell,18,3,12,0,0,1,1,0
au:zouantchadilane,"Zouantcha, Dilane",AU,10,1,12,0,0,0,0,0
uiw:drozdowskibrady,"Drozdowski, Brady",UIW,22,1,12,0,0,0,0,0
wm:katsarihoeferalexandros,"Katsari-Hoefer, Alexandros",WM,19,1,12,0,0,0,0,0
luc:cairneytj,"Cairney, TJ",LUC,4,1,12,0,0,0,0,0
rhit:halljimmy,"Hall, Jimmy",RHIT,5,1,12,0,0,0,0,0
rhit:schwartzmatthew,"Schwartz, Matthew",RHIT,25,1,12,0,0,0,0,0
unf:mcmanusjrbrian,"McManus Jr., Brian",UNF,23,1,12,0,0,0,0,0
stjosephslongisland:salazarjeremy,"Salazar, Jeremy",St. Joseph's Long Island,14,1,12,0,0,0,0,0
theuniversityofolivet:gearinbrody,"Gearin, Brody",The University of Olivet,12,1,12,0,0,0,0,0
theuniversityofolivet:milleraiden,"Miller, Aiden",The University of Olivet,48,1,12,0,0,0,0,0
covenantcollege:johnsontyler,"Johnson, Tyler",Covenant College,9,1,12,0,0,0,0,0
olivetnazarene:perezruben,"Perez, Ruben",Olivet Nazarene,24,1,12,0,0,0,0,0
marywashington:keetonalex,"Keeton, Alex",Mary Washington,18,1,12,0,0,0,0,0
lwu:onianguesalomon,"Oniangue, Salomon",LWU,9,1,12,0,0,0,0,0
adelphi:blacktonjoseph,"Blackton, Joseph",Adelphi,3,1,12,0,0,0,0,0
warnerfla:josiahmarrero,Josiah Marrero,Warner (Fla.),27,1,12,0,0,0,0,0
duke:farleygrant,"Farley, Grant",Duke,0,19,11,0,0,0,0,0
duke:docterssebastian,"Docters, Sebastian",Duke,28,19,11,0,0,1,1,0
tulsa:kingcooper,"King, Cooper",Tulsa,18,14,11,0,0,0,0,0
oregonstate:palominomateo,"Palomino, Mateo",Oregon State,30,16,11,0,0,0,0,0
westvirginia:rossjake,"Ross, Jake",West Virginia,13,13,11,0,0,0,0,0
westvirginia:clarksam,"Clark, Sam",West Virginia,15,13,11,0,0,0,0,0
calpoly:rosalesandres,"Rosales, Andres",Cal Poly,32,11,11,0,0,0,0,0
liberty:conleyty,"Conley, Ty",Liberty,6,9,11,0,0,0,0,0
emoryhenry:molzsam,"Molz, Sam",Emory & Henry,5,1,11,0,0,0,0,0
stthomas:deslongchampszach,"Deslongchamps, Zach",St. Thomas,14,5,11,0,0,0,0,0
omaha:shooknoah,"Shook, Noah",Omaha,25,4,11,0,0,0,0,0
utr:matsuosota,"Matsuo, Sota",UTR,15,1,11,0,0,0,0,0
universityofmassachusettslowell:kailaysaihaj,"Kailay, Saihaj",University of Massachusetts Lowell,16,1,11,0,0,0,0,0
universityofmassachusettslowell:marshallowen,"Marshall, Owen",University of Massachusetts Lowell,18,1,11,0,0,0,0,0
su:fogartybenjamin,"Fogarty, Benjamin",SU,27,1,11,0,0,1,0,0
su:amaralchristian,"Amaral, Christian",SU,28,1,11,0,0,0,0,0
bellarmine:beenty,"Been, Ty",Bellarmine,14,2,11,0,0,0,0,0
mke:ogwupraise,"Ogwu, Praise",MKE,15,1,11,0,0,1,0,0
holyfamily:castrokevin,"Castro, Kevin",Holy Family,32,1,11,0,0,0,0,0
fgcu:garciaeduard,"Garcia, Eduard",FGCU,29,2,11,0,0,0,0,0
rideruniversity:gonzalezdaniel,"Gonzalez, Daniel",Rider University,19,3,11,0,0,0,0,0
rideruniversity:kucalukas,"Kuca, Lukas",Rider University,22,3,11,0,0,0,0,0
dominican:martinezjackson,"Martinez, Jackson",Dominican,14,1,11,0,0,0,0,0
iueast:riverajoseph,"Rivera, Joseph",IU East,15,1,11,0,0,0,0,0
umass:mcgranelance,"McGrane, Lance",UMass,30,6,11,0,0,0,0,1
smu:huntknobel,"Hunt, Knobel",SMU,15,6,11,0,0,0,0,0
umbc:noutchangbrian,"Noutchang, Brian",UMBC,22,3,11,0,0,0,0,0
saintjosephs:glenlala,Glen Lala,Saint Joseph's,18,2,11,0,0,0,0,0
du:iaccinoluca,"Iaccino, Luca",DU,23,1,11,0,0,0,0,0
bison:hidalgokiko,"Hidalgo, Kiko",BISON,25,1,11,0,0,0,0,0
franklinpierce:torressanchezjavier,"Torres Sanchez, Javier",Franklin Pierce,6,1,11,0,0,0,0,0
franklinpierce:clarkejonty,"Clarke, Jonty",Franklin Pierce,17,1,11,0,0,0,0,0
elonuniversity:buckonryan,"Buckon, Ryan",Elon University,14,1,11,0,0,0,0,0
siuedwardsville:gibbsryley,"Gibbs, Ryley",SIU Edwardsville,21,1,11,0,0,0,0,0
uca:digiovannifranco,"DiGiovanni, Franco",UCA,7,1,11,0,0,1,0,0
presbyterian:dalehaugdaniel,"Dalehaug, Daniel",Presbyterian,21,3,11,0,0,0,0,0
marybaldwin:smithbrennan,"Smith, Brennan",Mary Baldwin,24,1,11,0,0,0,0,0
marybaldwin:schwartztrevor,"Schwartz, Trevor",Mary Baldwin,40,1,11,0,0,0,0,0
avl:smithlogan,"Smith, Logan",AVL,36,1,11,0,0,0,0,0
virginiamilitaryinstitute:petrusevskiviktor,"Petrusevski, Viktor",Virginia Military Institute,7,1,11,0,0,1,1,0
virginiamilitaryinstitute:mejiayeirin,"Mejia, Yeirin",Virginia Military Institute,16,1,11,0,0,0,0,0
virginiamilitaryinstitute:savagejordan,"Savage, Jordan",Virginia Military Institute,35,1,11,0,0,0,0,0
blackburn:millerchristian,"Miller, Christian",Blackburn,28,1,11,0,0,0,0,0
utriograndevalley:mendoncabastosdiogo,"Mendonca Bastos, Diogo",UT Rio Grande Valley,27,1,11,0,0,1,0,0
adelphi:walmsleycallum,"Walmsley, Callum",Adelphi,32,1,11,0,0,0,0,0
stm:manleyjoey,"Manley, Joey",STM,27,1,11,0,0,0,0,0
stm:salamancalopezrodrigo,"Salamanca Lopez, Rodrigo",STM,37,1,11,0,0,0,0,0
colgateplsemifinal:yatescharlie,"Yates, Charlie",Colgate — PL Semifinal,14,1,11,0,0,0,0,0
snhu:paronmatteo,"Paron, Matteo",SNHU,23,1,11,0,0,0,0,0
liu:findlaycolin,"Findlay, Colin",LIU,9,1,10,0,0,0,0,0
liu:newcombegavin,"Newcombe, Gavin",LIU,14,1,10,0,0,0,0,0
liu:whitmirecade,"Whitmire, Cade",LIU,21,1,10,0,0,0,0,0
denver:magruderiain,"Magruder, Iain",Denver,29,14,10,0,0,0,0,0
vcu:kimisaac,"Kim, Isaac",VCU,21,2,10,0,0,0,0,0
newhampshire:wayharry,"Way, Harry",New Hampshire,30,14,10,0,0,0,0,0
drexel:combschristian,"Combs, Christian",Drexel,11,14,10,0,0,0,0,0
wisconsin:hendersonmason,"Henderson, Mason",Wisconsin,11,12,10,0,0,1,1,0
american:rodriguezzemi,"Rodriguez, Zemi",American,11,2,10,0,0,0,0,0
ncwesleyan:cardaciagustin,"Cardaci, Agustin",NC Wesleyan,4,1,10,0,0,0,0,0
ncwesleyan:calvoloverasantiago,"Calvo Lovera, Santiago",NC Wesleyan,21,1,10,0,0,0,0,0
ncwesleyan:sautuanicolas,"Sautua, Nicolas",NC Wesleyan,23,1,10,0,0,0,0,0
ncwesleyan:rosenborgchristian,"Rosenborg, Christian",NC Wesleyan,55,1,10,0,0,0,0,0
virginia:faupelanthony,"Faupel, Anthony",Virginia,36,6,10,0,0,1,0,0
ualbany:kanickenan,"Kanic, Kenan",UAlbany,28,4,10,0,0,0,0,0
etsu:franksnoah,"Franks, Noah",ETSU,14,3,10,0,0,0,0,0
airforce:bennerbrayden,"Benner, Brayden",Air Force,28,14,10,0,0,0,0,0
princeton:bryanheyward,"Bryan, Heyward",Princeton,12,16,10,0,0,0,0,0
stambrose:johnsonkeaton,"Johnson, Keaton",St. Ambrose,2,1,10,0,0,0,0,0
stambrose:jeysjackson,"Jeys, Jackson",St. Ambrose,1,1,10,0,0,0,0,0
penn:frickaiden,"Frick, Aiden",Penn,29,7,10,0,0,1,1,0
molm:hancockmax,"Hancock, Max",MOLM,5,1,10,0,0,0,0,0
uri:frobergconnor,"Froberg, Connor",URI,20,1,10,0,0,0,0,0
georgiasouthern:sandunjacob,"Sandun, Jacob",Georgia Southern,27,9,10,0,0,1,1,0
queens:hartevan,"Hart, Evan",Queens,1,4,10,0,0,0,0,0
saintmichaels:aplicanodiego,"Aplicano, Diego",Saint Michael's,35,1,10,0,0,0,0,0
westmont:obledajackson,"Obleda, Jackson",Westmont,6,1,10,0,0,0,0,0
farmingdalestate:ponsarjordan,"Ponsar, Jordan",Farmingdale State,21,1,10,0,0,1,0,0
hat:pinzonrafael,"Pinzon, Rafael",HAT,6,1,10,0,0,0,0,0
jak:wilkinsdaniel,"Wilkins, Daniel",JAK,13,1,10,0,0,0,0,0
bu:madrigalemilio,"Madrigal, Emilio",BU,12,1,10,0,0,0,0,0
niu:mullenhenry,"Mullen, Henry",NIU,17,1,10,0,0,0,0,0
bison1:jamescorey,"James, Corey",BISON_~1,4,1,10,0,0,0,0,0
bison1:nyakrokwadwo,"Nyakro, Kwadwo",BISON_~1,15,1,10,0,0,0,0,0
bison1:gainesrameses,"Gaines, Rameses",BISON_~1,18,1,10,0,0,0,0,0
adelphi:boastluca,"Boast, Luca",Adelphi,10,1,10,0,0,0,0,0
ncaadivisioniichampionshipfirstroundvsconcord:forsythkai,"Forsyth, Kai",NCAA Division II Championship First Round vs Concord,5,1,10,0,0,1,0,0
hofstra:booneryner,"Boone, Ryner",Hofstra,29,1,9,0,0,0,0,0
unlv:lopezclaudio,"Lopez, Claudio",UNLV,19,1,9,0,0,0,0,0
california:onuomawisdom,"Onuoma, Wisdom",California,13,18,9,0,0,0,0,0
evangelmo:hennekamplukas,"Hennekamp, Lukas",Evangel (Mo.),36,1,9,0,0,0,0,0
centralarkansas:suredajoan,"Sureda, Joan",Central Arkansas,17,1,9,0,0,0,0,0
detroitmercy:diacalex,"Diac, Alex",Detroit Mercy,6,2,9,0,0,0,0,0
depaul:clarkdrew,"Clark, Drew",DePaul,21,15,9,0,0,0,0,0
uconn:gonzalezpablo,"Gonzalez, Pablo",UConn,2,14,9,0,0,1,0,0
uconn:commissiongjalen,"Commissiong, Jalen",UConn,19,14,9,0,0,0,0,0
sanfrancisco:gordoncaleb,"Gordon, Caleb",San Francisco,31,9,9,0,0,0,0,0
floridagulfcoast:beemanbrooks,"Beeman, Brooks",Florida Gulf Coast,28,3,9,0,0,0,0,0
um:faylockie,"Fay, Lockie",UM,21,1,9,0,0,0,0,0
um:wurstnercade,"Wurstner, Cade",UM,28,1,9,0,0,0,0,0
up:hallnoah,"Hall, Noah",UP,13,1,9,0,0,0,0,0
up:baierleintim,"Baierlein, Tim",UP,16,1,9,0,0,0,0,0
warrenwilson:longnolan,"Long, Nolan",Warren Wilson,0,1,9,0,0,0,0,0
warrenwilson:gibsongriffin,"Gibson, Griffin",Warren Wilson,4,1,9,0,0,0,0,0
centralconnecticutstateuniversity:delimaphilip,"DeLima, Philip",Central Connecticut State University,8,1,9,0,0,0,0,0
lindenwood:odwyerxavier,"O'Dwyer, Xavier",Lindenwood,14,2,9,0,0,0,0,0
pennstate:clairconor,"Clair, Conor",Penn State,23,8,9,0,0,0,0,0
northgreenville:jayneethan,"Jayne, Ethan",North Greenville,13,1,9,0,0,0,0,0
uncasheville:bguenasergio,"Báguena, Sergio",UNC Asheville,9,5,9,0,0,0,0,0
uncasheville:wilsonhunter,"Wilson, Hunter",UNC Asheville,19,8,9,0,0,0,0,0
quincy:allimadiismael,"Allimadi, Ismael",Quincy,22,1,9,0,0,0,0,0
uncwilmington:pinateadrian,"Pinate, Adrian",UNC Wilmington,22,7,9,0,0,1,0,0
stcloudstate:kaddahziad,"Kaddah, Ziad",St. Cloud State,23,1,9,0,0,0,0,0
stcloudstate:mankowskifinn,"Mankowski, Finn",St. Cloud State,26,1,9,0,0,0,0,0
milwaukee:grimmben,"Grimm, Ben",Milwaukee,26,3,9,0,0,0,0,0
iueast:hudsonwill,"Hudson, Will",IU East,7,1,9,0,0,0,0,0
unhm:riganodario,"Rigano, Dario",UNHM,30,1,9,0,0,0,0,0
qncm:tozzinathan,"Tozzi, Nathan",QNCM,31,1,9,0,0,0,0,0
bryant:nuricumbodavid,"Nuricumbo, David",Bryant,34,1,9,0,0,0,0,0
newhaven:miyawakirintaro,"Miyawaki, Rintaro",New Haven,14,2,9,0,0,1,0,0
niagarauniversity:lacroixjeanmathieu,"Lacroix, Jean-Mathieu",Niagara University,15,2,9,0,0,0,0,0
eagles:garcessebastian,"Garces, Sebastian",EAGLES,16,1,9,0,0,0,0,0
eagles:gonzalezjavi,"Gonzalez, Javi",EAGLES,27,1,9,0,0,0,0,0
centralconnecticutstate:delimaphilip,"DeLima, Philip",Central Connecticut State,8,1,9,0,0,0,0,0
centralconnecticutstate:bravadogavin,"Bravado, Gavin",Central Connecticut State,22,1,9,0,0,0,0,0
udm:wintersluke,"Winters, Luke",UDM,3,1,9,0,0,0,0,0
bu:ngongangclaudel,"Ngongang, Claudel",BU,20,1,9,0,0,0,0,0
johnsonwalesnc:orozcokeanu,"Orozco, Keanu",Johnson & Wales (N.C.),21,1,9,0,0,0,0,0
johnsonwalesnc:califfwilliam,"Califf, William",Johnson & Wales (N.C.),24,1,9,0,0,0,0,0
gtown:urrutiadavid,"Urrutia, David",GTOWN,11,1,9,0,0,1,0,0
nova:dawesoneil,"Dawes, O'Neil",NOVA,24,1,9,0,0,0,0,0
sta:myerskyle,"Myers, Kyle",STA,12,1,9,0,0,1,1,0
unh:lawrolukian,"Lawro, Lukian",UNH,36,1,9,0,0,0,0,0
csi:disiervichristian,"DiSiervi, Christian",CSI,3,1,9,0,0,0,0,0
bryant:vossmarcus,"Voss, Marcus",Bryant,29,2,9,0,0,0,0,0
blackburn:jimenezyair,"Jimenez, Yair",Blackburn,25,1,9,0,0,0,0,0
indy:bruckerbaela,"Brucker, Baela",INDY,3,1,9,0,0,0,0,0
odu:alvesnicholas,"Alves, Nicholas",ODU,21,1,9,0,0,0,0,0
a10championshipno6saintlouis:andersonseth,"Anderson, Seth",A-10 Championship - No. 6 Saint Louis,7,1,9,0,0,0,0,0
24no4seedgeorgetown:ponceocampomateo,"Ponce Ocampo, Mateo",(#24/No. 4 seed) Georgetown,10,1,9,0,0,0,0,0
ncaa2ndroundmichigan:davisdylan,"Davis, Dylan",NCAA 2nd Round - Michigan,27,1,9,0,0,0,0,0
denver:olssonholger,"Olsson, Holger",Denver,11,14,8,0,0,0,0,0
olddominion:thomasconor,"Thomas, Conor",Old Dominion,27,6,8,0,0,0,0,0
saintpeters:nagrayuvrajaveer,"Nagra, Yuvrajaveer",Saint Peter's,26,3,8,0,0,0,0,0
marshall:apolinarothiago,"Apolinaro, Thiago",Marshall,3,1,8,0,0,0,0,0
kansascity:larshfeo,"Lar, Shfeo",Kansas City,27,18,8,0,0,0,0,0
stthomas:hansenaden,"Hansen, Aden",St. Thomas,26,9,8,0,0,0,0,0
drake:petrichtaylor,"Petrich, Taylor",Drake,19,3,8,0,0,0,0,0
calstatefullerton:soukupalix,"Soukup, Alix",Cal State Fullerton,29,2,8,0,0,0,0,0
ncwesleyan:evansfinlay,"Evans, Finlay",NC Wesleyan,22,1,8,0,0,0,0,0
eckerdcollege:gordonalex,"Gordon, Alex",Eckerd College,12,1,8,0,0,0,0,0
eckerdcollege:hopenandrew,"Hopen, Andrew",Eckerd College,24,1,8,0,0,0,0,0
loyolamaryland:ozgasteven,"Ozga, Steven",Loyola Maryland,23,2,8,0,0,1,1,0
brown:smithconnor,"Smith, Connor",Brown,31,16,8,0,0,0,0,0
uncasheville:bermanjaden,"Berman, Jaden",UNC Asheville,16,8,8,0,0,0,0,0
furman:millermax,"Miller, Max",Furman,0,6,8,0,0,0,0,0
iuindianapolis:purschalex,"Pursch, Alex",IU Indianapolis,36,2,8,0,0,0,0,0
newhaven:riganodario,"Rigano, Dario",New Haven,30,2,8,0,0,1,1,0
newhaven:robinsonmatthew,"Robinson, Matthew",New Haven,35,2,8,0,0,0,0,0
grandcanyonuniversity:lobatohenrique,"Lobato, Henrique",Grand Canyon University,5,1,8,0,0,0,0,0
au:gonzalezjavi,"Gonzalez, Javi",AU,27,1,8,0,0,0,0,0
wofford:goudyben,"Goudy, Ben",Wofford,25,7,8,0,0,0,0,0
elon:arribereignacio,"Arribere, Ignacio",Elon,4,6,8,0,0,0,0,0
dominican:fisherderek,"Fisher, Derek",Dominican,20,1,8,0,0,0,0,0
newhaven:alarconyans,"Alarcon, Yans",New Haven,22,2,8,0,0,0,0,0
presbyterian:kraskrivers,"Krask, Rivers",Presbyterian,18,3,8,0,0,0,0,0
presbyterian:siaujeremy,"Siau, Jeremy",Presbyterian,22,3,8,0,0,0,0,0
umbc:tadesseaidom,"Tadesse, Aidom",UMBC,14,2,8,0,0,1,1,0
frd:anastasiomark,"Anastasio, Mark",FRD,2,1,8,0,0,0,0,0
eckerd:gonzalezmanuel,"Gonzalez, Manuel",Eckerd,8,1,8,0,0,0,0,0
bison:domsohnzane,"Domsohn, Zane",BISON,7,1,8,0,0,0,0,0
lafayette:morenojohanny,"Moreno, Johanny",Lafayette,10,4,8,0,0,0,0,0
regent:rendonantonio,"Rendon, Antonio",Regent,16,1,8,0,0,0,0,0
prsby:jelicmihajlo,"Jelic, Mihajlo",PRSBY,4,1,8,0,0,0,0,0
calbaptist:dealmeidadominic,"De Almeida, Dominic",Cal Baptist,14,1,8,0,0,0,0,0
calbaptist:uchidajiro,"Uchida, Jiro",Cal Baptist,26,1,8,0,0,1,0,0
du:escobarbowiezacarias,"Escobar-Bowie, Zacarias",DU,27,1,8,0,0,0,0,0
marywashington:bergelliot,"Berg, Elliot",Mary Washington,3,1,8,0,0,0,0,0
marywashington:cruzjoseph,"Cruz, Joseph",Mary Washington,22,1,8,0,0,0,0,0
marywashington:reyesmartinezfernando,"Reyes-Martinez, Fernando",Mary Washington,25,1,8,0,0,0,0,0
marywashington:landrethmason,"Landreth, Mason",Mary Washington,36,1,8,0,0,0,0,0
uno:curtiswill,"Curtis, Will",UNO,17,1,8,0,0,0,0,0
ust:moorenathaniel,"Moore, Nathaniel",UST,30,1,8,0,0,0,0,0
ncaadivisioniichampionshipfirstroundvsconcord:hailesben,"Hailes, Ben",NCAA Division II Championship First Round vs Concord,19,1,8,0,0,0,0,0
californiabaptist:hernandezdanny,"Hernandez, Danny",California Baptist,15,14,7,0,0,0,0,0
oakland:stozinicandrija,"Stozinic, Andrija",Oakland,3,3,7,0,0,1,0,0
pacific:negrongonzalesamado,"Negron Gonzales, Amado",Pacific,15,5,7,0,0,0,0,0
dartmouthcollege:ndiayefallou,"Ndiaye, Fallou",Dartmouth College,15,14,7,0,0,0,0,0
stanford:bollykylaszlo,"Bollyky, Laszlo",Stanford,33,4,7,0,0,0,0,0
saintmarys:team,TEAM,Saint Mary's,TM,1,7,0,0,0,1,0
notredame:eganliam,"Egan, Liam",Notre Dame,30,5,7,0,0,0,0,2
penn:seelegavin,"Seele, Gavin",Penn,4,8,7,0,0,0,0,0
rams:hayesdeniss,"Hayes, Deniss",RAMS,23,1,7,0,0,0,0,0
wm:kochellalex,"Kochell, Alex",WM,4,1,7,0,0,0,0,0
eckerd:gordonalex,"Gordon, Alex",Eckerd,12,1,7,0,0,0,0,0
bentley:spitznaglezach,"Spitznagle, Zach",Bentley,12,1,7,0,0,0,0,0
siuedwardsville:hillgarrison,"Hill, Garrison",SIU Edwardsville,27,1,7,0,0,0,0,0
americaninternational:christensencornelius,"Christensen, Cornelius",American International,3,1,7,0,0,0,0,0
uca:fujishimayamato,"Fujishima, Yamato",UCA,27,2,7,0,0,0,0,0
neumannu:sciottoanthony,"Sciotto, Anthony",Neumann U.,15,1,7,0,0,0,0,0
neumannu:gundydakoda,"Gundy, Dakoda",Neumann U.,33,1,7,0,0,0,0,0
gtown:paretecole,"Parete, Cole",GTOWN,14,1,7,0,0,0,0,0
southernnewhampshire:preuscharlie,"Preus, Charlie",Southern New Hampshire,17,1,7,0,0,0,0,0
southernnewhampshire:paronmatteo,"Paron, Matteo",Southern New Hampshire,23,1,7,0,0,0,0,0
bu:tilgnerramsey,"Tilgner, Ramsey",BU,2,1,7,0,0,0,0,0
california:savoieryan,"Savoie, Ryan",California,00,18,6,0,0,0,0,1
setonhill:chernyshovstanislav,"Chernyshov, Stanislav",Seton Hill,16,1,6,0,0,0,0,0
setonhill:dancetoby,"Dance, Toby",Seton Hill,18,1,6,0,0,0,0,0
setonhill:aisenbreyrowan,"Aisenbrey, Rowan",Seton Hill,22,1,6,0,0,0,0,0
setonhill:duranescobarchristopher,"Duran-Escobar, Christopher",Seton Hill,27,1,6,0,0,0,0,0
duquesne:jenningsjack,"Jennings, Jack",Duquesne,37,2,6,0,0,0,0,0
drexel:fitgeraldjames,"Fitgerald, James",Drexel,29,6,6,0,0,0,0,0
xavier:dikoumdaryloscar,"Dikoum, Daryl-Oscar",Xavier,22,16,6,0,0,0,0,0
charleston:duskecharlie,"Duske, Charlie",Charleston,28,14,6,0,0,0,0,2
grandview:gasparimattia,"Gaspari, Mattia",Grand View,29,1,6,0,0,0,0,0
saintmarys:gibbsgaige,"Gibbs, Gaige",Saint Mary's,4,10,6,0,0,0,0,0
elon:arribeignacio,"Arribe, Ignacio",Elon,4,2,6,0,0,0,0,0
etsu:idlibizayd,"Idlibi, Zayd",ETSU,19,3,6,0,0,0,0,0
yale:seidmanandrew,"Seidman, Andrew",Yale,21,8,6,0,0,0,0,0
princeton:atkinsully,"Atkin, Sully",Princeton,28,16,6,0,0,0,0,1
bellarmine:ibarrechesantiago,"Ibarreche, Santiago",Bellarmine,25,2,6,0,0,0,0,0
penn:nealmalachi,"Neal, Malachi",Penn,14,7,6,0,0,0,0,0
centralconnecticut:youdonghyeon,"You, Donghyeon",Central Connecticut,18,1,6,0,0,0,0,0
kentucky:rasheedjabari,"Rasheed, Jabari",Kentucky,22,10,6,0,0,0,0,0
grandcanyonuniversity:velizdiego,"Veliz, Diego",Grand Canyon University,2,1,6,0,0,0,0,0
grandcanyonuniversity:santosxande,"Santos, Xande",Grand Canyon University,19,1,6,0,0,0,0,0
rideruniversity:fiorediesel,"Fiore, Diesel",Rider University,42,2,6,0,0,0,0,1
dominican:hagaliwaqas,"Hagali, Waqas",Dominican,22,1,6,0,0,0,0,0
newhaven:ramirezdownesgianni,"Ramirez-Downes, Gianni",New Haven,25,1,6,0,0,0,0,0
westminstercollegemo:johnsonchase,"Johnson, Chase",Westminster College (MO),13,1,6,0,0,0,0,0
westminstercollegemo:shounemustekbel,"Shoune, Mustekbel",Westminster College (MO),16,1,6,0,0,0,0,0
westminstercollegemo:mathesdavin,"Mathes, Davin",Westminster College (MO),24,1,6,0,0,0,0,0
bpt:reinhardjakob,"Reinhard, Jakob",BPT,17,1,6,0,0,0,0,0
bpt:paulickcalvin,"Paulick, Calvin",BPT,27,1,6,0,0,0,0,0
presbyterian:merckeddie,"Merck, Eddie",Presbyterian,26,4,6,0,0,0,0,0
umbc:dubondominic,"Dubon, Dominic",UMBC,9,2,6,0,0,0,0,0
umbc:nesbittshea,"Nesbitt, Shea",UMBC,25,2,6,0,0,0,0,0
saintfrancispa:planasalvaro,"Planas, Alvaro",Saint Francis (Pa.),29,1,6,0,0,0,0,0
unhm:hernandezmike,"Hernandez, Mike",UNHM,29,1,6,0,0,0,0,0
saintjosephs:jakemcconnery,Jake McConnery,Saint Joseph's,5,3,6,0,0,0,0,0
southernconnecticutstate:jaansalumatthew,"Jaansalu, Matthew",Southern Connecticut State,27,1,6,0,0,0,0,0
rhit:vlamistheo,"Vlamis, Theo",RHIT,43,1,6,0,0,0,0,0
bentley:bottaenzo,"Botta, Enzo",Bentley,29,1,6,0,0,0,0,0
regent:prendegrastlucas,"Prendegrast, Lucas",Regent,4,1,6,0,0,0,0,0
hat:russseth,"Russ, Seth",HAT,3,1,6,0,0,0,0,0
radm:tajtyiakos,"Tajtyi, Akos",RADM,15,1,6,0,0,0,0,0
calbaptist:krohnstaderik,"Krohnstad, Erik",Cal Baptist,5,1,6,0,0,0,0,0
calbaptist:mendezalex,"Mendez, Alex",Cal Baptist,17,1,6,0,0,0,0,0
csub:aiellofrancesco,"Aiello, Francesco",CSUB,9,1,6,0,0,1,1,0
marywashington:cabrerareyesmarvin,"Cabrera-Reyes, Marvin",Mary Washington,26,1,6,0,0,0,0,0
floridagulfcoastuniversity:lawrencecaylan,"Lawrence, Caylan",Florida Gulf Coast University,16,1,6,0,0,0,0,0
stm:aplicanodiego,"Aplicano, Diego",STM,35,1,6,0,0,0,0,0
colgate:rodriguezlucas,"Rodriguez, Lucas",Colgate,24,6,5,0,0,0,0,0
evangelmo:villasenorfernando,"Villasenor, Fernando",Evangel (Mo.),77,1,5,0,0,0,0,0
universityofnebraskaatomaha:perkinsmaguire,"Perkins, Maguire",University of Nebraska at Omaha,29,1,5,0,0,0,0,0
sacredheart:nunesjp,"Nunes, JP",Sacred Heart,20,8,5,0,0,0,0,0
emoryhenry:russellchristian,"Russell, Christian",Emory & Henry,15,1,5,0,0,0,0,0
floridagulfcoast:bazelaisstanley,"Bazelais, Stanley",Florida Gulf Coast,33,2,5,0,0,0,0,0
fdu:pichardoalex,"Pichardo, Alex",FDU,26,5,5,0,0,0,0,0
saintfrancis:geistjack,"Geist, Jack",Saint Francis,22,4,5,0,0,0,0,0
setonhall:karbownikolivier,"Karbownik, Olivier",Seton Hall,24,16,5,0,0,0,0,0
setonhall:fernandestyler,"Fernandes, Tyler",Seton Hall,30,16,5,0,0,0,0,0
northgreenville:toumahaitham,"Touma, Haitham",North Greenville,15,1,5,0,0,0,0,0
su:bitonben,"Biton, Ben",SU,30,1,5,0,0,0,0,0
coc:thyregodemil,"Thyregod, Emil",COC,5,1,5,0,0,0,0,0
coc:riisgaardbenjamin,"Riisgaard, Benjamin",COC,31,1,5,0,0,0,0,0
rideruniversity:subersebastian,"Suber, Sebastian",Rider University,14,3,5,0,0,0,0,0
stcloudstate:maldonadomahmood,"Maldonado, Mahmood",St. Cloud State,14,1,5,0,0,0,0,0
butler:lavinskyhadar,"Lavinsky, Hadar",Butler,22,2,5,0,0,0,0,0
butler:oelbergermichael,"Oelberger, Michael",Butler,24,2,5,0,0,0,0,0
ccsu:delimaphilip,"DeLima, Philip",CCSU,8,1,5,0,0,1,0,0
unhm:illariotommaso,"Illario, Tommaso",UNHM,34,1,5,0,0,0,0,0
dominican:snyderreo,"Snyder, Reo",Dominican,21,1,5,0,0,0,0,0
ud:cangajorge,"Canga, Jorge",UD,11,1,5,0,0,0,0,0
eagles:obriencolin,"O'Brien, Colin",EAGLES,19,1,5,0,0,0,0,0
covenantcollege:morganty,"Morgan, Ty",Covenant College,11,1,5,0,0,0,0,0
americaninternational:sandustefan,"Sandu, Stefan",American International,32,1,5,0,0,0,0,0
assumption:lucasalbuquerque,Lucas Albuquerque,Assumption,36,1,5,0,0,0,0,0
nova:raymondcolby,"Raymond, Colby",NOVA,26,1,5,0,0,0,0,0
fairleighdickinson:bejaranojack,"Bejarano, Jack",Fairleigh Dickinson,14,1,5,0,0,0,0,0
saintfrancisuniversity:ndrenikajoni,"Ndrenika, Joni",Saint Francis University,21,1,5,0,0,0,0,0
wvu:pusztahegyitristan,"Pusztahegyi, Tristan",WVU,4,1,5,0,0,0,0,0
wvu:stevanovicbraden,"Stevanovic, Braden",WVU,9,1,5,0,0,0,0,0
lwu:fletchertor,"Fletcher, Tor",LWU,50,1,5,0,0,0,0,0
odu:renderalex,"Render, Alex",ODU,2,1,5,0,0,0,0,0
hofstra:blaircharlie,"Blair, Charlie",Hofstra,25,8,4,0,0,0,0,0
northcarolina:iwasakiharuya,"Iwasaki, Haruya",North Carolina,4,15,4,0,0,0,0,0
northcarolina:bergeriley,"Berge, Riley",North Carolina,33,15,4,0,0,0,0,0
northcarolina:dunnemichael,"Dunne, Michael",North Carolina,47,15,4,0,0,0,0,0
unlv:alaniztheo,"Alaniz, Theo",UNLV,17,4,4,0,0,0,0,0
olddominion:lachineryan,"Lachine, Ryan",Old Dominion,15,7,4,0,0,0,0,0
stonehillcollege:meyercolby,"Meyer, Colby",Stonehill College,17,3,4,0,0,0,0,0
xavier:kuffelgabriel,"Kuffel, Gabriel",Xavier,31,16,4,0,0,0,0,0
uncgreensboro:nyanorkwame,"Nyanor, Kwame",UNC Greensboro,28,5,4,0,0,0,0,0
gonzaga:lanierbrian,"Lanier, Brian",Gonzaga,30,14,4,0,0,0,0,0
maryland:brownjoel,"Brown, Joel",Maryland,27,18,4,0,0,0,0,0
lwu:odwyerxavier,"O'Dwyer, Xavier",LWU,14,1,4,0,0,0,0,0
holyfamily:gonzalezjesus,"Gonzalez, Jesus",Holy Family,9,1,4,0,0,0,0,0
holyfamily:mckennasean,"McKenna, Sean",Holy Family,24,1,4,0,0,0,0,0
clemson:brickmathieu,"Brick, Mathieu",Clemson,13,3,4,0,0,0,0,0
edgewood:luttinenbrooks,"Luttinen, Brooks",Edgewood,3,1,4,0,0,1,0,0
williammary:baierleintim,"Baierlein, Tim",William & Mary,16,1,4,0,0,0,0,0
northernillinoisuniversity:seojaephil,"Seo, Jaephil",Northern Illinois University,16,1,4,0,0,0,0,0
northernillinoisuniversity:kwiatkowskiwiktor,"Kwiatkowski, Wiktor",Northern Illinois University,18,1,4,0,0,0,0,0
howard:agyemangezekiel,"Agyemang, Ezekiel",Howard,27,3,4,0,0,0,0,0
du:clarkdrew,"Clark, Drew",DU,21,1,4,0,0,0,0,0
bryant:ardalex,"Ard, Alex",Bryant,35,1,4,0,0,1,0,0
trine:millershipliam,"Millership, Liam",Trine,14,2,4,0,0,0,0,0
americaninternational:ramirezfernando,"Ramirez, Fernando",American International,14,1,4,0,0,0,0,0
unh:sullivanaidan,"Sullivan, Aidan",UNH,21,1,4,0,0,0,0,0
unh:ramirezdownesgianni,"Ramirez-Downes, Gianni",UNH,25,1,4,0,0,0,0,0
unh:robinsonmatthew,"Robinson, Matthew",UNH,35,1,4,0,0,0,0,0
trine:horeelliot,"Hore, Elliot",Trine,25,1,4,0,0,0,0,0
utriograndevalley:allenoneeko,"Allen, Oneeko",UT Rio Grande Valley,12,1,4,0,0,0,0,0
utriograndevalley:nodasora,"Noda, Sora",UT Rio Grande Valley,16,1,4,0,0,0,0,0
warnerfla:makendypreservil,Makendy Preservil,Warner (Fla.),6,1,4,0,0,0,0,0
centralconnecticutstateuniversity:laynejulian,"Layne, Julian",Central Connecticut State University,26,1,4,0,0,0,0,0
northcarolina:gorbellkevin,"Gorbell, Kevin",North Carolina,28,15,3,0,0,0,0,0
newhampshire:fandunyaneduard,"Fandunyan, Eduard",New Hampshire,15,14,3,0,0,0,0,0
uscupstate:uwazieemmanuel,"Uwazie, Emmanuel",USC Upstate,1,13,3,0,0,0,0,1
wisconsin:chadwickliam,"Chadwick, Liam",Wisconsin,26,12,3,0,0,0,0,0
oregonstate:fecteaupaul,"Fecteau, Paul",Oregon State,29,17,3,0,0,0,0,0
northwest:costabernando,"Costa, Bernando",Northwest,6,1,3,0,0,0,0,0
northwest:melobernando,"Melo, Bernando",Northwest,22,1,3,0,0,0,0,0
northwest:simmondsaustin,"Simmonds, Austin",Northwest,28,1,3,0,0,0,0,0
mercer:senghoreken,"Senghore, Ken",Mercer,30,12,3,0,0,0,0,0
ucsandiego:bogonkomhone,"Bogonko, Mhone",UC San Diego,16,7,3,0,0,0,0,0
manhattan:lemajimmy,"Lema, Jimmy",Manhattan,21,4,3,0,0,0,0,0
manhattan:lucasjames,"Lucas, James",Manhattan,31,4,3,0,0,0,0,0
wofford:reyesdiego,"Reyes, Diego",Wofford,13,6,3,0,0,1,1,0
saintjosephs:kenyattacollins,Kenyatta Collins,Saint Joseph's,2,3,3,0,0,0,0,0
ju:izujoshua,"Izu, Joshua",JU,19,1,3,0,0,0,0,0
centralconnecticutstate:frackjared,"Frack, Jared",Central Connecticut State,10,1,3,0,0,0,0,0
farmingdalestate:cernachristopher,"Cerna, Christopher",Farmingdale State,6,1,3,0,0,0,0,0
prsby:restreposebastian,"Restrepo, Sebastian",PRSBY,28,1,3,0,0,1,0,0
udm:akeelzain,"Akeel, Zain",UDM,29,1,3,0,0,0,0,0
du:corrigannoah,"Corrigan, Noah",DU,25,1,3,0,0,0,0,0
loyolauniversitymaryland:oladinnikayin,"Oladinni, Kayin",Loyola University Maryland,34,1,3,0,0,0,0,0
bryant:paulluisfernando,"Paul, Luis Fernando",Bryant,11,1,3,0,0,0,0,0
stm:cissealiou,"Cisse, Aliou",STM,24,1,3,0,0,0,0,0
fpu:proctordevlin,"Proctor, Devlin",FPU,25,1,3,0,0,0,0,0
unlv:lynchjhavier,"Lynch, J'havier",UNLV,9,4,2,0,0,0,0,0
liu:vanegasjeffrey,"Vanegas, Jeffrey",LIU,11,2,2,0,0,0,0,0
emoryhenry:blalockcameron,"Blalock, Cameron",Emory & Henry,2,1,2,0,0,0,0,0
monmouth:volpecolin,"Volpe, Colin",Monmouth,15,3,2,0,0,0,0,0
omaha:curtiswill,"Curtis, Will",Omaha,17,5,2,0,0,0,0,0
omaha:merlonick,"Merlo, Nick",Omaha,24,5,2,0,0,0,0,0
fdu:ramirezjulian,"Ramirez, Julian",FDU,29,5,2,0,0,0,0,0
fdu:mcgeeian,"McGee, Ian",FDU,30,5,2,0,0,0,0,0
bradley:nmengahfranc,"Nmengah, Franc",Bradley,36,4,2,0,0,0,0,0
grandcanyon:martinezsergio,"Martinez, Sergio",Grand Canyon,4,5,2,0,0,0,0,0
su:rouseanthony,"Rouse, Anthony",SU,16,1,2,0,0,0,0,0
drexel:fitzgeraldjames,"Fitzgerald, James",Drexel,29,9,2,0,0,0,0,0
uvm:richardsoncole,"Richardson, Cole",UVM,4,1,2,0,0,0,0,0
eckerd:reisjuan,"Reis, Juan",Eckerd,13,1,2,0,0,0,0,0
newhaven:sullivanaidan,"Sullivan, Aidan",New Haven,21,1,2,0,0,0,0,0
southernconnecticutstate:poitrasian,"Poitras, Ian",Southern Connecticut State,13,1,2,0,0,0,0,0
theuniversityofolivet:bloodconnor,"Blood, Connor",The University of Olivet,18,1,2,0,0,0,0,0
virginiacommonwealthuniversity:miyanohayato,"Miyano, Hayato",Virginia Commonwealth University,26,1,2,0,0,0,0,0
duquesne:dragisichjohnny,"Dragisich, Johnny",Duquesne,18,2,2,0,0,0,0,0
bryant:breuersean,"Breuer, Sean",Bryant,31,1,2,0,0,0,0,0
uab:jiwonhanjake,"Jiwon Han, Jake",UAB,24,8,1,0,0,0,0,0
evangelmo:gonzalezruben,"Gonzalez, Ruben",Evangel (Mo.),11,1,1,0,0,0,0,0
portland:cornogwilliam,"Cornog, William",Portland,22,5,1,0,0,0,0,0
universityofevansville:williamslionel,"Williams, Lionel",University of Evansville,17,7,1,0,0,0,0,0
ncwesleyan:westermarkjacob,"Westermark, Jacob",NC Wesleyan,98,1,1,0,0,0,0,0
uab:jiwonhan,"Jiwon, Han",UAB,24,6,1,0,0,0,0,0
centralconnecticutstateuniversity:bravadogavin,"Bravado, Gavin",Central Connecticut State University,22,1,1,0,0,0,0,0
ucriverside:tiscarenojaimesantana,"Tiscareno, Jaime Santana",UC Riverside,0,10,1,0,0,0,0,0
ucriverside:aguilarmartinezjason,"Aguilar-Martinez, Jason",UC Riverside,5,10,1,0,0,0,0,0
coc:dowlerconor,"Dowler, Conor",COC,15,1,1,0,0,0,0,0
dominican:guzikaidan,"Guzik, Aidan",Dominican,27,1,1,0,0,0,0,0
dominican:odoemenejustin,"Odoemene, Justin",Dominican,29,1,1,0,0,0,0,0
edgewood:hauseraustin,"Hauser, Austin",Edgewood,18,1,1,0,0,0,0,0
unhm:alarconyans,"Alarcon, Yans",UNHM,22,1,1,0,0,0,0,0
unhm:robinsonmatthew,"Robinson, Matthew",UNHM,35,1,1,0,0,0,0,0
molm:giordanojoey,"Giordano, Joey",MOLM,2,1,1,0,0,0,0,0
theuniversityofolivet:herringnoah,"Herring, Noah",The University of Olivet,5,1,1,0,0,0,0,0
theuniversityofolivet:harrisriley,"Harris, Riley",The University of Olivet,25,1,1,0,0,0,0,0
theuniversityofolivet:collinsethan,"Collins, Ethan",The University of Olivet,29,1,1,0,0,0,0,0
theuniversityofolivet:locklearseth,"Locklear, Seth",The University of Olivet,99,1,1,0,0,0,0,0
uiw:millerbenjamin,"Miller, Benjamin",UIW,1,1,1,0,0,0,0,0
armywestpoint:gormleydaniel,"Gormley, Daniel",Army West Point,25,1,1,0,0,0,0,0
utriograndevalley:joasilusricardo,"Joasilus, Ricardo",UT Rio Grande Valley,21,1,1,0,0,0,0,0
adelphi:agelispeter,"Agelis, Peter",Adelphi,18,1,1,0,0,0,0,0
bostoncollege:pliszkasebastian,"Pliszka, Sebastian",Boston College,31,17,0,0,0,0,0,0
bostoncollege:copelanddeltorobryce,"Copeland-Del Toro, Bryce",Boston College,33,17,0,0,0,0,0,0
bostoncollege:seidelleo,"Seidel, Leo",Boston College,34,17,0,0,0,0,0,0
bostoncollege:martinsenwoldsander,"Martinsen-Wold, Sander",Boston College,7,17,0,0,0,0,0,0
bostoncollege:farwellaidan,"Farwell, Aidan",Boston College,8,17,0,0,0,0,0,0
bostoncollege:schumacherarno,"Schumacher, Arno",Boston College,15,17,0,0,0,0,0,0
bostoncollege:martinschristian,"Martins, Christian",Boston College,17,17,0,0,0,0,0,0
bostoncollege:gibsonconnor,"Gibson, Connor",Boston College,19,17,0,0,0,0,0,0
bostoncollege:mafongdylan,"Mafong, Dylan",Boston College,29,17,0,0,0,0,0,0
bostoncollege:odhiambosimba,"Odhiambo, Simba",Boston College,30,17,0,0,0,0,0,0
iona:helgueraiker,"Helguera, Iker",Iona,12,2,0,0,0,0,0,0
iona:leitelucas,"Leite, Lucas",Iona,14,2,0,0,0,0,0,0
iona:popovicgeorge,"Popovic, George",Iona,15,2,0,0,0,0,0,0
iona:garciaantonio,"Garcia, Antonio",Iona,19,2,0,0,0,0,0,0
iona:holczingernoah,"Holczinger, Noah",Iona,22,1,0,0,0,0,0,0
iona:krstulovicluka,"Krstulovic, Luka",Iona,28,2,0,0,0,0,0,0
iona:yildirimkaya,"Yildirim, Kaya",Iona,30,2,0,0,0,0,0,0
california:robbalex,"Robb, Alex",California,0,18,0,0,0,0,0,0
california:ahmadaidan,"Ahmad, Aidan",California,0,18,0,0,0,0,0,0
california:andohzack,"Andoh, Zack",California,99,18,0,0,0,0,0,0
california:mcgrewmatthew,"McGrew, Matthew",California,32,18,0,0,0,0,0,0
denver:schwartzgabe,"Schwartz, Gabe",Denver,00,14,0,0,0,0,0,0
denver:labellexander,"LaBelle, Xander",Denver,0,14,0,0,0,0,0,0
denver:kallaydominic,"Kallay, Dominic",Denver,5,14,0,0,0,0,0,0
denver:carrollchris,"Carroll, Chris",Denver,13,14,0,0,0,0,0,0
denver:kingwill,"King, Will",Denver,15,14,0,0,0,0,0,0
denver:lundgrand,"Lund, Grand",Denver,16,11,0,0,0,0,0,0
denver:doolittleriker,"Doolittle, Riker",Denver,19,14,0,0,0,0,0,0
denver:haynescj,"Haynes, CJ",Denver,21,14,0,0,0,0,0,0
denver:sheallytate,"Sheally, Tate",Denver,31,14,0,0,0,0,0,0
denver:shulerian,"Shuler, Ian",Denver,32,14,0,0,0,0,0,0
denver:moodietiko,"Moodie, Tiko",Denver,33,14,0,0,0,0,0,0
sandiego:kropfkayden,"Kropf, Kayden",San Diego,0,9,0,0,0,0,0,0
sandiego:websternicholas,"Webster, Nicholas",San Diego,00,9,0,0,0,0,0,0
sandiego:romanmichael,"Roman, Michael",San Diego,2,9,0,0,0,0,0,0
sandiego:rieckeowen,"Riecke, Owen",San Diego,15,9,0,0,0,0,0,0
sandiego:penakevin,"Pena, Kevin",San Diego,19,9,0,0,0,0,0,0
sandiego:gardenhourconner,"Gardenhour, Conner",San Diego,21,9,0,0,0,0,0,0
sandiego:vigilchristian,"Vigil, Christian",San Diego,22,9,0,0,0,0,0,0
sandiego:severstyler,"Severs, Tyler",San Diego,28,9,0,0,0,0,0,0
sandiego:dillondevin,"Dillon, Devin",San Diego,29,9,0,0,0,0,0,0
sandiego:orosbrando,"Oros, Brando",San Diego,31,9,0,0,0,0,0,0
sandiego:velezgus,"Velez, Gus",San Diego,32,9,0,0,0,0,0,0
duke:hauschildalex,"Hauschild, Alex",Duke,5,19,0,0,0,0,0,0
duke:lagosjackson,"Lagos, Jackson",Duke,32,19,0,0,0,0,0,0
louisville:svetanoffalex,"Svetanoff, Alex",Louisville,29,15,0,0,0,0,0,0
louisville:mcclenliam,"McClen, Liam",Louisville,31,15,0,0,0,0,0,0
louisville:wencesxavi,"Wences, Xavi",Louisville,14,15,0,0,0,0,0,0
louisville:boringjack,"Boring, Jack",Louisville,21,15,0,0,0,0,0,0
louisville:sanchezfernando,"Sanchez, Fernando",Louisville,22,15,0,0,0,0,0,0
jacksonville:havigfsimen,"Havigf, Simen",Jacksonville,28,2,0,0,0,0,0,0
jacksonville:bufordelijah,"Buford, Elijah",Jacksonville,29,2,0,0,0,0,0,0
jacksonville:haroldpreston,"Harold, Preston",Jacksonville,30,2,0,0,0,0,0,0
ncstate:terranovasamuel,"Terranova, Samuel",NC State,26,20,0,0,0,0,0,0
ncstate:francismaddux,"Francis, Maddux",NC State,30,20,0,0,0,0,0,0
ncstate:tolentinocaden,"Tolentino, Caden",NC State,17,20,0,0,0,0,0,0
ncstate:antoinenakai,"Antoine, Nakai",NC State,27,20,0,0,0,0,0,0
ncstate:gallocristian,"Gallo, Cristian",NC State,29,20,0,0,0,0,0,0
highpoint:moranopeter,"Morano, Peter",High Point,0,4,0,0,0,0,0,0
highpoint:paparoupasangelo,"Paparoupas, Angelo",High Point,17,4,0,0,0,0,0,0
highpoint:brittcaleb,"Britt, Caleb",High Point,20,4,0,0,0,0,0,0
highpoint:vandeheijames,"Vandehei, James",High Point,21,4,0,0,0,0,0,0
highpoint:moorejoshua,"Moore, Joshua",High Point,30,4,0,0,0,0,0,0
highpoint:sarvisparker,"Sarvis, Parker",High Point,31,4,0,0,0,0,0,0
highpoint:nwokejijosh,"Nwokeji, Josh",High Point,32,4,0,0,0,0,0,0
colgate:ethridgeadam,"Ethridge, Adam",Colgate,31,6,0,0,0,0,0,0
colgate:cheneyowen,"Cheney, Owen",Colgate,20,6,0,0,0,0,0,0
syracuse:wickhamjahiem,"Wickham, Jahiem",Syracuse,30,15,0,0,0,0,0,0
syracuse:jansenkyle,"Jansen, Kyle",Syracuse,40,15,0,0,0,0,0,0
syracuse:wigggavin,"Wigg, Gavin",Syracuse,12,15,0,0,0,0,0,0
syracuse:serysam,"Sery, Sam",Syracuse,13,15,0,0,0,0,0,0
syracuse:whartonalex,"Wharton, Alex",Syracuse,14,15,0,0,0,0,0,0
syracuse:oseidamani,"Osei, Damani",Syracuse,20,15,0,0,0,0,0,0
syracuse:bikyeombeabokye,"Bikyeombe, Abokye",Syracuse,23,13,0,0,0,0,0,0
syracuse:grossmanjack,"Grossman, Jack",Syracuse,28,15,0,0,0,0,0,0
syracuse:olcottquinn,"Olcott, Quinn",Syracuse,29,15,0,0,0,0,0,0
uab:oesterbaekphilip,"Oesterbaek, Philip",UAB,1,14,0,0,0,0,0,0
uab:olsongarrett,"Olson, Garrett",UAB,13,14,0,0,0,0,0,0
uab:marlowbrock,"Marlow, Brock",UAB,31,14,0,0,0,0,0,0
uab:ripacesar,"Ripa, Cesar",UAB,2,8,0,0,0,0,0,0
uab:erhardbenedikt,"Erhard, Benedikt",UAB,5,14,0,0,0,0,0,0
uab:jowersjacob,"Jowers, Jacob",UAB,20,14,0,0,0,0,0,0
uab:mccallumluke,"McCallum, Luke",UAB,27,14,0,0,0,0,0,0
uab:walkupeli,"Walkup, Eli",UAB,29,14,0,0,0,0,0,0
uab:vigdorovben,"Vigdorov, Ben",UAB,33,14,0,0,0,0,0,0
northcarolina:clossonquinn,"Closson, Quinn",North Carolina,0,15,0,0,0,0,0,0
northcarolina:gryaristide,"Gry, Aristide",North Carolina,12,15,0,0,0,0,0,0
northcarolina:saborioperezalejandro,"Saborio Perez, Alejandro",North Carolina,24,10,0,0,0,0,0,0
northcarolina:velascogabe,"Velasco, Gabe",North Carolina,30,15,0,0,0,0,0,0
northcarolina:swettmaclovio,"Swett, Maclovio",North Carolina,16,15,0,0,0,0,0,0
northcarolina:netzelgavin,"Netzel, Gavin",North Carolina,19,15,0,0,0,0,0,0
northcarolina:tamashirokai,"Tamashiro, Kai",North Carolina,22,15,0,0,0,0,0,0
northcarolina:veraluis,"Vera, Luis",North Carolina,25,15,0,0,0,0,0,0
northcarolina:waeschhagen,"Waesch, Hagen",North Carolina,26,15,0,0,0,0,0,0
northcarolina:tonidandeloscar,"Tonidandel, Oscar",North Carolina,29,15,0,0,0,0,0,0
northcarolina:melillimichael,"Melilli, Michael",North Carolina,31,10,0,0,0,0,0,0
northcarolina:johnsonty,"Johnson, Ty",North Carolina,35,15,0,0,0,0,0,0
northcarolina:wallerdrew,"Waller, Drew",North Carolina,36,15,0,0,0,0,0,0
northcarolina:molinadavid,"Molina, David",North Carolina,40,15,0,0,0,0,0,0
northcarolina:alqaqali,"Al-Qaq, Ali",North Carolina,44,15,0,0,0,0,0,0
wakeforest:barnettowen,"Barnett, Owen",Wake Forest,30,16,0,0,0,0,0,0
wakeforest:davilajojo,"Davila, Jojo",Wake Forest,15,16,0,0,0,0,0,0
wakeforest:batesonpierce,"Bateson, Pierce",Wake Forest,17,16,0,0,0,0,0,0
vcu:maloneytrevor,"Maloney, Trevor",VCU,0,1,0,0,0,0,0,0
vcu:taylorcory,"Taylor, Cory",VCU,1,1,0,0,0,0,0,0
vcu:comicamilo,"Comi, Camilo",VCU,11,1,0,0,0,0,0,0
vcu:cowlishawjoshua,"Cowlishaw, Joshua",VCU,13,1,0,0,0,0,0,0
vcu:hayesnikita,"Hayes, Nikita",VCU,24,1,0,0,0,0,0,0
vcu:yoshizawahaya,"Yoshizawa, Haya",VCU,29,1,0,0,0,0,0,0
vcu:thompsonchris,"Thompson, Chris",VCU,32,1,0,0,0,0,0,0
vcu:londereeryan,"Londeree, Ryan",VCU,37,1,0,0,0,0,0,0
bostonuniversity:clavierwilliam,"Clavier, William",Boston University,0,15,0,0,0,0,0,0
bostonuniversity:mazzabergeronben,"Mazza-Bergeron, Ben",Boston University,3,15,0,0,0,0,0,0
newhampshire:williamsscott,"Williams, Scott",New Hampshire,0,14,0,0,0,0,0,0
newhampshire:cashreed,"Cash, Reed",New Hampshire,22,14,0,0,0,0,0,0
newhampshire:milleraidan,"Miller, Aidan",New Hampshire,26,14,0,0,0,0,0,0
newhampshire:glenneychristopher,"Glenney , Christopher",New Hampshire,27,14,0,0,0,0,0,0
newhampshire:gouvinmichael,"Gouvin, Michael",New Hampshire,29,14,0,0,0,0,0,0
newhampshire:bachmannalex,"Bachmann, Alex",New Hampshire,31,14,0,0,0,0,0,0
creighton:hudsonmatthew,"Hudson, Matthew",Creighton,24,16,0,0,0,0,0,0
creighton:kenistonbrandon,"Keniston, Brandon",Creighton,30,16,0,0,0,0,0,0
creighton:andradepablo,"Andrade, Pablo",Creighton,33,16,0,0,0,0,0,0
creighton:edelmanbrian,"Edelman, Brian",Creighton,3,16,0,0,0,0,0,0
creighton:ramadanomar,"Ramadan, Omar",Creighton,8,16,0,0,0,0,0,0
creighton:braggbrady,"Bragg, Brady",Creighton,20,16,0,0,0,0,0,0
creighton:nelsonowen,"Nelson, Owen",Creighton,26,16,0,0,0,0,0,0
creighton:marngutirrezsantiago,"Marín Gutiérrez, Santiago",Creighton,27,16,0,0,0,0,0,0
fau:gordonmatthew,"Gordon, Matthew",FAU,15,14,0,0,0,0,0,0
fau:claryzac,"Clary, Zac",FAU,27,14,0,0,0,0,0,0
memphis:haddadlogan,"Haddad, Logan",Memphis,0,15,0,0,0,0,0,0
memphis:englishmorgan,"English, Morgan",Memphis,41,15,0,0,0,0,0,0
memphis:duncangraham,"Duncan, Graham",Memphis,16,15,0,0,0,0,0,0
memphis:langfordjack,"Langford, Jack",Memphis,17,15,0,0,0,0,0,0
memphis:biggsjackson,"Biggs, Jackson",Memphis,18,15,0,0,0,0,0,0
lipscomb:strickleraidan,"Strickler, Aidan",Lipscomb,34,12,0,0,0,0,0,0
lipscomb:kennedyzach,"Kennedy, Zach",Lipscomb,2,12,0,0,0,0,0,0
lipscomb:nakagawayuushin,"Nakagawa, Yuushin",Lipscomb,7,12,0,0,0,0,0,0
lipscomb:boehmeraidan,"Boehmer, Aidan",Lipscomb,24,12,0,0,0,0,0,0
lipscomb:rodriguezrobert,"Rodriguez, Robert",Lipscomb,25,12,0,0,0,0,0,0
lipscomb:lombarditony,"Lombardi, Tony",Lipscomb,26,12,0,0,0,0,0,0
lipscomb:daviscaleb,"Davis, Caleb",Lipscomb,28,12,0,0,0,0,0,0
lipscomb:hanlonluke,"Hanlon, Luke",Lipscomb,29,12,0,0,0,0,0,0
ucsantabarbara:vedinjohannes,"Vedin, Johannes",UC Santa Barbara,5,4,0,0,0,0,0,0
ucsantabarbara:vomsteegjared,"Vom Steeg, Jared",UC Santa Barbara,14,4,0,0,0,0,0,0
ucsantabarbara:phancodominick,"Phanco, Dominick",UC Santa Barbara,17,4,0,0,0,0,0,0
ucsantabarbara:krishnankavi,"Krishnan, Kavi",UC Santa Barbara,27,4,0,0,0,0,0,0
ucsantabarbara:rentoncolby,"Renton, Colby",UC Santa Barbara,28,4,0,0,0,0,0,0
ucsantabarbara:gutierrezlantz,"Gutierrez, Lantz",UC Santa Barbara,35,4,0,0,0,0,0,0
missouristate:kliewerjonathan,"Kliewer, Jonathan",Missouri State,0,18,0,0,0,0,0,0
missouristate:oliverhctor,"Oliver, Héctor",Missouri State,99,18,0,0,0,0,0,0
southfla:wagnerpeter,"Wagner, Peter",South Fla.,0,3,0,0,0,0,0,0
southfla:ortegajorge,"Ortega, Jorge",South Fla.,1,3,0,0,0,0,0,0
southfla:devinetim,"Devine, Tim",South Fla.,31,3,0,0,0,0,0,0
southfla:garciarenadiego,"Garciarena, Diego",South Fla.,32,3,0,0,0,0,0,0
southfla:hafthorssondagur,"Hafthorsson, Dagur",South Fla.,3,3,0,0,0,0,0,0
southfla:masontim,"Mason, Tim",South Fla.,10,3,0,0,0,0,0,0
southfla:scarglenicolas,"Scargle, Nicolas",South Fla.,17,3,0,0,0,0,0,0
southfla:scharfelddavis,"Scharfeld, Davis",South Fla.,27,3,0,0,0,0,0,0
seattle:heraldmarshall,"Herald, Marshall",Seattle,0,10,0,0,0,0,0,0
seattle:purvisowen,"Purvis, Owen",Seattle,45,10,0,0,0,0,0,0
seattle:guerreroenrique,"Guerrero, Enrique",Seattle,26,10,0,0,0,0,0,0
seattle:teuberbowen,"Teuber, Bowen",Seattle,29,10,0,0,0,0,0,0
templeuniversity:dauzierdiego,"Dauzier, Diego",Temple University,28,16,0,0,0,0,0,0
templeuniversity:hameedzain,"Hameed, Zain",Temple University,31,16,0,0,0,0,0,0
templeuniversity:zepedajuan,"Zepeda, Juan",Temple University,9,16,0,0,0,0,0,0
templeuniversity:strandteo,"Strand, Teo",Temple University,10,16,0,0,0,0,0,0
templeuniversity:perezanthony,"Perez, Anthony",Temple University,12,16,0,0,0,0,0,0
templeuniversity:siravomichael,"Siravo, Michael",Temple University,34,16,0,0,0,0,0,0
army:guirymichael,"Guiry, Michael",Army,1,11,0,0,0,0,0,0
army:smithskyler,"Smith, Skyler",Army,12,11,0,0,0,0,0,0
army:adugyamfisean,"Adu-Gyamfi, Sean",Army,28,11,0,0,0,0,0,0
unlv:maynesjack,"Maynes, Jack",UNLV,33,3,0,0,0,0,0,0
unlv:ssempijjaangello,"Ssempijja, Angello",UNLV,25,3,0,0,0,0,0,0
tulsa:janoskidylan,"Janoski , Dylan",Tulsa,30,14,0,0,0,0,0,0
tulsa:floresbrandon,"Flores, Brandon",Tulsa,31,14,0,0,0,0,0,0
tulsa:vilelajose,"Vilela, Jose",Tulsa,12,14,0,0,0,0,0,0
tulsa:escuderosmarc,"Escuderos, Marc",Tulsa,22,14,0,0,0,0,0,0
tulsa:wormingtontrajan,"Wormington, Trajan",Tulsa,26,14,0,0,0,0,0,0
tulsa:mcintoshian,"McIntosh, Ian",Tulsa,27,14,0,0,0,0,0,0
tulsa:berryeli,"Berry  , Eli",Tulsa,28,14,0,0,0,0,0,0
georgewashington:martinjp,"Martin, JP",George Washington,30,14,0,0,0,0,0,0
georgewashington:matuszewskilucas,"Matuszewski, Lucas",George Washington,2,14,0,0,0,0,0,0
georgewashington:hobbsjake,"Hobbs, Jake",George Washington,24,14,0,0,0,0,0,0
olddominion:bellinalogan,"Bellina, Logan",Old Dominion,24,6,0,0,0,0,0,0
olddominion:gordonlorenzo,"Gordon, Lorenzo",Old Dominion,26,6,0,0,0,0,0,0
olddominion:rodgersjordan,"Rodgers, Jordan",Old Dominion,18,6,0,0,0,0,0,0
uic:kristalasaf,"Kristal, Asaf",UIC,90,4,0,0,0,0,0,0
uic:galantejoey,"Galante, Joey",UIC,99,4,0,0,0,0,0,0
uic:tamayocristian,"Tamayo, Cristian",UIC,17,4,0,0,0,0,0,0
uic:lemusandres,"Lemus, Andres",UIC,18,4,0,0,0,0,0,0
uic:hernandezjorge,"Hernandez, Jorge",UIC,27,4,0,0,0,0,0,0
depaul:sennowen,"Senn, Owen",DePaul,0,15,0,0,0,0,0,0
depaul:vostalhayden,"Vostal, Hayden",DePaul,30,15,0,0,0,0,0,0
depaul:dovidaitistomas,"Dovidaitis, Tomas",DePaul,15,15,0,0,0,0,0,0
depaul:mackeycolin,"Mackey, Colin",DePaul,16,15,0,0,0,0,0,0
depaul:colemanizaiah,"Coleman, Izaiah",DePaul,27,15,0,0,0,0,0,0
marquette:salumrenan,"Salum, Renan",Marquette,31,16,0,0,0,0,0,0
marquette:crantzpatrick,"Crantz, Patrick",Marquette,32,16,0,0,0,0,0,0
marquette:hewittjosh,"Hewitt, Josh",Marquette,4,16,0,0,0,0,0,0
marquette:rnnestadstevenstristan,"Rønnestad-Stevens, Tristan",Marquette,5,13,0,0,0,0,0,0
marquette:pendletonnico,"Pendleton, Nico",Marquette,10,16,0,0,0,0,0,0
marquette:harcourtharrisonben,"Harcourt-Harrison, Ben",Marquette,21,16,0,0,0,0,0,0
marquette:torrezhudson,"Torrez, Hudson",Marquette,22,16,0,0,0,0,0,0
drexel:hanasben,"Hanas, Ben",Drexel,27,13,0,0,0,0,0,0
drexel:onolajakaden,"Onolaja, Kaden",Drexel,14,13,0,0,0,0,0,0
providence:ballesterjulian,"Ballester, Julian",Providence,0,19,0,0,0,0,0,0
providence:lowealec,"Lowe, Alec",Providence,25,19,0,0,0,0,0,0
providence:buyumateo,"Buyu, Mateo",Providence,30,19,0,0,0,0,0,0
providence:carneyryan,"Carney, Ryan",Providence,99,19,0,0,0,0,0,0
providence:cartwrightlandon,"Cartwright, Landon",Providence,14,19,0,0,0,0,0,0
providence:karalisalexi,"Karalis, Alexi",Providence,18,19,0,0,0,0,0,0
providence:golenkrystian,"Golen, Krystian",Providence,20,19,0,0,0,0,0,0
providence:smithnoah,"Smith, Noah",Providence,27,19,0,0,0,0,0,0
providence:bilbieandrew,"Bilbie, Andrew",Providence,28,19,0,0,0,0,0,0
providence:washingtonnick,"Washington, Nick",Providence,29,19,0,0,0,0,0,0
providence:shepperdhayden,"Shepperd, Hayden",Providence,35,19,0,0,0,0,0,0
providence:ogunsanyakhayr,"Ogunsanya, Khayr",Providence,37,15,0,0,0,0,0,0
providence:restrepojulian,"Restrepo, Julian",Providence,38,19,0,0,0,0,0,0
providence:haikalchristian,"Haikal, Christian",Providence,39,19,0,0,0,0,0,0
quinnipiac:cardonanickolas,"Cardona, Nickolas",Quinnipiac,32,7,0,0,0,0,0,0
uconn:grossmanjoe,"Grossman, Joe",UConn,0,14,0,0,0,0,0,0
uconn:hessjustin,"Hess, Justin",UConn,00,14,0,0,0,0,0,0
uconn:durhamkyle,"Durham, Kyle",UConn,13,14,0,0,0,0,0,0
uconn:paredesmatias,"Paredes, Matias",UConn,24,14,0,0,0,0,0,0
stonehillcollege:likhitecade,"Likhite, Cade",Stonehill College,0,2,0,0,0,0,0,0
stonehillcollege:diasayden,"Dias, Ayden",Stonehill College,3,2,0,0,0,0,0,0
stonehillcollege:desousavieiraiagoluiz,"De Sousa-Vieira, Iago Luiz",Stonehill College,7,1,0,0,0,0,0,0
stonehillcollege:kuzmichalex,"Kuzmich, Alex",Stonehill College,12,2,0,0,0,0,0,0
stonehillcollege:walshdylan,"Walsh, Dylan",Stonehill College,15,2,0,0,0,0,0,0
stonehillcollege:kennedylorcan,"Kennedy, Lorcan",Stonehill College,24,2,0,0,0,0,0,0
stonehillcollege:muzaffaramman,"Muzaffar, Amman",Stonehill College,26,2,0,0,0,0,0,0
xavier:friendlandon,"Friend, Landon",Xavier,0,15,0,0,0,0,0,0
xavier:fonsecanicolas,"Fonseca, Nicolas",Xavier,21,15,0,0,0,0,0,0
xavier:colemantyler,"Coleman, Tyler",Xavier,23,15,0,0,0,0,0,0
xavier:sullivanryan,"Sullivan, Ryan",Xavier,30,15,0,0,0,0,0,0
xavier:nowakaustin,"Nowak, Austin",Xavier,39,15,0,0,0,0,0,0
northernkentucky:shawtrey,"Shaw, Trey",Northern Kentucky,14,2,0,0,0,0,0,0
northernkentucky:griffintim,"Griffin, Tim",Northern Kentucky,16,2,0,0,0,0,0,0
northernkentucky:nicholsonwill,"Nicholson, Will",Northern Kentucky,20,2,0,0,0,0,0,0
northernkentucky:linejosh,"Line, Josh",Northern Kentucky,22,2,0,0,0,0,0,0
northernkentucky:minormarshal,"Minor, Marshal",Northern Kentucky,26,2,0,0,0,0,0,0
northernkentucky:sousatrevor,"Sousa, Trevor",Northern Kentucky,27,2,0,0,0,0,0,0
northernkentucky:brownjj,"Brown, JJ",Northern Kentucky,32,2,0,0,0,0,0,0
northernkentucky:barthlandon,"Barth, Landon",Northern Kentucky,35,2,0,0,0,0,0,0
houstonchristian:suwanehsillah,"Suwaneh, Sillah",Houston Christian,0,1,0,0,0,0,0,0
houstonchristian:obengnana,"Obeng, Nana",Houston Christian,4,1,0,0,0,0,0,0
houstonchristian:dishmansimeon,"Dishman, Simeon",Houston Christian,7,1,0,0,0,0,0,0
houstonchristian:ejerenwadaniel,"Ejerenwa, Daniel",Houston Christian,25,1,0,0,0,0,0,0
houstonchristian:salasjake,"Salas, Jake",Houston Christian,28,1,0,0,0,0,0,0
houstonchristian:thompsonomar,"Thompson, Omar",Houston Christian,51,1,0,0,0,0,0,0
houstonchristian:onutcezar,"Onut, Cezar",Houston Christian,52,1,0,0,0,0,0,0
gardnerwebb:zaldivarethan,"Zaldivar, Ethan",Gardner-Webb,0,20,0,0,0,0,0,0
gardnerwebb:schultheisben,"Schultheis, Ben",Gardner-Webb,13,20,0,0,0,0,0,0
gardnerwebb:bonzattoramon,"Bonzatto, Ramon",Gardner-Webb,4,18,0,0,0,0,0,0
uncgreensboro:inkpensantino,"Inkpen, Santino",UNC Greensboro,0,5,0,0,0,0,0,0
uncgreensboro:wyniajason,"Wynia, Jason",UNC Greensboro,4,5,0,0,0,0,0,0
uncgreensboro:beckertjonathan,"Beckert, Jonathan",UNC Greensboro,12,5,0,0,0,0,0,0
uncgreensboro:martinxander,"Martin, Xander",UNC Greensboro,29,5,0,0,0,0,0,0
uscupstate:hungerbuhlerjames,"Hungerbuhler, James",USC Upstate,12,13,0,0,0,0,0,0
uscupstate:wrnmarcus,"Wærn, Marcus",USC Upstate,15,13,0,0,0,0,0,0
uscupstate:edwardsmax,"Edwards, Max",USC Upstate,18,13,0,0,0,0,0,0
uscupstate:myersalec,"Myers, Alec",USC Upstate,31,13,0,0,0,0,0,0
uscupstate:doigbryan,"Doig, Bryan",USC Upstate,32,13,0,0,0,0,0,0
siue:odaypatrick,"O'Day, Patrick",SIUE,30,4,0,0,0,0,0,0
siue:perkinsben,"Perkins, Ben",SIUE,18,4,0,0,0,0,0,0
siue:mosleyanton,"Mosley, Anton",SIUE,25,4,0,0,0,0,0,0
siue:sargenttyler,"Sargent, Tyler",SIUE,26,4,0,0,0,0,0,0
siue:bastianonicolin,"Bastianoni, Colin",SIUE,28,4,0,0,0,0,0,0
michiganstate:slymichael,"Sly, Michael",Michigan State,1,13,0,0,0,0,0,0
michiganstate:laiblealec,"Laible, Alec",Michigan State,32,16,0,0,0,0,0,0
michiganstate:kovacvedad,"Kovac, Vedad",Michigan State,7,16,0,0,0,0,0,0
michiganstate:babiakzack,"Babiak, Zack",Michigan State,11,16,0,0,0,0,0,0
michiganstate:fostermyles,"Foster, Myles",Michigan State,13,16,0,0,0,0,0,0
ohiostate:laramoreluke,"Laramore, Luke",Ohio State,28,19,0,0,0,0,0,0
ohiostate:evanscole,"Evans, Cole",Ohio State,26,19,0,0,0,0,0,0
clevelandstate:schwierenlasse,"Schwieren, Lasse",Cleveland State,0,3,0,0,0,0,0,0
clevelandstate:kolaraleksandar,"Kolar, Aleksandar",Cleveland State,32,3,0,0,0,0,0,0
clevelandstate:callerianthony,"Calleri, Anthony",Cleveland State,2,3,0,0,0,0,0,0
clevelandstate:snaerdanelssontristan,"Snaer Daníelsson, Tristan",Cleveland State,13,3,0,0,0,0,0,0
clevelandstate:chavezjoany,"Chavez, Joany",Cleveland State,26,3,0,0,0,0,0,0
clevelandstate:wilsonisaiah,"Wilson, Isaiah",Cleveland State,29,3,0,0,0,0,0,0
clevelandstate:evansmillion,"Evans, Million",Cleveland State,31,3,0,0,0,0,0,0
rutgers:briscoeaurie,"Briscoe, Aurie",Rutgers,0,15,0,0,0,0,0,0
rutgers:koisgraham,"Kois, Graham",Rutgers,31,15,0,0,0,0,0,0
rutgers:noelandrew,"Noel, Andrew",Rutgers,32,15,0,0,0,0,0,0
rutgers:kozasawyer,"Koza, Sawyer",Rutgers,2,15,0,0,0,0,0,0
rutgers:moranoanthony,"Morano, Anthony",Rutgers,11,15,0,0,0,0,0,0
rutgers:krupskieddie,"Krupski, Eddie",Rutgers,19,15,0,0,0,0,0,0
northeastern:elmbladbrady,"Elmblad, Brady",Northeastern,31,4,0,0,0,0,0,0
northeastern:montoulieusebastian,"Montoulieu, Sebastian",Northeastern,33,4,0,0,0,0,0,0
northeastern:sciarrathomas,"Sciarra, Thomas",Northeastern,4,2,0,0,0,0,0,0
northeastern:kenisonalec,"Kenison, Alec",Northeastern,7,4,0,0,0,0,0,0
northeastern:wangerudtobias,"Wangerud, Tobias",Northeastern,10,4,0,0,0,0,0,0
northeastern:romeodavide,"Romeo, Davide",Northeastern,16,4,0,0,0,0,0,0
northeastern:mendietagus,"Mendieta, Gus",Northeastern,25,4,0,0,0,0,0,0
northeastern:ulvenjet,"Ulven, Jet",Northeastern,27,4,0,0,0,0,0,0
wisconsin:roachjack,"Roach, Jack",Wisconsin,0,12,0,0,0,0,0,0
wisconsin:shriversluke,"Shrivers, Luke",Wisconsin,33,12,0,0,0,0,0,0
wisconsin:crockfordcharlie,"Crockford, Charlie",Wisconsin,10,12,0,0,0,0,0,0
wisconsin:eisaroman,"Eisa, Roman",Wisconsin,16,12,0,0,0,0,0,0
marist:muraniaalex,"Murania, Alex",Marist,30,2,0,0,0,0,0,0
marist:riveramaddox,"Rivera, Maddox",Marist,33,2,0,0,0,0,0,0
marist:curtisebastian,"Curti, Sebastian",Marist,20,2,0,0,0,0,0,0
marist:rabadizach,"Rabadi, Zach",Marist,21,2,0,0,0,0,0,0
marist:dalyshay,"Daly, Shay",Marist,21,2,0,0,0,0,0,0
oregonstate:sagredogiancarlo,"Sagredo, Giancarlo",Oregon State,0,16,0,0,0,0,0,0
oregonstate:maciasmichael,"Macias, Michael",Oregon State,00,16,0,0,0,0,0,0
oregonstate:rodriguezdiego,"Rodriguez, Diego",Oregon State,14,16,0,0,0,0,0,0
oregonstate:bryantluke,"Bryant, Luke",Oregon State,15,16,0,0,0,0,0,0
oregonstate:menesesmassimo,"Meneses, Massimo",Oregon State,16,16,0,0,0,0,0,0
oregonstate:kaliisashugai,"Kaliisa, Shugai",Oregon State,18,16,0,0,0,0,0,0
oregonstate:catlettsava,"Catlett, Sava",Oregon State,25,16,0,0,0,0,0,0
ucirvine:williamscade,"Williams, Cade",UC Irvine,16,15,0,0,0,0,0,0
ucirvine:jugelijah,"Jugé, Elijah",UC Irvine,28,14,0,0,0,0,0,0
coastalcarolina:gironcarlos,"Giron, Carlos",Coastal Carolina,29,13,0,0,0,0,0,0
coastalcarolina:kjartanssoneythor,"Kjartansson, Eythor",Coastal Carolina,7,13,0,0,0,0,0,0
coastalcarolina:santosnoe,"Santos, Noe",Coastal Carolina,11,13,0,0,0,0,0,0
coastalcarolina:wittmannsimon,"Wittmann, Simon",Coastal Carolina,14,13,0,0,0,0,0,0
charleston:schumacherjourdan,"Schumacher, Jourdan",Charleston,0,14,0,0,0,0,0,0
charleston:rondonjesus,"Rondon, Jesus",Charleston,30,14,0,0,0,0,0,0
charleston:danielsnoah,"Daniels, Noah",Charleston,2,14,0,0,0,0,0,0
charleston:gritzbraden,"Gritz, Braden",Charleston,12,14,0,0,0,0,0,0
charleston:edgingtongavin,"Edgington, Gavin",Charleston,33,14,0,0,0,0,0,0
westvirginia:mawertoby,"Mawer, Toby",West Virginia,18,13,0,0,0,0,0,0
westvirginia:collinschase,"Collins, Chase",West Virginia,40,13,0,0,0,0,0,0
westvirginia:vaubelryan,"Vaubel, Ryan",West Virginia,2,13,0,0,0,0,0,0
westvirginia:tinocosam,"Tinoco, Sam",West Virginia,12,13,0,0,0,0,0,0
westvirginia:burkesebastian,"Burke, Sebastian",West Virginia,29,13,0,0,0,0,0,0
purduefortwayne:jonesjosh,"Jones, Josh",Purdue Fort Wayne,99,9,0,0,0,0,0,0
purduefortwayne:opokujoel,"Opoku, Joel",Purdue Fort Wayne,19,9,0,0,0,0,0,0
purduefortwayne:terneskarsten,"Ternes, Karsten",Purdue Fort Wayne,25,9,0,0,0,0,0,0
purduefortwayne:shetiahameer,"Shetiah, Ameer",Purdue Fort Wayne,28,9,0,0,0,0,0,0
purduefortwayne:theardtrey,"Theard, Trey",Purdue Fort Wayne,30,9,0,0,0,0,0,0
purduefortwayne:hallereason,"Haller, Eason",Purdue Fort Wayne,33,9,0,0,0,0,0,0
purduefortwayne:iricaninstefan,"Iricanin, Stefan",Purdue Fort Wayne,35,9,0,0,0,0,0,0
sacredheart:guziklogan,"Guzik, Logan",Sacred Heart,00,7,0,0,0,0,0,0
sacredheart:squireevan,"Squire, Evan",Sacred Heart,77,7,0,0,0,0,0,0
sacredheart:lolosnicholas,"Lolos, Nicholas",Sacred Heart,99,5,0,0,0,0,0,0
sacredheart:graciamartinezkoke,"Gracia Martinez, Koke",Sacred Heart,6,7,0,0,0,0,0,0
holycross:hafnerschneealaistar,"Hafner Schnee, Alaistar",Holy Cross,25,6,0,0,0,0,0,0
holycross:boettcherlucas,"Boettcher, Lucas",Holy Cross,30,7,0,0,0,0,0,0
holycross:cabreroandres,"Cabrero, Andres",Holy Cross,19,7,0,0,0,0,0,0
holycross:kellytanner,"Kelly, Tanner",Holy Cross,28,7,0,0,0,0,0,0
holycross:coffeyliam,"Coffey, Liam",Holy Cross,99,7,0,0,0,0,0,0
american:alvarezjuancarlos,"Alvarez, Juan Carlos",American,0,2,0,0,0,0,0,0
american:dominguezdominic,"Dominguez, Dominic",American,1,2,0,0,0,0,0,0
american:lammiles,"Lam, Miles",American,7,2,0,0,0,0,0,0
american:edsellowen,"Edsell, Owen",American,24,2,0,0,0,0,0,0
californiabaptist:glocktate,"Glock, Tate",California Baptist,32,14,0,0,0,0,0,0
californiabaptist:fischerluke,"Fischer, Luke",California Baptist,18,14,0,0,0,0,0,0
californiabaptist:pinoadolfo,"Pino, Adolfo",California Baptist,99,14,0,0,0,0,0,0
sanfrancisco:burrowsian,"Burrows, Ian",San Francisco,24,8,0,0,0,0,0,0
sanfrancisco:dugganmatthew,"Duggan, Matthew",San Francisco,4,8,0,0,0,0,0,0
sanfrancisco:josefssonkarl,"Josefsson, Karl",San Francisco,14,8,0,0,0,0,0,0
sanfrancisco:judkinsjaggar,"Judkins, Jaggar",San Francisco,17,8,0,0,0,0,0,0
sanfrancisco:afsarikaleb,"Afsari, Kaleb",San Francisco,20,8,0,0,0,0,0,0
sanfrancisco:samimiarman,"Samimi, Arman",San Francisco,27,8,0,0,0,0,0,0
sanfrancisco:waltersjaedyn,"Walters, Jaedyn",San Francisco,28,8,0,0,0,0,0,0
sanfrancisco:solisadrian,"Solis, Adrian",San Francisco,29,8,0,0,0,0,0,0
sanfrancisco:ghafuryferdy,"Ghafury, Ferdy",San Francisco,30,8,0,0,0,0,0,0
calpoly:oetmanben,"Oetman, Ben",Cal Poly,30,10,0,0,0,0,0,0
calpoly:glowaskidylan,"Glowaski, Dylan",Cal Poly,31,10,0,0,0,0,0,0
calpoly:amancole,"Aman, Cole",Cal Poly,3,10,0,0,0,0,0,0
calpoly:bittonori,"Bitton, Ori",Cal Poly,6,10,0,0,0,0,0,0
calpoly:kestlerjackson,"Kestler, Jackson",Cal Poly,7,10,0,0,0,0,0,0
calpoly:firouznamrylan,"Firouznam, Rylan",Cal Poly,10,10,0,0,0,0,0,0
calpoly:saggaujames,"Saggau, James",Cal Poly,20,10,0,0,0,0,0,0
calpoly:mctaguesean,"McTague, Sean",Cal Poly,21,10,0,0,0,0,0,0
calpoly:murdinliam,"Murdin, Liam",Cal Poly,36,10,0,0,0,0,0,0
calpoly:vickmichael,"Vick, Michael",Cal Poly,38,10,0,0,0,0,0,0
gonzaga:ramirezdiego,"Ramirez, Diego",Gonzaga,0,14,0,0,0,0,0,0
gonzaga:millerdominic,"Miller, Dominic",Gonzaga,99,14,0,0,0,0,0,0
gonzaga:bianchinicholas,"Bianchi , Nicholas",Gonzaga,13,14,0,0,0,0,0,0
gonzaga:potterchase,"Potter, Chase",Gonzaga,17,14,0,0,0,0,0,0
gonzaga:elkinsben,"Elkins, Ben",Gonzaga,23,14,0,0,0,0,0,0
gonzaga:sandymyles,"Sandy, Myles",Gonzaga,25,14,0,0,0,0,0,0
gonzaga:watkinstanner,"Watkins, Tanner",Gonzaga,26,14,0,0,0,0,0,0
gonzaga:thompsoncaden,"Thompson, Caden",Gonzaga,31,14,0,0,0,0,0,0
northwest:fulgadavid,"Fulga, David",Northwest,0,1,0,0,0,0,0,0
northwest:andersonjustin,"Anderson, Justin",Northwest,00,1,0,0,0,0,0,0
northwest:angelesjose,"Angeles, Jose",Northwest,41,1,0,0,0,0,0,0
northwest:ludlowmatthew,"Ludlow, Matthew",Northwest,7,1,0,0,0,0,0,0
northwest:kozorezovandre,"Kozorezov, Andre",Northwest,18,1,0,0,0,0,0,0
northwest:schmidklayton,"Schmid, Klayton",Northwest,25,1,0,0,0,0,0,0
northwest:jonesjonah,"Jones, Jonah",Northwest,26,1,0,0,0,0,0,0
northwest:nordruslan,"Nord, Ruslan",Northwest,27,1,0,0,0,0,0,0
northwest:johnsonclayton,"Johnson, Clayton",Northwest,32,1,0,0,0,0,0,0
northwest:corpuzcaleb,"Corpuz, Caleb",Northwest,35,1,0,0,0,0,0,0
northwest:bishoptitus,"Bishop, Titus",Northwest,36,1,0,0,0,0,0,0
liberty:mccallbrandon,"McCall, Brandon",Liberty,27,1,0,0,0,0,0,0
liberty:becktyler,"Beck, Tyler",Liberty,31,8,0,0,0,0,0,0
liberty:swinehartdylan,"Swinehart, Dylan",Liberty,13,8,0,0,0,0,0,0
liberty:davisjack,"Davis, Jack",Liberty,21,8,0,0,0,0,0,0
liberty:karnslogan,"Karns, Logan",Liberty,22,1,0,0,0,0,0,0
liberty:yzaguirreleandro,"Yzaguirre, Leandro",Liberty,26,8,0,0,0,0,0,0
mountolive:lockleardaniel,"Locklear, Daniel",Mount Olive,00,1,0,0,0,0,0,0
mountolive:funesmario,"Funes, Mario",Mount Olive,99,1,0,0,0,0,0,0
mountolive:bokogreg,"Boko, Greg",Mount Olive,2,1,0,0,0,0,0,0
mountolive:seilerdevin,"Seiler, Devin",Mount Olive,4,1,0,0,0,0,0,0
mountolive:adasiakdaniel,"Adasiak, Daniel",Mount Olive,9,1,0,0,0,0,0,0
mountolive:gomezfredy,"Gomez, Fredy",Mount Olive,15,1,0,0,0,0,0,0
mountolive:lugoeliboxchristen,"Lugo-Elibox, Christen",Mount Olive,17,1,0,0,0,0,0,0
mountolive:thompsoncolby,"Thompson, Colby",Mount Olive,20,1,0,0,0,0,0,0
mountolive:mezaallen,"Meza, Allen",Mount Olive,21,1,0,0,0,0,0,0
mountolive:battagliapaul,"Battaglia, Paul",Mount Olive,24,1,0,0,0,0,0,0
mountolive:njiealagie,"Njie, Alagie",Mount Olive,25,1,0,0,0,0,0,0
mountolive:burlingpatrik,"Burling, Patrik",Mount Olive,28,1,0,0,0,0,0,0
mountolive:mbouanitson,"Mboua, Nitson",Mount Olive,29,1,0,0,0,0,0,0
mountolive:nunezraul,"Nunez, Raul",Mount Olive,31,1,0,0,0,0,0,0
mountolive:miteuozias,"Miteu, Ozias",Mount Olive,32,1,0,0,0,0,0,0
mountolive:lopesdasilvaelijah,"Lopes Da Silva, Elijah",Mount Olive,33,1,0,0,0,0,0,0
mountolive:mondragonheinze,"Mondragon, Heinze",Mount Olive,34,1,0,0,0,0,0,0
mountolive:padillachris,"Padilla, Chris",Mount Olive,35,1,0,0,0,0,0,0
mountolive:bayoumirami,"Bayoumi, Rami",Mount Olive,36,1,0,0,0,0,0,0
mountolive:rodriguezemilio,"Rodriguez, Emilio",Mount Olive,37,1,0,0,0,0,0,0
mountolive:ovraitieloho,"Ovraiti, Eloho",Mount Olive,38,1,0,0,0,0,0,0
mountolive:kidanesemere,"Kidane, Semere",Mount Olive,39,1,0,0,0,0,0,0
mountolive:bisaguirrematias,"Bisaguirre, Matias",Mount Olive,40,1,0,0,0,0,0,0
mountolive:fucaraccioluca,"Fucaraccio, Luca",Mount Olive,41,1,0,0,0,0,0,0
mountolive:augustinmakenley,"Augustin, Makenley",Mount Olive,42,1,0,0,0,0,0,0
ucf:habcktimo,"Haböck, Timo",UCF,1,9,0,0,0,0,0,0
ucf:ossabalpablo,"Ossabal, Pablo",UCF,27,9,0,0,0,0,0,0
ucf:velezgabi,"Velez, Gabi",UCF,12,9,0,0,0,0,0,0
ucf:bendakonron,"Ben Dakon, Ron",UCF,13,9,0,0,0,0,0,0
mercer:murphytrent,"Murphy , Trent",Mercer,00,12,0,0,0,0,0,0
mercer:koschikryan,"Koschik, Ryan",Mercer,1,12,0,0,0,0,0,0
mercer:risellasher,"Risell, Asher",Mercer,99,12,0,0,0,0,0,0
mercer:mcgannrayvon,"McGann, Rayvon",Mercer,11,12,0,0,0,0,0,0
mercer:cumminslawson,"Cummins, Lawson",Mercer,14,12,0,0,0,0,0,0
mercer:nemcekethan,"Nemcek, Ethan",Mercer,20,12,0,0,0,0,0,0
mercer:ashtarbenji,"Ashtar, Benji",Mercer,25,12,0,0,0,0,0,0
mercer:stepechris,"Stepe, Chris",Mercer,26,12,0,0,0,0,0,0
mercer:agbajerabiu,"Agbaje, Rabiu",Mercer,27,12,0,0,0,0,0,0
mercer:haligasflint,"Haligas, Flint",Mercer,29,12,0,0,0,0,0,0
mercer:panepentowilly,"Panepento, Willy",Mercer,31,12,0,0,0,0,0,0
saintmarys:abebesurafel,"Abebe, Surafel",Saint Mary's,11,10,0,0,0,0,0,0
saintmarys:klehamos,"Kleh, Amos",Saint Mary's,18,10,0,0,0,0,0,0
saintmarys:lisimason,"Lisi, Mason",Saint Mary's,25,10,0,0,0,0,0,0
saintmarys:coviltyler,"Covil, Tyler",Saint Mary's,26,10,0,0,0,0,0,0
saintmarys:dilleytj,"Dilley, TJ",Saint Mary's,35,10,0,0,0,0,0,0
kansascity:thorsenliam,"Thorsen, Liam",Kansas City,24,18,0,0,0,0,0,0
kansascity:fischerlennart,"Fischer, Lennart",Kansas City,25,18,0,0,0,0,0,0
kansascity:martincade,"Martin, Cade",Kansas City,16,18,0,0,0,0,0,0
kansascity:militaoaugusto,"Militao, Augusto",Kansas City,17,18,0,0,0,0,0,0
kansascity:peleskaevan,"Peleska, Evan",Kansas City,33,18,0,0,0,0,0,0
stthomas:moorenathaniel,"Moore, Nathaniel",St. Thomas,30,9,0,0,0,0,0,0
stthomas:olszewskicameron,"Olszewski, Cameron",St. Thomas,31,9,0,0,0,0,0,0
stthomas:dullumbryce,"Dullum, Bryce",St. Thomas,15,9,0,0,0,0,0,0
stthomas:mensahjrdennis,"Mensah, Jr., Dennis",St. Thomas,17,2,0,0,0,0,0,0
stthomas:wilkinsonkienan,"Wilkinson, Kienan",St. Thomas,23,9,0,0,0,0,0,0
northernillinois:curtisalex,"Curtis, Alex",Northern Illinois,30,4,0,0,0,0,0,0
northernillinois:catalangeovanny,"Catalan, Geovanny",Northern Illinois,21,4,0,0,0,0,0,0
northernillinois:lopeznoah,"Lopez, Noah",Northern Illinois,26,4,0,0,0,0,0,0
csun:mendiolajose,"Mendiola, Jose",CSUN,0,6,0,0,0,0,0,0
csun:churyan,"Chu, Ryan",CSUN,19,6,0,0,0,0,0,0
csun:bruchertobias,"Brucher, Tobias",CSUN,21,6,0,0,0,0,0,0
csun:kettigcarlo,"Kettig, Carlo",CSUN,24,6,0,0,0,0,0,0
csun:sherlockjack,"Sherlock, Jack",CSUN,25,6,0,0,0,0,0,0
csun:oyewosamahj,"Oyewo, Samahj",CSUN,29,6,0,0,0,0,0,0
csun:tanksdemitrious,"Tanks, Demitrious",CSUN,31,6,0,0,0,0,0,0
csun:mendelyannathan,"Mendelyan, Nathan",CSUN,32,5,0,0,0,0,0,0
jamesmadison:sweeneyalden,"Sweeney, Alden",James Madison,0,15,0,0,0,0,0,0
jamesmadison:dooguejack,"Doogue, Jack",James Madison,99,15,0,0,0,0,0,0
jamesmadison:arnoldcameron,"Arnold, Cameron",James Madison,7,15,0,0,0,0,0,0
jamesmadison:taylorethan,"Taylor, Ethan",James Madison,9,15,0,0,0,0,0,0
jamesmadison:halloransmith,"Halloran, Smith",James Madison,16,15,0,0,0,0,0,0
jamesmadison:johnsondrew,"Johnson, Drew",James Madison,24,15,0,0,0,0,0,0
jamesmadison:noseworthycooper,"Noseworthy, Cooper",James Madison,26,15,0,0,0,0,0,0
jamesmadison:enamoradojustin,"Enamorado, Justin",James Madison,32,15,0,0,0,0,0,0
charlotte:mumfordeli,"Mumford, Eli",Charlotte,0,19,0,0,0,0,0,0
charlotte:wuerslinjarrett,"Wuerslin, Jarrett",Charlotte,31,19,0,0,0,0,0,0
charlotte:mataivan,"Mata, Ivan",Charlotte,14,19,0,0,0,0,0,0
charlotte:breidsprecherander,"Breidsprecher, Ander",Charlotte,16,19,0,0,0,0,0,0
charlotte:scottnick,"Scott, Nick",Charlotte,21,19,0,0,0,0,0,0
charlotte:hyltoncaleb,"Hylton, Caleb",Charlotte,26,19,0,0,0,0,0,0
charlotte:asantetate,"Asante, Tate",Charlotte,27,19,0,0,0,0,0,0
charlotte:trollipcole,"Trollip, Cole",Charlotte,28,19,0,0,0,0,0,0
davidsoncollege:pridiecarson,"Pridie, Carson",Davidson College,35,17,0,0,0,0,0,0
davidsoncollege:wildaj,"Wild, AJ",Davidson College,24,17,0,0,0,0,0,0
campbell:holdstockluke,"Holdstock, Luke",Campbell,0,3,0,0,0,0,0,0
campbell:ellissean,"Ellis, Sean",Campbell,38,1,0,0,0,0,0,0
campbell:mbambakayoum,"M'bamba, Kayoum",Campbell,17,1,0,0,0,0,0,0
campbell:deleeuwlandon,"deLeeuw, Landon",Campbell,22,3,0,0,0,0,0,0
campbell:eastlackbrogan,"Eastlack, Brogan",Campbell,29,3,0,0,0,0,0,0
campbell:valenciasamuel,"Valencia, Samuel",Campbell,30,3,0,0,0,0,0,0
campbell:zarategabe,"Zarate, Gabe",Campbell,32,3,0,0,0,0,0,0
radford:ninetroy,"Nine, Troy",Radford,30,12,0,0,0,0,0,0
radford:hawescollin,"Hawes, Collin",Radford,4,12,0,0,0,0,0,0
radford:hammamshady,"Hammam, Shady",Radford,11,12,0,0,0,0,0,0
radford:pardieckmatthew,"Pardieck, Matthew",Radford,21,12,0,0,0,0,0,0
radford:valkenburgjames,"Valkenburg, James",Radford,36,12,0,0,0,0,0,0
portland:hartmandrew,"Hartman, Drew",Portland,23,5,0,0,0,0,0,0
portland:vallantkilian,"Vallant, Kilian",Portland,38,5,0,0,0,0,0,0
portland:homerisaac,"Homer, Isaac",Portland,17,5,0,0,0,0,0,0
portland:florestristan,"Flores, Tristan",Portland,25,5,0,0,0,0,0,0
washington:bieberlevi,"Bieber, Levi",Washington,0,17,0,0,0,0,0,0
washington:feltonjaeger,"Felton, Jaeger",Washington,30,17,0,0,0,0,0,0
washington:kleemannphilip,"Kleemann, Philip",Washington,2,17,0,0,0,0,0,0
washington:diopmani,"Diop, Mani",Washington,15,17,0,0,0,0,0,0
washington:deperronani,"Deperro, Nani",Washington,18,17,0,0,0,0,0,0
washington:gangulysheehan,"Ganguly, Sheehan",Washington,23,17,0,0,0,0,0,0
washington:hestadasher,"Hestad, Asher",Washington,25,17,0,0,0,0,0,0
washington:hawklevi,"Hawk, Levi",Washington,27,17,0,0,0,0,0,0
washington:banksjulian,"Banks, Julian",Washington,29,17,0,0,0,0,0,0
washington:bowersbrecken,"Bowers, Brecken",Washington,31,17,0,0,0,0,0,0
bowlinggreen:balcergrant,"Balcer, Grant",Bowling Green,1,5,0,0,0,0,0,0
bowlinggreen:schuttewill,"Schutte, Will",Bowling Green,28,5,0,0,0,0,0,0
bowlinggreen:balljason,"Ball, Jason",Bowling Green,30,5,0,0,0,0,0,0
bowlinggreen:siddallrylie,"Siddall, Rylie",Bowling Green,9,5,0,0,0,0,0,0
bowlinggreen:araujoyoann,"Araujo, Yoann",Bowling Green,25,5,0,0,0,0,0,0
wrightstate:juhllarsenoscar,"Juhl-Larsen, Oscar",Wright State,30,8,0,0,0,0,0,0
wrightstate:banfimaximilian,"Banfi, Maximilian",Wright State,2,8,0,0,0,0,0,0
wrightstate:edmondsonluis,"Edmondson, Luis",Wright State,5,8,0,0,0,0,0,0
wrightstate:turchyncole,"Turchyn, Cole",Wright State,15,8,0,0,0,0,0,0
wrightstate:odemenauche,"Odemena, Uche",Wright State,27,8,0,0,0,0,0,0
wrightstate:shapirobrady,"Shapiro, Brady",Wright State,34,8,0,0,0,0,0,0
wrightstate:herbertjackson,"Herbert, Jackson",Wright State,20,2,0,0,0,0,0,0
sacramentostate:chinaedgar,"China, Edgar",Sacramento State,99,1,0,0,0,0,0,0
sacramentostate:cahuesilvestre,"Cahue, Silvestre",Sacramento State,13,1,0,0,0,0,0,0
sacramentostate:fominsamuel,"Fomin, Samuel",Sacramento State,26,1,0,0,0,0,0,0
ucsandiego:huydylan,"Huy, Dylan",UC San Diego,0,6,0,0,0,0,0,0
ucsandiego:thielenicolas,"Thiele, Nicolas",UC San Diego,00,6,0,0,0,0,0,0
ucsandiego:morgannate,"Morgan, Nate",UC San Diego,3,6,0,0,0,0,0,0
ucsandiego:sancheznolan,"Sanchez, Nolan",UC San Diego,4,6,0,0,0,0,0,0
ucsandiego:santospeter,"Santos, Peter",UC San Diego,18,6,0,0,0,0,0,0
ucsandiego:bugliarianthony,"Bugliari, Anthony",UC San Diego,21,6,0,0,0,0,0,0
ucsandiego:hillelliott,"Hill, Elliott",UC San Diego,26,6,0,0,0,0,0,0
ucsandiego:cashtyler,"Cash, Tyler",UC San Diego,28,6,0,0,0,0,0,0
floridagulfcoast:garciaeduard,"Garcia, Eduard",Florida Gulf Coast,29,2,0,0,0,0,0,0
floridagulfcoast:dahllinus,"Dahl, Linus",Florida Gulf Coast,6,2,0,0,0,0,0,0
floridagulfcoast:murguiaedson,"Murguia, Edson",Florida Gulf Coast,10,2,0,0,0,0,0,0
floridagulfcoast:retzercharlie,"Retzer, Charlie",Florida Gulf Coast,18,2,0,0,0,0,0,0
floridagulfcoast:heronryan,"Heron, Ryan",Florida Gulf Coast,23,2,0,0,0,0,0,0
floridagulfcoast:saundersbarrett,"Saunders, Barrett",Florida Gulf Coast,25,2,0,0,0,0,0,0
niagara:fiegeliidaniel,"Fiegel II, Daniel",Niagara,00,2,0,0,0,0,0,0
niagara:indradavid,"Indra, David",Niagara,0,2,0,0,0,0,0,0
niagara:covelligiovanni,"Covelli, Giovanni",Niagara,4,2,0,0,0,0,0,0
niagara:mittlestadtiitommy,"Mittlestadt II, Tommy",Niagara,18,2,0,0,0,0,0,0
niagara:wilsonantonio,"Wilson, Antonio",Niagara,19,2,0,0,0,0,0,0
niagara:matinalex,"Matin, Alex",Niagara,27,2,0,0,0,0,0,0
centralarkansas:wachtelconnor,"Wachtel, Connor",Central Arkansas,01,4,0,0,0,0,0,0
centralarkansas:dovalematthew,"Dovale, Matthew",Central Arkansas,21,4,0,0,0,0,0,0
centralarkansas:grantcuba,"Grant, Cuba",Central Arkansas,45,4,0,0,0,0,0,0
centralarkansas:bauzasuredajoan,"Bauza Sureda, Joan",Central Arkansas,17,4,0,0,0,0,0,0
centralarkansas:matsudokaisei,"Matsudo, Kaisei",Central Arkansas,18,4,0,0,0,0,0,0
centralarkansas:delgadobaruc,"Delgado, Baruc",Central Arkansas,22,4,0,0,0,0,0,0
centralarkansas:duttonjackson,"Dutton, Jackson",Central Arkansas,30,4,0,0,0,0,0,0
centralarkansas:rahmannicholas,"Rahman, Nicholas",Central Arkansas,31,4,0,0,0,0,0,0
centralarkansas:schwartzkyle,"Schwartz, Kyle",Central Arkansas,33,4,0,0,0,0,0,0
centralarkansas:gomezandre,"Gomez, Andre",Central Arkansas,34,4,0,0,0,0,0,0
centralarkansas:coulibalyjoshua,"Coulibaly, Joshua",Central Arkansas,37,4,0,0,0,0,0,0
centralarkansas:sheenkovmaxim,"Sheenkov, Maxim",Central Arkansas,38,4,0,0,0,0,0,0
westernmichigan:dietrichnoah,"Dietrich, Noah",Western Michigan,0,3,0,0,0,0,0,0
westernmichigan:coonjohn,"Coon, John",Western Michigan,37,4,0,0,0,0,0,0
westernmichigan:smithliam,"Smith, Liam",Western Michigan,13,4,0,0,0,0,0,0
westernmichigan:belangerstephen,"Belanger, Stephen",Western Michigan,15,4,0,0,0,0,0,0
westernmichigan:matejsmolcicadam,"Matej Smolcic, Adam",Western Michigan,24,4,0,0,0,0,0,0
omaha:kellyoliver,"Kelly, Oliver",Omaha,12,4,0,0,0,0,0,0
omaha:gashojonah,"Gasho, Jonah",Omaha,3,4,0,0,0,0,0,0
universityofevansville:amicklandon,"Amick, Landon",University of Evansville,0,6,0,0,0,0,0,0
universityofevansville:johnsonconner,"Johnson, Conner",University of Evansville,00,6,0,0,0,0,0,0
universityofevansville:amohugo,"Amo, Hugo",University of Evansville,1,6,0,0,0,0,0,0
universityofevansville:seatonbrady,"Seaton, Brady",University of Evansville,99,6,0,0,0,0,0,0
universityofevansville:grantkobe,"Grant, Kobe",University of Evansville,3,6,0,0,0,0,0,0
universityofevansville:josephtolu,"Joseph, Tolu",University of Evansville,15,6,0,0,0,0,0,0
universityofevansville:harperdean,"Harper, Dean",University of Evansville,25,6,0,0,0,0,0,0
universityofevansville:mitchelldeshaun,"Mitchell, DeShaun",University of Evansville,26,6,0,0,0,0,0,0
universityofevansville:lazarskinick,"Lazarski, Nick",University of Evansville,28,6,0,0,0,0,0,0
universityofevansville:penderskyle,"Penders, Kyle",University of Evansville,29,6,0,0,0,0,0,0
universityofevansville:behemkylian,"Behem, Kylian",University of Evansville,30,6,0,0,0,0,0,0
universityofevansville:williamspeyton,"Williams, Peyton",University of Evansville,32,6,0,0,0,0,0,0
universityofevansville:iglesiascarlos,"Iglesias, Carlos",University of Evansville,33,6,0,0,0,0,0,0
universityofevansville:walteraustin,"Walter, Austin",University of Evansville,34,6,0,0,0,0,0,0
universityofevansville:amayamarlon,"Amaya, Marlon",University of Evansville,35,6,0,0,0,0,0,0
universityofevansville:hendriesean,"Hendrie, Sean",University of Evansville,36,6,0,0,0,0,0,0
universityofevansville:rossrylan,"Ross, Rylan",University of Evansville,37,6,0,0,0,0,0,0
universityofevansville:bckinggerkenaron,"Böcking Gerken, Aron",University of Evansville,88,5,0,0,0,0,0,0
southflorida:wagnerpeter,"Wagner, Peter",South Florida,0,13,0,0,0,0,0,0
southflorida:ortegajorge,"Ortega, Jorge",South Florida,1,13,0,0,0,0,0,0
southflorida:devinetim,"Devine, Tim",South Florida,31,13,0,0,0,0,0,0
southflorida:garciarenadiego,"Garciarena, Diego",South Florida,32,13,0,0,0,0,0,0
southflorida:hafthorssondagur,"Hafthorsson, Dagur",South Florida,3,13,0,0,0,0,0,0
southflorida:masontim,"Mason, Tim",South Florida,10,13,0,0,0,0,0,0
southflorida:scarglenicolas,"Scargle, Nicolas",South Florida,17,13,0,0,0,0,0,0
southflorida:scharfelddavis,"Scharfeld, Davis",South Florida,27,13,0,0,0,0,0,0
templeuniversity:olearyalex,"O'Leary, Alex",Temple University,99,15,0,0,0,0,0,0
villanova:mazzolamarcello,"Mazzola, Marcello",Villanova,16,8,0,0,0,0,0,0
villanova:tolsoncam,"Tolson, Cam",Villanova,21,8,0,0,0,0,0,0
villanova:spitznaglewill,"Spitznagle, Will",Villanova,22,8,0,0,0,0,0,0
villanova:martelliluke,"Martelli, Luke",Villanova,31,8,0,0,0,0,0,0
southcarolina:kistnerwyatt,"Kistner, Wyatt",South Carolina,24,6,0,0,0,0,0,0
southcarolina:skoglundnash,"Skoglund, Nash",South Carolina,27,6,0,0,0,0,0,0
southcarolina:gavrielpantelis,"Gavriel, Pantelis",South Carolina,77,6,0,0,0,0,0,0
northflorida:poolaakash,"Poola, Akash",North Florida,00,12,0,0,0,0,0,0
northflorida:gainsaustin,"Gains, Austin",North Florida,30,12,0,0,0,0,0,0
northflorida:wademoussa,"Wade, Moussa",North Florida,12,12,0,0,0,0,0,0
northflorida:cunhaowen,"Cunha, Owen",North Florida,24,12,0,0,0,0,0,0
northflorida:garciadiogo,"Garcia, Diogo",North Florida,25,12,0,0,0,0,0,0
northflorida:cintrafelipe,"Cintra, Felipe",North Florida,28,12,0,0,0,0,0,0
northflorida:maricsasha,"Maric, Sasha",North Florida,33,12,0,0,0,0,0,0
saintpeters:liberalchristopher,"Liberal, Christopher",Saint Peter's,23,2,0,0,0,0,0,0
saintpeters:gallegossantibanezdavid,"Gallegos-Santibanez, David",Saint Peter's,16,2,0,0,0,0,0,0
saintpeters:gallegossantibanezjuan,"Gallegos-Santibanez, Juan",Saint Peter's,18,2,0,0,0,0,0,0
akron:mccartylincoln,"McCarty, Lincoln",Akron,0,19,0,0,0,0,0,0
akron:meonoaaron,"Meono, Aaron",Akron,29,19,0,0,0,0,0,0
akron:heldkamden,"Held, Kamden",Akron,14,19,0,0,0,0,0,0
akron:orourkethomas,"O’Rourke, Thomas",Akron,24,19,0,0,0,0,0,0
drake:williamstommy,"Williams, Tommy",Drake,00,3,0,0,0,0,0,0
drake:jefferycarson,"Jeffery, Carson",Drake,0,3,0,0,0,0,0,0
drake:millerdquinn,"Millerd, Quinn",Drake,31,3,0,0,0,0,0,0
drake:espersensnorre,"Espersen, Snorre",Drake,12,3,0,0,0,0,0,0
drake:sandefurcolin,"Sandefur, Colin",Drake,17,3,0,0,0,0,0,0
drake:shepardbrayden,"Shepard, Brayden",Drake,18,3,0,0,0,0,0,0
drake:woodrobbie,"Wood, Robbie",Drake,22,3,0,0,0,0,0,0
northwestern:bosshardtjude,"Bosshardt, Jude",Northwestern,27,6,0,0,0,0,0,0
northwestern:inehjoel,"Ineh, Joel",Northwestern,18,6,0,0,0,0,0,0
northwestern:spatzekjames,"Spatzek, James",Northwestern,21,6,0,0,0,0,0,0
northwestern:cookgregory,"Cook, Gregory",Northwestern,25,6,0,0,0,0,0,0
maryland:wolcottsaxon,"Wolcott, Saxon",Maryland,0,18,0,0,0,0,0,0
maryland:thompsontravis,"Thompson, Travis",Maryland,20,18,0,0,0,0,0,0
maryland:mihalekalexi,"Mihalek, Alexi",Maryland,36,18,0,0,0,0,0,0
georgetown:demarcocharlie,"DeMarco, Charlie",Georgetown,24,13,0,0,0,0,0,0
georgetown:ahmedzayan,"Ahmed, Zayan",Georgetown,21,13,0,0,0,0,0,0
stjohns:andersondavid,"Anderson, David",St. John's,00,18,0,0,0,0,0,0
stjohns:fergusonjack,"Ferguson, Jack",St. John's,1,18,0,0,0,0,0,0
stjohns:thompsonamari,"Thompson, Amari",St. John's,36,18,0,0,0,0,0,0
stjohns:garciaisaiah,"Garcia, Isaiah",St. John's,18,18,0,0,0,0,0,0
stjohns:kyriacouchristian,"Kyriacou, Christian",St. John's,19,18,0,0,0,0,0,0
stjohns:tomlinsonkaief,"Tomlinson, Kaief",St. John's,26,18,0,0,0,0,0,0
stjohns:reynosonelson,"Reynoso, Nelson",St. John's,27,18,0,0,0,0,0,0
stjohns:henaokerby,"Henao, Kerby",St. John's,28,18,0,0,0,0,0,0
stjohns:nibogoraank,"Nibogora, Ank",St. John's,30,18,0,0,0,0,0,0
stjohns:lucerocharlie,"Lucero, Charlie",St. John's,44,18,0,0,0,0,0,0
stonybrook:carrtrevor,"Carr, Trevor",Stony Brook,30,6,0,0,0,0,0,0
stonybrook:bardalesmason,"Bardales, Mason",Stony Brook,32,6,0,0,0,0,0,0
stonybrook:bernbenjamin,"Bern, Benjamin",Stony Brook,25,6,0,0,0,0,0,0
calstatefullerton:moskowitzroi,"Moskowitz, Roi",Cal State Fullerton,2,1,0,0,0,0,0,0
calstatefullerton:rucquoisyanis,"Rucquois, Yanis",Cal State Fullerton,7,1,0,0,0,0,0,0
calstatefullerton:barrostomas,"Barros, Tomas",Cal State Fullerton,12,1,0,0,0,0,0,0
calstatefullerton:williamsmitch,"Williams, Mitch",Cal State Fullerton,13,1,0,0,0,0,0,0
calstatefullerton:griffinjedidiah,"Griffin, Jedidiah",Cal State Fullerton,14,1,0,0,0,0,0,0
calstatefullerton:bengardaiden,"Bengard, Aiden",Cal State Fullerton,16,1,0,0,0,0,0,0
calstatefullerton:naumoffjoshua,"Naumoff, Joshua",Cal State Fullerton,34,1,0,0,0,0,0,0
incarnateword:garciabrian,"Garcia, Brian",Incarnate Word,00,5,0,0,0,0,0,0
incarnateword:noblejaron,"Noble, Jaron",Incarnate Word,0,5,0,0,0,0,0,0
incarnateword:millerbenjamin,"Miller, Benjamin",Incarnate Word,1,5,0,0,0,0,0,0
incarnateword:downeycanon,"Downey, Canon",Incarnate Word,6,5,0,0,0,0,0,0
incarnateword:sotoedgar,"Soto, Edgar",Incarnate Word,7,5,0,0,0,0,0,0
incarnateword:ojebodeyusuff,"Ojebode, Yusuff",Incarnate Word,9,5,0,0,0,0,0,0
incarnateword:hendersonjosiah,"Henderson, Josiah",Incarnate Word,12,5,0,0,0,0,0,0
incarnateword:mendozacristian,"Mendoza, Cristian",Incarnate Word,14,5,0,0,0,0,0,0
incarnateword:ruizsantiago,"Ruiz, Santiago",Incarnate Word,15,5,0,0,0,0,0,0
incarnateword:watringstone,"Watring, Stone",Incarnate Word,18,3,0,0,0,0,0,0
incarnateword:aguirreleonardo,"Aguirre, Leonardo",Incarnate Word,19,5,0,0,0,0,0,0
incarnateword:ashbychase,"Ashby, Chase",Incarnate Word,32,5,0,0,0,0,0,0
easttennesseestate:mcgeesam,"McGee, Sam",East Tennessee State,0,3,0,0,0,0,0,0
easttennesseestate:ottesenanton,"Ottesen, Anton",East Tennessee State,18,3,0,0,0,0,0,0
easttennesseestate:kaplanmax,"Kaplan, Max",East Tennessee State,26,3,0,0,0,0,0,0
easttennesseestate:bowerswill,"Bowers, Will",East Tennessee State,35,3,0,0,0,0,0,0
easttennesseestate:lynchelijah,"Lynch, Elijah",East Tennessee State,16,3,0,0,0,0,0,0
easttennesseestate:moussarodrigue,"Moussa, Rodrigue",East Tennessee State,20,3,0,0,0,0,0,0
easttennesseestate:arnasonagust,"Arnason, Agust",East Tennessee State,23,3,0,0,0,0,0,0
michigan:beanalen,"Bean, Alen",Michigan,35,18,0,0,0,0,0,0
michigan:rogersquin,"Rogers, Quin",Michigan,6,18,0,0,0,0,0,0
michigan:feinsteinbenjamin,"Feinstein, Benjamin",Michigan,14,18,0,0,0,0,0,0
michigan:piersonkyle,"Pierson, Kyle",Michigan,19,18,0,0,0,0,0,0
oakland:ubaydiquentin,"Ubaydi, Quentin",Oakland,0,3,0,0,0,0,0,0
oakland:quemadajayden,"Quemada, Jayden",Oakland,1,3,0,0,0,0,0,0
oakland:thompsoncole,"Thompson, Cole",Oakland,33,3,0,0,0,0,0,0
oakland:stanajsebastian,"Stanaj, Sebastian",Oakland,34,3,0,0,0,0,0,0
oakland:combsevan,"Combs, Evan",Oakland,8,3,0,0,0,0,0,0
oakland:matuzaktyler,"Matuzak, Tyler",Oakland,16,3,0,0,0,0,0,0
oakland:aoudenour,"Aoude, Nour",Oakland,19,3,0,0,0,0,0,0
oakland:jafferali,"Jaffer, Ali",Oakland,20,3,0,0,0,0,0,0
oakland:helmlouis,"Helm, Louis",Oakland,30,2,0,0,0,0,0,0
providence:ogunsanyaabulkhayr,"Ogunsanya, Abul-Khayr",Providence,37,4,0,0,0,0,0,0
pacific:ruizhurtzmateus,"Ruiz-Hurtz, Mateus",Pacific,0,4,0,0,0,0,0,0
pacific:martinezjuan,"Martinez, Juan",Pacific,29,4,0,0,0,0,0,0
pacific:marsilimattia,"Marsili, Mattia",Pacific,30,4,0,0,0,0,0,0
pacific:aeberlilukas,"Aeberli, Lukas",Pacific,3,4,0,0,0,0,0,0
pacific:pothlennart,"Poth, Lennart",Pacific,12,4,0,0,0,0,0,0
elon:shealypatrick,"Shealy, Patrick",Elon,0,7,0,0,0,0,0,0
elon:kennedynate,"Kennedy, Nate",Elon,00,7,0,0,0,0,0,0
elon:buchholznick,"Buchholz, Nick",Elon,13,7,0,0,0,0,0,0
elon:leavittjackson,"Leavitt, Jackson",Elon,26,7,0,0,0,0,0,0
elon:dunnwilliam,"Dunn, William",Elon,18,7,0,0,0,0,0,0
elon:evanswill,"Evans, Will",Elon,24,7,0,0,0,0,0,0
elon:piercegraydon,"Pierce, Graydon",Elon,27,7,0,0,0,0,0,0
delaware:deakstephen,"Deak, Stephen",Delaware,0,6,0,0,0,0,0,0
delaware:costinbrady,"Costin, Brady",Delaware,5,6,0,0,0,0,0,0
delaware:smithsean,"Smith, Sean",Delaware,6,6,0,0,0,0,0,0
delaware:pastorerocco,"Pastore, Rocco",Delaware,20,6,0,0,0,0,0,0
saintfrancis:hadjigavrielcharis,"Hadjigavriel, Charis",Saint Francis,18,4,0,0,0,0,0,0
saintfrancis:sorensenbraeden,"Sorensen, Braeden",Saint Francis,31,4,0,0,0,0,0,0
saintfrancis:chescoedevon,"Chescoe, Devon",Saint Francis,13,4,0,0,0,0,0,0
saintfrancis:dehringaaron,"Dehring, Aaron",Saint Francis,16,4,0,0,0,0,0,0
saintfrancis:taylorcole,"Taylor, Cole",Saint Francis,24,4,0,0,0,0,0,0
saintfrancis:yeboahbennett,"Yeboah, Bennett",Saint Francis,25,4,0,0,0,0,0,0
saintfrancis:auermitchell,"Auer, Mitchell",Saint Francis,26,4,0,0,0,0,0,0
uab:ripacsar,"Ripa, César",UAB,2,6,0,0,0,0,0,0
georgiastate:wyborncj,"Wyborn, CJ",Georgia State,33,8,0,0,0,0,0,0
georgiastate:williamsnolan,"Williams, Nolan",Georgia State,12,8,0,0,0,0,0,0
georgiastate:zabalasebastian,"Zabala, Sebastian",Georgia State,16,8,0,0,0,0,0,0
georgiastate:sozadiego,"Soza, Diego",Georgia State,19,8,0,0,0,0,0,0
georgiastate:bohmsevan,"Bohms, Evan",Georgia State,31,8,0,0,0,0,0,0
loyolamarymount:hoversphilip,"Hovers, Philip",Loyola Marymount,0,7,0,0,0,0,0,0
loyolamarymount:swanryan,"Swan, Ryan",Loyola Marymount,1,7,0,0,0,0,0,0
loyolamarymount:danksdillan,"Danks, Dillan",Loyola Marymount,98,7,0,0,0,0,0,0
loyolamarymount:cunninghamokeefe,"Cunningham, Okeefe",Loyola Marymount,8,7,0,0,0,0,0,0
loyolamarymount:cluttonlewis,"Clutton, Lewis",Loyola Marymount,10,7,0,0,0,0,0,0
loyolamarymount:habovstakmathew,"Habovstak, Mathew",Loyola Marymount,16,7,0,0,0,0,0,0
loyolamarymount:marquesdecostaleander,"Marques de Costa, Leander",Loyola Marymount,28,7,0,0,0,0,0,0
loyolamarymount:vailharrison,"Vail, Harrison",Loyola Marymount,33,7,0,0,0,0,0,0
loyolamarymount:heslinreagan,"Heslin, Reagan",Loyola Marymount,35,7,0,0,0,0,0,0
fiu:wallisthomas,"Wallis, Thomas",FIU,0,5,0,0,0,0,0,0
fiu:travisowen,"Travis, Owen",FIU,3,5,0,0,0,0,0,0
fiu:ozunajp,"Ozuna, JP",FIU,20,5,0,0,0,0,0,0
fiu:sanchezdiego,"Sanchez, Diego",FIU,27,5,0,0,0,0,0,0
stetson:bennettmaxwell,"Bennett, Maxwell",Stetson,24,5,0,0,0,0,0,0
stetson:benrahouadam,"Benrahou, Adam",Stetson,21,5,0,0,0,0,0,0
stetson:quincyowen,"Quincy, Owen",Stetson,28,5,0,0,0,0,0,0
stetson:millswilliams,"Mills, Williams",Stetson,29,5,0,0,0,0,0,0
stetson:abdallahhaytham,"Abdallah, Haytham",Stetson,30,5,0,0,0,0,0,0
stetson:manningxavier,"Manning, Xavier",Stetson,35,5,0,0,0,0,0,0
eckerdcollege:wheelerbrandon,"Wheeler, Brandon",Eckerd College,30,1,0,0,0,0,0,0
eckerdcollege:brengeljannik,"Brengel, Jannik",Eckerd College,4,1,0,0,0,0,0,0
eckerdcollege:crissnick,"Criss, Nick",Eckerd College,6,1,0,0,0,0,0,0
eckerdcollege:gonzalezmanuel,"Gonzalez, Manuel",Eckerd College,8,1,0,0,0,0,0,0
eckerdcollege:berglundlucas,"Berglund, Lucas",Eckerd College,11,1,0,0,0,0,0,0
eckerdcollege:reisjuan,"Reis, Juan",Eckerd College,13,1,0,0,0,0,0,0
eckerdcollege:nygardaugust,"Nygard, August",Eckerd College,18,1,0,0,0,0,0,0
eckerdcollege:hilladam,"Hill, Adam",Eckerd College,19,1,0,0,0,0,0,0
eckerdcollege:allisonmaury,"Allison, Maury",Eckerd College,25,1,0,0,0,0,0,0
eckerdcollege:borgesjuan,"Borges, Juan",Eckerd College,28,1,0,0,0,0,0,0
monmouth:moosbruggerotto,"Moosbrugger, Otto",Monmouth,12,2,0,0,0,0,0,0
monmouth:linkmatthew,"Link, Matthew",Monmouth,30,2,0,0,0,0,0,0
monmouth:decapuakevin,"DeCapua, Kevin",Monmouth,20,2,0,0,0,0,0,0
monmouth:benschdanny,"Bensch, Danny",Monmouth,25,2,0,0,0,0,0,0
winthrop:zimbalindo,"Zimba, Lindo",Winthrop,15,6,0,0,0,0,0,0
hofstra:almanzajuand,"Almanza, Juan D.",Hofstra,13,7,0,0,0,0,0,0
hofstra:bittnerzach,"Bittner, Zach",Hofstra,32,7,0,0,0,0,0,0
hofstra:fewhugo,"Few, Hugo",Hofstra,19,7,0,0,0,0,0,0
hofstra:kershneremmett,"Kershner, Emmett",Hofstra,35,7,0,0,0,0,0,0
hofstra:murtasfabrizio,"Murtas, Fabrizio",Hofstra,37,1,0,0,0,0,0,0
manhattan:langbergryan,"Langberg, Ryan",Manhattan,12,3,0,0,0,0,0,0
manhattan:polakowskidaniel,"Polakowski, Daniel",Manhattan,26,3,0,0,0,0,0,0
manhattan:joneslucas,"Jones, Lucas",Manhattan,40,3,0,0,0,0,0,0
manhattan:manciasmaganamilton,"Mancias Magana, Milton",Manhattan,13,3,0,0,0,0,0,0
manhattan:azzopardisebastian,"Azzopardi, Sebastian",Manhattan,27,3,0,0,0,0,0,0
manhattan:mercadoisaiah,"Mercado, Isaiah",Manhattan,34,3,0,0,0,0,0,0
manhattan:garciagabe,"Garcia, Gabe",Manhattan,36,3,0,0,0,0,0,0
manhattan:ajayimorakinyo,"Ajayi, Morakinyo",Manhattan,38,3,0,0,0,0,0,0
setonhall:gemellarojustin,"Gemellaro, Justin",Seton Hall,0,16,0,0,0,0,0,0
setonhall:francamatheus,"Franca, Matheus",Seton Hall,00,16,0,0,0,0,0,0
setonhall:bofingerakira,"Bofinger, Akira",Seton Hall,27,16,0,0,0,0,0,0
ualbany:jianamamadi,"Jiana, Mamadi",UAlbany,10,4,0,0,0,0,0,0
ualbany:faizsaad,"Faiz, Saad",UAlbany,11,4,0,0,0,0,0,0
ualbany:fettbreckin,"Fett, Breckin",UAlbany,23,4,0,0,0,0,0,0
ualbany:listonriley,"Liston, Riley",UAlbany,24,4,0,0,0,0,0,0
ualbany:grillaluca,"Grilla, Luca",UAlbany,27,4,0,0,0,0,0,0
marshall:santosfelipe,"Santos, Felipe",Marshall,16,14,0,0,0,0,0,0
marshall:mahoneyadrian,"Mahoney, Adrian",Marshall,22,14,0,0,0,0,0,0
marshall:manekemax,"Maneke, Max",Marshall,25,14,0,0,0,0,0,0
marshall:demarcoeddie,"DeMarco, Eddie",Marshall,36,14,0,0,0,0,0,0
marshall:magotaeijin,"Magota, Eijin",Marshall,99,14,0,0,0,0,0,0
easternillinois:brucewilliam,"Bruce, William",Eastern Illinois,3,2,0,0,0,0,0,0
easternillinois:bumanuchralbatod,"Buman-Uchral, Bat-Od",Eastern Illinois,13,2,0,0,0,0,0,0
easternillinois:cotejackson,"Cote, Jackson",Eastern Illinois,16,2,0,0,0,0,0,0
easternillinois:toutanjilance,"Toutanji, Lance",Eastern Illinois,26,2,0,0,0,0,0,0
lindenwood:drexleralex,"Drexler, Alex",Lindenwood,33,1,0,0,0,0,0,0
lindenwood:scheiberhudson,"Scheiber, Hudson",Lindenwood,21,1,0,0,0,0,0,0
lindenwood:bootheseb,"Boothe, Seb",Lindenwood,25,1,0,0,0,0,0,0
lindenwood:segevtal,"Segev, Tal",Lindenwood,27,1,0,0,0,0,0,0
airforce:depperocco,"Deppe, Rocco",Air Force,33,11,0,0,0,0,0,0
oralroberts:urarikiya,"Ura, Rikiya",Oral Roberts,0,4,0,0,0,0,0,0
oralroberts:londonomiguel,"Londono, Miguel",Oral Roberts,2,4,0,0,0,0,0,0
oralroberts:dekicrastko,"Dekic, Rastko",Oral Roberts,4,4,0,0,0,0,0,0
oralroberts:flakmateusz,"Flak, Mateusz",Oral Roberts,8,4,0,0,0,0,0,0
oralroberts:rositojoao,"Rosito, Joao",Oral Roberts,17,4,0,0,0,0,0,0
oralroberts:kampambajedidiah,"Kampamba, Jedidiah",Oral Roberts,21,4,0,0,0,0,0,0
oralroberts:padillapato,"Padilla, Pato",Oral Roberts,26,4,0,0,0,0,0,0
oralroberts:ulloapierre,"Ulloa, Pierre",Oral Roberts,28,4,0,0,0,0,0,0
dartmouthcollege:buchanandylan,"Buchanan, Dylan",Dartmouth College,0,14,0,0,0,0,0,0
dartmouthcollege:mcphersonmatt,"McPherson, Matt",Dartmouth College,40,14,0,0,0,0,0,0
dartmouthcollege:hadjugeorgiousymeon,"Hadjugeorgiou, Symeon",Dartmouth College,6,1,0,0,0,0,0,0
dartmouthcollege:mysiukdavid,"Mysiuk, David",Dartmouth College,30,14,0,0,0,0,0,0
grandcanyon:kulhanekcole,"Kulhanek, Cole",Grand Canyon,0,4,0,0,0,0,0,0
grandcanyon:ficekwillem,"Ficek, Willem",Grand Canyon,31,4,0,0,0,0,0,0
grandcanyon:maurothomas,"Mauro, Thomas",Grand Canyon,99,4,0,0,0,0,0,0
grandcanyon:gonzalezaner,"Gonzalez, Aner",Grand Canyon,15,4,0,0,0,0,0,0
grandcanyon:adamshays,"Adams, Hays",Grand Canyon,21,4,0,0,0,0,0,0
grandcanyon:wikenoah,"Wike, Noah",Grand Canyon,22,4,0,0,0,0,0,0
grandcanyon:mendozalorenzo,"Mendoza, Lorenzo",Grand Canyon,27,4,0,0,0,0,0,0
grandcanyon:vonmarcus,"Von, Marcus",Grand Canyon,30,4,0,0,0,0,0,0
yale:osgavaughan,"Osga, Vaughan",Yale,12,8,0,0,0,0,0,0
yale:bullowen,"Bull, Owen",Yale,15,8,0,0,0,0,0,0
yale:schwartzfelipe,"Schwartz, Felipe",Yale,17,8,0,0,0,0,0,0
yale:renforthluke,"Renforth, Luke",Yale,18,8,0,0,0,0,0,0
yale:millsryder,"Mills, Ryder",Yale,30,8,0,0,0,0,0,0
detroit:monroecolin,"Monroe, Colin",Detroit,0,1,0,0,0,0,0,0
detroit:sulcviktor,"Sulc, Viktor",Detroit,40,1,0,0,0,0,0,0
detroit:mcmahoncarter,"McMahon, Carter",Detroit,00,1,0,0,0,0,0,0
detroit:kostostephen,"Kosto, Stephen",Detroit,2,1,0,0,0,0,0,0
detroit:hudakfisher,"Hudak, Fisher",Detroit,5,1,0,0,0,0,0,0
detroit:diacalex,"Diac, Alex",Detroit,6,1,0,0,0,0,0,0
detroit:jannounsaeid,"Jannoun, Saeid",Detroit,9,1,0,0,0,0,0,0
detroit:speensamuel,"Speen, Samuel",Detroit,14,1,0,0,0,0,0,0
detroit:zelejitravis,"Zeleji, Travis",Detroit,15,1,0,0,0,0,0,0
detroit:moodyryan,"Moody, Ryan",Detroit,16,1,0,0,0,0,0,0
detroit:iaquaniellojoey,"Iaquaniello, Joey",Detroit,19,1,0,0,0,0,0,0
detroit:towersjackson,"Towers, Jackson",Detroit,21,1,0,0,0,0,0,0
detroit:morogalvezrafael,"Moro Galvez, Rafael",Detroit,24,1,0,0,0,0,0,0
detroit:akeelzain,"Akeel, Zain",Detroit,29,1,0,0,0,0,0,0
princeton:salernonathan,"Salerno, Nathan",Princeton,35,16,0,0,0,0,0,0
princeton:klinenbergcyrus,"Klinenberg, Cyrus",Princeton,3,16,0,0,0,0,0,0
brown:brownetimi,"Browne, Timi",Brown,21,16,0,0,0,0,0,0
brown:hanheechan,"Han, Heechan",Brown,22,16,0,0,0,0,0,0
lehigh:armitagecalan,"Armitage, Calan",Lehigh,0,11,0,0,0,0,0,0
lehigh:kinnunenanton,"Kinnunen, Anton",Lehigh,31,11,0,0,0,0,0,0
lehigh:cosseathanasios,"Cosse, Athanasios",Lehigh,8,11,0,0,0,0,0,0
lehigh:mazzellagennaro,"Mazzella, Gennaro",Lehigh,9,11,0,0,0,0,0,0
lehigh:smajlajpaul,"Smajlaj, Paul",Lehigh,23,11,0,0,0,0,0,0
columbiauniversity:sonthaliajay,"Sonthalia, Jay",Columbia University,33,13,0,0,0,0,0,0
columbiauniversity:atiencialyon,"Atiencia, Lyon",Columbia University,18,13,0,0,0,0,0,0
columbiauniversity:greissmanjesse,"Greissman, Jesse",Columbia University,26,13,0,0,0,0,0,0
columbiauniversity:carnoywill,"Carnoy, Will",Columbia University,29,13,0,0,0,0,0,0
georgemason:mohamedahmed,"Mohamed, Ahmed",George Mason,2,5,0,0,0,0,0,0
georgemason:silveiragabriel,"Silveira, Gabriel",George Mason,7,5,0,0,0,0,0,0
georgemason:francogianluca,"Franco, Gianluca",George Mason,11,5,0,0,0,0,0,0
georgemason:derousselthomas,"DeRoussel, Thomas",George Mason,12,5,0,0,0,0,0,0
georgemason:fieldsbrent,"Fields, Brent",George Mason,15,5,0,0,0,0,0,0
georgemason:trakszelismatthew,"Trakszelis, Matthew",George Mason,20,5,0,0,0,0,0,0
georgemason:ahmedzayyan,"Ahmed, Zayyan",George Mason,22,5,0,0,0,0,0,0
georgemason:crittendendavis,"Crittenden, Davis",George Mason,24,5,0,0,0,0,0,0
georgemason:sirenanton,"Siren, Anton",George Mason,25,5,0,0,0,0,0,0
georgemason:morrobeljoshua,"Morrobel, Joshua",George Mason,30,5,0,0,0,0,0,0
williammary:gormanjack,"Gorman, Jack",William & Mary,00,4,0,0,0,0,0,0
williammary:sobtikaran,"Sobti, Karan",William & Mary,22,4,0,0,0,0,0,0
williammary:smithpeyton,"Smith, Peyton",William & Mary,6,4,0,0,0,0,0,0
williammary:prawidloethan,"Prawidlo, Ethan",William & Mary,10,4,0,0,0,0,0,0
williammary:kjaervictor,"Kjaer, Victor",William & Mary,17,4,0,0,0,0,0,0
williammary:ngohstefan,"Ngoh, Stefan",William & Mary,23,4,0,0,0,0,0,0
williammary:hagenowen,"Hagen, Owen",William & Mary,24,4,0,0,0,0,0,0
bradley:carraodante,"Carrao, Dante",Bradley,00,3,0,0,0,0,0,0
bradley:waiteaustin,"Waite, Austin",Bradley,27,3,0,0,0,0,0,0
bradley:marchantchristopher,"Marchant, Christopher",Bradley,25,2,0,0,0,0,0,0
bradley:reyesivan,"Reyes, Ivan",Bradley,30,3,0,0,0,0,0,0
bradley:grahamtommy,"Graham, Tommy",Bradley,32,3,0,0,0,0,0,0
bradley:isomnathaniel,"Isom, Nathaniel",Bradley,34,3,0,0,0,0,0,0
bradley:sanchezandrew,"Sanchez, Andrew",Bradley,35,3,0,0,0,0,0,0
csubakersfield:lombanajeshua,"Lombana, Jeshua",CSU Bakersfield,30,2,0,0,0,0,0,0
csubakersfield:mirelesdiego,"Mireles, Diego",CSU Bakersfield,5,2,0,0,0,0,0,0
csubakersfield:acevesalec,"Aceves, Alec",CSU Bakersfield,13,2,0,0,0,0,0,0
csubakersfield:toppilasebastian,"Toppila, Sebastian",CSU Bakersfield,15,2,0,0,0,0,0,0
csubakersfield:aguilardejan,"Aguilar, Dejan",CSU Bakersfield,18,2,0,0,0,0,0,0
csubakersfield:erwinben,"Erwin, Ben",CSU Bakersfield,27,2,0,0,0,0,0,0
merrimackcollege:sullivankyle,"Sullivan, Kyle",Merrimack College,0,2,0,0,0,0,0,0
merrimackcollege:mackinian,"Mackin, Ian",Merrimack College,19,2,0,0,0,0,0,0
averett:ferrisdavid,"Ferris, David",Averett,98,1,0,0,0,0,0,0
averett:alvarezdelrioalvaro,"Alvarez del Rio, Alvaro",Averett,3,1,0,0,0,0,0,0
averett:jarabajuan,"Jaraba, Juan",Averett,5,1,0,0,0,0,0,0
averett:bradleyhudson,"Bradley, Hudson",Averett,11,1,0,0,0,0,0,0
averett:sollicarlos,"Solli, Carlos",Averett,15,1,0,0,0,0,0,0
averett:lehmannelias,"Lehmann, Elias",Averett,22,1,0,0,0,0,0,0
averett:jarabaagustin,"Jaraba, Agustin",Averett,24,1,0,0,0,0,0,0
averett:amoakotyrese,"Amoako, Tyrese",Averett,27,1,0,0,0,0,0,0
averett:allerwade,"Aller, Wade",Averett,28,1,0,0,0,0,0,0
averett:breennicholas,"Breen, Nicholas",Averett,32,1,0,0,0,0,0,0
averett:starrdaniel,"Starr, Daniel",Averett,33,1,0,0,0,0,0,0
belmontuniversity:kipleymiles,"Kipley, Miles",Belmont University,0,4,0,0,0,0,0,0
belmontuniversity:vinsondrew,"Vinson, Drew",Belmont University,33,4,0,0,0,0,0,0
belmontuniversity:schlegelethan,"Schlegel, Ethan",Belmont University,27,4,0,0,0,0,0,0
liu:villacisjonathan,"Villacis, Jonathan",LIU,0,1,0,0,0,0,0,0
liu:marottaandrew,"Marotta, Andrew",LIU,30,1,0,0,0,0,0,0
liu:cerratojoe,"Cerrato, Joe",LIU,3,1,0,0,0,0,0,0
liu:lesniewskiadam,"Lesniewski, Adam",LIU,6,1,0,0,0,0,0,0
liu:guardadojeremy,"Guardado, Jeremy",LIU,12,1,0,0,0,0,0,0
liu:salinasmathew,"Salinas, Mathew",LIU,22,1,0,0,0,0,0,0
liu:riganojoseph,"Rigano, Joseph",LIU,24,1,0,0,0,0,0,0
liu:fossjordan,"Foss, Jordan",LIU,25,1,0,0,0,0,0,0
liu:kodymkuba,"Kodym, Kuba",LIU,26,1,0,0,0,0,0,0
liu:khosravicyrus,"Khosravi, Cyrus",LIU,27,1,0,0,0,0,0,0
liu:shinkyumin,"Shin, Kyumin",LIU,34,1,0,0,0,0,0,0
bartoncollege:kiddtripp,"Kidd, Tripp",Barton College,0,1,0,0,0,0,0,0
bartoncollege:agostinellidevin,"Agostinelli, Devin",Barton College,99,1,0,0,0,0,0,0
bartoncollege:motleyguy,"Motley, Guy",Barton College,4,1,0,0,0,0,0,0
bartoncollege:hagstrombryce,"Hagstrom, Bryce",Barton College,12,1,0,0,0,0,0,0
bartoncollege:jimenezgomezjorge,"Jimenez Gomez, Jorge",Barton College,13,1,0,0,0,0,0,0
bartoncollege:nordhagenlued,"Nordhagen, Lued",Barton College,16,1,0,0,0,0,0,0
bartoncollege:grovecole,"Grove, Cole",Barton College,18,1,0,0,0,0,0,0
bartoncollege:gonzalezeddie,"Gonzalez, Eddie",Barton College,19,1,0,0,0,0,0,0
bartoncollege:stockfishjannick,"Stockfish, Jannick",Barton College,20,1,0,0,0,0,0,0
bartoncollege:martinezjrgabriel,"Martinez, Jr., Gabriel",Barton College,26,1,0,0,0,0,0,0
bartoncollege:bucekrowen,"Bucek, Rowen",Barton College,27,1,0,0,0,0,0,0
bartoncollege:rahmaniendi,"Rahmani, Endi",Barton College,28,1,0,0,0,0,0,0
bartoncollege:bullockcaleb,"Bullock, Caleb",Barton College,29,1,0,0,0,0,0,0
bartoncollege:coxjacob,"Cox, Jacob",Barton College,30,1,0,0,0,0,0,0
bartoncollege:lesterrichard,"Lester, Richard",Barton College,31,1,0,0,0,0,0,0
bartoncollege:reesconnor,"Rees, Connor",Barton College,32,1,0,0,0,0,0,0
bartoncollege:londonnoah,"London, Noah",Barton College,34,1,0,0,0,0,0,0
bartoncollege:navarmoises,"Navar, Moises",Barton College,35,1,0,0,0,0,0,0
bartoncollege:creightonron,"Creighton, Ron",Barton College,36,1,0,0,0,0,0,0
bartoncollege:oulletteluke,"Oullette, Luke",Barton College,38,1,0,0,0,0,0,0
bartoncollege:stewardkaleb,"Steward, Kaleb",Barton College,39,1,0,0,0,0,0,0
bartoncollege:cartmilljake,"Cartmill, Jake",Barton College,40,1,0,0,0,0,0,0
bartoncollege:nunezanthony,"Nunez, Anthony",Barton College,41,1,0,0,0,0,0,0
bartoncollege:chavezcarlos,"Chavez, Carlos",Barton College,42,1,0,0,0,0,0,0
bartoncollege:tadalanalex,"Tadalan, Alex",Barton College,43,1,0,0,0,0,0,0
bartoncollege:marchmanjackson,"Marchman, Jackson",Barton College,44,1,0,0,0,0,0,0
bartoncollege:smallcameron,"Small, Cameron",Barton College,45,1,0,0,0,0,0,0
bartoncollege:coombsgeritt,"Coombs, Geritt",Barton College,46,1,0,0,0,0,0,0
bartoncollege:jordancameron,"Jordan, Cameron",Barton College,47,1,0,0,0,0,0,0
bartoncollege:mendezmario,"Mendez, Mario",Barton College,48,1,0,0,0,0,0,0
bartoncollege:mcalduffdawson,"McAlduff, Dawson",Barton College,49,1,0,0,0,0,0,0
uncasheville:najarroadrian,"Najarro, Adrian",UNC Asheville,0,8,0,0,0,0,0,0
uncasheville:barroslucca,"Barros, Lucca",UNC Asheville,30,5,0,0,0,0,0,0
uncasheville:bengdsaj,"Bengds, A.J.",UNC Asheville,31,8,0,0,0,0,0,0
uncasheville:erikssonconradryu,"Eriksson, Conrad Ryu",UNC Asheville,3,8,0,0,0,0,0,0
uncasheville:gummeraiden,"Gummer, Aiden",UNC Asheville,15,8,0,0,0,0,0,0
uncasheville:howesam,"Howe, Sam",UNC Asheville,18,8,0,0,0,0,0,0
uncasheville:minnecijackson,"Minneci, Jackson",UNC Asheville,22,8,0,0,0,0,0,0
uncasheville:kenyonjack,"Kenyon, Jack",UNC Asheville,32,8,0,0,0,0,0,0
uncasheville:montininathan,"Montini, Nathan",UNC Asheville,35,8,0,0,0,0,0,0
vmi:bouchachiazacharia,"Bouchachia, Zacharia",VMI,10,3,0,0,0,0,0,0
vmi:sistaadhbuth,"Sista, Adhbuth",VMI,13,3,0,0,0,0,0,0
vmi:bornsteinluke,"Bornstein, Luke",VMI,20,3,0,0,0,0,0,0
vmi:millerjack,"Miller, Jack",VMI,29,3,0,0,0,0,0,0
indiana:johnsencooper,"Johnsen, Cooper",Indiana,30,17,0,0,0,0,0,0
indiana:montoureaidan,"Montoure, Aidan",Indiana,32,17,0,0,0,0,0,0
indiana:brownholden,"Brown, Holden",Indiana,99,17,0,0,0,0,0,0
indiana:demianjoel,"Demian, Joel",Indiana,3,17,0,0,0,0,0,0
indiana:bezerraluka,"Bezerra, Luka",Indiana,15,17,0,0,0,0,0,0
indiana:shrefflerjustin,"Shreffler, Justin",Indiana,17,17,0,0,0,0,0,0
indiana:gaydoshdrew,"Gaydosh, Drew",Indiana,26,17,0,0,0,0,0,0
indiana:kinsellanolan,"Kinsella, Nolan",Indiana,27,17,0,0,0,0,0,0
indiana:imparatomiles,"Imparato, Miles",Indiana,33,17,0,0,0,0,0,0
indiana:thompsondrew,"Thompson, Drew",Indiana,36,17,0,0,0,0,0,0
airforce:njanteboris,"Njante, Boris",Air Force,32,3,0,0,0,0,0,0
mercyhurst:jedlickawill,"Jedlicka, Will",Mercyhurst,0,3,0,0,0,0,0,0
mercyhurst:kristiannick,"Kristian, Nick",Mercyhurst,40,3,0,0,0,0,0,0
mercyhurst:falkcole,"Falk, Cole",Mercyhurst,41,3,0,0,0,0,0,0
mercyhurst:larickconnor,"Larick, Connor",Mercyhurst,42,3,0,0,0,0,0,0
mercyhurst:ignasonjohannes,"Ignason, Johannes",Mercyhurst,3,3,0,0,0,0,0,0
mercyhurst:rosaavelino,"Rosa, Avelino",Mercyhurst,5,3,0,0,0,0,0,0
mercyhurst:greggsdylan,"Greggs, Dylan",Mercyhurst,15,3,0,0,0,0,0,0
mercyhurst:jacksontyusjalen,"Jackson-Tyus, Jalen",Mercyhurst,22,3,0,0,0,0,0,0
mercyhurst:shawpaul,"Shaw, Paul",Mercyhurst,24,3,0,0,0,0,0,0
mercyhurst:massarodominic,"Massaro, Dominic",Mercyhurst,25,3,0,0,0,0,0,0
mercyhurst:liessiiblaise,"Liess II, Blaise",Mercyhurst,26,3,0,0,0,0,0,0
mercyhurst:resnickjohnny,"Resnick, Johnny",Mercyhurst,27,3,0,0,0,0,0,0
mercyhurst:trappluis,"Trapp, Luis",Mercyhurst,29,3,0,0,0,0,0,0
mercyhurst:rimmerjared,"Rimmer, Jared",Mercyhurst,31,3,0,0,0,0,0,0
mercyhurst:hakeljustin,"Hakel, Justin",Mercyhurst,32,3,0,0,0,0,0,0
mercyhurst:rehwaldtcollin,"Rehwaldt, Collin",Mercyhurst,33,3,0,0,0,0,0,0
mercyhurst:burrowsmichael,"Burrows, Michael",Mercyhurst,35,3,0,0,0,0,0,0
mercyhurst:garnicavladimir,"Garnica, Vladimir",Mercyhurst,36,3,0,0,0,0,0,0
mercyhurst:dempseygriffin,"Dempsey, Griffin",Mercyhurst,37,3,0,0,0,0,0,0
mercyhurst:chapmanaustin,"Chapman, Austin",Mercyhurst,38,3,0,0,0,0,0,0
mercyhurst:leeathan,"Lee, Athan",Mercyhurst,39,3,0,0,0,0,0,0
mercyhurst:lopesgustavo,"Lopes, Gustavo",Mercyhurst,43,3,0,0,0,0,0,0
mercyhurst:hudanoah,"Huda, Noah",Mercyhurst,45,3,0,0,0,0,0,0
mercyhurst:makinjoshua,"Makin, Joshua",Mercyhurst,46,3,0,0,0,0,0,0
mercyhurst:damicoconnor,"D'Amico, Connor",Mercyhurst,47,3,0,0,0,0,0,0
mercyhurst:diaznick,"Diaz, Nick",Mercyhurst,50,3,0,0,0,0,0,0
mercyhurst:kombekyungu,"Kombe, Kyungu",Mercyhurst,51,3,0,0,0,0,0,0
mercyhurst:ruthevan,"Ruth, Evan",Mercyhurst,52,3,0,0,0,0,0,0
mercyhurst:harringtonnick,"Harrington, Nick",Mercyhurst,53,3,0,0,0,0,0,0
mercyhurst:gesalmandrezdan,"Gesalman, Drezdan",Mercyhurst,55,3,0,0,0,0,0,0
mercyhurst:bolinparker,"Bolin, Parker",Mercyhurst,59,3,0,0,0,0,0,0
ucriverside:obrienkeegan,"O'Brien, Keegan",UC Riverside,30,9,0,0,0,0,0,0
ucriverside:ramirezalfonso,"Ramirez, Alfonso",UC Riverside,17,9,0,0,0,0,0,0
ucriverside:tendaleace,"Tendale, Ace",UC Riverside,18,9,0,0,0,0,0,0
ucriverside:morenojason,"Moreno, Jason",UC Riverside,34,9,0,0,0,0,0,0
ucriverside:wadanoa,"Wada, Noa",UC Riverside,35,9,0,0,0,0,0,0
umasslowell:digiorgiodaniele,"Di Giorgio, Daniele",UMass Lowell,1,3,0,0,0,0,0,0
umasslowell:henryadam,"Henry, Adam",UMass Lowell,74,3,0,0,0,0,0,0
umasslowell:wohlthenry,"Wohlt, Henry",UMass Lowell,25,3,0,0,0,0,0,0
umasslowell:hwangjunyoung,"Hwang, Junyoung",UMass Lowell,29,3,0,0,0,0,0,0
bellarmine:nilssonhannes,"Nilsson, Hannes",Bellarmine,36,1,0,0,0,0,0,0
bellarmine:thompsongavin,"Thompson, Gavin",Bellarmine,50,1,0,0,0,0,0,0
bellarmine:voulgarismichael,"Voulgaris, Michael",Bellarmine,6,1,0,0,0,0,0,0
bellarmine:gribblesawyer,"Gribble, Sawyer",Bellarmine,13,1,0,0,0,0,0,0
bellarmine:kirnbennett,"Kirn, Bennett",Bellarmine,15,1,0,0,0,0,0,0
bellarmine:gondaluke,"Gonda, Luke",Bellarmine,16,1,0,0,0,0,0,0
bellarmine:doglioliignacio,"Doglioli, Ignacio",Bellarmine,32,1,0,0,0,0,0,0
bellarmine:chmielowicznathaniel,"Chmielowicz, Nathaniel",Bellarmine,38,1,0,0,0,0,0,0
bellarmine:rinconalessandro,"Rincon, Alessandro",Bellarmine,40,1,0,0,0,0,0,0
bellarmine:mccameyjimmy,"McCamey, Jimmy",Bellarmine,41,1,0,0,0,0,0,0
lemoynecollege:bordenscott,"Borden, Scott",Le Moyne College,31,1,0,0,0,0,0,0
lemoynecollege:huskicaaron,"Huskic, Aaron",Le Moyne College,16,1,0,0,0,0,0,0
lemoynecollege:burnsconnor,"Burns, Connor",Le Moyne College,18,1,0,0,0,0,0,0
lemoynecollege:ludemannfelix,"Ludemann, Felix",Le Moyne College,23,1,0,0,0,0,0,0
lemoynecollege:grangeraiden,"Granger, Aiden",Le Moyne College,27,1,0,0,0,0,0,0
etsu:mcgeesam,"McGee, Sam",ETSU,0,2,0,0,0,0,0,0
etsu:ottesenanton,"Ottesen, Anton",ETSU,18,2,0,0,0,0,0,0
etsu:kaplanmax,"Kaplan, Max",ETSU,26,2,0,0,0,0,0,0
etsu:lynchelijah,"Lynch, Elijah",ETSU,16,2,0,0,0,0,0,0
etsu:moussarodrigue,"Moussa, Rodrigue",ETSU,20,2,0,0,0,0,0,0
etsu:arnasonagust,"Arnason, Agust",ETSU,23,2,0,0,0,0,0,0
furman:horvativan,"Horvat, Ivan",Furman,30,5,0,0,0,0,0,0
furman:laplacaandrew,"Laplaca, Andrew",Furman,31,5,0,0,0,0,0,0
furman:mehtadevansh,"Mehta, Devansh",Furman,8,5,0,0,0,0,0,0
furman:deanbeck,"Dean, Beck",Furman,26,5,0,0,0,0,0,0
furman:gyamfiklein,"Gyamfi, Klein",Furman,27,5,0,0,0,0,0,0
uncwilmington:hirdblake,"Hird, Blake",UNC Wilmington,16,6,0,0,0,0,0,0
uncwilmington:albhagdadiaymane,"Al-Bhagdadi, Aymane",UNC Wilmington,25,6,0,0,0,0,0,0
uncwilmington:yatesethan,"Yates, Ethan",UNC Wilmington,26,6,0,0,0,0,0,0
uncwilmington:andrewsellington,"Andrews, Ellington",UNC Wilmington,27,6,0,0,0,0,0,0
massachusetts:lindendean,"Linden, Dean",Massachusetts,0,1,0,0,0,0,0,0
massachusetts:mcgranelance,"McGrane, Lance",Massachusetts,30,1,0,0,0,0,0,0
massachusetts:fernandezdavilasean,"Fernandez-Davila, Sean",Massachusetts,24,1,0,0,0,0,0,0
bucknell:alphenrex,"Alphen, Rex",Bucknell,0,14,0,0,0,0,0,0
bucknell:blodgettandrew,"Blodgett, Andrew",Bucknell,1,14,0,0,0,0,0,0
utahvalley:thorpecharlie,"Thorpe, Charlie",Utah Valley,18,1,0,0,0,0,0,0
utahvalley:valdezaustin,"Valdez, Austin",Utah Valley,24,1,0,0,0,0,0,0
utahvalley:martinezariel,"Martinez, Ariel",Utah Valley,34,1,0,0,0,0,0,0
utahvalley:millsaden,"Mills, Aden",Utah Valley,44,1,0,0,0,0,0,0
utahvalley:medinajackson,"Medina, Jackson",Utah Valley,54,1,0,0,0,0,0,0
utahvalley:sayawusharif,"Sayawu, Sharif",Utah Valley,11,1,0,0,0,0,0,0
utahvalley:dengjacob,"Deng, Jacob",Utah Valley,12,1,0,0,0,0,0,0
utahvalley:pereiraowen,"Pereira, Owen",Utah Valley,22,1,0,0,0,0,0,0
utahvalley:valoislucas,"Valois, Lucas",Utah Valley,28,1,0,0,0,0,0,0
utahvalley:cartertyson,"Carter, Tyson",Utah Valley,33,1,0,0,0,0,0,0
utahvalley:bastianblake,"Bastian, Blake",Utah Valley,35,1,0,0,0,0,0,0
bradley:pettinarolifrances,"Pettinaroli, Frances",Bradley,22,1,0,0,0,0,0,0
bradley:marchantchristophe,"Marchant, Christophe",Bradley,25,1,0,0,0,0,0,0
fdu:bejaranodavid,"Bejarano, David",FDU,0,3,0,0,0,0,0,0
fdu:hersomnate,"Hersom, Nate",FDU,1,4,0,0,0,0,0,0
fdu:ventoalejandro,"Vento, Alejandro",FDU,18,4,0,0,0,0,0,0
fdu:gomezalexis,"Gomez, Alexis",FDU,20,3,0,0,0,0,0,0
fdu:leesamjusten,"Lee-Sam, Justen",FDU,27,4,0,0,0,0,0,0
fdu:maorkai,"Maor, Kai",FDU,28,4,0,0,0,0,0,0
fdu:scavallajustin,"Scavalla, Justin",FDU,35,4,0,0,0,0,0,0
syracuse:bikyeombeaboykye,"Bikyeombe, Aboykye",Syracuse,23,2,0,0,0,0,0,0
virginia:tunkscaleb,"Tunks, Caleb",Virginia,00,5,0,0,0,0,0,0
virginia:gallaghercolin,"Gallagher, Colin",Virginia,30,5,0,0,0,0,0,0
virginia:sandersonspencer,"Sanderson, Spencer",Virginia,99,5,0,0,0,0,0,0
virginia:ebbingewillem,"Ebbinge, Willem",Virginia,16,5,0,0,0,0,0,0
virginia:socasgarrett,"Socas, Garrett",Virginia,24,5,0,0,0,0,0,0
virginia:maryatdonovan,"Maryat, Donovan",Virginia,25,5,0,0,0,0,0,0
virginia:salleyamari,"Salley, Amari",Virginia,26,5,0,0,0,0,0,0
virginia:thissellmatthew,"Thissell, Matthew",Virginia,28,5,0,0,0,0,0,0
virginia:rhoumaryassine,"Rhoumar, Yassine",Virginia,29,5,0,0,0,0,0,0
virginia:kobbyadoboemiguel,"Kobby Adoboe, Miguel",Virginia,34,5,0,0,0,0,0,0
virginia:kantebakary,"Kante, Bakary",Virginia,38,5,0,0,0,0,0,0
virginia:akwaboahjed,"Akwaboah, Jed",Virginia,39,5,0,0,0,0,0,0
virginia:huntermatthew,"Hunter, Matthew",Virginia,46,5,0,0,0,0,0,0
notredame:cornellowen,"Cornell, Owen",Notre Dame,1,4,0,0,0,0,0,0
notredame:borsowyatt,"Borso, Wyatt",Notre Dame,9,4,0,0,0,0,0,0
notredame:rossimichael,"Rossi, Michael",Notre Dame,19,4,0,0,0,0,0,0
notredame:hildenbrady,"Hilden, Brady",Notre Dame,20,4,0,0,0,0,0,0
notredame:legendrenicholas,"Legendre, Nicholas",Notre Dame,28,4,0,0,0,0,0,0
gardnerwebb:bonzattoroman,"Bonzatto, Roman",Gardner-Webb,4,2,0,0,0,0,0,0
fgcu:dahllinus,"Dahl, Linus",FGCU,6,1,0,0,0,0,0,0
fgcu:murguiaedson,"Murguia, Edson",FGCU,10,1,0,0,0,0,0,0
fgcu:retzercharlie,"Retzer, Charlie",FGCU,18,1,0,0,0,0,0,0
fgcu:heronryan,"Heron, Ryan",FGCU,23,1,0,0,0,0,0,0
fgcu:saundersbarrett,"Saunders, Barrett",FGCU,25,1,0,0,0,0,0,0
penn:coffeyaidan,"Coffey, Aidan",Penn,25,7,0,0,0,0,0,0
penn:howarddavid,"Howard, David",Penn,30,7,0,0,0,0,0,0
penn:kathiresannik,"Kathiresan, Nik",Penn,21,7,0,0,0,0,0,0
penn:shinetim,"Shine, Tim",Penn,28,7,0,0,0,0,0,0
penn:haynescarter,"Haynes, Carter",Penn,32,7,0,0,0,0,0,0
penn:kuechleradam,"Kuechler, Adam",Penn,33,7,0,0,0,0,0,0
penn:kellywill,"Kelly, Will",Penn,35,7,0,0,0,0,0,0
penn:weirpatrick,"Weir, Patrick",Penn,36,7,0,0,0,0,0,0
penn:feinmancarter,"Feinman, Carter",Penn,38,7,0,0,0,0,0,0
centralconnecticut:lajoiejoe,"Lajoie, Joe",Central Connecticut,25,1,0,0,0,0,0,0
centralconnecticut:laynejulian,"Layne, Julian",Central Connecticut,26,1,0,0,0,0,0,0
centralconnecticut:torreschristian,"Torres, Christian",Central Connecticut,31,1,0,0,0,0,0,0
centralconnecticut:delimaphilip,"DeLima, Philip",Central Connecticut,8,1,0,0,0,0,0,0
centralconnecticut:frackjared,"Frack, Jared",Central Connecticut,10,1,0,0,0,0,0,0
centralconnecticut:potentigiulio,"Potenti, Giulio",Central Connecticut,11,1,0,0,0,0,0,0
centralconnecticut:vallejojustin,"Vallejo, Justin",Central Connecticut,17,1,0,0,0,0,0,0
centralconnecticut:gallaghercaden,"Gallagher, Caden",Central Connecticut,19,1,0,0,0,0,0,0
centralconnecticut:tatajoey,"Tata, Joey",Central Connecticut,20,1,0,0,0,0,0,0
centralconnecticut:rivasjustin,"Rivas, Justin",Central Connecticut,21,1,0,0,0,0,0,0
centralconnecticut:bravadogavin,"Bravado, Gavin",Central Connecticut,22,1,0,0,0,0,0,0
centralconnecticut:gikasjohannes,"Gikas, Johannes",Central Connecticut,29,1,0,0,0,0,0,0
detroitmercy:mcmahoncarter,"McMahon, Carter",Detroit Mercy,00,1,0,0,0,0,0,0
detroitmercy:zelejitravis,"Zeleji, Travis",Detroit Mercy,15,1,0,0,0,0,0,0
detroitmercy:towersjackson,"Towers, Jackson",Detroit Mercy,21,1,0,0,0,0,0,0
detroitmercy:morogalvezrafael,"Moro Galvez, Rafael",Detroit Mercy,24,1,0,0,0,0,0,0
kentucky:kronalex,"Kron, Alex",Kentucky,34,10,0,0,0,0,0,0
kentucky:millermax,"Miller, Max",Kentucky,3,10,0,0,0,0,0,0
kentucky:dettyely,"Detty, Ely",Kentucky,20,10,0,0,0,0,0,0
kentucky:muffolinijoseph,"Muffolini, Joseph",Kentucky,26,10,0,0,0,0,0,0
rideruniversity:skrockitom,"Skrocki, Tom",Rider University,3,2,0,0,0,0,0,0
rideruniversity:arndtleo,"Arndt, Leo",Rider University,6,2,0,0,0,0,0,0
wofford:raffgavin,"Raff, Gavin",Wofford,0,5,0,0,0,0,0,0
wofford:burgessjosh,"Burgess, Josh",Wofford,30,5,0,0,0,0,0,0
wofford:barneswalker,"Barnes, Walker",Wofford,32,5,0,0,0,0,0,0
wofford:porcorokaleb,"Porcoro, Kaleb",Wofford,36,5,0,0,0,0,0,0
wofford:nicollkyle,"Nicoll, Kyle",Wofford,40,5,0,0,0,0,0,0
wofford:sheaemmett,"Shea, Emmett",Wofford,8,5,0,0,0,0,0,0
wofford:cardellaaidan,"Cardella, Aidan",Wofford,11,5,0,0,0,0,0,0
wofford:sinaniona,"Sinani, Ona",Wofford,14,5,0,0,0,0,0,0
wofford:rodriguezjacob,"Rodriguez, Jacob",Wofford,19,5,0,0,0,0,0,0
wofford:wagnerjudd,"Wagner, Judd",Wofford,20,5,0,0,0,0,0,0
wofford:morenoalejandro,"Moreno, Alejandro",Wofford,24,5,0,0,0,0,0,0
wofford:velapaolo,"Vela, Paolo",Wofford,26,5,0,0,0,0,0,0
wofford:myersleo,"Myers, Leo",Wofford,27,5,0,0,0,0,0,0
wofford:haddadcarsten,"Haddad, Carsten",Wofford,28,5,0,0,0,0,0,0
wofford:jacksoneli,"Jackson, Eli",Wofford,31,5,0,0,0,0,0,0
wofford:auderiethelliot,"Auderieth, Elliot",Wofford,34,5,0,0,0,0,0,0
saintfrancis:team,TEAM,Saint Francis,TM,1,0,0,0,0,0,0
stcloudstate:johnsonowen,"Johnson, Owen",St. Cloud State,0,1,0,0,0,0,0,0
stcloudstate:subramax,"Subra, Max",St. Cloud State,1,1,0,0,0,0,0,0
stcloudstate:dufnerjj,"Dufner, JJ",St. Cloud State,35,1,0,0,0,0,0,0
stcloudstate:macorittidrew,"Macoritti, Drew",St. Cloud State,4,1,0,0,0,0,0,0
stcloudstate:bardeguezbarreraamayo,"Bardeguez-Barrera, Amayo",St. Cloud State,5,1,0,0,0,0,0,0
stcloudstate:pratumwonnolan,"Pratumwon, Nolan",St. Cloud State,8,1,0,0,0,0,0,0
stcloudstate:gonzalezwilliam,"Gonzalez, William",St. Cloud State,12,1,0,0,0,0,0,0
stcloudstate:isseabdi,"Isse, Abdi",St. Cloud State,13,1,0,0,0,0,0,0
stcloudstate:bindermax,"Binder, Max",St. Cloud State,15,1,0,0,0,0,0,0
stcloudstate:kantorowicznoah,"Kantorowicz, Noah",St. Cloud State,19,1,0,0,0,0,0,0
stcloudstate:rueterjalenjoshua,"Rueter, Jalen Joshua",St. Cloud State,30,1,0,0,0,0,0,0
stcloudstate:hadleyelliot,"Hadley, Elliot",St. Cloud State,31,1,0,0,0,0,0,0
santaclara:furstmalte,"Furst, Malte",Santa Clara,5,5,0,0,0,0,0,0
santaclara:tseucarter,"Tseu, Carter",Santa Clara,18,5,0,0,0,0,0,0
santaclara:rashadkhalil,"Rashad, Khalil",Santa Clara,20,5,0,0,0,0,0,0
santaclara:bratkowskisean,"Bratkowski, Sean",Santa Clara,24,5,0,0,0,0,0,0
santaclara:blakejackson,"Blake, Jackson",Santa Clara,27,5,0,0,0,0,0,0
santaclara:yokokawayu,"Yokokawa, Yu",Santa Clara,29,5,0,0,0,0,0,0
santaclara:marineduardo,"Marin, Eduardo",Santa Clara,99,5,0,0,0,0,0,0
ucirvine:jugeelijah,"Juge, Elijah",UC Irvine,28,1,0,0,0,0,0,0
georgiasouthern:mullerandrew,"Muller, Andrew",Georgia Southern,33,13,0,0,0,0,0,0
georgiasouthern:aakersoandreas,"Aakerso, Andreas",Georgia Southern,34,13,0,0,0,0,0,0
georgiasouthern:harrisonethan,"Harrison, Ethan",Georgia Southern,35,13,0,0,0,0,0,0
georgiasouthern:cookcooper,"Cook, Cooper",Georgia Southern,36,13,0,0,0,0,0,0
georgiasouthern:deanekeeyen,"Deane, Keeyen",Georgia Southern,3,13,0,0,0,0,0,0
georgiasouthern:guzmanalex,"Guzman, Alex",Georgia Southern,18,13,0,0,0,0,0,0
georgiasouthern:cruzjio,"Cruz, Jio",Georgia Southern,19,13,0,0,0,0,0,0
georgiasouthern:kwizerakenny,"Kwizera, Kenny",Georgia Southern,20,4,0,0,0,0,0,0
georgiasouthern:herrmannkonnor,"Herrmann, Konnor",Georgia Southern,22,13,0,0,0,0,0,0
georgiasouthern:sanchezandy,"Sanchez, Andy",Georgia Southern,26,13,0,0,0,0,0,0
georgiasouthern:gottliebbrittain,"Gottlieb, Brittain",Georgia Southern,28,13,0,0,0,0,0,0
georgiasouthern:nunojoao,"Nuno, Joao",Georgia Southern,30,8,0,0,0,0,0,0
iuindianapolis:maungmaungcameron,"Maung-Maung, Cameron",IU Indianapolis,1,1,0,0,0,0,0,0
iuindianapolis:wellsaustin,"Wells, Austin",IU Indianapolis,33,1,0,0,0,0,0,0
iuindianapolis:roperjoseph,"Roper, Joseph",IU Indianapolis,12,1,0,0,0,0,0,0
iuindianapolis:lombardobrady,"Lombardo, Brady",IU Indianapolis,13,1,0,0,0,0,0,0
iuindianapolis:dennkyle,"Denn, Kyle",IU Indianapolis,14,1,0,0,0,0,0,0
iuindianapolis:hollandspencer,"Holland, Spencer",IU Indianapolis,16,1,0,0,0,0,0,0
iuindianapolis:claytonkyle,"Clayton, Kyle",IU Indianapolis,27,1,0,0,0,0,0,0
siena:kaciczackary,"Kacic, Zackary",Siena,33,3,0,0,0,0,0,0
siena:brennantyler,"Brennan, Tyler",Siena,35,3,0,0,0,0,0,0
siena:samsthomas,"Sams, Thomas",Siena,4,3,0,0,0,0,0,0
siena:plazamiguel,"Plaza, Miguel",Siena,5,3,0,0,0,0,0,0
siena:stalkercampbell,"Stalker, Campbell",Siena,12,3,0,0,0,0,0,0
siena:gugelisaac,"Gugel, Isaac",Siena,19,3,0,0,0,0,0,0
sandiegostate:wilsontrevor,"Wilson, Trevor",San Diego State,0,5,0,0,0,0,0,0
sandiegostate:engmannchristian,"Engmann, Christian",San Diego State,2,5,0,0,0,0,0,0
sandiegostate:korbusjordan,"Korbus, Jordan",San Diego State,6,5,0,0,0,0,0,0
sandiegostate:droemerberin,"Droemer, Berin",San Diego State,16,5,0,0,0,0,0,0
sandiegostate:camargojavi,"Camargo, Javi",San Diego State,30,5,0,0,0,0,0,0
navy:carmodydylan,"Carmody, Dylan",Navy,0,5,0,0,0,0,0,0
navy:eatonrobert,"Eaton, Robert",Navy,1,5,0,0,0,0,0,0
navy:vanzoerennate,"Van Zoeren, Nate",Navy,29,5,0,0,0,0,0,0
navy:namangokenny,"Namango, Kenny",Navy,5,5,0,0,0,0,0,0
navy:nelsonstephen,"Nelson, Stephen",Navy,10,5,0,0,0,0,0,0
navy:leisegangben,"Leisegang, Ben",Navy,11,5,0,0,0,0,0,0
navy:torresjp,"Torres, JP",Navy,18,5,0,0,0,0,0,0
navy:plumliam,"Plum, Liam",Navy,21,5,0,0,0,0,0,0
navy:boydwill,"Boyd, Will",Navy,26,5,0,0,0,0,0,0
navy:skandalisryan,"Skandalis, Ryan",Navy,32,5,0,0,0,0,0,0
navy:ramalholuc,"Ramalho, Luc",Navy,99,5,0,0,0,0,0,0
ccsu:lajoiejoe,"Lajoie, Joe",CCSU,25,1,0,0,0,0,0,0
ccsu:laynejulian,"Layne, Julian",CCSU,26,1,0,0,0,0,0,0
ccsu:torreschristian,"Torres, Christian",CCSU,31,1,0,0,0,0,0,0
ccsu:frackjared,"Frack, Jared",CCSU,10,1,0,0,0,0,0,0
ccsu:potentigiulio,"Potenti, Giulio",CCSU,11,1,0,0,0,0,0,0
ccsu:gallaghercaden,"Gallagher, Caden",CCSU,19,1,0,0,0,0,0,0
ccsu:gikasjohannes,"Gikas, Johannes",CCSU,29,1,0,0,0,0,0,0
iueast:fosterkobe,"Foster, Kobe",IU East,00,1,0,0,0,0,0,0
iueast:thawngthawng,"Thawng, Thawng",IU East,6,1,0,0,0,0,0,0
iueast:hleijosh,"Hlei, Josh",IU East,11,1,0,0,0,0,0,0
iueast:whitezach,"White, Zach",IU East,13,1,0,0,0,0,0,0
iueast:carrizalezeddie,"Carrizalez, Eddie",IU East,17,1,0,0,0,0,0,0
iueast:kegbehphilip,"Kegbeh, Philip",IU East,22,1,0,0,0,0,0,0
iueast:knightalex,"Knight, Alex",IU East,32,1,0,0,0,0,0,0
manhattan:putrinomarc,"Putrino, Marc",Manhattan,41,1,0,0,0,0,0,0
manhattan:johnaaron,"John, Aaron",Manhattan,24,1,0,0,0,0,0,0
manhattan:riveragiovanni,"Rivera, Giovanni",Manhattan,37,1,0,0,0,0,0,0
umass:lindendean,"Linden, Dean",UMass,0,6,0,0,0,0,0,0
umass:fernandezdavilasean,"Fernandez-Davila, Sean",UMass,24,6,0,0,0,0,0,0
edgewood:hubbardspencer,"Hubbard, Spencer",Edgewood,0,1,0,0,0,0,0,0
edgewood:meisterheimgriffin,"Meisterheim, Griffin",Edgewood,98,1,0,0,0,0,0,0
edgewood:perezruizyair,"Perez Ruiz, Yair",Edgewood,2,1,0,0,0,0,0,0
edgewood:brownezekiel,"Brown, Ezekiel",Edgewood,4,1,0,0,0,0,0,0
edgewood:kasterstephen,"Kaster, Stephen",Edgewood,10,1,0,0,0,0,0,0
edgewood:soldatstefan,"Soldat, Stefan",Edgewood,11,1,0,0,0,0,0,0
edgewood:doumajack,"Douma, Jack",Edgewood,12,1,0,0,0,0,0,0
edgewood:robersonwade,"Roberson, Wade",Edgewood,13,1,0,0,0,0,0,0
edgewood:langnico,"Lang, Nico",Edgewood,14,1,0,0,0,0,0,0
edgewood:houghbrandon,"Hough, Brandon",Edgewood,16,1,0,0,0,0,0,0
edgewood:hooknoah,"Hook, Noah",Edgewood,17,1,0,0,0,0,0,0
edgewood:meszarosmax,"Meszaros, Max",Edgewood,19,1,0,0,0,0,0,0
edgewood:plechaian,"Plecha, Ian",Edgewood,21,1,0,0,0,0,0,0
edgewood:leonardjack,"Leonard, Jack",Edgewood,22,1,0,0,0,0,0,0
edgewood:engeleli,"Engel, Eli",Edgewood,23,1,0,0,0,0,0,0
edgewood:dosstyler,"Doss, Tyler",Edgewood,24,1,0,0,0,0,0,0
edgewood:thompsonconnor,"Thompson, Connor",Edgewood,25,1,0,0,0,0,0,0
edgewood:vanzeecooper,"VanZee, Cooper",Edgewood,26,1,0,0,0,0,0,0
edgewood:schwalbeaidan,"Schwalbe, Aidan",Edgewood,27,1,0,0,0,0,0,0
edgewood:thomevan,"Thom, Evan",Edgewood,28,1,0,0,0,0,0,0
edgewood:mezazelayajanis,"Meza Zelaya, Janis",Edgewood,30,1,0,0,0,0,0,0
edgewood:waltoncasey,"Walton, Casey",Edgewood,31,1,0,0,0,0,0,0
edgewood:landonjosiah,"Landon, Josiah",Edgewood,32,1,0,0,0,0,0,0
edgewood:vazqueztrejobrian,"Vazquez Trejo, Brian",Edgewood,34,1,0,0,0,0,0,0
edgewood:bunderssean,"Bunders, Sean",Edgewood,37,1,0,0,0,0,0,0
edgewood:riosleandro,"Rios, Leandro",Edgewood,38,1,0,0,0,0,0,0
edgewood:yitzaktristan,"Yitzak, Tristan",Edgewood,40,1,0,0,0,0,0,0
edgewood:jarstaddrew,"Jarstad, Drew",Edgewood,45,1,0,0,0,0,0,0
clemson:reedcharlie,"Reed, Charlie",Clemson,12,2,0,0,0,0,0,0
clemson:brownlogan,"Brown, Logan",Clemson,31,2,0,0,0,0,0,0
clemson:behrmannnoah,"Behrmann, Noah",Clemson,21,2,0,0,0,0,0,0
clemson:wilsonduncan,"Wilson, Duncan",Clemson,23,2,0,0,0,0,0,0
clemson:garciamarco,"Garcia, Marco",Clemson,26,2,0,0,0,0,0,0
clemson:geromelvitor,"Geromel, Vitor",Clemson,27,2,0,0,0,0,0,0
smu:jaegerjordaine,"Jaeger, Jordaine",SMU,1,5,0,0,0,0,0,0
smu:victorcameron,"Victor, Cameron",SMU,29,5,0,0,0,0,0,0
smu:vaageyves,"Vaage, Yves",SMU,5,5,0,0,0,0,0,0
smu:grimmmason,"Grimm, Mason",SMU,16,5,0,0,0,0,0,0
smu:ottossonknuthannessimon,"Ottosson, Knut Hannes-Simon",SMU,25,5,0,0,0,0,0,0
smu:keitaibrahim,"Keita, Ibrahim",SMU,26,5,0,0,0,0,0,0
smu:bartonidominic,"Bartoni, Dominic",SMU,28,5,0,0,0,0,0,0
smu:knotekoliver,"Knotek, Oliver",SMU,32,5,0,0,0,0,0,0
smu:isphordingcharlie,"Isphording, Charlie",SMU,33,5,0,0,0,0,0,0
smu:chandlerchristian,"Chandler, Christian",SMU,34,5,0,0,0,0,0,0
northcarolina:saborioalejandro,"Saborio, Alejandro",North Carolina,24,5,0,0,0,0,0,0
northcarolina:mellilimichael,"Mellili, Michael",North Carolina,31,5,0,0,0,0,0,0
pittsburgh:sissoncooper,"Sisson, Cooper",Pittsburgh,32,7,0,0,0,0,0,0
pittsburgh:oliverlogan,"Oliver, Logan",Pittsburgh,6,7,0,0,0,0,0,0
pittsburgh:dancymason,"Dancy, Mason",Pittsburgh,19,7,0,0,0,0,0,0
pittsburgh:muraniamassimo,"Murania, Massimo",Pittsburgh,23,7,0,0,0,0,0,0
pittsburgh:hauskrechtalex,"Hauskrecht, Alex",Pittsburgh,27,7,0,0,0,0,0,0
pittsburgh:christopherowen,"Christopher, Owen",Pittsburgh,29,7,0,0,0,0,0,0
virginiatech:jacobijake,"Jacobi, Jake",Virginia Tech,0,4,0,0,0,0,0,0
virginiatech:hyanmark,"Hyan, Mark",Virginia Tech,1,4,0,0,0,0,0,0
virginiatech:glesiuszach,"Glesius, Zach",Virginia Tech,32,4,0,0,0,0,0,0
virginiatech:vasqueztino,"Vasquez, Tino",Virginia Tech,6,4,0,0,0,0,0,0
virginiatech:laffeynick,"Laffey, Nick",Virginia Tech,13,4,0,0,0,0,0,0
virginiatech:neillharry,"Neill, Harry",Virginia Tech,26,4,0,0,0,0,0,0
pennstate:evansjonathan,"Evans, Jonathan",Penn State,27,6,0,0,0,0,0,0
pennstate:katoatem,"Kato, Atem",Penn State,9,6,0,0,0,0,0,0
pennstate:flowerstyler,"Flowers, Tyler",Penn State,16,6,0,0,0,0,0,0
uncasheville:barrosluca,"Barros, Luca",UNC Asheville,30,3,0,0,0,0,0,0
harvard:willennicholas,"Willen, Nicholas",Harvard,0,4,0,0,0,0,0,0
harvard:sherwoodwill,"Sherwood, Will",Harvard,77,4,0,0,0,0,0,0
harvard:rolloriccardo,"Rollo, Riccardo",Harvard,33,4,0,0,0,0,0,0
sacredheart:giffonilolosnicholas,"Giffoni-Lolos, Nicholas",Sacred Heart,99,2,0,0,0,0,0,0
bucknell:team,TEAM,Bucknell,TM,6,0,0,0,0,0,0
navy:team,TEAM,Navy,TM,1,0,0,0,0,0,0
dominican:gonzalezdeleonnylmar,"Gonzalez De Leon, Nylmar",Dominican,0,1,0,0,0,0,0,0
dominican:geliskenton,"Gelis, Kenton",Dominican,98,1,0,0,0,0,0,0
dominican:navarrosantiago,"Navarro, Santiago",Dominican,99,1,0,0,0,0,0,0
dominican:valdesdordeagabriel,"Valdes Dordea, Gabriel",Dominican,2,1,0,0,0,0,0,0
dominican:oflynndeclan,"O'Flynn, Declan",Dominican,9,1,0,0,0,0,0,0
dominican:grandediego,"Grande, Diego",Dominican,10,1,0,0,0,0,0,0
dominican:cuddenandrew,"Cudden, Andrew",Dominican,16,1,0,0,0,0,0,0
dominican:callahanowen,"Callahan, Owen",Dominican,17,1,0,0,0,0,0,0
dominican:mathlindimani,"Mathlin, Dimani",Dominican,18,1,0,0,0,0,0,0
dominican:edgarjacob,"Edgar, Jacob",Dominican,22,1,0,0,0,0,0,0
dominican:verdoteshawn,"Verdote, Shawn",Dominican,24,1,0,0,0,0,0,0
dominican:gudgeonbjorn,"Gudgeon, Bjorn",Dominican,26,1,0,0,0,0,0,0
dominican:garciaabraham,"Garcia, Abraham",Dominican,28,1,0,0,0,0,0,0
dominican:harriscameron,"Harris, Cameron",Dominican,30,1,0,0,0,0,0,0
dominican:ojhasujay,"Ojha, Sujay",Dominican,32,1,0,0,0,0,0,0
dominican:garciakyle,"Garcia, Kyle",Dominican,37,1,0,0,0,0,0,0
canisius:sewellcarter,"Sewell, Carter",Canisius,0,1,0,0,0,0,0,0
canisius:ventitj,"Venti, TJ",Canisius,17,1,0,0,0,0,0,0
canisius:wadichemiles,"Wadiche, Miles",Canisius,19,1,0,0,0,0,0,0
canisius:dehmgriffen,"Dehm, Griffen",Canisius,22,1,0,0,0,0,0,0
canisius:webereliott,"Weber, Eliott",Canisius,24,1,0,0,0,0,0,0
saintlouis:dillmanconnor,"Dillman, Connor",Saint Louis,0,4,0,0,0,0,0,0
saintlouis:hartmason,"Hart, Mason",Saint Louis,1,4,0,0,0,0,0,0
saintlouis:mooremarcos,"Moore, Marcos",Saint Louis,12,4,0,0,0,0,0,0
saintlouis:stantonzach,"Stanton, Zach",Saint Louis,18,4,0,0,0,0,0,0
saintlouis:leejaxson,"Lee, Jaxson",Saint Louis,32,4,0,0,0,0,0,0
iona:belknapriley,"Belknap, Riley",Iona,31,1,0,0,0,0,0,0
universityofsouthernindiana:sandhugauray,"Sandhu, Gauray",University of Southern Indiana,25,1,0,0,0,0,0,0
universityofsouthernindiana:arnoldjacob,"Arnold, Jacob",University of Southern Indiana,11,1,0,0,0,0,0,0
universityofsouthernindiana:garniermatias,"Garnier, Matias",University of Southern Indiana,2,1,0,0,0,0,0,0
universityofsouthernindiana:schweringjack,"Schwering, Jack",University of Southern Indiana,11,1,0,0,0,0,0,0
universityofsouthernindiana:arruffatsanti,"Arruffat, Santi",University of Southern Indiana,20,1,0,0,0,0,0,0
universityofsouthernindiana:mcconnellsam,"McConnell, Sam",University of Southern Indiana,33,1,0,0,0,0,0,0
cornell:thompsonryan,"Thompson, Ryan",Cornell,0,7,0,0,0,0,0,0
cornell:delgadoisaac,"Delgado, Isaac",Cornell,30,7,0,0,0,0,0,0
cornell:rodrguezmateo,"Rodríguez, Mateo",Cornell,4,7,0,0,0,0,0,0
cornell:nevadomassosahyd,"Nevado Masso, Sahyd",Cornell,12,7,0,0,0,0,0,0
cornell:sniderjon,"Snider, Jon",Cornell,15,7,0,0,0,0,0,0
cornell:torgovnikcody,"Torgovnik, Cody",Cornell,18,7,0,0,0,0,0,0
cornell:gouldingben,"Goulding, Ben",Cornell,22,7,0,0,0,0,0,0
cornell:stewarteddie,"Stewart, Eddie",Cornell,25,7,0,0,0,0,0,0
cornell:eckgriffin,"Eck, Griffin",Cornell,27,7,0,0,0,0,0,0
cornell:wehibebennett,"Wehibe, Bennett",Cornell,29,7,0,0,0,0,0,0
cornell:reececampbell,"Reece, Campbell",Cornell,32,7,0,0,0,0,0,0
cornell:garatefernando,"Garate, Fernando",Cornell,33,7,0,0,0,0,0,0
cornell:johnsoncolin,"Johnson, Colin",Cornell,34,7,0,0,0,0,0,0
cornell:smithnate,"Smith, Nate",Cornell,36,7,0,0,0,0,0,0
fairfield:radshayan,"Rad, Shayan",Fairfield,30,2,0,0,0,0,0,0
fairfield:sorensenrejnholdrasmus,"Sorensen Rejnhold, Rasmus",Fairfield,7,2,0,0,0,0,0,0
fairfield:reavistyler,"Reavis, Tyler",Fairfield,28,2,0,0,0,0,0,0
denver:lundgrant,"Lund, Grant",Denver,16,3,0,0,0,0,0,0
portland:demontignygael,"de Montigny, Gael",Portland,3,4,0,0,0,0,0,0
butler:metzjameson,"Metz, Jameson",Butler,30,1,0,0,0,0,0,0
butler:boersmabrooks,"Boersma, Brooks",Butler,35,1,0,0,0,0,0,0
butler:biondichphilip,"Biondich, Philip",Butler,2,1,0,0,0,0,0,0
butler:osornioernesto,"Osornio, Ernesto",Butler,8,1,0,0,0,0,0,0
butler:angellunajose,"Angel Luna, Jose",Butler,11,1,0,0,0,0,0,0
butler:cunninghambrendan,"Cunningham, Brendan",Butler,12,1,0,0,0,0,0,0
butler:lindseytrent,"Lindsey, Trent",Butler,19,1,0,0,0,0,0,0
villanova:margoconnor,"Margo, Connor",Villanova,38,7,0,0,0,0,0,0
stjohns:kovacevicmatea,"Kovacevic, Matea",St. John's,32,1,0,0,0,0,0,0
stjohns:goliastasos,"Golias, Tasos",St. John's,34,1,0,0,0,0,0,0
georgiasouthern:kwizerajrkenny,"Kwizera Jr., Kenny",Georgia Southern,20,9,0,0,0,0,0,0
queens:cordoraalexander,"Cordora, Alexander",Queens,13,3,0,0,0,0,0,0
queens:andersonjaiden,"Anderson, Jaiden",Queens,17,3,0,0,0,0,0,0
queens:palharespedro,"Palhares, Pedro",Queens,23,3,0,0,0,0,0,0
queens:lafazianicholas,"Lafazia, Nicholas",Queens,25,3,0,0,0,0,0,0
queens:bergstroemsundelinludwig,"Bergstroem Sundelin, Ludwig",Queens,27,3,0,0,0,0,0,0
saintjosephs:ryanmoroney,Ryan Moroney,Saint Joseph's,0,2,0,0,0,0,0,0
saintjosephs:brandonbarrett,Brandon Barrett,Saint Joseph's,3,2,0,0,0,0,0,0
saintjosephs:gabeolla,Gabe Olla,Saint Joseph's,12,2,0,0,0,0,0,0
saintjosephs:dylanpetke,Dylan Petke,Saint Joseph's,17,2,0,0,0,0,0,0
saintjosephs:natebunting,Nate Bunting,Saint Joseph's,25,2,0,0,0,0,0,0
saintjosephs:maxdunphy,Max Dunphy,Saint Joseph's,99,2,0,0,0,0,0,0
ucla:adamslucca,"Adams, Lucca",UCLA,18,8,0,0,0,0,0,0
ucla:cortezjc,"Cortez, JC",UCLA,5,8,0,0,0,0,0,0
ucla:rinconsebastian,"Rincon, Sebastian",UCLA,16,8,0,0,0,0,0,0
utahtech:williamsmichael,"Williams, Michael",Utah Tech,00,2,0,0,0,0,0,0
utahtech:kauffmanzach,"Kauffman, Zach",Utah Tech,1,2,0,0,0,0,0,0
utahtech:khedoobrandon,"Khedoo, Brandon",Utah Tech,17,2,0,0,0,0,0,0
utahtech:macdonaldcameron,"Macdonald, Cameron",Utah Tech,29,2,0,0,0,0,0,0
utahtech:roblesangel,"Robles, Angel",Utah Tech,30,2,0,0,0,0,0,0
utahtech:velasquezdenilson,"Velasquez, Denilson",Utah Tech,33,2,0,0,0,0,0,0
utahtech:buttrillstetson,"Buttrill, Stetson",Utah Tech,35,2,0,0,0,0,0,0
utahtech:wightluke,"Wight, Luke",Utah Tech,39,2,0,0,0,0,0,0
greenbay:snyderjosh,"Snyder, Josh",Green Bay,30,3,0,0,0,0,0,0
greenbay:wallaceezra,"Wallace, Ezra",Green Bay,32,3,0,0,0,0,0,0
greenbay:dorchesterjames,"Dorchester, James",Green Bay,8,3,0,0,0,0,0,0
greenbay:pituchaleks,"Pituch, Aleks",Green Bay,19,3,0,0,0,0,0,0
greenbay:ferraroliam,"Ferraro, Liam",Green Bay,22,3,0,0,0,0,0,0
greenbay:wascoliam,"Wasco, Liam",Green Bay,24,3,0,0,0,0,0,0
greenbay:urbengavin,"Urben, Gavin",Green Bay,25,3,0,0,0,0,0,0
loyolamaryland:haskellryan,"Haskell, Ryan",Loyola Maryland,0,1,0,0,0,0,0,0
loyolamaryland:jonesnathen,"Jones, Nathen",Loyola Maryland,30,1,0,0,0,0,0,0
loyolamaryland:okeefeconnor,"O'Keefe, Connor",Loyola Maryland,31,1,0,0,0,0,0,0
loyolamaryland:boboceaalex,"Bobocea, Alex",Loyola Maryland,33,1,0,0,0,0,0,0
loyolamaryland:denglerkyle,"Dengler, Kyle",Loyola Maryland,5,1,0,0,0,0,0,0
loyolamaryland:angelinicody,"Angelini, Cody",Loyola Maryland,17,1,0,0,0,0,0,0
loyolamaryland:mayerjake,"Mayer, Jake",Loyola Maryland,19,1,0,0,0,0,0,0
loyolamaryland:tettemerzach,"Tettemer, Zach",Loyola Maryland,32,1,0,0,0,0,0,0
loyolamaryland:oladinnikayin,"Oladinni, Kayin",Loyola Maryland,34,1,0,0,0,0,0,0
loyolamaryland:dadechase,"Dade, Chase",Loyola Maryland,35,1,0,0,0,0,0,0
loyolamaryland:zunigajeremiah,"Zuniga, Jeremiah",Loyola Maryland,36,1,0,0,0,0,0,0
holycross:hafnerschneealais,"Hafner Schnee, Alais",Holy Cross,25,1,0,0,0,0,0,0
holycross:team,TEAM,Holy Cross,TM,1,0,0,0,0,0,0
stanford:victorjordan,"Victor, Jordan",Stanford,30,3,0,0,0,0,0,0
stanford:morrisjack,"Morris, Jack",Stanford,32,3,0,0,0,0,0,0
stanford:maurerconner,"Maurer, Conner",Stanford,4,3,0,0,0,0,0,0
stanford:moyerjoe,"Moyer, Joe",Stanford,25,3,0,0,0,0,0,0
stanford:frintueric,"Frintu, Eric",Stanford,28,3,0,0,0,0,0,0
howard:mosedonovan,"Mose, Donovan",Howard,14,2,0,0,0,0,0,0
howard:robinsonnaim,"Robinson, Naim",Howard,21,2,0,0,0,0,0,0
howard:wilsonstephon,"Wilson, Stephon",Howard,26,2,0,0,0,0,0,0
howard:chicasaxel,"Chicas, Axel",Howard,28,2,0,0,0,0,0,0
howard:mccloudnigel,"McCloud, Nigel",Howard,29,2,0,0,0,0,0,0
universityofevansville:bockinggerkenaron,"Bocking Gerken, Aron",University of Evansville,88,1,0,0,0,0,0,0
vermont:ringmanmitchell,"Ringman, Mitchell",Vermont,99,1,0,0,0,0,0,0
vermont:czaporowskiethan,"Czaporowski, Ethan",Vermont,14,1,0,0,0,0,0,0
vermont:armellinogianluca,"Armellino, Gianluca",Vermont,15,1,0,0,0,0,0,0
vermont:granttoby,"Grant, Toby",Vermont,19,1,0,0,0,0,0,0
vermont:liquoritj,"Liquori, TJ",Vermont,24,1,0,0,0,0,0,0
lasalle:choiwanwi,"Choi, Wanwi",La Salle,12,2,0,0,0,0,0,0
lasalle:viksestian,"Vikse, Stian",La Salle,11,2,0,0,0,0,0,0
lasalle:lainsburydaniel,"Lainsbury, Daniel",La Salle,23,2,0,0,0,0,0,0
lasalle:monellsaxel,"Monells, Axel",La Salle,30,2,0,0,0,0,0,0
lasalle:rodriguezandres,"Rodriguez, Andres",La Salle,35,2,0,0,0,0,0,0
xavier:hancockjaden,"Hancock, Jaden",Xavier,,3,0,0,0,0,0,0
niagarauniversity:fiegeliidaniel,"Fiegel II, Daniel",Niagara University,00,1,0,0,0,0,0,0
niagarauniversity:indradavid,"Indra, David",Niagara University,0,1,0,0,0,0,0,0
niagarauniversity:covelligiovanni,"Covelli, Giovanni",Niagara University,4,1,0,0,0,0,0,0
niagarauniversity:buscaglialuca,"Buscaglia, Luca",Niagara University,6,1,0,0,0,0,0,0
niagarauniversity:mittlestadtiitommy,"Mittlestadt II, Tommy",Niagara University,18,1,0,0,0,0,0,0
niagarauniversity:wilsonantonio,"Wilson, Antonio",Niagara University,19,1,0,0,0,0,0,0
niagarauniversity:matinalex,"Matin, Alex",Niagara University,27,1,0,0,0,0,0,0
lafayette:macchiajames,"Macchia, James",Lafayette,00,3,0,0,0,0,0,0
lafayette:brokmarco,"Brok, Marco",Lafayette,0,3,0,0,0,0,0,0
lafayette:newmanmax,"Newman, Max",Lafayette,5,3,0,0,0,0,0,0
lafayette:dawsonconnor,"Dawson, Connor",Lafayette,13,3,0,0,0,0,0,0
farmingdalestate:dennisjabari,"Dennis, Jabari",Farmingdale State,0,1,0,0,0,0,0,0
farmingdalestate:dispinserirocco,"Dispinseri, Rocco",Farmingdale State,00,1,0,0,0,0,0,0
farmingdalestate:chavezandronicus,"Chavez, Andronicus",Farmingdale State,39,1,0,0,0,0,0,0
farmingdalestate:intrabartolonick,"Intrabartolo, Nick",Farmingdale State,4,1,0,0,0,0,0,0
farmingdalestate:baskinjrtyree,"Baskin Jr., Tyree",Farmingdale State,11,1,0,0,0,0,0,0
farmingdalestate:mancovincent,"Manco, Vincent",Farmingdale State,12,1,0,0,0,0,0,0
farmingdalestate:cherrybryce,"Cherry, Bryce",Farmingdale State,13,1,0,0,0,0,0,0
farmingdalestate:romerobrandon,"Romero, Brandon",Farmingdale State,15,1,0,0,0,0,0,0
farmingdalestate:leightondario,"Leighton, Dario",Farmingdale State,16,1,0,0,0,0,0,0
farmingdalestate:terronevinny,"Terrone, Vinny",Farmingdale State,18,1,0,0,0,0,0,0
farmingdalestate:rochematthew,"Roche, Matthew",Farmingdale State,19,1,0,0,0,0,0,0
farmingdalestate:sotomateo,"Soto, Mateo",Farmingdale State,22,1,0,0,0,0,0,0
farmingdalestate:oconnorkyle,"O'Connor, Kyle",Farmingdale State,23,1,0,0,0,0,0,0
farmingdalestate:hernandezedwin,"Hernandez, Edwin",Farmingdale State,24,1,0,0,0,0,0,0
farmingdalestate:guillenwilliam,"Guillen, William",Farmingdale State,25,1,0,0,0,0,0,0
farmingdalestate:guillenjohnny,"Guillen, Johnny",Farmingdale State,26,1,0,0,0,0,0,0
farmingdalestate:hernandezronny,"Hernandez, Ronny",Farmingdale State,28,1,0,0,0,0,0,0
farmingdalestate:cadetdavid,"Cadet, David",Farmingdale State,29,1,0,0,0,0,0,0
farmingdalestate:ninogianni,"Nino, Gianni",Farmingdale State,30,1,0,0,0,0,0,0
farmingdalestate:benitezever,"Benitez, Ever",Farmingdale State,31,1,0,0,0,0,0,0
farmingdalestate:agbegninouoracio,"Agbegninou, Oracio",Farmingdale State,32,1,0,0,0,0,0,0
sanjosestate:escobarjulian,"Escobar, Julian",San Jose State,27,1,0,0,0,0,0,0
sanjosestate:pendletondane,"Pendleton, Dane",San Jose State,3,1,0,0,0,0,0,0
sanjosestate:matshaziarnold,"Matshazi, Arnold",San Jose State,9,1,0,0,0,0,0,0
sanjosestate:villasenorerick,"Villasenor, Erick",San Jose State,12,1,0,0,0,0,0,0
sanjosestate:gutierrezangel,"Gutierrez, Angel",San Jose State,14,1,0,0,0,0,0,0
sanjosestate:cabaasvictor,"Cabañas, Victor",San Jose State,20,1,0,0,0,0,0,0
sanjosestate:navarretesamuel,"Navarrete, Samuel",San Jose State,22,1,0,0,0,0,0,0
sanjosestate:roblesmax,"Robles, Max",San Jose State,25,1,0,0,0,0,0,0
sanjosestate:menjivarian,"Menjivar, Ian",San Jose State,31,1,0,0,0,0,0,0
sanjosestate:contrerasruizjuan,"Contreras Ruiz, Juan",San Jose State,32,1,0,0,0,0,0,0
unknown:0,0,Unknown,2,5,0,0,0,2,0,0
unknown:logandorsey1assistedbyericonos,"Logan Dorsey (1)
Assisted by: Eric Onos",Unknown,Kentucky,1,0,0,0,0,0,0
unknown:ikercarew1assistedbylogandorseyericonos,"Iker Carew (1)
Assisted by: Logan Dorsey, Eric Onos",Unknown,Kentucky,1,0,0,0,0,0,0
unknown:southcarolina,South Carolina,Unknown,44:39,4,0,0,0,0,0,0
unknown:kentucky,Kentucky,Unknown,51:10,2,0,0,0,0,0,0
memphis:schmalbacksebastian,"Schmalback, Sebastian",Memphis,11,2,0,0,0,0,0,0
stbonaventure:horganliam,"Horgan, Liam",St. Bonaventure,24,2,0,0,0,0,0,0
stbonaventure:ohmartalex,"Ohmart, Alex",St. Bonaventure,30,2,0,0,0,0,0,0
stbonaventure:morfinsean,"Morfin, Sean",St. Bonaventure,2,2,0,0,0,0,0,0
stbonaventure:mcbennettzach,"McBennett, Zach",St. Bonaventure,13,2,0,0,0,0,0,0
stbonaventure:boothharry,"Booth, Harry",St. Bonaventure,20,2,0,0,0,0,0,0
stbonaventure:khaledyaseen,"Khaled, Yaseen",St. Bonaventure,26,2,0,0,0,0,0,0
stbonaventure:mularadelischristopher,"Mularadelis, Christopher",St. Bonaventure,28,2,0,0,0,0,0,0
stbonaventure:kiekenbeckgabriel,"Kiekenbeck, Gabriel",St. Bonaventure,31,2,0,0,0,0,0,0
stbonaventure:leardinidrew,"Leardini, Drew",St. Bonaventure,32,2,0,0,0,0,0,0
michiganstate:slyjrmichael,"Sly Jr., Michael",Michigan State,1,3,0,0,0,0,0,0
ucdavis:morgantalin,"Morgan, Talin",UC Davis,26,1,0,0,0,0,0,0
ucdavis:sardansensio,"Sardans, Ensio",UC Davis,3,1,0,0,0,0,0,0
ucdavis:garciamarcus,"Garcia, Marcus",UC Davis,11,1,0,0,0,0,0,0
ucdavis:horiketakeru,"Horike, Takeru",UC Davis,24,1,0,0,0,0,0,0
robertmorris:acostagiancarlo,"Acosta, Giancarlo",Robert Morris,0,2,0,0,0,0,0,0
robertmorris:lewischristopher,"Lewis, Christopher",Robert Morris,43,2,0,0,0,0,0,0
robertmorris:reidtayshuan,"Reid, Tayshuan",Robert Morris,13,2,0,0,0,0,0,0
robertmorris:faceyleshawn,"Facey, Leshawn",Robert Morris,18,2,0,0,0,0,0,0
robertmorris:kinchstanley,"Kinch, Stanley",Robert Morris,20,2,0,0,0,0,0,0
robertmorris:felixdanley,"Felix, Danley",Robert Morris,22,2,0,0,0,0,0,0
lehigh:team,TEAM,Lehigh,TM,1,0,0,0,0,0,0
milwaukee:heidenadam,"Heiden, Adam",Milwaukee,31,2,0,0,0,0,0,0
milwaukee:ogarromicah,"O'Garro, Micah",Milwaukee,3,2,0,0,0,0,0,0
milwaukee:thistlegabe,"Thistle, Gabe",Milwaukee,21,2,0,0,0,0,0,0
milwaukee:gilldaniel,"Gill, Daniel",Milwaukee,24,2,0,0,0,0,0,0
milwaukee:schuurmanjames,"Schuurman, James",Milwaukee,28,2,0,0,0,0,0,0
loyolamd:jonesnathen,"Jones, Nathen",Loyola (Md.),30,1,0,0,0,0,0,0
loyolamd:okeefeconnor,"O'Keefe, Connor",Loyola (Md.),31,1,0,0,0,0,0,0
loyolamd:boboceaalex,"Bobocea, Alex",Loyola (Md.),33,1,0,0,0,0,0,0
loyolamd:onurolando,"Onu, Rolando",Loyola (Md.),9,1,0,0,0,0,0,0
loyolamd:angelinicody,"Angelini, Cody",Loyola (Md.),17,1,0,0,0,0,0,0
loyolamd:mayerjake,"Mayer, Jake",Loyola (Md.),19,1,0,0,0,0,0,0
loyolamd:tettemerzach,"Tettemer, Zach",Loyola (Md.),32,1,0,0,0,0,0,0
loyolamd:oladinnikayin,"Oladinni, Kayin",Loyola (Md.),34,1,0,0,0,0,0,0
loyolamd:dadechase,"Dade, Chase",Loyola (Md.),35,1,0,0,0,0,0,0
virginiacommonwealthuniversity:maloneytrevor,"Maloney, Trevor",Virginia Commonwealth University,0,1,0,0,0,0,0,0
virginiacommonwealthuniversity:taylorcory,"Taylor, Cory",Virginia Commonwealth University,1,1,0,0,0,0,0,0
virginiacommonwealthuniversity:comicamilo,"Comi, Camilo",Virginia Commonwealth University,11,1,0,0,0,0,0,0
virginiacommonwealthuniversity:christmaslance,"Christmas, Lance",Virginia Commonwealth University,12,1,0,0,0,0,0,0
virginiacommonwealthuniversity:cowlishawjoshua,"Cowlishaw, Joshua",Virginia Commonwealth University,13,1,0,0,0,0,0,0
virginiacommonwealthuniversity:hughesdavid,"Hughes, David",Virginia Commonwealth University,16,1,0,0,0,0,0,0
virginiacommonwealthuniversity:josephseni,"Joseph, Seni",Virginia Commonwealth University,18,1,0,0,0,0,0,0
virginiacommonwealthuniversity:castillogerardo,"Castillo, Gerardo",Virginia Commonwealth University,19,1,0,0,0,0,0,0
virginiacommonwealthuniversity:kimisaac,"Kim, Isaac",Virginia Commonwealth University,21,1,0,0,0,0,0,0
virginiacommonwealthuniversity:fujishirotetsunari,"Fujishiro, Tetsunari",Virginia Commonwealth University,22,1,0,0,0,0,0,0
virginiacommonwealthuniversity:hayesdeniss,"Hayes, Deniss",Virginia Commonwealth University,23,1,0,0,0,0,0,0
virginiacommonwealthuniversity:hayesnikita,"Hayes, Nikita",Virginia Commonwealth University,24,1,0,0,0,0,0,0
virginiacommonwealthuniversity:mcleodscott,"McLeod, Scott",Virginia Commonwealth University,27,1,0,0,0,0,0,0
virginiacommonwealthuniversity:yoshizawahaya,"Yoshizawa, Haya",Virginia Commonwealth University,29,1,0,0,0,0,0,0
virginiacommonwealthuniversity:thompsonchris,"Thompson, Chris",Virginia Commonwealth University,32,1,0,0,0,0,0,0
virginiacommonwealthuniversity:coetzeenolan,"Coetzee, Nolan",Virginia Commonwealth University,33,1,0,0,0,0,0,0
virginiacommonwealthuniversity:collinsmichael,"Collins, Michael",Virginia Commonwealth University,34,1,0,0,0,0,0,0
virginiacommonwealthuniversity:londereeryan,"Londeree, Ryan",Virginia Commonwealth University,37,1,0,0,0,0,0,0
flaatlantic:spoonermalique,"Spooner, Malique",Fla. Atlantic,2,2,0,0,0,0,0,0
flaatlantic:chapmancaleb,"Chapman, Caleb",Fla. Atlantic,3,2,0,0,0,0,0,0
flaatlantic:spauldingsamir,"Spaulding, Samir",Fla. Atlantic,5,2,0,0,0,0,0,0
flaatlantic:androsmark,"Andros, Mark",Fla. Atlantic,8,2,0,0,0,0,0,0
flaatlantic:piresthiago,"Pires, Thiago",Fla. Atlantic,10,2,0,0,0,0,0,0
flaatlantic:monterojeremy,"Montero, Jeremy",Fla. Atlantic,12,2,0,0,0,0,0,0
flaatlantic:gordonmatthew,"Gordon, Matthew",Fla. Atlantic,15,2,0,0,0,0,0,0
flaatlantic:stewartajay,"Stewart, Ajay",Fla. Atlantic,16,2,0,0,0,0,0,0
flaatlantic:heerfordtkasper,"Heerfordt, Kasper",Fla. Atlantic,19,2,0,0,0,0,0,0
flaatlantic:williamsonnoel,"Williamson, Noel",Fla. Atlantic,24,2,0,0,0,0,0,0
flaatlantic:smalltyrese,"Small, Tyrese",Fla. Atlantic,25,2,0,0,0,0,0,0
flaatlantic:claryzac,"Clary, Zac",Fla. Atlantic,27,2,0,0,0,0,0,0
flaatlantic:schumakerethan,"Schumaker, Ethan",Fla. Atlantic,34,2,0,0,0,0,0,0
universityofmassachusetts:lindendean,"Linden, Dean",University of Massachusetts,0,1,0,0,0,0,0,0
universityofmassachusetts:mcgranelance,"McGrane, Lance",University of Massachusetts,30,1,0,0,0,0,0,0
universityofmassachusetts:biancojoey,"Bianco, Joey",University of Massachusetts,13,1,0,0,0,0,0,0
universityofmassachusetts:wrightbraeden,"Wright, Braeden",University of Massachusetts,17,1,0,0,0,0,0,0
universityofmassachusetts:fernandezdavilasean,"Fernandez-Davila, Sean",University of Massachusetts,24,1,0,0,0,0,0,0
saintjosephs:moroneyryan,"Moroney, Ryan",Saint Joseph's,0,1,0,0,0,0,0,0
saintjosephs:dunphymax,"Dunphy, Max",Saint Joseph's,99,1,0,0,0,0,0,0
saintjosephs:barrettbrandon,"Barrett, Brandon",Saint Joseph's,3,1,0,0,0,0,0,0
saintjosephs:ollagabe,"Olla, Gabe",Saint Joseph's,12,1,0,0,0,0,0,0
saintjosephs:petkedylan,"Petke, Dylan",Saint Joseph's,17,1,0,0,0,0,0,0
saintjosephs:buntingnate,"Bunting, Nate",Saint Joseph's,25,1,0,0,0,0,0,0
presbyterian:deejames,"Dee, James",Presbyterian,00,2,0,0,0,0,0,0
presbyterian:evansmatthew,"Evans, Matthew",Presbyterian,0,2,0,0,0,0,0,0
presbyterian:simpsonsonny,"Simpson, Sonny",Presbyterian,5,2,0,0,0,0,0,0
presbyterian:furumoherman,"Furumo, Herman",Presbyterian,14,2,0,0,0,0,0,0
presbyterian:arroyonathan,"Arroyo, Nathan",Presbyterian,15,2,0,0,0,0,0,0
presbyterian:bullarddesmond,"Bullard, Desmond",Presbyterian,20,2,0,0,0,0,0,0
presbyterian:atamaocheikh,"Atamao, Cheikh",Presbyterian,29,2,0,0,0,0,0,0
utrgv:nishigakiyuki,"Nishigaki, Yuki",UTRGV,29,2,0,0,0,0,0,0
utrgv:camachojosue,"Camacho, Josue",UTRGV,13,2,0,0,0,0,0,0
suffolk:harlownathan,"Harlow, Nathan",Suffolk,1,1,0,0,0,0,0,0
suffolk:mclaughlinaiden,"McLaughlin, Aiden",Suffolk,3,1,0,0,0,0,0,0
suffolk:ironsidejaven,"Ironside, Javen",Suffolk,4,1,0,0,0,0,0,0
suffolk:sorensenbrady,"Sorensen, Brady",Suffolk,8,1,0,0,0,0,0,0
suffolk:cookejeremy,"Cooke, Jeremy",Suffolk,31,1,0,0,0,0,0,0
suffolk:matsuwakikoki,"Matsuwaki, Koki",Suffolk,37,1,0,0,0,0,0,0
suffolk:uptoneverett,"Upton, Everett",Suffolk,38,1,0,0,0,0,0,0
suffolk:crnilovicmarko,"Crnilovic, Marko",Suffolk,39,1,0,0,0,0,0,0
suffolk:cattiejack,"Cattie, Jack",Suffolk,40,1,0,0,0,0,0,0
suffolk:bajunaidfaisal,"Bajunaid, Faisal",Suffolk,41,1,0,0,0,0,0,0
gardnerwebb:callanmatt,"Callan, Matt",Gardner-Webb,34,1,0,0,0,0,0,0
armywestpoint:riceaiden,"Rice, Aiden",Army West Point,0,1,0,0,0,0,0,0
armywestpoint:guirymichael,"Guiry, Michael",Army West Point,1,1,0,0,0,0,0,0
armywestpoint:smithskyler,"Smith, Skyler",Army West Point,12,1,0,0,0,0,0,0
armywestpoint:tuckerliam,"Tucker, Liam",Army West Point,27,1,0,0,0,0,0,0
armywestpoint:adugyamfisean,"Adu-Gyamfi, Sean",Army West Point,28,1,0,0,0,0,0,0
armywestpoint:kimandrew,"Kim, Andrew",Army West Point,33,1,0,0,0,0,0,0
calstatebakersfield:molinanicko,"Molina, Nicko",Cal State Bakersfield,22,3,0,0,0,0,0,0
calstatebakersfield:lombanajeshua,"Lombana, Jeshua",Cal State Bakersfield,30,3,0,0,0,0,0,0
calstatebakersfield:mirelesdiego,"Mireles, Diego",Cal State Bakersfield,5,3,0,0,0,0,0,0
calstatebakersfield:acevesalec,"Aceves, Alec",Cal State Bakersfield,13,3,0,0,0,0,0,0
calstatebakersfield:toppilasebastian,"Toppila, Sebastian",Cal State Bakersfield,15,3,0,0,0,0,0,0
calstatebakersfield:aguilardejan,"Aguilar, Dejan",Cal State Bakersfield,18,3,0,0,0,0,0,0
calstatebakersfield:erwinben,"Erwin, Ben",Cal State Bakersfield,27,3,0,0,0,0,0,0
umbc:boonmastjackson,"Boonmast, Jackson",UMBC,0,1,0,0,0,0,0,0
umbc:cipressianthony,"Cipressi, Anthony",UMBC,32,1,0,0,0,0,0,0
umbc:stoutenboroughjonah,"Stoutenborough, Jonah",UMBC,3,1,0,0,0,0,0,0
duquesne:contijacob,"Conti, Jacob",Duquesne,0,1,0,0,0,0,0,0
duquesne:smithethan,"Smith, Ethan",Duquesne,27,1,0,0,0,0,0,0
duquesne:mohneytate,"Mohney, Tate",Duquesne,9,1,0,0,0,0,0,0
duquesne:sanghadaman,"Sangha, Daman",Duquesne,24,1,0,0,0,0,0,0
duquesne:smirnovkiril,"Smirnov, Kiril",Duquesne,31,1,0,0,0,0,0,0
duquesne:fiscusluke,"Fiscus, Luke",Duquesne,32,1,0,0,0,0,0,0
duquesne:hudsoniiieddie,"Hudson III, Eddie",Duquesne,34,1,0,0,0,0,0,0
duquesne:bervillehugo,"Berville, Hugo",Duquesne,38,1,0,0,0,0,0,0
longwood:cordovachristian,"Cordova, Christian",Longwood,0,2,0,0,0,0,0,0
longwood:millernate,"Miller, Nate",Longwood,40,2,0,0,0,0,0,0
longwood:bouchetalexandre,"Bouchet, Alexandre",Longwood,24,2,0,0,0,0,0,0
longwood:paganojayce,"Pagano, Jayce",Longwood,27,2,0,0,0,0,0,0
longwood:pelletiersimba,"Pelletier, Simba",Longwood,29,2,0,0,0,0,0,0
longwood:kingjavin,"King, Javin",Longwood,30,2,0,0,0,0,0,0
loyolauniversitymaryland:haskellryan,"Haskell, Ryan",Loyola University Maryland,0,1,0,0,0,0,0,0
loyolauniversitymaryland:jonesnathen,"Jones, Nathen",Loyola University Maryland,30,1,0,0,0,0,0,0
loyolauniversitymaryland:okeefeconnor,"O'Keefe, Connor",Loyola University Maryland,31,1,0,0,0,0,0,0
loyolauniversitymaryland:boboceaalex,"Bobocea, Alex",Loyola University Maryland,33,1,0,0,0,0,0,0
loyolauniversitymaryland:onurolando,"Onu, Rolando",Loyola University Maryland,9,1,0,0,0,0,0,0
loyolauniversitymaryland:sigurjnssonlafudari,"Sigurjónsson, Ólafu Dari",Loyola University Maryland,12,1,0,0,0,0,0,0
loyolauniversitymaryland:angelinicody,"Angelini, Cody",Loyola University Maryland,17,1,0,0,0,0,0,0
loyolauniversitymaryland:mayerjake,"Mayer, Jake",Loyola University Maryland,19,1,0,0,0,0,0,0
loyolauniversitymaryland:tettemerzach,"Tettemer, Zach",Loyola University Maryland,32,1,0,0,0,0,0,0
loyolauniversitymaryland:dadechase,"Dade, Chase",Loyola University Maryland,35,1,0,0,0,0,0,0
loyolauniversitymaryland:zunigajeremiah,"Zuniga, Jeremiah",Loyola University Maryland,36,1,0,0,0,0,0,0
unknown:1,1,Unknown,0,2,0,0,0,2,0,0
unknown:isaacscheer1assistedbyfrederikjorgensensergioorsnavarro,"Isaac Scheer (1)
Assisted by: Frederik Jorgensen, Sergio Ors Navarro",Unknown,West Virginia,1,0,0,0,0,0,0
johnsonwalesnc:terranovaantonino,"Terranova, Antonino",Johnson & Wales (N.C.),2,1,0,0,0,0,0,0
johnsonwalesnc:boninicarter,"Bonini, Carter",Johnson & Wales (N.C.),3,1,0,0,0,0,0,0
johnsonwalesnc:delaparrapolinseugenio,"de la Parra Polins, Eugenio",Johnson & Wales (N.C.),10,1,0,0,0,0,0,0
johnsonwalesnc:parraeugenio,"Parra, Eugenio",Johnson & Wales (N.C.),10,1,0,0,0,0,0,0
johnsonwalesnc:pehueroyomar,"Pehuero, Yomar",Johnson & Wales (N.C.),13,1,0,0,0,0,0,0
johnsonwalesnc:pegueroyomar,"Peguero, Yomar",Johnson & Wales (N.C.),13,1,0,0,0,0,0,0
johnsonwalesnc:gomezfernado,"Gomez, Fernado",Johnson & Wales (N.C.),22,1,0,0,0,0,0,0
johnsonwalesnc:leshlucas,"Lesh, Lucas",Johnson & Wales (N.C.),31,1,0,0,0,0,0,0
johnsonwalesnc:teamunknown,"Team, UNKNOWN",Johnson & Wales (N.C.),,1,0,0,0,0,0,0
marquette:ronnestadstevenstristan,"Ronnestad-Stevens, Tristan",Marquette,5,3,0,0,0,0,0,0
dayton:barrywill,"Barry, Will",Dayton,25,2,0,0,0,0,0,0
dayton:kreneckigavin,"Krenecki, Gavin",Dayton,26,2,0,0,0,0,0,0
dayton:antwabisaed,"Antwabi, Saed",Dayton,27,2,0,0,0,0,0,0
dayton:suhaibarashad,"Suhaiba, Rashad",Dayton,2,2,0,0,0,0,0,0
dayton:cangajorge,"Canga, Jorge",Dayton,11,2,0,0,0,0,0,0
dayton:mensahstephenkwesi,"Mensah, Stephen Kwesi",Dayton,14,2,0,0,0,0,0,0
dayton:freealex,"Free, Alex",Dayton,20,2,0,0,0,0,0,0
colgate:team,TEAM,Colgate,TM,1,0,0,0,0,0,0
njit:ibanezperusquiasebastian,"Ibanez Perusquia, Sebastian",NJIT,31,1,0,0,0,0,0,0
njit:avenskinathaniel,"Avenski, Nathaniel",NJIT,5,1,0,0,0,0,0,0
njit:desousachristopher,"De Sousa, Christopher",NJIT,20,1,0,0,0,0,0,0
njit:vopicellivittorio,"Vopicelli, Vittorio",NJIT,21,1,0,0,0,0,0,0
njit:lazojaluan,"Lazoja, Luan",NJIT,28,1,0,0,0,0,0,0
njit:lograssocristian,"LoGrasso, Cristian",NJIT,99,1,0,0,0,0,0,0
trine:monahanowen,"Monahan, Owen",Trine,11,1,0,0,0,0,0,0
trine:pryorisaiah,"Pryor, Isaiah",Trine,12,1,0,0,0,0,0,0
trine:sarkazane,"Sarka, Zane",Trine,24,1,0,0,0,0,0,0
trine:wiegandjake,"Wiegand, Jake",Trine,26,1,0,0,0,0,0,0
trine:schlabachjayden,"Schlabach, Jayden",Trine,31,1,0,0,0,0,0,0
trine:morelandlandon,"Moreland, Landon",Trine,47,1,0,0,0,0,0,0
loyola:haskellryan,"Haskell, Ryan",Loyola,0,2,0,0,0,0,0,0
loyola:jonesnathen,"Jones, Nathen",Loyola,30,2,0,0,0,0,0,0
loyola:okeefeconnor,"O'Keefe, Connor",Loyola,31,2,0,0,0,0,0,0
loyola:boboceaalex,"Bobocea, Alex",Loyola,33,2,0,0,0,0,0,0
loyola:onurolando,"Onu, Rolando",Loyola,9,2,0,0,0,0,0,0
loyola:sigurjnssonlafudari,"Sigurjónsson, Ólafu Dari",Loyola,12,2,0,0,0,0,0,0
loyola:memingerbrandon,"Meminger, Brandon",Loyola,13,2,0,0,0,0,0,0
loyola:angelinicody,"Angelini, Cody",Loyola,17,2,0,0,0,0,0,0
loyola:mayerjake,"Mayer, Jake",Loyola,19,2,0,0,0,0,0,0
loyola:tettemerzach,"Tettemer, Zach",Loyola,32,2,0,0,0,0,0,0
loyola:oladinnikayin,"Oladinni, Kayin",Loyola,34,2,0,0,0,0,0,0
loyola:dadechase,"Dade, Chase",Loyola,35,2,0,0,0,0,0,0
loyola:zunigajeremiah,"Zuniga, Jeremiah",Loyola,36,2,0,0,0,0,0,0
lafayette:team,TEAM,Lafayette,TM,1,0,0,0,0,0,0
unknown:3,3,Unknown,1,1,0,0,0,4,0,0
unknown:luccadourado1assistedbymalangmandiang,"Lucca Dourado (1)
Assisted by: Malang Mandiang",Unknown,UCF,1,0,0,0,0,0,0
unknown:andersonrosa1,Anderson Rosa (1),Unknown,UCF,1,0,0,0,0,0,0
unknown:luccadourado2assistedbymouhamedpouye,"Lucca Dourado (2)
Assisted by: Mouhamed Pouye",Unknown,UCF,1,0,0,0,0,0,0
unknown:luccadourado3,Lucca Dourado (3),Unknown,UCF,1,0,0,0,0,0,0
unknown:ucf,UCF,Unknown,25:10,2,0,0,0,0,0,0
floridaatlantic:alfaronacho,"Alfaro, Nacho",Florida Atlantic,13,1,0,0,0,0,0,0
floridaatlantic:spoonermalique,"Spooner, Malique",Florida Atlantic,2,1,0,0,0,0,0,0
floridaatlantic:gordonmatthew,"Gordon, Matthew",Florida Atlantic,15,1,0,0,0,0,0,0
floridaatlantic:rabotenzo,"Rabot, Enzo",Florida Atlantic,20,1,0,0,0,0,0,0
floridaatlantic:williamsonnoel,"Williamson, Noel",Florida Atlantic,24,1,0,0,0,0,0,0
floridaatlantic:smalltyrese,"Small, Tyrese",Florida Atlantic,25,1,0,0,0,0,0,0
floridaatlantic:claryzac,"Clary, Zac",Florida Atlantic,27,1,0,0,0,0,0,0
rhodeisland:mcneilcaleb,"McNeil, Caleb",Rhode Island,0,1,0,0,0,0,0,0
rhodeisland:synnestvedtwilliam,"Synnestvedt, William",Rhode Island,30,1,0,0,0,0,0,0
rhodeisland:martincollin,"Martin, Collin",Rhode Island,2,1,0,0,0,0,0,0
rhodeisland:rivaskevin,"Rivas, Kevin",Rhode Island,12,1,0,0,0,0,0,0
bison1:chicasaxel,"Chicas, Axel",BISON_~1,28,1,0,0,0,1,1,0
avila:fagerjohnnathan,"Fager, Johnnathan",Avila,1,1,0,0,0,0,0,0
avila:safferymalachi,"Saffery, Malachi",Avila,4,1,0,0,0,0,0,0
avila:escottvincent,"Escott, Vincent",Avila,8,1,0,0,0,0,0,0
avila:bizimanaedimo,"Bizimana, Edimo",Avila,9,1,0,0,0,0,0,0
avila:dahoobai,"Dah, Oobai",Avila,11,1,0,0,0,0,0,0
avila:kagayhenri,"Kagay, Henri",Avila,13,1,0,0,0,0,0,0
avila:simpsonjesse,"Simpson, Jesse",Avila,20,1,0,0,0,0,0,0
avila:rezaaustin,"Reza, Austin",Avila,21,1,0,0,0,0,0,0
avila:grosskyle,"Gross, Kyle",Avila,22,1,0,0,0,0,0,0
avila:kendetuengazikue,"Kendetue, Ngazikue",Avila,25,1,0,0,0,0,0,0
avila:coffiehenry,"Coffie, Henry",Avila,26,1,0,0,0,0,0,0
avila:phamdavid,"Pham, David",Avila,27,1,0,0,0,0,0,0
avila:chilacaryan,"Chilaca, Ryan",Avila,29,1,0,0,0,0,0,0
thecitycollegeofnewyork:celaarlind,"Cela, Arlind",The City College of New York,7,1,0,0,0,0,0,0
thecitycollegeofnewyork:madridfernando,"Madrid, Fernando",The City College of New York,9,1,0,0,0,0,0,0
thecitycollegeofnewyork:psomaraskonstantinos,"Psomaras, Konstantinos",The City College of New York,11,1,0,0,0,0,0,0
thecitycollegeofnewyork:gonzalezjordy,"Gonzalez, Jordy",The City College of New York,12,1,0,0,0,0,0,0
thecitycollegeofnewyork:brooksadonijah,"Brooks, Adonijah",The City College of New York,15,1,0,0,0,0,0,0
thecitycollegeofnewyork:tapiaelioth,"Tapia, Elioth",The City College of New York,17,1,0,0,0,0,0,0
thecitycollegeofnewyork:rodriguezfausto,"Rodriguez, Fausto",The City College of New York,18,1,0,0,0,0,0,0
thecitycollegeofnewyork:kassimyusuf,"Kassim, Yusuf",The City College of New York,20,1,0,0,0,0,0,0
thecitycollegeofnewyork:najihazim,"Naji, Hazim",The City College of New York,23,1,0,0,0,0,0,0
thecitycollegeofnewyork:guamanmichael,"Guaman, Michael",The City College of New York,29,1,0,0,0,0,0,0
umasslowell:polnyquinn,"Polny, Quinn",UMass Lowell,99,1,0,0,0,0,0,0
wvu:mawertoby,"Mawer, Toby",WVU,18,1,0,0,0,0,0,0
wvu:nunezlorenzo,"Nunez, Lorenzo",WVU,30,1,0,0,0,0,0,0
wvu:collinschase,"Collins, Chase",WVU,40,1,0,0,0,0,0,0
wvu:vaubelryan,"Vaubel, Ryan",WVU,2,1,0,0,0,0,0,0
wvu:dromersdyon,"Dromers, Dyon",WVU,6,1,0,0,0,0,0,0
wvu:tinocosam,"Tinoco, Sam",WVU,12,1,0,0,0,0,0,0
wvu:rossjake,"Ross, Jake",WVU,13,1,0,0,0,0,0,0
wvu:saulbarrett,"Saul, Barrett",WVU,14,1,0,0,0,0,0,0
wvu:clarksam,"Clark, Sam",WVU,15,1,0,0,0,0,0,0
wvu:dekeldaksethan,"Dekel Daks, Ethan",WVU,17,1,0,0,0,0,0,0
wvu:ekqvistakseli,"Ekqvist, Akseli",WVU,22,1,0,0,0,0,0,0
wvu:jonkeweston,"Jonke, Weston",WVU,24,1,0,0,0,0,0,0
wvu:burkesebastian,"Burke, Sebastian",WVU,29,1,0,0,0,0,0,0
colgateuniversity:widrickeric,"Widrick, Eric",Colgate University,0,1,0,0,0,0,0,0
colgateuniversity:ethridgeadam,"Ethridge, Adam",Colgate University,31,1,0,0,0,0,0,0
colgateuniversity:diluciajulian,"Di Lucia, Julian",Colgate University,5,1,0,0,0,0,0,0
colgateuniversity:couryalejandro,"Coury, Alejandro",Colgate University,11,1,0,0,0,0,0,0
colgateuniversity:stephansdrew,"Stephans, Drew",Colgate University,12,1,0,0,0,0,0,0
colgateuniversity:thygesonwill,"Thygeson, Will",Colgate University,18,1,0,0,0,0,0,0
colgateuniversity:cheneyowen,"Cheney, Owen",Colgate University,20,1,0,0,0,0,0,0
colgateuniversity:cardenascooper,"Cardenas, Cooper",Colgate University,22,1,0,0,0,0,0,0
colgateuniversity:rodriguezlucas,"Rodriguez, Lucas",Colgate University,24,1,0,0,0,0,0,0
colgateuniversity:kraussgavin,"Krauss, Gavin",Colgate University,26,1,0,0,0,0,0,0
colgateuniversity:stjohnalex,"St. John, Alex",Colgate University,27,1,0,0,0,0,0,0
colgateuniversity:geraghtyconor,"Geraghty, Conor",Colgate University,29,1,0,0,0,0,0,0
duke:hazelwoodhudson,"Hazelwood, Hudson",Duke,25,1,0,0,0,0,0,0
duke:mulvaneynathaniel,"Mulvaney, Nathaniel",Duke,29,1,0,0,0,0,0,0
unknown:logandorsey1,Logan Dorsey (1),Unknown,Kentucky,1,0,0,0,0,0,0
odu:bellinalogan,"Bellina, Logan",ODU,24,1,0,0,0,0,0,0
odu:gordonlorenzo,"Gordon, Lorenzo",ODU,26,1,0,0,0,0,0,0
odu:saracpaul,"Sarac, Paul",ODU,3,1,0,0,0,0,0,0
odu:malcolmdawson,"Malcolm, Dawson",ODU,5,1,0,0,0,0,0,0
odu:arnesenwilliam,"Arnesen, William",ODU,7,1,0,0,0,0,0,0
odu:whitekey,"White, Key",ODU,11,1,0,0,0,0,0,0
odu:osygusnick,"Osygus, Nick",ODU,13,1,0,0,0,0,0,0
odu:lachineryan,"Lachine, Ryan",ODU,15,1,0,0,0,0,0,0
odu:tapudzaitafadzwa,"Tapudzai, Tafadzwa",ODU,16,1,0,0,0,0,0,0
odu:rodgersjordan,"Rodgers, Jordan",ODU,18,1,0,0,0,0,0,0
odu:buriadrian,"Buri, Adrian",ODU,20,1,0,0,0,0,0,0
odu:thomasconor,"Thomas, Conor",ODU,27,1,0,0,0,0,0,0
colgateplsemifinal:widrickeric,"Widrick, Eric",Colgate — PL Semifinal,0,1,0,0,0,0,0,0
colgateplsemifinal:catesconnor,"Cates, Connor",Colgate — PL Semifinal,2,1,0,0,0,0,0,0
colgateplsemifinal:diluciajulian,"Di Lucia, Julian",Colgate — PL Semifinal,5,1,0,0,0,0,0,0
colgateplsemifinal:couryalejandro,"Coury, Alejandro",Colgate — PL Semifinal,11,1,0,0,0,0,0,0
colgateplsemifinal:stephansdrew,"Stephans, Drew",Colgate — PL Semifinal,12,1,0,0,0,0,0,0
colgateplsemifinal:thygesonwill,"Thygeson, Will",Colgate — PL Semifinal,18,1,0,0,0,0,0,0
colgateplsemifinal:cheneyowen,"Cheney, Owen",Colgate — PL Semifinal,20,1,0,0,0,0,0,0
colgateplsemifinal:cardenascooper,"Cardenas, Cooper",Colgate — PL Semifinal,22,1,0,0,0,0,0,0
colgateplsemifinal:rodriguezlucas,"Rodriguez, Lucas",Colgate — PL Semifinal,24,1,0,0,0,0,0,0
colgateplsemifinal:kraussgavin,"Krauss, Gavin",Colgate — PL Semifinal,26,1,0,0,0,0,0,0
colgateplsemifinal:stjohnalex,"St. John, Alex",Colgate — PL Semifinal,27,1,0,0,0,0,0,0
colgateplsemifinal:geraghtyconor,"Geraghty, Conor",Colgate — PL Semifinal,29,1,0,0,0,0,0,0
colgateplsemifinal:ethridgeadam,"Ethridge, Adam",Colgate — PL Semifinal,31,1,0,0,0,0,0,0
no28marshall:rosedan,"Rose, Dan",No. 2/#8 Marshall,1,1,0,0,0,0,0,0
no28marshall:demarcoeddie,"DeMarco, Eddie",No. 2/#8 Marshall,36,1,0,0,0,0,0,0
no28marshall:magotaeijin,"Magota, Eijin",No. 2/#8 Marshall,99,1,0,0,0,0,0,0
no28marshall:kapilarohin,"Kapila, Rohin",No. 2/#8 Marshall,2,1,0,0,0,0,0,0
no28marshall:sordoaymane,"Sordo, Aymane",No. 2/#8 Marshall,10,1,0,0,0,0,0,0
no28marshall:prescottethan,"Prescott, Ethan",No. 2/#8 Marshall,13,1,0,0,0,0,0,0
no28marshall:fujitatakahiro,"Fujita, Takahiro",No. 2/#8 Marshall,15,1,0,0,0,0,0,0
no28marshall:santosfelipe,"Santos, Felipe",No. 2/#8 Marshall,16,1,0,0,0,0,0,0
no28marshall:mahoneyadrian,"Mahoney, Adrian",No. 2/#8 Marshall,22,1,0,0,0,0,0,0
no28marshall:manekemax,"Maneke, Max",No. 2/#8 Marshall,25,1,0,0,0,0,0,0
no28marshall:sekiguchimasaya,"Sekiguchi, Masaya",No. 2/#8 Marshall,32,1,0,0,0,0,0,0
no28marshall:amarobraian,"Amaro, Braian",No. 2/#8 Marshall,43,1,0,0,0,0,0,0
10no1seedwvu:mawertoby,"Mawer, Toby",#10/No. 1 Seed WVU,18,1,0,0,0,0,0,0
10no1seedwvu:nunezlorenzo,"Nunez, Lorenzo",#10/No. 1 Seed WVU,30,1,0,0,0,0,0,0
10no1seedwvu:collinschase,"Collins, Chase",#10/No. 1 Seed WVU,40,1,0,0,0,0,0,0
10no1seedwvu:vaubelryan,"Vaubel, Ryan",#10/No. 1 Seed WVU,2,1,0,0,0,0,0,0
10no1seedwvu:dromersdyon,"Dromers, Dyon",#10/No. 1 Seed WVU,6,1,0,0,0,0,0,0
10no1seedwvu:stevanovicbraden,"Stevanovic, Braden",#10/No. 1 Seed WVU,9,1,0,0,0,0,0,0
10no1seedwvu:tinocosam,"Tinoco, Sam",#10/No. 1 Seed WVU,12,1,0,0,0,0,0,0
10no1seedwvu:rossjake,"Ross, Jake",#10/No. 1 Seed WVU,13,1,0,0,0,0,0,0
10no1seedwvu:saulbarrett,"Saul, Barrett",#10/No. 1 Seed WVU,14,1,0,0,0,0,0,0
10no1seedwvu:clarksam,"Clark, Sam",#10/No. 1 Seed WVU,15,1,0,0,0,0,0,0
10no1seedwvu:tretheweymax,"Trethewey, Max",#10/No. 1 Seed WVU,16,1,0,0,0,0,0,0
10no1seedwvu:dekeldaksethan,"Dekel Daks, Ethan",#10/No. 1 Seed WVU,17,1,0,0,0,0,0,0
10no1seedwvu:ekqvistakseli,"Ekqvist, Akseli",#10/No. 1 Seed WVU,22,1,0,0,0,0,0,0
10no1seedwvu:jonkeweston,"Jonke, Weston",#10/No. 1 Seed WVU,24,1,0,0,0,0,0,0
10no1seedwvu:burkesebastian,"Burke, Sebastian",#10/No. 1 Seed WVU,29,1,0,0,0,0,0,0
longisland:villacisjonathan,"Villacis, Jonathan",Long Island,0,1,0,0,0,0,0,0
longisland:marottaandrew,"Marotta, Andrew",Long Island,30,1,0,0,0,0,0,0
longisland:justincicgianluca,"Justincic, Gianluca",Long Island,31,1,0,0,0,0,0,0
longisland:cerratojoe,"Cerrato, Joe",Long Island,3,1,0,0,0,0,0,0
longisland:arikstadjakob,"Arikstad, Jakob",Long Island,5,1,0,0,0,0,0,0
longisland:lesniewskiadam,"Lesniewski, Adam",Long Island,6,1,0,0,0,0,0,0
longisland:jaraivan,"Jara, Ivan",Long Island,7,1,0,0,0,0,0,0
longisland:vanegasjeffrey,"Vanegas, Jeffrey",Long Island,11,1,0,0,0,0,0,0
longisland:guardadojeremy,"Guardado, Jeremy",Long Island,12,1,0,0,0,0,0,0
longisland:lipertismarcos,"Lipertis, Marcos",Long Island,14,1,0,0,0,0,0,0
longisland:andbergfabian,"Andberg, Fabian",Long Island,16,1,0,0,0,0,0,0
longisland:mikkelsenjesper,"Mikkelsen, Jesper",Long Island,20,1,0,0,0,0,0,0
longisland:jaaskelainenrobin,"Jaaskelainen, Robin",Long Island,21,1,0,0,0,0,0,0
longisland:salinasmathew,"Salinas, Mathew",Long Island,22,1,0,0,0,0,0,0
longisland:riganojoseph,"Rigano, Joseph",Long Island,24,1,0,0,0,0,0,0
longisland:fossjordan,"Foss, Jordan",Long Island,25,1,0,0,0,0,0,0
longisland:kodymkuba,"Kodym, Kuba",Long Island,26,1,0,0,0,0,0,0
longisland:khosravicyrus,"Khosravi, Cyrus",Long Island,27,1,0,0,0,0,0,0
longisland:shinkyumin,"Shin, Kyumin",Long Island,34,1,0,0,0,0,0,0
24no4seedgeorgetown:ulrichluca,"Ulrich, Luca",(#24/No. 4 seed) Georgetown,0,1,0,0,0,0,0,0
24no4seedgeorgetown:demarcocharlie,"DeMarco, Charlie",(#24/No. 4 seed) Georgetown,24,1,0,0,0,0,0,0
24no4seedgeorgetown:averymiles,"Avery, Miles",(#24/No. 4 seed) Georgetown,5,1,0,0,0,0,0,0
24no4seedgeorgetown:mabieblaine,"Mabie, Blaine",(#24/No. 4 seed) Georgetown,12,1,0,0,0,0,0,0
24no4seedgeorgetown:brownjack,"Brown, Jack",(#24/No. 4 seed) Georgetown,16,1,0,0,0,0,0,0
24no4seedgeorgetown:barrioscristalesjulian,"Barrios Cristales, Julian",(#24/No. 4 seed) Georgetown,17,1,0,0,0,0,0,0
24no4seedgeorgetown:ahmedzayan,"Ahmed, Zayan",(#24/No. 4 seed) Georgetown,21,1,0,0,0,0,0,0
24no4seedgeorgetown:rumleymatiwos,"Rumley, Matiwos",(#24/No. 4 seed) Georgetown,23,1,0,0,0,0,0,0
24no4seedgeorgetown:sadapazjordi,"Sada-Paz, Jordi",(#24/No. 4 seed) Georgetown,27,1,0,0,0,0,0,0
westernmichigan:deitrichnoah,"Deitrich, Noah",Western Michigan,0,1,0,0,0,0,0,0
8no13seedmarshallsweet16:rosedan,"Rose, Dan",(#8/No. 13 seed) Marshall (Sweet 16),1,1,0,0,0,0,0,0
8no13seedmarshallsweet16:demarcoeddie,"DeMarco, Eddie",(#8/No. 13 seed) Marshall (Sweet 16),36,1,0,0,0,0,0,0
8no13seedmarshallsweet16:magotaeijin,"Magota, Eijin",(#8/No. 13 seed) Marshall (Sweet 16),99,1,0,0,0,0,0,0
8no13seedmarshallsweet16:kapilarohin,"Kapila, Rohin",(#8/No. 13 seed) Marshall (Sweet 16),2,1,0,0,0,0,0,0
8no13seedmarshallsweet16:prescottethan,"Prescott, Ethan",(#8/No. 13 seed) Marshall (Sweet 16),13,1,0,0,0,0,0,0
8no13seedmarshallsweet16:santosfelipe,"Santos, Felipe",(#8/No. 13 seed) Marshall (Sweet 16),16,1,0,0,0,0,0,0
8no13seedmarshallsweet16:mahoneyadrian,"Mahoney, Adrian",(#8/No. 13 seed) Marshall (Sweet 16),22,1,0,0,0,0,0,0
8no13seedmarshallsweet16:manekemax,"Maneke, Max",(#8/No. 13 seed) Marshall (Sweet 16),25,1,0,0,0,0,0,0
8no13seedmarshallsweet16:pintorai,"Pinto, Rai",(#8/No. 13 seed) Marshall (Sweet 16),31,1,0,0,0,0,0,0
8no13seedmarshallsweet16:sekiguchimasaya,"Sekiguchi, Masaya",(#8/No. 13 seed) Marshall (Sweet 16),32,1,0,0,0,0,0,0
8no13seedmarshallsweet16:amarobraian,"Amaro, Braian",(#8/No. 13 seed) Marshall (Sweet 16),43,1,0,0,0,0,0,0
