game_id,date,home_team_name,away_team_name,home_team_ranked,away_team_ranked,home_score,away_score,location_type,status,schedule_url,boxscore_url,boxscore_url_alt,dedupe_key,game_type
sidearm-2026-01-01-Loyola-Chicago-Green-Bay,2026-01-01,Loyola Chicago,Green Bay,false,false,,,unknown,scheduled,,,,2026-01-01-Green-Bay-Loyola-Chicago,regular
sidearm-2026-01-01-Loyola-Chicago-Northern-Illinois,2026-01-01,Loyola Chicago,Northern Illinois,false,false,,,unknown,scheduled,,,,2026-01-01-Loyola-Chicago-Northern-Illinois,regular
sidearm-2026-01-01-Loyola-Chicago-Milwaukee,2026-01-01,Loyola Chicago,Milwaukee,false,false,,,unknown,scheduled,,,,2026-01-01-Loyola-Chicago-Milwaukee,regular
sidearm-2026-01-01-Loyola-Chicago-DePaul,2026-01-01,Loyola Chicago,DePaul,false,false,,,unknown,scheduled,,,,2026-01-01-DePaul-Loyola-Chicago,regular
sidearm-2026-01-01-Loyola-Chicago-Santa-Clara,2026-01-01,Loyola Chicago,Santa Clara,false,false,,,unknown,scheduled,,,,2026-01-01-Loyola-Chicago-Santa-Clara,regular
sidearm-2026-01-01-Loyola-Chicago-Gonzaga,2026-01-01,Loyola Chicago,Gonzaga,false,false,,,unknown,scheduled,,,,2026-01-01-Gonzaga-Loyola-Chicago,regular
sidearm-2026-01-01-Loyola-Chicago-SIUE,2026-01-01,Loyola Chicago,SIUE,false,false,,,unknown,scheduled,,,,2026-01-01-Loyola-Chicago-SIUE,regular
sidearm-2026-01-01-Loyola-Chicago-UIC,2026-01-01,Loyola Chicago,UIC,false,false,,,unknown,scheduled,,,,2026-01-01-Loyola-Chicago-UIC,regular
sidearm-2026-01-01-Iona-Monmouth,2026-01-01,Iona,Monmouth,false,false,,,unknown,scheduled,,,,2026-01-01-Iona-Monmouth,regular
sidearm-2026-01-01-Iona-Seton-Hall,2026-01-01,Iona,Seton Hall,false,false,,,unknown,scheduled,,,,2026-01-01-Iona-Seton-Hall,regular
sidearm-2026-01-01-Iona-Syracuse,2026-01-01,Iona,Syracuse,false,false,,,unknown,scheduled,,,,2026-01-01-Iona-Syracuse,regular
sidearm-2026-01-01-Iona-Holy-Cross,2026-01-01,Iona,Holy Cross,false,false,,,unknown,scheduled,,,,2026-01-01-Holy-Cross-Iona,regular
sidearm-2026-01-01-Iona-UMass-Lowell,2026-01-01,Iona,UMass Lowell,false,false,,,unknown,scheduled,,,,2026-01-01-Iona-UMass-Lowell,regular
sidearm-2026-01-01-Iona-Saint-Joseph's,2026-01-01,Iona,Saint Joseph's,false,false,,,unknown,scheduled,,,,2026-01-01-Iona-Saint-Joseph's,regular
sidearm-2026-01-01-Iona-Canisius,2026-01-01,Iona,Canisius,false,false,,,unknown,scheduled,,,,2026-01-01-Canisius-Iona,regular
sidearm-2026-01-01-Iona-Mount-St.-Mary's,2026-01-01,Iona,Mount St. Mary's,false,false,,,unknown,scheduled,,,,2026-01-01-Iona-Mount-St.-Mary's,regular
sidearm-2026-01-01-Iona-Rider,2026-01-01,Iona,Rider University,false,false,,,unknown,scheduled,,,,2026-01-01-Iona-Rider-University,regular
sidearm-2026-01-01-Iona-Marist,2026-01-01,Iona,Marist,false,false,,,unknown,scheduled,,,,2026-01-01-Iona-Marist,regular
sidearm-2026-01-01-Iona-Sacred-Heart,2026-01-01,Iona,Sacred Heart,false,false,,,unknown,scheduled,,,,2026-01-01-Iona-Sacred-Heart,regular
sidearm-2026-01-01-Iona-Merrimack,2026-01-01,Iona,Merrimack College,false,false,,,unknown,scheduled,,,,2026-01-01-Iona-Merrimack-College,regular
sidearm-2026-01-01-Iona-Fairfield,2026-01-01,Iona,Fairfield,false,false,,,unknown,scheduled,,,,2026-01-01-Fairfield-Iona,regular
sidearm-2026-01-01-Iona-Niagara,2026-01-01,Iona,Niagara,false,false,,,unknown,scheduled,,,,2026-01-01-Iona-Niagara,regular
sidearm-2026-01-01-Iona-Quinnipiac,2026-01-01,Iona,Quinnipiac,false,false,,,unknown,scheduled,,,,2026-01-01-Iona-Quinnipiac,regular
sidearm-2026-01-01-Iona-Manhattan,2026-01-01,Iona,Manhattan,false,false,,,unknown,scheduled,,,,2026-01-01-Iona-Manhattan,regular
sidearm-2026-01-01-Iona-Metro-First-Round,2026-01-01,Iona,Metro First Round,false,false,,,unknown,scheduled,,,,2026-01-01-Iona-Metro-First-Round,regular
sidearm-2026-01-01-Iona-Metro-Semifinal,2026-01-01,Iona,Metro Semifinal,false,false,,,unknown,scheduled,,,,2026-01-01-Iona-Metro-Semifinal,regular
sidearm-2026-01-01-Iona-Metro-Championship,2026-01-01,Iona,Metro Championship,false,false,,,unknown,scheduled,,,,2026-01-01-Iona-Metro-Championship,regular
sidearm-2026-01-01-Merrimack-College-Manhattan-University,2026-01-01,Merrimack College,Manhattan,false,false,,,unknown,scheduled,,,,2026-01-01-Manhattan-Merrimack-College,regular
sidearm-2026-01-01-Merrimack-College-Merrimack,2026-01-01,Merrimack College,Merrimack College,false,false,,,unknown,scheduled,,,,2026-01-01-Merrimack-College-Merrimack-College,regular
sidearm-2026-01-01-Merrimack-College-Canisius-University,2026-01-01,Merrimack College,Canisius,false,false,,,unknown,scheduled,,,,2026-01-01-Canisius-Merrimack-College,regular
sidearm-2026-01-01-Merrimack-College-Central-Connecticut-State-University,2026-01-01,Merrimack College,Central Connecticut State University,false,false,,,unknown,scheduled,,,,2026-01-01-Central-Connecticut-State-University-Merrimack-College,regular
sidearm-2026-01-01-Merrimack-College-Dartmouth-College,2026-01-01,Merrimack College,Dartmouth College,false,false,,,unknown,scheduled,,,,2026-01-01-Dartmouth-College-Merrimack-College,regular
sidearm-2026-01-01-Merrimack-College-University-of-Massachusetts-Lowell,2026-01-01,Merrimack College,University of Massachusetts Lowell,false,false,,,unknown,scheduled,,,,2026-01-01-Merrimack-College-University-of-Massachusetts-Lowell,regular
sidearm-2026-01-01-Merrimack-College-Sacred-Heart-University,2026-01-01,Merrimack College,Sacred Heart,false,false,,,unknown,scheduled,,,,2026-01-01-Merrimack-College-Sacred-Heart,regular
sidearm-2026-01-01-Merrimack-College-Rider-University,2026-01-01,Merrimack College,Rider University,false,false,,,unknown,scheduled,,,,2026-01-01-Merrimack-College-Rider-University,regular
sidearm-2026-08-05-Western-Michigan-Brown-vs.-Gold-Game-(Exhibition),2026-08-05,Western Michigan,Brown vs. Gold Game,false,false,,,home,scheduled,,,,2026-08-05-Brown-vs.-Gold-Game-Western-Michigan,exhibition
sidearm-2026-08-06-Tulsa-Barton-College,2026-08-06,Tulsa,Barton College,false,false,4,1,home,final,,,,2026-08-06-Barton-College-Tulsa,regular
sidearm-2026-08-06-Stetson-Daytona-State,2026-08-06,Stetson,Daytona State,false,false,,,home,scheduled,,,,2026-08-06-Daytona-State-Stetson,regular
sidearm-2026-08-06-George-Washington-Montgomery-College-(Exh.),2026-08-06,George Washington,Montgomery College,false,false,,,home,scheduled,,,,2026-08-06-George-Washington-Montgomery-College,exhibition
sidearm-2026-08-07-SMU-Oral-Roberts-(Exh.),2026-08-07,SMU,Oral Roberts,false,false,,,home,scheduled,,,,2026-08-07-Oral-Roberts-SMU,exhibition
wmt-2026-08-07-VCU-Virginia-Tech,2026-08-07,VCU,Virginia Tech,false,false,,,away,final,https://hokiesports.com/sports/mens-soccer/schedule,,,2026-08-07-VCU-Virginia-Tech,regular
sidearm-2026-08-07-UAB-Bryan-(Exh.),2026-08-07,UAB,Bryan,false,false,,,home,scheduled,,,,2026-08-07-Bryan-UAB,exhibition
sidearm-2026-08-07-Dayton-IU-Indy-(Exh.),2026-08-07,Dayton,IU Indy,false,false,,,home,canceled,,,,2026-08-07-Dayton-IU-Indy,exhibition
sidearm-2026-08-07-Ohio-State-Wright-State-University,2026-08-07,Ohio State,Wright State,false,false,,,home,scheduled,,,,2026-08-07-Ohio-State-Wright-State,regular
wmt-2026-08-07-UC-Riverside-UCLA,2026-08-07,UCLA,UC Riverside,false,false,,,home,scheduled,https://uclabruins.com/sports/mens-soccer/schedule,,,2026-08-07-UC-Riverside-UCLA,regular
sidearm-2026-08-07-Utah-Valley-Snow-College,2026-08-07,Utah Valley,Snow College,false,false,,,home,scheduled,,,,2026-08-07-Snow-College-Utah-Valley,regular
sidearm-2026-08-07-Wofford-(Exhibition)-Charleston,2026-08-07,Wofford,Charleston,false,false,1,2,away,final,,,,2026-08-07-Charleston-Wofford,exhibition
sidearm-2026-08-07-Detroit-Mercy-Bowling-Green,2026-08-07,Detroit Mercy,Bowling Green,false,false,,,away,scheduled,,,,2026-08-07-Bowling-Green-Detroit-Mercy,regular
sidearm-2026-08-07-Milwaukee-Black-&-Gold-Match,2026-08-07,Milwaukee,Black & Gold Match,false,false,,,home,scheduled,,,,2026-08-07-Black-&-Gold-Match-Milwaukee,regular
sidearm-2026-08-07-Houston-Christian-Dallas-College-Richland-(ex),2026-08-07,Houston Christian,Dallas College Richland,false,false,,,home,scheduled,,,,2026-08-07-Dallas-College-Richland-Houston-Christian,exhibition
sidearm-2026-08-08-Duke-UNC-Wilmington,2026-08-08,Duke,UNC Wilmington,false,false,,,home,scheduled,,,,2026-08-08-Duke-UNC-Wilmington,regular
sidearm-2026-08-08-Louisville-Cumberland-University-(Tenn.)-(EXH),2026-08-08,Louisville,Cumberland University (Tenn.),false,false,,,home,scheduled,,,,2026-08-08-Cumberland-University-(Tenn.)-Louisville,exhibition
wmt-2026-08-08-Notre-Dame-UW-Green-Bay,2026-08-08,UW-Green Bay,Notre Dame,false,false,,,away,scheduled,https://fightingirish.com/sports/msoc/schedule,,,2026-08-08-Notre-Dame-UW-Green-Bay,regular
wmt-2026-08-08-CSU-Bakersfield-Stanford,2026-08-08,Stanford,CSU Bakersfield,false,false,3,1,home,final,https://gostanford.com/sports/mens-soccer/schedule,,,2026-08-08-CSU-Bakersfield-Stanford,regular
sidearm-2026-08-08-Syracuse-Marist-(Exhibition),2026-08-08,Syracuse,Marist,false,false,4,0,home,final,,,,2026-08-08-Marist-Syracuse,exhibition
sidearm-2026-08-08-FGCU-(Exh.)-South-Florida,2026-08-08,FGCU,South Florida,false,false,,,away,scheduled,,,,2026-08-08-FGCU-South-Florida,exhibition
sidearm-2026-08-08-Bellarmine-Union-College-(Ky.),2026-08-08,Bellarmine,Union College (Ky.),false,false,,,home,scheduled,,,,2026-08-08-Bellarmine-Union-College-(Ky.),regular
sidearm-2026-08-08-Central-Arkansas-NWACC-(Exhibition),2026-08-08,Central Arkansas,NWACC,false,false,,,unknown,scheduled,,,,2026-08-08-Central-Arkansas-NWACC,exhibition
sidearm-2026-08-08-FGCU-USF,2026-08-08,FGCU,USF,false,false,,,home,scheduled,,,,2026-08-08-FGCU-USF,regular
sidearm-2026-08-08-Lipscomb-University-of-the-Cumberlands-(Ky.),2026-08-08,Lipscomb,University of the Cumberlands (Ky.),false,false,,,home,scheduled,,,,2026-08-08-Lipscomb-University-of-the-Cumberlands-(Ky.),regular
sidearm-2026-08-08-Queens-Elon-University,2026-08-08,Queens,Elon University,false,false,,,home,scheduled,,,,2026-08-08-Elon-University-Queens,regular
sidearm-2026-08-08-La-Salle-Saint-Peter's-(Exhibition),2026-08-08,La Salle,Saint Peter's,false,false,,,away,scheduled,,,,2026-08-08-La-Salle-Saint-Peter's,exhibition
sidearm-2026-08-08-Loyola-Chicago-Michigan-State-(Exh.),2026-08-08,Loyola Chicago,Michigan State,false,false,1,1,away,final,,,,2026-08-08-Loyola-Chicago-Michigan-State,exhibition
sidearm-2026-08-08-Saint-Louis-DePaul,2026-08-08,Saint Louis,DePaul,true,false,,,home,scheduled,,,,2026-08-08-DePaul-Saint-Louis,regular
sidearm-2026-08-08-Butler-Marian-(Ind.),2026-08-08,Butler,Marian (Ind.),false,false,,,home,scheduled,,,,2026-08-08-Butler-Marian-(Ind.),regular
sidearm-2026-08-08-Purdue-Fort-Wayne-(Exhibition)-Marquette,2026-08-08,Purdue Fort Wayne,Marquette,false,false,,,away,scheduled,,,,2026-08-08-Marquette-Purdue-Fort-Wayne,exhibition
sidearm-2026-08-08-Xavier-Western-Michigan-(EXH),2026-08-08,Xavier,Western Michigan,false,false,,,home,scheduled,,,,2026-08-08-Western-Michigan-Xavier,exhibition
sidearm-2026-08-08-UNC-Asheville-Dalton-State,2026-08-08,UNC Asheville,Dalton State,false,false,,,home,scheduled,,,,2026-08-08-Dalton-State-UNC-Asheville,regular
sidearm-2026-08-08-Winthrop-Mercer,2026-08-08,Winthrop,Mercer,false,false,,,home,scheduled,,https://winthropeagles.com/boxscore.aspx?id=23965,,2026-08-08-Mercer-Winthrop,regular
sidearm-2026-08-08-Akron-(ex)-Michigan,2026-08-08,Akron,Michigan,false,false,,,away,scheduled,,,,2026-08-08-Akron-Michigan,exhibition
wmt-2026-08-08-American-Penn-State,2026-08-08,American,Penn State,false,false,,,away,final,https://gopsusports.com/sports/mens-soccer/schedule,,,2026-08-08-American-Penn-State,regular
sidearm-2026-08-08-Wisconsin-Drake-(Exhibition),2026-08-08,Wisconsin,Drake,false,false,,,home,scheduled,,,,2026-08-08-Drake-Wisconsin,exhibition
sidearm-2026-08-08-Sacramento-State-Santa-Clara,2026-08-08,Sacramento State,Santa Clara,false,false,,,away,scheduled,,,,2026-08-08-Sacramento-State-Santa-Clara,regular
sidearm-2026-08-08-UC-Santa-Barbara-Blue-Gold-Scrimmage,2026-08-08,UC Santa Barbara,Blue-Gold Scrimmage,false,false,,,home,scheduled,,,,2026-08-08-Blue-Gold-Scrimmage-UC-Santa-Barbara,exhibition
sidearm-2026-08-08-William-&-Mary-Georgetown,2026-08-08,William & Mary,Georgetown,false,false,,,home,scheduled,,https://tribeathletics.com/sports/mens-soccer/stats/2026/longwood/boxscore/28040,,2026-08-08-Georgetown-William-&-Mary,regular
sidearm-2026-08-08-Northern-Kentucky-Kentucky,2026-08-08,Northern Kentucky,Kentucky,false,false,,,away,scheduled,https://ukathletics.com/sports/msoc/schedule/2026,,,2026-08-08-Kentucky-Northern-Kentucky,regular
sidearm-2026-08-08-Robert-Morris-Rio-Grande,2026-08-08,Robert Morris,Rio Grande,false,false,,,home,scheduled,,,,2026-08-08-Rio-Grande-Robert-Morris,regular
sidearm-2026-08-08-UIC-Indian-Hills-CC-(exhibition),2026-08-08,UIC,Indian Hills CC,false,false,,,home,scheduled,,,,2026-08-08-Indian-Hills-CC-UIC,exhibition
sidearm-2026-08-08-Denver-(Exhibition)-Air-Force,2026-08-08,Denver,Air Force,false,false,,,away,scheduled,,,,2026-08-08-Air-Force-Denver,exhibition
sidearm-2026-08-08-Utah-Tech-Salt-Lake-Community-College-(Exhibition),2026-08-08,Utah Tech,Salt Lake Community College,false,false,0,2,home,final,,,,2026-08-08-Salt-Lake-Community-College-Utah-Tech,exhibition
sidearm-2026-08-08-UC-San-Diego-San-Diego,2026-08-08,UC San Diego,San Diego,false,false,,,away,scheduled,,,,2026-08-08-San-Diego-UC-San-Diego,regular
sidearm-2026-08-08-Furman-High-Point,2026-08-08,Furman,High Point,false,false,0,1,away,final,,https://highpointpanthers.com/boxscore.aspx?id=16293,,2026-08-08-Furman-High-Point,regular
sidearm-2026-08-08-UNC-Greensboro-Campbell-(exhibition),2026-08-08,UNC Greensboro,Campbell,false,false,,,unknown,scheduled,,,,2026-08-08-Campbell-UNC-Greensboro,exhibition
sidearm-2026-08-08-Omaha-Northeast-Community-College,2026-08-08,Omaha,Northeast Community College,false,false,,,away,scheduled,,,,2026-08-08-Northeast-Community-College-Omaha,regular
sidearm-2026-08-08-UMass-Fairfield-University-(Exh.),2026-08-08,UMass,Fairfield,false,false,,,home,scheduled,,,,2026-08-08-Fairfield-UMass,exhibition
wmt-2026-08-08-Duquesne-Old-Dominion,2026-08-08,Duquesne,Old Dominion,false,false,,,away,scheduled,https://odusports.com/sports/mens-soccer/schedule,,,2026-08-08-Duquesne-Old-Dominion,regular
wmt-2026-08-08-Oregon-State-Seattle,2026-08-08,Seattle,Oregon State,false,false,,,home,final,https://goseattleu.com/sports/mens-soccer/schedule,,,2026-08-08-Oregon-State-Seattle,regular
sidearm-2026-08-09-Coastal-Carolina-(Exh.)-Wake-Forest,2026-08-09,Coastal Carolina,Wake Forest,false,false,1,0,away,final,,,,2026-08-09-Coastal-Carolina-Wake-Forest,exhibition
sidearm-2026-08-09-Missouri-State-Northwest-Arkansas-CC,2026-08-09,Missouri State,Northwest Arkansas CC,false,false,,,home,scheduled,,,,2026-08-09-Missouri-State-Northwest-Arkansas-CC,regular
sidearm-2026-08-09-Tulsa-Richland,2026-08-09,Tulsa,Richland,false,false,8,0,home,final,,,,2026-08-09-Richland-Tulsa,regular
sidearm-2026-08-09-Central-Arkansas-National-Park-(Exhibition),2026-08-09,Central Arkansas,National Park,false,false,,,unknown,scheduled,,,,2026-08-09-Central-Arkansas-National-Park,exhibition
sidearm-2026-08-09-George-Washington-Loyola-(MD)-(Exh.),2026-08-09,George Washington,Loyola (MD),false,false,,,home,scheduled,,,,2026-08-09-George-Washington-Loyola-(MD),exhibition
sidearm-2026-08-09-Longwood-Patrick-&-Henry,2026-08-09,Longwood,Patrick & Henry,false,false,,,home,scheduled,,,,2026-08-09-Longwood-Patrick-&-Henry,regular
sidearm-2026-08-09-Oakland-Chicago-State-University,2026-08-09,Oakland,Chicago State,false,false,,,away,scheduled,,,,2026-08-09-Chicago-State-Oakland,regular
sidearm-2026-08-09-Belmont-University-Evansville,2026-08-09,Belmont University,University of Evansville,false,false,,,home,scheduled,,,,2026-08-09-Belmont-University-University-of-Evansville,regular
sidearm-2026-08-09-Eastern-Illinois-Lewis-&-Clark-CC-(ex.),2026-08-09,Eastern Illinois,Lewis & Clark CC,false,false,,,home,scheduled,,,,2026-08-09-Eastern-Illinois-Lewis-&-Clark-CC,exhibition
sidearm-2026-08-09-University-of-Southern-Indiana-Brescia-University-(Exh.),2026-08-09,University of Southern Indiana,Brescia University,false,false,,,home,scheduled,,,,2026-08-09-Brescia-University-University-of-Southern-Indiana,exhibition
sidearm-2026-08-09-UTRGV-Monterrey-Tech-(Exhibition),2026-08-09,UTRGV,Monterrey Tech,false,false,,,home,scheduled,,,,2026-08-09-Monterrey-Tech-UTRGV,exhibition
sidearm-2026-08-09-Cal-Poly-San-Francisco,2026-08-09,Cal Poly,San Francisco,false,false,,,home,scheduled,,,,2026-08-09-Cal-Poly-San-Francisco,regular
sidearm-2026-08-09-Gonzaga-Trinity-Western-(Exh.),2026-08-09,Gonzaga,Trinity Western,false,false,,,home,scheduled,,,,2026-08-09-Gonzaga-Trinity-Western,exhibition
sidearm-2026-08-09-Army-Iona-(Exh.),2026-08-09,Army,Iona,false,false,,,home,scheduled,,,,2026-08-09-Army-Iona,exhibition
sidearm-2026-08-09-UNC-Greensboro-Milligan-(exhibition),2026-08-09,UNC Greensboro,Milligan,false,false,,,unknown,scheduled,,,,2026-08-09-Milligan-UNC-Greensboro,exhibition
sidearm-2026-08-09-Seton-Hall-(Exhibition)-Marshall,2026-08-09,Seton Hall,Marshall,false,false,,,away,scheduled,,,,2026-08-09-Marshall-Seton-Hall,exhibition
wmt-2026-08-09-Daytona-State-UCF,2026-08-09,Daytona State,UCF,false,false,,,away,final,https://ucfknights.com/sports/mens-soccer/schedule,,,2026-08-09-Daytona-State-UCF,regular
wmt-2026-08-09-Jacksonville-UCF,2026-08-09,UCF,Jacksonville,false,false,,,neutral,final,https://ucfknights.com/sports/mens-soccer/schedule,,,2026-08-09-Jacksonville-UCF,regular
sidearm-2026-08-10-UMBC-Villanova,2026-08-10,UMBC,Villanova,false,false,,,home,scheduled,,,,2026-08-10-UMBC-Villanova,regular
sidearm-2026-08-10-UAB-West-Florida-(Exh.),2026-08-10,UAB,West Florida,false,false,,,home,scheduled,,,,2026-08-10-UAB-West-Florida,exhibition
sidearm-2026-08-10-Stetson-New-College-of-Florida,2026-08-10,Stetson,New College of Florida,false,false,,,home,scheduled,,,,2026-08-10-New-College-of-Florida-Stetson,regular
sidearm-2026-08-10-Indiana-Bowling-Green-(Exh.),2026-08-10,Indiana,Bowling Green,false,false,,,home,scheduled,,,,2026-08-10-Bowling-Green-Indiana,exhibition
sidearm-2026-08-10-Charleston-USC-Lancaster-(Exhibition),2026-08-10,Charleston,USC Lancaster,false,false,,,home,scheduled,,,,2026-08-10-Charleston-USC-Lancaster,exhibition
sidearm-2026-08-10-Manhattan-Essex-(Exh.),2026-08-10,Manhattan,Essex,false,false,,,home,scheduled,,,,2026-08-10-Essex-Manhattan,exhibition
sidearm-2026-08-10-UNLV-Arizona-Christian-(Exhibition),2026-08-10,UNLV,Arizona Christian,false,false,,,home,scheduled,,,,2026-08-10-Arizona-Christian-UNLV,exhibition
sidearm-2026-08-10-American-Georgetown-(Exhibition),2026-08-10,American,Georgetown,false,false,,,unknown,scheduled,,,,2026-08-10-American-Georgetown,exhibition
sidearm-2026-08-10-Loyola-Marymount-Cal-State-Fullerton,2026-08-10,Loyola Marymount,Cal State Fullerton,false,false,,,away,scheduled,,,,2026-08-10-Cal-State-Fullerton-Loyola-Marymount,regular
sidearm-2026-08-10-Saint-Mary's-Cal,2026-08-10,Saint Mary's,California,false,false,,,home,scheduled,,,,2026-08-10-California-Saint-Mary's,regular
sidearm-2026-08-11-Duke-UNC-Asheville,2026-08-11,Duke,UNC Asheville,true,false,,,home,scheduled,,,,2026-08-11-Duke-UNC-Asheville,regular
sidearm-2026-08-11-Syracuse-Mercyhurst-(Exhibition),2026-08-11,Syracuse,Mercyhurst,false,false,1,0,home,final,,,,2026-08-11-Mercyhurst-Syracuse,exhibition
wmt-2026-08-11-James-Madison-Virginia-Tech,2026-08-11,Virginia Tech,James Madison,false,false,,,home,final,https://hokiesports.com/sports/mens-soccer/schedule,,,2026-08-11-James-Madison-Virginia-Tech,regular
sidearm-2026-08-11-Rhode-Island-UMass-Lowell,2026-08-11,Rhode Island,UMass Lowell,false,false,,,away,scheduled,,,,2026-08-11-Rhode-Island-UMass-Lowell,regular
sidearm-2026-08-11-FIU-Barry-(Exh.),2026-08-11,FIU,Barry,false,false,,,home,scheduled,,,,2026-08-11-Barry-FIU,exhibition
sidearm-2026-08-11-Creighton-Missouri-State,2026-08-11,Creighton,Missouri State,false,false,1,3,neutral,final,,,,2026-08-11-Creighton-Missouri-State,regular
sidearm-2026-08-11-Bellarmine-Indiana-University-Columbus,2026-08-11,Bellarmine,Indiana University Columbus,false,false,,,home,canceled,,,,2026-08-11-Bellarmine-Indiana-University-Columbus,regular
sidearm-2026-08-11-Virginia-(Exh.)-Davidson-College,2026-08-11,Virginia,Davidson College,false,false,,,away,scheduled,,,,2026-08-11-Davidson-College-Virginia,exhibition
sidearm-2026-08-11-La-Salle-Mount-St.-Mary's-(Exhibition),2026-08-11,La Salle,Mount St. Mary's,false,false,,,home,scheduled,,,,2026-08-11-La-Salle-Mount-St.-Mary's,exhibition
sidearm-2026-08-11-Loyola-Chicago-Indian-Hills-(Exh.),2026-08-11,Loyola Chicago,Indian Hills,false,false,,,home,scheduled,,,,2026-08-11-Indian-Hills-Loyola-Chicago,exhibition
sidearm-2026-08-11-VCU-William-&-Mary-(Exhibition),2026-08-11,VCU,William & Mary,false,false,,,away,scheduled,,,,2026-08-11-VCU-William-&-Mary,exhibition
sidearm-2026-08-11-Michigan-Cleveland-State-(ex),2026-08-11,Michigan,Cleveland State,false,false,,,home,scheduled,,,,2026-08-11-Cleveland-State-Michigan,exhibition
sidearm-2026-08-11-Ohio-State-IU-Indy,2026-08-11,Ohio State,IU Indy,false,false,,,home,scheduled,,,,2026-08-11-IU-Indy-Ohio-State,regular
wmt-2026-08-11-UC-Irvine-UCLA,2026-08-11,UCLA,UC Irvine,false,false,0,1,home,final,https://uclabruins.com/sports/mens-soccer/schedule,,,2026-08-11-UC-Irvine-UCLA,regular
sidearm-2026-08-11-Wisconsin-St.-Thomas-(Exhibition),2026-08-11,Wisconsin,St. Thomas,false,false,,,home,scheduled,,,,2026-08-11-St.-Thomas-Wisconsin,exhibition
sidearm-2026-08-11-Stony-Brook-Fairfield-(Exh.),2026-08-11,Stony Brook,Fairfield,false,false,,,away,scheduled,,,,2026-08-11-Fairfield-Stony-Brook,exhibition
sidearm-2026-08-11-Oakland-Indiana-Tech,2026-08-11,Oakland,Indiana Tech,false,false,,,home,scheduled,,,,2026-08-11-Indiana-Tech-Oakland,regular
sidearm-2026-08-11-UIC-Purdue-Fort-Wayne,2026-08-11,UIC,Purdue Fort Wayne,false,false,,,away,scheduled,,,,2026-08-11-Purdue-Fort-Wayne-UIC,regular
sidearm-2026-08-11-UC-San-Diego-Arizona-Western,2026-08-11,UC San Diego,Arizona Western,false,false,,,unknown,scheduled,,,,2026-08-11-Arizona-Western-UC-San-Diego,regular
sidearm-2026-08-11-Navy-Delaware,2026-08-11,Navy,Delaware,false,false,,,away,scheduled,,,,2026-08-11-Delaware-Navy,regular
sidearm-2026-08-11-ETSU-Emory-&-Henry-(ex.),2026-08-11,ETSU,Emory & Henry,false,false,,,home,scheduled,,,,2026-08-11-ETSU-Emory-&-Henry,exhibition
sidearm-2026-08-11-South-Carolina-Mercer,2026-08-11,South Carolina,Mercer,false,false,,,away,scheduled,https://gamecocksonline.com/sports/msoc/schedule/2026,,,2026-08-11-Mercer-South-Carolina,regular
sidearm-2026-08-11-Kansas-City-Rockhurst-(Exh.),2026-08-11,Kansas City,Rockhurst,false,false,,,home,scheduled,,,,2026-08-11-Kansas-City-Rockhurst,exhibition
wmt-2026-08-11-Portland-Seattle,2026-08-11,Seattle,Portland,false,false,,,home,final,https://goseattleu.com/sports/mens-soccer/schedule,,,2026-08-11-Portland-Seattle,regular
sidearm-2026-08-12-Bryant-Boston-College,2026-08-12,Bryant,Boston College,false,false,,,away,scheduled,,,,2026-08-12-Boston-College-Bryant,regular
wmt-2026-08-12-Sacramento-State-Stanford,2026-08-12,Stanford,Sacramento State,false,false,1,0,home,final,https://gostanford.com/sports/mens-soccer/schedule,,,2026-08-12-Sacramento-State-Stanford,regular
sidearm-2026-08-12-Lipscomb-Cumberland-University-(Tenn.),2026-08-12,Lipscomb,Cumberland University (Tenn.),false,false,,,home,scheduled,,,,2026-08-12-Cumberland-University-(Tenn.)-Lipscomb,regular
sidearm-2026-08-12-Butler-Iowa-Western-CC,2026-08-12,Butler,Iowa Western CC,false,false,,,home,scheduled,,,,2026-08-12-Butler-Iowa-Western-CC,regular
sidearm-2026-08-12-DePaul-Indian-Hills-Community-College,2026-08-12,DePaul,Indian Hills Community College,false,false,,,home,scheduled,,,,2026-08-12-DePaul-Indian-Hills-Community-College,regular
sidearm-2026-08-12-Presbyterian-Georgia-Southern,2026-08-12,Presbyterian,Georgia Southern,false,false,,,away,scheduled,,,,2026-08-12-Georgia-Southern-Presbyterian,regular
sidearm-2026-08-12-Liberty-Radford,2026-08-12,Liberty,Radford,false,false,,,away,scheduled,,,,2026-08-12-Liberty-Radford,regular
sidearm-2026-08-12-Milwaukee-Parkside,2026-08-12,Milwaukee,Parkside,false,false,,,home,scheduled,,,,2026-08-12-Milwaukee-Parkside,regular
sidearm-2026-08-12-Drake-Dordt-(Exh.),2026-08-12,Drake,Dordt,false,false,,,home,scheduled,,,,2026-08-12-Dordt-Drake,exhibition
sidearm-2026-08-12-Western-Illinois-Clarke,2026-08-12,Western Illinois,Clarke,false,false,,,home,canceled,,,,2026-08-12-Clarke-Western-Illinois,regular
sidearm-2026-08-12-Wofford-High-Point-University-(EX),2026-08-12,Wofford,High Point,false,false,0,2,home,final,,https://highpointpanthers.com/boxscore.aspx?id=16293,,2026-08-12-High-Point-Wofford,exhibition
sidearm-2026-08-12-Coastal-Carolina-Catawba-,2026-08-12,Coastal Carolina,Catawba,false,false,2,1,home,final,,,,2026-08-12-Catawba-Coastal-Carolina,regular
sidearm-2026-08-12-Georgia-State-Clayton-State-(Exhib.),2026-08-12,Georgia State,Clayton State,false,false,,,unknown,scheduled,,,,2026-08-12-Clayton-State-Georgia-State,exhibition
sidearm-2026-08-13-Dayton-Robert-Morris-(Exh.),2026-08-13,Dayton,Robert Morris,false,false,,,home,scheduled,,,,2026-08-13-Dayton-Robert-Morris,exhibition
sidearm-2026-08-13-VMI-(Exh.)-George-Washington,2026-08-13,VMI,George Washington,false,false,,,away,scheduled,,,,2026-08-13-George-Washington-VMI,exhibition
sidearm-2026-08-13-UC-Davis-Cal,2026-08-13,UC Davis,California,false,false,,,home,scheduled,,,,2026-08-13-California-UC-Davis,regular
sidearm-2026-08-13-UC-Riverside-Cal-State-LA,2026-08-13,UC Riverside,Cal State LA,false,false,,,home,scheduled,,,,2026-08-13-Cal-State-LA-UC-Riverside,regular
sidearm-2026-08-13-Santa-Clara-Cal-State-East-Bay,2026-08-13,Santa Clara,Cal State East Bay,false,false,,,home,scheduled,,,,2026-08-13-Cal-State-East-Bay-Santa-Clara,regular
wmt-2026-08-14-Michigan-State-Notre-Dame,2026-08-14,Notre Dame,Michigan State,false,false,2,2,home,final,https://fightingirish.com/sports/msoc/schedule,,,2026-08-14-Michigan-State-Notre-Dame,regular
sidearm-2026-08-14-SMU-Tulsa-(Exh.),2026-08-14,SMU,Tulsa,false,false,,,home,scheduled,,,,2026-08-14-SMU-Tulsa,exhibition
sidearm-2026-08-14-Penn-State-(Exhibition)-Syracuse,2026-08-14,Penn State,Syracuse,false,false,1,1,away,final,https://gopsusports.com/sports/mens-soccer/schedule,,,2026-08-14-Penn-State-Syracuse,exhibition
wmt-2026-08-14-UNC-Greensboro-Virginia-Tech,2026-08-14,UNC Greensboro,Virginia Tech,false,false,,,away,final,https://hokiesports.com/sports/mens-soccer/schedule,,,2026-08-14-UNC-Greensboro-Virginia-Tech,regular
sidearm-2026-08-14-UMBC-Temple,2026-08-14,UMBC,Temple University,false,false,,,away,scheduled,,,,2026-08-14-Temple-University-UMBC,regular
sidearm-2026-08-14-FIU-Lynn-(Exh.),2026-08-14,FIU,Lynn,false,false,,,home,scheduled,,,,2026-08-14-FIU-Lynn,exhibition
sidearm-2026-08-14-Georgia-Southern-(Exh.)-South-Florida,2026-08-14,Georgia Southern,South Florida,false,false,,,away,scheduled,,,,2026-08-14-Georgia-Southern-South-Florida,exhibition
sidearm-2026-08-14-Kentucky-(Exh.)-UAB,2026-08-14,Kentucky,UAB,false,false,,,away,scheduled,https://ukathletics.com/sports/msoc/schedule/2026,,,2026-08-14-Kentucky-UAB,exhibition
sidearm-2026-08-14-FGCU-Tampa,2026-08-14,FGCU,Tampa,false,false,,,home,scheduled,,,,2026-08-14-FGCU-Tampa,regular
sidearm-2026-08-14-Stetson-Mercer,2026-08-14,Stetson,Mercer,false,false,,,away,scheduled,,,,2026-08-14-Mercer-Stetson,regular
sidearm-2026-08-14-Northwestern-(EXB)-Akron,2026-08-14,Northwestern,Akron,false,false,,,away,scheduled,,,,2026-08-14-Akron-Northwestern,regular
sidearm-2026-08-14-IU-Indy-(EXH)-Xavier,2026-08-14,IU Indy,Xavier,false,false,,,away,scheduled,,,,2026-08-14-IU-Indy-Xavier,exhibition
sidearm-2026-08-14-Presbyterian-USC-Lancaster,2026-08-14,Presbyterian,USC Lancaster,false,false,,,unknown,scheduled,,,,2026-08-14-Presbyterian-USC-Lancaster,regular
sidearm-2026-08-14-Michigan-Saginaw-Valley-(ex),2026-08-14,Michigan,Saginaw Valley,false,false,,,home,scheduled,,,,2026-08-14-Michigan-Saginaw-Valley,exhibition
sidearm-2026-08-14-UC-Santa-Barbara-LMU,2026-08-14,UC Santa Barbara,Loyola Marymount,false,false,1,0,home,final,,https://ucsbgauchos.com/sports/mens-soccer/stats/2026/lmu/boxscore/12745,,2026-08-14-Loyola-Marymount-UC-Santa-Barbara,regular
sidearm-2026-08-14-Utah-Valley-Denver,2026-08-14,Utah Valley,Denver,false,false,,,away,scheduled,,,,2026-08-14-Denver-Utah-Valley,regular
sidearm-2026-08-14-Jacksonville-(Exhibition)-Charleston,2026-08-14,Jacksonville,Charleston,false,false,,,away,scheduled,,,,2026-08-14-Charleston-Jacksonville,exhibition
sidearm-2026-08-14-Stony-Brook-St.-John's-(Exh.),2026-08-14,Stony Brook,St. John's,false,false,,,away,scheduled,,,,2026-08-14-St.-John's-Stony-Brook,exhibition
sidearm-2026-08-14-UNC-Wilmington-Charlotte,2026-08-14,UNC Wilmington,Charlotte,false,false,,,home,scheduled,,,,2026-08-14-Charlotte-UNC-Wilmington,regular
sidearm-2026-08-14-Detroit-Mercy-Northwood,2026-08-14,Detroit Mercy,Northwood,false,false,,,home,scheduled,,,,2026-08-14-Detroit-Mercy-Northwood,regular
sidearm-2026-08-14-Milwaukee-Bradley,2026-08-14,Milwaukee,Bradley,false,false,,,home,scheduled,,,,2026-08-14-Bradley-Milwaukee,regular
sidearm-2026-08-14-Oakland-Western-Michigan-University,2026-08-14,Oakland,Western Michigan,false,false,,,away,scheduled,,,,2026-08-14-Oakland-Western-Michigan,regular
sidearm-2026-08-14-Purdue-Fort-Wayne-Bowling-Green,2026-08-14,Purdue Fort Wayne,Bowling Green,false,false,,,home,scheduled,,,,2026-08-14-Bowling-Green-Purdue-Fort-Wayne,regular
sidearm-2026-08-14-Canisius-Colgate-(Exhibition),2026-08-14,Canisius,Colgate,false,false,,,home,scheduled,,,,2026-08-14-Canisius-Colgate,exhibition
sidearm-2026-08-14-UC-San-Diego-Grand-Canyon,2026-08-14,UC San Diego,Grand Canyon,false,false,,,unknown,scheduled,,,,2026-08-14-Grand-Canyon-UC-San-Diego,regular
sidearm-2026-08-14-American-Old-Dominion-(Exhibition),2026-08-14,American,Old Dominion,false,false,,,home,scheduled,https://odusports.com/sports/mens-soccer/schedule,,,2026-08-14-American-Old-Dominion,exhibition
sidearm-2026-08-14-Omaha-Fort-Hays-State,2026-08-14,Omaha,Fort Hays State,false,false,,,home,scheduled,,,,2026-08-14-Fort-Hays-State-Omaha,regular
sidearm-2026-08-14-Oral-Roberts-Northeastern-State-(EXHIBITION),2026-08-14,Oral Roberts,Northeastern State,false,false,,,home,scheduled,,,,2026-08-14-Northeastern-State-Oral-Roberts,exhibition
sidearm-2026-08-14-Siena-College-(Exh.)-UMass,2026-08-14,Siena,UMass,false,false,,,away,scheduled,,,,2026-08-14-Siena-UMass,exhibition
sidearm-2026-08-14-Georgia-Southern-USF-(EXH),2026-08-14,Georgia Southern,USF,false,false,,,home,scheduled,,,,2026-08-14-Georgia-Southern-USF,exhibition
wmt-2026-08-14-North-Florida-UCF,2026-08-14,UCF,North Florida,false,false,,,home,final,https://ucfknights.com/sports/mens-soccer/schedule,,,2026-08-14-North-Florida-UCF,regular
sidearm-2026-08-14-Pacific-Stanislaus-State-(Exh.),2026-08-14,Pacific,Stanislaus State,false,false,,,home,scheduled,,,,2026-08-14-Pacific-Stanislaus-State,exhibition
wmt-2026-08-14-Seattle-UC-Fraser-Valley,2026-08-14,Seattle,UC Fraser Valley,false,false,,,home,final,https://goseattleu.com/sports/mens-soccer/schedule,,,2026-08-14-Seattle-UC-Fraser-Valley,regular
sidearm-2026-08-14-Portland-Oregon-State-(Exh.),2026-08-14,Portland,Oregon State,false,false,,,away,scheduled,,https://portlandpilots.com/boxscore.aspx?id=13253,,2026-08-14-Oregon-State-Portland,exhibition
sidearm-2026-08-15-James-Madison-Duke,2026-08-15,James Madison,Duke,false,false,,,away,scheduled,,,,2026-08-15-Duke-James-Madison,regular
sidearm-2026-08-15-Louisville-SIUE-(EXH),2026-08-15,Louisville,SIUE,false,false,,,home,scheduled,,,,2026-08-15-Louisville-SIUE,exhibition
wmt-2026-08-15-Butler-Notre-Dame,2026-08-15,Notre Dame,Butler,false,false,,,home,scheduled,https://fightingirish.com/sports/msoc/schedule,,,2026-08-15-Butler-Notre-Dame,regular
wmt-2026-08-15-Cal-Poly-Stanford,2026-08-15,Stanford,Cal Poly,true,false,2,0,home,final,https://gostanford.com/sports/mens-soccer/schedule,,,2026-08-15-Cal-Poly-Stanford,regular
sidearm-2026-08-15-Wake-Forest-Furman-(Exh.),2026-08-15,Wake Forest,Furman,false,false,,,home,scheduled,,,,2026-08-15-Furman-Wake-Forest,exhibition
sidearm-2026-08-15-Stonehill-UMass-Lowell,2026-08-15,Stonehill College,UMass Lowell,false,false,,,away,scheduled,,,,2026-08-15-Stonehill-College-UMass-Lowell,regular
sidearm-2026-08-15-FIU-Miami-Dade-College-(Exh.),2026-08-15,FIU,Miami Dade College,false,false,,,home,scheduled,,,,2026-08-15-FIU-Miami-Dade-College,exhibition
sidearm-2026-08-15-Lindenwood-Missouri-State,2026-08-15,Lindenwood,Missouri State,false,false,,,away,scheduled,,,,2026-08-15-Lindenwood-Missouri-State,regular
sidearm-2026-08-15-Bellarmine-Wright-State-University,2026-08-15,Bellarmine,Wright State,false,false,,,away,scheduled,,,,2026-08-15-Bellarmine-Wright-State,regular
sidearm-2026-08-15-Central-Arkansas-Memphis-(Exhibition),2026-08-15,Central Arkansas,Memphis,false,false,,,home,scheduled,,,,2026-08-15-Central-Arkansas-Memphis,exhibition
sidearm-2026-08-15-Lipscomb-University-of-Alabama---Huntsville,2026-08-15,Lipscomb,University of Alabama - Huntsville,false,false,,,home,scheduled,,,,2026-08-15-Lipscomb-University-of-Alabama---Huntsville,regular
sidearm-2026-08-15-Queens-High-Point-University,2026-08-15,Queens,High Point,false,false,,,away,scheduled,,,,2026-08-15-High-Point-Queens,regular
sidearm-2026-08-15-Davidson-College-UNC-Asheville-(Exh.),2026-08-15,Davidson College,UNC Asheville,false,false,,,home,scheduled,,,,2026-08-15-Davidson-College-UNC-Asheville,exhibition
sidearm-2026-08-15-La-Salle-Navy-(Exhibition),2026-08-15,La Salle,Navy,false,false,,,away,scheduled,,,,2026-08-15-La-Salle-Navy,exhibition
sidearm-2026-08-15-Loyola-Chicago-Indiana-(Exh.),2026-08-15,Loyola Chicago,Indiana,false,false,,,away,scheduled,,,,2026-08-15-Indiana-Loyola-Chicago,exhibition
sidearm-2026-08-15-Saint-Joseph's-Drexel,2026-08-15,Saint Joseph's,Drexel,false,false,,,home,scheduled,,,,2026-08-15-Drexel-Saint-Joseph's,regular
sidearm-2026-08-15-Saint-Louis-Northern-Illinois,2026-08-15,Saint Louis,Northern Illinois,false,false,,,unknown,scheduled,,,,2026-08-15-Northern-Illinois-Saint-Louis,regular
sidearm-2026-08-15-VCU-Mount-St.-Mary's-(Exhibition),2026-08-15,VCU,Mount St. Mary's,false,false,,,unknown,scheduled,,,,2026-08-15-Mount-St.-Mary's-VCU,exhibition
sidearm-2026-08-15-Creighton-Kansas-City,2026-08-15,Creighton,Kansas City,false,false,0,0,home,final,,,,2026-08-15-Creighton-Kansas-City,regular
sidearm-2026-08-15-Wisconsin-DePaul,2026-08-15,Wisconsin,DePaul,false,false,,,away,scheduled,,,,2026-08-15-DePaul-Wisconsin,regular
sidearm-2026-08-15-Longwood-Virginia,2026-08-15,Longwood,Virginia,false,false,,,away,scheduled,,,,2026-08-15-Longwood-Virginia,regular
sidearm-2026-08-15-Winthrop-Columbia-College-(S.C.),2026-08-15,Winthrop,Columbia College (S.C.),false,false,,,home,scheduled,,https://winthropeagles.com/boxscore.aspx?id=23965,,2026-08-15-Columbia-College-(S.C.)-Winthrop,regular
sidearm-2026-08-15-Ohio-State-University-of-Indianapolis,2026-08-15,Ohio State,University of Indianapolis,false,false,,,home,scheduled,,,,2026-08-15-Ohio-State-University-of-Indianapolis,regular
wmt-2026-08-15-UCLA-UNLV,2026-08-15,UCLA,UNLV,false,false,,,home,scheduled,https://uclabruins.com/sports/mens-soccer/schedule,,,2026-08-15-UCLA-UNLV,regular
sidearm-2026-08-15-Sacramento-State-Menlo,2026-08-15,Sacramento State,Menlo,false,false,,,home,scheduled,,,,2026-08-15-Menlo-Sacramento-State,regular
sidearm-2026-08-15-William-&-Mary-Loyola-Maryland,2026-08-15,William & Mary,Loyola Maryland,false,false,,,away,scheduled,,,,2026-08-15-Loyola-Maryland-William-&-Mary,regular
sidearm-2026-08-15-Northern-Kentucky-Evansville,2026-08-15,Northern Kentucky,University of Evansville,false,false,,,home,scheduled,,,,2026-08-15-Northern-Kentucky-University-of-Evansville,regular
sidearm-2026-08-15-Manhattan-Binghamton-(Exh.),2026-08-15,Manhattan,Binghamton,false,false,,,home,scheduled,,,,2026-08-15-Binghamton-Manhattan,exhibition
sidearm-2026-08-15-Belmont-University-Trevecca-Nazarene,2026-08-15,Belmont University,Trevecca Nazarene,false,false,,,home,scheduled,,,,2026-08-15-Belmont-University-Trevecca-Nazarene,regular
sidearm-2026-08-15-Drake-Iowa-Western-CC-(Exh.),2026-08-15,Drake,Iowa Western CC,false,false,,,home,scheduled,,,,2026-08-15-Drake-Iowa-Western-CC,exhibition
sidearm-2026-08-15-UIC-Eastern-Illinois-(exhibition),2026-08-15,UIC,Eastern Illinois,false,false,,,home,scheduled,,,,2026-08-15-Eastern-Illinois-UIC,exhibition
sidearm-2026-08-15-Air-Force-Regis-(Exhibition),2026-08-15,Air Force,Regis,false,false,,,home,scheduled,,,,2026-08-15-Air-Force-Regis,exhibition
sidearm-2026-08-15-Air-Force-MSU-Denver-(Exhibition),2026-08-15,Air Force,MSU Denver,false,false,,,home,scheduled,,,,2026-08-15-Air-Force-MSU-Denver,exhibition
sidearm-2026-08-15-Utah-Tech-Mohave-CC-(Exhibition),2026-08-15,Utah Tech,Mohave CC,false,false,2,0,home,final,,,,2026-08-15-Mohave-CC-Utah-Tech,exhibition
sidearm-2026-08-15-Chicago-State-Roosevelt-University-(Exhibition),2026-08-15,Chicago State,Roosevelt University,false,false,,,away,scheduled,,,,2026-08-15-Chicago-State-Roosevelt-University,exhibition
sidearm-2026-08-15-Houston-Christian-St.-Edward's-(ex),2026-08-15,Houston Christian,St. Edward's,false,false,,,home,scheduled,,,,2026-08-15-Houston-Christian-St.-Edward's,exhibition
sidearm-2026-08-15-University-of-Southern-Indiana-Marian-University-(Exh.),2026-08-15,University of Southern Indiana,Marian University,false,false,,,home,canceled,,,,2026-08-15-Marian-University-University-of-Southern-Indiana,exhibition
sidearm-2026-08-15-University-of-Southern-Indiana-Blue-vs.-White-Scrimmage,2026-08-15,University of Southern Indiana,Blue vs. White Scrimmage,false,false,,,home,scheduled,,,,2026-08-15-Blue-vs.-White-Scrimmage-University-of-Southern-Indiana,exhibition
sidearm-2026-08-15-UTRGV-Texas-A&M-International-(Exhibition),2026-08-15,UTRGV,Texas A&M International,false,false,,,away,scheduled,,,,2026-08-15-Texas-A&M-International-UTRGV,exhibition
sidearm-2026-08-15-Gonzaga-Warner-Pacific-(Ore.)-(Exh),2026-08-15,Gonzaga,Warner Pacific (Ore.),false,false,,,home,scheduled,,,,2026-08-15-Gonzaga-Warner-Pacific-(Ore.),exhibition
wmt-2026-08-15-Point-Loma-San-Diego-State,2026-08-15,San Diego State,Point Loma,false,false,1,0,home,final,https://goaztecs.com/sports/mens-soccer/schedule,,,2026-08-15-Point-Loma-San-Diego-State,regular
sidearm-2026-08-15-Marist-(Exh.)-Army,2026-08-15,Marist,Army,false,false,,,away,scheduled,,,,2026-08-15-Army-Marist,exhibition
sidearm-2026-08-15-ETSU-University-of-the-Cumberlands-(ex.),2026-08-15,ETSU,University of the Cumberlands,false,false,,,home,scheduled,,,,2026-08-15-ETSU-University-of-the-Cumberlands,exhibition
sidearm-2026-08-15-Wofford-University-of-South-Carolina-(EX),2026-08-15,Wofford,South Carolina,false,false,,,away,canceled,https://gamecocksonline.com/sports/msoc/schedule/2026,,,2026-08-15-South-Carolina-Wofford,exhibition
sidearm-2026-08-15-Coastal-Carolina-USC-Upstate,2026-08-15,Coastal Carolina,USC Upstate,false,false,2,2,home,final,,,,2026-08-15-Coastal-Carolina-USC-Upstate,regular
sidearm-2026-08-15-Georgia-State-Clemson-(Exhib.),2026-08-15,Georgia State,Clemson,false,false,,,unknown,scheduled,,,,2026-08-15-Clemson-Georgia-State,exhibition
sidearm-2026-08-15-Marshall-Charleston-(Exhibition),2026-08-15,Marshall,Charleston,false,false,,,home,scheduled,,,,2026-08-15-Charleston-Marshall,exhibition
sidearm-2026-08-15-San-Diego-CSUN,2026-08-15,San Diego,CSUN,false,false,,,home,scheduled,,,,2026-08-15-CSUN-San-Diego,regular
sidearm-2026-08-15-San-Francisco-San-José-State-(Exh.),2026-08-15,San Francisco,San Jose State,false,false,,,home,scheduled,,,,2026-08-15-San-Francisco-San-Jose-State,exhibition
sidearm-2026-08-15-High-Point-Queens-U.-(N.C.),2026-08-15,High Point,Queens U. (N.C.),false,false,3,1,home,final,,https://highpointpanthers.com/boxscore.aspx?id=16293,,2026-08-15-High-Point-Queens-U.-(N.C.),regular
sidearm-2026-08-16-UMass-Lowell-Southern-Connecticut-State,2026-08-16,UMass Lowell,Southern Connecticut State,false,false,,,home,scheduled,,,,2026-08-16-Southern-Connecticut-State-UMass-Lowell,regular
sidearm-2026-08-16-FGCU-Florida-Southern,2026-08-16,FGCU,Florida Southern,false,false,,,home,scheduled,,,,2026-08-16-FGCU-Florida-Southern,regular
sidearm-2026-08-16-Queens-Francis-Marion-University,2026-08-16,Queens,Francis Marion University,false,false,,,home,scheduled,,,,2026-08-16-Francis-Marion-University-Queens,regular
sidearm-2026-08-16-Radford-Lees-McRae,2026-08-16,Radford,Lees-McRae,false,false,,,home,scheduled,,,,2026-08-16-Lees-McRae-Radford,regular
sidearm-2026-08-16-Robert-Morris-Seton-Hill-University-(Pa.),2026-08-16,Robert Morris,Seton Hill University (Pa.),false,false,,,home,scheduled,,,,2026-08-16-Robert-Morris-Seton-Hill-University-(Pa.),regular
sidearm-2026-08-16-UC-Davis-Chico-State,2026-08-16,UC Davis,Chico State,false,false,,,home,scheduled,,,,2026-08-16-Chico-State-UC-Davis,regular
sidearm-2026-08-16-Pacific-Fresno-Pacific-(Exh.),2026-08-16,Pacific,Fresno Pacific,false,false,,,home,scheduled,,,,2026-08-16-Fresno-Pacific-Pacific,exhibition
sidearm-2026-08-16-Saint-Mary's-Cal-State-East-Bay,2026-08-16,Saint Mary's,Cal State East Bay,false,false,,,home,scheduled,,,,2026-08-16-Cal-State-East-Bay-Saint-Mary's,regular
sidearm-2026-08-17-Western-Illinois-Indian-Hills-Community-College-Centerville,2026-08-17,Western Illinois,Indian Hills Community College-Centerville,false,false,,,home,scheduled,,,,2026-08-17-Indian-Hills-Community-College-Centerville-Western-Illinois,regular
sidearm-2026-08-18-Manhattan-BMCC-(Exh.),2026-08-18,Manhattan,BMCC,false,false,,,home,scheduled,,,,2026-08-18-BMCC-Manhattan,exhibition
sidearm-2026-08-20-Boston-College-Merrimack,2026-08-20,Boston College,Merrimack College,false,false,4,0,home,final,,https://bceagles.com/sports/mens-soccer/stats/2026/merrimack/boxscore/26891,https://merrimackathletics.com/sports/mens-soccer/stats/2026/boston-college/boxscore/13765,2026-08-20-Boston-College-Merrimack-College,regular
wmt-2026-08-20-Clemson-Furman,2026-08-20,Clemson,Furman,false,true,5,1,home,final,https://clemsontigers.com/sports/mens-soccer/schedule,https://clemsontigers.com/boxscore/10523,https://furmanpaladins.com/sports/mens-soccer/stats/2026/clemson/boxscore/10334,2026-08-20-Clemson-Furman,regular
sidearm-2026-08-20-Duke-Seton-Hall,2026-08-20,Duke,Seton Hall,false,false,2,1,home,final,,https://goduke.com/sports/mens-soccer/stats/2026/seton-hall/boxscore/25341,https://shupirates.com/sports/mens-soccer/stats/2026/duke/boxscore/11295,2026-08-20-Duke-Seton-Hall,regular
sidearm-2026-08-20-Louisville-IU-Indy,2026-08-20,Louisville,IU Indy,false,false,2,1,home,final,,https://gocards.com/sports/mens-soccer/stats/2026/iu-indy/boxscore/26342,https://iuindyjags.com/sports/mens-soccer/stats/2026/louisville/boxscore/17378,2026-08-20-IU-Indy-Louisville,regular
sidearm-2026-08-20-NC-State-Coastal-Carolina,2026-08-20,NC State,Coastal Carolina,true,false,0,0,home,final,,https://gopack.com/sports/mens-soccer/stats/2026/coastal-carolina/boxscore/24642,https://goccusports.com/sports/mens-soccer/stats/2026/no-2-nc-state/boxscore/24283,2026-08-20-Coastal-Carolina-NC-State,regular
wmt-2026-08-20-Indiana-Notre-Dame,2026-08-20,Indiana,Notre Dame,true,false,3,1,away,final,https://fightingirish.com/sports/msoc/schedule,https://fightingirish.com/boxscore/20466,https://iuhoosiers.com/sports/mens-soccer/stats/2026/notre-dame/boxscore/28620,2026-08-20-Indiana-Notre-Dame,regular
sidearm-2026-08-20-SMU-Stetson,2026-08-20,SMU,Stetson,false,false,3,1,home,final,,https://smumustangs.com/sports/mens-soccer/stats/2026/stetson/boxscore/14510,https://gohatters.com/sports/mens-soccer/stats/2026/smu/boxscore/16490,2026-08-20-SMU-Stetson,regular
wmt-2026-08-20-Grand-Canyon-Stanford,2026-08-20,Stanford,Grand Canyon,true,true,2,1,home,final,https://gostanford.com/sports/mens-soccer/schedule,https://gostanford.com/boxscore/27570,https://gculopes.com/sports/mens-soccer/stats/2026/stanford/boxscore/21211,2026-08-20-Grand-Canyon-Stanford,regular
sidearm-2026-08-20-#24-UConn-Syracuse,2026-08-20,UConn,Syracuse,true,false,1,2,away,final,,https://cuse.com/sports/mens-soccer/stats/2026/uconn/boxscore/18949,https://uconnhuskies.com/sports/mens-soccer/stats/2026/syracuse/boxscore/25521,2026-08-20-Syracuse-UConn,regular
sidearm-2026-08-20-#5-Georgetown-North-Carolina,2026-08-20,Georgetown,North Carolina,true,false,1,1,away,final,,https://goheels.com/sports/mens-soccer/stats/2026/georgetown/boxscore/27016,https://guhoyas.com/sports/mens-soccer/stats/2026/north-carolina/boxscore/22001,2026-08-20-Georgetown-North-Carolina,regular
wmt-2026-08-20-UCLA-Virginia,2026-08-20,Virginia,UCLA,true,false,1,2,home,final,https://virginiasports.com/sports/msoc/schedule,https://virginiasports.com/boxscore/19598,https://uclabruins.com/boxscore/19014,2026-08-20-UCLA-Virginia,regular
wmt-2026-08-20-Ohio-State-Virginia-Tech,2026-08-20,Ohio State,Virginia Tech,false,false,1,0,away,final,https://hokiesports.com/sports/mens-soccer/schedule,https://hokiesports.com/boxscore/23325,https://ohiostatebuckeyes.com/sports/mens-soccer/stats/2026/virginia-tech/boxscore/22419,2026-08-20-Ohio-State-Virginia-Tech,regular
sidearm-2026-08-20-Wake-Forest-San-Francisco,2026-08-20,Wake Forest,San Francisco,false,false,4,2,home,final,,https://godeacs.com/sports/mens-soccer/stats/2026/san-francisco/boxscore/14691,https://usfdons.com/sports/mens-soccer/stats/2026/wake-forest/boxscore/8932,2026-08-20-San-Francisco-Wake-Forest,regular
sidearm-2026-08-20-Binghamton-Mount-St.-Mary's-(Md.),2026-08-20,Binghamton,Mount St. Mary's,false,false,0,0,away,final,,https://bubearcats.com/boxscore.aspx?id=15684,https://mountathletics.com/sports/mens-soccer/stats/2026/binghamton/boxscore/10140,2026-08-20-Binghamton-Mount-St.-Mary's,regular
sidearm-2026-08-20-Bryant-University-of-Massachusetts,2026-08-20,Bryant,University of Massachusetts,false,false,2,2,home,final,,https://bryantbulldogs.com/sports/mens-soccer/stats/2026/university-of-massachusetts/boxscore/12439,,2026-08-20-Bryant-University-of-Massachusetts,regular
sidearm-2026-08-20-Colgate-New-Hampshire,2026-08-20,Colgate,New Hampshire,false,false,1,0,away,final,,https://unhwildcats.com/sports/mens-soccer/stats/2026/colgate/boxscore/9686,,2026-08-20-Colgate-New-Hampshire,regular
sidearm-2026-08-20-NJIT-Siena,2026-08-20,NJIT,Siena,false,false,1,3,home,final,,https://njithighlanders.com/sports/mens-soccer/stats/2026/siena/boxscore/11464,https://sienasaints.com/boxscore.aspx?id=18807,2026-08-20-NJIT-Siena,regular
sidearm-2026-08-20-University-of-the-Incarnate-Word-UMass-Lowell,2026-08-20,University of the Incarnate Word,UMass Lowell,false,false,1,1,away,final,,https://goriverhawks.com/sports/mens-soccer/stats/2026/university-of-the-incarnate-word/boxscore/9820,,2026-08-20-UMass-Lowell-University-of-the-Incarnate-Word,regular
sidearm-2026-08-20-UMBC-UNC-Wilmington,2026-08-20,UMBC,UNC Wilmington,false,false,,,home,scheduled,,,,2026-08-20-UMBC-UNC-Wilmington,regular
sidearm-2026-08-20-Vermont-George-Mason,2026-08-20,Vermont,George Mason,false,false,2,0,home,final,https://gomason.com,https://uvmathletics.com/sports/mens-soccer/stats/2026/george-mason/boxscore/6788,,2026-08-20-George-Mason-Vermont,regular
sidearm-2026-08-20-Charlotte-#23-West-Virginia,2026-08-20,Charlotte,West Virginia,false,true,3,0,home,final,,https://charlotte49ers.com/sports/mens-soccer/stats/2026/-23-west-virginia/boxscore/20024,https://wvusports.com/sports/mens-soccer/stats/2026/charlotte/boxscore/21659,2026-08-20-Charlotte-West-Virginia,regular
sidearm-2026-08-20-Mercer-FAU,2026-08-20,Mercer,FAU,false,false,0,3,away,final,,https://fausports.com/sports/mens-soccer/stats/2026/mercer/boxscore/24677,https://mercerbears.com/sports/mens-soccer/stats/2026/florida-atlantic/boxscore/18859,2026-08-20-FAU-Mercer,regular
sidearm-2026-08-20-FIU-Creighton,2026-08-20,FIU,Creighton,false,false,2,6,away,final,,https://fiusports.com/sports/mens-soccer/stats/2026/creighton/boxscore/14892,https://gocreighton.com/sports/mens-soccer/stats/2026/florida-international/boxscore/16812,2026-08-20-Creighton-FIU,regular
sidearm-2026-08-20-Belmont-Memphis,2026-08-20,Belmont University,Memphis,false,false,0,2,away,final,,https://gotigersgo.com/sports/mens-soccer/stats/2026/belmont/boxscore/20117,https://belmontbruins.com/sports/mens-soccer/stats/2026/memphis/boxscore/7282,2026-08-20-Belmont-University-Memphis,regular
sidearm-2026-08-20-Missouri-State-Quinnipiac,2026-08-20,Missouri State,Quinnipiac,false,false,3,1,home,final,,https://missouristatebears.com/sports/mens-soccer/stats/2026/quinnipiac/boxscore/7997,https://gobobcats.com/sports/mens-soccer/stats/2026/missouri-state/boxscore/23752,2026-08-20-Missouri-State-Quinnipiac,regular
sidearm-2026-08-20-South-Florida-Winthrop,2026-08-20,South Florida,Winthrop,false,false,1,2,home,final,,https://gousfbulls.com/sports/mens-soccer/stats/2026/winthrop/boxscore/14448,https://winthropeagles.com/boxscore.aspx?id=23965,2026-08-20-South-Florida-Winthrop,regular
sidearm-2026-08-20-Villanova-Temple-University,2026-08-20,Villanova,Temple University,false,false,1,0,away,final,,https://owlsports.com/sports/mens-soccer/stats/2026/villanova/boxscore/16000,https://villanova.com/sports/mens-soccer/stats/2026/temple-university/boxscore/17748,2026-08-20-Temple-University-Villanova,regular
sidearm-2026-08-20-Tulsa-UIC,2026-08-20,Tulsa,UIC,false,false,1,0,home,final,,https://tulsahurricane.com/sports/mens-soccer/stats/2026/uic/boxscore/16280,https://uicflames.com/sports/mens-soccer/stats/2026/tulsa/boxscore/21452,2026-08-20-Tulsa-UIC,regular
sidearm-2026-08-20-UAB-Lipscomb-,2026-08-20,UAB,Lipscomb,false,false,1,1,home,final,,https://uabsports.com/sports/mens-soccer/stats/2026/lipscomb/boxscore/23206,https://lipscombsports.com/sports/mens-soccer/stats/2026/uab/boxscore/13588,2026-08-20-Lipscomb-UAB,regular
sidearm-2026-08-20-Bellarmine-University-of-Evansville,2026-08-20,Bellarmine,University of Evansville,false,false,3,2,home,final,,https://athletics.bellarmine.edu/sports/mens-soccer/stats/2026/university-of-evansville/boxscore/9045,https://gopurpleaces.com/sports/mens-soccer/stats/2026/bellarmine/boxscore/12511,2026-08-20-Bellarmine-University-of-Evansville,regular
sidearm-2026-08-20-Central-Arkansas-Drake,2026-08-20,Central Arkansas,Drake,false,false,1,1,away,final,,https://ucasports.com/sports/mens-soccer/stats/2026/drake/boxscore/12440,https://godrakebulldogs.com/sports/mens-soccer/stats/2026/central-arkansas/boxscore/14039,2026-08-20-Central-Arkansas-Drake,regular
sidearm-2026-08-20-FGCU-Georgia-Southern,2026-08-20,FGCU,Georgia Southern,false,false,1,3,away,final,,https://fgcuathletics.com/sports/mens-soccer/stats/2026/georgia-southern/boxscore/15157,https://gseagles.com/sports/mens-soccer/stats/2026/fgcu/boxscore/17484,2026-08-20-FGCU-Georgia-Southern,regular
sidearm-2026-08-20-Jacksonville-Houston-Christian,2026-08-20,Jacksonville,Houston Christian,false,false,2,0,home,final,,https://judolphins.com/sports/mens-soccer/stats/2026/houston-christian/boxscore/7682,https://hcuhuskies.com/sports/mens-soccer/stats/2026/jacksonville/boxscore/6670,2026-08-20-Houston-Christian-Jacksonville,regular
sidearm-2026-08-20-North-Florida-South-Carolina,2026-08-20,North Florida,South Carolina,false,false,1,4,home,final,https://gamecocksonline.com/sports/msoc/schedule/2026,https://unfospreys.com/sports/mens-soccer/stats/2026/south-carolina/boxscore/21496,https://gamecocksonline.com/boxscore/msoc-at-north-florida-8-20-26/,2026-08-20-North-Florida-South-Carolina,regular
sidearm-2026-08-20-Queens-East-Tennessee-State-University,2026-08-20,Queens,ETSU,false,false,0,1,home,final,,https://queensathletics.com/sports/mens-soccer/stats/2026/east-tennessee-state-university/boxscore/13393,https://etsubucs.com/sports/mens-soccer/stats/2026/queens/boxscore/12806,2026-08-20-ETSU-Queens,regular
sidearm-2026-08-20-College-of-Charleston-Davidson-College,2026-08-20,Charleston,Davidson College,false,false,1,1,away,final,,https://davidsonwildcats.com/sports/mens-soccer/stats/2026/college-of-charleston/boxscore/10314,https://cofcsports.com/sports/mens-soccer/stats/2026/davidson/boxscore/12967,2026-08-20-Charleston-Davidson-College,regular
sidearm-2026-08-20-Dayton-Akron,2026-08-20,Dayton,Akron,false,false,0,3,away,final,,https://daytonflyers.com/sports/mens-soccer/stats/2026/akron/boxscore/17748,https://gozips.com/sports/mens-soccer/stats/2026/dayton/boxscore/11390,2026-08-20-Akron-Dayton,regular
sidearm-2026-08-20-Duquesne-Lafayette,2026-08-20,Duquesne,Lafayette,false,false,0,0,home,final,,https://goduquesne.com/sports/mens-soccer/stats/2026/lafayette/boxscore/22994,https://goleopards.com/boxscore.aspx?id=13981,2026-08-20-Duquesne-Lafayette,regular
sidearm-2026-08-20-Fordham-Gonzaga-University,2026-08-20,Fordham,Gonzaga,false,false,0,0,away,final,,https://fordhamsports.com/sports/mens-soccer/stats/2026/gonzaga-university/boxscore/21089,https://gozags.com/sports/mens-soccer/stats/2026/fordham/boxscore/10306,2026-08-20-Fordham-Gonzaga,regular
sidearm-2026-08-20-George-Washington-Old-Dominion,2026-08-20,George Washington,Old Dominion,false,false,1,3,home,final,https://odusports.com/sports/mens-soccer/schedule,https://gwsports.com/sports/mens-soccer/stats/2026/old-dominion/boxscore/15630,https://odusports.com/boxscore/15072,2026-08-20-George-Washington-Old-Dominion,regular
sidearm-2026-08-20-Loyola-Chicago-Green-Bay,2026-08-20,Loyola Chicago,Green Bay,false,false,2,0,away,final,,https://loyolaramblers.com/sports/mens-soccer/stats/2026/green-bay/boxscore/7190,,2026-08-20-Green-Bay-Loyola-Chicago,regular
sidearm-2026-08-20-Rhode-Island-Stonehill,2026-08-20,Rhode Island,Stonehill College,false,false,2,3,home,final,,https://gorhody.com/sports/mens-soccer/stats/2026/stonehill/boxscore/11964,https://stonehillskyhawks.com/sports/mens-soccer/stats/2026/university-of-rhode-island/boxscore/10686,2026-08-20-Rhode-Island-Stonehill-College,regular
sidearm-2026-08-20-St.-Bonaventure-Niagara,2026-08-20,St. Bonaventure,Niagara,false,false,2,0,away,final,,https://gobonnies.com/sports/mens-soccer/stats/2026/niagara/boxscore/8627,https://purpleeagles.com/sports/mens-soccer/stats/2026/st-bonaventure/boxscore/17955,2026-08-20-Niagara-St.-Bonaventure,regular
sidearm-2026-08-20-Saint-Louis-Seattle,2026-08-20,Saint Louis,Seattle,true,false,4,0,away,final,https://goseattleu.com/sports/mens-soccer/schedule,https://slubillikens.com/sports/mens-soccer/stats/2026/seattle/boxscore/18700,https://goseattleu.com/boxscore/8738,2026-08-20-Saint-Louis-Seattle,regular
sidearm-2026-08-20-VCU-UNC-Greensboro,2026-08-20,VCU,UNC Greensboro,false,false,1,4,unknown,final,,https://vcuathletics.com/sports/mens-soccer/stats/2026/unc-greensboro/boxscore/9280,https://uncgspartans.com/sports/mens-soccer/stats/2026/vcu/boxscore/9960,2026-08-20-UNC-Greensboro-VCU,regular
sidearm-2026-08-20-Butler-Northern-Illinois,2026-08-20,Butler,Northern Illinois,false,false,0,2,home,final,,https://butlersports.com/sports/mens-soccer/stats/2026/northern-illinois/boxscore/15646,,2026-08-20-Butler-Northern-Illinois,regular
sidearm-2026-08-20-Bradley-DePaul,2026-08-20,Bradley,DePaul,false,false,2,2,away,final,,https://depaulbluedemons.com/sports/mens-soccer/stats/2026/bradley/boxscore/6901,,2026-08-20-Bradley-DePaul,regular
sidearm-2026-08-20-Marquette-Oakland,2026-08-20,Marquette,Oakland,false,false,2,2,home,final,,https://gomarquette.com/sports/mens-soccer/stats/2026/oakland/boxscore/14161,https://goldengrizzlies.com/sports/mens-soccer/stats/2026/marquette-university/boxscore/13414,2026-08-20-Marquette-Oakland,regular
sidearm-2026-08-20-Providence-Sacred-Heart-,2026-08-20,Providence,Sacred Heart,false,false,4,1,home,final,,https://friars.com/sports/mens-soccer/stats/2026/sacred-heart/boxscore/12650,https://sacredheartpioneers.com/sports/mens-soccer/stats/2026/providence/boxscore/17575,2026-08-20-Providence-Sacred-Heart,regular
sidearm-2026-08-20-Loyola-Maryland-St.-John's,2026-08-20,Loyola Maryland,St. John's,false,false,0,5,away,final,,https://redstormsports.com/sports/mens-soccer/stats/2026/loyola-maryland/boxscore/15339,,2026-08-20-Loyola-Maryland-St.-John's,regular
sidearm-2026-08-20-Xavier-Purdue-Fort-Wayne,2026-08-20,Xavier,Purdue Fort Wayne,false,false,2,1,home,final,,https://goxavier.com/sports/mens-soccer/stats/2026/purdue-fort-wayne/boxscore/13356,https://gomastodons.com/sports/mens-soccer/stats/2026/xavier/boxscore/16586,2026-08-20-Purdue-Fort-Wayne-Xavier,regular
sidearm-2026-08-20-Gardner-Webb-Wofford,2026-08-20,Gardner-Webb,Wofford,false,false,,,home,scheduled,,,,2026-08-20-Gardner-Webb-Wofford,regular
sidearm-2026-08-20-Longwood-William-&-Mary,2026-08-20,Longwood,William & Mary,false,false,6,5,away,final,,https://longwoodlancers.com/sports/mens-soccer/stats/2026/william-mary/boxscore/11401,https://tribeathletics.com/sports/mens-soccer/stats/2026/longwood/boxscore/28040,2026-08-20-Longwood-William-&-Mary,regular
sidearm-2026-08-20-Presbyterian-Ferrum,2026-08-20,Presbyterian,Ferrum,false,false,0,1,unknown,final,,https://gobluehose.com/sports/mens-soccer/stats/2026/ferrum/boxscore/14355,,2026-08-20-Ferrum-Presbyterian,regular
sidearm-2026-08-20-UNC-Asheville-Northern-Kentucky,2026-08-20,UNC Asheville,Northern Kentucky,false,false,1,0,home,final,,https://uncabulldogs.com/sports/mens-soccer/stats/2026/northern-kentucky/boxscore/10719,https://nkunorse.com/sports/mens-soccer/stats/2026/unc-asheville/boxscore/7927,2026-08-20-Northern-Kentucky-UNC-Asheville,regular
sidearm-2026-08-20-Georgia-State--USC-Upstate,2026-08-20,Georgia State,USC Upstate,false,false,2,1,away,final,,https://upstatespartans.com/sports/mens-soccer/stats/2026/georgia-state/boxscore/6563,https://georgiastatesports.com/sports/mens-soccer/stats/2026/usc-upstate/boxscore/10512,2026-08-20-Georgia-State-USC-Upstate,regular
sidearm-2026-08-20-Pittsburgh-Maryland,2026-08-20,Pittsburgh,Maryland,false,false,1,2,away,final,,https://umterps.com/sports/mens-soccer/stats/2026/pittsburgh/boxscore/20219,,2026-08-20-Maryland-Pittsburgh,regular
sidearm-2026-08-20-Michigan-LMU,2026-08-20,Michigan,Loyola Marymount,false,false,0,0,home,final,,https://mgoblue.com/sports/mens-soccer/stats/2026/lmu/boxscore/30506,https://lmulions.com/sports/mens-soccer/stats/2026/michigan/boxscore/17801,2026-08-20-Loyola-Marymount-Michigan,regular
sidearm-2026-08-20-Michigan-State-UAlbany,2026-08-20,Michigan State,UAlbany,false,false,6,2,home,final,,https://msuspartans.com/sports/mens-soccer/stats/2026/ualbany/boxscore/20585,,2026-08-20-Michigan-State-UAlbany,regular
wmt-2026-08-20-New-Haven-Northwestern,2026-08-20,Northwestern,New Haven,false,false,3,1,home,final,https://nusports.com/sports/mens-soccer/schedule,https://nusports.com/boxscore/17775,https://newhavenchargers.com/sports/mens-soccer/stats/2026/northwestern-university/boxscore/15354,2026-08-20-New-Haven-Northwestern,regular
wmt-2026-08-20-Mercyhurst-Penn-State,2026-08-20,Penn State,Mercyhurst,false,false,3,2,home,final,https://gopsusports.com/sports/mens-soccer/schedule,https://gopsusports.com/boxscore/19450,https://hurstathletics.com/sports/mens-soccer/stats/2026/penn-state/boxscore/15740,2026-08-20-Mercyhurst-Penn-State,regular
sidearm-2026-08-20-American--Rutgers,2026-08-20,American,Rutgers,false,false,0,0,away,final,,https://scarletknights.com/sports/mens-soccer/stats/2026/american/boxscore/16464,https://aueagles.com/sports/mens-soccer/stats/2026/rutgers/boxscore/6007,2026-08-20-American-Rutgers,regular
sidearm-2026-08-20-Washington-#18-San-Diego,2026-08-20,Washington,San Diego,false,true,1,2,home,final,,https://gohuskies.com/sports/mens-soccer/stats/2026/san-diego/boxscore/25337,https://usdtoreros.com/sports/mens-soccer/stats/2026/washington/boxscore/15498,2026-08-20-San-Diego-Washington,regular
sidearm-2026-08-20-Wisconsin-Saint-Mary's-(CA),2026-08-20,Wisconsin,Saint Mary's,false,false,5,0,home,final,,https://uwbadgers.com/sports/mens-soccer/stats/2026/saint-marys-ca-/boxscore/17206,https://smcgaels.com/sports/mens-soccer/stats/2026/wisconsin/boxscore/12774,2026-08-20-Saint-Mary's-Wisconsin,regular
sidearm-2026-08-20-Sacramento-State-UC-Davis,2026-08-20,Sacramento State,UC Davis,false,false,3,1,home,final,,https://hornetsports.com/sports/mens-soccer/stats/2026/uc-davis/boxscore/16683,https://ucdavisaggies.com/sports/mens-soccer/stats/2026/sacramento-state/boxscore/29335,2026-08-20-Sacramento-State-UC-Davis,regular
sidearm-2026-08-20-UC-Irvine-#19-Oregon-State,2026-08-20,UC Irvine,Oregon State,false,true,3,3,home,final,,https://ucirvinesports.com/sports/mens-soccer/stats/2026/oregon-state/boxscore/14304,https://osubeavers.com/sports/mens-soccer/stats/2026/uc-irvine/boxscore/22826,2026-08-20-Oregon-State-UC-Irvine,regular
sidearm-2026-08-20-Utah-Valley-Pacific,2026-08-20,Utah Valley,Pacific,false,false,2,1,home,final,,https://wolverinegreen.com/sports/mens-soccer/stats/2026/pacific/boxscore/10254,https://pacifictigers.com/sports/mens-soccer/stats/2026/utah-valley/boxscore/10866,2026-08-20-Pacific-Utah-Valley,regular
sidearm-2026-08-20-Campbell-Cal-Baptist,2026-08-20,Campbell,Cal Baptist,false,false,0,2,home,final,,https://gocamels.com/sports/mens-soccer/stats/2026/cal-baptist/boxscore/208344,,2026-08-20-Cal-Baptist-Campbell,regular
sidearm-2026-08-20-Robert-Morris-Drexel,2026-08-20,Robert Morris,Drexel,false,false,1,2,away,final,,https://drexeldragons.com/sports/mens-soccer/stats/2026/robert-morris/boxscore/12538,https://rmucolonials.com/sports/mens-soccer/stats/2026/drexel-university/boxscore/15320,2026-08-20-Drexel-Robert-Morris,regular
sidearm-2026-08-20-Hofstra-Bucknell,2026-08-20,Hofstra,Bucknell,true,false,2,1,away,final,,https://gohofstra.com/boxscore.aspx?id=14326,https://bucknellbison.com/sports/mens-soccer/stats/2026/hofstra/boxscore/21162,2026-08-20-Bucknell-Hofstra,regular
sidearm-2026-08-20-Northeastern-Holy-Cross,2026-08-20,Northeastern,Holy Cross,false,false,5,0,away,final,,https://nuhuskies.com/sports/mens-soccer/stats/2026/holy-cross/boxscore/14133,,2026-08-20-Holy-Cross-Northeastern,regular
sidearm-2026-08-20-Stony-Brook-Marist,2026-08-20,Stony Brook,Marist,false,false,2,2,away,final,,https://stonybrookathletics.com/sports/mens-soccer/stats/2026/marist/boxscore/12625,https://goredfoxes.com/sports/mens-soccer/stats/2026/stony-brook/boxscore/15557,2026-08-20-Marist-Stony-Brook,regular
sidearm-2026-08-20-Cleveland-State-Santa-Clara,2026-08-20,Cleveland State,Santa Clara,false,false,1,2,away,final,,https://csuvikings.com/sports/mens-soccer/stats/2026/santa-clara/boxscore/20881,https://santaclarabroncos.com/sports/mens-soccer/stats/2026/cleveland-state/boxscore/10962,2026-08-20-Cleveland-State-Santa-Clara,regular
sidearm-2026-08-20-Detroit-Mercy-St.-Thomas,2026-08-20,Detroit Mercy,St. Thomas,false,false,2,0,away,final,,https://detroittitans.com/sports/mens-soccer/stats/2026/st-thomas/boxscore/6716,https://tommiesports.com/sports/msoc/stats/2026/detroit-mercy/boxscore/10055,2026-08-20-Detroit-Mercy-St.-Thomas,regular
sidearm-2026-08-20-Milwaukee-Southern-Indiana,2026-08-20,Milwaukee,University of Southern Indiana,false,false,0,0,home,final,,https://mkepanthers.com/sports/mens-soccer/stats/2026/southern-indiana/boxscore/19108,https://gousieagles.com/sports/mens-soccer/stats/2026/milwaukee/boxscore/15340,2026-08-20-Milwaukee-University-of-Southern-Indiana,regular
sidearm-2026-08-20-Bowling-Green-Wright-State,2026-08-20,Bowling Green,Wright State,false,false,5,2,away,final,,https://wsuraiders.com/sports/mens-soccer/stats/2026/bowling-green/boxscore/10530,,2026-08-20-Bowling-Green-Wright-State,regular
sidearm-2026-08-20-Canisius-Le-Moyne,2026-08-20,Canisius,Le Moyne College,false,false,0,1,away,final,,https://gogriffs.com/sports/mens-soccer/stats/2026/le-moyne/boxscore/11917,https://lemoynedolphins.com/sports/mens-soccer/stats/2026/canisius-university/boxscore/15937,2026-08-20-Canisius-Le-Moyne-College,regular
sidearm-2026-08-20-Fairfield-Marshall,2026-08-20,Fairfield,Marshall,false,false,1,2,away,final,,https://fairfieldstags.com/sports/mens-soccer/stats/2026/marshall/boxscore/15449,https://herdzone.com/sports/mens-soccer/stats/2026/fairfield/boxscore/11589,2026-08-20-Fairfield-Marshall,regular
sidearm-2026-08-20-Rider-University-James-Madison,2026-08-20,Rider University,James Madison,false,false,1,0,away,final,,https://gobroncs.com/sports/mens-soccer/stats/2026/james-madison/boxscore/13692,https://jmusports.com/sports/mens-soccer/stats/2026/rider/boxscore/20995,2026-08-20-James-Madison-Rider-University,regular
sidearm-2026-08-20-Saint-Peter's-FDU,2026-08-20,Saint Peter's,FDU,false,false,,,away,postponed,,,,2026-08-20-FDU-Saint-Peter's,regular
sidearm-2026-08-20-Western-Michigan-University-of-Kentucky,2026-08-20,Western Michigan,Kentucky,false,false,2,2,away,final,https://ukathletics.com/sports/msoc/schedule/2026,https://wmubroncos.com/sports/mens-soccer/stats/2026/university-of-kentucky/boxscore/16982,https://storage.googleapis.com/ukathletics-com/2026/08/b19b4795-ukmsoc-box-score-vs.-western-michigan.pdf,2026-08-20-Kentucky-Western-Michigan,regular
sidearm-2026-08-20-Army-Air-Force,2026-08-20,Army,Air Force,false,false,1,1,away,final,,https://goairforcefalcons.com/sports/mens-soccer/stats/2026/army/boxscore/26510,https://goarmywestpoint.com/sports/mens-soccer/stats/2026/air-force/boxscore/20266,2026-08-20-Air-Force-Army,regular
sidearm-2026-08-20-UNLV-CSUN,2026-08-20,UNLV,CSUN,false,false,2,1,home,final,,https://unlvrebels.com/sports/mens-soccer/stats/2026/csun/boxscore/17915,,2026-08-20-CSUN-UNLV,regular
sidearm-2026-08-20-Utah-Tech-CSU-Bakersfield,2026-08-20,Utah Tech,CSU Bakersfield,false,false,0,1,away,final,,https://utahtechtrailblazers.com/sports/mens-soccer/stats/2026/csu-bakersfield/boxscore/11624,,2026-08-20-CSU-Bakersfield-Utah-Tech,regular
sidearm-2026-08-20-Chicago-State-Lindenwood,2026-08-20,Chicago State,Lindenwood,false,false,0,3,away,final,,https://gocsucougars.com/sports/mens-soccer/stats/2026/lindenwood/boxscore/7924,https://lindenwoodlions.com/sports/mens-soccer/stats/2026/chicago-state-university/boxscore/27788,2026-08-20-Chicago-State-Lindenwood,regular
sidearm-2026-08-20-Howard-Delaware,2026-08-20,Howard,Delaware,false,false,0,1,away,final,,https://hubison.com/boxscore.aspx?id=12419,https://bluehens.com/sports/mens-soccer/stats/2026/howard/boxscore/35330,2026-08-20-Delaware-Howard,regular
sidearm-2026-08-20-Eastern-Illinois-Omaha,2026-08-20,Eastern Illinois,Omaha,false,false,2,4,away,final,,https://eiupanthers.com/sports/mens-soccer/stats/2026/omaha/boxscore/14130,https://omavs.com/sports/mens-soccer/stats/2026/eastern-illinois/boxscore/19829,2026-08-20-Eastern-Illinois-Omaha,regular
sidearm-2026-08-20-UTRGV-West-Florida,2026-08-20,UTRGV,West Florida,false,false,3,2,away,final,,https://goutrgv.com/sports/mens-soccer/stats/2026/west-florida/boxscore/29570,,2026-08-20-UTRGV-West-Florida,regular
sidearm-2026-08-20-Campbell-University-California-Baptist,2026-08-20,Campbell,California Baptist,false,false,0,2,away,final,,https://cbulancers.com/sports/mens-soccer/stats/2026/campbell-university/boxscore/17105,,2026-08-20-California-Baptist-Campbell,regular
sidearm-2026-08-20-Denver-(RV)-Cal-Poly,2026-08-20,Denver,Cal Poly,false,false,2,2,away,final,,https://gopoly.com/sports/mens-soccer/stats/2026/denver-rv-/boxscore/9705,https://denverpioneers.com/sports/mens-soccer/stats/2026/cal-poly/boxscore/16048,2026-08-20-Cal-Poly-Denver,regular
wmt-2026-08-20-Liberty-San-Diego-State,2026-08-20,San Diego State,Liberty,false,false,1,2,home,final,https://goaztecs.com/sports/mens-soccer/schedule,https://goaztecs.com/boxscore/17439,https://libertyflames.com/sports/mens-soccer/stats/2026/san-diego-state/boxscore/15547,2026-08-20-Liberty-San-Diego-State,regular
sidearm-2026-08-20-Oral-Roberts-UC-Riverside,2026-08-20,Oral Roberts,UC Riverside,false,false,2,0,away,final,,https://gohighlanders.com/sports/mens-soccer/stats/2026/oral-roberts/boxscore/15284,https://oruathletics.com/sports/mens-soccer/stats/2026/uc-riverside/boxscore/8796,2026-08-20-Oral-Roberts-UC-Riverside,regular
sidearm-2026-08-20-UC-San-Diego-Navy,2026-08-20,UC San Diego,Navy,false,false,7,0,away,final,,https://ucsdtritons.com/sports/mens-soccer/stats/2026/navy/boxscore/12142,https://navysports.com/sports/mens-soccer/stats/2026/uc-san-diego/boxscore/27852,2026-08-20-Navy-UC-San-Diego,regular
sidearm-2026-08-20-UCF-Boston-University,2026-08-20,UCF,Boston University,false,false,1,0,away,final,https://ucfknights.com/sports/mens-soccer/schedule,https://goterriers.com/sports/mens-soccer/stats/2026/ucf/boxscore/33184,https://ucfknights.com/boxscore/12373,2026-08-20-Boston-University-UCF,regular
sidearm-2026-08-20-Loyola-University-Maryland-St.-John's,2026-08-20,Loyola University Maryland,St. John's,false,false,0,5,home,final,,https://loyolagreyhounds.com/sports/mens-soccer/stats/2026/st-john-s/boxscore/18005,,2026-08-20-Loyola-University-Maryland-St.-John's,regular
sidearm-2026-08-20-VMI-Elon,2026-08-20,VMI,Elon,false,false,0,3,unknown,final,,https://vmikeydets.com/sports/mens-soccer/stats/2026/elon/boxscore/11750,,2026-08-20-Elon-VMI,regular
sidearm-2026-08-20-Kansas-City-SIUE,2026-08-20,Kansas City,SIUE,false,false,5,0,home,final,,https://kcroos.com/sports/mens-soccer/stats/2026/siue/boxscore/8844,,2026-08-20-Kansas-City-SIUE,regular
sidearm-2026-08-20-#10-Bryant-University-UMass,2026-08-20,Bryant,UMass,true,false,2,2,away,final,,https://umassathletics.com/sports/mens-soccer/stats/2026/-10-bryant-university/boxscore/16807,,2026-08-20-Bryant-UMass,regular
sidearm-2026-08-20-High-Point-LIU,2026-08-20,High Point,LIU,false,false,5,2,home,final,,https://highpointpanthers.com/boxscore.aspx?id=16293,,2026-08-20-High-Point-LIU,regular
sidearm-2026-08-21-#6-Portland-California,2026-08-21,Portland,California,true,false,0,0,away,final,,https://calbears.com/sports/mens-soccer/stats/2026/portland/boxscore/38765,https://portlandpilots.com/boxscore.aspx?id=13253,2026-08-21-California-Portland,regular
sidearm-2026-08-21-La-Salle-Lehigh,2026-08-21,La Salle,Lehigh,false,false,4,1,away,final,,https://goexplorers.com/sports/mens-soccer/stats/2026/lehigh/boxscore/12754,https://lehighsports.com/sports/mens-soccer/stats/2026/la-salle/boxscore/16048,2026-08-21-La-Salle-Lehigh,regular
sidearm-2026-08-21-UC-Santa-Barbara-San-Jose-State,2026-08-21,UC Santa Barbara,San Jose State,false,false,3,0,home,final,https://sjsuspartans.com/sports/mens-soccer/schedule,https://ucsbgauchos.com/sports/mens-soccer/stats/2026/san-jose-state/boxscore/12746,https://sjsuspartans.com/boxscore/8594,2026-08-21-San-Jose-State-UC-Santa-Barbara,regular
sidearm-2026-08-21-Monmouth-Iona,2026-08-21,Monmouth,Iona,false,false,1,4,home,final,,https://monmouthhawks.com/sports/mens-soccer/stats/2026/iona/boxscore/31939,https://ionagaels.com/sports/mens-soccer/stats/2026/monmouth/boxscore/17398,2026-08-21-Iona-Monmouth,regular
sidearm-2026-08-21-Saint-Peter's-FDU,2026-08-21,Saint Peter's,FDU,false,false,0,0,unknown,final,,https://saintpeterspeacocks.com/sports/mens-soccer/stats/2026/fdu/boxscore/10517,,2026-08-21-FDU-Saint-Peter's,regular
sidearm-2026-08-22-Dartmouth-College-Southern-New-Hampshire,2026-08-22,Dartmouth College,Southern New Hampshire,false,false,,,home,scheduled,,,,2026-08-22-Dartmouth-College-Southern-New-Hampshire,regular
sidearm-2026-08-22-Western-Illinois-Quincy,2026-08-22,Western Illinois,Quincy,false,false,3,2,home,final,,https://goleathernecks.com/sports/mens-soccer/stats/2026/quincy/boxscore/14687,,2026-08-22-Quincy-Western-Illinois,regular
sidearm-2026-08-22-VMI-Regent,2026-08-22,VMI,Regent,false,false,6,0,unknown,final,,https://vmikeydets.com/sports/mens-soccer/stats/2026/regent/boxscore/11751,,2026-08-22-Regent-VMI,regular
sidearm-2026-08-23-Boston-College-Siena,2026-08-23,Boston College,Siena,false,false,3,1,home,final,,https://bceagles.com/sports/mens-soccer/stats/2026/siena/boxscore/26892,https://sienasaints.com/boxscore.aspx?id=18807,2026-08-23-Boston-College-Siena,regular
wmt-2026-08-23-Clemson-ETSU,2026-08-23,Clemson,ETSU,false,false,2,0,home,final,https://clemsontigers.com/sports/mens-soccer/schedule,https://clemsontigers.com/boxscore/10524,https://etsubucs.com/sports/mens-soccer/stats/2026/clemson/boxscore/12807,2026-08-23-Clemson-ETSU,regular
sidearm-2026-08-23-Duke-California-Baptist-University,2026-08-23,Duke,California Baptist,true,false,3,1,home,final,,https://goduke.com/sports/mens-soccer/stats/2026/california-baptist-university/boxscore/25342,https://cbulancers.com/sports/mens-soccer/stats/2026/duke-university/boxscore/17106,2026-08-23-California-Baptist-Duke,regular
sidearm-2026-08-23-NC-State-Queens,2026-08-23,NC State,Queens,false,false,2,1,home,final,,https://gopack.com/sports/mens-soccer/stats/2026/queens/boxscore/24643,https://queensathletics.com/sports/mens-soccer/stats/2026/nc-state-university/boxscore/13394,2026-08-23-NC-State-Queens,regular
wmt-2026-08-23-Northwestern-Notre-Dame,2026-08-23,Notre Dame,Northwestern,false,false,1,1,home,final,https://fightingirish.com/sports/msoc/schedule,https://nusports.com/boxscore/17776,https://fightingirish.com/documents/1d2f8f85-97b4-41e0-af24-0506c79bf3a5.pdf,2026-08-23-Northwestern-Notre-Dame,regular
wmt-2026-08-23-Denver-Stanford,2026-08-23,Stanford,Denver,false,false,3,1,home,final,https://gostanford.com/sports/mens-soccer/schedule,https://gostanford.com/boxscore/27571,https://denverpioneers.com/sports/mens-soccer/stats/2026/stanford/boxscore/16049,2026-08-23-Denver-Stanford,regular
sidearm-2026-08-23-Syracuse-New-Hampshire,2026-08-23,Syracuse,New Hampshire,false,false,2,3,home,final,,https://cuse.com/sports/mens-soccer/stats/2026/new-hampshire/boxscore/18950,https://unhwildcats.com/sports/mens-soccer/stats/2026/syracuse/boxscore/9687,2026-08-23-New-Hampshire-Syracuse,regular
wmt-2026-08-23-Howard-Virginia-Tech,2026-08-23,Virginia Tech,Howard,false,false,7,0,home,final,https://hokiesports.com/sports/mens-soccer/schedule,https://hokiesports.com/boxscore/23326,https://hubison.com/boxscore.aspx?id=12419,2026-08-23-Howard-Virginia-Tech,regular
sidearm-2026-08-23-Wake-Forest-VCU,2026-08-23,Wake Forest,VCU,false,false,0,0,home,final,,https://godeacs.com/sports/mens-soccer/stats/2026/vcu/boxscore/14692,https://vcuathletics.com/sports/mens-soccer/stats/2026/wake-forest/boxscore/9281,2026-08-23-VCU-Wake-Forest,regular
sidearm-2026-08-23-Binghamton-George-Washington-University,2026-08-23,Binghamton,George Washington,false,false,0,3,home,final,,https://bubearcats.com/boxscore.aspx?id=15684,https://gwsports.com/sports/mens-soccer/stats/2026/binghamton/boxscore/15631,2026-08-23-Binghamton-George-Washington,regular
sidearm-2026-08-23-NJIT-Saint-Joseph's,2026-08-23,NJIT,Saint Joseph's,false,false,0,1,away,final,,https://njithighlanders.com/sports/mens-soccer/stats/2026/saint-joseph-s/boxscore/11465,https://sjuhawks.com/sports/mens-soccer/stats/2026/njit/boxscore/20125,2026-08-23-NJIT-Saint-Joseph's,regular
sidearm-2026-08-23-Houston-Christian-UMass-Lowell,2026-08-23,Houston Christian,UMass Lowell,false,false,1,0,away,final,,https://goriverhawks.com/sports/mens-soccer/stats/2026/houston-christian/boxscore/9821,https://hcuhuskies.com/sports/mens-soccer/stats/2026/umass-lowell/boxscore/6671,2026-08-23-Houston-Christian-UMass-Lowell,regular
sidearm-2026-08-23-UMBC-Loyola-(Md.),2026-08-23,UMBC,Loyola (Md.),false,false,3,2,home,final,,https://umbcretrievers.com/sports/mens-soccer/stats/2026/loyola-md-/boxscore/9596,,2026-08-23-Loyola-(Md.)-UMBC,regular
sidearm-2026-08-23-Vermont-Colgate,2026-08-23,Vermont,Colgate,false,false,4,1,home,final,,https://uvmathletics.com/sports/mens-soccer/stats/2026/colgate/boxscore/6789,,2026-08-23-Colgate-Vermont,regular
sidearm-2026-08-23-FAU-UCF,2026-08-23,FAU,UCF,false,false,0,0,home,final,https://ucfknights.com/sports/mens-soccer/schedule,https://fausports.com/sports/mens-soccer/stats/2026/ucf/boxscore/24678,https://ucfknights.com/boxscore/12374,2026-08-23-FAU-UCF,regular
sidearm-2026-08-23-FIU-Omaha,2026-08-23,FIU,Omaha,false,false,0,0,away,final,,https://fiusports.com/sports/mens-soccer/stats/2026/omaha/boxscore/14893,https://omavs.com/sports/mens-soccer/stats/2026/fiu/boxscore/19830,2026-08-23-FIU-Omaha,regular
sidearm-2026-08-23-Missouri-State-Penn-State,2026-08-23,Missouri State,Penn State,false,false,3,1,home,final,https://gopsusports.com/sports/mens-soccer/schedule,https://missouristatebears.com/sports/mens-soccer/stats/2026/penn-state/boxscore/7998,https://gopsusports.com/boxscore/19454,2026-08-23-Missouri-State-Penn-State,regular
sidearm-2026-08-23-South-Florida-West-Florida,2026-08-23,South Florida,West Florida,false,false,3,1,home,final,,https://gousfbulls.com/sports/mens-soccer/stats/2026/west-florida/boxscore/14452,,2026-08-23-South-Florida-West-Florida,regular
sidearm-2026-08-23-Delaware-Temple-University,2026-08-23,Delaware,Temple University,false,false,1,0,away,final,,https://owlsports.com/sports/mens-soccer/stats/2026/delaware/boxscore/16001,https://bluehens.com/sports/mens-soccer/stats/2026/temple/boxscore/35331,2026-08-23-Delaware-Temple-University,regular
sidearm-2026-08-23-Tulsa-UC-Riverside,2026-08-23,Tulsa,UC Riverside,false,false,1,1,home,final,,https://tulsahurricane.com/sports/mens-soccer/stats/2026/uc-riverside/boxscore/16355,https://gohighlanders.com/sports/mens-soccer/stats/2026/tulsa/boxscore/15285,2026-08-23-Tulsa-UC-Riverside,regular
sidearm-2026-08-23-FGCU-Charleston,2026-08-23,FGCU,Charleston,false,false,2,3,away,final,,https://fgcuathletics.com/sports/mens-soccer/stats/2026/charleston/boxscore/15158,https://cofcsports.com/sports/mens-soccer/stats/2026/florida-gulf-coast/boxscore/12968,2026-08-23-Charleston-FGCU,regular
sidearm-2026-08-23-Jacksonville-University-of-the-Incarnate-Word,2026-08-23,Jacksonville,University of the Incarnate Word,false,false,5,1,unknown,final,,https://judolphins.com/sports/mens-soccer/stats/2026/university-of-the-incarnate-word/boxscore/7683,,2026-08-23-Jacksonville-University-of-the-Incarnate-Word,regular
sidearm-2026-08-23-North-Florida-Mercer,2026-08-23,North Florida,Mercer,false,false,1,1,home,final,,https://unfospreys.com/sports/mens-soccer/stats/2026/mercer/boxscore/21497,https://mercerbears.com/sports/mens-soccer/stats/2026/north-florida/boxscore/18860,2026-08-23-Mercer-North-Florida,regular
sidearm-2026-08-23-Stetson-UTRGV,2026-08-23,Stetson,UTRGV,false,false,1,1,away,final,,https://gohatters.com/sports/mens-soccer/stats/2026/utrgv/boxscore/16491,https://goutrgv.com/sports/mens-soccer/stats/2026/stetson/boxscore/29571,2026-08-23-Stetson-UTRGV,regular
sidearm-2026-08-23-Dayton-Western-Michigan,2026-08-23,Dayton,Western Michigan,false,false,2,1,home,final,,https://daytonflyers.com/sports/mens-soccer/stats/2026/western-michigan/boxscore/17745,https://wmubroncos.com/sports/mens-soccer/stats/2026/university-of-dayton/boxscore/16983,2026-08-23-Dayton-Western-Michigan,regular
sidearm-2026-08-23-Duquesne-Bowling-Green,2026-08-23,Duquesne,Bowling Green,false,false,3,0,home,final,,https://goduquesne.com/sports/mens-soccer/stats/2026/bowling-green/boxscore/22995,,2026-08-23-Bowling-Green-Duquesne,regular
sidearm-2026-08-23-Fordham-Santa-Clara-University,2026-08-23,Fordham,Santa Clara,false,false,0,2,away,final,,https://fordhamsports.com/sports/mens-soccer/stats/2026/santa-clara-university/boxscore/21090,https://santaclarabroncos.com/sports/mens-soccer/stats/2026/fordham/boxscore/10963,2026-08-23-Fordham-Santa-Clara,regular
sidearm-2026-08-23-Loyola-Chicago-Northern-Illinois,2026-08-23,Loyola Chicago,Northern Illinois,false,false,3,1,home,final,,https://loyolaramblers.com/sports/mens-soccer/stats/2026/northern-illinois/boxscore/7191,,2026-08-23-Loyola-Chicago-Northern-Illinois,regular
sidearm-2026-08-23-Butler-Bradley,2026-08-23,Butler,Bradley,false,false,0,0,home,final,,https://butlersports.com/sports/mens-soccer/stats/2026/bradley/boxscore/15647,,2026-08-23-Bradley-Butler,regular
sidearm-2026-08-23-Creighton-Drake,2026-08-23,Creighton,Drake,false,false,1,1,home,final,,https://gocreighton.com/sports/mens-soccer/stats/2026/drake/boxscore/16813,https://godrakebulldogs.com/sports/mens-soccer/stats/2026/creighton/boxscore/14040,2026-08-23-Creighton-Drake,regular
sidearm-2026-08-23-Georgetown-Rutgers,2026-08-23,Georgetown,Rutgers,true,false,2,1,home,final,,https://guhoyas.com/sports/mens-soccer/stats/2026/rutgers/boxscore/22002,https://scarletknights.com/sports/mens-soccer/stats/2026/georgetown/boxscore/16465,2026-08-23-Georgetown-Rutgers,regular
sidearm-2026-08-23-Marquette-Saint-Mary's,2026-08-23,Marquette,Saint Mary's,false,false,2,0,home,final,,https://gomarquette.com/sports/mens-soccer/stats/2026/saint-mary-s/boxscore/14162,https://smcgaels.com/sports/mens-soccer/stats/2026/marquette/boxscore/12775,2026-08-23-Marquette-Saint-Mary's,regular
sidearm-2026-08-23-Campbell-Seton-Hall,2026-08-23,Campbell,Seton Hall,false,false,2,3,neutral,final,,https://shupirates.com/sports/mens-soccer/stats/2026/campbell/boxscore/11296,https://gocamels.com/sports/mens-soccer/stats/2026/seton-hall/boxscore/208345,2026-08-23-Campbell-Seton-Hall,regular
sidearm-2026-08-23-UMASS-UConn,2026-08-23,UMass,UConn,false,true,3,1,away,final,,https://uconnhuskies.com/sports/mens-soccer/stats/2026/umass/boxscore/25522,https://umassathletics.com/sports/mens-soccer/stats/2026/-24-university-of-connecticut/boxscore/16808,2026-08-23-UConn-UMass,regular
sidearm-2026-08-23-William-&-Mary-Radford,2026-08-23,William & Mary,Radford,false,false,4,1,away,final,,https://radfordathletics.com/sports/mens-soccer/stats/2026/william-mary/boxscore/14654,https://tribeathletics.com/sports/mens-soccer/stats/2026/radford/boxscore/28041,2026-08-23-Radford-William-&-Mary,regular
sidearm-2026-08-23-Indiana-Evansville,2026-08-23,Indiana,University of Evansville,false,false,3,0,home,final,,https://iuhoosiers.com/sports/mens-soccer/stats/2026/evansville/boxscore/28621,https://gopurpleaces.com/sports/mens-soccer/stats/2026/indiana/boxscore/12512,2026-08-23-Indiana-University-of-Evansville,regular
sidearm-2026-08-23-Michigan-State-Seattle-,2026-08-23,Michigan State,Seattle,false,false,2,1,home,final,https://goseattleu.com/sports/mens-soccer/schedule,https://msuspartans.com/sports/mens-soccer/stats/2026/seattle/boxscore/20592,https://goseattleu.com/boxscore/8739,2026-08-23-Michigan-State-Seattle,regular
sidearm-2026-08-23-Gonzaga-Washington,2026-08-23,Gonzaga,Washington,false,true,0,4,away,final,,https://gohuskies.com/sports/mens-soccer/stats/2026/gonzaga/boxscore/25338,https://gozags.com/sports/mens-soccer/stats/2026/-1-washington/boxscore/10307,2026-08-23-Gonzaga-Washington,regular
sidearm-2026-08-23-Wisconsin-Oakland,2026-08-23,Wisconsin,Oakland,false,false,5,0,home,final,,https://uwbadgers.com/sports/mens-soccer/stats/2026/oakland/boxscore/17207,https://goldengrizzlies.com/sports/mens-soccer/stats/2026/university-of-wisconsin/boxscore/13415,2026-08-23-Oakland-Wisconsin,regular
sidearm-2026-08-23-Cal-State-Fullerton-Oregon-State,2026-08-23,Cal State Fullerton,Oregon State,false,false,0,3,home,final,,https://fullertontitans.com/sports/mens-soccer/stats/2026/oregon-state/boxscore/7868,https://osubeavers.com/sports/mens-soccer/stats/2026/california-state-fullerton/boxscore/22827,2026-08-23-Cal-State-Fullerton-Oregon-State,regular
sidearm-2026-08-23-Sacramento-State-Grand-Canyon,2026-08-23,Sacramento State,Grand Canyon,false,false,0,1,home,final,,https://hornetsports.com/sports/mens-soccer/stats/2026/grand-canyon/boxscore/16684,https://gculopes.com/sports/mens-soccer/stats/2026/sacramento-state/boxscore/21212,2026-08-23-Grand-Canyon-Sacramento-State,regular
sidearm-2026-08-23-Mercyhurst-Drexel,2026-08-23,Mercyhurst,Drexel,false,false,0,2,away,final,,https://drexeldragons.com/sports/mens-soccer/stats/2026/mercyhurst/boxscore/12539,https://hurstathletics.com/sports/mens-soccer/stats/2026/drexel/boxscore/15741,2026-08-23-Drexel-Mercyhurst,regular
sidearm-2026-08-23-Hofstra-American,2026-08-23,Hofstra,American,false,false,2,0,home,final,,https://gohofstra.com/sports/mens-soccer/stats/2026/american/boxscore/14327,https://aueagles.com/sports/mens-soccer/stats/2026/hofstra/boxscore/6008,2026-08-23-American-Hofstra,regular
sidearm-2026-08-23-Northeastern-Stonehill,2026-08-23,Northeastern,Stonehill College,false,false,0,1,away,final,,https://nuhuskies.com/sports/mens-soccer/stats/2026/stonehill/boxscore/14134,https://stonehillskyhawks.com/sports/mens-soccer/stats/2026/northeastern-university/boxscore/10685,2026-08-23-Northeastern-Stonehill-College,regular
sidearm-2026-08-23-UNC-Wilmington-Georgia-Southern,2026-08-23,UNC Wilmington,Georgia Southern,false,false,2,0,home,final,,https://uncwsports.com/sports/mens-soccer/stats/2026/georgia-southern/boxscore/13936,https://gseagles.com/sports/mens-soccer/stats/2026/uncw/boxscore/17485,2026-08-23-Georgia-Southern-UNC-Wilmington,regular
sidearm-2026-08-23-Robert-Morris-Canisius,2026-08-23,Robert Morris,Canisius,false,false,1,0,away,final,,https://rmucolonials.com/sports/mens-soccer/stats/2026/canisius/boxscore/15321,https://gogriffs.com/sports/mens-soccer/stats/2026/robert-morris/boxscore/11918,2026-08-23-Canisius-Robert-Morris,regular
sidearm-2026-08-23-Wright-State-Belmont,2026-08-23,Wright State,Belmont University,false,false,1,6,home,final,,https://wsuraiders.com/sports/mens-soccer/stats/2026/belmont/boxscore/10568,https://belmontbruins.com/sports/mens-soccer/stats/2026/wright-state/boxscore/7283,2026-08-23-Belmont-University-Wright-State,regular
sidearm-2026-08-23-Manhattan-CCSU,2026-08-23,Manhattan,CCSU,false,false,2,3,away,final,,https://gojaspers.com/sports/mens-soccer/stats/2026/ccsu/boxscore/11927,,2026-08-23-CCSU-Manhattan,regular
sidearm-2026-08-23-Marist-Air-Force,2026-08-23,Marist,Air Force,false,false,0,0,home,final,,https://goredfoxes.com/sports/mens-soccer/stats/2026/air-force/boxscore/15558,https://goairforcefalcons.com/sports/mens-soccer/stats/2026/marist/boxscore/26511,2026-08-23-Air-Force-Marist,regular
sidearm-2026-08-23-Merrimack-College-College-of-the-Holy-Cross,2026-08-23,Merrimack College,College of the Holy Cross,false,false,2,2,away,final,,https://merrimackathletics.com/sports/mens-soccer/stats/2026/college-of-the-holy-cross/boxscore/13766,,2026-08-23-College-of-the-Holy-Cross-Merrimack-College,regular
sidearm-2026-08-23-UIC-Oral-Roberts,2026-08-23,UIC,Oral Roberts,false,false,1,1,away,final,,https://uicflames.com/sports/mens-soccer/stats/2026/oral-roberts/boxscore/21453,https://oruathletics.com/sports/mens-soccer/stats/2026/uic/boxscore/8797,2026-08-23-Oral-Roberts-UIC,regular
sidearm-2026-08-23-UC-Davis-Cal-Poly,2026-08-23,UC Davis,Cal Poly,false,false,2,2,home,final,,https://ucdavisaggies.com/sports/mens-soccer/stats/2026/cal-poly/boxscore/29336,https://gopoly.com/sports/mens-soccer/stats/2026/uc-davis/boxscore/9706,2026-08-23-Cal-Poly-UC-Davis,regular
sidearm-2026-08-23-Utah-Tech-Pacific,2026-08-23,Utah Tech,Pacific,false,false,2,3,home,final,,https://utahtechtrailblazers.com/sports/mens-soccer/stats/2026/pacific/boxscore/11608,https://pacifictigers.com/sports/mens-soccer/stats/2026/utah-tech/boxscore/10868,2026-08-23-Pacific-Utah-Tech,regular
sidearm-2026-08-23-Le-Moyne-College-SUNY-Polytechnic-Institute,2026-08-23,Le Moyne College,SUNY Polytechnic Institute,false,false,2,0,home,final,,https://lemoynedolphins.com/sports/mens-soccer/stats/2026/suny-polytechnic-institute/boxscore/15925,,2026-08-23-Le-Moyne-College-SUNY-Polytechnic-Institute,regular
wmt-2026-08-23-Navy-San-Diego-State,2026-08-23,San Diego State,Navy,false,false,2,2,home,final,https://goaztecs.com/sports/mens-soccer/schedule,https://goaztecs.com/boxscore/17440,https://navysports.com/sports/mens-soccer/stats/2026/san-diego-state/boxscore/27853,2026-08-23-Navy-San-Diego-State,regular
sidearm-2026-08-23-Loyola-University-Maryland-UMBC,2026-08-23,Loyola University Maryland,UMBC,false,false,2,3,away,final,,https://loyolagreyhounds.com/sports/mens-soccer/stats/2026/umbc/boxscore/18006,,2026-08-23-Loyola-University-Maryland-UMBC,regular
sidearm-2026-08-23-No.-18-San-Diego-Liberty,2026-08-23,San Diego,Liberty,true,false,3,1,away,final,,https://libertyflames.com/sports/mens-soccer/stats/2026/san-diego/boxscore/15548,https://usdtoreros.com/sports/mens-soccer/stats/2026/liberty/boxscore/15499,2026-08-23-Liberty-San-Diego,regular
sidearm-2026-08-23-UNC-Greensboro-San-Francisco,2026-08-23,UNC Greensboro,San Francisco,true,false,0,0,away,final,,https://uncgspartans.com/sports/mens-soccer/stats/2026/san-francisco/boxscore/9961,https://usfdons.com/sports/mens-soccer/stats/2026/-14-unc-greensboro/boxscore/8933,2026-08-23-San-Francisco-UNC-Greensboro,regular
sidearm-2026-08-23-St.-Thomas-Green-Bay,2026-08-23,St. Thomas,Green Bay,false,false,1,1,home,final,,https://tommiesports.com/sports/msoc/stats/2026/green-bay/boxscore/10056,,2026-08-23-Green-Bay-St.-Thomas,regular
sidearm-2026-08-24-University-of-Kentucky-Louisville,2026-08-24,Kentucky,Louisville,false,false,2,3,away,final,https://ukathletics.com/sports/msoc/schedule/2026,https://gocards.com/sports/mens-soccer/stats/2026/university-of-kentucky/boxscore/26343,https://storage.googleapis.com/ukathletics-com/2026/08/d827500b-ukmsoc-box-score-vs.-louisville.pdf,2026-08-24-Kentucky-Louisville,regular
sidearm-2026-08-24-SMU-Saint-Louis,2026-08-24,SMU,Saint Louis,false,false,4,0,away,final,,https://smumustangs.com/sports/mens-soccer/stats/2026/saint-louis/boxscore/14520,https://slubillikens.com/sports/mens-soccer/stats/2026/smu/boxscore/18701,2026-08-24-SMU-Saint-Louis,regular
sidearm-2026-08-24-Memphis-North-Carolina,2026-08-24,Memphis,North Carolina,false,true,3,2,away,final,,https://goheels.com/sports/mens-soccer/stats/2026/memphis/boxscore/27017,https://gotigersgo.com/sports/mens-soccer/stats/2026/north-carolina/boxscore/20118,2026-08-24-Memphis-North-Carolina,regular
wmt-2026-08-24-High-Point-Virginia,2026-08-24,Virginia,High Point,true,true,2,3,home,final,https://virginiasports.com/sports/msoc/schedule,https://virginiasports.com/boxscore/19599,https://highpointpanthers.com/boxscore.aspx?id=16293,2026-08-24-High-Point-Virginia,regular
sidearm-2026-08-24-Charlotte-Wofford,2026-08-24,Charlotte,Wofford,false,false,1,1,home,final,,https://charlotte49ers.com/sports/mens-soccer/stats/2026/wofford/boxscore/20025,https://athletics.wofford.edu/sports/mens-soccer/stats/2026/charlotte/boxscore/12123,2026-08-24-Charlotte-Wofford,regular
sidearm-2026-08-24-Central-Arkansas-Utah-Valley,2026-08-24,Central Arkansas,Utah Valley,false,false,0,1,away,final,,https://ucasports.com/sports/mens-soccer/stats/2026/utah-valley/boxscore/12441,https://wolverinegreen.com/sports/mens-soccer/stats/2026/central-arkansas/boxscore/10255,2026-08-24-Central-Arkansas-Utah-Valley,regular
sidearm-2026-08-24-La-Salle-FDU,2026-08-24,La Salle,FDU,false,false,1,2,home,final,,https://goexplorers.com/sports/mens-soccer/stats/2026/fdu/boxscore/12755,,2026-08-24-FDU-La-Salle,regular
sidearm-2026-08-24-St.-Bonaventure-West-Virginia,2026-08-24,St. Bonaventure,West Virginia,false,false,1,0,away,final,,https://gobonnies.com/sports/mens-soccer/stats/2026/west-virginia/boxscore/8628,https://wvusports.com/sports/mens-soccer/stats/2026/st-bonaventure/boxscore/21660,2026-08-24-St.-Bonaventure-West-Virginia,regular
sidearm-2026-08-24-Akron-Army,2026-08-24,Akron,Army,true,false,0,0,home,final,,https://gozips.com/sports/mens-soccer/stats/2026/army/boxscore/11391,https://goarmywestpoint.com/sports/mens-soccer/stats/2026/akron/boxscore/20267,2026-08-24-Akron-Army,regular
sidearm-2026-08-24-Ohio-State-DePaul,2026-08-24,Ohio State,DePaul,false,false,6,0,away,final,,https://depaulbluedemons.com/sports/mens-soccer/stats/2026/ohio-state/boxscore/6902,https://ohiostatebuckeyes.com/sports/mens-soccer/stats/2026/depaul-university/boxscore/22420,2026-08-24-DePaul-Ohio-State,regular
sidearm-2026-08-24-Quinnipiac--Providence,2026-08-24,Quinnipiac,Providence,false,false,3,2,away,final,,https://friars.com/sports/mens-soccer/stats/2026/quinnipiac/boxscore/12750,https://gobobcats.com/sports/mens-soccer/stats/2026/providence/boxscore/23753,2026-08-24-Providence-Quinnipiac,regular
sidearm-2026-08-24-Villanova-Saint-Peter's-University,2026-08-24,Villanova,Saint Peter's,false,false,1,0,home,final,,https://villanova.com/sports/mens-soccer/stats/2026/saint-peters-university/boxscore/17749,https://saintpeterspeacocks.com/sports/mens-soccer/stats/2026/villanova/boxscore/10405,2026-08-24-Saint-Peter's-Villanova,regular
sidearm-2026-08-24-James-Madison-Gardner-Webb,2026-08-24,James Madison,Gardner-Webb,false,false,2,0,away,final,,https://gwusports.com/sports/mens-soccer/stats/2026/james-madison/boxscore/9148,https://jmusports.com/sports/mens-soccer/stats/2026/gardner-webb/boxscore/20996,2026-08-24-Gardner-Webb-James-Madison,regular
sidearm-2026-08-24-Longwood-Coastal-Carolina,2026-08-24,Longwood,Coastal Carolina,false,false,4,2,home,final,,https://longwoodlancers.com/sports/mens-soccer/stats/2026/coastal-carolina/boxscore/11402,https://goccusports.com/sports/mens-soccer/stats/2026/longwood/boxscore/24284,2026-08-24-Coastal-Carolina-Longwood,regular
sidearm-2026-08-24-Presbyterian-VMI,2026-08-24,Presbyterian,VMI,false,false,1,3,unknown,final,,https://gobluehose.com/sports/mens-soccer/stats/2026/vmi/boxscore/14356,https://vmikeydets.com/sports/mens-soccer/stats/2026/presbyterian/boxscore/11752,2026-08-24-Presbyterian-VMI,regular
sidearm-2026-08-24-#3/2-Furman-UNC-Asheville,2026-08-24,Furman,UNC Asheville,true,false,1,1,away,final,,https://uncabulldogs.com/sports/mens-soccer/stats/2026/furman/boxscore/10720,https://furmanpaladins.com/sports/mens-soccer/stats/2026/unc-asheville/boxscore/10335,2026-08-24-Furman-UNC-Asheville,regular
sidearm-2026-08-24-South-Carolina-USC-Upstate,2026-08-24,South Carolina,USC Upstate,false,false,4,0,away,final,https://gamecocksonline.com/sports/msoc/schedule/2026,https://upstatespartans.com/sports/mens-soccer/stats/2026/south-carolina/boxscore/6564,https://gamecocksonline.com/boxscore/msoc-vs-usc-upstate-8-24-26/,2026-08-24-South-Carolina-USC-Upstate,regular
sidearm-2026-08-24-Maryland-New-Haven,2026-08-24,Maryland,New Haven,false,false,3,2,home,final,,https://umterps.com/sports/mens-soccer/stats/2026/new-haven/boxscore/20220,https://newhavenchargers.com/sports/mens-soccer/stats/2026/university-of-maryland/boxscore/15355,2026-08-24-Maryland-New-Haven,regular
wmt-2026-08-24-CSU-Bakersfield-UCLA,2026-08-24,UCLA,CSU Bakersfield,false,false,1,1,home,final,https://uclabruins.com/sports/mens-soccer/schedule,https://uclabruins.com/boxscore/19016,,2026-08-24-CSU-Bakersfield-UCLA,regular
sidearm-2026-08-24-UC-Irvine-Loyola-Marymount,2026-08-24,UC Irvine,Loyola Marymount,false,false,3,1,home,final,,https://ucirvinesports.com/sports/mens-soccer/stats/2026/loyola-marymount/boxscore/14305,https://lmulions.com/sports/mens-soccer/stats/2026/uc-irvine/boxscore/17786,2026-08-24-Loyola-Marymount-UC-Irvine,regular
sidearm-2026-08-24-Stony-Brook-Sacred-Heart,2026-08-24,Stony Brook,Sacred Heart,false,false,1,1,away,final,,https://stonybrookathletics.com/sports/mens-soccer/stats/2026/sacred-heart/boxscore/12626,https://sacredheartpioneers.com/sports/mens-soccer/stats/2026/stony-brook/boxscore/17576,2026-08-24-Sacred-Heart-Stony-Brook,regular
sidearm-2026-08-24-Detroit-Mercy-Adrian-College,2026-08-24,Detroit Mercy,Adrian College,false,false,1,2,home,final,,https://detroittitans.com/sports/mens-soccer/stats/2026/adrian-college/boxscore/6717,,2026-08-24-Adrian-College-Detroit-Mercy,regular
sidearm-2026-08-24-IU-Indy-Lindenwood,2026-08-24,IU Indy,Lindenwood,false,false,1,0,home,final,,https://iuindyjags.com/sports/mens-soccer/stats/2026/lindenwood/boxscore/17379,https://lindenwoodlions.com/sports/mens-soccer/stats/2026/iu-indy/boxscore/27789,2026-08-24-IU-Indy-Lindenwood,regular
sidearm-2026-08-24-Milwaukee-Chicago-State,2026-08-24,Milwaukee,Chicago State,false,false,3,1,home,final,,https://mkepanthers.com/sports/mens-soccer/stats/2026/chicago-state/boxscore/19109,https://gocsucougars.com/sports/mens-soccer/stats/2026/milwaukee/boxscore/7925,2026-08-24-Chicago-State-Milwaukee,regular
sidearm-2026-08-24-Northern-Kentucky-Southern-Indiana,2026-08-24,Northern Kentucky,University of Southern Indiana,false,false,2,2,home,final,,https://nkunorse.com/sports/mens-soccer/stats/2026/southern-indiana/boxscore/7928,https://gousieagles.com/sports/mens-soccer/stats/2026/northern-kentucky-university/boxscore/15341,2026-08-24-Northern-Kentucky-University-of-Southern-Indiana,regular
sidearm-2026-08-24-Pittsburgh-Bucknell,2026-08-24,Pittsburgh,Bucknell,false,false,3,1,away,final,,https://bucknellbison.com/sports/mens-soccer/stats/2026/pittsburgh/boxscore/21163,,2026-08-24-Bucknell-Pittsburgh,regular
wmt-2026-08-24-Elon-Old-Dominion,2026-08-24,Old Dominion,Elon,false,false,5,3,home,final,https://odusports.com/sports/mens-soccer/schedule,https://odusports.com/boxscore/15073,,2026-08-24-Elon-Old-Dominion,regular
sidearm-2026-08-25-Bryant-University-of-Rhode-Island,2026-08-25,Bryant,Rhode Island,false,false,1,0,away,final,,https://bryantbulldogs.com/sports/mens-soccer/stats/2026/university-of-rhode-island/boxscore/12440,https://gorhody.com/sports/mens-soccer/stats/2026/bryant/boxscore/11967,2026-08-25-Bryant-Rhode-Island,regular
sidearm-2026-08-25-UAB-Georgia-State-,2026-08-25,UAB,Georgia State,false,false,0,1,home,final,,https://uabsports.com/sports/mens-soccer/stats/2026/georgia-state/boxscore/23207,https://georgiastatesports.com/sports/mens-soccer/stats/2026/uab/boxscore/10513,2026-08-25-Georgia-State-UAB,regular
sidearm-2026-08-25-Bellarmine-Xavier-University,2026-08-25,Bellarmine,Xavier,false,false,0,0,away,final,,https://athletics.bellarmine.edu/sports/mens-soccer/stats/2026/xavier-university/boxscore/9046,https://goxavier.com/sports/mens-soccer/stats/2026/bellarmine/boxscore/13357,2026-08-25-Bellarmine-Xavier,regular
sidearm-2026-08-25-UNLV-Kansas-City,2026-08-25,UNLV,Kansas City,false,false,0,1,away,final,,https://unlvrebels.com/sports/mens-soccer/stats/2026/kansas-city/boxscore/17916,https://kcroos.com/sports/mens-soccer/stats/2026/unlv/boxscore/8845,2026-08-25-Kansas-City-UNLV,regular
sidearm-2026-08-26-Binghamton-Lafayette-College,2026-08-26,Binghamton,Lafayette,false,false,2,3,away,final,,https://bubearcats.com/boxscore.aspx?id=15684,https://goleopards.com/boxscore.aspx?id=13981,2026-08-26-Binghamton-Lafayette,regular
sidearm-2026-08-26-Stetson-Webber-International,2026-08-26,Stetson,Webber International,false,false,,,home,canceled,,,,2026-08-26-Stetson-Webber-International,regular
sidearm-2026-08-26-Drake-Green-Bay,2026-08-26,Drake,Green Bay,false,false,2,0,home,final,,https://godrakebulldogs.com/sports/mens-soccer/stats/2026/green-bay/boxscore/14041,,2026-08-26-Drake-Green-Bay,regular
sidearm-2026-08-26-Lindenwood-Blackburn-College,2026-08-26,Lindenwood,Blackburn College,false,false,7,0,home,final,,https://lindenwoodlions.com/sports/mens-soccer/stats/2026/blackburn-college/boxscore/27792,,2026-08-26-Blackburn-College-Lindenwood,regular
sidearm-2026-08-26-VMI-Randolph,2026-08-26,VMI,Randolph,false,false,2,1,unknown,final,,https://vmikeydets.com/sports/mens-soccer/stats/2026/randolph/boxscore/11753,,2026-08-26-Randolph-VMI,regular
sidearm-2026-08-27-Santa-Clara-California,2026-08-27,Santa Clara,California,false,false,0,1,away,final,,https://calbears.com/sports/mens-soccer/stats/2026/santa-clara/boxscore/38766,https://santaclarabroncos.com/sports/mens-soccer/stats/2026/california/boxscore/10964,2026-08-27-California-Santa-Clara,regular
sidearm-2026-08-27-Duke-Furman,2026-08-27,Duke,Furman,false,false,3,4,home,final,,https://goduke.com/sports/mens-soccer/stats/2026/furman/boxscore/25343,https://furmanpaladins.com/sports/mens-soccer/stats/2026/duke/boxscore/10336,2026-08-27-Duke-Furman,regular
sidearm-2026-08-27-Louisville-Lipscomb-University,2026-08-27,Louisville,Lipscomb,false,false,3,1,home,final,,https://gocards.com/sports/mens-soccer/stats/2026/lipscomb-university/boxscore/26344,https://lipscombsports.com/sports/mens-soccer/stats/2026/louisville/boxscore/13589,2026-08-27-Lipscomb-Louisville,regular
sidearm-2026-08-27-Florida-International-NC-State,2026-08-27,FIU,NC State,false,false,2,1,away,final,,https://gopack.com/sports/mens-soccer/stats/2026/florida-international/boxscore/24644,https://fiusports.com/sports/mens-soccer/stats/2026/nc-state/boxscore/14894,2026-08-27-FIU-NC-State,regular
wmt-2026-08-27-San-Diego-Stanford,2026-08-27,Stanford,San Diego,false,true,1,0,home,final,https://gostanford.com/sports/mens-soccer/schedule,https://gostanford.com/boxscore/27572,https://usdtoreros.com/sports/mens-soccer/stats/2026/stanford/boxscore/15500,2026-08-27-San-Diego-Stanford,regular
sidearm-2026-08-27-New-Hampshire-St.-John's,2026-08-27,New Hampshire,St. John's,false,false,2,1,home,final,,https://unhwildcats.com/sports/mens-soccer/stats/2026/st-john-s/boxscore/9688,https://redstormsports.com/sports/mens-soccer/stats/2026/new-hampshire/boxscore/15340,2026-08-27-New-Hampshire-St.-John's,regular
sidearm-2026-08-27-NJIT-Manhattan,2026-08-27,NJIT,Manhattan,false,false,,,home,postponed,,,,2026-08-27-Manhattan-NJIT,regular
sidearm-2026-08-27-UMass-Lowell-CCSU,2026-08-27,UMass Lowell,CCSU,false,false,2,1,home,final,,https://goriverhawks.com/sports/mens-soccer/stats/2026/ccsu/boxscore/9822,,2026-08-27-CCSU-UMass-Lowell,regular
sidearm-2026-08-27-FAU-North-Florida,2026-08-27,FAU,North Florida,false,false,2,0,home,final,,https://fausports.com/sports/mens-soccer/stats/2026/north-florida/boxscore/24679,https://unfospreys.com/sports/mens-soccer/stats/2026/florida-atlantic/boxscore/21498,2026-08-27-FAU-North-Florida,regular
sidearm-2026-08-27-Duquesne-Mount-St.-Mary's,2026-08-27,Duquesne,Mount St. Mary's,false,false,2,0,home,final,,https://goduquesne.com/sports/mens-soccer/stats/2026/mount-st-mary-s/boxscore/22996,https://mountathletics.com/sports/mens-soccer/stats/2026/duquesne/boxscore/10141,2026-08-27-Duquesne-Mount-St.-Mary's,regular
sidearm-2026-08-27-George-Mason-William-&-Mary,2026-08-27,George Mason,William & Mary,false,false,3,1,home,final,https://gomason.com,https://tribeathletics.com/sports/mens-soccer/stats/2026/george-mason/boxscore/28042,,2026-08-27-George-Mason-William-&-Mary,regular
sidearm-2026-08-27-Loyola-Chicago-Milwaukee,2026-08-27,Loyola Chicago,Milwaukee,false,false,1,1,home,final,,https://loyolaramblers.com/sports/mens-soccer/stats/2026/milwaukee/boxscore/7189,https://mkepanthers.com/sports/mens-soccer/stats/2026/loyola-chicago/boxscore/19110,2026-08-27-Loyola-Chicago-Milwaukee,regular
sidearm-2026-08-27-Butler-Indiana,2026-08-27,Butler,Indiana,false,false,0,1,away,final,,https://butlersports.com/sports/mens-soccer/stats/2026/indiana/boxscore/15648,https://iuhoosiers.com/sports/mens-soccer/stats/2026/butler/boxscore/28622,2026-08-27-Butler-Indiana,regular
sidearm-2026-08-27-Creighton-San-Francisco,2026-08-27,Creighton,San Francisco,false,false,4,2,home,final,,https://gocreighton.com/sports/mens-soccer/stats/2026/san-francisco/boxscore/16814,https://usfdons.com/sports/mens-soccer/stats/2026/creighton/boxscore/8934,2026-08-27-Creighton-San-Francisco,regular
sidearm-2026-08-27-DePaul-Western-Illinois,2026-08-27,DePaul,Western Illinois,false,false,3,1,home,final,,https://depaulbluedemons.com/sports/mens-soccer/stats/2026/western-illinois/boxscore/6903,https://goleathernecks.com/sports/mens-soccer/stats/2026/depaul/boxscore/14856,2026-08-27-DePaul-Western-Illinois,regular
sidearm-2026-08-27-Georgetown-Delaware,2026-08-27,Georgetown,Delaware,true,false,1,0,home,final,,https://guhoyas.com/sports/mens-soccer/stats/2026/delaware/boxscore/22003,https://bluehens.com/sports/mens-soccer/stats/2026/georgetown/boxscore/35332,2026-08-27-Delaware-Georgetown,regular
sidearm-2026-08-27-Northern-Illinois-Marquette,2026-08-27,Northern Illinois,Marquette,false,false,2,4,away,final,,https://gomarquette.com/sports/mens-soccer/stats/2026/northern-illinois/boxscore/14163,,2026-08-27-Marquette-Northern-Illinois,regular
sidearm-2026-08-27-UConn-Fairfield-,2026-08-27,UConn,Fairfield,false,false,0,1,home,final,,https://uconnhuskies.com/sports/mens-soccer/stats/2026/fairfield/boxscore/25523,https://fairfieldstags.com/sports/mens-soccer/stats/2026/uconn/boxscore/15450,2026-08-27-Fairfield-UConn,regular
sidearm-2026-08-27-USC-Upstate-West-Florida,2026-08-27,USC Upstate,West Florida,false,false,3,0,home,final,,https://upstatespartans.com/sports/mens-soccer/stats/2026/west-florida/boxscore/6565,,2026-08-27-USC-Upstate-West-Florida,regular
sidearm-2026-08-27-Michigan-Niagara,2026-08-27,Michigan,Niagara,false,false,3,1,home,final,,https://mgoblue.com/sports/mens-soccer/stats/2026/niagara/boxscore/30508,https://purpleeagles.com/sports/mens-soccer/stats/2026/michigan/boxscore/17956,2026-08-27-Michigan-Niagara,regular
sidearm-2026-08-27-Michigan-State-SIUE,2026-08-27,Michigan State,SIUE,false,false,4,0,home,final,,https://msuspartans.com/sports/mens-soccer/stats/2026/siue/boxscore/20587,,2026-08-27-Michigan-State-SIUE,regular
sidearm-2026-08-27-Washington-#3-Portland,2026-08-27,Washington,Portland,false,true,4,2,home,final,,https://gohuskies.com/sports/mens-soccer/stats/2026/portland/boxscore/25339,https://portlandpilots.com/boxscore.aspx?id=13253,2026-08-27-Portland-Washington,regular
sidearm-2026-08-27-Western-Michigan-Wisconsin,2026-08-27,Western Michigan,Wisconsin,false,false,0,1,away,final,,https://uwbadgers.com/sports/mens-soccer/stats/2026/western-michigan/boxscore/17208,https://wmubroncos.com/sports/mens-soccer/stats/2026/university-of-wisconsin/boxscore/16984,2026-08-27-Western-Michigan-Wisconsin,regular
sidearm-2026-08-27-Cal-State-Fullerton-Oral-Roberts,2026-08-27,Cal State Fullerton,Oral Roberts,false,false,2,2,home,final,,https://fullertontitans.com/sports/mens-soccer/stats/2026/oral-roberts/boxscore/7869,https://oruathletics.com/sports/mens-soccer/stats/2026/cal-state-fullerton/boxscore/8798,2026-08-27-Cal-State-Fullerton-Oral-Roberts,regular
sidearm-2026-08-27-Sacramento-State-Saint-Mary's,2026-08-27,Sacramento State,Saint Mary's,false,false,1,2,away,final,,https://hornetsports.com/sports/mens-soccer/stats/2026/saint-mary-s/boxscore/16685,https://smcgaels.com/sports/mens-soccer/stats/2026/sacramento-state/boxscore/12776,2026-08-27-Sacramento-State-Saint-Mary's,regular
sidearm-2026-08-27-UC-Santa-Barbara-Marshall,2026-08-27,UC Santa Barbara,Marshall,true,false,1,1,home,final,,https://ucsbgauchos.com/sports/mens-soccer/stats/2026/marshall/boxscore/12747,https://herdzone.com/sports/mens-soccer/stats/2026/uc-santa-barbara/boxscore/11590,2026-08-27-Marshall-UC-Santa-Barbara,regular
sidearm-2026-08-27-UNC-Wilmington-Mercer,2026-08-27,UNC Wilmington,Mercer,false,false,1,0,away,final,,https://uncwsports.com/sports/mens-soccer/stats/2026/mercer/boxscore/13937,https://mercerbears.com/sports/mens-soccer/stats/2026/uncw/boxscore/18861,2026-08-27-Mercer-UNC-Wilmington,regular
sidearm-2026-08-27-Oakland-UIC,2026-08-27,Oakland,UIC,false,false,3,2,home,final,,https://goldengrizzlies.com/sports/mens-soccer/stats/2026/uic/boxscore/13416,https://uicflames.com/sports/mens-soccer/stats/2026/oakland/boxscore/21454,2026-08-27-Oakland-UIC,regular
sidearm-2026-08-27-Robert-Morris-Waynesburg-University,2026-08-27,Robert Morris,Waynesburg University,false,false,2,1,home,final,,https://rmucolonials.com/sports/mens-soccer/stats/2026/waynesburg-university/boxscore/15322,,2026-08-27-Robert-Morris-Waynesburg-University,regular
sidearm-2026-08-27-Eastern-Illinois-Wright-State,2026-08-27,Eastern Illinois,Wright State,false,false,1,2,away,final,,https://wsuraiders.com/sports/mens-soccer/stats/2026/eastern-illinois/boxscore/10531,https://eiupanthers.com/sports/mens-soccer/stats/2026/wright-state/boxscore/14131,2026-08-27-Eastern-Illinois-Wright-State,regular
sidearm-2026-08-27-Merrimack-College-Stonehill-College,2026-08-27,Merrimack College,Stonehill College,false,false,1,1,away,final,,https://merrimackathletics.com/sports/mens-soccer/stats/2026/stonehill-college/boxscore/13768,https://stonehillskyhawks.com/sports/mens-soccer/stats/2026/merrimack-college/boxscore/10687,2026-08-27-Merrimack-College-Stonehill-College,regular
wmt-2026-08-27-Cal-Poly-San-Jose-State,2026-08-27,Cal Poly,San Jose State,false,false,3,0,away,final,https://sjsuspartans.com/sports/mens-soccer/schedule,https://sjsuspartans.com/boxscore/8595,https://gopoly.com/sports/mens-soccer/stats/2026/san-jose-state/boxscore/9707,2026-08-27-Cal-Poly-San-Jose-State,regular
sidearm-2026-08-27-UC-Davis-Pacific,2026-08-27,UC Davis,Pacific,false,false,3,3,away,final,,https://ucdavisaggies.com/sports/mens-soccer/stats/2026/pacific/boxscore/29337,https://pacifictigers.com/sports/mens-soccer/stats/2026/uc-davis/boxscore/10869,2026-08-27-Pacific-UC-Davis,regular
sidearm-2026-08-27-Utah-Tech-Gonzaga,2026-08-27,Utah Tech,Gonzaga,false,false,0,3,away,final,,https://utahtechtrailblazers.com/sports/mens-soccer/stats/2026/gonzaga/boxscore/11599,https://gozags.com/sports/mens-soccer/stats/2026/utah-tech/boxscore/10308,2026-08-27-Gonzaga-Utah-Tech,regular
sidearm-2026-08-27-Chicago-State-University-of-St.-Thomas,2026-08-27,Chicago State,St. Thomas,false,false,1,4,away,final,,https://gocsucougars.com/sports/mens-soccer/stats/2026/university-of-st-thomas/boxscore/7926,https://tommiesports.com/sports/msoc/stats/2026/chicago-state/boxscore/10057,2026-08-27-Chicago-State-St.-Thomas,regular
sidearm-2026-08-27-Le-Moyne-College-Colgate-University,2026-08-27,Le Moyne College,Colgate University,false,false,3,1,away,final,,https://lemoynedolphins.com/sports/mens-soccer/stats/2026/colgate-university/boxscore/15920,,2026-08-27-Colgate-University-Le-Moyne-College,regular
sidearm-2026-08-27-Houston-Christian-UC-San-Diego,2026-08-27,Houston Christian,UC San Diego,false,false,0,1,home,final,,https://hcuhuskies.com/sports/mens-soccer/stats/2026/uc-san-diego/boxscore/6672,https://ucsdtritons.com/sports/mens-soccer/stats/2026/houston-christian/boxscore/12143,2026-08-27-Houston-Christian-UC-San-Diego,regular
wmt-2026-08-27-Life-Pacific-San-Diego-State,2026-08-27,San Diego State,Life Pacific,false,false,7,1,home,final,https://goaztecs.com/sports/mens-soccer/schedule,https://goaztecs.com/boxscore/17441,,2026-08-27-Life-Pacific-San-Diego-State,regular
sidearm-2026-08-27-Omaha-Bradley,2026-08-27,Omaha,Bradley,false,false,4,0,home,final,,https://omavs.com/sports/mens-soccer/stats/2026/bradley/boxscore/19831,,2026-08-27-Bradley-Omaha,regular
sidearm-2026-08-28-Boston-College-Dartmouth,2026-08-28,Boston College,Dartmouth College,false,false,2,1,home,final,,https://bceagles.com/sports/mens-soccer/stats/2026/dartmouth/boxscore/26893,https://dartmouthsports.com/sports/mens-soccer/stats/2026/boston-college/boxscore/31644,2026-08-28-Boston-College-Dartmouth-College,regular
wmt-2026-08-28-Clemson-South-Carolina,2026-08-28,South Carolina,Clemson,false,true,3,2,away,final,https://clemsontigers.com/sports/mens-soccer/schedule,https://clemsontigers.com/boxscore/10525,https://gamecocksonline.com/boxscore/msoc-vs-clemson-8-28-26/,2026-08-28-Clemson-South-Carolina,regular
wmt-2026-08-28-Notre-Dame-Saint-Louis,2026-08-28,Notre Dame,Saint Louis,false,true,1,1,home,final,https://fightingirish.com/sports/msoc/schedule,https://fightingirish.com/boxscore/20467,https://slubillikens.com/sports/mens-soccer/stats/2026/notre-dame/boxscore/18702,2026-08-28-Notre-Dame-Saint-Louis,regular
sidearm-2026-08-28-SMU-LMU,2026-08-28,SMU,Loyola Marymount,false,false,2,0,home,final,,https://smumustangs.com/sports/mens-soccer/stats/2026/lmu/boxscore/14511,https://lmulions.com/sports/mens-soccer/stats/2026/smu/boxscore/17787,2026-08-28-Loyola-Marymount-SMU,regular
sidearm-2026-08-28-Syracuse-Loyola-,2026-08-28,Syracuse,Loyola,false,false,2,0,home,final,,https://cuse.com/sports/mens-soccer/stats/2026/loyola/boxscore/18951,,2026-08-28-Loyola-Syracuse,regular
sidearm-2026-08-28-North-Carolina-VCU,2026-08-28,North Carolina,VCU,false,false,1,0,home,final,,https://goheels.com/sports/mens-soccer/stats/2026/vcu/boxscore/27018,https://vcuathletics.com/sports/mens-soccer/stats/2026/north-carolina/boxscore/9282,2026-08-28-North-Carolina-VCU,regular
wmt-2026-08-28-American-Virginia,2026-08-28,Virginia,American,false,false,4,0,home,final,https://virginiasports.com/sports/msoc/schedule,https://virginiasports.com/boxscore/19600,https://aueagles.com/sports/mens-soccer/stats/2026/virginia/boxscore/6009,2026-08-28-American-Virginia,regular
wmt-2026-08-28-Kentucky-Virginia-Tech,2026-08-28,Virginia Tech,Kentucky,false,false,3,0,home,final,https://hokiesports.com/sports/mens-soccer/schedule,https://hokiesports.com/boxscore/23327,https://storage.googleapis.com/ukathletics-com/2026/08/b8b46476-ukmsoc-box-score-vs.-virginia-tech.pdf,2026-08-28-Kentucky-Virginia-Tech,regular
sidearm-2026-08-28-#10-Akron-Wake-Forest,2026-08-28,Akron,Wake Forest,true,false,1,0,away,final,,https://godeacs.com/sports/mens-soccer/stats/2026/akron/boxscore/14693,https://gozips.com/sports/mens-soccer/stats/2026/wake-forest/boxscore/11392,2026-08-28-Akron-Wake-Forest,regular
sidearm-2026-08-28-NJIT-Manhattan,2026-08-28,NJIT,Manhattan,false,false,4,1,away,final,,https://njithighlanders.com/sports/mens-soccer/stats/2026/manhattan/boxscore/11624,https://gojaspers.com/sports/mens-soccer/stats/2026/njit/boxscore/11928,2026-08-28-Manhattan-NJIT,regular
sidearm-2026-08-28-UMBC-Presbyterian,2026-08-28,UMBC,Presbyterian,false,false,5,1,home,final,,https://umbcretrievers.com/sports/mens-soccer/stats/2026/presbyterian/boxscore/9597,https://gobluehose.com/sports/mens-soccer/stats/2026/umbc/boxscore/14357,2026-08-28-Presbyterian-UMBC,regular
sidearm-2026-08-28-Vermont-Charlotte,2026-08-28,Vermont,Charlotte,true,false,2,2,home,final,,https://uvmathletics.com/sports/mens-soccer/stats/2026/charlotte/boxscore/6790,https://charlotte49ers.com/sports/mens-soccer/stats/2026/-7-vermont/boxscore/20026,2026-08-28-Charlotte-Vermont,regular
sidearm-2026-08-28-No.-22-Ohio-State-Memphis,2026-08-28,Ohio State,Memphis,true,false,2,0,away,final,,https://gotigersgo.com/sports/mens-soccer/stats/2026/ohio-state/boxscore/20119,https://ohiostatebuckeyes.com/sports/mens-soccer/stats/2026/university-of-memphis/boxscore/22421,2026-08-28-Memphis-Ohio-State,regular
sidearm-2026-08-28-UCF-South-Florida,2026-08-28,UCF,South Florida,false,false,2,0,away,final,https://ucfknights.com/sports/mens-soccer/schedule,https://gousfbulls.com/sports/mens-soccer/stats/2026/ucf/boxscore/14454,https://ucfknights.com/boxscore/12375,2026-08-28-South-Florida-UCF,regular
sidearm-2026-08-28-Temple-University-Saint-Joseph's,2026-08-28,Temple University,Saint Joseph's,false,false,1,1,home,final,,https://owlsports.com/sports/mens-soccer/stats/2026/saint-joseph-s/boxscore/16002,https://sjuhawks.com/sports/mens-soccer/stats/2026/temple/boxscore/20126,2026-08-28-Saint-Joseph's-Temple-University,regular
sidearm-2026-08-28-Tulsa-Incarnate-Word,2026-08-28,Tulsa,Incarnate Word,false,false,2,1,home,final,,https://tulsahurricane.com/sports/mens-soccer/stats/2026/incarnate-word/boxscore/16356,,2026-08-28-Incarnate-Word-Tulsa,regular
sidearm-2026-08-28-Central-Arkansas-Belmont,2026-08-28,Central Arkansas,Belmont University,false,false,2,0,home,final,,https://ucasports.com/sports/mens-soccer/stats/2026/belmont/boxscore/12442,https://belmontbruins.com/sports/mens-soccer/stats/2026/central-arkansas/boxscore/7284,2026-08-28-Belmont-University-Central-Arkansas,regular
sidearm-2026-08-28-FGCU-Liberty,2026-08-28,FGCU,Liberty,false,false,3,2,away,final,,https://fgcuathletics.com/sports/mens-soccer/stats/2026/liberty/boxscore/15159,https://libertyflames.com/sports/mens-soccer/stats/2026/fgcu/boxscore/15549,2026-08-28-FGCU-Liberty,regular
sidearm-2026-08-28-Jacksonville-Georgia-Southern-University,2026-08-28,Jacksonville,Georgia Southern,false,false,0,2,away,final,,https://judolphins.com/sports/mens-soccer/stats/2026/georgia-southern-university/boxscore/7684,https://gseagles.com/sports/mens-soccer/stats/2026/jacksonville/boxscore/17486,2026-08-28-Georgia-Southern-Jacksonville,regular
sidearm-2026-08-28-Gardner-Webb-Davidson-College,2026-08-28,Gardner-Webb,Davidson College,false,false,0,0,away,final,,https://davidsonwildcats.com/sports/mens-soccer/stats/2026/gardner-webb/boxscore/10315,https://gwusports.com/sports/mens-soccer/stats/2026/davidson/boxscore/9149,2026-08-28-Davidson-College-Gardner-Webb,regular
sidearm-2026-08-28-Dayton-Detroit-Mercy,2026-08-28,Dayton,Detroit Mercy,false,false,5,1,home,final,,https://daytonflyers.com/sports/mens-soccer/stats/2026/detroit-mercy/boxscore/17746,https://detroittitans.com/sports/mens-soccer/stats/2026/dayton/boxscore/6718,2026-08-28-Dayton-Detroit-Mercy,regular
sidearm-2026-08-28-Fordham-Bucknell-University,2026-08-28,Fordham,Bucknell,false,false,2,0,away,final,,https://fordhamsports.com/sports/mens-soccer/stats/2026/bucknell-university/boxscore/21091,https://bucknellbison.com/sports/mens-soccer/stats/2026/fordham/boxscore/21164,2026-08-28-Bucknell-Fordham,regular
sidearm-2026-08-28-Navy-George-Washington,2026-08-28,Navy,George Washington,false,false,0,2,away,final,,https://gwsports.com/sports/mens-soccer/stats/2026/navy/boxscore/15632,https://navysports.com/sports/mens-soccer/stats/2026/george-washington/boxscore/27854,2026-08-28-George-Washington-Navy,regular
sidearm-2026-08-28-Providence-LIU,2026-08-28,Providence,LIU,false,false,3,2,home,final,,https://friars.com/sports/mens-soccer/stats/2026/liu/boxscore/12751,,2026-08-28-LIU-Providence,regular
sidearm-2026-08-28-Seton-Hall-Iona,2026-08-28,Seton Hall,Iona,false,false,0,0,home,final,,https://shupirates.com/sports/mens-soccer/stats/2026/iona/boxscore/11297,https://ionagaels.com/sports/mens-soccer/stats/2026/seton-hall/boxscore/17399,2026-08-28-Iona-Seton-Hall,regular
sidearm-2026-08-28-Villanova-Princeton-University,2026-08-28,Villanova,Princeton,false,false,1,1,away,final,,https://villanova.com/sports/mens-soccer/stats/2026/princeton-university/boxscore/17750,https://goprincetontigers.com/sports/mens-soccer/stats/2026/villanova/boxscore/21708,2026-08-28-Princeton-Villanova,regular
sidearm-2026-08-28-Longwood-Southern-Virginia,2026-08-28,Longwood,Southern Virginia,false,false,5,0,home,final,,https://longwoodlancers.com/sports/mens-soccer/stats/2026/southern-virginia/boxscore/11403,,2026-08-28-Longwood-Southern-Virginia,regular
wmt-2026-08-28-Northwestern-University-of-Evansville,2026-08-28,University of Evansville,Northwestern,false,false,1,2,away,final,https://nusports.com/sports/mens-soccer/schedule,https://nusports.com/boxscore/17777,https://gopurpleaces.com/sports/mens-soccer/stats/2026/northwestern/boxscore/12513,2026-08-28-Northwestern-University-of-Evansville,regular
wmt-2026-08-28-Penn-State-Pittsburgh,2026-08-28,Penn State,Pittsburgh,false,false,1,2,home,final,https://gopsusports.com/sports/mens-soccer/schedule,https://gopsusports.com/boxscore/19451,,2026-08-28-Penn-State-Pittsburgh,regular
sidearm-2026-08-28-Rutgers-Sacred-Heart,2026-08-28,Rutgers,Sacred Heart,false,false,4,1,home,final,,https://scarletknights.com/sports/mens-soccer/stats/2026/sacred-heart/boxscore/16466,https://sacredheartpioneers.com/sports/mens-soccer/stats/2026/rutgers/boxscore/17690,2026-08-28-Rutgers-Sacred-Heart,regular
wmt-2026-08-28-Denver-UCLA,2026-08-28,UCLA,Denver,false,false,3,0,home,final,https://uclabruins.com/sports/mens-soccer/schedule,https://uclabruins.com/boxscore/19029,https://denverpioneers.com/sports/mens-soccer/stats/2026/ucla/boxscore/16050,2026-08-28-Denver-UCLA,regular
sidearm-2026-08-28-Campbell-Charleston,2026-08-28,Campbell,Charleston,false,false,1,2,away,final,,https://gocamels.com/sports/mens-soccer/stats/2026/charleston/boxscore/208346,https://cofcsports.com/sports/mens-soccer/stats/2026/campbell/boxscore/12969,2026-08-28-Campbell-Charleston,regular
sidearm-2026-08-28-Northeastern-Boston-University,2026-08-28,Northeastern,Boston University,false,false,2,1,home,final,,https://nuhuskies.com/sports/mens-soccer/stats/2026/boston-university/boxscore/14135,https://goterriers.com/sports/mens-soccer/stats/2026/northeastern/boxscore/33185,2026-08-28-Boston-University-Northeastern,regular
sidearm-2026-08-28-Cleveland-State-Mercyhurst,2026-08-28,Cleveland State,Mercyhurst,false,false,1,2,home,final,,https://csuvikings.com/sports/mens-soccer/stats/2026/mercyhurst/boxscore/20882,https://hurstathletics.com/sports/mens-soccer/stats/2026/cleveland-state/boxscore/15742,2026-08-28-Cleveland-State-Mercyhurst,regular
sidearm-2026-08-28-IU-Indy-Bowling-Green,2026-08-28,IU Indy,Bowling Green,false,false,1,0,home,final,,https://iuindyjags.com/sports/mens-soccer/stats/2026/bowling-green/boxscore/17380,,2026-08-28-Bowling-Green-IU-Indy,regular
sidearm-2026-08-28-Brown-New-Haven,2026-08-28,Brown,New Haven,false,false,2,0,home,final,,https://brownbears.com/sports/mens-soccer/stats/2026/new-haven/boxscore/20828,https://newhavenchargers.com/sports/mens-soccer/stats/2026/brown-university/boxscore/15356,2026-08-28-Brown-New-Haven,regular
sidearm-2026-08-28-Columbia-University-Army-West-Point,2026-08-28,Columbia University,Army,false,false,2,4,home,final,,https://gocolumbialions.com/sports/mens-soccer/stats/2026/army-west-point/boxscore/15446,https://goarmywestpoint.com/sports/mens-soccer/stats/2026/columbia/boxscore/20268,2026-08-28-Army-Columbia-University,regular
sidearm-2026-08-28-Harvard-Massachusetts,2026-08-28,Harvard,Massachusetts,false,false,4,1,home,final,,https://gocrimson.com/sports/mens-soccer/stats/2026/massachusetts/boxscore/33207,,2026-08-28-Harvard-Massachusetts,regular
sidearm-2026-08-28-Yale-Quinnipiac-University,2026-08-28,Yale,Quinnipiac,false,false,3,4,away,final,,https://yalebulldogs.com/sports/mens-soccer/stats/2026/quinnipiac-university/boxscore/21503,https://gobobcats.com/sports/mens-soccer/stats/2026/yale/boxscore/23754,2026-08-28-Quinnipiac-Yale,regular
sidearm-2026-08-28-Rider-University-Howard,2026-08-28,Rider University,Howard,false,false,2,0,home,final,,https://gobroncs.com/sports/mens-soccer/stats/2026/howard/boxscore/13693,https://hubison.com/boxscore.aspx?id=12419,2026-08-28-Howard-Rider-University,regular
sidearm-2026-08-28-Grand-Canyon-UC-Riverside,2026-08-28,Grand Canyon,UC Riverside,false,false,0,2,home,final,,https://gculopes.com/sports/mens-soccer/stats/2026/uc-riverside/boxscore/21213,https://gohighlanders.com/sports/mens-soccer/stats/2026/grand-canyon/boxscore/15286,2026-08-28-Grand-Canyon-UC-Riverside,regular
sidearm-2026-08-28-Old-Dominion-Lehigh,2026-08-28,Old Dominion,Lehigh,false,false,2,0,away,final,https://odusports.com/sports/mens-soccer/schedule,https://lehighsports.com/sports/mens-soccer/stats/2026/old-dominion/boxscore/16051,https://odusports.com/boxscore/15074,2026-08-28-Lehigh-Old-Dominion,regular
sidearm-2026-08-28-Loyola-University-Maryland-Syracuse,2026-08-28,Loyola University Maryland,Syracuse,false,false,0,2,away,final,,https://loyolagreyhounds.com/sports/mens-soccer/stats/2026/syracuse/boxscore/18007,,2026-08-28-Loyola-University-Maryland-Syracuse,regular
sidearm-2026-08-28-UNC-Greensboro-West-Virginia,2026-08-28,UNC Greensboro,West Virginia,true,false,1,1,away,final,,https://uncgspartans.com/sports/mens-soccer/stats/2026/west-virginia/boxscore/9962,https://wvusports.com/sports/mens-soccer/stats/2026/uncg/boxscore/21661,2026-08-28-UNC-Greensboro-West-Virginia,regular
sidearm-2026-08-28-Harvard-University-UMass,2026-08-28,Harvard,UMass,false,false,4,1,away,final,,https://umassathletics.com/sports/mens-soccer/stats/2026/harvard-university/boxscore/16809,,2026-08-28-Harvard-UMass,regular
sidearm-2026-08-29-Bryant-Lafayette-College,2026-08-29,Bryant,Lafayette,false,false,3,0,away,final,,https://bryantbulldogs.com/sports/mens-soccer/stats/2026/lafayette-college/boxscore/12441,https://goleopards.com/boxscore.aspx?id=13981,2026-08-29-Bryant-Lafayette,regular
sidearm-2026-08-29-Queens-Wofford-College,2026-08-29,Queens,Wofford,false,false,2,3,home,final,,https://queensathletics.com/sports/mens-soccer/stats/2026/wofford-college/boxscore/13395,https://athletics.wofford.edu/sports/mens-soccer/stats/2026/queens-university-of-charlotte/boxscore/12124,2026-08-29-Queens-Wofford,regular
sidearm-2026-08-29-Stetson-Coastal-Carolina,2026-08-29,Stetson,Coastal Carolina,false,false,0,2,away,final,,https://gohatters.com/sports/mens-soccer/stats/2026/coastal-carolina/boxscore/16493,https://goccusports.com/sports/mens-soccer/stats/2026/stetson/boxscore/24285,2026-08-29-Coastal-Carolina-Stetson,regular
sidearm-2026-08-29-La-Salle-Keystone,2026-08-29,La Salle,Keystone,false,false,9,0,home,final,,https://goexplorers.com/sports/mens-soccer/stats/2026/keystone/boxscore/12861,,2026-08-29-Keystone-La-Salle,regular
sidearm-2026-08-29-Rhode-Island-Holy-Cross,2026-08-29,Rhode Island,Holy Cross,false,false,2,1,unknown,final,,https://gorhody.com/sports/mens-soccer/stats/2026/holy-cross/boxscore/11965,,2026-08-29-Holy-Cross-Rhode-Island,regular
sidearm-2026-08-29-Radford-James-Madison,2026-08-29,Radford,James Madison,false,false,2,1,home,final,,https://radfordathletics.com/sports/mens-soccer/stats/2026/james-madison/boxscore/14655,https://jmusports.com/sports/mens-soccer/stats/2026/radford/boxscore/20997,2026-08-29-James-Madison-Radford,regular
sidearm-2026-08-29-Winthrop-Johnson-&-Wales-(N.C.),2026-08-29,Winthrop,Johnson & Wales (N.C.),false,false,8,0,home,final,,https://winthropeagles.com/boxscore.aspx?id=23965,,2026-08-29-Johnson-&-Wales-(N.C.)-Winthrop,regular
sidearm-2026-08-29-Maryland-#9-High-Point,2026-08-29,Maryland,High Point,false,true,1,0,home,final,,https://umterps.com/sports/mens-soccer/stats/2026/high-point/boxscore/20221,https://highpointpanthers.com/boxscore.aspx?id=16293,2026-08-29-High-Point-Maryland,regular
sidearm-2026-08-29-Monmouth-Drexel,2026-08-29,Monmouth,Drexel,false,false,1,0,away,final,,https://drexeldragons.com/sports/mens-soccer/stats/2026/monmouth/boxscore/12540,https://monmouthhawks.com/sports/mens-soccer/stats/2026/drexel/boxscore/31941,2026-08-29-Drexel-Monmouth,regular
sidearm-2026-08-29-Hofstra-Stony-Brook,2026-08-29,Hofstra,Stony Brook,false,false,1,1,away,final,,https://gohofstra.com/sports/mens-soccer/stats/2026/stony-brook/boxscore/14328,https://stonybrookathletics.com/sports/mens-soccer/stats/2026/hofstra/boxscore/12627,2026-08-29-Hofstra-Stony-Brook,regular
sidearm-2026-08-29-Cornell-Marist-University,2026-08-29,Cornell,Marist,false,false,3,0,away,final,,https://cornellbigred.com/sports/mens-soccer/stats/2026/marist-university/boxscore/63455,https://goredfoxes.com/sports/mens-soccer/stats/2026/cornell-university/boxscore/15559,2026-08-29-Cornell-Marist,regular
sidearm-2026-08-29-Saint-Peter's-VMI,2026-08-29,Saint Peter's,VMI,false,false,2,1,home,final,,https://saintpeterspeacocks.com/sports/mens-soccer/stats/2026/vmi/boxscore/10407,https://vmikeydets.com/sports/mens-soccer/stats/2026/saint-peter-s/boxscore/11754,2026-08-29-Saint-Peter's-VMI,regular
sidearm-2026-08-29-Drake-Wartburg,2026-08-29,Drake,Wartburg,false,false,2,0,home,final,,https://godrakebulldogs.com/sports/mens-soccer/stats/2026/wartburg/boxscore/14042,,2026-08-29-Drake-Wartburg,regular
sidearm-2026-08-29-University-of-Evansville-Alumni-Game,2026-08-29,University of Evansville,Alumni Game,false,false,,,home,scheduled,,,,2026-08-29-Alumni-Game-University-of-Evansville,regular
sidearm-2026-08-29-UNLV-CSU-Bakersfield,2026-08-29,UNLV,CSU Bakersfield,false,false,2,1,away,final,,https://unlvrebels.com/sports/mens-soccer/stats/2026/csu-bakersfield/boxscore/17917,,2026-08-29-CSU-Bakersfield-UNLV,regular
sidearm-2026-08-30-Duke-#6-Georgetown,2026-08-30,Duke,Georgetown,false,true,0,3,home,final,,https://goduke.com/sports/mens-soccer/stats/2026/georgetown/boxscore/25344,https://guhoyas.com/sports/mens-soccer/stats/2026/duke/boxscore/22004,2026-08-30-Duke-Georgetown,regular
sidearm-2026-08-30-Florida-Atlantic-NC-State,2026-08-30,FAU,NC State,false,true,3,3,away,final,,https://gopack.com/sports/mens-soccer/stats/2026/florida-atlantic/boxscore/24645,https://fausports.com/sports/mens-soccer/stats/2026/no-20-nc-state/boxscore/24680,2026-08-30-FAU-NC-State,regular
wmt-2026-08-30-Stanford-UC-Davis,2026-08-30,Stanford,UC Davis,false,false,2,1,home,final,https://gostanford.com/sports/mens-soccer/schedule,https://gostanford.com/boxscore/27573,https://ucdavisaggies.com/sports/mens-soccer/stats/2026/stanford/boxscore/29338,2026-08-30-Stanford-UC-Davis,regular
sidearm-2026-08-30-Missouri-State-Chicago-State,2026-08-30,Missouri State,Chicago State,false,false,5,0,home,final,,https://missouristatebears.com/sports/mens-soccer/stats/2026/chicago-state/boxscore/7999,https://gocsucougars.com/sports/mens-soccer/stats/2026/missouri-state-university/boxscore/7927,2026-08-30-Chicago-State-Missouri-State,regular
sidearm-2026-08-30-Bellarmine-Northern-Kentucky-University,2026-08-30,Bellarmine,Northern Kentucky,false,false,2,1,away,final,,https://athletics.bellarmine.edu/sports/mens-soccer/stats/2026/northern-kentucky-university/boxscore/9047,https://nkunorse.com/sports/mens-soccer/stats/2026/bellarmine/boxscore/7929,2026-08-30-Bellarmine-Northern-Kentucky,regular
sidearm-2026-08-30-Duquesne-Robert-Morris,2026-08-30,Duquesne,Robert Morris,false,false,1,1,away,final,,https://goduquesne.com/sports/mens-soccer/stats/2026/robert-morris/boxscore/22997,https://rmucolonials.com/sports/mens-soccer/stats/2026/duquesne-university/boxscore/15323,2026-08-30-Duquesne-Robert-Morris,regular
sidearm-2026-08-30-Loyola-Chicago-DePaul,2026-08-30,Loyola Chicago,DePaul,false,false,3,3,home,final,,https://loyolaramblers.com/sports/mens-soccer/stats/2026/depaul/boxscore/7192,https://depaulbluedemons.com/sports/mens-soccer/stats/2026/loyola-chicago/boxscore/6904,2026-08-30-DePaul-Loyola-Chicago,regular
sidearm-2026-08-30-St.-Bonaventure-Le-Moyne,2026-08-30,St. Bonaventure,Le Moyne College,false,false,0,0,home,final,,https://gobonnies.com/sports/mens-soccer/stats/2026/le-moyne/boxscore/8629,https://lemoynedolphins.com/sports/mens-soccer/stats/2026/st-bonaventure-university/boxscore/15930,2026-08-30-Le-Moyne-College-St.-Bonaventure,regular
sidearm-2026-08-30-UConn-Western-Michigan-,2026-08-30,UConn,Western Michigan,false,false,4,1,home,final,,https://uconnhuskies.com/sports/mens-soccer/stats/2026/western-michigan/boxscore/25524,https://wmubroncos.com/sports/mens-soccer/stats/2026/uconn/boxscore/16985,2026-08-30-UConn-Western-Michigan,regular
sidearm-2026-08-30-Michigan-SIUE,2026-08-30,Michigan,SIUE,false,false,3,2,home,final,,https://mgoblue.com/sports/mens-soccer/stats/2026/siue/boxscore/30509,,2026-08-30-Michigan-SIUE,regular
sidearm-2026-08-30-Michigan-State-Niagara-,2026-08-30,Michigan State,Niagara,false,false,4,1,home,final,,https://msuspartans.com/sports/mens-soccer/stats/2026/niagara/boxscore/20588,https://purpleeagles.com/sports/mens-soccer/stats/2026/michigan-state/boxscore/17957,2026-08-30-Michigan-State-Niagara,regular
sidearm-2026-08-30-#25-Oregon-State-Washington,2026-08-30,Oregon State,Washington,true,false,4,3,away,final,,https://gohuskies.com/sports/mens-soccer/stats/2026/oregon-state/boxscore/25340,https://osubeavers.com/sports/mens-soccer/stats/2026/washington/boxscore/22828,2026-08-30-Oregon-State-Washington,regular
sidearm-2026-08-30-Pacific-UC-Irvine,2026-08-30,Pacific,UC Irvine,false,false,0,3,away,final,,https://ucirvinesports.com/sports/mens-soccer/stats/2026/pacific/boxscore/14306,https://pacifictigers.com/sports/mens-soccer/stats/2026/uc-irvine/boxscore/10870,2026-08-30-Pacific-UC-Irvine,regular
sidearm-2026-08-30-Utah-Valley-Santa-Clara,2026-08-30,Utah Valley,Santa Clara,false,false,1,0,away,final,,https://wolverinegreen.com/sports/mens-soccer/stats/2026/santa-clara/boxscore/10256,https://santaclarabroncos.com/sports/mens-soccer/stats/2026/utah-valley/boxscore/10965,2026-08-30-Santa-Clara-Utah-Valley,regular
sidearm-2026-08-30-UNC-Wilmington-Furman,2026-08-30,UNC Wilmington,Furman,false,false,0,0,home,final,,https://uncwsports.com/sports/mens-soccer/stats/2026/furman/boxscore/13938,https://furmanpaladins.com/sports/mens-soccer/stats/2026/uncw/boxscore/10337,2026-08-30-Furman-UNC-Wilmington,regular
sidearm-2026-08-30-William-&-Mary-Elon,2026-08-30,William & Mary,Elon,false,false,1,1,away,final,,https://tribeathletics.com/sports/mens-soccer/stats/2026/elon/boxscore/28044,,2026-08-30-Elon-William-&-Mary,regular
sidearm-2026-08-30-Wright-State-Lindenwood,2026-08-30,Wright State,Lindenwood,false,false,1,1,home,final,,https://wsuraiders.com/sports/mens-soccer/stats/2026/lindenwood/boxscore/10532,https://lindenwoodlions.com/sports/mens-soccer/stats/2026/wright-state-university/boxscore/27790,2026-08-30-Lindenwood-Wright-State,regular
sidearm-2026-08-30-Saint-Peter's-Temple,2026-08-30,Saint Peter's,Temple University,false,false,,,home,scheduled,,,,2026-08-30-Saint-Peter's-Temple-University,regular
sidearm-2026-08-30-UIC-Northern-Illinois,2026-08-30,UIC,Northern Illinois,false,false,1,2,away,final,,https://uicflames.com/sports/mens-soccer/stats/2026/northern-illinois/boxscore/21455,,2026-08-30-Northern-Illinois-UIC,regular
sidearm-2026-08-30-Air-Force-UC-San-Diego,2026-08-30,Air Force,UC San Diego,false,false,0,1,home,final,,https://goairforcefalcons.com/sports/mens-soccer/stats/2026/uc-san-diego/boxscore/26512,https://ucsdtritons.com/sports/mens-soccer/stats/2026/air-force/boxscore/12144,2026-08-30-Air-Force-UC-San-Diego,regular
wmt-2026-08-30-Saint-Mary's-San-Jose-State,2026-08-30,San Jose State,Saint Mary's,false,false,4,2,home,final,https://sjsuspartans.com/sports/mens-soccer/schedule,https://sjsuspartans.com/boxscore/8596,https://smcgaels.com/sports/mens-soccer/stats/2026/san-jose-state/boxscore/12777,2026-08-30-Saint-Mary's-San-Jose-State,regular
sidearm-2026-08-30-Eastern-Illinois-St.-Thomas,2026-08-30,Eastern Illinois,St. Thomas,false,false,1,1,home,final,,https://eiupanthers.com/sports/mens-soccer/stats/2026/st-thomas/boxscore/14132,https://tommiesports.com/sports/msoc/stats/2026/eastern-illinois/boxscore/10058,2026-08-30-Eastern-Illinois-St.-Thomas,regular
sidearm-2026-08-30-Western-Illinois-University-of-Illinois-Springfield,2026-08-30,Western Illinois,University of Illinois Springfield,false,false,4,0,home,final,,https://goleathernecks.com/sports/mens-soccer/stats/2026/university-of-illinois-springfield/boxscore/14689,,2026-08-30-University-of-Illinois-Springfield-Western-Illinois,regular
sidearm-2026-08-30-Cal-Poly-San-Diego-State,2026-08-30,Cal Poly,San Diego State,false,false,1,1,home,final,https://goaztecs.com/sports/mens-soccer/schedule,https://gopoly.com/sports/mens-soccer/stats/2026/san-diego-state/boxscore/9708,https://goaztecs.com/boxscore/17454,2026-08-30-Cal-Poly-San-Diego-State,regular
sidearm-2026-08-30-Gonzaga-Northwest-,2026-08-30,Gonzaga,Northwest,false,false,7,0,home,final,,https://gozags.com/sports/mens-soccer/stats/2026/northwest/boxscore/10309,,2026-08-30-Gonzaga-Northwest,regular
sidearm-2026-08-30-Kansas-City-San-Francisco,2026-08-30,Kansas City,San Francisco,true,false,2,3,home,final,,https://kcroos.com/sports/mens-soccer/stats/2026/san-francisco/boxscore/8846,https://usfdons.com/sports/mens-soccer/stats/2026/-15-kansas-city/boxscore/8935,2026-08-30-Kansas-City-San-Francisco,regular
sidearm-2026-08-30-Oral-Roberts-CSUN,2026-08-30,Oral Roberts,CSUN,false,false,0,1,away,final,,https://oruathletics.com/sports/mens-soccer/stats/2026/csun/boxscore/8799,,2026-08-30-CSUN-Oral-Roberts,regular
sidearm-2026-08-30-Georgia-State-West-Florida,2026-08-30,Georgia State,West Florida,false,false,0,0,unknown,final,,https://georgiastatesports.com/sports/mens-soccer/stats/2026/west-florida/boxscore/10514,,2026-08-30-Georgia-State-West-Florida,regular
sidearm-2026-08-31-Louisville-#14-Indiana-University,2026-08-31,Louisville,Indiana,false,true,1,1,home,final,,https://gocards.com/sports/mens-soccer/stats/2026/indiana-university/boxscore/26345,https://iuhoosiers.com/sports/mens-soccer/stats/2026/louisville/boxscore/28623,2026-08-31-Indiana-Louisville,regular
wmt-2026-08-31-Harvard-Notre-Dame,2026-08-31,Notre Dame,Harvard,false,false,3,1,home,final,https://fightingirish.com/sports/msoc/schedule,https://gocrimson.com/sports/mens-soccer/stats/2026/notre-dame/boxscore/33208,https://fightingirish.com/documents/fcc32523-7da3-4312-a28f-2536b3acae19.pdf,2026-08-31-Harvard-Notre-Dame,regular
sidearm-2026-08-31-SMU-HCU,2026-08-31,SMU,HCU,false,false,6,0,home,final,,https://smumustangs.com/sports/mens-soccer/stats/2026/hcu/boxscore/14512,,2026-08-31-HCU-SMU,regular
sidearm-2026-08-31-Syracuse-Iona,2026-08-31,Syracuse,Iona,false,false,4,0,home,final,,https://cuse.com/sports/mens-soccer/stats/2026/iona/boxscore/18952,https://ionagaels.com/sports/mens-soccer/stats/2026/syracuse/boxscore/17400,2026-08-31-Iona-Syracuse,regular
wmt-2026-08-31-FGCU-Virginia,2026-08-31,Virginia,FGCU,false,false,1,2,home,final,https://virginiasports.com/sports/msoc/schedule,https://virginiasports.com/boxscore/19601,https://fgcuathletics.com/sports/mens-soccer/stats/2026/virginia/boxscore/15160,2026-08-31-FGCU-Virginia,regular
sidearm-2026-08-31-Bowling-Green-Wake-Forest,2026-08-31,Bowling Green,Wake Forest,false,false,0,1,away,final,,https://godeacs.com/sports/mens-soccer/stats/2026/bowling-green/boxscore/14694,,2026-08-31-Bowling-Green-Wake-Forest,regular
sidearm-2026-08-31-UMBC-George-Washington,2026-08-31,UMBC,George Washington,false,false,0,3,home,final,,https://umbcretrievers.com/sports/mens-soccer/stats/2026/george-washington/boxscore/9598,https://gwsports.com/sports/mens-soccer/stats/2026/umbc/boxscore/15633,2026-08-31-George-Washington-UMBC,regular
sidearm-2026-08-31-FIU-St.-Thomas-University-(Fla.),2026-08-31,FIU,St. Thomas,false,false,2,0,home,final,,https://fiusports.com/sports/mens-soccer/stats/2026/st-thomas-university-fla-/boxscore/15053,,2026-08-31-FIU-St.-Thomas,regular
sidearm-2026-08-31-Butler-Memphis,2026-08-31,Butler,Memphis,false,false,1,5,away,final,,https://gotigersgo.com/sports/mens-soccer/stats/2026/butler/boxscore/20120,https://butlersports.com/sports/mens-soccer/stats/2026/memphis/boxscore/15649,2026-08-31-Butler-Memphis,regular
sidearm-2026-08-31-Tulsa-Creighton,2026-08-31,Tulsa,Creighton,false,false,0,5,home,final,,https://tulsahurricane.com/sports/mens-soccer/stats/2026/creighton/boxscore/16357,https://gocreighton.com/sports/mens-soccer/stats/2026/tulsa/boxscore/16815,2026-08-31-Creighton-Tulsa,regular
sidearm-2026-08-31-Mercer-UAB,2026-08-31,Mercer,UAB,false,false,0,1,away,final,,https://uabsports.com/sports/mens-soccer/stats/2026/mercer/boxscore/23208,https://mercerbears.com/sports/mens-soccer/stats/2026/uab/boxscore/18862,2026-08-31-Mercer-UAB,regular
sidearm-2026-08-31-Dayton-Purdue-Fort-Wayne,2026-08-31,Dayton,Purdue Fort Wayne,false,false,2,1,home,final,,https://daytonflyers.com/sports/mens-soccer/stats/2026/purdue-fort-wayne/boxscore/17747,https://gomastodons.com/sports/mens-soccer/stats/2026/dayton/boxscore/16587,2026-08-31-Dayton-Purdue-Fort-Wayne,regular
sidearm-2026-08-31-Saint-Joseph's-Mount-St.-Mary's,2026-08-31,Saint Joseph's,Mount St. Mary's,false,false,1,1,away,final,,https://sjuhawks.com/sports/mens-soccer/stats/2026/mount-st-mary-s/boxscore/20127,,2026-08-31-Mount-St.-Mary's-Saint-Joseph's,regular
sidearm-2026-08-31-Wisconsin-Marquette,2026-08-31,Wisconsin,Marquette,true,false,3,1,away,final,,https://gomarquette.com/sports/mens-soccer/stats/2026/wisconsin/boxscore/14164,https://uwbadgers.com/sports/mens-soccer/stats/2026/marquette/boxscore/17209,2026-08-31-Marquette-Wisconsin,regular
sidearm-2026-08-31-Providence-Boston-University,2026-08-31,Providence,Boston University,false,false,1,1,home,final,,https://friars.com/sports/mens-soccer/stats/2026/boston-university/boxscore/12651,https://goterriers.com/sports/mens-soccer/stats/2026/providence/boxscore/33186,2026-08-31-Boston-University-Providence,regular
sidearm-2026-08-31-Northwestern-Xavier,2026-08-31,Northwestern,Xavier,false,false,2,3,away,final,https://nusports.com/sports/mens-soccer/schedule,https://goxavier.com/sports/mens-soccer/stats/2026/northwestern/boxscore/13358,https://nusports.com/boxscore/17778,2026-08-31-Northwestern-Xavier,regular
sidearm-2026-08-31-Presbyterian-Navy,2026-08-31,Presbyterian,Navy,false,false,0,3,home,final,,https://gobluehose.com/sports/mens-soccer/stats/2026/navy/boxscore/14358,https://navysports.com/sports/mens-soccer/stats/2026/presbyterian/boxscore/27855,2026-08-31-Navy-Presbyterian,regular
sidearm-2026-08-31-Cal-State-Fullerton-Seattle,2026-08-31,Cal State Fullerton,Seattle,false,false,1,7,away,final,https://goseattleu.com/sports/mens-soccer/schedule,https://fullertontitans.com/sports/mens-soccer/stats/2026/seattle/boxscore/7870,https://goseattleu.com/boxscore/8743,2026-08-31-Cal-State-Fullerton-Seattle,regular
sidearm-2026-08-31-Sacramento-State-Utah-Tech,2026-08-31,Sacramento State,Utah Tech,false,false,0,1,away,final,,https://hornetsports.com/sports/mens-soccer/stats/2026/utah-tech/boxscore/16686,https://utahtechtrailblazers.com/sports/mens-soccer/stats/2026/sacramento-state/boxscore/11617,2026-08-31-Sacramento-State-Utah-Tech,regular
sidearm-2026-08-31-UC-Santa-Barbara-San-Diego,2026-08-31,UC Santa Barbara,San Diego,false,false,1,1,home,final,,https://ucsbgauchos.com/sports/mens-soccer/stats/2026/san-diego/boxscore/12748,,2026-08-31-San-Diego-UC-Santa-Barbara,regular
sidearm-2026-08-31-Northeastern-Siena,2026-08-31,Northeastern,Siena,false,false,3,3,away,final,,https://sienasaints.com/boxscore.aspx?id=18807,https://nuhuskies.com/sports/mens-soccer/stats/2026/siena/boxscore/14136,2026-08-31-Northeastern-Siena,regular
sidearm-2026-08-31-Princeton-Portland,2026-08-31,Princeton,Portland,false,true,2,0,home,final,,https://goprincetontigers.com/sports/mens-soccer/stats/2026/portland/boxscore/21709,https://portlandpilots.com/boxscore.aspx?id=13253,2026-08-31-Portland-Princeton,regular
sidearm-2026-08-31-Yale-Army,2026-08-31,Yale,Army,false,false,2,0,home,final,,https://yalebulldogs.com/sports/mens-soccer/stats/2026/army/boxscore/21504,https://goarmywestpoint.com/sports/mens-soccer/stats/2026/yale/boxscore/20269,2026-08-31-Army-Yale,regular
sidearm-2026-08-31-Rider-University-FDU,2026-08-31,Rider University,FDU,false,false,1,2,away,final,,https://gobroncs.com/sports/mens-soccer/stats/2026/fdu/boxscore/13694,,2026-08-31-FDU-Rider-University,regular
sidearm-2026-08-31-Houston-Christian-SMU,2026-08-31,Houston Christian,SMU,false,false,0,6,away,final,,https://hcuhuskies.com/sports/mens-soccer/stats/2026/smu/boxscore/6673,,2026-08-31-Houston-Christian-SMU,regular
sidearm-2026-08-31-California-Baptist-University-of-Denver,2026-08-31,California Baptist,Denver,false,false,2,0,home,final,,https://cbulancers.com/sports/mens-soccer/stats/2026/university-of-denver/boxscore/17107,,2026-08-31-California-Baptist-Denver,regular
sidearm-2026-08-31-VMI-Central-Connecticut-State,2026-08-31,VMI,Central Connecticut State,false,false,0,3,unknown,final,,https://ccsubluedevils.com/sports/msoc/2026-27/boxscores/20260831_6tcu.xml,https://vmikeydets.com/sports/mens-soccer/stats/2026/central-connecticut-state/boxscore/11755,2026-08-31-Central-Connecticut-State-VMI,regular
sidearm-2026-08-31-Cal-Baptist-Denver,2026-08-31,Cal Baptist,Denver,false,false,2,0,away,final,,https://denverpioneers.com/sports/mens-soccer/stats/2026/cal-baptist/boxscore/16051,,2026-08-31-Cal-Baptist-Denver,regular
sidearm-2026-08-31-San-Diego-Santa-Barbara,2026-08-31,San Diego,Santa Barbara,false,false,1,1,away,final,,https://usdtoreros.com/sports/mens-soccer/stats/2026/santa-barbara/boxscore/15501,,2026-08-31-San-Diego-Santa-Barbara,regular
sidearm-2026-09-01-California-UCLA,2026-09-01,California,UCLA,false,true,,,home,scheduled,https://uclabruins.com/sports/mens-soccer/schedule,,,2026-09-01-California-UCLA,regular
wmt-2026-09-01-Clemson-UCF,2026-09-01,UCF,Clemson,false,true,,,away,scheduled,https://clemsontigers.com/sports/mens-soccer/schedule,,,2026-09-01-Clemson-UCF,regular
sidearm-2026-09-01-NJIT-Loyola-Maryland,2026-09-01,NJIT,Loyola Maryland,false,false,,,home,scheduled,,,,2026-09-01-Loyola-Maryland-NJIT,regular
sidearm-2026-09-01-Vermont-Holy-Cross,2026-09-01,Vermont,Holy Cross,false,false,,,home,scheduled,,,,2026-09-01-Holy-Cross-Vermont,regular
sidearm-2026-09-01-South-Florida-UNF,2026-09-01,South Florida,UNF,false,false,,,home,scheduled,,,,2026-09-01-South-Florida-UNF,regular
sidearm-2026-09-01-St.-Peter's-Temple-University,2026-09-01,Saint Peter's,Temple University,false,false,,,away,scheduled,,,,2026-09-01-Saint-Peter's-Temple-University,regular
sidearm-2026-09-01-Jacksonville-Trinity-College-of-Jacksonville,2026-09-01,Jacksonville,Trinity College of Jacksonville,false,false,,,unknown,scheduled,,,,2026-09-01-Jacksonville-Trinity-College-of-Jacksonville,regular
sidearm-2026-09-01-South-Florida-North-Florida,2026-09-01,South Florida,North Florida,false,false,,,away,scheduled,,,,2026-09-01-North-Florida-South-Florida,regular
sidearm-2026-09-01-Davidson-College-UNC-Greensboro,2026-09-01,Davidson College,UNC Greensboro,false,false,,,home,scheduled,,,,2026-09-01-Davidson-College-UNC-Greensboro,regular
sidearm-2026-09-01-Fordham-Villanova-University,2026-09-01,Fordham,Villanova,false,false,,,away,scheduled,,,,2026-09-01-Fordham-Villanova,regular
sidearm-2026-09-01-George-Mason-Marshall-University,2026-09-01,George Mason,Marshall,false,false,,,home,scheduled,https://gomason.com,,,2026-09-01-George-Mason-Marshall,regular
sidearm-2026-09-01-La-Salle-Lafayette,2026-09-01,La Salle,Lafayette,false,false,,,away,scheduled,,https://goleopards.com/boxscore.aspx?id=13981,,2026-09-01-La-Salle-Lafayette,regular
sidearm-2026-09-01-St.-John's-No.-13-Hofstra,2026-09-01,St. John's,Hofstra,false,true,,,home,scheduled,,,,2026-09-01-Hofstra-St.-John's,regular
sidearm-2026-09-01-Longwood-Campbell,2026-09-01,Longwood,Campbell,false,false,,,away,scheduled,,,,2026-09-01-Campbell-Longwood,regular
sidearm-2026-09-01-UNC-Asheville-Warren-Wilson,2026-09-01,UNC Asheville,Warren Wilson,false,false,,,home,scheduled,,,,2026-09-01-UNC-Asheville-Warren-Wilson,regular
sidearm-2026-09-01-ETSU-USC-Upstate,2026-09-01,ETSU,USC Upstate,false,false,,,away,scheduled,,,,2026-09-01-ETSU-USC-Upstate,regular
sidearm-2026-09-01-Winthrop-Wofford-College,2026-09-01,Winthrop,Wofford,false,false,,,away,scheduled,,https://winthropeagles.com/boxscore.aspx?id=23965,,2026-09-01-Winthrop-Wofford,regular
wmt-2026-09-01-Bucknell-Penn-State,2026-09-01,Penn State,Bucknell,false,false,,,home,canceled,https://gopsusports.com/sports/mens-soccer/schedule,,,2026-09-01-Bucknell-Penn-State,regular
sidearm-2026-09-01-Monmouth-Penn,2026-09-01,Monmouth,Penn,false,false,,,away,scheduled,,,,2026-09-01-Monmouth-Penn,regular
sidearm-2026-09-01-Cleveland-State-Canisius,2026-09-01,Cleveland State,Canisius,false,false,,,away,scheduled,,,,2026-09-01-Canisius-Cleveland-State,regular
sidearm-2026-09-01-Detroit-Mercy-Mercyhurst,2026-09-01,Detroit Mercy,Mercyhurst,false,false,,,away,scheduled,,,,2026-09-01-Detroit-Mercy-Mercyhurst,regular
sidearm-2026-09-01-Fairfield-Lehigh,2026-09-01,Fairfield,Lehigh,false,false,,,home,scheduled,,,,2026-09-01-Fairfield-Lehigh,regular
sidearm-2026-09-01-Sacred-Heart-LIU,2026-09-01,Sacred Heart,LIU,false,false,,,home,scheduled,,,,2026-09-01-LIU-Sacred-Heart,regular
sidearm-2026-09-01-American-Delaware,2026-09-01,American,Delaware,false,false,,,away,scheduled,,,,2026-09-01-American-Delaware,regular
sidearm-2026-09-01-Loyola-University-Maryland-NJIT,2026-09-01,Loyola University Maryland,NJIT,false,false,,,away,scheduled,,,,2026-09-01-Loyola-University-Maryland-NJIT,regular
sidearm-2026-09-02-Binghamton-Colgate-University,2026-09-02,Binghamton,Colgate University,false,false,,,home,scheduled,,https://bubearcats.com/boxscore.aspx?id=15684,,2026-09-02-Binghamton-Colgate-University,regular
sidearm-2026-09-02-Bryant-Western-Michigan-University,2026-09-02,Bryant,Western Michigan,false,false,,,home,scheduled,,,,2026-09-02-Bryant-Western-Michigan,regular
sidearm-2026-09-02-Massachusetts-UMass-Lowell,2026-09-02,Massachusetts,UMass Lowell,false,false,,,away,scheduled,,,,2026-09-02-Massachusetts-UMass-Lowell,regular
sidearm-2026-09-02-Lipscomb-Georgia-State,2026-09-02,Lipscomb,Georgia State,false,false,,,home,scheduled,,,,2026-09-02-Georgia-State-Lipscomb,regular
sidearm-2026-09-02-Rhode-Island-Merrimack,2026-09-02,Rhode Island,Merrimack College,false,false,,,away,scheduled,,,,2026-09-02-Merrimack-College-Rhode-Island,regular
sidearm-2026-09-02-Saint-Louis-Green-Bay,2026-09-02,Saint Louis,Green Bay,false,false,,,unknown,scheduled,,,,2026-09-02-Green-Bay-Saint-Louis,regular
sidearm-2026-09-02-VCU-High-Point,2026-09-02,VCU,High Point,false,false,,,home,scheduled,,https://highpointpanthers.com/boxscore.aspx?id=16293,,2026-09-02-High-Point-VCU,regular
sidearm-2026-09-02-Old-Dominion-Radford,2026-09-02,Old Dominion,Radford,false,false,,,away,scheduled,https://odusports.com/sports/mens-soccer/schedule,,,2026-09-02-Old-Dominion-Radford,regular
sidearm-2026-09-02-IU-Indy-Southern-Indiana,2026-09-02,IU Indy,University of Southern Indiana,false,false,,,away,scheduled,,,,2026-09-02-IU-Indy-University-of-Southern-Indiana,regular
sidearm-2026-09-02-Milwaukee-Drake,2026-09-02,Milwaukee,Drake,false,false,,,away,scheduled,,,,2026-09-02-Drake-Milwaukee,regular
sidearm-2026-09-02-Manhattan-Maritime,2026-09-02,Manhattan,Maritime,false,false,,,home,scheduled,,,,2026-09-02-Manhattan-Maritime,regular
sidearm-2026-09-02-New-Haven-Quinnipiac,2026-09-02,New Haven,Quinnipiac,false,false,,,away,scheduled,,,,2026-09-02-New-Haven-Quinnipiac,regular
sidearm-2026-09-02-UNLV-LMU,2026-09-02,UNLV,Loyola Marymount,false,false,,,away,scheduled,,,,2026-09-02-Loyola-Marymount-UNLV,regular
sidearm-2026-09-02-Western-Illinois-Bradley,2026-09-02,Western Illinois,Bradley,false,false,,,away,scheduled,,,,2026-09-02-Bradley-Western-Illinois,regular
sidearm-2026-09-02-UC-Riverside-Life-Pacific,2026-09-02,UC Riverside,Life Pacific,false,false,,,home,scheduled,,,,2026-09-02-Life-Pacific-UC-Riverside,regular
sidearm-2026-09-02-Georgia-Southern-Liberty,2026-09-02,Georgia Southern,Liberty,false,false,,,away,scheduled,,,,2026-09-02-Georgia-Southern-Liberty,regular
sidearm-2026-09-02-St.-Thomas-St.-Cloud-State,2026-09-02,St. Thomas,St. Cloud State,false,false,,,home,scheduled,,,,2026-09-02-St.-Cloud-State-St.-Thomas,regular
sidearm-2026-09-02-UMass-University-of-Massachusetts-Lowell,2026-09-02,UMass,University of Massachusetts Lowell,false,false,,,home,scheduled,,,,2026-09-02-UMass-University-of-Massachusetts-Lowell,regular
sidearm-2026-09-03-Louisville-Wright-State-University,2026-09-03,Louisville,Wright State,false,false,,,home,scheduled,,,,2026-09-03-Louisville-Wright-State,regular
sidearm-2026-09-03-Charlotte-South-Carolina,2026-09-03,Charlotte,South Carolina,false,false,,,home,scheduled,https://gamecocksonline.com/sports/msoc/schedule/2026,,,2026-09-03-Charlotte-South-Carolina,regular
sidearm-2026-09-03-West-Virginia-Akron,2026-09-03,West Virginia,Akron,false,true,,,away,scheduled,,,,2026-09-03-Akron-West-Virginia,regular
sidearm-2026-09-03-UIC-DePaul,2026-09-03,UIC,DePaul,false,false,,,away,scheduled,,,,2026-09-03-DePaul-UIC,regular
sidearm-2026-09-03-UConn-Brown-,2026-09-03,UConn,Brown,false,false,,,home,scheduled,,,,2026-09-03-Brown-UConn,regular
sidearm-2026-09-03-Michigan-State-Pitt,2026-09-03,Michigan State,Pittsburgh,false,false,,,home,scheduled,,,,2026-09-03-Michigan-State-Pittsburgh,regular
sidearm-2026-09-03-Ohio-State-Northern-Kentucky-University,2026-09-03,Ohio State,Northern Kentucky,false,false,,,home,scheduled,,,,2026-09-03-Northern-Kentucky-Ohio-State,regular
sidearm-2026-09-03-Washington-Cal-State-Fullerton,2026-09-03,Washington,Cal State Fullerton,false,false,,,home,scheduled,,,,2026-09-03-Cal-State-Fullerton-Washington,regular
sidearm-2026-09-03-Utah-Valley-Omaha,2026-09-03,Utah Valley,Omaha,false,false,,,home,scheduled,,,,2026-09-03-Omaha-Utah-Valley,regular
sidearm-2026-09-03-Oakland-Grand-Canyon-University,2026-09-03,Oakland,Grand Canyon,false,false,,,away,scheduled,,,,2026-09-03-Grand-Canyon-Oakland,regular
sidearm-2026-09-03-Purdue-Fort-Wayne-Manchester,2026-09-03,Purdue Fort Wayne,Manchester,false,false,,,home,scheduled,,,,2026-09-03-Manchester-Purdue-Fort-Wayne,regular
sidearm-2026-09-03-Siena-FDU,2026-09-03,Siena,FDU,false,false,,,away,scheduled,,https://sienasaints.com/boxscore.aspx?id=18807,,2026-09-03-FDU-Siena,regular
sidearm-2026-09-03-UC-Davis-Seattle,2026-09-03,UC Davis,Seattle,false,false,,,away,scheduled,https://goseattleu.com/sports/mens-soccer/schedule,,,2026-09-03-Seattle-UC-Davis,regular
sidearm-2026-09-03-Stonehill-College-Army,2026-09-03,Stonehill College,Army,false,false,,,away,scheduled,,,,2026-09-03-Army-Stonehill-College,regular
sidearm-2026-09-04-Virginia-Boston-College,2026-09-04,Virginia,Boston College,false,false,,,away,scheduled,https://virginiasports.com/sports/msoc/schedule,https://static.virginiasports.com/custompages/sports/m-soccer/stats/2026-2027/VA090426.PDF,,2026-09-04-Boston-College-Virginia,regular
wmt-2026-09-04-Clemson-Syracuse,2026-09-04,Syracuse,Clemson,false,false,,,away,scheduled,https://clemsontigers.com/sports/mens-soccer/schedule,,,2026-09-04-Clemson-Syracuse,regular
sidearm-2026-09-04-SMU-Kansas-City,2026-09-04,SMU,Kansas City,true,false,,,home,scheduled,,,,2026-09-04-Kansas-City-SMU,regular
wmt-2026-09-04-San-Jose-State-Stanford,2026-09-04,San Jose State,Stanford,false,true,,,away,scheduled,https://gostanford.com/sports/mens-soccer/schedule,,,2026-09-04-San-Jose-State-Stanford,regular
sidearm-2026-09-04-Boston-University-New-Hampshire,2026-09-04,Boston University,New Hampshire,false,false,,,away,scheduled,,,,2026-09-04-Boston-University-New-Hampshire,regular
sidearm-2026-09-04-NJIT-Rider,2026-09-04,NJIT,Rider University,false,false,,,away,scheduled,,,,2026-09-04-NJIT-Rider-University,regular
sidearm-2026-09-04-Memphis-UNC-Asheville,2026-09-04,Memphis,UNC Asheville,false,false,,,home,scheduled,,,,2026-09-04-Memphis-UNC-Asheville,regular
sidearm-2026-09-04-Denver-Tulsa,2026-09-04,Denver,Tulsa,false,false,,,away,scheduled,,,,2026-09-04-Denver-Tulsa,regular
sidearm-2026-09-04-Central-Arkansas-Oral-Roberts,2026-09-04,Central Arkansas,Oral Roberts,false,false,,,home,scheduled,,,,2026-09-04-Central-Arkansas-Oral-Roberts,regular
sidearm-2026-09-04-Davidson-College-Furman,2026-09-04,Davidson College,Furman,false,false,,,home,scheduled,,,,2026-09-04-Davidson-College-Furman,regular
sidearm-2026-09-04-Loyola-Chicago-Santa-Clara,2026-09-04,Loyola Chicago,Santa Clara,false,false,,,home,scheduled,,,,2026-09-04-Loyola-Chicago-Santa-Clara,regular
sidearm-2026-09-04-St.-Bonaventure-Robert-Morris,2026-09-04,St. Bonaventure,Robert Morris,false,false,,,home,scheduled,,,,2026-09-04-Robert-Morris-St.-Bonaventure,regular
sidearm-2026-09-04-Butler-Lindenwood,2026-09-04,Butler,Lindenwood,false,false,,,home,scheduled,,,,2026-09-04-Butler-Lindenwood,regular
sidearm-2026-09-04-Santa-Clara-vs.-Loyola-Creighton,2026-09-04,Santa Clara vs. Loyola,Creighton,false,false,,,neutral,scheduled,,,,2026-09-04-Creighton-Santa-Clara-vs.-Loyola,regular
sidearm-2026-09-04-Creighton-Gonzaga,2026-09-04,Creighton,Gonzaga,false,false,,,home,scheduled,,,,2026-09-04-Creighton-Gonzaga,regular
sidearm-2026-09-04-Georgetown-Oregon-State,2026-09-04,Georgetown,Oregon State,false,false,,,home,scheduled,,,,2026-09-04-Georgetown-Oregon-State,regular
sidearm-2026-09-04-Harvard--Providence,2026-09-04,Harvard,Providence,false,false,,,away,scheduled,,,,2026-09-04-Harvard-Providence,regular
sidearm-2026-09-04-Rutgers-Seton-Hall,2026-09-04,Rutgers,Seton Hall,false,false,,,away,scheduled,,,,2026-09-04-Rutgers-Seton-Hall,regular
sidearm-2026-09-04-Xavier-Bowling-Green,2026-09-04,Xavier,Bowling Green,false,false,,,home,scheduled,,,,2026-09-04-Bowling-Green-Xavier,regular
sidearm-2026-09-04-Indiana-Cal-Poly,2026-09-04,Indiana,Cal Poly,true,false,,,home,scheduled,,,,2026-09-04-Cal-Poly-Indiana,regular
sidearm-2026-09-04-Maryland-Delaware,2026-09-04,Maryland,Delaware,false,false,,,home,scheduled,,,,2026-09-04-Delaware-Maryland,regular
wmt-2026-09-04-Penn-State-Yale,2026-09-04,Penn State,Yale,false,false,,,home,scheduled,https://gopsusports.com/sports/mens-soccer/schedule,,,2026-09-04-Penn-State-Yale,regular
sidearm-2026-09-04-UC-Santa-Barbara-Cornell,2026-09-04,UC Santa Barbara,Cornell,false,false,,,away,scheduled,,,,2026-09-04-Cornell-UC-Santa-Barbara,regular
sidearm-2026-09-04-Cornell-University-of-California-Santa-Barbara,2026-09-04,Cornell,University of California Santa Barbara,false,false,,,home,scheduled,,,,2026-09-04-Cornell-University-of-California-Santa-Barbara,regular
sidearm-2026-09-04-Dartmouth-College-UAlbany,2026-09-04,Dartmouth College,UAlbany,false,false,,,home,scheduled,,,,2026-09-04-Dartmouth-College-UAlbany,regular
sidearm-2026-09-04-Princeton-JMU,2026-09-04,Princeton,JMU,false,false,,,home,scheduled,,,,2026-09-04-JMU-Princeton,regular
sidearm-2026-09-04-Marist-Saint-Mary's-(CA),2026-09-04,Marist,Saint Mary's,false,false,,,away,scheduled,,,,2026-09-04-Marist-Saint-Mary's,regular
sidearm-2026-09-04-Mount-St.-Mary's-Loyola,2026-09-04,Mount St. Mary's,Loyola,false,false,,,unknown,scheduled,,,,2026-09-04-Loyola-Mount-St.-Mary's,regular
sidearm-2026-09-04-Belmont-University-Mercer,2026-09-04,Belmont University,Mercer,false,false,,,home,scheduled,,,,2026-09-04-Belmont-University-Mercer,regular
sidearm-2026-09-04-University-of-Evansville-Kentucky,2026-09-04,University of Evansville,Kentucky,false,false,,,away,scheduled,https://ukathletics.com/sports/msoc/schedule/2026,,,2026-09-04-Kentucky-University-of-Evansville,regular
sidearm-2026-09-04-San-Francisco-Air-Force,2026-09-04,San Francisco,Air Force,false,false,,,away,scheduled,,,,2026-09-04-Air-Force-San-Francisco,regular
sidearm-2026-09-04-Houston-Christian-Cal-State-Northridge,2026-09-04,Houston Christian,Cal State Northridge,false,false,,,away,scheduled,,,,2026-09-04-Cal-State-Northridge-Houston-Christian,regular
sidearm-2026-09-04-Loyola-University-Maryland-Mount-St.-Mary's,2026-09-04,Loyola University Maryland,Mount St. Mary's,false,false,,,home,scheduled,,,,2026-09-04-Loyola-University-Maryland-Mount-St.-Mary's,regular
sidearm-2026-09-04-Princeton-James-Madison,2026-09-04,Princeton,James Madison,false,false,,,away,scheduled,,,,2026-09-04-James-Madison-Princeton,regular
sidearm-2026-09-05-Wake-Forest-Duke,2026-09-05,Wake Forest,Duke,false,false,,,away,scheduled,,,,2026-09-05-Duke-Wake-Forest,regular
sidearm-2026-09-05-NC-State-Virginia-Tech,2026-09-05,NC State,Virginia Tech,false,false,,,home,scheduled,https://hokiesports.com/sports/mens-soccer/schedule,,,2026-09-05-NC-State-Virginia-Tech,regular
sidearm-2026-09-05-Binghamton-Central-Connecticut-State-University,2026-09-05,Binghamton,Central Connecticut State University,false,false,,,home,scheduled,,https://bubearcats.com/boxscore.aspx?id=15684,,2026-09-05-Binghamton-Central-Connecticut-State-University,regular
sidearm-2026-09-05-UMBC-Lehigh,2026-09-05,UMBC,Lehigh,false,false,,,away,scheduled,,,,2026-09-05-Lehigh-UMBC,regular
sidearm-2026-09-05-Vermont-Sacred-Heart,2026-09-05,Vermont,Sacred Heart,true,false,,,away,scheduled,,,,2026-09-05-Sacred-Heart-Vermont,regular
sidearm-2026-09-05-Cleveland-State-FAU,2026-09-05,Cleveland State,FAU,false,false,,,away,scheduled,,,,2026-09-05-Cleveland-State-FAU,regular
sidearm-2026-09-05-UC-Irvine-Missouri-State,2026-09-05,UC Irvine,Missouri State,false,false,,,away,scheduled,,,,2026-09-05-Missouri-State-UC-Irvine,regular
sidearm-2026-09-05-Navy-Temple-University,2026-09-05,Navy,Temple University,false,false,,,away,scheduled,,,,2026-09-05-Navy-Temple-University,regular
sidearm-2026-09-05-UAB-USC-Upstate,2026-09-05,UAB,USC Upstate,false,false,,,home,scheduled,,,,2026-09-05-UAB-USC-Upstate,regular
sidearm-2026-09-05-Bellarmine-Stetson-University,2026-09-05,Bellarmine,Stetson,false,false,,,home,scheduled,,,,2026-09-05-Bellarmine-Stetson,regular
sidearm-2026-09-05-FGCU-West-Florida,2026-09-05,FGCU,West Florida,false,false,,,away,scheduled,,,,2026-09-05-FGCU-West-Florida,regular
sidearm-2026-09-05-Jacksonville-University-of-North-Florida,2026-09-05,Jacksonville,North Florida,false,false,,,away,scheduled,,,,2026-09-05-Jacksonville-North-Florida,regular
sidearm-2026-09-05-Lipscomb-Queens,2026-09-05,Lipscomb,Queens,false,false,,,home,scheduled,,,,2026-09-05-Lipscomb-Queens,regular
sidearm-2026-09-05-Dayton-UNCG,2026-09-05,Dayton,UNC Greensboro,false,false,,,home,scheduled,,,,2026-09-05-Dayton-UNC-Greensboro,regular
sidearm-2026-09-05-Duquesne-Detroit-Mercy,2026-09-05,Duquesne,Detroit Mercy,false,false,,,away,scheduled,,,,2026-09-05-Detroit-Mercy-Duquesne,regular
sidearm-2026-09-05-Fordham-Lafayette-College,2026-09-05,Fordham,Lafayette,false,false,,,away,scheduled,,https://goleopards.com/boxscore.aspx?id=13981,,2026-09-05-Fordham-Lafayette,regular
sidearm-2026-09-05-Marquette-Northwestern,2026-09-05,Marquette,Northwestern,false,false,,,home,scheduled,https://nusports.com/sports/mens-soccer/schedule,,,2026-09-05-Marquette-Northwestern,regular
sidearm-2026-09-05-Coastal-Carolina-Gardner-Webb,2026-09-05,Coastal Carolina,Gardner-Webb,false,false,,,away,scheduled,,,,2026-09-05-Coastal-Carolina-Gardner-Webb,regular
sidearm-2026-09-05-Longwood-East-Tennessee-State,2026-09-05,Longwood,ETSU,false,false,,,away,scheduled,,,,2026-09-05-ETSU-Longwood,regular
sidearm-2026-09-05-Presbyterian-Georgia-State,2026-09-05,Presbyterian,Georgia State,false,false,,,unknown,scheduled,,,,2026-09-05-Georgia-State-Presbyterian,regular
sidearm-2026-09-05-Radford-Bob-Jones,2026-09-05,Radford,Bob Jones,false,false,,,home,scheduled,,,,2026-09-05-Bob-Jones-Radford,regular
sidearm-2026-09-05-Winthrop-VMI,2026-09-05,Winthrop,VMI,false,false,,,away,scheduled,,,,2026-09-05-VMI-Winthrop,regular
sidearm-2026-09-05-Washington-UC-Davis,2026-09-05,Washington,UC Davis,false,false,,,home,scheduled,,,,2026-09-05-UC-Davis-Washington,regular
sidearm-2026-09-05-Portland-Wisconsin,2026-09-05,Portland,Wisconsin,false,false,,,away,scheduled,,https://portlandpilots.com/boxscore.aspx?id=13253,,2026-09-05-Portland-Wisconsin,regular
sidearm-2026-09-05-Campbell-Wofford,2026-09-05,Campbell,Wofford,false,false,,,home,scheduled,,,,2026-09-05-Campbell-Wofford,regular
sidearm-2026-09-05-William-&-Mary-Charleston,2026-09-05,William & Mary,Charleston,false,false,,,away,scheduled,,,,2026-09-05-Charleston-William-&-Mary,regular
sidearm-2026-09-05-Hofstra-Drexel,2026-09-05,Hofstra,Drexel,true,false,,,away,scheduled,,,,2026-09-05-Drexel-Hofstra,regular
sidearm-2026-09-05-UNC-Wilmington-Elon,2026-09-05,UNC Wilmington,Elon,false,false,,,home,scheduled,,,,2026-09-05-Elon-UNC-Wilmington,regular
sidearm-2026-09-05-Milwaukee-St.-Thomas,2026-09-05,Milwaukee,St. Thomas,false,false,,,home,scheduled,,,,2026-09-05-Milwaukee-St.-Thomas,regular
sidearm-2026-09-05-Columbia-University-Fairfield,2026-09-05,Columbia University,Fairfield,false,false,,,home,scheduled,,,,2026-09-05-Columbia-University-Fairfield,regular
sidearm-2026-09-05-Canisius-Mercyhurst,2026-09-05,Canisius,Mercyhurst,false,false,,,away,scheduled,,,,2026-09-05-Canisius-Mercyhurst,regular
sidearm-2026-09-05-Iona-Holy-Cross,2026-09-05,Iona,Holy Cross,false,false,,,home,scheduled,,,,2026-09-05-Holy-Cross-Iona,regular
sidearm-2026-09-05-Niagara-Le-Moyne,2026-09-05,Niagara,Le Moyne College,false,false,,,away,scheduled,,,,2026-09-05-Le-Moyne-College-Niagara,regular
sidearm-2026-09-05-Eastern-Illinois-Northern-Illinois,2026-09-05,Eastern Illinois,Northern Illinois,false,false,,,home,scheduled,,,,2026-09-05-Eastern-Illinois-Northern-Illinois,regular
sidearm-2026-09-05-Western-Illinois-Green-Bay,2026-09-05,Western Illinois,Green Bay,false,false,,,away,scheduled,,,,2026-09-05-Green-Bay-Western-Illinois,regular
sidearm-2026-09-05-California-Baptist-#2-University-of-San-Diego,2026-09-05,California Baptist,San Diego,false,true,,,home,scheduled,,,,2026-09-05-California-Baptist-San-Diego,regular
wmt-2026-09-05-Cal-State-Bakersfield-San-Diego-State,2026-09-05,San Diego State,Cal State Bakersfield,false,false,,,home,scheduled,https://goaztecs.com/sports/mens-soccer/schedule,,,2026-09-05-Cal-State-Bakersfield-San-Diego-State,regular
sidearm-2026-09-05-UC-San-Diego-Pacific,2026-09-05,UC San Diego,Pacific,false,false,,,away,scheduled,,,,2026-09-05-Pacific-UC-San-Diego,regular
sidearm-2026-09-06-California-North-Carolina,2026-09-06,California,North Carolina,false,false,,,home,scheduled,,,,2026-09-06-California-North-Carolina,regular
wmt-2026-09-06-Michigan-Notre-Dame,2026-09-06,Notre Dame,Michigan,false,false,,,home,scheduled,https://fightingirish.com/sports/msoc/schedule,,,2026-09-06-Michigan-Notre-Dame,regular
sidearm-2026-09-06-Bryant-Colgate-University,2026-09-06,Bryant,Colgate University,false,false,,,home,scheduled,,,,2026-09-06-Bryant-Colgate-University,regular
sidearm-2026-09-06-FIU-St.-John's,2026-09-06,FIU,St. John's,false,false,,,away,scheduled,,,,2026-09-06-FIU-St.-John's,regular
sidearm-2026-09-06-South-Florida-UTRGV,2026-09-06,South Florida,UTRGV,false,false,,,home,scheduled,,,,2026-09-06-South-Florida-UTRGV,regular
sidearm-2026-09-06-La-Salle-Monmouth,2026-09-06,La Salle,Monmouth,false,false,,,away,scheduled,,,,2026-09-06-La-Salle-Monmouth,regular
sidearm-2026-09-06-Saint-Louis-SIUE,2026-09-06,Saint Louis,SIUE,false,false,,,unknown,scheduled,,,,2026-09-06-SIUE-Saint-Louis,regular
sidearm-2026-09-06-VCU-Marshall,2026-09-06,VCU,Marshall,false,false,,,home,scheduled,,,,2026-09-06-Marshall-VCU,regular
sidearm-2026-09-06-DePaul-Chicago-State,2026-09-06,DePaul,Chicago State,false,false,,,home,scheduled,,,,2026-09-06-Chicago-State-DePaul,regular
sidearm-2026-09-06-UConn-Fisher-College,2026-09-06,UConn,Fisher College,false,false,,,home,scheduled,,,,2026-09-06-Fisher-College-UConn,regular
wmt-2026-09-06-Omaha-UCLA,2026-09-06,UCLA,Omaha,false,false,,,home,scheduled,https://uclabruins.com/sports/mens-soccer/schedule,,,2026-09-06-Omaha-UCLA,regular
sidearm-2026-09-06-Sacramento-State-San-Jose-State,2026-09-06,Sacramento State,San Jose State,false,false,,,away,scheduled,https://sjsuspartans.com/sports/mens-soccer/schedule,,,2026-09-06-Sacramento-State-San-Jose-State,regular
sidearm-2026-09-06-Northeastern-Stony-Brook,2026-09-06,Northeastern,Stony Brook,false,false,,,home,scheduled,,,,2026-09-06-Northeastern-Stony-Brook,regular
sidearm-2026-09-06-Brown-Saint-Peter's,2026-09-06,Brown,Saint Peter's,false,false,,,home,scheduled,,,,2026-09-06-Brown-Saint-Peter's,regular
sidearm-2026-09-06-Manhattan-Howard,2026-09-06,Manhattan,Howard,false,false,,,home,scheduled,,https://hubison.com/boxscore.aspx?id=12419,,2026-09-06-Howard-Manhattan,regular
sidearm-2026-09-06-UNLV-UC-Riverside,2026-09-06,UNLV,UC Riverside,false,false,,,away,scheduled,,,,2026-09-06-UC-Riverside-UNLV,regular
sidearm-2026-09-06-American-Liberty,2026-09-06,American,Liberty,false,false,,,away,scheduled,,,,2026-09-06-American-Liberty,regular
sidearm-2026-09-06-Old-Dominion--Bucknell,2026-09-06,Old Dominion,Bucknell,false,false,,,away,scheduled,https://odusports.com/sports/mens-soccer/schedule,,,2026-09-06-Bucknell-Old-Dominion,regular
wmt-2026-09-06-Florida-Polytechnic-UCF,2026-09-06,UCF,Florida Polytechnic,false,false,,,home,scheduled,https://ucfknights.com/sports/mens-soccer/schedule,,,2026-09-06-Florida-Polytechnic-UCF,regular
sidearm-2026-09-07-SMU-Incarnate-Word,2026-09-07,SMU,Incarnate Word,false,false,,,home,scheduled,,,,2026-09-07-Incarnate-Word-SMU,regular
wmt-2026-09-07-CSUN-Stanford,2026-09-07,Stanford,CSUN,false,false,,,home,scheduled,https://gostanford.com/sports/mens-soccer/schedule,,,2026-09-07-CSUN-Stanford,regular
sidearm-2026-09-07-NJIT-James-Madison,2026-09-07,NJIT,James Madison,false,false,,,home,scheduled,,,,2026-09-07-James-Madison-NJIT,regular
sidearm-2026-09-07-Central-Arkansas-Central-Baptist,2026-09-07,Central Arkansas,Central Baptist,false,false,,,home,scheduled,,,,2026-09-07-Central-Arkansas-Central-Baptist,regular
sidearm-2026-09-07-West-Virginia-University-George-Mason,2026-09-07,West Virginia,George Mason,false,false,,,away,scheduled,https://gomason.com,,,2026-09-07-George-Mason-West-Virginia,regular
sidearm-2026-09-07-Loyola-Chicago-Gonzaga,2026-09-07,Loyola Chicago,Gonzaga,false,false,,,home,scheduled,,,,2026-09-07-Gonzaga-Loyola-Chicago,regular
sidearm-2026-09-07-Rhode-Island-Providence,2026-09-07,Rhode Island,Providence,false,false,,,home,scheduled,,,,2026-09-07-Providence-Rhode-Island,regular
sidearm-2026-09-07-Butler-Western-Michigan,2026-09-07,Butler,Western Michigan,false,false,,,away,scheduled,,,,2026-09-07-Butler-Western-Michigan,regular
sidearm-2026-09-07-Gonzaga-vs.-Loyola-Creighton,2026-09-07,Gonzaga vs. Loyola,Creighton,false,false,,,neutral,scheduled,,,,2026-09-07-Creighton-Gonzaga-vs.-Loyola,regular
sidearm-2026-09-07-Creighton-Santa-Clara,2026-09-07,Creighton,Santa Clara,false,false,,,home,scheduled,,,,2026-09-07-Creighton-Santa-Clara,regular
sidearm-2026-09-07-Georgetown-Maryland,2026-09-07,Georgetown,Maryland,true,false,,,away,scheduled,,,,2026-09-07-Georgetown-Maryland,regular
sidearm-2026-09-07-Villanova-FDU,2026-09-07,Villanova,FDU,false,false,,,home,scheduled,,,,2026-09-07-FDU-Villanova,regular
sidearm-2026-09-07-Indiana-Denver,2026-09-07,Indiana,Denver,false,false,,,home,scheduled,,,,2026-09-07-Denver-Indiana,regular
sidearm-2026-09-07-Rutgers-UC-Santa-Barbara,2026-09-07,Rutgers,UC Santa Barbara,false,false,,,home,scheduled,,,,2026-09-07-Rutgers-UC-Santa-Barbara,regular
sidearm-2026-09-07-Dartmouth-College-Stonehill,2026-09-07,Dartmouth College,Stonehill College,false,false,,,home,scheduled,,,,2026-09-07-Dartmouth-College-Stonehill-College,regular
sidearm-2026-09-07-UMass-Princeton,2026-09-07,UMass,Princeton,false,true,,,away,scheduled,,,,2026-09-07-Princeton-UMass,regular
sidearm-2026-09-07-Penn-Pittsburgh,2026-09-07,Penn,Pittsburgh,false,false,,,away,scheduled,,,,2026-09-07-Penn-Pittsburgh,regular
sidearm-2026-09-07-Marist-University-of-San-Francisco,2026-09-07,Marist,San Francisco,false,false,,,away,scheduled,,,,2026-09-07-Marist-San-Francisco,regular
sidearm-2026-09-07-Drake-Kansas-City,2026-09-07,Drake,Kansas City,false,false,,,home,scheduled,,,,2026-09-07-Drake-Kansas-City,regular
sidearm-2026-09-07-Saint-Mary's-Air-Force,2026-09-07,Saint Mary's,Air Force,false,false,,,away,scheduled,,,,2026-09-07-Air-Force-Saint-Mary's,regular
sidearm-2026-09-07-Grand-Canyon-Houston-Christian,2026-09-07,Grand Canyon,Houston Christian,false,false,,,home,scheduled,,,,2026-09-07-Grand-Canyon-Houston-Christian,regular
sidearm-2026-09-07-LMU-Cal-Poly,2026-09-07,Loyola Marymount,Cal Poly,false,false,,,away,scheduled,,,,2026-09-07-Cal-Poly-Loyola-Marymount,regular
wmtwp-2026-09-07-High-Point-South-Carolina,2026-09-07,South Carolina,High Point,false,false,,,home,scheduled,https://gamecocksonline.com/sports/msoc/schedule/2026,https://highpointpanthers.com/boxscore.aspx?id=16293,,2026-09-07-High-Point-South-Carolina,regular
sidearm-2026-09-08-Boston-College-St.-Bonaventure,2026-09-08,Boston College,St. Bonaventure,false,false,,,home,scheduled,,,,2026-09-08-Boston-College-St.-Bonaventure,regular
sidearm-2026-09-08-University-of-Evansville-Louisville,2026-09-08,University of Evansville,Louisville,false,false,,,away,scheduled,,,,2026-09-08-Louisville-University-of-Evansville,regular
wmt-2026-09-08-Oregon-State-Virginia,2026-09-08,Virginia,Oregon State,false,false,,,home,scheduled,https://virginiasports.com/sports/msoc/schedule,https://static.virginiasports.com/custompages/sports/m-soccer/stats/2026-2027/VA090826.PDF,,2026-09-08-Oregon-State-Virginia,regular
sidearm-2026-09-08-Wake-Forest-USC-Upstate,2026-09-08,Wake Forest,USC Upstate,false,false,,,home,scheduled,,,,2026-09-08-USC-Upstate-Wake-Forest,regular
sidearm-2026-09-08-New-Hampshire-New-Haven,2026-09-08,New Hampshire,New Haven,false,false,,,home,scheduled,,,,2026-09-08-New-Hampshire-New-Haven,regular
sidearm-2026-09-08-UMass-Lowell-Holy-Cross,2026-09-08,UMass Lowell,Holy Cross,false,false,,,home,scheduled,,,,2026-09-08-Holy-Cross-UMass-Lowell,regular
sidearm-2026-09-08-Vermont-Boston-University,2026-09-08,Vermont,Boston University,false,false,,,away,scheduled,,,,2026-09-08-Boston-University-Vermont,regular
sidearm-2026-09-08-Bellarmine-University-of-Southern-Indiana,2026-09-08,Bellarmine,University of Southern Indiana,false,false,,,away,scheduled,,,,2026-09-08-Bellarmine-University-of-Southern-Indiana,regular
sidearm-2026-09-08-Belmont-Lipscomb,2026-09-08,Belmont University,Lipscomb,false,false,,,away,scheduled,,,,2026-09-08-Belmont-University-Lipscomb,regular
sidearm-2026-09-08-Queens-William-Peace-University,2026-09-08,Queens,William Peace University,false,false,,,home,scheduled,,,,2026-09-08-Queens-William-Peace-University,regular
sidearm-2026-09-08-Stetson-Georgia-Southern,2026-09-08,Stetson,Georgia Southern,false,false,,,home,scheduled,,,,2026-09-08-Georgia-Southern-Stetson,regular
sidearm-2026-09-08-Saint-Joseph's-Rider,2026-09-08,Saint Joseph's,Rider University,false,false,,,away,scheduled,,,,2026-09-08-Rider-University-Saint-Joseph's,regular
sidearm-2026-09-08-Akron-Cornell,2026-09-08,Akron,Cornell,false,false,,,home,scheduled,,,,2026-09-08-Akron-Cornell,regular
sidearm-2026-09-08-Seton-Hall-Lehigh,2026-09-08,Seton Hall,Lehigh,false,false,,,home,scheduled,,,,2026-09-08-Lehigh-Seton-Hall,regular
sidearm-2026-09-08-UNC-Asheville-Wofford,2026-09-08,UNC Asheville,Wofford,false,false,,,home,scheduled,,,,2026-09-08-UNC-Asheville-Wofford,regular
sidearm-2026-09-08-Winthrop-College-of-Charleston,2026-09-08,Winthrop,Charleston,false,false,,,away,scheduled,,,,2026-09-08-Charleston-Winthrop,regular
sidearm-2026-09-08-University-of-Kentucky-Ohio-State,2026-09-08,Kentucky,Ohio State,false,false,,,away,scheduled,https://ukathletics.com/sports/msoc/schedule/2026,,,2026-09-08-Kentucky-Ohio-State,regular
sidearm-2026-09-08-UC-Irvine-#2-San-Diego,2026-09-08,UC Irvine,San Diego,false,true,,,home,scheduled,,,,2026-09-08-San-Diego-UC-Irvine,regular
sidearm-2026-09-08-Merrimack-College-Central-Connecticut-State-University,2026-09-08,Merrimack College,Central Connecticut State University,false,false,,,home,scheduled,,,,2026-09-08-Central-Connecticut-State-University-Merrimack-College,regular
sidearm-2026-09-08-Mount-St.-Mary's-Navy,2026-09-08,Mount St. Mary's,Navy,false,false,,,away,scheduled,,,,2026-09-08-Mount-St.-Mary's-Navy,regular
sidearm-2026-09-08-Siena-UAlbany,2026-09-08,Siena,UAlbany,false,false,,,away,scheduled,,https://sienasaints.com/boxscore.aspx?id=18807,,2026-09-08-Siena-UAlbany,regular
sidearm-2026-09-08-Lafayette-LIU,2026-09-08,Lafayette,LIU,false,false,,,away,scheduled,,https://goleopards.com/boxscore.aspx?id=13981,,2026-09-08-LIU-Lafayette,regular
sidearm-2026-09-08-Loyola-University-Maryland-Delaware,2026-09-08,Loyola University Maryland,Delaware,false,false,,,home,scheduled,,,,2026-09-08-Delaware-Loyola-University-Maryland,regular
sidearm-2026-09-08-Loyola-(Md.)-Delaware,2026-09-08,Loyola (Md.),Delaware,false,false,,,away,scheduled,,,,2026-09-08-Delaware-Loyola-(Md.),regular
sidearm-2026-09-08-Portland-Southern-Oregon,2026-09-08,Portland,Southern Oregon,false,false,,,unknown,scheduled,,https://portlandpilots.com/boxscore.aspx?id=13253,,2026-09-08-Portland-Southern-Oregon,regular
sidearm-2026-09-09-California-Cal-State-Fullerton,2026-09-09,California,Cal State Fullerton,false,false,,,home,scheduled,,,,2026-09-09-Cal-State-Fullerton-California,regular
sidearm-2026-09-09-Syracuse-St.-John's,2026-09-09,Syracuse,St. John's,false,false,,,home,scheduled,,,,2026-09-09-St.-John's-Syracuse,regular
wmt-2026-09-09-ETSU-Virginia-Tech,2026-09-09,Virginia Tech,ETSU,false,false,,,home,scheduled,https://hokiesports.com/sports/mens-soccer/schedule,,,2026-09-09-ETSU-Virginia-Tech,regular
sidearm-2026-09-09-North-Florida-Coastal-Carolina,2026-09-09,North Florida,Coastal Carolina,false,false,,,home,scheduled,,,,2026-09-09-Coastal-Carolina-North-Florida,regular
sidearm-2026-09-09-Fordham-Columbia-University,2026-09-09,Fordham,Columbia University,false,false,,,home,scheduled,,,,2026-09-09-Columbia-University-Fordham,regular
sidearm-2026-09-09-George-Washington-Drexel,2026-09-09,George Washington,Drexel,false,false,,,home,scheduled,,,,2026-09-09-Drexel-George-Washington,regular
sidearm-2026-09-09-Marquette-St.-Thomas,2026-09-09,Marquette,St. Thomas,false,false,,,home,scheduled,,,,2026-09-09-Marquette-St.-Thomas,regular
sidearm-2026-09-09-UConn-Sacred-Heart-,2026-09-09,UConn,Sacred Heart,true,false,,,home,scheduled,,,,2026-09-09-Sacred-Heart-UConn,regular
sidearm-2026-09-09-Furman-Gardner-Webb,2026-09-09,Furman,Gardner-Webb,false,false,,,away,scheduled,,,,2026-09-09-Furman-Gardner-Webb,regular
sidearm-2026-09-09-Stony-Brook-Quinnipiac,2026-09-09,Stony Brook,Quinnipiac,false,false,,,away,scheduled,,,,2026-09-09-Quinnipiac-Stony-Brook,regular
sidearm-2026-09-09-Cleveland-State-Oakland,2026-09-09,Cleveland State,Oakland,false,false,,,away,scheduled,,,,2026-09-09-Cleveland-State-Oakland,regular
sidearm-2026-09-09-Detroit-Mercy-Robert-Morris,2026-09-09,Detroit Mercy,Robert Morris,false,false,,,home,scheduled,,,,2026-09-09-Detroit-Mercy-Robert-Morris,regular
sidearm-2026-09-09-IU-Indy-Northern-Illinois,2026-09-09,IU Indy,Northern Illinois,false,false,,,away,scheduled,,,,2026-09-09-IU-Indy-Northern-Illinois,regular
sidearm-2026-09-09-Milwaukee-Wright-State,2026-09-09,Milwaukee,Wright State,false,false,,,home,scheduled,,,,2026-09-09-Milwaukee-Wright-State,regular
sidearm-2026-09-09-Northern-Kentucky-Green-Bay,2026-09-09,Northern Kentucky,Green Bay,false,false,,,away,scheduled,,,,2026-09-09-Green-Bay-Northern-Kentucky,regular
sidearm-2026-09-09-Purdue-Fort-Wayne-Defiance,2026-09-09,Purdue Fort Wayne,Defiance,false,false,,,home,scheduled,,,,2026-09-09-Defiance-Purdue-Fort-Wayne,regular
sidearm-2026-09-09-Niagara-Mercyhurst,2026-09-09,Niagara,Mercyhurst,false,false,,,away,scheduled,,,,2026-09-09-Mercyhurst-Niagara,regular
sidearm-2026-09-09-Georgia-State-Mercer,2026-09-09,Georgia State,Mercer,false,false,,,away,scheduled,,,,2026-09-09-Georgia-State-Mercer,regular
sidearm-2026-09-09-VMI-Warren-Wilson,2026-09-09,VMI,Warren Wilson,false,false,,,unknown,scheduled,,,,2026-09-09-VMI-Warren-Wilson,regular
sidearm-2026-09-09-Stetson-Georgia-Southern,2026-09-09,Stetson,Georgia Southern,false,false,,,away,scheduled,,,,2026-09-09-Georgia-Southern-Stetson,regular
sidearm-2026-09-10-NC-State-Duke,2026-09-10,NC State,Duke,false,false,,,away,scheduled,,,,2026-09-10-Duke-NC-State,regular
sidearm-2026-09-10-Loyola-Chicago-SIUE,2026-09-10,Loyola Chicago,SIUE,false,false,,,home,scheduled,,,,2026-09-10-Loyola-Chicago-SIUE,regular
sidearm-2026-09-10-Creighton-Saint-Mary's-College,2026-09-10,Creighton,Saint Mary's,false,false,,,home,scheduled,,,,2026-09-10-Creighton-Saint-Mary's,regular
sidearm-2026-09-10-Yale-University-of-Nebraska-at-Omaha,2026-09-10,Yale,University of Nebraska at Omaha,false,false,,,away,scheduled,,,,2026-09-10-University-of-Nebraska-at-Omaha-Yale,regular
sidearm-2026-09-10-UIC-Western-Illinois,2026-09-10,UIC,Western Illinois,false,false,,,home,scheduled,,,,2026-09-10-UIC-Western-Illinois,regular
wmt-2026-09-10-Pacific-San-Jose-State,2026-09-10,San Jose State,Pacific,false,false,,,home,scheduled,https://sjsuspartans.com/sports/mens-soccer/schedule,,,2026-09-10-Pacific-San-Jose-State,regular
sidearm-2026-09-10-UNLV-UC-San-Diego,2026-09-10,UNLV,UC San Diego,false,false,,,home,scheduled,,,,2026-09-10-UC-San-Diego-UNLV,regular
sidearm-2026-09-10-Utah-Tech-Cal-Poly,2026-09-10,Utah Tech,Cal Poly,false,false,,,away,scheduled,,,,2026-09-10-Cal-Poly-Utah-Tech,regular
sidearm-2026-09-10-Omaha-Yale,2026-09-10,Omaha,Yale,false,false,,,home,scheduled,,,,2026-09-10-Omaha-Yale,regular
wmt-2026-09-11-Clemson-Notre-Dame,2026-09-11,Clemson,Notre Dame,false,false,,,home,scheduled,https://clemsontigers.com/sports/mens-soccer/schedule,,,2026-09-11-Clemson-Notre-Dame,regular
sidearm-2026-09-11-SMU-Pittsburgh,2026-09-11,SMU,Pittsburgh,false,false,,,away,scheduled,,,,2026-09-11-Pittsburgh-SMU,regular
wmt-2026-09-11-North-Carolina-Stanford,2026-09-11,North Carolina,Stanford,false,false,,,away,scheduled,https://gostanford.com/sports/mens-soccer/schedule,,,2026-09-11-North-Carolina-Stanford,regular
sidearm-2026-09-11-UMBC-Old-Dominion,2026-09-11,UMBC,Old Dominion,false,false,,,away,scheduled,https://odusports.com/sports/mens-soccer/schedule,,,2026-09-11-Old-Dominion-UMBC,regular
sidearm-2026-09-11-Florida-Atlantic-Charlotte,2026-09-11,FAU,Charlotte,false,false,,,away,scheduled,,,,2026-09-11-Charlotte-FAU,regular
sidearm-2026-09-11-FIU-Missouri-State,2026-09-11,FIU,Missouri State,false,false,,,away,scheduled,,,,2026-09-11-FIU-Missouri-State,regular
sidearm-2026-09-11-UAB-South-Florida,2026-09-11,UAB,South Florida,false,false,,,away,scheduled,,,,2026-09-11-South-Florida-UAB,regular
sidearm-2026-09-11-Tulsa-Temple-University,2026-09-11,Tulsa,Temple University,false,false,,,away,scheduled,,,,2026-09-11-Temple-University-Tulsa,regular
sidearm-2026-09-11-Central-Arkansas-Lipscomb,2026-09-11,Central Arkansas,Lipscomb,false,false,,,home,scheduled,,,,2026-09-11-Central-Arkansas-Lipscomb,regular
sidearm-2026-09-11-Davidson-College-George-Mason,2026-09-11,Davidson College,George Mason,false,false,,,home,scheduled,https://gomason.com,,,2026-09-11-Davidson-College-George-Mason,regular
sidearm-2026-09-11-VCU-UCF,2026-09-11,VCU,UCF,false,false,,,away,scheduled,https://ucfknights.com/sports/mens-soccer/schedule,,,2026-09-11-UCF-VCU,regular
sidearm-2026-09-11-Bowling-Green-DePaul,2026-09-11,Bowling Green,DePaul,false,false,,,away,scheduled,,,,2026-09-11-Bowling-Green-DePaul,regular
sidearm-2026-09-11-Georgetown-High-Point,2026-09-11,Georgetown,High Point,false,false,,,home,scheduled,,,,2026-09-11-Georgetown-High-Point,regular
sidearm-2026-09-11-Longwood-James-Madison,2026-09-11,Longwood,James Madison,false,false,,,away,scheduled,,,,2026-09-11-James-Madison-Longwood,regular
sidearm-2026-09-11-Michigan-Indiana,2026-09-11,Michigan,Indiana,false,false,,,away,scheduled,,,,2026-09-11-Indiana-Michigan,regular
sidearm-2026-09-11-Northwestern-Maryland,2026-09-11,Northwestern,Maryland,false,false,,,away,scheduled,https://nusports.com/sports/mens-soccer/schedule,,,2026-09-11-Maryland-Northwestern,regular
sidearm-2026-09-11-Kansas-City-Michigan-State,2026-09-11,Kansas City,Michigan State,false,true,,,away,scheduled,,,,2026-09-11-Kansas-City-Michigan-State,regular
sidearm-2026-09-11-University-of-Wisconsin-Ohio-State,2026-09-11,Wisconsin,Ohio State,false,false,,,away,scheduled,,,,2026-09-11-Ohio-State-Wisconsin,regular
wmt-2026-09-11-Penn-State-Washington,2026-09-11,Washington,Penn State,true,false,,,away,scheduled,https://gopsusports.com/sports/mens-soccer/schedule,,,2026-09-11-Penn-State-Washington,regular
sidearm-2026-09-11-Rutgers-UCLA,2026-09-11,Rutgers,UCLA,false,false,,,home,scheduled,https://uclabruins.com/sports/mens-soccer/schedule,,,2026-09-11-Rutgers-UCLA,regular
sidearm-2026-09-11-Sacramento-State-San-Diego-State,2026-09-11,Sacramento State,San Diego State,false,false,,,away,scheduled,https://goaztecs.com/sports/mens-soccer/schedule,,,2026-09-11-Sacramento-State-San-Diego-State,regular
sidearm-2026-09-11-Utah-Valley-Marshall,2026-09-11,Utah Valley,Marshall,false,false,,,away,scheduled,,,,2026-09-11-Marshall-Utah-Valley,regular
sidearm-2026-09-11-Brown-Stonehill,2026-09-11,Brown,Stonehill College,false,false,,,home,scheduled,,,,2026-09-11-Brown-Stonehill-College,regular
sidearm-2026-09-11-Merrimack-Dartmouth-College,2026-09-11,Merrimack College,Dartmouth College,false,false,,,away,scheduled,,,,2026-09-11-Dartmouth-College-Merrimack-College,regular
sidearm-2026-09-11-University-of-Evansville-Lindenwood,2026-09-11,University of Evansville,Lindenwood,false,false,,,away,scheduled,,,,2026-09-11-Lindenwood-University-of-Evansville,regular
sidearm-2026-09-11-Air-Force-UC-Riverside,2026-09-11,Air Force,UC Riverside,false,false,,,home,scheduled,,,,2026-09-11-Air-Force-UC-Riverside,regular
sidearm-2026-09-11-Eastern-Illinois-Bradley,2026-09-11,Eastern Illinois,Bradley,false,false,,,home,scheduled,,,,2026-09-11-Bradley-Eastern-Illinois,regular
sidearm-2026-09-11-LMU-California-Baptist,2026-09-11,Loyola Marymount,California Baptist,false,false,,,away,scheduled,,,,2026-09-11-California-Baptist-Loyola-Marymount,regular
sidearm-2026-09-11-American-Colgate,2026-09-11,American,Colgate,false,false,,,unknown,scheduled,,,,2026-09-11-American-Colgate,regular
sidearm-2026-09-11-UNC-Greensboro-South-Carolina,2026-09-11,UNC Greensboro,South Carolina,false,false,,,home,scheduled,https://gamecocksonline.com/sports/msoc/schedule/2026,,,2026-09-11-South-Carolina-UNC-Greensboro,regular
sidearm-2026-09-11-West-Virginia-Denver,2026-09-11,West Virginia,Denver,false,false,,,home,scheduled,,,,2026-09-11-Denver-West-Virginia,regular
sidearm-2026-09-12-Boston-College-Syracuse,2026-09-12,Boston College,Syracuse,false,false,,,home,scheduled,,,,2026-09-12-Boston-College-Syracuse,regular
wmt-2026-09-12-Liberty-Virginia,2026-09-12,Virginia,Liberty,false,false,,,home,scheduled,https://virginiasports.com/sports/msoc/schedule,https://static.virginiasports.com/custompages/sports/m-soccer/stats/2026-2027/VA091226.PDF,,2026-09-12-Liberty-Virginia,regular
sidearm-2026-09-12-Binghamton-Le-Moyne-College,2026-09-12,Binghamton,Le Moyne College,false,false,,,home,scheduled,,https://bubearcats.com/boxscore.aspx?id=15684,,2026-09-12-Binghamton-Le-Moyne-College,regular
sidearm-2026-09-12-Bryant-Providence-College,2026-09-12,Bryant,Providence,false,false,,,home,scheduled,,,,2026-09-12-Bryant-Providence,regular
sidearm-2026-09-12-UMass-New-Hampshire,2026-09-12,UMass,New Hampshire,false,false,,,away,scheduled,,,,2026-09-12-New-Hampshire-UMass,regular
sidearm-2026-09-12-NJIT-FDU,2026-09-12,NJIT,FDU,false,false,,,home,scheduled,,,,2026-09-12-FDU-NJIT,regular
sidearm-2026-09-12-Iona-UMass-Lowell,2026-09-12,Iona,UMass Lowell,false,false,,,away,scheduled,,,,2026-09-12-Iona-UMass-Lowell,regular
sidearm-2026-09-12-Furman-Memphis,2026-09-12,Furman,Memphis,false,false,,,away,scheduled,,,,2026-09-12-Furman-Memphis,regular
sidearm-2026-09-12-Bellarmine-Chicago-State-University,2026-09-12,Bellarmine,Chicago State,false,false,,,home,scheduled,,,,2026-09-12-Bellarmine-Chicago-State,regular
sidearm-2026-09-12-FGCU-North-Florida,2026-09-12,FGCU,North Florida,false,false,,,home,scheduled,,,,2026-09-12-FGCU-North-Florida,regular
sidearm-2026-09-12-Jacksonville-Queens-University-of-Charlotte,2026-09-12,Jacksonville,Queens,false,false,,,home,scheduled,,,,2026-09-12-Jacksonville-Queens,regular
sidearm-2026-09-12-Stetson-West-Florida,2026-09-12,Stetson,West Florida,false,false,,,home,scheduled,,,,2026-09-12-Stetson-West-Florida,regular
sidearm-2026-09-12-Dayton-Butler,2026-09-12,Dayton,Butler,false,false,,,home,scheduled,,,,2026-09-12-Butler-Dayton,regular
sidearm-2026-09-12-La-Salle-Rider,2026-09-12,La Salle,Rider University,false,false,,,home,scheduled,,,,2026-09-12-La-Salle-Rider-University,regular
sidearm-2026-09-12-Rhode-Island-Central-Connecticut-State,2026-09-12,Rhode Island,Central Connecticut State,false,false,,,unknown,scheduled,,https://ccsubluedevils.com/sports/msoc/2026-27/boxscores/20260912_3n6n.xml,,2026-09-12-Central-Connecticut-State-Rhode-Island,regular
sidearm-2026-09-12-Saint-Joseph's-LIU,2026-09-12,Saint Joseph's,LIU,false,false,,,home,scheduled,,,,2026-09-12-LIU-Saint-Joseph's,regular
sidearm-2026-09-12-Saint-Louis-Akron,2026-09-12,Saint Louis,Akron,false,false,,,away,scheduled,,,,2026-09-12-Akron-Saint-Louis,regular
sidearm-2026-09-12-Marquette-Southern-Indiana,2026-09-12,Marquette,University of Southern Indiana,false,false,,,home,scheduled,,,,2026-09-12-Marquette-University-of-Southern-Indiana,regular
sidearm-2026-09-12-Penn-Seton-Hall,2026-09-12,Penn,Seton Hall,false,false,,,away,scheduled,,,,2026-09-12-Penn-Seton-Hall,regular
sidearm-2026-09-12-Harvard--UConn,2026-09-12,Harvard,UConn,false,false,,,away,scheduled,,,,2026-09-12-Harvard-UConn,regular
sidearm-2026-09-12-Howard-Radford,2026-09-12,Howard,Radford,false,false,,,away,scheduled,,https://hubison.com/boxscore.aspx?id=12419,,2026-09-12-Howard-Radford,regular
sidearm-2026-09-12-VMI-UNC-Asheville,2026-09-12,VMI,UNC Asheville,false,false,,,away,scheduled,,,,2026-09-12-UNC-Asheville-VMI,regular
sidearm-2026-09-12-USC-Upstate-College-of-Charleston,2026-09-12,USC Upstate,Charleston,false,false,,,home,scheduled,,,,2026-09-12-Charleston-USC-Upstate,regular
sidearm-2026-09-12-UC-Santa-Barbara-Grand-Canyon,2026-09-12,UC Santa Barbara,Grand Canyon,true,false,,,away,scheduled,,,,2026-09-12-Grand-Canyon-UC-Santa-Barbara,regular
sidearm-2026-09-12-Campbell-Elon,2026-09-12,Campbell,Elon,false,false,,,home,scheduled,,,,2026-09-12-Campbell-Elon,regular
sidearm-2026-09-12-Drexel-Northeastern,2026-09-12,Drexel,Northeastern,false,false,,,home,scheduled,,,,2026-09-12-Drexel-Northeastern,regular
sidearm-2026-09-12-Hofstra-Monmouth,2026-09-12,Hofstra,Monmouth,false,false,,,away,scheduled,,,,2026-09-12-Hofstra-Monmouth,regular
sidearm-2026-09-12-Stony-Brook-Saint-Peter's,2026-09-12,Stony Brook,Saint Peter's,false,false,,,home,scheduled,,,,2026-09-12-Saint-Peter's-Stony-Brook,regular
sidearm-2026-09-12-UNC-Wilmington-William-&-Mary,2026-09-12,UNC Wilmington,William & Mary,false,false,,,home,scheduled,,,,2026-09-12-UNC-Wilmington-William-&-Mary,regular
sidearm-2026-09-12-Cleveland-State-Detroit-Mercy,2026-09-12,Cleveland State,Detroit Mercy,false,false,,,home,scheduled,,,,2026-09-12-Cleveland-State-Detroit-Mercy,regular
sidearm-2026-09-12-IU-Indy-Purdue-Fort-Wayne,2026-09-12,IU Indy,Purdue Fort Wayne,false,false,,,home,scheduled,,,,2026-09-12-IU-Indy-Purdue-Fort-Wayne,regular
sidearm-2026-09-12-Milwaukee-Northern-Kentucky,2026-09-12,Milwaukee,Northern Kentucky,false,false,,,away,scheduled,,,,2026-09-12-Milwaukee-Northern-Kentucky,regular
sidearm-2026-09-12-Oakland-Northern-Illinois-University,2026-09-12,Oakland,Northern Illinois University,false,false,,,home,scheduled,,,,2026-09-12-Northern-Illinois-University-Oakland,regular
sidearm-2026-09-12-Wright-State-Green-Bay,2026-09-12,Wright State,Green Bay,false,false,,,home,scheduled,,,,2026-09-12-Green-Bay-Wright-State,regular
sidearm-2026-09-12-Manhattan-Columbia-University,2026-09-12,Manhattan,Columbia University,false,false,,,away,scheduled,,,,2026-09-12-Columbia-University-Manhattan,regular
sidearm-2026-09-12-Albany-Princeton,2026-09-12,Albany,Princeton,false,false,,,away,scheduled,,,,2026-09-12-Albany-Princeton,regular
sidearm-2026-09-12-Canisius-St.-John-Fisher,2026-09-12,Canisius,St. John Fisher,false,false,,,home,scheduled,,,,2026-09-12-Canisius-St.-John-Fisher,regular
sidearm-2026-09-12-Fairfield-New-Haven,2026-09-12,Fairfield,New Haven,false,false,,,home,scheduled,,,,2026-09-12-Fairfield-New-Haven,regular
sidearm-2026-09-12-Mount-St.-Mary's-Delaware,2026-09-12,Mount St. Mary's,Delaware,false,false,,,home,scheduled,,,,2026-09-12-Delaware-Mount-St.-Mary's,regular
sidearm-2026-09-12-Belmont-University-ETSU,2026-09-12,Belmont University,ETSU,false,false,,,away,scheduled,,,,2026-09-12-Belmont-University-ETSU,regular
sidearm-2026-09-12-Drake-Oral-Roberts,2026-09-12,Drake,Oral Roberts,false,false,,,away,scheduled,,,,2026-09-12-Drake-Oral-Roberts,regular
sidearm-2026-09-12-UC-Davis-San-Francisco,2026-09-12,UC Davis,San Francisco,false,false,,,home,scheduled,,,,2026-09-12-San-Francisco-UC-Davis,regular
sidearm-2026-09-12-CSU-Bakersfield-Gonzaga,2026-09-12,CSU Bakersfield,Gonzaga,false,false,,,away,scheduled,,,,2026-09-12-CSU-Bakersfield-Gonzaga,regular
sidearm-2026-09-12-Boston-University-Army,2026-09-12,Boston University,Army,false,false,,,away,scheduled,,,,2026-09-12-Army-Boston-University,regular
sidearm-2026-09-12-Bucknell-Lafayette-,2026-09-12,Bucknell,Lafayette,false,false,,,home,scheduled,,https://goleopards.com/boxscore.aspx?id=13981,,2026-09-12-Bucknell-Lafayette,regular
sidearm-2026-09-12-Loyola-Lehigh,2026-09-12,Loyola,Lehigh,false,false,,,away,scheduled,,,,2026-09-12-Lehigh-Loyola,regular
sidearm-2026-09-12-Loyola-University-Maryland-Lehigh,2026-09-12,Loyola University Maryland,Lehigh,false,false,,,home,scheduled,,,,2026-09-12-Lehigh-Loyola-University-Maryland,regular
sidearm-2026-09-12-Navy-Holy-Cross,2026-09-12,Navy,Holy Cross,false,false,,,away,scheduled,,,,2026-09-12-Holy-Cross-Navy,regular
sidearm-2026-09-12-Wofford-Georgia-State-University,2026-09-12,Wofford,Georgia State,false,false,,,home,scheduled,,,,2026-09-12-Georgia-State-Wofford,regular
sidearm-2026-09-13-Louisville-California,2026-09-13,Louisville,California,false,false,,,away,scheduled,,,,2026-09-13-California-Louisville,regular
wmt-2026-09-13-Virginia-Tech-Wake-Forest,2026-09-13,Virginia Tech,Wake Forest,false,false,,,home,scheduled,https://hokiesports.com/sports/mens-soccer/schedule,,,2026-09-13-Virginia-Tech-Wake-Forest,regular
sidearm-2026-09-13-Fordham-St.-John's-University,2026-09-13,Fordham,St. John's,false,false,,,away,scheduled,,,,2026-09-13-Fordham-St.-John's,regular
sidearm-2026-09-13-Villanova-George-Washington,2026-09-13,Villanova,George Washington,false,false,,,away,scheduled,,,,2026-09-13-George-Washington-Villanova,regular
sidearm-2026-09-13-Loyola-Chicago-UIC,2026-09-13,Loyola Chicago,UIC,false,false,,,away,scheduled,,,,2026-09-13-Loyola-Chicago-UIC,regular
sidearm-2026-09-13-Creighton-Yale,2026-09-13,Creighton,Yale,false,false,,,home,scheduled,,,,2026-09-13-Creighton-Yale,regular
sidearm-2026-09-13-St.-Thomas-Xavier,2026-09-13,St. Thomas,Xavier,false,false,,,away,scheduled,,,,2026-09-13-St.-Thomas-Xavier,regular
sidearm-2026-09-13-UC-Irvine-UNLV,2026-09-13,UC Irvine,UNLV,false,false,,,home,scheduled,,,,2026-09-13-UC-Irvine-UNLV,regular
sidearm-2026-09-13-UIC-Loyola,2026-09-13,UIC,Loyola,false,false,,,home,scheduled,,,,2026-09-13-Loyola-UIC,regular
sidearm-2026-09-13-Western-Michigan-Seattle-University,2026-09-13,Western Michigan,Seattle,false,false,,,home,scheduled,https://goseattleu.com/sports/mens-soccer/schedule,,,2026-09-13-Seattle-Western-Michigan,regular
sidearm-2026-09-13-Utah-Tech-UC-San-Diego,2026-09-13,Utah Tech,UC San Diego,false,false,,,home,scheduled,,,,2026-09-13-UC-San-Diego-Utah-Tech,regular
sidearm-2026-09-13-Portland-Oregon-State,2026-09-13,Portland,Oregon State,false,false,,,away,scheduled,,https://portlandpilots.com/boxscore.aspx?id=13253,,2026-09-13-Oregon-State-Portland,regular
wmt-2026-09-13-San-Diego-San-Diego-State,2026-09-13,San Diego,San Diego State,false,false,,,away,scheduled,https://goaztecs.com/sports/mens-soccer/schedule,,,2026-09-13-San-Diego-San-Diego-State,regular
sidearm-2026-09-13-Georgia-Southern-Mercer,2026-09-13,Georgia Southern,Mercer,false,false,,,away,scheduled,,,,2026-09-13-Georgia-Southern-Mercer,regular
sidearm-2026-09-13-Omaha-Saint-Mary's,2026-09-13,Omaha,Saint Mary's,false,false,,,home,scheduled,,,,2026-09-13-Omaha-Saint-Mary's,regular
sidearm-2026-09-13-Pacific-CSUN,2026-09-13,Pacific,CSUN,false,false,,,home,scheduled,,,,2026-09-13-CSUN-Pacific,regular
sidearm-2026-09-14-VCU-Old-Dominion,2026-09-14,VCU,Old Dominion,false,false,,,away,scheduled,https://odusports.com/sports/mens-soccer/schedule,,,2026-09-14-Old-Dominion-VCU,regular
sidearm-2026-09-14-Robert-Morris-Mercyhurst,2026-09-14,Robert Morris,Mercyhurst,false,false,,,home,scheduled,,,,2026-09-14-Mercyhurst-Robert-Morris,regular
sidearm-2026-09-15-Boston-College-New-Haven,2026-09-15,Boston College,New Haven,false,false,,,home,scheduled,,,,2026-09-15-Boston-College-New-Haven,regular
wmt-2026-09-15-Clemson-North-Florida,2026-09-15,Clemson,North Florida,false,false,,,home,scheduled,https://clemsontigers.com/sports/mens-soccer/schedule,,,2026-09-15-Clemson-North-Florida,regular
sidearm-2026-09-15-Duke-Queens,2026-09-15,Duke,Queens,false,false,,,home,scheduled,,,,2026-09-15-Duke-Queens,regular
sidearm-2026-09-15-NC-State-UNC-Wilmington,2026-09-15,NC State,UNC Wilmington,false,false,,,home,scheduled,,,,2026-09-15-NC-State-UNC-Wilmington,regular
wmt-2026-09-15-Detroit-Mercy-Notre-Dame,2026-09-15,Notre Dame,Detroit Mercy,false,false,,,home,scheduled,https://fightingirish.com/sports/msoc/schedule,,,2026-09-15-Detroit-Mercy-Notre-Dame,regular
wmt-2026-09-15-Santa-Clara-Stanford,2026-09-15,Stanford,Santa Clara,false,false,,,home,scheduled,https://gostanford.com/sports/mens-soccer/schedule,,,2026-09-15-Santa-Clara-Stanford,regular
sidearm-2026-09-15-Colgate-Syracuse,2026-09-15,Colgate,Syracuse,false,false,,,away,scheduled,,,,2026-09-15-Colgate-Syracuse,regular
sidearm-2026-09-15-North-Carolina-American,2026-09-15,North Carolina,American,false,false,,,home,scheduled,,,,2026-09-15-American-North-Carolina,regular
sidearm-2026-09-15-Bryant-Dartmouth-College,2026-09-15,Bryant,Dartmouth College,true,false,,,home,scheduled,,,,2026-09-15-Bryant-Dartmouth-College,regular
sidearm-2026-09-15-New-Hampshire-Harvard,2026-09-15,New Hampshire,Harvard,false,false,,,home,scheduled,,,,2026-09-15-Harvard-New-Hampshire,regular
sidearm-2026-09-15-Merrimack-UMass-Lowell,2026-09-15,Merrimack College,UMass Lowell,false,false,,,away,scheduled,,,,2026-09-15-Merrimack-College-UMass-Lowell,regular
sidearm-2026-09-15-UMBC-Howard,2026-09-15,UMBC,Howard,false,false,,,home,scheduled,,https://hubison.com/boxscore.aspx?id=12419,,2026-09-15-Howard-UMBC,regular
sidearm-2026-09-15-Vermont-Hofstra,2026-09-15,Vermont,Hofstra,false,false,,,away,scheduled,,,,2026-09-15-Hofstra-Vermont,regular
sidearm-2026-09-15-Charlotte-Winthrop,2026-09-15,Charlotte,Winthrop,false,false,,,home,scheduled,,,,2026-09-15-Charlotte-Winthrop,regular
sidearm-2026-09-15-UNC-Greensboro-South-Florida,2026-09-15,UNC Greensboro,South Florida,false,false,,,away,scheduled,,,,2026-09-15-South-Florida-UNC-Greensboro,regular
sidearm-2026-09-15-Temple-University-Columbia,2026-09-15,Temple University,Columbia University,false,false,,,home,scheduled,,,,2026-09-15-Columbia-University-Temple-University,regular
sidearm-2026-09-15-Lindenwood-Tulsa,2026-09-15,Lindenwood,Tulsa,false,false,,,away,scheduled,,,,2026-09-15-Lindenwood-Tulsa,regular
sidearm-2026-09-15-UAB-Central-Arkansas,2026-09-15,UAB,Central Arkansas,false,false,,,home,scheduled,,,,2026-09-15-Central-Arkansas-UAB,regular
sidearm-2026-09-15-Bellarmine-Hanover-College,2026-09-15,Bellarmine,Hanover College,false,false,,,home,scheduled,,,,2026-09-15-Bellarmine-Hanover-College,regular
sidearm-2026-09-15-Stetson-Presbyterian,2026-09-15,Stetson,Presbyterian,false,false,,,home,scheduled,,,,2026-09-15-Presbyterian-Stetson,regular
sidearm-2026-09-15-Davidson-College-High-Point,2026-09-15,Davidson College,High Point,false,false,,,home,scheduled,,,,2026-09-15-Davidson-College-High-Point,regular
sidearm-2026-09-15-Bucknell-University-George-Mason,2026-09-15,Bucknell,George Mason,false,false,,,away,scheduled,https://gomason.com,,,2026-09-15-Bucknell-George-Mason,regular
sidearm-2026-09-15-La-Salle-Drexel,2026-09-15,La Salle,Drexel,false,false,,,away,scheduled,,,,2026-09-15-Drexel-La-Salle,regular
sidearm-2026-09-15-Rhode-Island-Brown,2026-09-15,Rhode Island,Brown,false,false,,,home,scheduled,,,,2026-09-15-Brown-Rhode-Island,regular
sidearm-2026-09-15-St.-Bonaventure-Canisius,2026-09-15,St. Bonaventure,Canisius,false,false,,,away,scheduled,,,,2026-09-15-Canisius-St.-Bonaventure,regular
sidearm-2026-09-15-Saint-Joseph's-Iona,2026-09-15,Saint Joseph's,Iona,false,false,,,home,scheduled,,,,2026-09-15-Iona-Saint-Joseph's,regular
sidearm-2026-09-15-Longwood-Navy,2026-09-15,Longwood,Navy,false,false,,,home,scheduled,,,,2026-09-15-Longwood-Navy,regular
sidearm-2026-09-15-Elon-Radford,2026-09-15,Elon,Radford,false,false,,,away,scheduled,,,,2026-09-15-Elon-Radford,regular
sidearm-2026-09-15-Wofford--USC-Upstate,2026-09-15,Wofford,USC Upstate,false,false,,,away,scheduled,,,,2026-09-15-USC-Upstate-Wofford,regular
sidearm-2026-09-15-Michigan-State-Northwestern-,2026-09-15,Michigan State,Northwestern,false,false,,,home,scheduled,https://nusports.com/sports/mens-soccer/schedule,,,2026-09-15-Michigan-State-Northwestern,regular
sidearm-2026-09-15-Rutgers-Princeton,2026-09-15,Rutgers,Princeton,false,false,,,home,scheduled,,,,2026-09-15-Princeton-Rutgers,regular
sidearm-2026-09-15-South-Carolina-Charleston,2026-09-15,South Carolina,Charleston,false,false,,,away,scheduled,https://gamecocksonline.com/sports/msoc/schedule/2026,,,2026-09-15-Charleston-South-Carolina,regular
sidearm-2026-09-15-Northeastern-Central-Connecticut-State,2026-09-15,Northeastern,Central Connecticut State,false,false,,,home,scheduled,,,,2026-09-15-Central-Connecticut-State-Northeastern,regular
sidearm-2026-09-15-Stony-Brook-Army,2026-09-15,Stony Brook,Army,false,false,,,away,scheduled,,,,2026-09-15-Army-Stony-Brook,regular
sidearm-2026-09-15-Milwaukee-Bowling-Green,2026-09-15,Milwaukee,Bowling Green,false,false,,,home,scheduled,,,,2026-09-15-Bowling-Green-Milwaukee,regular
sidearm-2026-09-15-Cornell-University-of-Pittsburgh,2026-09-15,Cornell,Pittsburgh,false,false,,,away,scheduled,,,,2026-09-15-Cornell-Pittsburgh,regular
sidearm-2026-09-15-Penn-Delaware,2026-09-15,Penn,Delaware,false,false,,,home,scheduled,,,,2026-09-15-Delaware-Penn,regular
sidearm-2026-09-15-Marist-UAlbany,2026-09-15,Marist,UAlbany,false,false,,,home,scheduled,,,,2026-09-15-Marist-UAlbany,regular
sidearm-2026-09-15-Merrimack-College-University-of-Massachusetts-Lowell,2026-09-15,Merrimack College,University of Massachusetts Lowell,false,false,,,home,scheduled,,,,2026-09-15-Merrimack-College-University-of-Massachusetts-Lowell,regular
sidearm-2026-09-15-FDU-Sacred-Heart,2026-09-15,FDU,Sacred Heart,false,false,,,away,scheduled,,,,2026-09-15-FDU-Sacred-Heart,regular
sidearm-2026-09-15-Siena-LIU,2026-09-15,Siena,LIU,false,false,,,home,scheduled,,https://sienasaints.com/boxscore.aspx?id=18807,,2026-09-15-LIU-Siena,regular
sidearm-2026-09-15-University-of-Evansville-Southern-Indiana,2026-09-15,University of Evansville,University of Southern Indiana,false,false,,,home,scheduled,,,,2026-09-15-University-of-Evansville-University-of-Southern-Indiana,regular
sidearm-2026-09-15-Le-Moyne-College-Lafayette-College,2026-09-15,Le Moyne College,Lafayette,false,false,,,home,scheduled,,,,2026-09-15-Lafayette-Le-Moyne-College,regular
sidearm-2026-09-15-UTRGV-Oral-Roberts,2026-09-15,UTRGV,Oral Roberts,false,false,,,away,scheduled,,,,2026-09-15-Oral-Roberts-UTRGV,regular
sidearm-2026-09-16-San-Francisco-California,2026-09-16,San Francisco,California,false,false,,,away,scheduled,,,,2026-09-16-California-San-Francisco,regular
sidearm-2026-09-16-Missouri-State-Kansas-City,2026-09-16,Missouri State,Kansas City,true,false,,,home,scheduled,,,,2026-09-16-Kansas-City-Missouri-State,regular
sidearm-2026-09-16-FGCU-Houston-Christian,2026-09-16,FGCU,Houston Christian,false,false,,,away,scheduled,,,,2026-09-16-FGCU-Houston-Christian,regular
sidearm-2026-09-16-UNC-Asheville-East-Tennessee-State,2026-09-16,UNC Asheville,ETSU,false,false,,,home,scheduled,,,,2026-09-16-ETSU-UNC-Asheville,regular
sidearm-2026-09-16-Cal-State-Fullerton-LMU,2026-09-16,Cal State Fullerton,Loyola Marymount,false,false,,,home,scheduled,,,,2026-09-16-Cal-State-Fullerton-Loyola-Marymount,regular
sidearm-2026-09-16-Grand-Canyon-California-Baptist,2026-09-16,Grand Canyon,California Baptist,false,false,,,home,scheduled,,,,2026-09-16-California-Baptist-Grand-Canyon,regular
sidearm-2026-09-16-Chicago-State-Eastern-Illinois-University,2026-09-16,Chicago State,Eastern Illinois,false,false,,,home,scheduled,,,,2026-09-16-Chicago-State-Eastern-Illinois,regular
sidearm-2026-09-16-Stonehill-College-Massachusetts,2026-09-16,Stonehill College,Massachusetts,false,false,,,home,scheduled,,,,2026-09-16-Massachusetts-Stonehill-College,regular
sidearm-2026-09-16-Cal-Poly-Cal-State-Bakersfield,2026-09-16,Cal Poly,Cal State Bakersfield,false,false,,,home,scheduled,,,,2026-09-16-Cal-Poly-Cal-State-Bakersfield,regular
sidearm-2026-09-16-Stonehill-College-UMass,2026-09-16,Stonehill College,UMass,false,false,,,away,scheduled,,,,2026-09-16-Stonehill-College-UMass,regular
sidearm-2026-09-17-Sacramento-State-Pacific,2026-09-17,Sacramento State,Pacific,false,false,,,home,scheduled,,,,2026-09-17-Pacific-Sacramento-State,regular
sidearm-2026-09-17-UC-Riverside-UC-Irvine,2026-09-17,UC Riverside,UC Irvine,false,false,,,away,scheduled,,,,2026-09-17-UC-Irvine-UC-Riverside,regular
sidearm-2026-09-17-UC-Santa-Barbara-San-Diego-State,2026-09-17,UC Santa Barbara,San Diego State,false,false,,,home,scheduled,https://goaztecs.com/sports/mens-soccer/schedule,,,2026-09-17-San-Diego-State-UC-Santa-Barbara,regular
wmt-2026-09-17-CSUN-San-Jose-State,2026-09-17,CSUN,San Jose State,false,false,,,away,scheduled,https://sjsuspartans.com/sports/mens-soccer/schedule,,,2026-09-17-CSUN-San-Jose-State,regular
sidearm-2026-09-17-Western-Illinois-Omaha,2026-09-17,Western Illinois,Omaha,false,false,,,home,scheduled,,,,2026-09-17-Omaha-Western-Illinois,regular
sidearm-2026-09-17-Georgia-State-West-Virginia,2026-09-17,Georgia State,West Virginia,false,false,,,home,scheduled,,,,2026-09-17-Georgia-State-West-Virginia,regular
sidearm-2026-09-18-Louisville-Boston-College,2026-09-18,Louisville,Boston College,false,false,,,away,scheduled,,,,2026-09-18-Boston-College-Louisville,regular
sidearm-2026-09-18-Duke-Virginia-Tech,2026-09-18,Duke,Virginia Tech,false,false,,,home,scheduled,https://hokiesports.com/sports/mens-soccer/schedule,,,2026-09-18-Duke-Virginia-Tech,regular
sidearm-2026-09-18-SMU-NC-State,2026-09-18,SMU,NC State,false,false,,,away,scheduled,,,,2026-09-18-NC-State-SMU,regular
sidearm-2026-09-18-UMass-Lowell-Manhattan,2026-09-18,UMass Lowell,Manhattan,false,false,,,home,scheduled,,,,2026-09-18-Manhattan-UMass-Lowell,regular
sidearm-2026-09-18-FGCU-Incarnate-Word,2026-09-18,FGCU,Incarnate Word,false,false,,,away,scheduled,,,,2026-09-18-FGCU-Incarnate-Word,regular
sidearm-2026-09-18-Akron-Butler,2026-09-18,Akron,Butler,false,false,,,home,scheduled,,,,2026-09-18-Akron-Butler,regular
sidearm-2026-09-18-Creighton-Providence-,2026-09-18,Creighton,Providence,false,false,,,home,scheduled,,,,2026-09-18-Creighton-Providence,regular
sidearm-2026-09-18-DePaul-Xavier,2026-09-18,DePaul,Xavier,false,false,,,home,scheduled,,,,2026-09-18-DePaul-Xavier,regular
sidearm-2026-09-18-Georgetown-Marquette,2026-09-18,Georgetown,Marquette,false,false,,,home,scheduled,,,,2026-09-18-Georgetown-Marquette,regular
sidearm-2026-09-18-St.-John's-Villanova,2026-09-18,St. John's,Villanova,false,false,,,home,scheduled,,,,2026-09-18-St.-John's-Villanova,regular
sidearm-2026-09-18-UConn-Seton-Hall,2026-09-18,UConn,Seton Hall,false,false,,,away,scheduled,,,,2026-09-18-Seton-Hall-UConn,regular
sidearm-2026-09-18-Indiana-Washington,2026-09-18,Indiana,Washington,false,false,,,home,scheduled,,,,2026-09-18-Indiana-Washington,regular
sidearm-2026-09-18-Maryland-#23-Wisconsin,2026-09-18,Maryland,Wisconsin,false,true,,,home,scheduled,,,,2026-09-18-Maryland-Wisconsin,regular
sidearm-2026-09-18-UCLA-Michigan,2026-09-18,UCLA,Michigan,false,false,,,away,scheduled,https://uclabruins.com/sports/mens-soccer/schedule,,,2026-09-18-Michigan-UCLA,regular
sidearm-2026-09-18-Penn-State--Michigan-State,2026-09-18,Penn State,Michigan State,false,true,,,away,scheduled,https://gopsusports.com/sports/mens-soccer/schedule,,,2026-09-18-Michigan-State-Penn-State,regular
sidearm-2026-09-18-Ohio-State-Rutgers-University,2026-09-18,Ohio State,Rutgers,false,false,,,home,scheduled,,,,2026-09-18-Ohio-State-Rutgers,regular
sidearm-2026-09-18-Belmont-University-Southern-Indiana,2026-09-18,Belmont University,University of Southern Indiana,false,false,,,home,scheduled,,,,2026-09-18-Belmont-University-University-of-Southern-Indiana,regular
sidearm-2026-09-18-Air-Force-UTRGV,2026-09-18,Air Force,UTRGV,false,false,,,home,scheduled,,,,2026-09-18-Air-Force-UTRGV,regular
sidearm-2026-09-18-Utah-Tech-St.-Thomas,2026-09-18,Utah Tech,St. Thomas,false,false,,,home,scheduled,,,,2026-09-18-St.-Thomas-Utah-Tech,regular
sidearm-2026-09-18-Delaware-LIU,2026-09-18,Delaware,LIU,false,false,,,home,scheduled,,,,2026-09-18-Delaware-LIU,regular
sidearm-2026-09-18-Coastal-Carolina-Georgia-Southern,2026-09-18,Coastal Carolina,Georgia Southern,false,false,,,home,scheduled,,,,2026-09-18-Coastal-Carolina-Georgia-Southern,regular
sidearm-2026-09-18-James-Madison-UCF,2026-09-18,James Madison,UCF,false,false,,,home,scheduled,https://ucfknights.com/sports/mens-soccer/schedule,,,2026-09-18-James-Madison-UCF,regular
wmtwp-2026-09-18-Kentucky-Marshall,2026-09-18,Kentucky,Marshall,false,false,,,home,scheduled,https://ukathletics.com/sports/msoc/schedule/2026,,,2026-09-18-Kentucky-Marshall,regular
wmt-2026-09-18-Old-Dominion-South-Carolina,2026-09-18,Old Dominion,South Carolina,false,false,,,home,scheduled,https://odusports.com/sports/mens-soccer/schedule,,,2026-09-18-Old-Dominion-South-Carolina,regular
wmt-2026-09-19-Clemson-North-Carolina,2026-09-19,North Carolina,Clemson,false,false,,,away,scheduled,https://clemsontigers.com/sports/mens-soccer/schedule,,,2026-09-19-Clemson-North-Carolina,regular
sidearm-2026-09-19-Syracuse-Le-Moyne,2026-09-19,Syracuse,Le Moyne College,false,false,,,home,scheduled,,,,2026-09-19-Le-Moyne-College-Syracuse,regular
wmt-2026-09-19-Virginia-Wake-Forest,2026-09-19,Wake Forest,Virginia,false,false,,,away,scheduled,https://virginiasports.com/sports/msoc/schedule,https://static.virginiasports.com/custompages/sports/m-soccer/stats/2026-2027/VA091926.PDF,,2026-09-19-Virginia-Wake-Forest,regular
sidearm-2026-09-19-Binghamton-Hofstra-University,2026-09-19,Binghamton,Hofstra,false,false,,,away,scheduled,,https://bubearcats.com/boxscore.aspx?id=15684,,2026-09-19-Binghamton-Hofstra,regular
sidearm-2026-09-19-Bryant-Princeton-University,2026-09-19,Bryant,Princeton,false,false,,,home,scheduled,,,,2026-09-19-Bryant-Princeton,regular
sidearm-2026-09-19-Portland-New-Hampshire,2026-09-19,Portland,New Hampshire,false,false,,,away,scheduled,,https://portlandpilots.com/boxscore.aspx?id=13253,,2026-09-19-New-Hampshire-Portland,regular
sidearm-2026-09-19-NJIT-Brown,2026-09-19,NJIT,Brown,false,false,,,away,scheduled,,,,2026-09-19-Brown-NJIT,regular
sidearm-2026-09-19-UMBC-William-&-Mary,2026-09-19,UMBC,William & Mary,false,false,,,home,scheduled,,,,2026-09-19-UMBC-William-&-Mary,regular
sidearm-2026-09-19-Vermont-Dartmouth,2026-09-19,Vermont,Dartmouth College,true,false,,,away,scheduled,,,,2026-09-19-Dartmouth-College-Vermont,regular
sidearm-2026-09-19-FIU-Drake,2026-09-19,FIU,Drake,false,false,,,home,scheduled,,,,2026-09-19-Drake-FIU,regular
sidearm-2026-09-19-Bellarmine-University-of-Central-Arkansas,2026-09-19,Bellarmine,Central Arkansas,false,false,,,home,scheduled,,,,2026-09-19-Bellarmine-Central-Arkansas,regular
sidearm-2026-09-19-Jacksonville-Lipscomb-University,2026-09-19,Jacksonville,Lipscomb,false,false,,,away,scheduled,,,,2026-09-19-Jacksonville-Lipscomb,regular
sidearm-2026-09-19-North-Florida-West-Florida,2026-09-19,North Florida,West Florida,false,false,,,home,scheduled,,,,2026-09-19-North-Florida-West-Florida,regular
sidearm-2026-09-19-Queens-Stetson-University,2026-09-19,Queens,Stetson,false,false,,,away,scheduled,,,,2026-09-19-Queens-Stetson,regular
sidearm-2026-09-19-Dayton-Saint-Louis,2026-09-19,Dayton,Saint Louis,false,false,,,home,scheduled,,,,2026-09-19-Dayton-Saint-Louis,regular
sidearm-2026-09-19-Duquesne-Rhode-Island,2026-09-19,Duquesne,Rhode Island,false,false,,,home,scheduled,,,,2026-09-19-Duquesne-Rhode-Island,regular
sidearm-2026-09-19-Fordham-Loyola-University-Chicago,2026-09-19,Fordham,Loyola Chicago,false,false,,,home,scheduled,,,,2026-09-19-Fordham-Loyola-Chicago,regular
sidearm-2026-09-19-Saint-Joseph's-University-George-Mason,2026-09-19,Saint Joseph's,George Mason,false,false,,,away,scheduled,https://gomason.com,,,2026-09-19-George-Mason-Saint-Joseph's,regular
sidearm-2026-09-19-George-Washington-La-Salle,2026-09-19,George Washington,La Salle,false,false,,,home,scheduled,,,,2026-09-19-George-Washington-La-Salle,regular
sidearm-2026-09-19-St.-Bonaventure-VCU,2026-09-19,St. Bonaventure,VCU,false,false,,,home,scheduled,,,,2026-09-19-St.-Bonaventure-VCU,regular
sidearm-2026-09-19-High-Point-Gardner-Webb,2026-09-19,High Point,Gardner-Webb,false,false,,,away,scheduled,,,,2026-09-19-Gardner-Webb-High-Point,regular
sidearm-2026-09-19-Longwood-UNC-Asheville,2026-09-19,Longwood,UNC Asheville,false,false,,,away,scheduled,,,,2026-09-19-Longwood-UNC-Asheville,regular
sidearm-2026-09-19-Presbyterian-USC-Upstate,2026-09-19,Presbyterian,USC Upstate,false,false,,,away,scheduled,,,,2026-09-19-Presbyterian-USC-Upstate,regular
sidearm-2026-09-19-Radford-Winthrop,2026-09-19,Radford,Winthrop,false,false,,,home,scheduled,,,,2026-09-19-Radford-Winthrop,regular
wmt-2026-09-19-Northwestern-UIC,2026-09-19,UIC,Northwestern,false,false,,,away,scheduled,https://nusports.com/sports/mens-soccer/schedule,,,2026-09-19-Northwestern-UIC,regular
sidearm-2026-09-19-Campbell-UNCW,2026-09-19,Campbell,UNC Wilmington,false,false,,,home,scheduled,,,,2026-09-19-Campbell-UNC-Wilmington,regular
sidearm-2026-09-19-Elon-Charleston,2026-09-19,Elon,Charleston,false,false,,,away,scheduled,,,,2026-09-19-Charleston-Elon,regular
sidearm-2026-09-19-Drexel-Stony-Brook,2026-09-19,Drexel,Stony Brook,false,false,,,home,scheduled,,,,2026-09-19-Drexel-Stony-Brook,regular
sidearm-2026-09-19-Monmouth-Northeastern,2026-09-19,Monmouth,Northeastern,false,false,,,away,scheduled,,,,2026-09-19-Monmouth-Northeastern,regular
sidearm-2026-09-19-Cleveland-State-Green-Bay,2026-09-19,Cleveland State,Green Bay,false,false,,,home,scheduled,,,,2026-09-19-Cleveland-State-Green-Bay,regular
sidearm-2026-09-19-IU-Indy-Northern-Kentucky,2026-09-19,IU Indy,Northern Kentucky,false,false,,,home,scheduled,,,,2026-09-19-IU-Indy-Northern-Kentucky,regular
sidearm-2026-09-19-Milwaukee-Northern-Illinois,2026-09-19,Milwaukee,Northern Illinois,false,false,,,away,scheduled,,,,2026-09-19-Milwaukee-Northern-Illinois,regular
sidearm-2026-09-19-Oakland-Robert-Morris-University,2026-09-19,Oakland,Robert Morris,false,false,,,away,scheduled,,,,2026-09-19-Oakland-Robert-Morris,regular
sidearm-2026-09-19-Purdue-Fort-Wayne-Wright-State,2026-09-19,Purdue Fort Wayne,Wright State,false,false,,,home,scheduled,,,,2026-09-19-Purdue-Fort-Wayne-Wright-State,regular
sidearm-2026-09-19-Cornell-Western-Michigan-University,2026-09-19,Cornell,Western Michigan,false,false,,,away,scheduled,,,,2026-09-19-Cornell-Western-Michigan,regular
sidearm-2026-09-19-Penn-FDU,2026-09-19,Penn,FDU,false,false,,,away,scheduled,,,,2026-09-19-FDU-Penn,regular
sidearm-2026-09-19-Yale-University-of-Massachusetts,2026-09-19,Yale,University of Massachusetts,false,false,,,unknown,scheduled,,,,2026-09-19-University-of-Massachusetts-Yale,regular
sidearm-2026-09-19-Canisius-Iona,2026-09-19,Canisius,Iona,false,false,,,away,scheduled,,,,2026-09-19-Canisius-Iona,regular
sidearm-2026-09-19-Fairfield-Siena,2026-09-19,Fairfield,Siena,false,false,,,home,scheduled,,https://sienasaints.com/boxscore.aspx?id=18807,,2026-09-19-Fairfield-Siena,regular
sidearm-2026-09-19-Marist-Mount-St.-Mary's-(Md.),2026-09-19,Marist,Mount St. Mary's,false,false,,,home,scheduled,,,,2026-09-19-Marist-Mount-St.-Mary's,regular
sidearm-2026-09-19-Merrimack-College-Sacred-Heart-University,2026-09-19,Merrimack College,Sacred Heart,false,false,,,home,scheduled,,,,2026-09-19-Merrimack-College-Sacred-Heart,regular
sidearm-2026-09-19-Rider-Quinnipiac,2026-09-19,Rider University,Quinnipiac,false,false,,,away,scheduled,,,,2026-09-19-Quinnipiac-Rider-University,regular
sidearm-2026-09-19-Saint-Peter's-Niagara,2026-09-19,Saint Peter's,Niagara,false,false,,,home,scheduled,,,,2026-09-19-Niagara-Saint-Peter's,regular
sidearm-2026-09-19-UC-Davis-Saint-Mary's,2026-09-19,UC Davis,Saint Mary's,false,false,,,away,scheduled,,,,2026-09-19-Saint-Mary's-UC-Davis,regular
sidearm-2026-09-19-Chicago-State-Bradley-University,2026-09-19,Chicago State,Bradley University,false,false,,,away,scheduled,,,,2026-09-19-Bradley-University-Chicago-State,regular
sidearm-2026-09-19-Howard-VMI,2026-09-19,Howard,VMI,false,false,,,home,scheduled,,,,2026-09-19-Howard-VMI,regular
sidearm-2026-09-19-Mercyhurst-Bowling-Green,2026-09-19,Mercyhurst,Bowling Green,false,false,,,home,scheduled,,,,2026-09-19-Bowling-Green-Mercyhurst,regular
sidearm-2026-09-19-Houston-Christian-Oral-Roberts,2026-09-19,Houston Christian,Oral Roberts,false,false,,,away,scheduled,,,,2026-09-19-Houston-Christian-Oral-Roberts,regular
sidearm-2026-09-19-American-Loyola-Maryland,2026-09-19,American,Loyola Maryland,false,false,,,unknown,scheduled,,,,2026-09-19-American-Loyola-Maryland,regular
sidearm-2026-09-19-Lehigh-Army,2026-09-19,Lehigh,Army,false,false,,,away,scheduled,,,,2026-09-19-Army-Lehigh,regular
sidearm-2026-09-19-Navy-Boston-University,2026-09-19,Navy,Boston University,false,false,,,away,scheduled,,,,2026-09-19-Boston-University-Navy,regular
sidearm-2026-09-19-Bucknell-Colgate-,2026-09-19,Bucknell,Colgate,false,false,,,home,scheduled,,,,2026-09-19-Bucknell-Colgate,regular
sidearm-2026-09-19-Lafayette-Holy-Cross,2026-09-19,Lafayette,Holy Cross,false,false,,,home,scheduled,,,,2026-09-19-Holy-Cross-Lafayette,regular
sidearm-2026-09-19-Loyola-University-Maryland-American,2026-09-19,Loyola University Maryland,American,false,false,,,away,scheduled,,,,2026-09-19-American-Loyola-University-Maryland,regular
sidearm-2026-09-19-ETSU-Wofford,2026-09-19,ETSU,Wofford,false,false,,,away,scheduled,,,,2026-09-19-ETSU-Wofford,regular
sidearm-2026-09-19-Furman-Mercer,2026-09-19,Furman,Mercer,false,false,,,away,scheduled,,,,2026-09-19-Furman-Mercer,regular
sidearm-2026-09-19-UNCG-Liberty,2026-09-19,UNC Greensboro,Liberty,false,false,,,away,scheduled,,,,2026-09-19-Liberty-UNC-Greensboro,regular
sidearm-2026-09-19-Yale-University-UMass,2026-09-19,Yale,UMass,false,false,,,away,scheduled,,,,2026-09-19-UMass-Yale,regular
sidearm-2026-09-20-California-Pittsburgh,2026-09-20,California,Pittsburgh,false,false,,,home,scheduled,,,,2026-09-20-California-Pittsburgh,regular
wmt-2026-09-20-Notre-Dame-Stanford,2026-09-20,Stanford,Notre Dame,false,false,,,away,scheduled,https://fightingirish.com/sports/msoc/schedule,,,2026-09-20-Notre-Dame-Stanford,regular
sidearm-2026-09-20-Charlotte-UAB,2026-09-20,Charlotte,UAB,false,false,,,home,scheduled,,,,2026-09-20-Charlotte-UAB,regular
sidearm-2026-09-20-Memphis-FAU,2026-09-20,Memphis,FAU,false,false,,,away,scheduled,,,,2026-09-20-FAU-Memphis,regular
sidearm-2026-09-20-Temple-University-Missouri-State,2026-09-20,Temple University,Missouri State,false,false,,,away,scheduled,,,,2026-09-20-Missouri-State-Temple-University,regular
sidearm-2026-09-20-South-Florida-Tulsa,2026-09-20,South Florida,Tulsa,false,false,,,home,scheduled,,,,2026-09-20-South-Florida-Tulsa,regular
sidearm-2026-09-20-Cal-State-Fullerton-San-Jose-State,2026-09-20,Cal State Fullerton,San Jose State,false,false,,,home,scheduled,https://sjsuspartans.com/sports/mens-soccer/schedule,,,2026-09-20-Cal-State-Fullerton-San-Jose-State,regular
sidearm-2026-09-20-UC-San-Diego-UC-Irvine,2026-09-20,UC San Diego,UC Irvine,false,false,,,away,scheduled,,,,2026-09-20-UC-Irvine-UC-San-Diego,regular
sidearm-2026-09-20-UC-Santa-Barbara-Oregon-State,2026-09-20,UC Santa Barbara,Oregon State,false,false,,,home,scheduled,,,,2026-09-20-Oregon-State-UC-Santa-Barbara,regular
sidearm-2026-09-20-UNLV-Gonzaga,2026-09-20,UNLV,Gonzaga,false,false,,,home,scheduled,,,,2026-09-20-Gonzaga-UNLV,regular
sidearm-2026-09-20-CSUN-Grand-Canyon,2026-09-20,CSUN,Grand Canyon,false,false,,,away,scheduled,,,,2026-09-20-CSUN-Grand-Canyon,regular
sidearm-2026-09-20-Lindenwood-Seattle-University,2026-09-20,Lindenwood,Seattle,false,false,,,away,scheduled,https://goseattleu.com/sports/mens-soccer/schedule,,,2026-09-20-Lindenwood-Seattle,regular
sidearm-2026-09-20-California-Baptist-University-of-the-Pacific,2026-09-20,California Baptist,Pacific,false,false,,,home,scheduled,,,,2026-09-20-California-Baptist-Pacific,regular
wmt-2026-09-20-San-Diego-State-Santa-Clara,2026-09-20,Santa Clara,San Diego State,false,false,,,away,scheduled,https://goaztecs.com/sports/mens-soccer/schedule,,,2026-09-20-San-Diego-State-Santa-Clara,regular
sidearm-2026-09-20-Kansas-City-No.-2-San-Diego,2026-09-20,Kansas City,San Diego,false,true,,,home,scheduled,,,,2026-09-20-Kansas-City-San-Diego,regular
sidearm-2026-09-20-Pacific-Cal-Baptist,2026-09-20,Pacific,Cal Baptist,false,false,,,away,scheduled,,,,2026-09-20-Cal-Baptist-Pacific,regular
sidearm-2026-09-20-CSU-Bakersfield-San-Francisco,2026-09-20,CSU Bakersfield,San Francisco,false,false,,,away,scheduled,,,,2026-09-20-CSU-Bakersfield-San-Francisco,regular
sidearm-2026-09-21-Louisville-Belmont-University,2026-09-21,Louisville,Belmont University,false,false,,,home,scheduled,,,,2026-09-21-Belmont-University-Louisville,regular
sidearm-2026-09-21-Georgetown-Evansville,2026-09-21,Georgetown,University of Evansville,false,false,,,home,scheduled,,,,2026-09-21-Georgetown-University-of-Evansville,regular
sidearm-2026-09-21-Ohio-State-University-of-Washington,2026-09-21,Ohio State,Washington,false,false,,,home,scheduled,,,,2026-09-21-Ohio-State-Washington,regular
sidearm-2026-09-21-Utah-Valley-Utah-Tech,2026-09-21,Utah Valley,Utah Tech,false,false,,,away,scheduled,,,,2026-09-21-Utah-Tech-Utah-Valley,regular
sidearm-2026-09-22-Duke-Howard,2026-09-22,Duke,Howard,false,false,,,home,scheduled,,,,2026-09-22-Duke-Howard,regular
wmt-2026-09-22-Queens-Virginia-Tech,2026-09-22,Virginia Tech,Queens,false,false,,,home,scheduled,https://hokiesports.com/sports/mens-soccer/schedule,,,2026-09-22-Queens-Virginia-Tech,regular
sidearm-2026-09-22-Binghamton-Cornell-University,2026-09-22,Binghamton,Cornell,false,false,,,away,scheduled,,https://bubearcats.com/boxscore.aspx?id=15684,,2026-09-22-Binghamton-Cornell,regular
sidearm-2026-09-22-UMBC-Navy,2026-09-22,UMBC,Navy,false,false,,,home,scheduled,,,,2026-09-22-Navy-UMBC,regular
sidearm-2026-09-22-Lipscomb-Kentucky,2026-09-22,Lipscomb,Kentucky,false,false,,,home,scheduled,https://ukathletics.com/sports/msoc/schedule/2026,,,2026-09-22-Kentucky-Lipscomb,regular
sidearm-2026-09-22-North-Florida-Trinity-College-of-Jacksonville,2026-09-22,North Florida,Trinity College of Jacksonville,false,false,,,home,scheduled,,,,2026-09-22-North-Florida-Trinity-College-of-Jacksonville,regular
sidearm-2026-09-22-Stetson-UCF,2026-09-22,Stetson,UCF,false,false,,,home,scheduled,https://ucfknights.com/sports/mens-soccer/schedule,,,2026-09-22-Stetson-UCF,regular
sidearm-2026-09-22-Davidson-College-Elon,2026-09-22,Davidson College,Elon,false,false,,,home,scheduled,,,,2026-09-22-Davidson-College-Elon,regular
sidearm-2026-09-22-Dayton-Northern-Kentucky,2026-09-22,Dayton,Northern Kentucky,false,false,,,home,scheduled,,,,2026-09-22-Dayton-Northern-Kentucky,regular
sidearm-2026-09-22-Duquesne-West-Virginia,2026-09-22,Duquesne,West Virginia,false,false,,,away,scheduled,,,,2026-09-22-Duquesne-West-Virginia,regular
sidearm-2026-09-22-Delaware-George-Washington,2026-09-22,Delaware,George Washington,false,false,,,away,scheduled,,,,2026-09-22-Delaware-George-Washington,regular
sidearm-2026-09-22-Rhode-Island-Stony-Brook,2026-09-22,Rhode Island,Stony Brook,false,false,,,home,scheduled,,,,2026-09-22-Rhode-Island-Stony-Brook,regular
sidearm-2026-09-22-St.-Bonaventure-Cleveland-State,2026-09-22,St. Bonaventure,Cleveland State,false,false,,,home,scheduled,,,,2026-09-22-Cleveland-State-St.-Bonaventure,regular
sidearm-2026-09-22-Saint-Joseph's-Bucknell,2026-09-22,Saint Joseph's,Bucknell,false,false,,,away,scheduled,,,,2026-09-22-Bucknell-Saint-Joseph's,regular
sidearm-2026-09-22-Akron-Robert-Morris,2026-09-22,Akron,Robert Morris,false,false,,,home,scheduled,,,,2026-09-22-Akron-Robert-Morris,regular
sidearm-2026-09-22-Denver-Creighton,2026-09-22,Denver,Creighton,false,false,,,away,scheduled,,,,2026-09-22-Creighton-Denver,regular
sidearm-2026-09-22-Marquette-Milwaukee,2026-09-22,Marquette,Milwaukee,false,false,,,home,scheduled,,,,2026-09-22-Marquette-Milwaukee,regular
sidearm-2026-09-22-Providence-Brown-,2026-09-22,Providence,Brown,false,false,,,home,scheduled,,,,2026-09-22-Brown-Providence,regular
sidearm-2026-09-22-UNC-Wilmington-St.-John's,2026-09-22,UNC Wilmington,St. John's,false,false,,,away,scheduled,,,,2026-09-22-St.-John's-UNC-Wilmington,regular
sidearm-2026-09-22-Princeton-Seton-Hall,2026-09-22,Princeton,Seton Hall,false,false,,,away,scheduled,,,,2026-09-22-Princeton-Seton-Hall,regular
sidearm-2026-09-22-UConn-Siena-,2026-09-22,UConn,Siena,false,false,,,home,scheduled,,https://sienasaints.com/boxscore.aspx?id=18807,,2026-09-22-Siena-UConn,regular
sidearm-2026-09-22-Villanova-Drexel-University,2026-09-22,Villanova,Drexel,false,false,,,home,scheduled,,,,2026-09-22-Drexel-Villanova,regular
sidearm-2026-09-22-Xavier-Wright-State,2026-09-22,Xavier,Wright State,false,false,,,home,scheduled,,,,2026-09-22-Wright-State-Xavier,regular
sidearm-2026-09-22-Presbyterian-ETSU,2026-09-22,Presbyterian,ETSU,false,false,,,home,scheduled,,,,2026-09-22-ETSU-Presbyterian,regular
sidearm-2026-09-22-Winthrop-Campbell,2026-09-22,Winthrop,Campbell,false,false,,,away,scheduled,,,,2026-09-22-Campbell-Winthrop,regular
sidearm-2026-09-22-Wisconsin-Indiana,2026-09-22,Wisconsin,Indiana,false,false,,,away,scheduled,,,,2026-09-22-Indiana-Wisconsin,regular
sidearm-2026-09-22-Hofstra-Loyola-Maryland,2026-09-22,Hofstra,Loyola Maryland,false,false,,,away,scheduled,,,,2026-09-22-Hofstra-Loyola-Maryland,regular
sidearm-2026-09-22-Monmouth-Rutgers-Newark,2026-09-22,Monmouth,Rutgers-Newark,false,false,,,home,scheduled,,,,2026-09-22-Monmouth-Rutgers-Newark,regular
sidearm-2026-09-22-William-&-Mary-Old-Dominion,2026-09-22,William & Mary,Old Dominion,false,false,,,away,scheduled,https://odusports.com/sports/mens-soccer/schedule,,,2026-09-22-Old-Dominion-William-&-Mary,regular
sidearm-2026-09-22-IU-Indy-Western-Illinois,2026-09-22,IU Indy,Western Illinois,false,false,,,home,scheduled,,,,2026-09-22-IU-Indy-Western-Illinois,regular
sidearm-2026-09-22-Columbia-University-Lehigh,2026-09-22,Columbia University,Lehigh,false,false,,,home,scheduled,,,,2026-09-22-Columbia-University-Lehigh,regular
sidearm-2026-09-22-Harvard-Boston-University,2026-09-22,Harvard,Boston University,false,false,,,away,scheduled,,,,2026-09-22-Boston-University-Harvard,regular
sidearm-2026-09-22-Yale-University-of-New-Haven,2026-09-22,Yale,New Haven,false,false,,,away,scheduled,,,,2026-09-22-New-Haven-Yale,regular
sidearm-2026-09-22-Eastern-Illinois-Marshall,2026-09-22,Eastern Illinois,Marshall,false,false,,,away,scheduled,,,,2026-09-22-Eastern-Illinois-Marshall,regular
sidearm-2026-09-22-Loyola-University-Maryland-Hofstra,2026-09-22,Loyola University Maryland,Hofstra,false,false,,,home,scheduled,,,,2026-09-22-Hofstra-Loyola-University-Maryland,regular
sidearm-2026-09-22-James-Madison-Liberty,2026-09-22,James Madison,Liberty,false,false,,,away,scheduled,,,,2026-09-22-James-Madison-Liberty,regular
sidearm-2026-09-22-Wofford-Coastal-Carolina-University,2026-09-22,Wofford,Coastal Carolina,false,false,,,home,scheduled,,,,2026-09-22-Coastal-Carolina-Wofford,regular
sidearm-2026-09-23-UAB-Gardner-Webb,2026-09-23,UAB,Gardner-Webb,false,false,,,home,scheduled,,,,2026-09-23-Gardner-Webb-UAB,regular
sidearm-2026-09-23-Radford-VMI,2026-09-23,Radford,VMI,false,false,,,home,scheduled,,,,2026-09-23-Radford-VMI,regular
sidearm-2026-09-23-Georgia-State--UNC-Asheville,2026-09-23,Georgia State,UNC Asheville,false,false,,,away,scheduled,,,,2026-09-23-Georgia-State-UNC-Asheville,regular
sidearm-2026-09-23-Cal-State-Fullerton-UC-San-Diego,2026-09-23,Cal State Fullerton,UC San Diego,false,false,,,away,scheduled,,,,2026-09-23-Cal-State-Fullerton-UC-San-Diego,regular
sidearm-2026-09-23-Sacramento-State-UC-Riverside,2026-09-23,Sacramento State,UC Riverside,false,false,,,home,scheduled,,,,2026-09-23-Sacramento-State-UC-Riverside,regular
sidearm-2026-09-23-Stonehill-College-Holy-Cross,2026-09-23,Stonehill College,Holy Cross,false,false,,,away,scheduled,,,,2026-09-23-Holy-Cross-Stonehill-College,regular
sidearm-2026-09-23-Oregon-State-Seattle-U,2026-09-23,Oregon State,Seattle,false,false,,,home,scheduled,https://goseattleu.com/sports/mens-soccer/schedule,,,2026-09-23-Oregon-State-Seattle,regular
sidearm-2026-09-23-UMass-FDU,2026-09-23,UMass,FDU,false,false,,,home,scheduled,,,,2026-09-23-FDU-UMass,regular
sidearm-2026-09-24-UC-Irvine-California-Baptist,2026-09-24,UC Irvine,California Baptist,false,false,,,home,scheduled,,,,2026-09-24-California-Baptist-UC-Irvine,regular
sidearm-2026-09-25-Clemson-Boston-College,2026-09-25,Clemson,Boston College,false,false,,,away,scheduled,https://clemsontigers.com/sports/mens-soccer/schedule,,,2026-09-25-Boston-College-Clemson,regular
sidearm-2026-09-25-Pacific-California,2026-09-25,Pacific,California,false,false,,,away,scheduled,,,,2026-09-25-California-Pacific,regular
sidearm-2026-09-25-Duke-Elon,2026-09-25,Duke,Elon,false,false,,,home,scheduled,,,,2026-09-25-Duke-Elon,regular
sidearm-2026-09-25-University-of-Pittsburgh-Louisville,2026-09-25,Pittsburgh,Louisville,false,false,,,away,scheduled,,,,2026-09-25-Louisville-Pittsburgh,regular
sidearm-2026-09-25-NC-State-Wake-Forest,2026-09-25,NC State,Wake Forest,false,false,,,home,scheduled,,,,2026-09-25-NC-State-Wake-Forest,regular
wmt-2026-09-25-Notre-Dame-Syracuse,2026-09-25,Notre Dame,Syracuse,false,false,,,home,scheduled,https://fightingirish.com/sports/msoc/schedule,,,2026-09-25-Notre-Dame-Syracuse,regular
wmt-2026-09-25-Stanford-Virginia,2026-09-25,Stanford,Virginia,false,false,,,home,scheduled,https://gostanford.com/sports/mens-soccer/schedule,https://static.virginiasports.com/custompages/sports/m-soccer/stats/2026-2027/VA092526.PDF,,2026-09-25-Stanford-Virginia,regular
sidearm-2026-09-25-FIU-Memphis,2026-09-25,FIU,Memphis,false,false,,,home,scheduled,,,,2026-09-25-FIU-Memphis,regular
sidearm-2026-09-25-Missouri-State-South-Florida,2026-09-25,Missouri State,South Florida,false,false,,,home,scheduled,,,,2026-09-25-Missouri-State-South-Florida,regular
sidearm-2026-09-25-George-Mason-Ohio-State-University,2026-09-25,George Mason,Ohio State,false,false,,,home,scheduled,https://gomason.com,,,2026-09-25-George-Mason-Ohio-State,regular
sidearm-2026-09-25-Akron-Georgetown,2026-09-25,Akron,Georgetown,false,false,,,home,scheduled,,,,2026-09-25-Akron-Georgetown,regular
sidearm-2026-09-25-Indiana-Penn-State,2026-09-25,Indiana,Penn State,true,false,,,home,scheduled,https://gopsusports.com/sports/mens-soccer/schedule,,,2026-09-25-Indiana-Penn-State,regular
sidearm-2026-09-25-Maryland-#17-UCLA,2026-09-25,Maryland,UCLA,false,true,,,home,scheduled,https://uclabruins.com/sports/mens-soccer/schedule,,,2026-09-25-Maryland-UCLA,regular
sidearm-2026-09-25-Northwestern-Michigan,2026-09-25,Northwestern,Michigan,false,false,,,away,scheduled,https://nusports.com/sports/mens-soccer/schedule,,,2026-09-25-Michigan-Northwestern,regular
sidearm-2026-09-25-Michigan-State-Wisconsin,2026-09-25,Michigan State,Wisconsin,false,false,,,home,scheduled,,,,2026-09-25-Michigan-State-Wisconsin,regular
sidearm-2026-09-25-Washington-Rutgers,2026-09-25,Washington,Rutgers,false,false,,,away,scheduled,,,,2026-09-25-Rutgers-Washington,regular
sidearm-2026-09-25-UC-Santa-Barbara-Cal-Poly,2026-09-25,UC Santa Barbara,Cal Poly,false,false,,,away,scheduled,,,,2026-09-25-Cal-Poly-UC-Santa-Barbara,regular
sidearm-2026-09-25-Belmont-University-University-of-St.-Thomas,2026-09-25,Belmont University,St. Thomas,false,false,,,home,scheduled,,,,2026-09-25-Belmont-University-St.-Thomas,regular
sidearm-2026-09-25-UIC-Bradley,2026-09-25,UIC,Bradley,false,false,,,home,scheduled,,,,2026-09-25-Bradley-UIC,regular
sidearm-2026-09-25-Western-Michigan-Bowling-Green,2026-09-25,Western Michigan,Bowling Green,false,false,,,away,scheduled,,,,2026-09-25-Bowling-Green-Western-Michigan,regular
sidearm-2026-09-25-High-Point-Guilford,2026-09-25,High Point,Guilford,false,false,,,home,scheduled,,,,2026-09-25-Guilford-High-Point,regular
sidearm-2026-09-26-North-Carolina-Lipscomb,2026-09-26,North Carolina,Lipscomb,false,false,,,home,scheduled,,,,2026-09-26-Lipscomb-North-Carolina,regular
sidearm-2026-09-26-Binghamton-New-Jersey-Institute-of-Technology,2026-09-26,Binghamton,New Jersey Institute of Technology,false,false,,,away,scheduled,,https://bubearcats.com/boxscore.aspx?id=15684,,2026-09-26-Binghamton-New-Jersey-Institute-of-Technology,regular
sidearm-2026-09-26-Bryant-University-of-Vermont,2026-09-26,Bryant,Vermont,false,false,,,away,scheduled,,,,2026-09-26-Bryant-Vermont,regular
sidearm-2026-09-26-UAlbany-New-Hampshire,2026-09-26,UAlbany,New Hampshire,false,false,,,away,scheduled,,,,2026-09-26-New-Hampshire-UAlbany,regular
sidearm-2026-09-26-NJIT-Binghamton,2026-09-26,NJIT,Binghamton,false,false,,,home,scheduled,,,,2026-09-26-Binghamton-NJIT,regular
sidearm-2026-09-26-UMBC-UMass-Lowell,2026-09-26,UMBC,UMass Lowell,false,false,,,away,scheduled,,,,2026-09-26-UMBC-UMass-Lowell,regular
sidearm-2026-09-26-Temple-Charlotte,2026-09-26,Temple University,Charlotte,false,false,,,away,scheduled,,,,2026-09-26-Charlotte-Temple-University,regular
sidearm-2026-09-26-Tulsa-FAU,2026-09-26,Tulsa,FAU,false,false,,,away,scheduled,,,,2026-09-26-FAU-Tulsa,regular
sidearm-2026-09-26-FIU-Memphis,2026-09-26,FIU,Memphis,false,false,,,away,scheduled,,,,2026-09-26-FIU-Memphis,regular
sidearm-2026-09-26-Missouri-State-South-Florida,2026-09-26,Missouri State,South Florida,false,false,,,away,scheduled,,,,2026-09-26-Missouri-State-South-Florida,regular
sidearm-2026-09-26-Bellarmine-University-of-West-Florida,2026-09-26,Bellarmine,University of West Florida,false,false,,,away,scheduled,,,,2026-09-26-Bellarmine-University-of-West-Florida,regular
sidearm-2026-09-26-Central-Arkansas-Jacksonville,2026-09-26,Central Arkansas,Jacksonville,false,false,,,home,scheduled,,,,2026-09-26-Central-Arkansas-Jacksonville,regular
sidearm-2026-09-26-FGCU-Queens,2026-09-26,FGCU,Queens,false,false,,,away,scheduled,,,,2026-09-26-FGCU-Queens,regular
sidearm-2026-09-26-North-Florida-Stetson,2026-09-26,North Florida,Stetson,false,false,,,home,scheduled,,,,2026-09-26-North-Florida-Stetson,regular
sidearm-2026-09-26-Davidson-College-St.-Bonaventure,2026-09-26,Davidson College,St. Bonaventure,false,false,,,home,scheduled,,,,2026-09-26-Davidson-College-St.-Bonaventure,regular
sidearm-2026-09-26-Dayton-La-Salle,2026-09-26,Dayton,La Salle,false,false,,,away,scheduled,,,,2026-09-26-Dayton-La-Salle,regular
sidearm-2026-09-26-Duquesne-Saint-Louis,2026-09-26,Duquesne,Saint Louis,false,false,,,away,scheduled,,,,2026-09-26-Duquesne-Saint-Louis,regular
sidearm-2026-09-26-Fordham-Virginia-Commonwealth-University,2026-09-26,Fordham,VCU,false,false,,,away,scheduled,,,,2026-09-26-Fordham-VCU,regular
sidearm-2026-09-26-Loyola-Chicago-George-Washington,2026-09-26,Loyola Chicago,George Washington,false,false,,,away,scheduled,,,,2026-09-26-George-Washington-Loyola-Chicago,regular
sidearm-2026-09-26-Rhode-Island-Saint-Joseph's,2026-09-26,Rhode Island,Saint Joseph's,false,false,,,away,scheduled,,,,2026-09-26-Rhode-Island-Saint-Joseph's,regular
sidearm-2026-09-26-Butler-Providence,2026-09-26,Butler,Providence,false,false,,,away,scheduled,,,,2026-09-26-Butler-Providence,regular
sidearm-2026-09-26-Marquette-Creighton,2026-09-26,Marquette,Creighton,false,false,,,away,scheduled,,,,2026-09-26-Creighton-Marquette,regular
sidearm-2026-09-26-Seton-Hall-DePaul,2026-09-26,Seton Hall,DePaul,false,false,,,away,scheduled,,,,2026-09-26-DePaul-Seton-Hall,regular
sidearm-2026-09-26-St.-John's-UConn,2026-09-26,St. John's,UConn,false,false,,,home,scheduled,,,,2026-09-26-St.-John's-UConn,regular
sidearm-2026-09-26-Villanova-Xavier-University,2026-09-26,Villanova,Xavier,false,false,,,away,scheduled,,,,2026-09-26-Villanova-Xavier,regular
sidearm-2026-09-26-Gardner-Webb-Radford,2026-09-26,Gardner-Webb,Radford,false,false,,,home,scheduled,,,,2026-09-26-Gardner-Webb-Radford,regular
sidearm-2026-09-26-Longwood-USC-Upstate,2026-09-26,Longwood,USC Upstate,false,false,,,home,scheduled,,,,2026-09-26-Longwood-USC-Upstate,regular
sidearm-2026-09-26-Cal-State-Fullerton-San-Diego-State,2026-09-26,Cal State Fullerton,San Diego State,false,false,,,away,scheduled,https://goaztecs.com/sports/mens-soccer/schedule,,,2026-09-26-Cal-State-Fullerton-San-Diego-State,regular
sidearm-2026-09-26-Campbell-William-&-Mary,2026-09-26,Campbell,William & Mary,false,false,,,away,scheduled,,,,2026-09-26-Campbell-William-&-Mary,regular
sidearm-2026-09-26-Hofstra-Northeastern,2026-09-26,Hofstra,Northeastern,false,false,,,home,scheduled,,,,2026-09-26-Hofstra-Northeastern,regular
sidearm-2026-09-26-Monmouth-Stony-Brook,2026-09-26,Monmouth,Stony Brook,false,false,,,away,scheduled,,,,2026-09-26-Monmouth-Stony-Brook,regular
sidearm-2026-09-26-Cleveland-State-Milwaukee,2026-09-26,Cleveland State,Milwaukee,false,false,,,away,scheduled,,,,2026-09-26-Cleveland-State-Milwaukee,regular
sidearm-2026-09-26-Detroit-Mercy-Purdue-Fort-Wayne,2026-09-26,Detroit Mercy,Purdue Fort Wayne,false,false,,,home,scheduled,,https://detroittitans.com/boxscore.aspx?id=6717,,2026-09-26-Detroit-Mercy-Purdue-Fort-Wayne,regular
sidearm-2026-09-26-IU-Indy-Oakland,2026-09-26,IU Indy,Oakland,false,false,,,away,scheduled,,,,2026-09-26-IU-Indy-Oakland,regular
sidearm-2026-09-26-Robert-Morris-Green-Bay,2026-09-26,Robert Morris,Green Bay,false,false,,,away,scheduled,,,,2026-09-26-Green-Bay-Robert-Morris,regular
sidearm-2026-09-26-Wright-State-Northern-Illinois,2026-09-26,Wright State,Northern Illinois,false,false,,,home,scheduled,,,,2026-09-26-Northern-Illinois-Wright-State,regular
sidearm-2026-09-26-Columbia-Brown,2026-09-26,Columbia University,Brown,false,false,,,away,scheduled,,,,2026-09-26-Brown-Columbia-University,regular
sidearm-2026-09-26-Cornell-Harvard-University,2026-09-26,Cornell,Harvard,false,false,,,home,scheduled,,,,2026-09-26-Cornell-Harvard,regular
sidearm-2026-09-26-Dartmouth-College-#8-Princeton,2026-09-26,Dartmouth College,Princeton,false,true,,,home,scheduled,,,,2026-09-26-Dartmouth-College-Princeton,regular
sidearm-2026-09-26-Penn-Yale,2026-09-26,Penn,Yale,false,false,,,away,scheduled,,,,2026-09-26-Penn-Yale,regular
sidearm-2026-09-26-Canisius-Rider,2026-09-26,Canisius,Rider University,false,false,,,home,scheduled,,,,2026-09-26-Canisius-Rider-University,regular
sidearm-2026-09-26-Fairfield-Quinnipiac,2026-09-26,Fairfield,Quinnipiac,false,false,,,away,scheduled,,,,2026-09-26-Fairfield-Quinnipiac,regular
sidearm-2026-09-26-Iona-Mount-St.-Mary's,2026-09-26,Iona,Mount St. Mary's,false,false,,,away,scheduled,,,,2026-09-26-Iona-Mount-St.-Mary's,regular
sidearm-2026-09-26-Manhattan-Siena,2026-09-26,Manhattan,Siena,false,false,,,away,scheduled,,https://sienasaints.com/boxscore.aspx?id=18807,,2026-09-26-Manhattan-Siena,regular
sidearm-2026-09-26-Merrimack-College-Niagara-University,2026-09-26,Merrimack College,Niagara,false,false,,,away,scheduled,,,,2026-09-26-Merrimack-College-Niagara,regular
sidearm-2026-09-26-Sacred-Heart-Saint-Peter's,2026-09-26,Sacred Heart,Saint Peter's,false,false,,,home,scheduled,,,,2026-09-26-Sacred-Heart-Saint-Peter's,regular
sidearm-2026-09-26-Drake-Evansville,2026-09-26,Drake,University of Evansville,false,false,,,away,scheduled,,,,2026-09-26-Drake-University-of-Evansville,regular
sidearm-2026-09-26-Air-Force-Utah-Tech,2026-09-26,Air Force,Utah Tech,false,false,,,home,scheduled,,,,2026-09-26-Air-Force-Utah-Tech,regular
wmt-2026-09-26-San-Jose-State-UC-Davis,2026-09-26,San Jose State,UC Davis,false,false,,,home,scheduled,https://sjsuspartans.com/sports/mens-soccer/schedule,,,2026-09-26-San-Jose-State-UC-Davis,regular
sidearm-2026-09-26-UNLV-Grand-Canyon,2026-09-26,UNLV,Grand Canyon,false,false,,,away,scheduled,,,,2026-09-26-Grand-Canyon-UNLV,regular
sidearm-2026-09-26-Eastern-Illinois-Western-Illinois,2026-09-26,Eastern Illinois,Western Illinois,false,false,,,home,scheduled,,,,2026-09-26-Eastern-Illinois-Western-Illinois,regular
sidearm-2026-09-26-Houston-Christian-UIW,2026-09-26,Houston Christian,UIW,false,false,,,home,scheduled,,,,2026-09-26-Houston-Christian-UIW,regular
sidearm-2026-09-26-Lindenwood-The-University-of-Texas-Rio-Grande-Valley,2026-09-26,Lindenwood,The University of Texas Rio Grande Valley,false,false,,,away,scheduled,,,,2026-09-26-Lindenwood-The-University-of-Texas-Rio-Grande-Valley,regular
sidearm-2026-09-26-University-of-Southern-Indiana-SIUE,2026-09-26,University of Southern Indiana,SIUE,false,false,,,home,scheduled,,,,2026-09-26-SIUE-University-of-Southern-Indiana,regular
sidearm-2026-09-26-UTRGV-Lindenwood,2026-09-26,UTRGV,Lindenwood,false,false,,,home,scheduled,,,,2026-09-26-Lindenwood-UTRGV,regular
sidearm-2026-09-26-American-Army,2026-09-26,American,Army,false,false,,,home,scheduled,,,,2026-09-26-American-Army,regular
sidearm-2026-09-26-Lafayette-Colgate,2026-09-26,Lafayette,Colgate,false,false,,,away,scheduled,,,,2026-09-26-Colgate-Lafayette,regular
sidearm-2026-09-26-Lehigh-Navy,2026-09-26,Lehigh,Navy,false,false,,,home,scheduled,,,,2026-09-26-Lehigh-Navy,regular
sidearm-2026-09-26-Loyola-University-Maryland-Holy-Cross,2026-09-26,Loyola University Maryland,Holy Cross,false,false,,,away,scheduled,,,,2026-09-26-Holy-Cross-Loyola-University-Maryland,regular
sidearm-2026-09-26-Furman-Liberty,2026-09-26,Furman,Liberty,false,false,,,home,scheduled,,,,2026-09-26-Furman-Liberty,regular
sidearm-2026-09-26-Mercer-UNC-Greensboro,2026-09-26,Mercer,UNC Greensboro,false,false,,,home,scheduled,,,,2026-09-26-Mercer-UNC-Greensboro,regular
sidearm-2026-09-26-Omaha-Delaware,2026-09-26,Omaha,Delaware,false,false,,,away,scheduled,,,,2026-09-26-Delaware-Omaha,regular
sidearm-2026-09-26-Kansas-City-Oral-Roberts,2026-09-26,Kansas City,Oral Roberts,false,false,,,home,scheduled,,,,2026-09-26-Kansas-City-Oral-Roberts,regular
sidearm-2026-09-26-San-Diego-Denver,2026-09-26,San Diego,Denver,false,false,,,away,scheduled,,,,2026-09-26-Denver-San-Diego,regular
sidearm-2026-09-26-Loyola-Marymount-Portland,2026-09-26,Loyola Marymount,Portland,false,false,,,away,scheduled,,https://portlandpilots.com/boxscore.aspx?id=13253,,2026-09-26-Loyola-Marymount-Portland,regular
sidearm-2026-09-26-Saint-Mary's-San-Francisco,2026-09-26,Saint Mary's,San Francisco,false,false,,,home,scheduled,,,,2026-09-26-Saint-Mary's-San-Francisco,regular
sidearm-2026-09-26-Santa-Clara-Seattle-U,2026-09-26,Santa Clara,Seattle,false,false,,,away,scheduled,https://goseattleu.com/sports/mens-soccer/schedule,,,2026-09-26-Santa-Clara-Seattle,regular
sidearm-2026-09-27-SMU-Virginia-Tech,2026-09-27,SMU,Virginia Tech,false,false,,,away,scheduled,https://hokiesports.com/sports/mens-soccer/schedule,,,2026-09-27-SMU-Virginia-Tech,regular
sidearm-2026-09-27-Presbyterian-UNC-Asheville,2026-09-27,Presbyterian,UNC Asheville,false,false,,,away,scheduled,,,,2026-09-27-Presbyterian-UNC-Asheville,regular
sidearm-2026-09-27-Charleston-UNCW,2026-09-27,Charleston,UNC Wilmington,false,false,,,home,scheduled,,,,2026-09-27-Charleston-UNC-Wilmington,regular
sidearm-2026-09-27-Chicago-State-Stonehill-College,2026-09-27,Chicago State,Stonehill College,false,false,,,away,scheduled,,,,2026-09-27-Chicago-State-Stonehill-College,regular
sidearm-2026-09-27-Howard-Central-Connecticut-State,2026-09-27,Howard,Central Connecticut State,false,false,,,home,scheduled,,,,2026-09-27-Central-Connecticut-State-Howard,regular
sidearm-2026-09-27-Mercyhurst-FDU,2026-09-27,Mercyhurst,FDU,false,false,,,away,scheduled,,,,2026-09-27-FDU-Mercyhurst,regular
sidearm-2026-09-27-Boston-University-Bucknell,2026-09-27,Boston University,Bucknell,false,false,,,home,scheduled,,,,2026-09-27-Boston-University-Bucknell,regular
sidearm-2026-09-27-ETSU-VMI,2026-09-27,ETSU,VMI,false,false,,,home,scheduled,,,,2026-09-27-ETSU-VMI,regular
sidearm-2026-09-27-Georgia-State-Coastal-Carolina,2026-09-27,Georgia State,Coastal Carolina,false,false,,,away,scheduled,,,,2026-09-27-Coastal-Carolina-Georgia-State,regular
sidearm-2026-09-27-Georgia-Southern-Old-Dominion,2026-09-27,Georgia Southern,Old Dominion,false,false,,,home,scheduled,https://odusports.com/sports/mens-soccer/schedule,,,2026-09-27-Georgia-Southern-Old-Dominion,regular
sidearm-2026-09-27-South-Carolina-James-Madison,2026-09-27,South Carolina,James Madison,false,false,,,away,scheduled,https://gamecocksonline.com/sports/msoc/schedule/2026,,,2026-09-27-James-Madison-South-Carolina,regular
wmtwp-2026-09-27-Kentucky-UCF,2026-09-27,UCF,Kentucky,false,false,,,away,scheduled,https://ukathletics.com/sports/msoc/schedule/2026,,,2026-09-27-Kentucky-UCF,regular
sidearm-2026-09-27-Marshall-WVU,2026-09-27,Marshall,WVU,false,false,,,home,scheduled,,,,2026-09-27-Marshall-WVU,regular
sidearm-2026-09-27-Marshall-West-Virginia,2026-09-27,Marshall,West Virginia,false,false,,,away,scheduled,,,,2026-09-27-Marshall-West-Virginia,regular
sidearm-2026-09-27-New-Haven-LIU,2026-09-27,New Haven,LIU,false,false,,,home,scheduled,,,,2026-09-27-LIU-New-Haven,regular
wmt-2026-09-28-Penn-State-UCLA,2026-09-28,Penn State,UCLA,false,true,,,home,scheduled,https://gopsusports.com/sports/mens-soccer/schedule,,,2026-09-28-Penn-State-UCLA,regular
wmt-2026-09-29-Clemson-Wofford,2026-09-29,Clemson,Wofford,false,false,,,home,scheduled,https://clemsontigers.com/sports/mens-soccer/schedule,,,2026-09-29-Clemson-Wofford,regular
wmt-2026-09-29-Notre-Dame-UIC,2026-09-29,UIC,Notre Dame,false,false,,,away,scheduled,https://fightingirish.com/sports/msoc/schedule,,,2026-09-29-Notre-Dame-UIC,regular
sidearm-2026-09-29-Wake-Forest-Loyola-Chicago,2026-09-29,Wake Forest,Loyola Chicago,false,false,,,home,scheduled,,,,2026-09-29-Loyola-Chicago-Wake-Forest,regular
sidearm-2026-09-29-New-Hampshire-Dartmouth,2026-09-29,New Hampshire,Dartmouth College,false,false,,,home,scheduled,,,,2026-09-29-Dartmouth-College-New-Hampshire,regular
sidearm-2026-09-29-NJIT-Drexel,2026-09-29,NJIT,Drexel,false,false,,,home,scheduled,,,,2026-09-29-Drexel-NJIT,regular
sidearm-2026-09-29-Vermont-UMass,2026-09-29,Vermont,UMass,true,false,,,home,scheduled,,,,2026-09-29-UMass-Vermont,regular
sidearm-2026-09-29-FIU-FGCU,2026-09-29,FIU,FGCU,false,false,,,away,scheduled,,,,2026-09-29-FGCU-FIU,regular
sidearm-2026-09-29-Memphis-Jacksonville,2026-09-29,Memphis,Jacksonville,false,false,,,home,scheduled,,,,2026-09-29-Jacksonville-Memphis,regular
sidearm-2026-09-29-Missouri-State-Central-Arkansas,2026-09-29,Missouri State,Central Arkansas,false,false,,,home,scheduled,,,,2026-09-29-Central-Arkansas-Missouri-State,regular
sidearm-2026-09-29-Dayton-Bluffton,2026-09-29,Dayton,Bluffton,false,false,,,home,scheduled,,,,2026-09-29-Bluffton-Dayton,regular
sidearm-2026-09-29-Saint-Louis-Drake,2026-09-29,Saint Louis,Drake,false,false,,,away,scheduled,,,,2026-09-29-Drake-Saint-Louis,regular
sidearm-2026-09-29-Omaha-Creighton,2026-09-29,Omaha,Creighton,false,false,,,away,scheduled,,,,2026-09-29-Creighton-Omaha,regular
sidearm-2026-09-29-Elon--USC-Upstate,2026-09-29,Elon,USC Upstate,false,false,,,away,scheduled,,,,2026-09-29-Elon-USC-Upstate,regular
sidearm-2026-09-29-Winthrop-High-Point,2026-09-29,Winthrop,High Point,false,false,,,home,scheduled,,,,2026-09-29-High-Point-Winthrop,regular
sidearm-2026-09-29-Michigan-Oakland,2026-09-29,Michigan,Oakland,false,false,,,home,scheduled,,,,2026-09-29-Michigan-Oakland,regular
sidearm-2026-09-29-Monmouth-UAlbany,2026-09-29,Monmouth,UAlbany,false,false,,,home,scheduled,,,,2026-09-29-Monmouth-UAlbany,regular
sidearm-2026-09-29-Northeastern-Harvard,2026-09-29,Northeastern,Harvard,false,false,,,home,scheduled,,,,2026-09-29-Harvard-Northeastern,regular
sidearm-2026-09-29-William-&-Mary-American,2026-09-29,William & Mary,American,false,false,,,away,scheduled,,,,2026-09-29-American-William-&-Mary,regular
sidearm-2026-09-29-Detroit-Mercy-Western-Michigan-University,2026-09-29,Detroit Mercy,Western Michigan,false,false,,,home,scheduled,,https://detroittitans.com/boxscore.aspx?id=6717,,2026-09-29-Detroit-Mercy-Western-Michigan,regular
sidearm-2026-09-29-Northern-Kentucky-Bowling-Green,2026-09-29,Northern Kentucky,Bowling Green,false,false,,,home,scheduled,,,,2026-09-29-Bowling-Green-Northern-Kentucky,regular
sidearm-2026-09-29-Delaware-Lehigh,2026-09-29,Delaware,Lehigh,false,false,,,away,scheduled,,,,2026-09-29-Delaware-Lehigh,regular
sidearm-2026-09-30-North-Carolina-West-Florida,2026-09-30,North Carolina,West Florida,false,false,,,home,scheduled,,,,2026-09-30-North-Carolina-West-Florida,regular
sidearm-2026-09-30-Radford-ETSU,2026-09-30,Radford,ETSU,false,false,,,home,scheduled,,,,2026-09-30-ETSU-Radford,regular
sidearm-2026-09-30-Cal-State-Fullerton-UC-Riverside,2026-09-30,Cal State Fullerton,UC Riverside,false,false,,,away,scheduled,,,,2026-09-30-Cal-State-Fullerton-UC-Riverside,regular
sidearm-2026-09-30-Sacramento-State-UC-Santa-Barbara,2026-09-30,Sacramento State,UC Santa Barbara,false,false,,,away,scheduled,,,,2026-09-30-Sacramento-State-UC-Santa-Barbara,regular
sidearm-2026-09-30-Utah-Valley-UC-Irvine,2026-09-30,Utah Valley,UC Irvine,false,false,,,away,scheduled,,,,2026-09-30-UC-Irvine-Utah-Valley,regular
sidearm-2026-09-30-Canisius-Mount-St.-Mary's,2026-09-30,Canisius,Mount St. Mary's,false,false,,,home,scheduled,,,,2026-09-30-Canisius-Mount-St.-Mary's,regular
sidearm-2026-09-30-Fairfield-Saint-Peter's,2026-09-30,Fairfield,Saint Peter's,false,false,,,away,scheduled,,,,2026-09-30-Fairfield-Saint-Peter's,regular
sidearm-2026-09-30-Iona-Rider,2026-09-30,Iona,Rider University,false,false,,,home,scheduled,,,,2026-09-30-Iona-Rider-University,regular
sidearm-2026-09-30-Manhattan-Quinnipiac,2026-09-30,Manhattan,Quinnipiac,false,false,,,home,scheduled,,,,2026-09-30-Manhattan-Quinnipiac,regular
sidearm-2026-09-30-Marist-Sacred-Heart-University,2026-09-30,Marist,Sacred Heart,false,false,,,away,scheduled,,,,2026-09-30-Marist-Sacred-Heart,regular
sidearm-2026-09-30-Siena-Niagara,2026-09-30,Siena,Niagara,false,false,,,away,scheduled,,https://sienasaints.com/boxscore.aspx?id=18807,,2026-09-30-Niagara-Siena,regular
sidearm-2026-09-30-UC-Davis-Air-Force,2026-09-30,UC Davis,Air Force,false,false,,,away,scheduled,,,,2026-09-30-Air-Force-UC-Davis,regular
wmt-2026-09-30-San-Jose-State-UNLV,2026-09-30,UNLV,San Jose State,false,false,,,away,scheduled,https://sjsuspartans.com/sports/mens-soccer/schedule,,,2026-09-30-San-Jose-State-UNLV,regular
sidearm-2026-09-30-Utah-Tech-Grand-Canyon,2026-09-30,Utah Tech,Grand Canyon,false,false,,,home,scheduled,,,,2026-09-30-Grand-Canyon-Utah-Tech,regular
sidearm-2026-09-30-Gonzaga-University-California-Baptist,2026-09-30,Gonzaga,California Baptist,false,false,,,away,scheduled,,,,2026-09-30-California-Baptist-Gonzaga,regular
sidearm-2026-09-30-UC-San-Diego-Cal-Poly,2026-09-30,UC San Diego,Cal Poly,false,false,,,away,scheduled,,,,2026-09-30-Cal-Poly-UC-San-Diego,regular
sidearm-2026-09-30-Oregon-State-San-Diego-State,2026-09-30,Oregon State,San Diego State,false,false,,,home,scheduled,https://goaztecs.com/sports/mens-soccer/schedule,,,2026-09-30-Oregon-State-San-Diego-State,regular
sidearm-2026-09-30-VMI-Eastern-Mennonite,2026-09-30,VMI,Eastern Mennonite,false,false,,,unknown,scheduled,,,,2026-09-30-Eastern-Mennonite-VMI,regular
sidearm-2026-09-30-Loyola-Marymount-San-Diego,2026-09-30,Loyola Marymount,San Diego,false,false,,,home,scheduled,,,,2026-09-30-Loyola-Marymount-San-Diego,regular
sidearm-2026-09-30-Pacific-Seattle,2026-09-30,Pacific,Seattle,false,false,,,home,scheduled,https://goseattleu.com/sports/mens-soccer/schedule,,,2026-09-30-Pacific-Seattle,regular
sidearm-2026-09-30-#3-Portland-Saint-Mary's,2026-09-30,Portland,Saint Mary's,true,false,,,away,scheduled,,https://portlandpilots.com/boxscore.aspx?id=13253,,2026-09-30-Portland-Saint-Mary's,regular
sidearm-2026-09-30-Santa-Clara-San-Francisco,2026-09-30,Santa Clara,San Francisco,false,false,,,away,scheduled,,,,2026-09-30-San-Francisco-Santa-Clara,regular
sidearm-2026-10-01-Chicago-State-Howard-University,2026-10-01,Chicago State,Howard,false,false,,,home,scheduled,,,,2026-10-01-Chicago-State-Howard,regular
sidearm-2026-10-01-Le-Moyne-College-University-of-New-Haven,2026-10-01,Le Moyne College,New Haven,false,false,,,home,scheduled,,,,2026-10-01-Le-Moyne-College-New-Haven,regular
sidearm-2026-10-01-Mercyhurst-LIU,2026-10-01,Mercyhurst,LIU,false,false,,,home,scheduled,,,,2026-10-01-LIU-Mercyhurst,regular
sidearm-2026-10-01-Stonehill-College-Central-Connecticut-State-University,2026-10-01,Stonehill College,Central Connecticut State University,false,false,,,away,scheduled,,,,2026-10-01-Central-Connecticut-State-University-Stonehill-College,regular
sidearm-2026-10-01-Eastern-Illinois-Southern-Indiana,2026-10-01,Eastern Illinois,University of Southern Indiana,false,false,,,away,scheduled,,,,2026-10-01-Eastern-Illinois-University-of-Southern-Indiana,regular
sidearm-2026-10-01-Houston-Christian-UT-Rio-Grande-Valley,2026-10-01,Houston Christian,UT Rio Grande Valley,false,false,,,away,scheduled,,,,2026-10-01-Houston-Christian-UT-Rio-Grande-Valley,regular
sidearm-2026-10-01-Lindenwood-University-of-the-Incarnate-Word,2026-10-01,Lindenwood,University of the Incarnate Word,false,false,,,home,scheduled,,,,2026-10-01-Lindenwood-University-of-the-Incarnate-Word,regular
sidearm-2026-10-01-Western-Illinois-SIUE,2026-10-01,Western Illinois,SIUE,false,false,,,away,scheduled,,,,2026-10-01-SIUE-Western-Illinois,regular
sidearm-2026-10-01-UTRGV-Houston-Christian-University,2026-10-01,UTRGV,Houston Christian,false,false,,,home,scheduled,,,,2026-10-01-Houston-Christian-UTRGV,regular
wmt-2026-10-02-Clemson-UNC-Wilmington,2026-10-02,Clemson,UNC Wilmington,false,false,,,home,scheduled,https://clemsontigers.com/sports/mens-soccer/schedule,,,2026-10-02-Clemson-UNC-Wilmington,regular
sidearm-2026-10-02-Duke-Stanford,2026-10-02,Duke,Stanford,false,false,,,home,scheduled,https://gostanford.com/sports/mens-soccer/schedule,,,2026-10-02-Duke-Stanford,regular
sidearm-2026-10-02-Louisville-NC-State-University,2026-10-02,Louisville,NC State,false,false,,,home,scheduled,,,,2026-10-02-Louisville-NC-State,regular
sidearm-2026-10-02-SMU-Wake-Forest,2026-10-02,SMU,Wake Forest,false,false,,,away,scheduled,,,,2026-10-02-SMU-Wake-Forest,regular
sidearm-2026-10-02-Syracuse-Pittsburgh,2026-10-02,Syracuse,Pittsburgh,false,false,,,home,scheduled,,,,2026-10-02-Pittsburgh-Syracuse,regular
wmt-2026-10-02-Virginia-Virginia-Tech,2026-10-02,Virginia,Virginia Tech,false,false,,,home,scheduled,https://virginiasports.com/sports/msoc/schedule,https://static.virginiasports.com/custompages/sports/m-soccer/stats/2026-2027/VA100226.PDF,,2026-10-02-Virginia-Virginia-Tech,regular
sidearm-2026-10-02-Bryant-UMBC,2026-10-02,Bryant,UMBC,false,false,,,home,scheduled,,,,2026-10-02-Bryant-UMBC,regular
sidearm-2026-10-02-FAU-Temple,2026-10-02,FAU,Temple University,false,false,,,home,scheduled,,,,2026-10-02-FAU-Temple-University,regular
sidearm-2026-10-02-FIU-USF,2026-10-02,FIU,USF,false,false,,,away,scheduled,,,,2026-10-02-FIU-USF,regular
sidearm-2026-10-02-South-Florida-FIU,2026-10-02,South Florida,FIU,false,false,,,home,scheduled,,,,2026-10-02-FIU-South-Florida,regular
sidearm-2026-10-02-UAB-Tulsa,2026-10-02,UAB,Tulsa,false,false,,,away,scheduled,,,,2026-10-02-Tulsa-UAB,regular
sidearm-2026-10-02-DePaul-Akron,2026-10-02,DePaul,Akron,false,false,,,away,scheduled,,,,2026-10-02-Akron-DePaul,regular
sidearm-2026-10-02-Butler-Seton-Hall,2026-10-02,Butler,Seton Hall,false,false,,,home,scheduled,,,,2026-10-02-Butler-Seton-Hall,regular
sidearm-2026-10-02-Creighton-St.-John's,2026-10-02,Creighton,St. John's,false,false,,,home,scheduled,,,,2026-10-02-Creighton-St.-John's,regular
sidearm-2026-10-02-Georgetown-Providence,2026-10-02,Georgetown,Providence,false,false,,,home,scheduled,,,,2026-10-02-Georgetown-Providence,regular
sidearm-2026-10-02-Xavier-Marquette,2026-10-02,Xavier,Marquette,false,false,,,away,scheduled,,,,2026-10-02-Marquette-Xavier,regular
sidearm-2026-10-02-Villanova--UConn,2026-10-02,Villanova,UConn,false,false,,,away,scheduled,,,,2026-10-02-UConn-Villanova,regular
sidearm-2026-10-02-Gardner-Webb-UNC-Asheville,2026-10-02,Gardner-Webb,UNC Asheville,false,false,,,home,scheduled,,,,2026-10-02-Gardner-Webb-UNC-Asheville,regular
sidearm-2026-10-02-Indiana-Maryland,2026-10-02,Indiana,Maryland,true,false,,,home,scheduled,,,,2026-10-02-Indiana-Maryland,regular
wmt-2026-10-02-Northwestern-Rutgers,2026-10-02,Rutgers,Northwestern,false,false,,,away,scheduled,https://nusports.com/sports/mens-soccer/schedule,,,2026-10-02-Northwestern-Rutgers,regular
sidearm-2026-10-02-Penn-State-University-Ohio-State,2026-10-02,Penn State,Ohio State,false,true,,,away,scheduled,https://gopsusports.com/sports/mens-soccer/schedule,,,2026-10-02-Ohio-State-Penn-State,regular
sidearm-2026-10-02-Washington--Wisconsin,2026-10-02,Washington,Wisconsin,false,false,,,home,scheduled,,,,2026-10-02-Washington-Wisconsin,regular
sidearm-2026-10-02-James-Madison-Coastal-Carolina,2026-10-02,James Madison,Coastal Carolina,false,false,,,away,scheduled,,,,2026-10-02-Coastal-Carolina-James-Madison,regular
sidearm-2026-10-02-Georgia-Southern-Georgia-State,2026-10-02,Georgia Southern,Georgia State,false,false,,,home,scheduled,,,,2026-10-02-Georgia-Southern-Georgia-State,regular
wmtwp-2026-10-02-Kentucky-Old-Dominion,2026-10-02,Kentucky,Old Dominion,false,false,,,home,scheduled,https://ukathletics.com/sports/msoc/schedule/2026,,,2026-10-02-Kentucky-Old-Dominion,regular
sidearm-2026-10-03-Boston-College-North-Carolina,2026-10-03,Boston College,North Carolina,false,false,,,home,scheduled,,,,2026-10-03-Boston-College-North-Carolina,regular
sidearm-2026-10-03-Notre-Dame-California,2026-10-03,Notre Dame,California,false,false,,,away,scheduled,https://fightingirish.com/sports/msoc/schedule,,,2026-10-03-California-Notre-Dame,regular
sidearm-2026-10-03-Binghamton-University-of-New-Hampshire,2026-10-03,Binghamton,New Hampshire,false,false,,,away,scheduled,,https://bubearcats.com/boxscore.aspx?id=15684,,2026-10-03-Binghamton-New-Hampshire,regular
sidearm-2026-10-03-NJIT-Vermont,2026-10-03,NJIT,Vermont,false,false,,,away,scheduled,,,,2026-10-03-NJIT-Vermont,regular
sidearm-2026-10-03-UMass-Lowell-UAlbany,2026-10-03,UMass Lowell,UAlbany,false,false,,,home,scheduled,,,,2026-10-03-UAlbany-UMass-Lowell,regular
sidearm-2026-10-03-ETSU-Charlotte,2026-10-03,ETSU,Charlotte,false,false,,,away,scheduled,,,,2026-10-03-Charlotte-ETSU,regular
sidearm-2026-10-03-Memphis-Missouri-State,2026-10-03,Memphis,Missouri State,false,false,,,home,scheduled,,,,2026-10-03-Memphis-Missouri-State,regular
sidearm-2026-10-03-Bellarmine-Florida-Gulf-Coast-University,2026-10-03,Bellarmine,FGCU,false,false,,,away,scheduled,,,,2026-10-03-Bellarmine-FGCU,regular
sidearm-2026-10-03-Central-Arkansas-North-Florida,2026-10-03,Central Arkansas,North Florida,false,false,,,away,scheduled,,,,2026-10-03-Central-Arkansas-North-Florida,regular
sidearm-2026-10-03-Lipscomb-Stetson,2026-10-03,Lipscomb,Stetson,false,false,,,home,scheduled,,,,2026-10-03-Lipscomb-Stetson,regular
sidearm-2026-10-03-Queens-University-of-West-Florida,2026-10-03,Queens,University of West Florida,false,false,,,home,scheduled,,,,2026-10-03-Queens-University-of-West-Florida,regular
sidearm-2026-10-03-Loyola-Chicago-Davidson-College,2026-10-03,Loyola Chicago,Davidson College,false,false,,,away,scheduled,,,,2026-10-03-Davidson-College-Loyola-Chicago,regular
sidearm-2026-10-03-Dayton-VCU,2026-10-03,Dayton,VCU,false,false,,,home,scheduled,,,,2026-10-03-Dayton-VCU,regular
sidearm-2026-10-03-Duquesne-George-Mason,2026-10-03,Duquesne,George Mason,false,false,,,away,scheduled,https://gomason.com,,,2026-10-03-Duquesne-George-Mason,regular
sidearm-2026-10-03-Fordham-St.-Bonaventure-University,2026-10-03,Fordham,St. Bonaventure,false,false,,,away,scheduled,,,,2026-10-03-Fordham-St.-Bonaventure,regular
sidearm-2026-10-03-George-Washington-Rhode-Island,2026-10-03,George Washington,Rhode Island,false,false,,,home,scheduled,,,,2026-10-03-George-Washington-Rhode-Island,regular
sidearm-2026-10-03-Delaware-La-Salle,2026-10-03,Delaware,La Salle,false,false,,,away,scheduled,,,,2026-10-03-Delaware-La-Salle,regular
sidearm-2026-10-03-Saint-Joseph's-Saint-Louis,2026-10-03,Saint Joseph's,Saint Louis,false,false,,,away,scheduled,,,,2026-10-03-Saint-Joseph's-Saint-Louis,regular
sidearm-2026-10-03-Longwood-High-Point,2026-10-03,Longwood,High Point,false,false,,,away,scheduled,,,,2026-10-03-High-Point-Longwood,regular
sidearm-2026-10-03-Presbyterian-Winthrop,2026-10-03,Presbyterian,Winthrop,false,false,,,home,scheduled,,,,2026-10-03-Presbyterian-Winthrop,regular
sidearm-2026-10-03-USC-Upstate-Radford,2026-10-03,USC Upstate,Radford,false,false,,,away,scheduled,,,,2026-10-03-Radford-USC-Upstate,regular
sidearm-2026-10-03-UCLA-Michigan-State,2026-10-03,UCLA,Michigan State,false,false,,,away,scheduled,https://uclabruins.com/sports/mens-soccer/schedule,,,2026-10-03-Michigan-State-UCLA,regular
sidearm-2026-10-03-Cal-State-Fullerton-UC-Irvine,2026-10-03,Cal State Fullerton,UC Irvine,false,false,,,away,scheduled,,,,2026-10-03-Cal-State-Fullerton-UC-Irvine,regular
sidearm-2026-10-03-Sacramento-State-Cal-State-Bakersfield,2026-10-03,Sacramento State,Cal State Bakersfield,false,false,,,home,scheduled,,,,2026-10-03-Cal-State-Bakersfield-Sacramento-State,regular
sidearm-2026-10-03-UC-Santa-Barbara-Utah-Valley,2026-10-03,UC Santa Barbara,Utah Valley,false,false,,,home,scheduled,,,,2026-10-03-UC-Santa-Barbara-Utah-Valley,regular
sidearm-2026-10-03-Campbell-Charleston,2026-10-03,Campbell,Charleston,false,false,,,away,scheduled,,,,2026-10-03-Campbell-Charleston,regular
sidearm-2026-10-03-Northeastern-Drexel,2026-10-03,Northeastern,Drexel,false,false,,,away,scheduled,,,,2026-10-03-Drexel-Northeastern,regular
sidearm-2026-10-03-Hofstra-Stony-Brook,2026-10-03,Hofstra,Stony Brook,false,false,,,unknown,scheduled,,,,2026-10-03-Hofstra-Stony-Brook,regular
sidearm-2026-10-03-William-&-Mary-Elon,2026-10-03,William & Mary,Elon,false,false,,,unknown,scheduled,,,,2026-10-03-Elon-William-&-Mary,regular
sidearm-2026-10-03-Cleveland-State-IU-Indy,2026-10-03,Cleveland State,IU Indy,false,false,,,home,scheduled,,,,2026-10-03-Cleveland-State-IU-Indy,regular
sidearm-2026-10-03-Detroit-Mercy-Green-Bay,2026-10-03,Detroit Mercy,Green Bay,false,false,,,away,scheduled,,https://detroittitans.com/boxscore.aspx?id=6717,,2026-10-03-Detroit-Mercy-Green-Bay,regular
sidearm-2026-10-03-Milwaukee-Robert-Morris,2026-10-03,Milwaukee,Robert Morris,false,false,,,away,scheduled,,,,2026-10-03-Milwaukee-Robert-Morris,regular
sidearm-2026-10-03-Northern-Kentucky-NIU,2026-10-03,Northern Kentucky,NIU,false,false,,,away,scheduled,,,,2026-10-03-NIU-Northern-Kentucky,regular
sidearm-2026-10-03-Oakland-Purdue-Fort-Wayne,2026-10-03,Oakland,Purdue Fort Wayne,false,false,,,away,scheduled,,,,2026-10-03-Oakland-Purdue-Fort-Wayne,regular
sidearm-2026-10-03-Brown-Cornell,2026-10-03,Brown,Cornell,false,false,,,home,scheduled,,,,2026-10-03-Brown-Cornell,regular
sidearm-2026-10-03-Harvard-Columbia-University,2026-10-03,Harvard,Columbia University,false,false,,,away,scheduled,,,,2026-10-03-Columbia-University-Harvard,regular
sidearm-2026-10-03-Penn-Dartmouth-College,2026-10-03,Penn,Dartmouth College,false,false,,,away,scheduled,,,,2026-10-03-Dartmouth-College-Penn,regular
sidearm-2026-10-03-Princeton-Yale,2026-10-03,Princeton,Yale,false,false,,,home,scheduled,,,,2026-10-03-Princeton-Yale,regular
sidearm-2026-10-03-Canisius-Quinnipiac,2026-10-03,Canisius,Quinnipiac,false,false,,,away,scheduled,,,,2026-10-03-Canisius-Quinnipiac,regular
sidearm-2026-10-03-Fairfield-Manhattan,2026-10-03,Fairfield,Manhattan,false,false,,,home,scheduled,,,,2026-10-03-Fairfield-Manhattan,regular
sidearm-2026-10-03-Iona-Marist,2026-10-03,Iona,Marist,false,false,,,away,scheduled,,,,2026-10-03-Iona-Marist,regular
sidearm-2026-10-03-Merrimack-College-Mount-St.-Mary's-(Md.),2026-10-03,Merrimack College,Mount St. Mary's,false,false,,,away,scheduled,,,,2026-10-03-Merrimack-College-Mount-St.-Mary's,regular
sidearm-2026-10-03-Rider-University-Niagara,2026-10-03,Rider University,Niagara,false,false,,,home,scheduled,,,,2026-10-03-Niagara-Rider-University,regular
sidearm-2026-10-03-Saint-Peter's-Siena,2026-10-03,Saint Peter's,Siena,false,false,,,away,scheduled,,https://sienasaints.com/boxscore.aspx?id=18807,,2026-10-03-Saint-Peter's-Siena,regular
sidearm-2026-10-03-Belmont-University-Drake,2026-10-03,Belmont University,Drake,false,false,,,away,scheduled,,,,2026-10-03-Belmont-University-Drake,regular
sidearm-2026-10-03-UIC-Western-Michigan,2026-10-03,UIC,Western Michigan,false,false,,,away,scheduled,,,,2026-10-03-UIC-Western-Michigan,regular
sidearm-2026-10-03-Gonzaga-UC-San-Diego,2026-10-03,Gonzaga,UC San Diego,false,false,,,home,scheduled,,,,2026-10-03-Gonzaga-UC-San-Diego,regular
sidearm-2026-10-03-Oregon-State-UC-Riverside,2026-10-03,Oregon State,UC Riverside,true,false,,,home,scheduled,,,,2026-10-03-Oregon-State-UC-Riverside,regular
wmt-2026-10-03-CSUN-San-Diego-State,2026-10-03,CSUN,San Diego State,false,false,,,away,scheduled,https://goaztecs.com/sports/mens-soccer/schedule,,,2026-10-03-CSUN-San-Diego-State,regular
sidearm-2026-10-03-American-Bucknell,2026-10-03,American,Bucknell,false,false,,,away,scheduled,,,,2026-10-03-American-Bucknell,regular
sidearm-2026-10-03-Army-Lafayette,2026-10-03,Army,Lafayette,false,false,,,home,scheduled,,,,2026-10-03-Army-Lafayette,regular
sidearm-2026-10-03-Loyola-Maryland-Boston-University,2026-10-03,Loyola Maryland,Boston University,false,false,,,away,scheduled,,,,2026-10-03-Boston-University-Loyola-Maryland,regular
sidearm-2026-10-03-Holy-Cross-Lehigh,2026-10-03,Holy Cross,Lehigh,false,false,,,away,scheduled,,,,2026-10-03-Holy-Cross-Lehigh,regular
sidearm-2026-10-03-Loyola-University-Maryland-Boston-University,2026-10-03,Loyola University Maryland,Boston University,false,false,,,home,scheduled,,,,2026-10-03-Boston-University-Loyola-University-Maryland,regular
sidearm-2026-10-03-Navy-Colgate,2026-10-03,Navy,Colgate,false,false,,,home,scheduled,,,,2026-10-03-Colgate-Navy,regular
sidearm-2026-10-03-Furman-UNC-Greensboro,2026-10-03,Furman,UNC Greensboro,false,false,,,unknown,scheduled,,,,2026-10-03-Furman-UNC-Greensboro,regular
sidearm-2026-10-03-Liberty-Mercer,2026-10-03,Liberty,Mercer,false,false,,,home,scheduled,,,,2026-10-03-Liberty-Mercer,regular
sidearm-2026-10-03-VMI-Wofford,2026-10-03,VMI,Wofford,false,false,,,away,scheduled,,,,2026-10-03-VMI-Wofford,regular
sidearm-2026-10-03-St.-Thomas-Kansas-City,2026-10-03,St. Thomas,Kansas City,false,false,,,away,scheduled,,,,2026-10-03-Kansas-City-St.-Thomas,regular
sidearm-2026-10-03-Omaha-Nebraska-Wesleyan,2026-10-03,Omaha,Nebraska Wesleyan,false,false,,,home,scheduled,,,,2026-10-03-Nebraska-Wesleyan-Omaha,regular
sidearm-2026-10-03-Oral-Roberts-Massachusetts,2026-10-03,Oral Roberts,Massachusetts,false,false,,,home,scheduled,,,,2026-10-03-Massachusetts-Oral-Roberts,regular
sidearm-2026-10-03-Oral-Roberts-University-UMass,2026-10-03,Oral Roberts,UMass,false,false,,,away,scheduled,,,,2026-10-03-Oral-Roberts-UMass,regular
sidearm-2026-10-03-UCF-Marshall,2026-10-03,UCF,Marshall,false,true,,,away,scheduled,https://ucfknights.com/sports/mens-soccer/schedule,,,2026-10-03-Marshall-UCF,regular
wmtwp-2026-10-03-South-Carolina-West-Virginia,2026-10-03,West Virginia,South Carolina,false,false,,,away,scheduled,https://gamecocksonline.com/sports/msoc/schedule/2026,,,2026-10-03-South-Carolina-West-Virginia,regular
sidearm-2026-10-03-Denver-LMU,2026-10-03,Denver,Loyola Marymount,false,false,,,home,scheduled,,,,2026-10-03-Denver-Loyola-Marymount,regular
sidearm-2026-10-03-Pacific-Santa-Clara,2026-10-03,Pacific,Santa Clara,false,false,,,home,scheduled,,,,2026-10-03-Pacific-Santa-Clara,regular
sidearm-2026-10-03-Seattle-U-Saint-Mary's,2026-10-03,Seattle,Saint Mary's,false,false,,,away,scheduled,https://goseattleu.com/sports/mens-soccer/schedule,,,2026-10-03-Saint-Mary's-Seattle,regular
sidearm-2026-10-03-San-Diego-San-Francisco,2026-10-03,San Diego,San Francisco,false,false,,,away,scheduled,,,,2026-10-03-San-Diego-San-Francisco,regular
sidearm-2026-10-04-Michigan-Portland,2026-10-04,Michigan,Portland,false,false,,,home,scheduled,,https://portlandpilots.com/boxscore.aspx?id=13253,,2026-10-04-Michigan-Portland,regular
sidearm-2026-10-04-Air-Force-UNLV,2026-10-04,Air Force,UNLV,false,false,,,home,scheduled,,,,2026-10-04-Air-Force-UNLV,regular
wmt-2026-10-04-Grand-Canyon-San-Jose-State,2026-10-04,Grand Canyon,San Jose State,false,false,,,away,scheduled,https://sjsuspartans.com/sports/mens-soccer/schedule,,,2026-10-04-Grand-Canyon-San-Jose-State,regular
sidearm-2026-10-04-UC-Davis-Utah-Tech,2026-10-04,UC Davis,Utah Tech,false,false,,,away,scheduled,,,,2026-10-04-UC-Davis-Utah-Tech,regular
sidearm-2026-10-04-Chicago-State-FDU,2026-10-04,Chicago State,FDU,false,false,,,home,scheduled,,,,2026-10-04-Chicago-State-FDU,regular
sidearm-2026-10-04-Howard-Mercyhurst,2026-10-04,Howard,Mercyhurst,false,false,,,home,scheduled,,,,2026-10-04-Howard-Mercyhurst,regular
sidearm-2026-10-04-Le-Moyne-College-Stonehill-College,2026-10-04,Le Moyne College,Stonehill College,false,false,,,away,scheduled,,,,2026-10-04-Le-Moyne-College-Stonehill-College,regular
sidearm-2026-10-04-Eastern-Illinois-SIUE,2026-10-04,Eastern Illinois,SIUE,false,false,,,home,scheduled,,,,2026-10-04-Eastern-Illinois-SIUE,regular
sidearm-2026-10-04-Houston-Christian-Lindenwood,2026-10-04,Houston Christian,Lindenwood,false,false,,,away,scheduled,,,,2026-10-04-Houston-Christian-Lindenwood,regular
sidearm-2026-10-04-University-of-Southern-Indiana-Western-Illinois-University,2026-10-04,University of Southern Indiana,Western Illinois,false,false,,,home,scheduled,,,,2026-10-04-University-of-Southern-Indiana-Western-Illinois,regular
sidearm-2026-10-04-UTRGV-UIW,2026-10-04,UTRGV,UIW,false,false,,,home,scheduled,,,,2026-10-04-UIW-UTRGV,regular
sidearm-2026-10-04-Cal-Poly-California-Baptist,2026-10-04,Cal Poly,California Baptist,false,false,,,away,scheduled,,,,2026-10-04-Cal-Poly-California-Baptist,regular
wmt-2026-10-06-Clemson-Georgia-Southern,2026-10-06,Clemson,Georgia Southern,false,false,,,home,scheduled,https://clemsontigers.com/sports/mens-soccer/schedule,,,2026-10-06-Clemson-Georgia-Southern,regular
sidearm-2026-10-06-Duke-Wofford,2026-10-06,Duke,Wofford,false,false,,,home,scheduled,,,,2026-10-06-Duke-Wofford,regular
sidearm-2026-10-06-Louisville-DePaul-University,2026-10-06,Louisville,DePaul,false,false,,,home,scheduled,,,,2026-10-06-DePaul-Louisville,regular
sidearm-2026-10-06-Akron-Syracuse,2026-10-06,Akron,Syracuse,false,false,,,away,scheduled,,,,2026-10-06-Akron-Syracuse,regular
wmt-2026-10-06-Queens-Virginia,2026-10-06,Virginia,Queens,false,false,,,home,scheduled,https://virginiasports.com/sports/msoc/schedule,https://static.virginiasports.com/custompages/sports/m-soccer/stats/2026-2027/VA100626.PDF,,2026-10-06-Queens-Virginia,regular
wmt-2026-10-06-Longwood-Virginia-Tech,2026-10-06,Virginia Tech,Longwood,false,false,,,home,scheduled,https://hokiesports.com/sports/mens-soccer/schedule,,,2026-10-06-Longwood-Virginia-Tech,regular
sidearm-2026-10-06-Binghamton-St.-Bonaventure-University,2026-10-06,Binghamton,St. Bonaventure,false,false,,,home,scheduled,,https://bubearcats.com/boxscore.aspx?id=15684,,2026-10-06-Binghamton-St.-Bonaventure,regular
sidearm-2026-10-06-Bryant-University-of-Connecticut,2026-10-06,Bryant,UConn,false,false,,,away,scheduled,,,,2026-10-06-Bryant-UConn,regular
sidearm-2026-10-06-Charlotte-Mercer,2026-10-06,Charlotte,Mercer,false,false,,,home,scheduled,,,,2026-10-06-Charlotte-Mercer,regular
sidearm-2026-10-06-Florida-Gulf-Coast-FAU,2026-10-06,FGCU,FAU,false,false,,,away,scheduled,,,,2026-10-06-FAU-FGCU,regular
sidearm-2026-10-06-FIU-North-Florida,2026-10-06,FIU,North Florida,false,false,,,home,scheduled,,,,2026-10-06-FIU-North-Florida,regular
sidearm-2026-10-06-Memphis-Lipscomb,2026-10-06,Memphis,Lipscomb,false,false,,,home,scheduled,,,,2026-10-06-Lipscomb-Memphis,regular
sidearm-2026-10-06-South-Florida-Stetson,2026-10-06,South Florida,Stetson,false,false,,,home,scheduled,,,,2026-10-06-South-Florida-Stetson,regular
sidearm-2026-10-06-Lafayette-Temple-University,2026-10-06,Lafayette,Temple University,false,false,,,away,scheduled,,,,2026-10-06-Lafayette-Temple-University,regular
sidearm-2026-10-06-UAB-Belmont,2026-10-06,UAB,Belmont University,false,false,,,home,scheduled,,,,2026-10-06-Belmont-University-UAB,regular
sidearm-2026-10-06-Jacksonville-Georgia-State-University,2026-10-06,Jacksonville,Georgia State,false,false,,,unknown,scheduled,,,,2026-10-06-Georgia-State-Jacksonville,regular
sidearm-2026-10-06-Marquette-Carroll,2026-10-06,Marquette,Carroll,false,false,,,home,scheduled,,,,2026-10-06-Carroll-Marquette,regular
sidearm-2026-10-06-St.-John's-Monmouth,2026-10-06,St. John's,Monmouth,false,false,,,home,scheduled,,,,2026-10-06-Monmouth-St.-John's,regular
sidearm-2026-10-06-Seton-Hall-Sacred-Heart,2026-10-06,Seton Hall,Sacred Heart,false,false,,,home,scheduled,,,,2026-10-06-Sacred-Heart-Seton-Hall,regular
sidearm-2026-10-06-Villanova-University-of-New-Haven,2026-10-06,Villanova,New Haven,false,false,,,home,scheduled,,,,2026-10-06-New-Haven-Villanova,regular
sidearm-2026-10-06-Xavier-Evansville,2026-10-06,Xavier,University of Evansville,false,false,,,home,scheduled,,,,2026-10-06-University-of-Evansville-Xavier,regular
sidearm-2026-10-06-ETSU-Gardner-Webb,2026-10-06,ETSU,Gardner-Webb,false,false,,,away,scheduled,,,,2026-10-06-ETSU-Gardner-Webb,regular
sidearm-2026-10-06-Winthrop-UNCW,2026-10-06,Winthrop,UNC Wilmington,false,false,,,away,scheduled,,,,2026-10-06-UNC-Wilmington-Winthrop,regular
sidearm-2026-10-06-Indiana-Kentucky,2026-10-06,Indiana,Kentucky,false,false,,,home,scheduled,https://ukathletics.com/sports/msoc/schedule/2026,,,2026-10-06-Indiana-Kentucky,regular
sidearm-2026-10-06-Rutgers-Maryland,2026-10-06,Rutgers,Maryland,false,false,,,away,scheduled,,,,2026-10-06-Maryland-Rutgers,regular
wmt-2026-10-06-UCLA-Westmont,2026-10-06,UCLA,Westmont,false,false,,,home,scheduled,https://uclabruins.com/sports/mens-soccer/schedule,,,2026-10-06-UCLA-Westmont,regular
sidearm-2026-10-06-Wisconsin-Lakeland,2026-10-06,Wisconsin,Lakeland,false,false,,,home,scheduled,,,,2026-10-06-Lakeland-Wisconsin,regular
sidearm-2026-10-06-Campbell-Coastal-Carolina,2026-10-06,Campbell,Coastal Carolina,false,false,,,away,scheduled,,,,2026-10-06-Campbell-Coastal-Carolina,regular
sidearm-2026-10-06-Charleston-Furman,2026-10-06,Charleston,Furman,false,false,,,home,scheduled,,,,2026-10-06-Charleston-Furman,regular
sidearm-2026-10-06-Hofstra-Princeton,2026-10-06,Hofstra,Princeton,false,false,,,home,scheduled,,,,2026-10-06-Hofstra-Princeton,regular
sidearm-2026-10-06-Cornell-University-of-Massachusetts,2026-10-06,Cornell,University of Massachusetts,false,false,,,home,scheduled,,,,2026-10-06-Cornell-University-of-Massachusetts,regular
sidearm-2026-10-06-Penn-Loyola-Maryland,2026-10-06,Penn,Loyola Maryland,false,false,,,away,scheduled,,,,2026-10-06-Loyola-Maryland-Penn,regular
sidearm-2026-10-06-Mount-St.-Mary's-Bucknell,2026-10-06,Mount St. Mary's,Bucknell,false,false,,,home,scheduled,,,,2026-10-06-Bucknell-Mount-St.-Mary's,regular
sidearm-2026-10-06-Western-Michigan-University-of-St.-Thomas,2026-10-06,Western Michigan,St. Thomas,false,false,,,home,scheduled,,,,2026-10-06-St.-Thomas-Western-Michigan,regular
sidearm-2026-10-06-Loyola-University-Maryland-Penn,2026-10-06,Loyola University Maryland,Penn,false,false,,,home,scheduled,,,,2026-10-06-Loyola-University-Maryland-Penn,regular
sidearm-2026-10-06-RV-Cornell-University-UMass,2026-10-06,Cornell,UMass,true,false,,,away,scheduled,,,,2026-10-06-Cornell-UMass,regular
sidearm-2026-10-06-James-Madison-Mary-Baldwin,2026-10-06,James Madison,Mary Baldwin,false,false,,,home,scheduled,,,,2026-10-06-James-Madison-Mary-Baldwin,regular
sidearm-2026-10-07-UNC-Greensboro-NC-State,2026-10-07,UNC Greensboro,NC State,false,true,,,away,scheduled,,,,2026-10-07-NC-State-UNC-Greensboro,regular
sidearm-2026-10-07-Missouri-State-Oral-Roberts,2026-10-07,Missouri State,Oral Roberts,false,false,,,home,scheduled,,,,2026-10-07-Missouri-State-Oral-Roberts,regular
sidearm-2026-10-07-Kansas-City-Tulsa,2026-10-07,Kansas City,Tulsa,false,false,,,away,scheduled,,,,2026-10-07-Kansas-City-Tulsa,regular
sidearm-2026-10-07-Rhode-Island-Davidson-College,2026-10-07,Rhode Island,Davidson College,false,false,,,away,scheduled,,,,2026-10-07-Davidson-College-Rhode-Island,regular
sidearm-2026-10-07-Fordham-Saint-Louis-University,2026-10-07,Fordham,Saint Louis,false,false,,,home,scheduled,,,,2026-10-07-Fordham-Saint-Louis,regular
sidearm-2026-10-07-George-Mason-Loyola-University-Chicago,2026-10-07,George Mason,Loyola Chicago,false,false,,,home,scheduled,https://gomason.com,,,2026-10-07-George-Mason-Loyola-Chicago,regular
sidearm-2026-10-07-VCU-George-Washington,2026-10-07,VCU,George Washington,false,false,,,away,scheduled,,,,2026-10-07-George-Washington-VCU,regular
sidearm-2026-10-07-La-Salle-Saint-Joseph's,2026-10-07,La Salle,Saint Joseph's,false,false,,,away,scheduled,,,,2026-10-07-La-Salle-Saint-Joseph's,regular
sidearm-2026-10-07-Cal-State-Fullerton-Utah-Valley,2026-10-07,Cal State Fullerton,Utah Valley,false,false,,,home,scheduled,,,,2026-10-07-Cal-State-Fullerton-Utah-Valley,regular
sidearm-2026-10-07-Sacramento-State-Gonzaga,2026-10-07,Sacramento State,Gonzaga,false,false,,,home,scheduled,,,,2026-10-07-Gonzaga-Sacramento-State,regular
sidearm-2026-10-07-UC-Irvine-CSUN,2026-10-07,UC Irvine,CSUN,false,false,,,home,scheduled,,,,2026-10-07-CSUN-UC-Irvine,regular
sidearm-2026-10-07-UC-Santa-Barbara-Cal-State-Bakersfield,2026-10-07,UC Santa Barbara,Cal State Bakersfield,false,false,,,away,scheduled,,,,2026-10-07-Cal-State-Bakersfield-UC-Santa-Barbara,regular
sidearm-2026-10-07-Cleveland-State-Purdue-Fort-Wayne,2026-10-07,Cleveland State,Purdue Fort Wayne,false,false,,,away,scheduled,,,,2026-10-07-Cleveland-State-Purdue-Fort-Wayne,regular
sidearm-2026-10-07-Detroit-Mercy-Northern-Illinois,2026-10-07,Detroit Mercy,Northern Illinois,false,false,,,away,scheduled,,https://detroittitans.com/boxscore.aspx?id=6717,,2026-10-07-Detroit-Mercy-Northern-Illinois,regular
sidearm-2026-10-07-IU-Indy-Robert-Morris,2026-10-07,IU Indy,Robert Morris,false,false,,,home,scheduled,,,,2026-10-07-IU-Indy-Robert-Morris,regular
sidearm-2026-10-07-Northern-Kentucky-Wright-State,2026-10-07,Northern Kentucky,Wright State,false,false,,,home,scheduled,,,,2026-10-07-Northern-Kentucky-Wright-State,regular
sidearm-2026-10-07-Oakland-Green-Bay,2026-10-07,Oakland,Green Bay,false,false,,,home,scheduled,,,,2026-10-07-Green-Bay-Oakland,regular
sidearm-2026-10-07-California-Baptist-#25-Oregon-State-University,2026-10-07,California Baptist,Oregon State,false,true,,,home,scheduled,,,,2026-10-07-California-Baptist-Oregon-State,regular
sidearm-2026-10-07-San-Diego-State-Cal-Poly,2026-10-07,San Diego State,Cal Poly,false,false,,,away,scheduled,https://goaztecs.com/sports/mens-soccer/schedule,,,2026-10-07-Cal-Poly-San-Diego-State,regular
sidearm-2026-10-07-Cal-Baptist-Oregon-State,2026-10-07,Cal Baptist,Oregon State,false,false,,,away,scheduled,,,,2026-10-07-Cal-Baptist-Oregon-State,regular
sidearm-2026-10-07-UC-Riverside-UC-San-Diego,2026-10-07,UC Riverside,UC San Diego,false,false,,,home,scheduled,,,,2026-10-07-UC-Riverside-UC-San-Diego,regular
sidearm-2026-10-08-William-&-Mary-Howard,2026-10-08,William & Mary,Howard,false,false,,,home,scheduled,,,,2026-10-08-Howard-William-&-Mary,regular
sidearm-2026-10-08-Eastern-Illinois-Western-Illinois,2026-10-08,Eastern Illinois,Western Illinois,false,false,,,unknown,scheduled,,,,2026-10-08-Eastern-Illinois-Western-Illinois,regular
sidearm-2026-10-08-Houston-Christian-Southern-Indiana,2026-10-08,Houston Christian,University of Southern Indiana,false,false,,,home,scheduled,,,,2026-10-08-Houston-Christian-University-of-Southern-Indiana,regular
sidearm-2026-10-08-Lindenwood-The-University-of-Texas-Rio-Grande-Valley,2026-10-08,Lindenwood,The University of Texas Rio Grande Valley,false,false,,,unknown,scheduled,,,,2026-10-08-Lindenwood-The-University-of-Texas-Rio-Grande-Valley,regular
sidearm-2026-10-08-UTRGV-Lindenwood,2026-10-08,UTRGV,Lindenwood,false,false,,,unknown,scheduled,,,,2026-10-08-Lindenwood-UTRGV,regular
sidearm-2026-10-09-Boston-College-Wake-Forest,2026-10-09,Boston College,Wake Forest,false,false,,,home,scheduled,,,,2026-10-09-Boston-College-Wake-Forest,regular
sidearm-2026-10-09-Virginia-California,2026-10-09,Virginia,California,false,false,,,away,scheduled,https://virginiasports.com/sports/msoc/schedule,https://static.virginiasports.com/custompages/sports/m-soccer/stats/2026-2027/VA100926.PDF,,2026-10-09-California-Virginia,regular
wmt-2026-10-09-Pittsburgh-Virginia-Tech,2026-10-09,Pittsburgh,Virginia Tech,false,false,,,away,scheduled,https://hokiesports.com/sports/mens-soccer/schedule,,,2026-10-09-Pittsburgh-Virginia-Tech,regular
sidearm-2026-10-09-Presbyterian-Radford,2026-10-09,Presbyterian,Radford,false,false,,,home,scheduled,,,,2026-10-09-Presbyterian-Radford,regular
sidearm-2026-10-09-UNC-Asheville-Winthrop,2026-10-09,UNC Asheville,Winthrop,false,false,,,home,scheduled,,,,2026-10-09-UNC-Asheville-Winthrop,regular
sidearm-2026-10-09-USC-Upstate-High-Point-,2026-10-09,USC Upstate,High Point,false,false,,,home,scheduled,,,,2026-10-09-High-Point-USC-Upstate,regular
sidearm-2026-10-09-Indiana-Hanover-College,2026-10-09,Indiana,Hanover College,false,false,,,home,scheduled,,,,2026-10-09-Hanover-College-Indiana,regular
sidearm-2026-10-09-Maryland-#24-Michigan-State,2026-10-09,Maryland,Michigan State,false,true,,,home,scheduled,,,,2026-10-09-Maryland-Michigan-State,regular
sidearm-2026-10-09-Michigan-Penn-State,2026-10-09,Michigan,Penn State,false,false,,,home,scheduled,https://gopsusports.com/sports/mens-soccer/schedule,,,2026-10-09-Michigan-Penn-State,regular
sidearm-2026-10-09-San-Jose-State-Air-Force,2026-10-09,San Jose State,Air Force,false,false,,,away,scheduled,,,,2026-10-09-Air-Force-San-Jose-State,regular
sidearm-2026-10-09-American-Lehigh,2026-10-09,American,Lehigh,false,false,,,home,scheduled,,,,2026-10-09-American-Lehigh,regular
sidearm-2026-10-09-Navy-Army,2026-10-09,Navy,Army,false,false,,,neutral,scheduled,,,,2026-10-09-Army-Navy,regular
sidearm-2026-10-09-Colgate-Boston-University,2026-10-09,Colgate,Boston University,false,false,,,away,scheduled,,,,2026-10-09-Boston-University-Colgate,regular
sidearm-2026-10-09-Coastal-Carolina-UCF,2026-10-09,Coastal Carolina,UCF,false,false,,,home,scheduled,https://ucfknights.com/sports/mens-soccer/schedule,,,2026-10-09-Coastal-Carolina-UCF,regular
sidearm-2026-10-09-Marshall-Georgia-Southern,2026-10-09,Marshall,Georgia Southern,false,false,,,away,scheduled,,,,2026-10-09-Georgia-Southern-Marshall,regular
wmt-2026-10-09-Old-Dominion-West-Virginia,2026-10-09,Old Dominion,West Virginia,false,false,,,home,scheduled,https://odusports.com/sports/mens-soccer/schedule,,,2026-10-09-Old-Dominion-West-Virginia,regular
sidearm-2026-10-10-SMU-Duke,2026-10-10,SMU,Duke,false,false,,,away,scheduled,,,,2026-10-10-Duke-SMU,regular
sidearm-2026-10-10-Syracuse-University-Louisville,2026-10-10,Syracuse,Louisville,false,false,,,away,scheduled,,,,2026-10-10-Louisville-Syracuse,regular
wmt-2026-10-10-North-Carolina-Notre-Dame,2026-10-10,North Carolina,Notre Dame,false,false,,,away,scheduled,https://fightingirish.com/sports/msoc/schedule,,,2026-10-10-North-Carolina-Notre-Dame,regular
sidearm-2026-10-10-Binghamton-University-of-Massachusetts-Lowell,2026-10-10,Binghamton,University of Massachusetts Lowell,false,false,,,home,scheduled,,,,2026-10-10-Binghamton-University-of-Massachusetts-Lowell,regular
sidearm-2026-10-10-Bryant-University-at-Albany,2026-10-10,Bryant,University at Albany,false,false,,,away,scheduled,,,,2026-10-10-Bryant-University-at-Albany,regular
sidearm-2026-10-10-NJIT-New-Hampshire,2026-10-10,NJIT,New Hampshire,false,false,,,away,scheduled,,,,2026-10-10-NJIT-New-Hampshire,regular
sidearm-2026-10-10-Binghamton-UMass-Lowell,2026-10-10,Binghamton,UMass Lowell,false,false,,,away,scheduled,,,,2026-10-10-Binghamton-UMass-Lowell,regular
sidearm-2026-10-10-UMBC-Vermont,2026-10-10,UMBC,Vermont,false,false,,,home,scheduled,,,,2026-10-10-UMBC-Vermont,regular
sidearm-2026-10-10-Bellarmine-University-of-North-Florida,2026-10-10,Bellarmine,North Florida,false,false,,,home,scheduled,,,,2026-10-10-Bellarmine-North-Florida,regular
sidearm-2026-10-10-FGCU-Lipscomb,2026-10-10,FGCU,Lipscomb,false,false,,,home,scheduled,,,,2026-10-10-FGCU-Lipscomb,regular
sidearm-2026-10-10-Jacksonville-Stetson-University,2026-10-10,Jacksonville,Stetson,false,false,,,home,scheduled,,,,2026-10-10-Jacksonville-Stetson,regular
sidearm-2026-10-10-Dayton-Duquesne,2026-10-10,Dayton,Duquesne,false,false,,,away,scheduled,,,,2026-10-10-Dayton-Duquesne,regular
sidearm-2026-10-10-La-Salle-Saint-Louis,2026-10-10,La Salle,Saint Louis,false,false,,,home,scheduled,,,,2026-10-10-La-Salle-Saint-Louis,regular
sidearm-2026-10-10-Loyola-Chicago-VCU,2026-10-10,Loyola Chicago,VCU,false,false,,,away,scheduled,,,,2026-10-10-Loyola-Chicago-VCU,regular
sidearm-2026-10-10-St.-Bonaventure-Saint-Joseph's,2026-10-10,St. Bonaventure,Saint Joseph's,false,false,,,away,scheduled,,,,2026-10-10-Saint-Joseph's-St.-Bonaventure,regular
sidearm-2026-10-10-Butler-Marquette,2026-10-10,Butler,Marquette,false,false,,,away,scheduled,,,,2026-10-10-Butler-Marquette,regular
sidearm-2026-10-10-UConn--DePaul,2026-10-10,UConn,DePaul,false,false,,,away,scheduled,,,,2026-10-10-DePaul-UConn,regular
sidearm-2026-10-10-Georgetown-St.-John's,2026-10-10,Georgetown,St. John's,false,false,,,away,scheduled,,,,2026-10-10-Georgetown-St.-John's,regular
sidearm-2026-10-10-Villanova--Providence,2026-10-10,Villanova,Providence,false,false,,,away,scheduled,,,,2026-10-10-Providence-Villanova,regular
sidearm-2026-10-10-Seton-Hall-Xavier,2026-10-10,Seton Hall,Xavier,false,false,,,home,scheduled,,,,2026-10-10-Seton-Hall-Xavier,regular
sidearm-2026-10-10-Longwood-Gardner-Webb,2026-10-10,Longwood,Gardner-Webb,false,false,,,away,scheduled,,,,2026-10-10-Gardner-Webb-Longwood,regular
wmt-2026-10-10-Northwestern-Washington,2026-10-10,Washington,Northwestern,false,false,,,away,scheduled,https://nusports.com/sports/mens-soccer/schedule,,,2026-10-10-Northwestern-Washington,regular
sidearm-2026-10-10-UCLA-Ohio-State,2026-10-10,UCLA,Ohio State,false,false,,,away,scheduled,https://uclabruins.com/sports/mens-soccer/schedule,,,2026-10-10-Ohio-State-UCLA,regular
sidearm-2026-10-10-Wisconsin-Rutgers,2026-10-10,Wisconsin,Rutgers,false,false,,,away,scheduled,,,,2026-10-10-Rutgers-Wisconsin,regular
sidearm-2026-10-10-Cal-State-Fullerton-CSUN,2026-10-10,Cal State Fullerton,CSUN,false,false,,,away,scheduled,,,,2026-10-10-CSUN-Cal-State-Fullerton,regular
sidearm-2026-10-10-Sacramento-State-Utah-Valley,2026-10-10,Sacramento State,Utah Valley,false,false,,,away,scheduled,,,,2026-10-10-Sacramento-State-Utah-Valley,regular
sidearm-2026-10-10-Cal-State-Bakersfield-UC-Irvine,2026-10-10,Cal State Bakersfield,UC Irvine,false,false,,,away,scheduled,,,,2026-10-10-Cal-State-Bakersfield-UC-Irvine,regular
sidearm-2026-10-10-UC-Santa-Barbara-Cal-Poly,2026-10-10,UC Santa Barbara,Cal Poly,false,false,,,away,scheduled,,,,2026-10-10-Cal-Poly-UC-Santa-Barbara,regular
sidearm-2026-10-10-Campbell-UNCW,2026-10-10,Campbell,UNC Wilmington,false,false,,,unknown,scheduled,,,,2026-10-10-Campbell-UNC-Wilmington,regular
sidearm-2026-10-10-Charleston-Elon,2026-10-10,Charleston,Elon,false,false,,,home,scheduled,,,,2026-10-10-Charleston-Elon,regular
sidearm-2026-10-10-Drexel-Hofstra,2026-10-10,Drexel,Hofstra,false,false,,,home,scheduled,,,,2026-10-10-Drexel-Hofstra,regular
sidearm-2026-10-10-Monmouth-Northeastern,2026-10-10,Monmouth,Northeastern,false,false,,,unknown,scheduled,,,,2026-10-10-Monmouth-Northeastern,regular
sidearm-2026-10-10-Cleveland-State-Northern-Kentucky,2026-10-10,Cleveland State,Northern Kentucky,false,false,,,home,scheduled,,,,2026-10-10-Cleveland-State-Northern-Kentucky,regular
sidearm-2026-10-10-Detroit-Mercy-Wright-State,2026-10-10,Detroit Mercy,Wright State,false,false,,,home,scheduled,,https://detroittitans.com/boxscore.aspx?id=6717,,2026-10-10-Detroit-Mercy-Wright-State,regular
sidearm-2026-10-10-Milwaukee-Oakland,2026-10-10,Milwaukee,Oakland,false,false,,,home,scheduled,,,,2026-10-10-Milwaukee-Oakland,regular
sidearm-2026-10-10-Robert-Morris-Purdue-Fort-Wayne,2026-10-10,Robert Morris,Purdue Fort Wayne,false,false,,,away,scheduled,,,,2026-10-10-Purdue-Fort-Wayne-Robert-Morris,regular
sidearm-2026-10-10-Brown-Harvard,2026-10-10,Brown,Harvard,false,false,,,home,scheduled,,,,2026-10-10-Brown-Harvard,regular
sidearm-2026-10-10-Columbia-University-Princeton,2026-10-10,Columbia University,Princeton,false,false,,,home,scheduled,,,,2026-10-10-Columbia-University-Princeton,regular
sidearm-2026-10-10-Cornell-University-of-Pennsylvania,2026-10-10,Cornell,Penn,false,false,,,home,scheduled,,,,2026-10-10-Cornell-Penn,regular
sidearm-2026-10-10-Dartmouth-College-Yale,2026-10-10,Dartmouth College,Yale,false,false,,,home,scheduled,,,,2026-10-10-Dartmouth-College-Yale,regular
sidearm-2026-10-10-Canisius-Marist,2026-10-10,Canisius,Marist,false,false,,,home,scheduled,,,,2026-10-10-Canisius-Marist,regular
sidearm-2026-10-10-Fairfield-Mount-St.-Mary's,2026-10-10,Fairfield,Mount St. Mary's,false,false,,,away,scheduled,,,,2026-10-10-Fairfield-Mount-St.-Mary's,regular
sidearm-2026-10-10-Iona-Sacred-Heart,2026-10-10,Iona,Sacred Heart,false,false,,,home,scheduled,,,,2026-10-10-Iona-Sacred-Heart,regular
sidearm-2026-10-10-Manhattan-Niagara,2026-10-10,Manhattan,Niagara,false,false,,,home,scheduled,,,,2026-10-10-Manhattan-Niagara,regular
sidearm-2026-10-10-Merrimack-College-Rider-University,2026-10-10,Merrimack College,Rider University,false,false,,,home,scheduled,,,,2026-10-10-Merrimack-College-Rider-University,regular
sidearm-2026-10-10-Saint-Peter's-Quinnipiac,2026-10-10,Saint Peter's,Quinnipiac,false,false,,,away,scheduled,,,,2026-10-10-Quinnipiac-Saint-Peter's,regular
sidearm-2026-10-10-Drake-Bowling-Green,2026-10-10,Drake,Bowling Green,false,false,,,away,scheduled,,,,2026-10-10-Bowling-Green-Drake,regular
sidearm-2026-10-10-UIC-Saint-Xavier,2026-10-10,UIC,Saint Xavier,false,false,,,home,scheduled,,,,2026-10-10-Saint-Xavier-UIC,regular
wmt-2026-10-10-Air-Force-San-Jose-State,2026-10-10,San Jose State,Air Force,false,false,,,home,scheduled,https://sjsuspartans.com/sports/mens-soccer/schedule,,,2026-10-10-Air-Force-San-Jose-State,regular
sidearm-2026-10-10-UC-Davis-Grand-Canyon,2026-10-10,UC Davis,Grand Canyon,false,false,,,home,scheduled,,,,2026-10-10-Grand-Canyon-UC-Davis,regular
sidearm-2026-10-10-UNLV-Utah-Tech,2026-10-10,UNLV,Utah Tech,false,false,,,away,scheduled,,,,2026-10-10-UNLV-Utah-Tech,regular
sidearm-2026-10-10-California-Baptist-UC-Riverside,2026-10-10,California Baptist,UC Riverside,false,false,,,home,scheduled,,,,2026-10-10-California-Baptist-UC-Riverside,regular
sidearm-2026-10-10-San-Diego-State-Gonzaga,2026-10-10,San Diego State,Gonzaga,false,false,,,away,scheduled,https://goaztecs.com/sports/mens-soccer/schedule,,,2026-10-10-Gonzaga-San-Diego-State,regular
sidearm-2026-10-10-UC-San-Diego-Oregon-State,2026-10-10,UC San Diego,Oregon State,false,false,,,away,scheduled,,,,2026-10-10-Oregon-State-UC-San-Diego,regular
sidearm-2026-10-10-CBU-UC-Riverside,2026-10-10,CBU,UC Riverside,false,false,,,away,scheduled,,,,2026-10-10-CBU-UC-Riverside,regular
sidearm-2026-10-10-Bucknell-Holy-Cross,2026-10-10,Bucknell,Holy Cross,false,false,,,home,scheduled,,,,2026-10-10-Bucknell-Holy-Cross,regular
sidearm-2026-10-10-Lafayette-Loyola,2026-10-10,Lafayette,Loyola,false,false,,,home,scheduled,,,,2026-10-10-Lafayette-Loyola,regular
sidearm-2026-10-10-Loyola-University-Maryland-Lafayette,2026-10-10,Loyola University Maryland,Lafayette,false,false,,,away,scheduled,,,,2026-10-10-Lafayette-Loyola-University-Maryland,regular
sidearm-2026-10-10-ETSU-Liberty,2026-10-10,ETSU,Liberty,false,false,,,home,scheduled,,,,2026-10-10-ETSU-Liberty,regular
sidearm-2026-10-10-Furman-VMI,2026-10-10,Furman,VMI,false,false,,,unknown,scheduled,,,,2026-10-10-Furman-VMI,regular
sidearm-2026-10-10-Mercer-Wofford,2026-10-10,Mercer,Wofford,false,false,,,home,scheduled,,,,2026-10-10-Mercer-Wofford,regular
sidearm-2026-10-10-St.-Thomas-Delaware,2026-10-10,St. Thomas,Delaware,false,false,,,away,scheduled,,,,2026-10-10-Delaware-St.-Thomas,regular
sidearm-2026-10-10-Omaha-UMass,2026-10-10,Omaha,UMass,false,false,,,away,scheduled,,,,2026-10-10-Omaha-UMass,regular
sidearm-2026-10-10-UMass-University-of-Nebraska-at-Omaha,2026-10-10,UMass,University of Nebraska at Omaha,false,false,,,home,scheduled,,,,2026-10-10-UMass-University-of-Nebraska-at-Omaha,regular
sidearm-2026-10-10-Georgia-State-James-Madison,2026-10-10,Georgia State,James Madison,false,false,,,home,scheduled,,,,2026-10-10-Georgia-State-James-Madison,regular
wmtwp-2026-10-10-Kentucky-South-Carolina,2026-10-10,South Carolina,Kentucky,false,false,,,away,scheduled,https://ukathletics.com/sports/msoc/schedule/2026,,,2026-10-10-Kentucky-South-Carolina,regular
sidearm-2026-10-10-Denver-San-Francisco,2026-10-10,Denver,San Francisco,false,false,,,home,scheduled,,,,2026-10-10-Denver-San-Francisco,regular
sidearm-2026-10-10-Loyola-Marymount-Santa-Clara,2026-10-10,Loyola Marymount,Santa Clara,false,false,,,away,scheduled,,,,2026-10-10-Loyola-Marymount-Santa-Clara,regular
sidearm-2026-10-10-Pacific-Saint-Mary's,2026-10-10,Pacific,Saint Mary's,false,false,,,away,scheduled,,,,2026-10-10-Pacific-Saint-Mary's,regular
sidearm-2026-10-10-San-Diego-Portland,2026-10-10,San Diego,Portland,false,false,,,home,scheduled,,https://portlandpilots.com/boxscore.aspx?id=13253,,2026-10-10-Portland-San-Diego,regular
wmt-2026-10-11-Clemson-Stanford,2026-10-11,Stanford,Clemson,false,false,,,away,scheduled,https://clemsontigers.com/sports/mens-soccer/schedule,,,2026-10-11-Clemson-Stanford,regular
sidearm-2026-10-11-NC-State-UMKC,2026-10-11,NC State,Kansas City,true,false,,,home,scheduled,,,,2026-10-11-Kansas-City-NC-State,regular
sidearm-2026-10-11-Charlotte-South-Florida,2026-10-11,Charlotte,South Florida,false,false,,,home,scheduled,,,,2026-10-11-Charlotte-South-Florida,regular
sidearm-2026-10-11-FIU-UAB,2026-10-11,FIU,UAB,false,false,,,home,scheduled,,,,2026-10-11-FIU-UAB,regular
sidearm-2026-10-11-Temple-Memphis,2026-10-11,Temple University,Memphis,false,false,,,away,scheduled,,,,2026-10-11-Memphis-Temple-University,regular
sidearm-2026-10-11-Missouri-State-Tulsa,2026-10-11,Missouri State,Tulsa,false,false,,,home,scheduled,,,,2026-10-11-Missouri-State-Tulsa,regular
sidearm-2026-10-11-Central-Arkansas-West-Florida,2026-10-11,Central Arkansas,West Florida,false,false,,,away,scheduled,,,,2026-10-11-Central-Arkansas-West-Florida,regular
sidearm-2026-10-11-Davidson-College-Johnson-&-Wales-,2026-10-11,Davidson College,Johnson & Wales,false,false,,,home,scheduled,,,,2026-10-11-Davidson-College-Johnson-&-Wales,regular
sidearm-2026-10-11-Fordham-University-of-Rhode-Island,2026-10-11,Fordham,Rhode Island,false,false,,,home,scheduled,,,,2026-10-11-Fordham-Rhode-Island,regular
sidearm-2026-10-11-George-Mason-Stony-Brook-University,2026-10-11,George Mason,Stony Brook,false,false,,,home,scheduled,https://gomason.com,,,2026-10-11-George-Mason-Stony-Brook,regular
sidearm-2026-10-11-Akron-Creighton,2026-10-11,Akron,Creighton,false,false,,,home,scheduled,,,,2026-10-11-Akron-Creighton,regular
sidearm-2026-10-11-Belmont-University-Bradley,2026-10-11,Belmont University,Bradley,false,false,,,home,scheduled,,,,2026-10-11-Belmont-University-Bradley,regular
sidearm-2026-10-11-University-of-Evansville-Western-Michigan,2026-10-11,University of Evansville,Western Michigan,false,false,,,away,scheduled,,,,2026-10-11-University-of-Evansville-Western-Michigan,regular
sidearm-2026-10-11-Chicago-State-University-of-New-Haven,2026-10-11,Chicago State,New Haven,false,false,,,away,scheduled,,,,2026-10-11-Chicago-State-New-Haven,regular
sidearm-2026-10-11-Howard-Stonehill-College,2026-10-11,Howard,Stonehill College,false,false,,,away,scheduled,,,,2026-10-11-Howard-Stonehill-College,regular
sidearm-2026-10-11-Le-Moyne-College-FDU,2026-10-11,Le Moyne College,FDU,false,false,,,home,scheduled,,,,2026-10-11-FDU-Le-Moyne-College,regular
sidearm-2026-10-11-Mercyhurst-Central-Connecticut,2026-10-11,Mercyhurst,Central Connecticut,false,false,,,away,scheduled,,,,2026-10-11-Central-Connecticut-Mercyhurst,regular
sidearm-2026-10-11-Eastern-Illinois-UT-Rio-Grande-Valley,2026-10-11,Eastern Illinois,UT Rio Grande Valley,false,false,,,away,scheduled,,,,2026-10-11-Eastern-Illinois-UT-Rio-Grande-Valley,regular
sidearm-2026-10-11-Houston-Christian-SIUE,2026-10-11,Houston Christian,SIUE,false,false,,,home,scheduled,,,,2026-10-11-Houston-Christian-SIUE,regular
sidearm-2026-10-11-Lindenwood-Western-Illinois-University,2026-10-11,Lindenwood,Western Illinois,false,false,,,home,scheduled,,,,2026-10-11-Lindenwood-Western-Illinois,regular
sidearm-2026-10-11-University-of-Southern-Indiana-University-of-the-Incarnate-Word,2026-10-11,University of Southern Indiana,University of the Incarnate Word,false,false,,,away,scheduled,,,,2026-10-11-University-of-Southern-Indiana-University-of-the-Incarnate-Word,regular
sidearm-2026-10-11-UTRGV-Eastern-Illinois,2026-10-11,UTRGV,Eastern Illinois,false,false,,,home,scheduled,,,,2026-10-11-Eastern-Illinois-UTRGV,regular
sidearm-2026-10-11-Oral-Roberts-Richland,2026-10-11,Oral Roberts,Richland,false,false,,,home,scheduled,,,,2026-10-11-Oral-Roberts-Richland,regular
sidearm-2026-10-12-American-West-Virginia,2026-10-12,American,West Virginia,false,false,,,away,scheduled,,,,2026-10-12-American-West-Virginia,regular
sidearm-2026-10-13-Boston-University-Boston-College,2026-10-13,Boston University,Boston College,false,false,,,away,scheduled,,,,2026-10-13-Boston-College-Boston-University,regular
sidearm-2026-10-13-Duke-Greensboro-College,2026-10-13,Duke,Greensboro College,false,false,,,home,scheduled,,,,2026-10-13-Duke-Greensboro-College,regular
wmt-2026-10-13-Gardner-Webb-Virginia,2026-10-13,Virginia,Gardner-Webb,false,false,,,home,scheduled,https://virginiasports.com/sports/msoc/schedule,https://static.virginiasports.com/custompages/sports/m-soccer/stats/2026-2027/VA101326.PDF,,2026-10-13-Gardner-Webb-Virginia,regular
sidearm-2026-10-13-Wake-Forest-UNC-Asheville,2026-10-13,Wake Forest,UNC Asheville,false,false,,,home,scheduled,,,,2026-10-13-UNC-Asheville-Wake-Forest,regular
sidearm-2026-10-13-NJIT-La-Salle,2026-10-13,NJIT,La Salle,false,false,,,away,scheduled,,,,2026-10-13-La-Salle-NJIT,regular
sidearm-2026-10-13-Stetson-FAU,2026-10-13,Stetson,FAU,false,false,,,away,scheduled,,,,2026-10-13-FAU-Stetson,regular
sidearm-2026-10-13-Bellarmine-IU-Indy,2026-10-13,Bellarmine,IU Indy,false,false,,,home,scheduled,,,,2026-10-13-Bellarmine-IU-Indy,regular
sidearm-2026-10-13-North-Florida-College-of-Charleston,2026-10-13,North Florida,Charleston,false,false,,,home,scheduled,,,,2026-10-13-Charleston-North-Florida,regular
sidearm-2026-10-13-Queens-Presbyterian-College,2026-10-13,Queens,Presbyterian,false,false,,,home,scheduled,,,,2026-10-13-Presbyterian-Queens,regular
sidearm-2026-10-13-Duquesne-Pitt,2026-10-13,Duquesne,Pittsburgh,false,false,,,away,scheduled,,,,2026-10-13-Duquesne-Pittsburgh,regular
sidearm-2026-10-13-No.-9-High-Point-George-Washington,2026-10-13,High Point,George Washington,true,false,,,away,scheduled,,,,2026-10-13-George-Washington-High-Point,regular
sidearm-2026-10-13-Longwood-Elon,2026-10-13,Longwood,Elon,false,false,,,away,scheduled,,,,2026-10-13-Elon-Longwood,regular
sidearm-2026-10-13-Winthrop-ETSU,2026-10-13,Winthrop,ETSU,false,false,,,home,scheduled,,,,2026-10-13-ETSU-Winthrop,regular
sidearm-2026-10-13-Michigan-State-Michigan,2026-10-13,Michigan State,Michigan,false,false,,,away,scheduled,,,,2026-10-13-Michigan-Michigan-State,regular
sidearm-2026-10-13-Drexel-Penn,2026-10-13,Drexel,Penn,false,false,,,home,scheduled,,,,2026-10-13-Drexel-Penn,regular
sidearm-2026-10-13-Northeastern-UAlbany,2026-10-13,Northeastern,UAlbany,false,false,,,away,scheduled,,,,2026-10-13-Northeastern-UAlbany,regular
sidearm-2026-10-13-William-&-Mary-Navy,2026-10-13,William & Mary,Navy,false,false,,,home,scheduled,,,,2026-10-13-Navy-William-&-Mary,regular
sidearm-2026-10-13-Lehigh-Brown,2026-10-13,Lehigh,Brown,false,false,,,away,scheduled,,,,2026-10-13-Brown-Lehigh,regular
sidearm-2026-10-13-Columbia-University-Holy-Cross,2026-10-13,Columbia University,Holy Cross,false,false,,,home,scheduled,,,,2026-10-13-Columbia-University-Holy-Cross,regular
sidearm-2026-10-13-Cornell-Colgate-University,2026-10-13,Cornell,Colgate University,false,false,,,away,scheduled,,,,2026-10-13-Colgate-University-Cornell,regular
sidearm-2026-10-13-Dartmouth-College-UMass,2026-10-13,Dartmouth College,UMass,false,false,,,home,scheduled,,,,2026-10-13-Dartmouth-College-UMass,regular
sidearm-2026-10-13-Western-Michigan-Holy-Cross-College-(Ind.),2026-10-13,Western Michigan,Holy Cross College (Ind.),false,false,,,home,scheduled,,,,2026-10-13-Holy-Cross-College-(Ind.)-Western-Michigan,regular
sidearm-2026-10-13-UNC-Greensboro-Marshall,2026-10-13,UNC Greensboro,Marshall,false,true,,,away,scheduled,,,,2026-10-13-Marshall-UNC-Greensboro,regular
sidearm-2026-10-13-Cal-Saint-Mary's,2026-10-13,California,Saint Mary's,false,false,,,away,scheduled,,,,2026-10-13-California-Saint-Mary's,regular
sidearm-2026-10-14-California-Saint-Mary's,2026-10-14,California,Saint Mary's,false,false,,,home,scheduled,,,,2026-10-14-California-Saint-Mary's,regular
sidearm-2026-10-14-NC-State-Mercer,2026-10-14,NC State,Mercer,false,false,,,home,scheduled,,,,2026-10-14-Mercer-NC-State,regular
sidearm-2026-10-14-South-Florida-Jacksonville,2026-10-14,South Florida,Jacksonville,false,false,,,home,scheduled,,,,2026-10-14-Jacksonville-South-Florida,regular
sidearm-2026-10-14-Campbell-Radford,2026-10-14,Campbell,Radford,false,false,,,away,scheduled,,,,2026-10-14-Campbell-Radford,regular
sidearm-2026-10-14-Washington-Seattle-U,2026-10-14,Washington,Seattle,false,false,,,home,scheduled,https://goseattleu.com/sports/mens-soccer/schedule,,,2026-10-14-Seattle-Washington,regular
sidearm-2026-10-14-Cal-State-Fullerton-California-Baptist,2026-10-14,Cal State Fullerton,California Baptist,false,false,,,home,scheduled,,,,2026-10-14-Cal-State-Fullerton-California-Baptist,regular
sidearm-2026-10-14-Sacramento-State-UC-San-Diego,2026-10-14,Sacramento State,UC San Diego,false,false,,,home,scheduled,,,,2026-10-14-Sacramento-State-UC-San-Diego,regular
sidearm-2026-10-14-UC-Irvine-San-Diego-State,2026-10-14,UC Irvine,San Diego State,false,false,,,home,scheduled,https://goaztecs.com/sports/mens-soccer/schedule,,,2026-10-14-San-Diego-State-UC-Irvine,regular
sidearm-2026-10-14-UC-Santa-Barbara-Gonzaga,2026-10-14,UC Santa Barbara,Gonzaga,false,false,,,away,scheduled,,,,2026-10-14-Gonzaga-UC-Santa-Barbara,regular
sidearm-2026-10-14-Utah-Valley-Cal-Poly,2026-10-14,Utah Valley,Cal Poly,false,false,,,away,scheduled,,,,2026-10-14-Cal-Poly-Utah-Valley,regular
sidearm-2026-10-14-Stony-Brook-Farmingdale-State,2026-10-14,Stony Brook,Farmingdale State,false,false,,,home,scheduled,,,,2026-10-14-Farmingdale-State-Stony-Brook,regular
sidearm-2026-10-14-Canisius-Siena,2026-10-14,Canisius,Siena,false,false,,,away,scheduled,,https://sienasaints.com/boxscore.aspx?id=18807,,2026-10-14-Canisius-Siena,regular
sidearm-2026-10-14-Fairfield-Marist,2026-10-14,Fairfield,Marist,false,false,,,home,scheduled,,,,2026-10-14-Fairfield-Marist,regular
sidearm-2026-10-14-Iona-Merrimack,2026-10-14,Iona,Merrimack College,false,false,,,away,scheduled,,,,2026-10-14-Iona-Merrimack-College,regular
sidearm-2026-10-14-Manhattan-Saint-Peter's,2026-10-14,Manhattan,Saint Peter's,false,false,,,away,scheduled,,,,2026-10-14-Manhattan-Saint-Peter's,regular
sidearm-2026-10-14-Mount-St.-Mary's-Rider,2026-10-14,Mount St. Mary's,Rider University,false,false,,,home,scheduled,,,,2026-10-14-Mount-St.-Mary's-Rider-University,regular
sidearm-2026-10-14-Sacred-Heart-Quinnipiac,2026-10-14,Sacred Heart,Quinnipiac,false,false,,,away,scheduled,,,,2026-10-14-Quinnipiac-Sacred-Heart,regular
sidearm-2026-10-14-Grand-Canyon-Air-Force,2026-10-14,Grand Canyon,Air Force,false,false,,,away,scheduled,,,,2026-10-14-Air-Force-Grand-Canyon,regular
wmt-2026-10-14-San-Jose-State-Utah-Tech,2026-10-14,Utah Tech,San Jose State,false,false,,,away,scheduled,https://sjsuspartans.com/sports/mens-soccer/schedule,,,2026-10-14-San-Jose-State-Utah-Tech,regular
sidearm-2026-10-14-UC-Davis-UNLV,2026-10-14,UC Davis,UNLV,false,false,,,away,scheduled,,,,2026-10-14-UC-Davis-UNLV,regular
sidearm-2026-10-14-Oregon-State-CSU-Bakersfield-(Big-West-Crossover),2026-10-14,Oregon State,CSU Bakersfield (Big West Crossover),false,false,,,home,scheduled,,,,2026-10-14-CSU-Bakersfield-(Big-West-Crossover)-Oregon-State,regular
sidearm-2026-10-14-UC-Riverside-CSUN,2026-10-14,UC Riverside,CSUN,false,false,,,home,scheduled,,,,2026-10-14-CSUN-UC-Riverside,regular
sidearm-2026-10-15-Xavier-Creighton,2026-10-15,Xavier,Creighton,false,false,,,away,scheduled,,,,2026-10-15-Creighton-Xavier,regular
sidearm-2026-10-15-Chicago-State-Le-Moyne-College,2026-10-15,Chicago State,Le Moyne College,false,false,,,home,scheduled,,,,2026-10-15-Chicago-State-Le-Moyne-College,regular
sidearm-2026-10-15-Eastern-Illinois-Incarnate-Word,2026-10-15,Eastern Illinois,Incarnate Word,false,false,,,home,scheduled,,,,2026-10-15-Eastern-Illinois-Incarnate-Word,regular
sidearm-2026-10-15-Houston-Christian-Western-Illinois,2026-10-15,Houston Christian,Western Illinois,false,false,,,away,scheduled,,,,2026-10-15-Houston-Christian-Western-Illinois,regular
sidearm-2026-10-15-Lindenwood-SIUE,2026-10-15,Lindenwood,SIUE,false,false,,,away,scheduled,,,,2026-10-15-Lindenwood-SIUE,regular
sidearm-2026-10-15-University-of-Southern-Indiana-The-University-of-Texas-Rio-Grande-Valley,2026-10-15,University of Southern Indiana,The University of Texas Rio Grande Valley,false,false,,,home,scheduled,,,,2026-10-15-The-University-of-Texas-Rio-Grande-Valley-University-of-Southern-Indiana,regular
sidearm-2026-10-15-UTRGV-Southern-Indiana,2026-10-15,UTRGV,University of Southern Indiana,false,false,,,away,scheduled,,,,2026-10-15-UTRGV-University-of-Southern-Indiana,regular
wmt-2026-10-16-Clemson-Louisville,2026-10-16,Clemson,Louisville,false,false,,,home,scheduled,https://clemsontigers.com/sports/mens-soccer/schedule,,,2026-10-16-Clemson-Louisville,regular
sidearm-2026-10-16-Duke-Virginia,2026-10-16,Duke,Virginia,false,false,,,home,scheduled,https://virginiasports.com/sports/msoc/schedule,https://static.virginiasports.com/custompages/sports/m-soccer/stats/2026-2027/VA101626.PDF,,2026-10-16-Duke-Virginia,regular
sidearm-2026-10-16-SMU-Stanford,2026-10-16,SMU,Stanford,false,false,,,home,scheduled,https://gostanford.com/sports/mens-soccer/schedule,,,2026-10-16-SMU-Stanford,regular
sidearm-2026-10-16-Pittsburgh-North-Carolina,2026-10-16,Pittsburgh,North Carolina,false,false,,,away,scheduled,,,,2026-10-16-North-Carolina-Pittsburgh,regular
wmt-2026-10-16-Furman-Virginia-Tech,2026-10-16,Furman,Virginia Tech,false,false,,,away,scheduled,https://hokiesports.com/sports/mens-soccer/schedule,,,2026-10-16-Furman-Virginia-Tech,regular
sidearm-2026-10-16-Providence-Akron,2026-10-16,Providence,Akron,false,false,,,away,scheduled,,,,2026-10-16-Akron-Providence,regular
sidearm-2026-10-16-Butler-Villanova,2026-10-16,Butler,Villanova,false,false,,,home,scheduled,,,,2026-10-16-Butler-Villanova,regular
sidearm-2026-10-16-DePaul-St.-John's,2026-10-16,DePaul,St. John's,false,false,,,home,scheduled,,,,2026-10-16-DePaul-St.-John's,regular
sidearm-2026-10-16-Georgetown-Seton-Hall,2026-10-16,Georgetown,Seton Hall,false,false,,,home,scheduled,,,,2026-10-16-Georgetown-Seton-Hall,regular
sidearm-2026-10-16-Marquette-UConn,2026-10-16,Marquette,UConn,false,false,,,home,scheduled,,,,2026-10-16-Marquette-UConn,regular
sidearm-2026-10-16-Rutgers-Indiana,2026-10-16,Rutgers,Indiana,false,false,,,away,scheduled,,,,2026-10-16-Indiana-Rutgers,regular
sidearm-2026-10-16-Michigan-Maryland,2026-10-16,Michigan,Maryland,false,false,,,away,scheduled,,,,2026-10-16-Maryland-Michigan,regular
sidearm-2026-10-16-Ohio-State--Michigan-State,2026-10-16,Ohio State,Michigan State,false,false,,,away,scheduled,,,,2026-10-16-Michigan-State-Ohio-State,regular
wmt-2026-10-16-Northwestern-Penn-State,2026-10-16,Northwestern,Penn State,false,false,,,home,scheduled,https://nusports.com/sports/mens-soccer/schedule,,,2026-10-16-Northwestern-Penn-State,regular
wmt-2026-10-16-UCLA-Wisconsin,2026-10-16,Wisconsin,UCLA,false,false,,,away,scheduled,https://uclabruins.com/sports/mens-soccer/schedule,,,2026-10-16-UCLA-Wisconsin,regular
sidearm-2026-10-16-Omaha-Oral-Roberts,2026-10-16,Omaha,Oral Roberts,false,false,,,home,scheduled,,,,2026-10-16-Omaha-Oral-Roberts,regular
wmtwp-2026-10-16-Kentucky-West-Virginia,2026-10-16,West Virginia,Kentucky,false,false,,,away,scheduled,https://ukathletics.com/sports/msoc/schedule/2026,,,2026-10-16-Kentucky-West-Virginia,regular
sidearm-2026-10-17-Notre-Dame-Boston-College,2026-10-17,Notre Dame,Boston College,false,false,,,away,scheduled,https://fightingirish.com/sports/msoc/schedule,,,2026-10-17-Boston-College-Notre-Dame,regular
sidearm-2026-10-17-Wake-Forest-Syracuse,2026-10-17,Wake Forest,Syracuse,false,false,,,away,scheduled,,,,2026-10-17-Syracuse-Wake-Forest,regular
sidearm-2026-10-17-Binghamton-University-of-Maryland-Baltimore-County,2026-10-17,Binghamton,UMBC,false,false,,,home,scheduled,,,,2026-10-17-Binghamton-UMBC,regular
sidearm-2026-10-17-Bryant-University-of-Massachusetts-Lowell,2026-10-17,Bryant,University of Massachusetts Lowell,false,false,,,away,scheduled,,,,2026-10-17-Bryant-University-of-Massachusetts-Lowell,regular
sidearm-2026-10-17-Vermont-New-Hampshire,2026-10-17,Vermont,New Hampshire,false,false,,,away,scheduled,,,,2026-10-17-New-Hampshire-Vermont,regular
sidearm-2026-10-17-NJIT-UAlbany,2026-10-17,NJIT,UAlbany,false,false,,,home,scheduled,,,,2026-10-17-NJIT-UAlbany,regular
sidearm-2026-10-17-UMass-Lowell-Bryant,2026-10-17,UMass Lowell,Bryant,false,false,,,home,scheduled,,,,2026-10-17-Bryant-UMass-Lowell,regular
sidearm-2026-10-17-Charlotte-FIU,2026-10-17,Charlotte,FIU,false,false,,,home,scheduled,,,,2026-10-17-Charlotte-FIU,regular
sidearm-2026-10-17-Memphis-UAB,2026-10-17,Memphis,UAB,false,false,,,home,scheduled,,,,2026-10-17-Memphis-UAB,regular
sidearm-2026-10-17-Tulsa-NIU,2026-10-17,Tulsa,NIU,false,false,,,home,scheduled,,,,2026-10-17-NIU-Tulsa,regular
sidearm-2026-10-17-Bellarmine-Jacksonville-University,2026-10-17,Bellarmine,Jacksonville,false,false,,,away,scheduled,,,,2026-10-17-Bellarmine-Jacksonville,regular
sidearm-2026-10-17-Central-Arkansas-Florida-Gulf-Coast,2026-10-17,Central Arkansas,FGCU,false,false,,,home,scheduled,,,,2026-10-17-Central-Arkansas-FGCU,regular
sidearm-2026-10-17-Lipscomb-West-Florida,2026-10-17,Lipscomb,West Florida,false,false,,,home,scheduled,,,,2026-10-17-Lipscomb-West-Florida,regular
sidearm-2026-10-17-North-Florida-Queens-(NC),2026-10-17,North Florida,Queens,false,false,,,home,scheduled,,,,2026-10-17-North-Florida-Queens,regular
sidearm-2026-10-17-Duquesne-Davidson-College,2026-10-17,Duquesne,Davidson College,false,false,,,away,scheduled,,,,2026-10-17-Davidson-College-Duquesne,regular
sidearm-2026-10-17-Dayton-Fordham,2026-10-17,Dayton,Fordham,false,false,,,home,scheduled,,,,2026-10-17-Dayton-Fordham,regular
sidearm-2026-10-17-George-Mason-George-Washington-University,2026-10-17,George Mason,George Washington,false,false,,,home,scheduled,https://gomason.com,,,2026-10-17-George-Mason-George-Washington,regular
sidearm-2026-10-17-La-Salle-Rhode-Island,2026-10-17,La Salle,Rhode Island,false,false,,,away,scheduled,,,,2026-10-17-La-Salle-Rhode-Island,regular
sidearm-2026-10-17-Loyola-Chicago-St.-Bonaventure,2026-10-17,Loyola Chicago,St. Bonaventure,false,false,,,home,scheduled,,,,2026-10-17-Loyola-Chicago-St.-Bonaventure,regular
sidearm-2026-10-17-Saint-Joseph's-Northeastern,2026-10-17,Saint Joseph's,Northeastern,false,false,,,home,scheduled,,,,2026-10-17-Northeastern-Saint-Joseph's,regular
sidearm-2026-10-17-Saint-Louis-VCU,2026-10-17,Saint Louis,VCU,false,false,,,unknown,scheduled,,,,2026-10-17-Saint-Louis-VCU,regular
sidearm-2026-10-17-Gardner-Webb-USC-Upstate,2026-10-17,Gardner-Webb,USC Upstate,false,false,,,home,scheduled,,,,2026-10-17-Gardner-Webb-USC-Upstate,regular
sidearm-2026-10-17-Longwood-Winthrop,2026-10-17,Longwood,Winthrop,false,false,,,away,scheduled,,,,2026-10-17-Longwood-Winthrop,regular
sidearm-2026-10-17-Presbyterian-High-Point,2026-10-17,Presbyterian,High Point,false,false,,,away,scheduled,,,,2026-10-17-High-Point-Presbyterian,regular
sidearm-2026-10-17-Cal-State-Fullerton-UC-Santa-Barbara,2026-10-17,Cal State Fullerton,UC Santa Barbara,false,false,,,home,scheduled,,,,2026-10-17-Cal-State-Fullerton-UC-Santa-Barbara,regular
sidearm-2026-10-17-Sacramento-State-UC-Irvine,2026-10-17,Sacramento State,UC Irvine,false,false,,,home,scheduled,,,,2026-10-17-Sacramento-State-UC-Irvine,regular
sidearm-2026-10-17-Utah-Valley-CSUN,2026-10-17,Utah Valley,CSUN,false,false,,,home,scheduled,,,,2026-10-17-CSUN-Utah-Valley,regular
sidearm-2026-10-17-Charleston-William-&-Mary,2026-10-17,Charleston,William & Mary,false,false,,,home,scheduled,,,,2026-10-17-Charleston-William-&-Mary,regular
sidearm-2026-10-17-Hofstra-Monmouth-(Senior-Day),2026-10-17,Hofstra,Monmouth,false,false,,,home,scheduled,,,,2026-10-17-Hofstra-Monmouth,regular
sidearm-2026-10-17-UNC-Wilmington-Elon,2026-10-17,UNC Wilmington,Elon,false,false,,,unknown,scheduled,,,,2026-10-17-Elon-UNC-Wilmington,regular
sidearm-2026-10-17-Cleveland-State-Wright-State,2026-10-17,Cleveland State,Wright State,false,false,,,away,scheduled,,,,2026-10-17-Cleveland-State-Wright-State,regular
sidearm-2026-10-17-Detroit-Mercy-Oakland,2026-10-17,Detroit Mercy,Oakland,false,false,,,home,scheduled,,,,2026-10-17-Detroit-Mercy-Oakland,regular
sidearm-2026-10-17-IU-Indy-Milwaukee,2026-10-17,IU Indy,Milwaukee,false,false,,,home,scheduled,,,,2026-10-17-IU-Indy-Milwaukee,regular
sidearm-2026-10-17-Northern-Kentucky-Robert-Morris,2026-10-17,Northern Kentucky,Robert Morris,false,false,,,home,scheduled,,,,2026-10-17-Northern-Kentucky-Robert-Morris,regular
sidearm-2026-10-17-Purdue-Fort-Wayne-Green-Bay,2026-10-17,Purdue Fort Wayne,Green Bay,false,false,,,home,scheduled,,,,2026-10-17-Green-Bay-Purdue-Fort-Wayne,regular
sidearm-2026-10-17-Penn-Brown,2026-10-17,Penn,Brown,false,false,,,away,scheduled,,,,2026-10-17-Brown-Penn,regular
sidearm-2026-10-17-Dartmouth-Columbia-University,2026-10-17,Dartmouth College,Columbia University,false,false,,,away,scheduled,,,,2026-10-17-Columbia-University-Dartmouth-College,regular
sidearm-2026-10-17-Cornell-Princeton-University,2026-10-17,Cornell,Princeton,false,false,,,away,scheduled,,,,2026-10-17-Cornell-Princeton,regular
sidearm-2026-10-17-Harvard-Yale,2026-10-17,Harvard,Yale,false,false,,,away,scheduled,,,,2026-10-17-Harvard-Yale,regular
sidearm-2026-10-17-Canisius-Saint-Peter's,2026-10-17,Canisius,Saint Peter's,false,false,,,home,scheduled,,,,2026-10-17-Canisius-Saint-Peter's,regular
sidearm-2026-10-17-Fairfield-Iona,2026-10-17,Fairfield,Iona,false,false,,,away,scheduled,,,,2026-10-17-Fairfield-Iona,regular
sidearm-2026-10-17-Manhattan-Rider,2026-10-17,Manhattan,Rider University,false,false,,,home,scheduled,,,,2026-10-17-Manhattan-Rider-University,regular
sidearm-2026-10-17-Marist-Merrimack-College,2026-10-17,Marist,Merrimack College,false,false,,,home,scheduled,,,,2026-10-17-Marist-Merrimack-College,regular
sidearm-2026-10-17-Mount-St.-Mary's-Siena,2026-10-17,Mount St. Mary's,Siena,false,false,,,away,scheduled,,https://sienasaints.com/boxscore.aspx?id=18807,,2026-10-17-Mount-St.-Mary's-Siena,regular
sidearm-2026-10-17-Niagara-Sacred-Heart,2026-10-17,Niagara,Sacred Heart,false,false,,,away,scheduled,,,,2026-10-17-Niagara-Sacred-Heart,regular
sidearm-2026-10-17-Belmont-University-UIC,2026-10-17,Belmont University,UIC,false,false,,,home,scheduled,,,,2026-10-17-Belmont-University-UIC,regular
sidearm-2026-10-17-Drake-Western-Michigan,2026-10-17,Drake,Western Michigan,false,false,,,home,scheduled,,,,2026-10-17-Drake-Western-Michigan,regular
sidearm-2026-10-17-University-of-Evansville-Bowling-Green,2026-10-17,University of Evansville,Bowling Green,false,false,,,home,scheduled,,,,2026-10-17-Bowling-Green-University-of-Evansville,regular
sidearm-2026-10-17-California-Baptist-San-Diego-State-University,2026-10-17,California Baptist,San Diego State,false,false,,,home,scheduled,https://goaztecs.com/sports/mens-soccer/schedule,,,2026-10-17-California-Baptist-San-Diego-State,regular
sidearm-2026-10-17-Cal-Poly-No.-25-Oregon-State,2026-10-17,Cal Poly,Oregon State,false,true,,,home,scheduled,,,,2026-10-17-Cal-Poly-Oregon-State,regular
sidearm-2026-10-17-UC-Riverside-Gonzaga,2026-10-17,UC Riverside,Gonzaga,false,false,,,away,scheduled,,,,2026-10-17-Gonzaga-UC-Riverside,regular
sidearm-2026-10-17-UC-San-Diego-Cal-State-Bakersfield,2026-10-17,UC San Diego,Cal State Bakersfield,false,false,,,unknown,scheduled,,,,2026-10-17-Cal-State-Bakersfield-UC-San-Diego,regular
sidearm-2026-10-17-Holy-Cross-Army,2026-10-17,Holy Cross,Army,false,false,,,away,scheduled,,,,2026-10-17-Army-Holy-Cross,regular
sidearm-2026-10-17-Bucknell-Lehigh-,2026-10-17,Bucknell,Lehigh,false,false,,,home,scheduled,,,,2026-10-17-Bucknell-Lehigh,regular
sidearm-2026-10-17-Lafayette-Navy,2026-10-17,Lafayette,Navy,false,false,,,home,scheduled,,,,2026-10-17-Lafayette-Navy,regular
sidearm-2026-10-17-Loyola-University-Maryland-Colgate,2026-10-17,Loyola University Maryland,Colgate,false,false,,,home,scheduled,,,,2026-10-17-Colgate-Loyola-University-Maryland,regular
sidearm-2026-10-17-ETSU-Mercer,2026-10-17,ETSU,Mercer,false,false,,,away,scheduled,,,,2026-10-17-ETSU-Mercer,regular
sidearm-2026-10-17-Wofford-Liberty,2026-10-17,Wofford,Liberty,false,false,,,away,scheduled,,,,2026-10-17-Liberty-Wofford,regular
sidearm-2026-10-17-UNC-Greensboro-VMI,2026-10-17,UNC Greensboro,VMI,false,false,,,unknown,scheduled,,,,2026-10-17-UNC-Greensboro-VMI,regular
sidearm-2026-10-17-Delaware-Kansas-City,2026-10-17,Delaware,Kansas City,false,false,,,home,scheduled,,,,2026-10-17-Delaware-Kansas-City,regular
sidearm-2026-10-17-UMass-St.-Thomas,2026-10-17,UMass,St. Thomas,false,false,,,away,scheduled,,,,2026-10-17-St.-Thomas-UMass,regular
sidearm-2026-10-17-Coastal-Carolina-Marshall,2026-10-17,Coastal Carolina,Marshall,false,false,,,home,scheduled,,,,2026-10-17-Coastal-Carolina-Marshall,regular
sidearm-2026-10-17-Georgia-Southern-James-Madison,2026-10-17,Georgia Southern,James Madison,false,false,,,home,scheduled,,,,2026-10-17-Georgia-Southern-James-Madison,regular
sidearm-2026-10-17-Georgia-State-South-Carolina,2026-10-17,Georgia State,South Carolina,false,false,,,away,scheduled,https://gamecocksonline.com/sports/msoc/schedule/2026,,,2026-10-17-Georgia-State-South-Carolina,regular
wmt-2026-10-17-Old-Dominion-UCF,2026-10-17,UCF,Old Dominion,false,false,,,away,scheduled,https://odusports.com/sports/mens-soccer/schedule,,,2026-10-17-Old-Dominion-UCF,regular
sidearm-2026-10-17-Portland-Denver,2026-10-17,Portland,Denver,false,false,,,away,scheduled,,https://portlandpilots.com/boxscore.aspx?id=13253,,2026-10-17-Denver-Portland,regular
sidearm-2026-10-17-Loyola-Marymount-Seattle-U,2026-10-17,Loyola Marymount,Seattle,false,false,,,home,scheduled,https://goseattleu.com/sports/mens-soccer/schedule,,,2026-10-17-Loyola-Marymount-Seattle,regular
sidearm-2026-10-17-Pacific-San-Diego,2026-10-17,Pacific,San Diego,false,false,,,home,scheduled,,,,2026-10-17-Pacific-San-Diego,regular
sidearm-2026-10-17-Santa-Clara-Saint-Mary's,2026-10-17,Santa Clara,Saint Mary's,false,false,,,away,scheduled,,,,2026-10-17-Saint-Mary's-Santa-Clara,regular
sidearm-2026-10-18-California-NC-State,2026-10-18,California,NC State,false,false,,,home,scheduled,,,,2026-10-18-California-NC-State,regular
sidearm-2026-10-18-FAU-Missouri-State,2026-10-18,FAU,Missouri State,false,false,,,home,scheduled,,,,2026-10-18-FAU-Missouri-State,regular
sidearm-2026-10-18-South-Florida-Temple,2026-10-18,South Florida,Temple University,false,false,,,home,scheduled,,,,2026-10-18-South-Florida-Temple-University,regular
sidearm-2026-10-18-Radford-UNC-Asheville,2026-10-18,Radford,UNC Asheville,false,false,,,home,scheduled,,,,2026-10-18-Radford-UNC-Asheville,regular
sidearm-2026-10-18-Stony-Brook-Drexel,2026-10-18,Stony Brook,Drexel,false,false,,,away,scheduled,,,,2026-10-18-Drexel-Stony-Brook,regular
sidearm-2026-10-18-Air-Force-UC-Davis,2026-10-18,Air Force,UC Davis,false,false,,,home,scheduled,,,,2026-10-18-Air-Force-UC-Davis,regular
wmt-2026-10-18-San-Jose-State-UNLV,2026-10-18,San Jose State,UNLV,false,false,,,home,scheduled,https://sjsuspartans.com/sports/mens-soccer/schedule,,,2026-10-18-San-Jose-State-UNLV,regular
sidearm-2026-10-18-Utah-Tech-Grand-Canyon,2026-10-18,Utah Tech,Grand Canyon,false,false,,,home,scheduled,,,,2026-10-18-Grand-Canyon-Utah-Tech,regular
sidearm-2026-10-18-Howard-LIU,2026-10-18,Howard,LIU,false,false,,,home,scheduled,,,,2026-10-18-Howard-LIU,regular
sidearm-2026-10-18-Le-Moyne-College-Central-Connecticut-State-University,2026-10-18,Le Moyne College,Central Connecticut State University,false,false,,,home,scheduled,,,,2026-10-18-Central-Connecticut-State-University-Le-Moyne-College,regular
sidearm-2026-10-18-Mercyhurst-New-Haven,2026-10-18,Mercyhurst,New Haven,false,false,,,home,scheduled,,,,2026-10-18-Mercyhurst-New-Haven,regular
sidearm-2026-10-18-Stonehill-College-FDU,2026-10-18,Stonehill College,FDU,false,false,,,away,scheduled,,,,2026-10-18-FDU-Stonehill-College,regular
sidearm-2026-10-18-Eastern-Illinois-Houston-Christian,2026-10-18,Eastern Illinois,Houston Christian,false,false,,,home,scheduled,,,,2026-10-18-Eastern-Illinois-Houston-Christian,regular
sidearm-2026-10-18-Lindenwood-University-of-Southern-Indiana,2026-10-18,Lindenwood,University of Southern Indiana,false,false,,,away,scheduled,,,,2026-10-18-Lindenwood-University-of-Southern-Indiana,regular
sidearm-2026-10-18-Western-Illinois-University-of-the-Incarnate-Word,2026-10-18,Western Illinois,University of the Incarnate Word,false,false,,,home,scheduled,,,,2026-10-18-University-of-the-Incarnate-Word-Western-Illinois,regular
sidearm-2026-10-18-UTRGV-SIUE,2026-10-18,UTRGV,SIUE,false,false,,,away,scheduled,,,,2026-10-18-SIUE-UTRGV,regular
sidearm-2026-10-18-American-Boston-University,2026-10-18,American,Boston University,false,false,,,home,scheduled,,,,2026-10-18-American-Boston-University,regular
sidearm-2026-10-19-Georgetown-Pitt,2026-10-19,Georgetown,Pittsburgh,false,false,,,away,scheduled,,,,2026-10-19-Georgetown-Pittsburgh,regular
wmt-2026-10-19-Northwestern-UCLA,2026-10-19,Northwestern,UCLA,false,false,,,home,scheduled,https://nusports.com/sports/mens-soccer/schedule,,,2026-10-19-Northwestern-UCLA,regular
sidearm-2026-10-20-SMU-Central-Arkansas,2026-10-20,SMU,Central Arkansas,false,false,,,home,scheduled,,,,2026-10-20-Central-Arkansas-SMU,regular
sidearm-2026-10-20-Wake-Forest-Queens,2026-10-20,Wake Forest,Queens,false,false,,,home,scheduled,,,,2026-10-20-Queens-Wake-Forest,regular
sidearm-2026-10-20-Bryant-Hofstra-University,2026-10-20,Bryant,Hofstra,false,false,,,home,scheduled,,,,2026-10-20-Bryant-Hofstra,regular
sidearm-2026-10-20-Jacksonville-Mercer-University,2026-10-20,Jacksonville,Mercer,false,false,,,away,scheduled,,,,2026-10-20-Jacksonville-Mercer,regular
sidearm-2026-10-20-Saint-Louis-North-Florida,2026-10-20,Saint Louis,North Florida,false,false,,,away,scheduled,,,,2026-10-20-North-Florida-Saint-Louis,regular
sidearm-2026-10-20-George-Washington-Saint-Joseph's,2026-10-20,George Washington,Saint Joseph's,false,false,,,home,scheduled,,,,2026-10-20-George-Washington-Saint-Joseph's,regular
sidearm-2026-10-20-Cleveland-State-Akron,2026-10-20,Cleveland State,Akron,false,false,,,away,scheduled,,,,2026-10-20-Akron-Cleveland-State,regular
sidearm-2026-10-20-DePaul-Western-Michigan,2026-10-20,DePaul,Western Michigan,false,false,,,home,scheduled,,,,2026-10-20-DePaul-Western-Michigan,regular
sidearm-2026-10-20-Maryland-St.-John's,2026-10-20,Maryland,St. John's,false,false,,,away,scheduled,,,,2026-10-20-Maryland-St.-John's,regular
sidearm-2026-10-20-Seton-Hall-Liberty,2026-10-20,Seton Hall,Liberty,false,false,,,home,scheduled,,,,2026-10-20-Liberty-Seton-Hall,regular
sidearm-2026-10-20-Xavier-Northern-Kentucky,2026-10-20,Xavier,Northern Kentucky,false,false,,,home,scheduled,,,,2026-10-20-Northern-Kentucky-Xavier,regular
sidearm-2026-10-20-Campbell-Gardner-Webb,2026-10-20,Campbell,Gardner-Webb,false,false,,,away,scheduled,,,,2026-10-20-Campbell-Gardner-Webb,regular
sidearm-2026-10-20-Furman--USC-Upstate,2026-10-20,Furman,USC Upstate,false,false,,,away,scheduled,,,,2026-10-20-Furman-USC-Upstate,regular
sidearm-2026-10-20-Ohio-State-Indiana,2026-10-20,Ohio State,Indiana,false,false,,,away,scheduled,,,,2026-10-20-Indiana-Ohio-State,regular
wmt-2026-10-20-Penn-State-Rutgers,2026-10-20,Penn State,Rutgers,false,false,,,home,scheduled,https://gopsusports.com/sports/mens-soccer/schedule,,,2026-10-20-Penn-State-Rutgers,regular
sidearm-2026-10-20-Wisconsin-Evansville,2026-10-20,Wisconsin,University of Evansville,false,false,,,home,scheduled,,,,2026-10-20-University-of-Evansville-Wisconsin,regular
sidearm-2026-10-20-Lafayette-Drexel,2026-10-20,Lafayette,Drexel,false,false,,,away,scheduled,,,,2026-10-20-Drexel-Lafayette,regular
sidearm-2026-10-20-Oakland-Bowling-Green,2026-10-20,Oakland,Bowling Green,false,false,,,home,scheduled,,,,2026-10-20-Bowling-Green-Oakland,regular
sidearm-2026-10-20-Wright-State-Ohio-Northern,2026-10-20,Wright State,Ohio Northern,false,false,,,home,scheduled,,,,2026-10-20-Ohio-Northern-Wright-State,regular
sidearm-2026-10-20-Cornell-Bucknell-University,2026-10-20,Cornell,Bucknell,false,false,,,away,scheduled,,,,2026-10-20-Bucknell-Cornell,regular
sidearm-2026-10-20-Penn-Kansas-City,2026-10-20,Penn,Kansas City,false,false,,,home,scheduled,,,,2026-10-20-Kansas-City-Penn,regular
sidearm-2026-10-20-Yale-Fairfield-University,2026-10-20,Yale,Fairfield,false,false,,,away,scheduled,,,,2026-10-20-Fairfield-Yale,regular
sidearm-2026-10-20-Drake-Omaha,2026-10-20,Drake,Omaha,false,false,,,away,scheduled,,,,2026-10-20-Drake-Omaha,regular
sidearm-2026-10-20-UNC-Greensboro-High-Point,2026-10-20,UNC Greensboro,High Point,false,true,,,home,scheduled,,,,2026-10-20-High-Point-UNC-Greensboro,regular
sidearm-2026-10-21-Louisville-Spalding-University-(Ky.),2026-10-21,Louisville,Spalding University (Ky.),false,false,,,home,scheduled,,,,2026-10-21-Louisville-Spalding-University-(Ky.),regular
wmt-2026-10-21-Virginia-Tech-Winthrop,2026-10-21,Virginia Tech,Winthrop,false,false,,,home,scheduled,https://hokiesports.com/sports/mens-soccer/schedule,,,2026-10-21-Virginia-Tech-Winthrop,regular
sidearm-2026-10-21-Davidson-College-Fordham,2026-10-21,Davidson College,Fordham,false,false,,,home,scheduled,,,,2026-10-21-Davidson-College-Fordham,regular
sidearm-2026-10-21-Dayton-Rhode-Island,2026-10-21,Dayton,Rhode Island,false,false,,,away,scheduled,,,,2026-10-21-Dayton-Rhode-Island,regular
sidearm-2026-10-21-Duquesne-St.-Bonaventure,2026-10-21,Duquesne,St. Bonaventure,false,false,,,away,scheduled,,,,2026-10-21-Duquesne-St.-Bonaventure,regular
sidearm-2026-10-21-La-Salle-University-George-Mason,2026-10-21,La Salle,George Mason,false,false,,,away,scheduled,https://gomason.com,,,2026-10-21-George-Mason-La-Salle,regular
sidearm-2026-10-21-Cal-State-Fullerton-Gonzaga,2026-10-21,Cal State Fullerton,Gonzaga,false,false,,,away,scheduled,,,,2026-10-21-Cal-State-Fullerton-Gonzaga,regular
sidearm-2026-10-21-Sacramento-State-Oregon-State,2026-10-21,Sacramento State,Oregon State,false,false,,,away,scheduled,,,,2026-10-21-Oregon-State-Sacramento-State,regular
sidearm-2026-10-21-UC-Irvine-Cal-Poly,2026-10-21,UC Irvine,Cal Poly,false,false,,,home,scheduled,,,,2026-10-21-Cal-Poly-UC-Irvine,regular
sidearm-2026-10-21-UC-Santa-Barbara-California-Baptist,2026-10-21,UC Santa Barbara,California Baptist,true,false,,,home,scheduled,,,,2026-10-21-California-Baptist-UC-Santa-Barbara,regular
sidearm-2026-10-21-Utah-Valley-San-Diego-State,2026-10-21,Utah Valley,San Diego State,false,false,,,away,scheduled,https://goaztecs.com/sports/mens-soccer/schedule,,,2026-10-21-San-Diego-State-Utah-Valley,regular
sidearm-2026-10-21-Harvard-Stonehill,2026-10-21,Harvard,Stonehill College,false,false,,,home,scheduled,,,,2026-10-21-Harvard-Stonehill-College,regular
sidearm-2026-10-21-Gonzaga-CSU-Fullerton,2026-10-21,Gonzaga,CSU Fullerton,false,false,,,home,scheduled,,,,2026-10-21-CSU-Fullerton-Gonzaga,regular
sidearm-2026-10-21-Cal-State-Bakersfield-UC-Riverside,2026-10-21,Cal State Bakersfield,UC Riverside,false,false,,,away,scheduled,,,,2026-10-21-Cal-State-Bakersfield-UC-Riverside,regular
sidearm-2026-10-21-UC-San-Diego-CSUN,2026-10-21,UC San Diego,CSUN,false,false,,,unknown,scheduled,,,,2026-10-21-CSUN-UC-San-Diego,regular
sidearm-2026-10-21-Kentucky-Coastal-Carolina,2026-10-21,Kentucky,Coastal Carolina,false,false,,,away,scheduled,https://ukathletics.com/sports/msoc/schedule/2026,,,2026-10-21-Coastal-Carolina-Kentucky,regular
sidearm-2026-10-21-South-Carolina-Georgia-Southern,2026-10-21,South Carolina,Georgia Southern,false,false,,,away,scheduled,https://gamecocksonline.com/sports/msoc/schedule/2026,,,2026-10-21-Georgia-Southern-South-Carolina,regular
sidearm-2026-10-21-Georgia-State-Old-Dominion,2026-10-21,Georgia State,Old Dominion,false,false,,,home,scheduled,https://odusports.com/sports/mens-soccer/schedule,,,2026-10-21-Georgia-State-Old-Dominion,regular
sidearm-2026-10-21-Marshall-James-Madison,2026-10-21,Marshall,James Madison,false,false,,,away,scheduled,,,,2026-10-21-James-Madison-Marshall,regular
sidearm-2026-10-21-Marshall-JMU,2026-10-21,Marshall,JMU,false,false,,,home,scheduled,,,,2026-10-21-JMU-Marshall,regular
wmt-2026-10-21-UCF-West-Virginia,2026-10-21,West Virginia,UCF,false,false,,,away,scheduled,https://ucfknights.com/sports/mens-soccer/schedule,,,2026-10-21-UCF-West-Virginia,regular
sidearm-2026-10-21-Saint-Mary's-Denver,2026-10-21,Saint Mary's,Denver,false,false,,,away,scheduled,,,,2026-10-21-Denver-Saint-Mary's,regular
sidearm-2026-10-21-Pacific-San-Francisco,2026-10-21,Pacific,San Francisco,false,false,,,away,scheduled,,,,2026-10-21-Pacific-San-Francisco,regular
sidearm-2026-10-21-San-Diego-Santa-Clara,2026-10-21,San Diego,Santa Clara,false,false,,,home,scheduled,,,,2026-10-21-San-Diego-Santa-Clara,regular
wmt-2026-10-21-Portland-Seattle,2026-10-21,Seattle,Portland,false,false,,,home,scheduled,https://goseattleu.com/sports/mens-soccer/schedule,https://portlandpilots.com/boxscore.aspx?id=13253,,2026-10-21-Portland-Seattle,regular
sidearm-2026-10-22-Tulsa-Charlotte,2026-10-22,Tulsa,Charlotte,false,false,,,away,scheduled,,,,2026-10-22-Charlotte-Tulsa,regular
sidearm-2026-10-22-Missouri-State-Bradley,2026-10-22,Missouri State,Bradley,false,false,,,home,scheduled,,,,2026-10-22-Bradley-Missouri-State,regular
sidearm-2026-10-23-Boston-College-Pitt,2026-10-23,Boston College,Pittsburgh,false,false,,,home,scheduled,,,,2026-10-23-Boston-College-Pittsburgh,regular
sidearm-2026-10-23-Duke-North-Carolina,2026-10-23,Duke,North Carolina,false,false,,,home,scheduled,,,,2026-10-23-Duke-North-Carolina,regular
sidearm-2026-10-23-FIU-FAU,2026-10-23,FIU,FAU,false,false,,,away,scheduled,,,,2026-10-23-FAU-FIU,regular
sidearm-2026-10-23-South-Florida-Memphis,2026-10-23,South Florida,Memphis,false,false,,,away,scheduled,,,,2026-10-23-Memphis-South-Florida,regular
sidearm-2026-10-23-UAB-Temple-University,2026-10-23,UAB,Temple University,false,false,,,away,scheduled,,,,2026-10-23-Temple-University-UAB,regular
sidearm-2026-10-23-Longwood-Presbyterian,2026-10-23,Longwood,Presbyterian,false,false,,,away,scheduled,,,,2026-10-23-Longwood-Presbyterian,regular
sidearm-2026-10-23-Indiana-Northwestern,2026-10-23,Indiana,Northwestern,false,false,,,home,scheduled,https://nusports.com/sports/mens-soccer/schedule,,,2026-10-23-Indiana-Northwestern,regular
sidearm-2026-10-23-Rutgers-Michigan,2026-10-23,Rutgers,Michigan,false,false,,,away,scheduled,,,,2026-10-23-Michigan-Rutgers,regular
sidearm-2026-10-23-Michigan-State-Washington,2026-10-23,Michigan State,Washington,false,false,,,home,scheduled,,,,2026-10-23-Michigan-State-Washington,regular
sidearm-2026-10-23-UC-Davis-Utah-Tech,2026-10-23,UC Davis,Utah Tech,false,false,,,unknown,scheduled,,,,2026-10-23-UC-Davis-Utah-Tech,regular
sidearm-2026-10-23-UNLV-Grand-Canyon,2026-10-23,UNLV,Grand Canyon,false,false,,,away,scheduled,,,,2026-10-23-Grand-Canyon-UNLV,regular
sidearm-2026-10-23-Eastern-Illinois-Lindenwood,2026-10-23,Eastern Illinois,Lindenwood,false,false,,,away,scheduled,,,,2026-10-23-Eastern-Illinois-Lindenwood,regular
sidearm-2026-10-23-Houston-Christian-UIW,2026-10-23,Houston Christian,UIW,false,false,,,unknown,scheduled,,,,2026-10-23-Houston-Christian-UIW,regular
sidearm-2026-10-24-California-SMU,2026-10-24,California,SMU,false,false,,,home,scheduled,,,,2026-10-24-California-SMU,regular
sidearm-2026-10-24-NC-State-Stanford,2026-10-24,NC State,Stanford,false,false,,,home,scheduled,https://gostanford.com/sports/mens-soccer/schedule,,,2026-10-24-NC-State-Stanford,regular
sidearm-2026-10-24-Syracuse-Virginia,2026-10-24,Syracuse,Virginia,false,false,,,home,scheduled,https://virginiasports.com/sports/msoc/schedule,https://static.virginiasports.com/custompages/sports/m-soccer/stats/2026-2027/VA102426.PDF,,2026-10-24-Syracuse-Virginia,regular
sidearm-2026-10-24-Elon-Wake-Forest,2026-10-24,Elon,Wake Forest,false,false,,,away,scheduled,,,,2026-10-24-Elon-Wake-Forest,regular
sidearm-2026-10-24-New-Hampshire-UMBC,2026-10-24,New Hampshire,UMBC,false,false,,,home,scheduled,,,,2026-10-24-New-Hampshire-UMBC,regular
sidearm-2026-10-24-NJIT-UMass-Lowell,2026-10-24,NJIT,UMass Lowell,false,false,,,away,scheduled,,,,2026-10-24-NJIT-UMass-Lowell,regular
sidearm-2026-10-24-Vermont-UAlbany,2026-10-24,Vermont,UAlbany,false,false,,,away,scheduled,,,,2026-10-24-UAlbany-Vermont,regular
sidearm-2026-10-24-Bellarmine-Lipscomb-University,2026-10-24,Bellarmine,Lipscomb,false,false,,,home,scheduled,,,,2026-10-24-Bellarmine-Lipscomb,regular
sidearm-2026-10-24-FGCU-Stetson,2026-10-24,FGCU,Stetson,false,false,,,home,scheduled,,,,2026-10-24-FGCU-Stetson,regular
sidearm-2026-10-24-Jacksonville-University-of-West-Florida,2026-10-24,Jacksonville,University of West Florida,false,false,,,unknown,scheduled,,,,2026-10-24-Jacksonville-University-of-West-Florida,regular
sidearm-2026-10-24-Saint-Joseph's-Davidson-College,2026-10-24,Saint Joseph's,Davidson College,false,false,,,away,scheduled,,,,2026-10-24-Davidson-College-Saint-Joseph's,regular
sidearm-2026-10-24-Dayton-George-Washington,2026-10-24,Dayton,George Washington,false,false,,,home,scheduled,,,,2026-10-24-Dayton-George-Washington,regular
sidearm-2026-10-24-Duquesne-VCU,2026-10-24,Duquesne,VCU,false,false,,,home,scheduled,,,,2026-10-24-Duquesne-VCU,regular
sidearm-2026-10-24-La-Salle-St.-Bonaventure,2026-10-24,La Salle,St. Bonaventure,false,false,,,away,scheduled,,,,2026-10-24-La-Salle-St.-Bonaventure,regular
sidearm-2026-10-24-Loyola-Chicago-Saint-Louis,2026-10-24,Loyola Chicago,Saint Louis,false,false,,,away,scheduled,,,,2026-10-24-Loyola-Chicago-Saint-Louis,regular
sidearm-2026-10-24-Akron-Xavier,2026-10-24,Akron,Xavier,false,false,,,home,scheduled,,,,2026-10-24-Akron-Xavier,regular
sidearm-2026-10-24-Butler-Creighton,2026-10-24,Butler,Creighton,false,false,,,away,scheduled,,,,2026-10-24-Butler-Creighton,regular
sidearm-2026-10-24-DePaul-Marquette,2026-10-24,DePaul,Marquette,false,false,,,home,scheduled,,,,2026-10-24-DePaul-Marquette,regular
sidearm-2026-10-24-Georgetown-Villanova,2026-10-24,Georgetown,Villanova,false,false,,,away,scheduled,,,,2026-10-24-Georgetown-Villanova,regular
sidearm-2026-10-24-Connecticut-Providence,2026-10-24,UConn,Providence,false,false,,,away,scheduled,,,,2026-10-24-Providence-UConn,regular
sidearm-2026-10-24-Seton-Hall--St.-John's,2026-10-24,Seton Hall,St. John's,false,false,,,away,scheduled,,,,2026-10-24-Seton-Hall-St.-John's,regular
sidearm-2026-10-24-Winthrop-Gardner-Webb,2026-10-24,Winthrop,Gardner-Webb,false,false,,,away,scheduled,,,,2026-10-24-Gardner-Webb-Winthrop,regular
sidearm-2026-10-24-High-Point-Radford,2026-10-24,High Point,Radford,false,false,,,away,scheduled,,,,2026-10-24-High-Point-Radford,regular
sidearm-2026-10-24-UNC-Asheville-USC-Upstate,2026-10-24,UNC Asheville,USC Upstate,false,false,,,home,scheduled,,,,2026-10-24-UNC-Asheville-USC-Upstate,regular
sidearm-2026-10-24-Maryland-#22-Ohio-State,2026-10-24,Maryland,Ohio State,false,true,,,home,scheduled,,,,2026-10-24-Maryland-Ohio-State,regular
wmt-2026-10-24-Penn-State-Wisconsin,2026-10-24,Penn State,Wisconsin,false,true,,,home,scheduled,https://gopsusports.com/sports/mens-soccer/schedule,,,2026-10-24-Penn-State-Wisconsin,regular
sidearm-2026-10-24-Cal-State-Fullerton-Cal-State-Bakersfield,2026-10-24,Cal State Fullerton,Cal State Bakersfield,false,false,,,home,scheduled,,,,2026-10-24-Cal-State-Bakersfield-Cal-State-Fullerton,regular
sidearm-2026-10-24-Sacramento-State-CSUN,2026-10-24,Sacramento State,CSUN,false,false,,,away,scheduled,,,,2026-10-24-CSUN-Sacramento-State,regular
sidearm-2026-10-24-UC-Irvine-UC-Santa-Barbara,2026-10-24,UC Irvine,UC Santa Barbara,false,false,,,home,scheduled,,,,2026-10-24-UC-Irvine-UC-Santa-Barbara,regular
sidearm-2026-10-24-Utah-Valley-Oregon-State,2026-10-24,Utah Valley,Oregon State,false,false,,,home,scheduled,,,,2026-10-24-Oregon-State-Utah-Valley,regular
sidearm-2026-10-24-Campbell-William-&-Mary,2026-10-24,Campbell,William & Mary,false,false,,,unknown,scheduled,,,,2026-10-24-Campbell-William-&-Mary,regular
sidearm-2026-10-24-UNCW-Charleston,2026-10-24,UNC Wilmington,Charleston,false,false,,,away,scheduled,,,,2026-10-24-Charleston-UNC-Wilmington,regular
sidearm-2026-10-24-Hofstra-Northeastern,2026-10-24,Hofstra,Northeastern,false,false,,,unknown,scheduled,,,,2026-10-24-Hofstra-Northeastern,regular
sidearm-2026-10-24-Monmouth-Stony-Brook,2026-10-24,Monmouth,Stony Brook,false,false,,,unknown,scheduled,,,,2026-10-24-Monmouth-Stony-Brook,regular
sidearm-2026-10-24-Detroit-Mercy-Northern-Kentucky,2026-10-24,Detroit Mercy,Northern Kentucky,false,false,,,away,scheduled,,,,2026-10-24-Detroit-Mercy-Northern-Kentucky,regular
sidearm-2026-10-24-IU-Indy-Green-Bay,2026-10-24,IU Indy,Green Bay,false,false,,,away,scheduled,,,,2026-10-24-Green-Bay-IU-Indy,regular
sidearm-2026-10-24-Milwaukee-Purdue-Fort-Wayne,2026-10-24,Milwaukee,Purdue Fort Wayne,false,false,,,home,scheduled,,,,2026-10-24-Milwaukee-Purdue-Fort-Wayne,regular
sidearm-2026-10-24-Robert-Morris-Wright-State,2026-10-24,Robert Morris,Wright State,false,false,,,home,scheduled,,,,2026-10-24-Robert-Morris-Wright-State,regular
sidearm-2026-10-24-Brown-Princeton,2026-10-24,Brown,Princeton,false,false,,,home,scheduled,,,,2026-10-24-Brown-Princeton,regular
sidearm-2026-10-24-Columbia-University-Yale,2026-10-24,Columbia University,Yale,false,false,,,home,scheduled,,,,2026-10-24-Columbia-University-Yale,regular
sidearm-2026-10-24-Cornell-Dartmouth-College,2026-10-24,Cornell,Dartmouth College,false,false,,,home,scheduled,,,,2026-10-24-Cornell-Dartmouth-College,regular
sidearm-2026-10-24-Harvard-Penn,2026-10-24,Harvard,Penn,false,false,,,home,scheduled,,,,2026-10-24-Harvard-Penn,regular
sidearm-2026-10-24-Canisius-Fairfield,2026-10-24,Canisius,Fairfield,false,false,,,away,scheduled,,,,2026-10-24-Canisius-Fairfield,regular
sidearm-2026-10-24-Iona-Niagara,2026-10-24,Iona,Niagara,false,false,,,away,scheduled,,,,2026-10-24-Iona-Niagara,regular
sidearm-2026-10-24-Manhattan-Merrimack,2026-10-24,Manhattan,Merrimack College,false,false,,,away,scheduled,,,,2026-10-24-Manhattan-Merrimack-College,regular
sidearm-2026-10-24-Marist-Rider-University,2026-10-24,Marist,Rider University,false,false,,,away,scheduled,,,,2026-10-24-Marist-Rider-University,regular
sidearm-2026-10-24-Mount-St.-Mary's-Quinnipiac,2026-10-24,Mount St. Mary's,Quinnipiac,false,false,,,home,scheduled,,,,2026-10-24-Mount-St.-Mary's-Quinnipiac,regular
sidearm-2026-10-24-Sacred-Heart-Siena,2026-10-24,Sacred Heart,Siena,false,false,,,home,scheduled,,https://sienasaints.com/boxscore.aspx?id=18807,,2026-10-24-Sacred-Heart-Siena,regular
sidearm-2026-10-24-University-of-Evansville-UIC,2026-10-24,University of Evansville,UIC,false,false,,,away,scheduled,,,,2026-10-24-UIC-University-of-Evansville,regular
sidearm-2026-10-24-Air-Force-San-Jose-State,2026-10-24,Air Force,San Jose State,false,false,,,home,scheduled,https://sjsuspartans.com/sports/mens-soccer/schedule,,,2026-10-24-Air-Force-San-Jose-State,regular
sidearm-2026-10-24-University-of-Southern-Indiana-SIUE,2026-10-24,University of Southern Indiana,SIUE,false,false,,,unknown,scheduled,,,,2026-10-24-SIUE-University-of-Southern-Indiana,regular
sidearm-2026-10-24-Western-Illinois-UTRGV,2026-10-24,Western Illinois,UTRGV,false,false,,,away,scheduled,,,,2026-10-24-UTRGV-Western-Illinois,regular
sidearm-2026-10-24-UC-San-Diego-California-Baptist,2026-10-24,UC San Diego,California Baptist,false,false,,,away,scheduled,,,,2026-10-24-California-Baptist-UC-San-Diego,regular
sidearm-2026-10-24-Gonzaga-Cal-Poly,2026-10-24,Gonzaga,Cal Poly,false,false,,,away,scheduled,,,,2026-10-24-Cal-Poly-Gonzaga,regular
wmt-2026-10-24-San-Diego-State-UC-Riverside,2026-10-24,UC Riverside,San Diego State,false,false,,,away,scheduled,https://goaztecs.com/sports/mens-soccer/schedule,,,2026-10-24-San-Diego-State-UC-Riverside,regular
sidearm-2026-10-24-American-Lafayette,2026-10-24,American,Lafayette,false,false,,,away,scheduled,,,,2026-10-24-American-Lafayette,regular
sidearm-2026-10-24-Army-Bucknell,2026-10-24,Army,Bucknell,false,false,,,home,scheduled,,,,2026-10-24-Army-Bucknell,regular
sidearm-2026-10-24-Lehigh-Boston-University,2026-10-24,Lehigh,Boston University,false,false,,,away,scheduled,,,,2026-10-24-Boston-University-Lehigh,regular
sidearm-2026-10-24-Loyola-University-Maryland-Navy,2026-10-24,Loyola University Maryland,Navy,false,false,,,away,scheduled,,,,2026-10-24-Loyola-University-Maryland-Navy,regular
sidearm-2026-10-24-Navy-Loyola,2026-10-24,Navy,Loyola,false,false,,,home,scheduled,,,,2026-10-24-Loyola-Navy,regular
sidearm-2026-10-24-ETSU-Furman,2026-10-24,ETSU,Furman,false,false,,,home,scheduled,,,,2026-10-24-ETSU-Furman,regular
sidearm-2026-10-24-VMI-Mercer,2026-10-24,VMI,Mercer,false,false,,,away,scheduled,,,,2026-10-24-Mercer-VMI,regular
sidearm-2026-10-24-UNC-Greensboro-Wofford,2026-10-24,UNC Greensboro,Wofford,false,false,,,home,scheduled,,,,2026-10-24-UNC-Greensboro-Wofford,regular
sidearm-2026-10-24-Delaware-Oral-Roberts,2026-10-24,Delaware,Oral Roberts,false,false,,,home,scheduled,,,,2026-10-24-Delaware-Oral-Roberts,regular
sidearm-2026-10-24-Omaha-St.-Thomas,2026-10-24,Omaha,St. Thomas,false,false,,,away,scheduled,,,,2026-10-24-Omaha-St.-Thomas,regular
sidearm-2026-10-24-Denver-Pacific,2026-10-24,Denver,Pacific,false,false,,,home,scheduled,,,,2026-10-24-Denver-Pacific,regular
sidearm-2026-10-24-San-Francisco-Seattle-U,2026-10-24,San Francisco,Seattle,false,false,,,home,scheduled,https://goseattleu.com/sports/mens-soccer/schedule,,,2026-10-24-San-Francisco-Seattle,regular
sidearm-2026-10-24-Santa-Clara-Portland,2026-10-24,Santa Clara,Portland,false,false,,,away,scheduled,,https://portlandpilots.com/boxscore.aspx?id=13253,,2026-10-24-Portland-Santa-Clara,regular
wmt-2026-10-25-Clemson-Virginia-Tech,2026-10-25,Virginia Tech,Clemson,false,false,,,away,scheduled,https://clemsontigers.com/sports/mens-soccer/schedule,,,2026-10-25-Clemson-Virginia-Tech,regular
sidearm-2026-10-25-Louisville-University-of-Notre-Dame,2026-10-25,Louisville,Notre Dame,false,false,,,home,scheduled,https://fightingirish.com/sports/msoc/schedule,,,2026-10-25-Louisville-Notre-Dame,regular
sidearm-2026-10-25-Binghamton-Bryant-University,2026-10-25,Binghamton,Bryant,false,false,,,away,scheduled,,,,2026-10-25-Binghamton-Bryant,regular
sidearm-2026-10-25-Central-Arkansas-Queens,2026-10-25,Central Arkansas,Queens,false,false,,,home,scheduled,,,,2026-10-25-Central-Arkansas-Queens,regular
sidearm-2026-10-25-George-Mason-University-of-Rhode-Island,2026-10-25,George Mason,Rhode Island,false,false,,,home,scheduled,https://gomason.com,,,2026-10-25-George-Mason-Rhode-Island,regular
wmt-2026-10-25-San-Diego-UCLA,2026-10-25,UCLA,San Diego,false,false,,,home,scheduled,https://uclabruins.com/sports/mens-soccer/schedule,,,2026-10-25-San-Diego-UCLA,regular
sidearm-2026-10-25-Cleveland-State-NIU,2026-10-25,Cleveland State,NIU,false,false,,,away,scheduled,,,,2026-10-25-Cleveland-State-NIU,regular
sidearm-2026-10-25-Belmont-University-Bowling-Green,2026-10-25,Belmont University,Bowling Green,false,false,,,away,scheduled,,,,2026-10-25-Belmont-University-Bowling-Green,regular
sidearm-2026-10-25-Drake-Bradley,2026-10-25,Drake,Bradley,false,false,,,away,scheduled,,,,2026-10-25-Bradley-Drake,regular
sidearm-2026-10-25-Chicago-State-Central-Connecticut-State-University,2026-10-25,Chicago State,Central Connecticut State University,false,false,,,away,scheduled,,,,2026-10-25-Central-Connecticut-State-University-Chicago-State,regular
sidearm-2026-10-25-Howard-New-Haven,2026-10-25,Howard,New Haven,false,false,,,home,scheduled,,,,2026-10-25-Howard-New-Haven,regular
sidearm-2026-10-25-Le-Moyne-College-Mercyhurst-University,2026-10-25,Le Moyne College,Mercyhurst,false,false,,,away,scheduled,,,,2026-10-25-Le-Moyne-College-Mercyhurst,regular
sidearm-2026-10-25-Stonehill-College-LIU,2026-10-25,Stonehill College,LIU,false,false,,,away,scheduled,,,,2026-10-25-LIU-Stonehill-College,regular
sidearm-2026-10-25-Kansas-City-(RV)-Massachusetts,2026-10-25,Kansas City,Massachusetts,false,true,,,home,scheduled,,,,2026-10-25-Kansas-City-Massachusetts,regular
sidearm-2026-10-25-Kansas-City-UMass,2026-10-25,Kansas City,UMass,false,false,,,away,scheduled,,,,2026-10-25-Kansas-City-UMass,regular
sidearm-2026-10-25-Coastal-Carolina-Old-Dominion,2026-10-25,Coastal Carolina,Old Dominion,false,false,,,home,scheduled,https://odusports.com/sports/mens-soccer/schedule,,,2026-10-25-Coastal-Carolina-Old-Dominion,regular
sidearm-2026-10-25-Georgia-Southern-West-Virginia,2026-10-25,Georgia Southern,West Virginia,false,false,,,home,scheduled,,,,2026-10-25-Georgia-Southern-West-Virginia,regular
sidearm-2026-10-25-Georgia-State-Marshall,2026-10-25,Georgia State,Marshall,false,false,,,away,scheduled,,,,2026-10-25-Georgia-State-Marshall,regular
sidearm-2026-10-25-James-Madison-Kentucky,2026-10-25,James Madison,Kentucky,false,false,,,home,scheduled,https://ukathletics.com/sports/msoc/schedule/2026,,,2026-10-25-James-Madison-Kentucky,regular
wmtwp-2026-10-25-South-Carolina-UCF,2026-10-25,UCF,South Carolina,false,false,,,away,scheduled,https://gamecocksonline.com/sports/msoc/schedule/2026,,,2026-10-25-South-Carolina-UCF,regular
sidearm-2026-10-25-Loyola-Marymount-Saint-Mary's,2026-10-25,Loyola Marymount,Saint Mary's,false,false,,,away,scheduled,,,,2026-10-25-Loyola-Marymount-Saint-Mary's,regular
sidearm-2026-10-26-Michigan-Washington,2026-10-26,Michigan,Washington,false,false,,,home,scheduled,,,,2026-10-26-Michigan-Washington,regular
sidearm-2026-10-27-North-Carolina-William-&-Mary,2026-10-27,North Carolina,William & Mary,false,false,,,home,scheduled,,,,2026-10-27-North-Carolina-William-&-Mary,regular
sidearm-2026-10-27-Temple-University-Monmouth,2026-10-27,Temple University,Monmouth,false,false,,,home,scheduled,,,,2026-10-27-Monmouth-Temple-University,regular
sidearm-2026-10-27-Evansville-Lipscomb,2026-10-27,University of Evansville,Lipscomb,false,false,,,away,scheduled,,,,2026-10-27-Lipscomb-University-of-Evansville,regular
sidearm-2026-10-27-Presbyterian-Davidson-College,2026-10-27,Presbyterian,Davidson College,false,false,,,away,scheduled,,,,2026-10-27-Davidson-College-Presbyterian,regular
sidearm-2026-10-27-Saint-Joseph's-Villanova,2026-10-27,Saint Joseph's,Villanova,false,false,,,home,scheduled,,,,2026-10-27-Saint-Joseph's-Villanova,regular
sidearm-2026-10-27-Winthrop-Furman,2026-10-27,Winthrop,Furman,false,false,,,home,scheduled,,,,2026-10-27-Furman-Winthrop,regular
sidearm-2026-10-27-Michigan-State-Green-Bay,2026-10-27,Michigan State,Green Bay,false,false,,,home,scheduled,,,,2026-10-27-Green-Bay-Michigan-State,regular
sidearm-2026-10-27-Hofstra-Columbia,2026-10-27,Hofstra,Columbia University,false,false,,,away,scheduled,,,,2026-10-27-Columbia-University-Hofstra,regular
sidearm-2026-10-27-Holy-Cross-Brown,2026-10-27,Holy Cross,Brown,false,false,,,away,scheduled,,,,2026-10-27-Brown-Holy-Cross,regular
sidearm-2026-10-27-Fairfield-Army-West-Point,2026-10-27,Fairfield,Army,false,false,,,home,scheduled,,,,2026-10-27-Army-Fairfield,regular
sidearm-2026-10-27-Liberty-Oral-Roberts,2026-10-27,Liberty,Oral Roberts,false,false,,,home,scheduled,,,,2026-10-27-Liberty-Oral-Roberts,regular
sidearm-2026-10-28-Boston-College-AIC,2026-10-28,Boston College,AIC,false,false,,,home,scheduled,,,,2026-10-28-AIC-Boston-College,regular
sidearm-2026-10-28-Memphis-Charlotte,2026-10-28,Memphis,Charlotte,false,false,,,away,scheduled,,,,2026-10-28-Charlotte-Memphis,regular
sidearm-2026-10-28-FAU-USF,2026-10-28,FAU,USF,false,false,,,home,scheduled,,,,2026-10-28-FAU-USF,regular
sidearm-2026-10-28-FIU-Tulsa,2026-10-28,FIU,Tulsa,false,false,,,home,scheduled,,,,2026-10-28-FIU-Tulsa,regular
sidearm-2026-10-28-Missouri-State-UAB,2026-10-28,Missouri State,UAB,false,false,,,home,scheduled,,,,2026-10-28-Missouri-State-UAB,regular
sidearm-2026-10-28-Florida-Atlantic-South-Florida,2026-10-28,FAU,South Florida,false,false,,,away,scheduled,,,,2026-10-28-FAU-South-Florida,regular
sidearm-2026-10-28-Duquesne-Penn-State,2026-10-28,Duquesne,Penn State,false,false,,,away,scheduled,https://gopsusports.com/sports/mens-soccer/schedule,,,2026-10-28-Duquesne-Penn-State,regular
sidearm-2026-10-28-Iona-Quinnipiac,2026-10-28,Iona,Quinnipiac,false,false,,,away,scheduled,,,,2026-10-28-Iona-Quinnipiac,regular
sidearm-2026-10-28-Manhattan-Sacred-Heart,2026-10-28,Manhattan,Sacred Heart,false,false,,,home,scheduled,,,,2026-10-28-Manhattan-Sacred-Heart,regular
sidearm-2026-10-28-Marist-Saint-Peter's-University,2026-10-28,Marist,Saint Peter's,false,false,,,home,scheduled,,,,2026-10-28-Marist-Saint-Peter's,regular
sidearm-2026-10-28-Merrimack-College-Siena-University,2026-10-28,Merrimack College,Siena,false,false,,,away,scheduled,,https://sienasaints.com/boxscore.aspx?id=18807,,2026-10-28-Merrimack-College-Siena,regular
sidearm-2026-10-28-Mount-St.-Mary's-Niagara,2026-10-28,Mount St. Mary's,Niagara,false,false,,,away,scheduled,,,,2026-10-28-Mount-St.-Mary's-Niagara,regular
sidearm-2026-10-28-Utah-Tech-Air-Force,2026-10-28,Utah Tech,Air Force,false,false,,,away,scheduled,,,,2026-10-28-Air-Force-Utah-Tech,regular
wmt-2026-10-28-Grand-Canyon-San-Jose-State,2026-10-28,San Jose State,Grand Canyon,false,false,,,home,scheduled,https://sjsuspartans.com/sports/mens-soccer/schedule,,,2026-10-28-Grand-Canyon-San-Jose-State,regular
sidearm-2026-10-28-UC-Davis-UNLV,2026-10-28,UC Davis,UNLV,false,false,,,unknown,scheduled,,,,2026-10-28-UC-Davis-UNLV,regular
sidearm-2026-10-28-Howard-Virginia-State,2026-10-28,Howard,Virginia State,false,false,,,home,scheduled,,,,2026-10-28-Howard-Virginia-State,regular
sidearm-2026-10-29-Eastern-Illinois-Southern-Indiana,2026-10-29,Eastern Illinois,University of Southern Indiana,false,false,,,unknown,scheduled,,,,2026-10-29-Eastern-Illinois-University-of-Southern-Indiana,regular
sidearm-2026-10-29-Houston-Christian-Lindenwood,2026-10-29,Houston Christian,Lindenwood,false,false,,,unknown,scheduled,,,,2026-10-29-Houston-Christian-Lindenwood,regular
sidearm-2026-10-29-Western-Illinois-SIUE,2026-10-29,Western Illinois,SIUE,false,false,,,unknown,scheduled,,,,2026-10-29-SIUE-Western-Illinois,regular
sidearm-2026-10-29-UTRGV-UIW,2026-10-29,UTRGV,UIW,false,false,,,unknown,scheduled,,,,2026-10-29-UIW-UTRGV,regular
sidearm-2026-10-29-West-Virginia-Coastal-Carolina,2026-10-29,West Virginia,Coastal Carolina,false,false,,,away,scheduled,,,,2026-10-29-Coastal-Carolina-West-Virginia,regular
sidearm-2026-10-29-Georgia-State-Central-Florida,2026-10-29,Georgia State,UCF,false,false,,,home,scheduled,https://ucfknights.com/sports/mens-soccer/schedule,,,2026-10-29-Georgia-State-UCF,regular
sidearm-2026-10-30-Stanford-California,2026-10-30,Stanford,California,false,false,,,away,scheduled,https://gostanford.com/sports/mens-soccer/schedule,,,2026-10-30-California-Stanford,regular
wmt-2026-10-30-Clemson-Wake-Forest,2026-10-30,Clemson,Wake Forest,false,false,,,home,scheduled,https://clemsontigers.com/sports/mens-soccer/schedule,,,2026-10-30-Clemson-Wake-Forest,regular
sidearm-2026-10-30-Notre-Dame-Duke,2026-10-30,Notre Dame,Duke,false,false,,,away,scheduled,https://fightingirish.com/sports/msoc/schedule,,,2026-10-30-Duke-Notre-Dame,regular
sidearm-2026-10-30-Southern-Methodist-University-Louisville,2026-10-30,SMU,Louisville,false,false,,,away,scheduled,,,,2026-10-30-Louisville-SMU,regular
sidearm-2026-10-30-North-Carolina-NC-State,2026-10-30,North Carolina,NC State,false,false,,,away,scheduled,,,,2026-10-30-NC-State-North-Carolina,regular
sidearm-2026-10-30-Virginia-Tech-Syracuse,2026-10-30,Virginia Tech,Syracuse,false,false,,,away,scheduled,https://hokiesports.com/sports/mens-soccer/schedule,,,2026-10-30-Syracuse-Virginia-Tech,regular
wmt-2026-10-30-Pittsburgh-Virginia,2026-10-30,Virginia,Pittsburgh,false,false,,,home,scheduled,https://virginiasports.com/sports/msoc/schedule,https://static.virginiasports.com/custompages/sports/m-soccer/stats/2026-2027/VA103026.PDF,,2026-10-30-Pittsburgh-Virginia,regular
sidearm-2026-10-30-Binghamton-University-of-Vermont,2026-10-30,Binghamton,Vermont,false,false,,,away,scheduled,,,,2026-10-30-Binghamton-Vermont,regular
sidearm-2026-10-30-Bryant-New-Jersey-Institute-of-Technology,2026-10-30,Bryant,New Jersey Institute of Technology,false,false,,,away,scheduled,,,,2026-10-30-Bryant-New-Jersey-Institute-of-Technology,regular
sidearm-2026-10-30-New-Hampshire-UMass-Lowell,2026-10-30,New Hampshire,UMass Lowell,false,false,,,home,scheduled,,,,2026-10-30-New-Hampshire-UMass-Lowell,regular
sidearm-2026-10-30-NJIT-Bryant,2026-10-30,NJIT,Bryant,false,false,,,home,scheduled,,,,2026-10-30-Bryant-NJIT,regular
sidearm-2026-10-30-UMBC-UAlbany,2026-10-30,UMBC,UAlbany,false,false,,,unknown,scheduled,,,,2026-10-30-UAlbany-UMBC,regular
"sidearm-2026-10-30-University-of-Maryland,-Baltimore-County-UMBC",2026-10-30,UMBC,UMBC,false,false,,,away,scheduled,https://umbcretrievers.com,,,2026-10-30-UMBC-UMBC,regular
sidearm-2026-10-30-South-Florida-Florida-College,2026-10-30,South Florida,Florida College,false,false,,,home,scheduled,,,,2026-10-30-Florida-College-South-Florida,regular
sidearm-2026-10-30-Rhode-Island-UM-Fort-Kent,2026-10-30,Rhode Island,UM Fort Kent,false,false,,,unknown,scheduled,,,,2026-10-30-Rhode-Island-UM-Fort-Kent,regular
sidearm-2026-10-30-Georgetown-Creighton,2026-10-30,Georgetown,Creighton,false,false,,,away,scheduled,,,,2026-10-30-Creighton-Georgetown,regular
sidearm-2026-10-30-Longwood-Radford,2026-10-30,Longwood,Radford,false,false,,,home,scheduled,,,,2026-10-30-Longwood-Radford,regular
sidearm-2026-10-30-UCLA-Indiana,2026-10-30,UCLA,Indiana,false,false,,,away,scheduled,https://uclabruins.com/sports/mens-soccer/schedule,,,2026-10-30-Indiana-UCLA,regular
sidearm-2026-10-30-#11-Washington-Maryland,2026-10-30,Washington,Maryland,true,false,,,away,scheduled,,,,2026-10-30-Maryland-Washington,regular
sidearm-2026-10-30-Wisconsin-Michigan,2026-10-30,Wisconsin,Michigan,false,false,,,away,scheduled,,,,2026-10-30-Michigan-Wisconsin,regular
sidearm-2026-10-30-Michigan-State-Rutgers-,2026-10-30,Michigan State,Rutgers,false,false,,,home,scheduled,,,,2026-10-30-Michigan-State-Rutgers,regular
wmt-2026-10-30-Northwestern-Ohio-State,2026-10-30,Ohio State,Northwestern,false,false,,,away,scheduled,https://nusports.com/sports/mens-soccer/schedule,,,2026-10-30-Northwestern-Ohio-State,regular
sidearm-2026-10-30-Mercer-Charleston,2026-10-30,Mercer,Charleston,false,false,,,away,scheduled,,,,2026-10-30-Charleston-Mercer,regular
sidearm-2026-10-30-Northeastern-Stony-Brook,2026-10-30,Northeastern,Stony Brook,false,false,,,unknown,scheduled,,,,2026-10-30-Northeastern-Stony-Brook,regular
sidearm-2026-10-30-Cleveland-State-Robert-Morris,2026-10-30,Cleveland State,Robert Morris,false,false,,,home,scheduled,,,,2026-10-30-Cleveland-State-Robert-Morris,regular
sidearm-2026-10-30-Detroit-Mercy-Milwaukee,2026-10-30,Detroit Mercy,Milwaukee,false,false,,,home,scheduled,,,,2026-10-30-Detroit-Mercy-Milwaukee,regular
sidearm-2026-10-30-IU-Indy-Wright-State,2026-10-30,IU Indy,Wright State,false,false,,,away,scheduled,,,,2026-10-30-IU-Indy-Wright-State,regular
sidearm-2026-10-30-Northern-Kentucky-Oakland,2026-10-30,Northern Kentucky,Oakland,false,false,,,away,scheduled,,,,2026-10-30-Northern-Kentucky-Oakland,regular
sidearm-2026-10-30-Purdue-Fort-Wayne-Northern-Illinois,2026-10-30,Purdue Fort Wayne,Northern Illinois,false,false,,,home,scheduled,,,,2026-10-30-Northern-Illinois-Purdue-Fort-Wayne,regular
sidearm-2026-10-30-Belmont-University-Western-Michigan,2026-10-30,Belmont University,Western Michigan,false,false,,,home,scheduled,,,,2026-10-30-Belmont-University-Western-Michigan,regular
sidearm-2026-10-30-Drake-UIC,2026-10-30,Drake,UIC,false,false,,,home,scheduled,,,,2026-10-30-Drake-UIC,regular
sidearm-2026-10-30-University-of-Evansville-Bradley,2026-10-30,University of Evansville,Bradley,false,false,,,away,scheduled,,,,2026-10-30-Bradley-University-of-Evansville,regular
sidearm-2026-10-30-American-Holy-Cross,2026-10-30,American,Holy Cross,false,false,,,unknown,scheduled,,,,2026-10-30-American-Holy-Cross,regular
sidearm-2026-10-30-Army-Loyola-Md.,2026-10-30,Army,Loyola Md.,false,false,,,home,scheduled,,,,2026-10-30-Army-Loyola-Md.,regular
sidearm-2026-10-30-Boston-University-Lafayette,2026-10-30,Boston University,Lafayette,false,false,,,home,scheduled,,,,2026-10-30-Boston-University-Lafayette,regular
sidearm-2026-10-30-Bucknell-Navy,2026-10-30,Bucknell,Navy,false,false,,,home,scheduled,,,,2026-10-30-Bucknell-Navy,regular
sidearm-2026-10-30-Lafayette-Boston,2026-10-30,Lafayette,Boston College,false,false,,,away,scheduled,,,,2026-10-30-Boston-College-Lafayette,regular
sidearm-2026-10-30-Lehigh-Colgate,2026-10-30,Lehigh,Colgate,false,false,,,home,scheduled,,,,2026-10-30-Colgate-Lehigh,regular
sidearm-2026-10-30-Loyola-University-Maryland-Army-West-Point,2026-10-30,Loyola University Maryland,Army,false,false,,,away,scheduled,,,,2026-10-30-Army-Loyola-University-Maryland,regular
sidearm-2026-10-30-Liberty-VMI,2026-10-30,Liberty,VMI,false,false,,,home,scheduled,,,,2026-10-30-Liberty-VMI,regular
sidearm-2026-10-30-Kentucky-Georgia-Southern,2026-10-30,Kentucky,Georgia Southern,false,false,,,away,scheduled,https://ukathletics.com/sports/msoc/schedule/2026,,,2026-10-30-Georgia-Southern-Kentucky,regular
sidearm-2026-10-30-Old-Dominion--James-Madison,2026-10-30,Old Dominion,James Madison,false,false,,,away,scheduled,https://odusports.com/sports/mens-soccer/schedule,,,2026-10-30-James-Madison-Old-Dominion,regular
sidearm-2026-10-30-South-Carolina-Marshall,2026-10-30,South Carolina,Marshall,false,false,,,away,scheduled,https://gamecocksonline.com/sports/msoc/schedule/2026,,,2026-10-30-Marshall-South-Carolina,regular
sidearm-2026-10-30-Lafayette-Boston,2026-10-30,Lafayette,Boston,false,false,,,away,scheduled,,,,2026-10-30-Boston-Lafayette,regular
sidearm-2026-10-31-Bellarmine-Queens-University-of-Charlotte,2026-10-31,Bellarmine,Queens,false,false,,,away,scheduled,,,,2026-10-31-Bellarmine-Queens,regular
sidearm-2026-10-31-Central-Arkansas-Stetson,2026-10-31,Central Arkansas,Stetson,false,false,,,away,scheduled,,,,2026-10-31-Central-Arkansas-Stetson,regular
sidearm-2026-10-31-FGCU-Jacksonville,2026-10-31,FGCU,Jacksonville,false,false,,,away,scheduled,,,,2026-10-31-FGCU-Jacksonville,regular
sidearm-2026-10-31-Lipscomb-North-Florida,2026-10-31,Lipscomb,North Florida,false,false,,,home,scheduled,,,,2026-10-31-Lipscomb-North-Florida,regular
sidearm-2026-10-31-Davidson-College-Saint-Louis,2026-10-31,Davidson College,Saint Louis,false,false,,,home,scheduled,,,,2026-10-31-Davidson-College-Saint-Louis,regular
sidearm-2026-10-31-Dayton-Loyola-Chicago,2026-10-31,Dayton,Loyola Chicago,false,false,,,away,scheduled,,,,2026-10-31-Dayton-Loyola-Chicago,regular
sidearm-2026-10-31-Duquesne-La-Salle,2026-10-31,Duquesne,La Salle,false,false,,,away,scheduled,,,,2026-10-31-Duquesne-La-Salle,regular
sidearm-2026-10-31-Fordham-Saint-Joseph's-University,2026-10-31,Fordham,Saint Joseph's,false,false,,,home,scheduled,,,,2026-10-31-Fordham-Saint-Joseph's,regular
sidearm-2026-10-31-Virginia-Commonwealth-University-George-Mason,2026-10-31,VCU,George Mason,false,false,,,away,scheduled,https://gomason.com,,,2026-10-31-George-Mason-VCU,regular
sidearm-2026-10-31-George-Washington-St.-Bonaventure,2026-10-31,George Washington,St. Bonaventure,false,false,,,home,scheduled,,,,2026-10-31-George-Washington-St.-Bonaventure,regular
sidearm-2026-10-31-Villanova-Akron,2026-10-31,Villanova,Akron,false,false,,,away,scheduled,,,,2026-10-31-Akron-Villanova,regular
sidearm-2026-10-31-Butler-DePaul,2026-10-31,Butler,DePaul,false,false,,,home,scheduled,,,,2026-10-31-Butler-DePaul,regular
sidearm-2026-10-31-St.-John's-Marquette,2026-10-31,St. John's,Marquette,false,false,,,away,scheduled,,,,2026-10-31-Marquette-St.-John's,regular
sidearm-2026-10-31-Providence-Seton-Hall-,2026-10-31,Providence,Seton Hall,false,false,,,home,scheduled,,,,2026-10-31-Providence-Seton-Hall,regular
sidearm-2026-10-31-Xavier-UConn,2026-10-31,Xavier,UConn,false,false,,,away,scheduled,,,,2026-10-31-UConn-Xavier,regular
sidearm-2026-10-31-Gardner-Webb-Presbyterian,2026-10-31,Gardner-Webb,Presbyterian,false,false,,,home,scheduled,,,,2026-10-31-Gardner-Webb-Presbyterian,regular
sidearm-2026-10-31-High-Point-UNC-Asheville,2026-10-31,High Point,UNC Asheville,false,false,,,away,scheduled,,,,2026-10-31-High-Point-UNC-Asheville,regular
sidearm-2026-10-31-USC-Upstate-Winthrop-,2026-10-31,USC Upstate,Winthrop,false,false,,,home,scheduled,,,,2026-10-31-USC-Upstate-Winthrop,regular
sidearm-2026-10-31-Cal-State-Fullerton-Sacramento-State,2026-10-31,Cal State Fullerton,Sacramento State,false,false,,,away,scheduled,,,,2026-10-31-Cal-State-Fullerton-Sacramento-State,regular
sidearm-2026-10-31-California-Baptist-UC-Irvine,2026-10-31,California Baptist,UC Irvine,false,false,,,away,scheduled,,,,2026-10-31-California-Baptist-UC-Irvine,regular
sidearm-2026-10-31-UC-Santa-Barbara-CSUN,2026-10-31,UC Santa Barbara,CSUN,false,false,,,home,scheduled,,,,2026-10-31-CSUN-UC-Santa-Barbara,regular
sidearm-2026-10-31-Utah-Valley-Cal-State-Bakersfield,2026-10-31,Utah Valley,Cal State Bakersfield,false,false,,,away,scheduled,,,,2026-10-31-Cal-State-Bakersfield-Utah-Valley,regular
sidearm-2026-10-31-Campbell-Elon,2026-10-31,Campbell,Elon,false,false,,,unknown,scheduled,,,,2026-10-31-Campbell-Elon,regular
sidearm-2026-10-31-Drexel-Monmouth,2026-10-31,Drexel,Monmouth,false,false,,,home,scheduled,,,,2026-10-31-Drexel-Monmouth,regular
sidearm-2026-10-31-UNC-Wilmington-William-&-Mary,2026-10-31,UNC Wilmington,William & Mary,false,false,,,unknown,scheduled,,,,2026-10-31-UNC-Wilmington-William-&-Mary,regular
sidearm-2026-10-31-Dartmouth-Brown,2026-10-31,Dartmouth College,Brown,false,false,,,away,scheduled,,,,2026-10-31-Brown-Dartmouth-College,regular
sidearm-2026-10-31-Penn-Columbia-University,2026-10-31,Penn,Columbia University,false,false,,,away,scheduled,,,,2026-10-31-Columbia-University-Penn,regular
sidearm-2026-10-31-Cornell-Yale-University,2026-10-31,Cornell,Yale,false,false,,,away,scheduled,,,,2026-10-31-Cornell-Yale,regular
sidearm-2026-10-31-Harvard-Princeton,2026-10-31,Harvard,Princeton,false,false,,,away,scheduled,,,,2026-10-31-Harvard-Princeton,regular
sidearm-2026-10-31-Canisius-Merrimack,2026-10-31,Canisius,Merrimack College,false,false,,,away,scheduled,,,,2026-10-31-Canisius-Merrimack-College,regular
sidearm-2026-10-31-Fairfield-Niagara,2026-10-31,Fairfield,Niagara,false,false,,,away,scheduled,,,,2026-10-31-Fairfield-Niagara,regular
sidearm-2026-10-31-Manhattan-Marist,2026-10-31,Manhattan,Marist,false,false,,,home,scheduled,,,,2026-10-31-Manhattan-Marist,regular
sidearm-2026-10-31-Mount-St.-Mary's-Saint-Peter's,2026-10-31,Mount St. Mary's,Saint Peter's,false,false,,,home,scheduled,,,,2026-10-31-Mount-St.-Mary's-Saint-Peter's,regular
sidearm-2026-10-31-Siena-Quinnipiac,2026-10-31,Siena,Quinnipiac,false,false,,,away,scheduled,,https://sienasaints.com/boxscore.aspx?id=18807,,2026-10-31-Quinnipiac-Siena,regular
sidearm-2026-10-31-Rider-University-Sacred-Heart,2026-10-31,Rider University,Sacred Heart,false,false,,,away,scheduled,,,,2026-10-31-Rider-University-Sacred-Heart,regular
sidearm-2026-10-31-Cal-Poly-UC-Riverside,2026-10-31,Cal Poly,UC Riverside,false,false,,,home,scheduled,,,,2026-10-31-Cal-Poly-UC-Riverside,regular
sidearm-2026-10-31-Oregon-State-Gonzaga,2026-10-31,Oregon State,Gonzaga,false,false,,,away,scheduled,,,,2026-10-31-Gonzaga-Oregon-State,regular
wmt-2026-10-31-San-Diego-State-UC-San-Diego,2026-10-31,San Diego State,UC San Diego,false,false,,,home,scheduled,https://goaztecs.com/sports/mens-soccer/schedule,,,2026-10-31-San-Diego-State-UC-San-Diego,regular
sidearm-2026-10-31-ETSU-UNCG,2026-10-31,ETSU,UNC Greensboro,false,false,,,away,scheduled,,,,2026-10-31-ETSU-UNC-Greensboro,regular
sidearm-2026-10-31-Furman-Wofford,2026-10-31,Furman,Wofford,false,false,,,away,scheduled,,,,2026-10-31-Furman-Wofford,regular
sidearm-2026-10-31-UMass-Delaware,2026-10-31,UMass,Delaware,false,false,,,away,scheduled,,,,2026-10-31-Delaware-UMass,regular
sidearm-2026-10-31-Omaha-Kansas-City,2026-10-31,Omaha,Kansas City,false,false,,,away,scheduled,,,,2026-10-31-Kansas-City-Omaha,regular
sidearm-2026-10-31-Oral-Roberts-St.-Thomas,2026-10-31,Oral Roberts,St. Thomas,false,false,,,home,scheduled,,,,2026-10-31-Oral-Roberts-St.-Thomas,regular
sidearm-2026-10-31-Santa-Clara-Denver,2026-10-31,Santa Clara,Denver,false,false,,,away,scheduled,,,,2026-10-31-Denver-Santa-Clara,regular
sidearm-2026-10-31-Loyola-Marymount-San-Francisco,2026-10-31,Loyola Marymount,San Francisco,false,false,,,home,scheduled,,,,2026-10-31-Loyola-Marymount-San-Francisco,regular
sidearm-2026-10-31-Pacific-Portland,2026-10-31,Pacific,Portland,false,false,,,home,scheduled,,https://portlandpilots.com/boxscore.aspx?id=13253,,2026-10-31-Pacific-Portland,regular
sidearm-2026-10-31-San-Diego-Seattle-U,2026-10-31,San Diego,Seattle,false,false,,,away,scheduled,https://goseattleu.com/sports/mens-soccer/schedule,,,2026-10-31-San-Diego-Seattle,regular
sidearm-2026-11-01-Charlotte-Missouri-State,2026-11-01,Charlotte,Missouri State,false,false,,,home,scheduled,,,,2026-11-01-Charlotte-Missouri-State,regular
sidearm-2026-11-01-UAB-FAU,2026-11-01,UAB,FAU,false,false,,,away,scheduled,,,,2026-11-01-FAU-UAB,regular
sidearm-2026-11-01-FIU-Temple,2026-11-01,FIU,Temple University,false,false,,,away,scheduled,,,,2026-11-01-FIU-Temple-University,regular
sidearm-2026-11-01-Tulsa-Memphis,2026-11-01,Tulsa,Memphis,false,false,,,away,scheduled,,,,2026-11-01-Memphis-Tulsa,regular
sidearm-2026-11-01-UNLV-Air-Force,2026-11-01,UNLV,Air Force,false,false,,,away,scheduled,,,,2026-11-01-Air-Force-UNLV,regular
wmt-2026-11-01-San-Jose-State-Utah-Tech,2026-11-01,San Jose State,Utah Tech,false,false,,,home,scheduled,https://sjsuspartans.com/sports/mens-soccer/schedule,,,2026-11-01-San-Jose-State-Utah-Tech,regular
sidearm-2026-11-01-UC-Davis-Grand-Canyon,2026-11-01,UC Davis,Grand Canyon,false,false,,,home,scheduled,,,,2026-11-01-Grand-Canyon-UC-Davis,regular
sidearm-2026-11-01-Chicago-State-LIU,2026-11-01,Chicago State,LIU,false,false,,,home,scheduled,,,,2026-11-01-Chicago-State-LIU,regular
sidearm-2026-11-01-Howard-Le-Moyne-College,2026-11-01,Howard,Le Moyne College,false,false,,,away,scheduled,,,,2026-11-01-Howard-Le-Moyne-College,regular
sidearm-2026-11-01-Mercyhurst-Stonehill,2026-11-01,Mercyhurst,Stonehill College,false,false,,,away,scheduled,,,,2026-11-01-Mercyhurst-Stonehill-College,regular
sidearm-2026-11-01-Eastern-Illinois-SIUE,2026-11-01,Eastern Illinois,SIUE,false,false,,,unknown,scheduled,,,,2026-11-01-Eastern-Illinois-SIUE,regular
sidearm-2026-11-01-Houston-Christian-UT-Rio-Grande-Valley,2026-11-01,Houston Christian,UT Rio Grande Valley,false,false,,,unknown,scheduled,,,,2026-11-01-Houston-Christian-UT-Rio-Grande-Valley,regular
sidearm-2026-11-01-Lindenwood-University-of-the-Incarnate-Word,2026-11-01,Lindenwood,University of the Incarnate Word,false,false,,,unknown,scheduled,,,,2026-11-01-Lindenwood-University-of-the-Incarnate-Word,regular
sidearm-2026-11-01-University-of-Southern-Indiana-Western-Illinois-University,2026-11-01,University of Southern Indiana,Western Illinois,false,false,,,unknown,scheduled,,,,2026-11-01-University-of-Southern-Indiana-Western-Illinois,regular
sidearm-2026-11-01-UTRGV-Houston-Christian-University,2026-11-01,UTRGV,Houston Christian,false,false,,,unknown,scheduled,,,,2026-11-01-Houston-Christian-UTRGV,regular
sidearm-2026-11-01-New-Haven-FDU,2026-11-01,New Haven,FDU,false,false,,,home,scheduled,,,,2026-11-01-FDU-New-Haven,regular
wmt-2026-11-03-ACC-First-Round-Virginia,2026-11-03,Virginia,ACC First Round,false,false,,,home,scheduled,https://virginiasports.com/sports/msoc/schedule,https://static.virginiasports.com/custompages/sports/m-soccer/stats/2026-2027/VA110326.PDF,,2026-11-03-ACC-First-Round-Virginia,conference_tournament
sidearm-2026-11-03-Binghamton-University-at-Albany,2026-11-03,Binghamton,University at Albany,false,false,,,home,scheduled,,,,2026-11-03-Binghamton-University-at-Albany,regular
sidearm-2026-11-03-Bryant-University-of-New-Hampshire,2026-11-03,Bryant,New Hampshire,false,false,,,home,scheduled,,,,2026-11-03-Bryant-New-Hampshire,regular
sidearm-2026-11-03-NJIT-UMBC,2026-11-03,NJIT,UMBC,false,false,,,away,scheduled,,,,2026-11-03-NJIT-UMBC,regular
sidearm-2026-11-03-UMass-Lowell-Vermont,2026-11-03,UMass Lowell,Vermont,false,false,,,home,scheduled,,,,2026-11-03-UMass-Lowell-Vermont,regular
sidearm-2026-11-03-Detroit-Mercy-IU-Indy,2026-11-03,Detroit Mercy,IU Indy,false,false,,,away,scheduled,,,,2026-11-03-Detroit-Mercy-IU-Indy,regular
sidearm-2026-11-03-Milwaukee-Green-Bay,2026-11-03,Milwaukee,Green Bay,false,false,,,home,scheduled,,,,2026-11-03-Green-Bay-Milwaukee,regular
sidearm-2026-11-03-Northern-Kentucky-Purdue-Fort-Wayne,2026-11-03,Northern Kentucky,Purdue Fort Wayne,false,false,,,home,scheduled,,,,2026-11-03-Northern-Kentucky-Purdue-Fort-Wayne,regular
sidearm-2026-11-03-Oakland-Wright-State-University,2026-11-03,Oakland,Wright State,false,false,,,away,scheduled,,,,2026-11-03-Oakland-Wright-State,regular
sidearm-2026-11-03-Robert-Morris-Northern-Illinois-University,2026-11-03,Robert Morris,Northern Illinois University,false,false,,,home,scheduled,,,,2026-11-03-Northern-Illinois-University-Robert-Morris,regular
sidearm-2026-11-03-American-Navy,2026-11-03,American,Navy,false,false,,,home,scheduled,,,,2026-11-03-American-Navy,regular
sidearm-2026-11-03-Colgate-Army,2026-11-03,Colgate,Army,false,false,,,away,scheduled,,,,2026-11-03-Army-Colgate,regular
sidearm-2026-11-03-Holy-Cross-Boston-University,2026-11-03,Holy Cross,Boston University,false,false,,,away,scheduled,,,,2026-11-03-Boston-University-Holy-Cross,regular
sidearm-2026-11-03-Loyola--Bucknell,2026-11-03,Loyola,Bucknell,false,false,,,away,scheduled,,,,2026-11-03-Bucknell-Loyola,regular
sidearm-2026-11-03-Lafayette-Lehigh,2026-11-03,Lafayette,Lehigh,false,false,,,home,scheduled,,,,2026-11-03-Lafayette-Lehigh,regular
sidearm-2026-11-03-Loyola-University-Maryland-Bucknell,2026-11-03,Loyola University Maryland,Bucknell,false,false,,,home,scheduled,,,,2026-11-03-Bucknell-Loyola-University-Maryland,regular
sidearm-2026-11-03-Furman-TBA,2026-11-03,Furman,TBA,false,false,,,unknown,scheduled,,,,2026-11-03-Furman-TBA,regular
sidearm-2026-11-03-UNC-Greensboro-Southern-Conference-Tournament,2026-11-03,UNC Greensboro,Southern Conference Tournament,false,false,,,unknown,scheduled,,,,2026-11-03-Southern-Conference-Tournament-UNC-Greensboro,regular
sidearm-2026-11-03-Wofford-Southern-Conference,2026-11-03,Wofford,Southern Conference,false,false,,,home,scheduled,,,,2026-11-03-Southern-Conference-Wofford,regular
sidearm-2026-11-03-Coastal-Carolina-South-Carolina,2026-11-03,Coastal Carolina,South Carolina,false,false,,,home,scheduled,https://gamecocksonline.com/sports/msoc/schedule/2026,,,2026-11-03-Coastal-Carolina-South-Carolina,regular
sidearm-2026-11-03-Georgia-Southern-UCF,2026-11-03,Georgia Southern,UCF,false,false,,,home,scheduled,https://ucfknights.com/sports/mens-soccer/schedule,,,2026-11-03-Georgia-Southern-UCF,regular
sidearm-2026-11-03-Georgia-State-Kentucky,2026-11-03,Georgia State,Kentucky,false,false,,,away,scheduled,https://ukathletics.com/sports/msoc/schedule/2026,,,2026-11-03-Georgia-State-Kentucky,regular
sidearm-2026-11-03-James-Madison-West-Virginia,2026-11-03,James Madison,West Virginia,false,false,,,home,scheduled,,,,2026-11-03-James-Madison-West-Virginia,regular
sidearm-2026-11-03-Marshall-Old-Dominion,2026-11-03,Marshall,Old Dominion,false,false,,,home,scheduled,https://odusports.com/sports/mens-soccer/schedule,,,2026-11-03-Marshall-Old-Dominion,regular
sidearm-2026-11-04-ACC-Men's-Soccer-Championship-Duke,2026-11-04,ACC Men's Soccer Championship,Duke,false,false,,,neutral,scheduled,,,,2026-11-04-ACC-Men's-Soccer-Championship-Duke,conference_tournament
sidearm-2026-11-04-NC-State-ACC-Tournament,2026-11-04,NC State,ACC Tournament,false,false,,,home,scheduled,,,,2026-11-04-ACC-Tournament-NC-State,regular
sidearm-2026-11-04-St.-Bonaventure-Atlantic-10-Tournament-Quarterfinals,2026-11-04,St. Bonaventure,Atlantic 10 Tournament Quarterfinals,false,false,,,home,scheduled,,,,2026-11-04-Atlantic-10-Tournament-Quarterfinals-St.-Bonaventure,conference_tournament
sidearm-2026-11-04-Gardner-Webb-Big-South-Conference-Quarterfinals,2026-11-04,Gardner-Webb,Big South Conference Quarterfinals,false,false,,,home,scheduled,,,,2026-11-04-Big-South-Conference-Quarterfinals-Gardner-Webb,conference_tournament
sidearm-2026-11-04-Presbyterian-Quarterfinals,2026-11-04,Presbyterian,Quarterfinals,false,false,,,unknown,scheduled,,,,2026-11-04-Presbyterian-Quarterfinals,conference_tournament
sidearm-2026-11-04-Winthrop-TBD-(First-Round),2026-11-04,Winthrop,TBD,false,false,,,unknown,scheduled,,,,2026-11-04-TBD-Winthrop,conference_tournament
sidearm-2026-11-04-Indiana-Michigan-State,2026-11-04,Indiana,Michigan State,false,false,,,home,scheduled,,,,2026-11-04-Indiana-Michigan-State,regular
sidearm-2026-11-04-Maryland-Penn-State,2026-11-04,Maryland,Penn State,true,false,,,home,scheduled,https://gopsusports.com/sports/mens-soccer/schedule,,,2026-11-04-Maryland-Penn-State,regular
sidearm-2026-11-04-Michigan-Ohio-State,2026-11-04,Michigan,Ohio State,false,false,,,home,scheduled,,,,2026-11-04-Michigan-Ohio-State,regular
wmt-2026-11-04-Northwestern-Wisconsin,2026-11-04,Northwestern,Wisconsin,false,false,,,home,scheduled,https://nusports.com/sports/mens-soccer/schedule,,,2026-11-04-Northwestern-Wisconsin,regular
wmt-2026-11-04-UCLA-Washington,2026-11-04,UCLA,Washington,false,false,,,home,scheduled,https://uclabruins.com/sports/mens-soccer/schedule,,,2026-11-04-UCLA-Washington,regular
sidearm-2026-11-04-Canisius-Niagara,2026-11-04,Canisius,Niagara,false,false,,,home,scheduled,,,,2026-11-04-Canisius-Niagara,regular
sidearm-2026-11-04-Fairfield-Sacred-Heart,2026-11-04,Fairfield,Sacred Heart,false,false,,,home,scheduled,,,,2026-11-04-Fairfield-Sacred-Heart,regular
sidearm-2026-11-04-Iona-Manhattan,2026-11-04,Iona,Manhattan,false,false,,,home,scheduled,,,,2026-11-04-Iona-Manhattan,regular
sidearm-2026-11-04-Marist-Siena-University,2026-11-04,Marist,Siena,false,false,,,home,scheduled,,,,2026-11-04-Marist-Siena,regular
sidearm-2026-11-04-Merrimack-College-Quinnipiac-University,2026-11-04,Merrimack College,Quinnipiac,false,false,,,away,scheduled,,,,2026-11-04-Merrimack-College-Quinnipiac,regular
sidearm-2026-11-04-Rider-University-Saint-Peter's,2026-11-04,Rider University,Saint Peter's,false,false,,,home,scheduled,,,,2026-11-04-Rider-University-Saint-Peter's,regular
sidearm-2026-11-04-Belmont-University-Evansville,2026-11-04,Belmont University,University of Evansville,false,false,,,unknown,scheduled,,,,2026-11-04-Belmont-University-University-of-Evansville,regular
sidearm-2026-11-04-UIC-Bowling-Green,2026-11-04,UIC,Bowling Green,false,false,,,home,scheduled,,,,2026-11-04-Bowling-Green-UIC,regular
sidearm-2026-11-04-Western-Michigan-Bradley,2026-11-04,Western Michigan,Bradley,false,false,,,home,scheduled,,,,2026-11-04-Bradley-Western-Michigan,regular
sidearm-2026-11-04-UMass-TBD,2026-11-04,UMass,TBD,false,false,,,home,scheduled,,,,2026-11-04-TBD-UMass,regular
sidearm-2026-11-04-High-Point-Big-South-Quarterfinal,2026-11-04,High Point,Big South Quarterfinal,false,false,,,home,scheduled,,,,2026-11-04-Big-South-Quarterfinal-High-Point,conference_tournament
sidearm-2026-11-05-Gardner-Webb-Big-South-Conference-Semifinals,2026-11-05,Gardner-Webb,Big South Conference Semifinals,false,false,,,home,scheduled,,,,2026-11-05-Big-South-Conference-Semifinals-Gardner-Webb,conference_tournament
sidearm-2026-11-05-Big-South-Tournament-Radford,2026-11-05,Big South Tournament,Radford,false,false,,,neutral,scheduled,,,,2026-11-05-Big-South-Tournament-Radford,regular
sidearm-2026-11-05-Campbell-First-Round,2026-11-05,Campbell,First Round,false,false,,,home,scheduled,,,,2026-11-05-Campbell-First-Round,conference_tournament
sidearm-2026-11-05-CAA-Quarterfinals-Drexel,2026-11-05,CAA Quarterfinals,Drexel,false,false,,,neutral,scheduled,,,,2026-11-05-CAA-Quarterfinals-Drexel,conference_tournament
sidearm-2026-11-05-Hofstra-First-Round,2026-11-05,Hofstra,First Round,false,false,,,home,scheduled,,,,2026-11-05-First-Round-Hofstra,conference_tournament
sidearm-2026-11-05-Monmouth-CAA-Championship,2026-11-05,Monmouth,CAA Championship,false,false,,,home,scheduled,,,,2026-11-05-CAA-Championship-Monmouth,conference_tournament
sidearm-2026-11-05-Northeastern-CAA-Men's-Soccer-Tournament,2026-11-05,Northeastern,CAA Men's Soccer Tournament,false,false,,,home,scheduled,,,,2026-11-05-CAA-Men's-Soccer-Tournament-Northeastern,regular
sidearm-2026-11-05-Stony-Brook-CAA-Quarterfinal,2026-11-05,Stony Brook,CAA Quarterfinal,false,false,,,home,scheduled,,,,2026-11-05-CAA-Quarterfinal-Stony-Brook,conference_tournament
sidearm-2026-11-05-UNC-Wilmington-CAA-Quarterfinals,2026-11-05,UNC Wilmington,CAA Quarterfinals,false,false,,,home,scheduled,,,,2026-11-05-CAA-Quarterfinals-UNC-Wilmington,conference_tournament
sidearm-2026-11-05-William-&-Mary-Coastal-Athletic-Association,2026-11-05,William & Mary,Coastal Athletic Association,false,false,,,home,scheduled,,,,2026-11-05-Coastal-Athletic-Association-William-&-Mary,regular
sidearm-2026-11-05-Furman-TBA,2026-11-05,Furman,TBA,false,false,,,unknown,scheduled,,,,2026-11-05-Furman-TBA,regular
sidearm-2026-11-05-Southern-Conference-Tournament-Mercer,2026-11-05,Southern Conference Tournament,Mercer,false,false,,,neutral,scheduled,,,,2026-11-05-Mercer-Southern-Conference-Tournament,regular
sidearm-2026-11-05-New-Haven-Central-Connecticut-State-University,2026-11-05,New Haven,Central Connecticut State University,false,false,,,away,scheduled,,,,2026-11-05-Central-Connecticut-State-University-New-Haven,regular
sidearm-2026-11-06-ACC-Championship-California,2026-11-06,ACC Championship,California,false,false,,,away,scheduled,,,,2026-11-06-ACC-Championship-California,conference_tournament
sidearm-2026-11-06-American-Conference-Championship-FAU,2026-11-06,American Conference Championship,FAU,false,false,,,neutral,scheduled,,,,2026-11-06-American-Conference-Championship-FAU,conference_tournament
sidearm-2026-11-06-American-Conference-Memphis,2026-11-06,American Conference,Memphis,false,false,,,neutral,scheduled,,,,2026-11-06-American-Conference-Memphis,regular
sidearm-2026-11-06-TBA-Missouri-State,2026-11-06,TBA,Missouri State,false,false,,,neutral,scheduled,,,,2026-11-06-Missouri-State-TBA,regular
sidearm-2026-11-06-American-Conference-First-Round-South-Florida,2026-11-06,American Conference First Round,South Florida,false,false,,,neutral,scheduled,,,,2026-11-06-American-Conference-First-Round-South-Florida,conference_tournament
sidearm-2026-11-06-American-Conference-Tulsa,2026-11-06,American Conference,Tulsa,false,false,,,neutral,scheduled,,,,2026-11-06-American-Conference-Tulsa,regular
sidearm-2026-11-06-Dayton-Atlantic-10-Quarterfinal,2026-11-06,Dayton,Atlantic 10 Quarterfinal,false,false,,,home,scheduled,,,,2026-11-06-Atlantic-10-Quarterfinal-Dayton,conference_tournament
sidearm-2026-11-06-La-Salle-Atlantic-10,2026-11-06,La Salle,Atlantic 10,false,false,,,home,scheduled,,,,2026-11-06-Atlantic-10-La-Salle,regular
sidearm-2026-11-06-Loyola-Chicago-Atlantic-10-Championship,2026-11-06,Loyola Chicago,Atlantic 10 Championship,false,false,,,home,scheduled,,,,2026-11-06-Atlantic-10-Championship-Loyola-Chicago,conference_tournament
sidearm-2026-11-06-VCU-Atlantic-10-Quarterfinal,2026-11-06,VCU,Atlantic 10 Quarterfinal,false,false,,,unknown,scheduled,,,,2026-11-06-Atlantic-10-Quarterfinal-VCU,conference_tournament
sidearm-2026-11-06-Marquette-Akron,2026-11-06,Marquette,Akron,false,false,,,away,scheduled,,,,2026-11-06-Akron-Marquette,regular
sidearm-2026-11-06-Butler-Xavier,2026-11-06,Butler,Xavier,false,false,,,home,scheduled,,,,2026-11-06-Butler-Xavier,regular
sidearm-2026-11-06-Creighton-DePaul,2026-11-06,Creighton,DePaul,false,false,,,home,scheduled,,,,2026-11-06-Creighton-DePaul,regular
sidearm-2026-11-06-Georgetown-UConn,2026-11-06,Georgetown,UConn,false,false,,,away,scheduled,,,,2026-11-06-Georgetown-UConn,regular
sidearm-2026-11-06-Providence-St.-John's-,2026-11-06,Providence,St. John's,false,false,,,home,scheduled,,,,2026-11-06-Providence-St.-John's,regular
sidearm-2026-11-06-Seton-Hall-Villanova,2026-11-06,Seton Hall,Villanova,false,false,,,home,scheduled,,,,2026-11-06-Seton-Hall-Villanova,regular
sidearm-2026-11-06-Air-Force-Grand-Canyon,2026-11-06,Air Force,Grand Canyon,false,false,,,home,scheduled,,,,2026-11-06-Air-Force-Grand-Canyon,regular
wmt-2026-11-06-San-Jose-State-UC-Davis,2026-11-06,UC Davis,San Jose State,false,false,,,away,scheduled,https://sjsuspartans.com/sports/mens-soccer/schedule,,,2026-11-06-San-Jose-State-UC-Davis,regular
sidearm-2026-11-06-UNLV-Utah-Tech,2026-11-06,UNLV,Utah Tech,false,false,,,unknown,scheduled,,,,2026-11-06-UNLV-Utah-Tech,regular
sidearm-2026-11-06-The-Summit-League-Quarterfinals-Delaware,2026-11-06,The Summit League Quarterfinals,Delaware,false,false,,,neutral,scheduled,,,,2026-11-06-Delaware-The-Summit-League-Quarterfinals,conference_tournament
sidearm-2026-11-06-Oral-Roberts-Summit-League-Championship-Quarterfinals,2026-11-06,Oral Roberts,Summit League Championship Quarterfinals,false,false,,,home,scheduled,,,,2026-11-06-Oral-Roberts-Summit-League-Championship-Quarterfinals,conference_tournament
sidearm-2026-11-06-Denver-Seattle,2026-11-06,Denver,Seattle,false,false,,,home,scheduled,https://goseattleu.com/sports/mens-soccer/schedule,,,2026-11-06-Denver-Seattle,regular
sidearm-2026-11-06-Loyola-Marymount-Pacific,2026-11-06,Loyola Marymount,Pacific,false,false,,,home,scheduled,,,,2026-11-06-Loyola-Marymount-Pacific,regular
sidearm-2026-11-06-#2-San-Diego-Saint-Mary's,2026-11-06,San Diego,Saint Mary's,true,false,,,away,scheduled,,,,2026-11-06-Saint-Mary's-San-Diego,regular
sidearm-2026-11-06-San-Francisco-Portland,2026-11-06,San Francisco,Portland,false,false,,,home,scheduled,,https://portlandpilots.com/boxscore.aspx?id=13253,,2026-11-06-Portland-San-Francisco,regular
wmt-2026-11-07-ACC-Quarterfinals-Virginia,2026-11-07,Virginia,ACC Quarterfinals,false,false,,,home,scheduled,https://virginiasports.com/sports/msoc/schedule,https://static.virginiasports.com/custompages/sports/m-soccer/stats/2026-2027/VA110726.PDF,,2026-11-07-ACC-Quarterfinals-Virginia,conference_tournament
sidearm-2026-11-07-Binghamton-America-East-Quarterfinals,2026-11-07,Binghamton,America East Quarterfinals,false,false,,,home,scheduled,,,,2026-11-07-America-East-Quarterfinals-Binghamton,conference_tournament
sidearm-2026-11-07-NJIT-America-East-Quarterfinals,2026-11-07,NJIT,America East Quarterfinals,false,false,,,away,scheduled,,,,2026-11-07-America-East-Quarterfinals-NJIT,conference_tournament
sidearm-2026-11-07-UMass-Lowell-America-East-Tournament,2026-11-07,UMass Lowell,America East Tournament,false,false,,,home,scheduled,,,,2026-11-07-America-East-Tournament-UMass-Lowell,regular
sidearm-2026-11-07-Bellarmine-ASUN-Tournament,2026-11-07,Bellarmine,ASUN Tournament,false,false,,,home,scheduled,,,,2026-11-07-ASUN-Tournament-Bellarmine,regular
sidearm-2026-11-07-FGCU-TBD,2026-11-07,FGCU,TBD,false,false,,,home,scheduled,,,,2026-11-07-FGCU-TBD,regular
sidearm-2026-11-07-Jacksonville-Atlantic-Sun-Conference,2026-11-07,Jacksonville,Atlantic Sun Conference,false,false,,,unknown,scheduled,,,,2026-11-07-Atlantic-Sun-Conference-Jacksonville,regular
sidearm-2026-11-07-Lipscomb-ASUN-Tournament,2026-11-07,Lipscomb,ASUN Tournament,false,false,,,home,scheduled,,,,2026-11-07-ASUN-Tournament-Lipscomb,regular
sidearm-2026-11-07-Queens-Atlantic-Sun-Conference,2026-11-07,Queens,Atlantic Sun Conference,false,false,,,home,scheduled,,,,2026-11-07-Atlantic-Sun-Conference-Queens,regular
sidearm-2026-11-07-Stetson-ASUN-Championship,2026-11-07,Stetson,ASUN Championship,false,false,,,home,scheduled,,,,2026-11-07-ASUN-Championship-Stetson,conference_tournament
sidearm-2026-11-07-Atlantic-10-Championship-George-Washington,2026-11-07,Atlantic 10 Championship,George Washington,false,false,,,neutral,scheduled,,,,2026-11-07-Atlantic-10-Championship-George-Washington,conference_tournament
sidearm-2026-11-07-Saint-Joseph's-Atlantic-10-Quarterfinals,2026-11-07,Saint Joseph's,Atlantic 10 Quarterfinals,false,false,,,home,scheduled,,,,2026-11-07-Atlantic-10-Quarterfinals-Saint-Joseph's,conference_tournament
sidearm-2026-11-07-Big-Ten-Tournament-Rutgers,2026-11-07,Big Ten Tournament,Rutgers,false,false,,,neutral,scheduled,,,,2026-11-07-Big-Ten-Tournament-Rutgers,regular
sidearm-2026-11-07-Cal-State-Fullerton-Big-West-Championship-Semifinals,2026-11-07,Cal State Fullerton,Big West Championship Semifinals,false,false,,,away,scheduled,,,,2026-11-07-Big-West-Championship-Semifinals-Cal-State-Fullerton,conference_tournament
sidearm-2026-11-07-Sacramento-State-Big-West-Championship-Semifinals,2026-11-07,Sacramento State,Big West Championship Semifinals,false,false,,,away,scheduled,,,,2026-11-07-Big-West-Championship-Semifinals-Sacramento-State,conference_tournament
sidearm-2026-11-07-Big-West-Semifinal-UC-Irvine,2026-11-07,Big West Semifinal,UC Irvine,false,false,,,neutral,scheduled,,,,2026-11-07-Big-West-Semifinal-UC-Irvine,conference_tournament
sidearm-2026-11-07-Utah-Valley-Big-West-Semifinal,2026-11-07,Utah Valley,Big West Semifinal,false,false,,,home,scheduled,,,,2026-11-07-Big-West-Semifinal-Utah-Valley,conference_tournament
sidearm-2026-11-07-Brown-Yale,2026-11-07,Brown,Yale,false,false,,,home,scheduled,,,,2026-11-07-Brown-Yale,regular
sidearm-2026-11-07-Cornell-Columbia-University,2026-11-07,Cornell,Columbia University,false,false,,,away,scheduled,,,,2026-11-07-Columbia-University-Cornell,regular
sidearm-2026-11-07-Harvard-Dartmouth-College,2026-11-07,Harvard,Dartmouth College,false,false,,,away,scheduled,,,,2026-11-07-Dartmouth-College-Harvard,regular
sidearm-2026-11-07-Princeton-Penn,2026-11-07,Princeton,Penn,false,false,,,home,scheduled,,,,2026-11-07-Penn-Princeton,regular
sidearm-2026-11-07-Canisius-First-Round,2026-11-07,Canisius,First Round,false,false,,,home,scheduled,,,,2026-11-07-Canisius-First-Round,conference_tournament
sidearm-2026-11-07-Iona-Metro-First-Round,2026-11-07,Iona,Metro First Round,false,false,,,home,scheduled,,,,2026-11-07-Iona-Metro-First-Round,conference_tournament
sidearm-2026-11-07-Manhattan-Metro-Conference-Championships,2026-11-07,Manhattan,Metro Conference Championships,false,false,,,home,scheduled,,,,2026-11-07-Manhattan-Metro-Conference-Championships,conference_tournament
sidearm-2026-11-07-Metro-Championship-First-Round-Sacred-Heart,2026-11-07,Metro Championship First Round,Sacred Heart,false,false,,,neutral,scheduled,,,,2026-11-07-Metro-Championship-First-Round-Sacred-Heart,conference_tournament
sidearm-2026-11-07-Saint-Peter's-First-Round,2026-11-07,Saint Peter's,First Round,false,false,,,home,scheduled,,,,2026-11-07-First-Round-Saint-Peter's,conference_tournament
sidearm-2026-11-07-Siena-Metro-Quarterfinals,2026-11-07,Siena,Metro Quarterfinals,false,false,,,home,scheduled,,,,2026-11-07-Metro-Quarterfinals-Siena,conference_tournament
sidearm-2026-11-07-Cal-Poly-Pac-12-Tournament-(Semifinals),2026-11-07,Cal Poly,Pac-12 Tournament (Semifinals),false,false,,,home,scheduled,,,,2026-11-07-Cal-Poly-Pac-12-Tournament-(Semifinals),conference_tournament
sidearm-2026-11-07-Pac-12-Semifinal-Oregon-State,2026-11-07,Pac-12 Semifinal,Oregon State,false,false,,,neutral,scheduled,,,,2026-11-07-Oregon-State-Pac-12-Semifinal,conference_tournament
wmt-2026-11-07-Pac-12-Tournament-(Semifinals)-San-Diego-State,2026-11-07,San Diego State,Pac-12 Tournament (Semifinals),false,false,,,home,scheduled,https://goaztecs.com/sports/mens-soccer/schedule,,,2026-11-07-Pac-12-Tournament-(Semifinals)-San-Diego-State,conference_tournament
sidearm-2026-11-07-Pac-12-UC-Riverside,2026-11-07,Pac-12,UC Riverside,false,false,,,neutral,scheduled,,,,2026-11-07-Pac-12-UC-Riverside,regular
sidearm-2026-11-07-UC-San-Diego-TBD,2026-11-07,UC San Diego,TBD,false,false,,,unknown,scheduled,,,,2026-11-07-TBD-UC-San-Diego,regular
sidearm-2026-11-07-American-Patriot-League-First-Round,2026-11-07,American,Patriot League First Round,false,false,,,unknown,scheduled,,,,2026-11-07-American-Patriot-League-First-Round,conference_tournament
sidearm-2026-11-07-Patriot-League-Quarterfinals-Army,2026-11-07,Patriot League Quarterfinals,Army,false,false,,,neutral,scheduled,,,,2026-11-07-Army-Patriot-League-Quarterfinals,conference_tournament
sidearm-2026-11-07-PL-First-Round-Boston-University,2026-11-07,PL First Round,Boston University,false,false,,,away,scheduled,,,,2026-11-07-Boston-University-PL-First-Round,conference_tournament
sidearm-2026-11-07-Patriot-League-Quarterfinals-Bucknell,2026-11-07,Patriot League Quarterfinals,Bucknell,false,false,,,neutral,scheduled,,,,2026-11-07-Bucknell-Patriot-League-Quarterfinals,conference_tournament
sidearm-2026-11-07-Lafayette-Patriot-League-First-Round,2026-11-07,Lafayette,Patriot League First Round,false,false,,,unknown,scheduled,,,,2026-11-07-Lafayette-Patriot-League-First-Round,conference_tournament
sidearm-2026-11-07-Patriot-League-Quarterfinal-Lehigh,2026-11-07,Patriot League Quarterfinal,Lehigh,false,false,,,neutral,scheduled,,,,2026-11-07-Lehigh-Patriot-League-Quarterfinal,conference_tournament
sidearm-2026-11-07-Loyola-University-Maryland-Patriot-League-Quarterfinals,2026-11-07,Loyola University Maryland,Patriot League Quarterfinals,false,false,,,home,scheduled,,,,2026-11-07-Loyola-University-Maryland-Patriot-League-Quarterfinals,conference_tournament
sidearm-2026-11-07-Navy-Patriot-League-First-Round,2026-11-07,Navy,Patriot League First Round,false,false,,,away,scheduled,,,,2026-11-07-Navy-Patriot-League-First-Round,conference_tournament
sidearm-2026-11-07-Furman-TBA,2026-11-07,Furman,TBA,false,false,,,unknown,scheduled,,,,2026-11-07-Furman-TBA,regular
wmtwp-2026-11-07-South-Carolina-Sun-Belt-Tournament,2026-11-07,South Carolina,Sun Belt Tournament,false,false,,,neutral,scheduled,https://gamecocksonline.com/sports/msoc/schedule/2026,,,2026-11-07-South-Carolina-Sun-Belt-Tournament,regular
sidearm-2026-11-07-Pac-12-Semifinals-California-Baptist,2026-11-07,Pac-12 Semifinals,California Baptist,false,false,,,neutral,scheduled,,,,2026-11-07-California-Baptist-Pac-12-Semifinals,conference_tournament
sidearm-2026-11-08-Gardner-Webb-Big-South-Conference-Finals,2026-11-08,Gardner-Webb,Big South Conference Finals,false,false,,,home,scheduled,,,,2026-11-08-Big-South-Conference-Finals-Gardner-Webb,conference_tournament
sidearm-2026-11-08-Presbyterian-Semifinals,2026-11-08,Presbyterian,Semifinals,false,false,,,unknown,scheduled,,,,2026-11-08-Presbyterian-Semifinals,conference_tournament
sidearm-2026-11-08-Winthrop-TBD-(Semifinals),2026-11-08,Winthrop,TBD (Semifinals),false,false,,,unknown,scheduled,,,,2026-11-08-TBD-(Semifinals)-Winthrop,conference_tournament
wmt-2026-11-08-Big-Ten-Quarterfinals-Penn-State,2026-11-08,Penn State,Big Ten Quarterfinals,false,false,,,neutral,scheduled,https://gopsusports.com/sports/mens-soccer/schedule,,,2026-11-08-Big-Ten-Quarterfinals-Penn-State,conference_tournament
sidearm-2026-11-08-Big-Ten-Washington,2026-11-08,Big Ten,Washington,false,false,,,neutral,scheduled,,,,2026-11-08-Big-Ten-Washington,regular
sidearm-2026-11-08-Campbell-Semifinals,2026-11-08,Campbell,Semifinals,false,false,,,home,scheduled,,,,2026-11-08-Campbell-Semifinals,conference_tournament
sidearm-2026-11-08-CAA-Semifinals-Drexel,2026-11-08,CAA Semifinals,Drexel,false,false,,,neutral,scheduled,,,,2026-11-08-CAA-Semifinals-Drexel,conference_tournament
sidearm-2026-11-08-Hofstra-Semifinals,2026-11-08,Hofstra,Semifinals,false,false,,,home,scheduled,,,,2026-11-08-Hofstra-Semifinals,conference_tournament
sidearm-2026-11-08-Stony-Brook-CAA-Semifinal,2026-11-08,Stony Brook,CAA Semifinal,false,false,,,home,scheduled,,,,2026-11-08-CAA-Semifinal-Stony-Brook,conference_tournament
sidearm-2026-11-08-UNC-Wilmington-CAA-Semifinals,2026-11-08,UNC Wilmington,CAA Semifinals,false,false,,,home,scheduled,,,,2026-11-08-CAA-Semifinals-UNC-Wilmington,conference_tournament
sidearm-2026-11-08-William-&-Mary-Coastal-Athletic-Association,2026-11-08,William & Mary,Coastal Athletic Association,false,false,,,unknown,scheduled,,,,2026-11-08-Coastal-Athletic-Association-William-&-Mary,regular
sidearm-2026-11-08-Cleveland-State-Horizon-League-Quarterfinals,2026-11-08,Cleveland State,Horizon League Quarterfinals,false,false,,,away,scheduled,,,,2026-11-08-Cleveland-State-Horizon-League-Quarterfinals,conference_tournament
sidearm-2026-11-08-Detroit-Mercy-Horizon-League,2026-11-08,Detroit Mercy,Horizon League,false,false,,,home,scheduled,,,,2026-11-08-Detroit-Mercy-Horizon-League,regular
sidearm-2026-11-08-IU-Indy-Horizon-League-Tournament,2026-11-08,IU Indy,Horizon League Tournament,false,false,,,home,scheduled,,,,2026-11-08-Horizon-League-Tournament-IU-Indy,regular
sidearm-2026-11-08-First-Round-Purdue-Fort-Wayne,2026-11-08,First Round,Purdue Fort Wayne,false,false,,,away,scheduled,,,,2026-11-08-First-Round-Purdue-Fort-Wayne,conference_tournament
sidearm-2026-11-08-Horizon-League-Championship-Wright-State,2026-11-08,Horizon League Championship,Wright State,false,false,,,neutral,scheduled,,,,2026-11-08-Horizon-League-Championship-Wright-State,conference_tournament
sidearm-2026-11-08-Fairfield-2026-Metro-Championship,2026-11-08,Fairfield,2026 Metro Championship,false,false,,,home,scheduled,,,,2026-11-08-2026-Metro-Championship-Fairfield,conference_tournament
sidearm-2026-11-08-Belmont-University-MVC-Championship,2026-11-08,Belmont University,MVC Championship,false,false,,,home,scheduled,,,,2026-11-08-Belmont-University-MVC-Championship,conference_tournament
sidearm-2026-11-08-UIC-MVC-Quarterfinals,2026-11-08,UIC,MVC Quarterfinals,false,false,,,home,scheduled,,,,2026-11-08-MVC-Quarterfinals-UIC,conference_tournament
sidearm-2026-11-08-Western-Michigan-MVC-Tournament-Quarterfinals,2026-11-08,Western Michigan,MVC Tournament Quarterfinals,false,false,,,home,scheduled,,,,2026-11-08-MVC-Tournament-Quarterfinals-Western-Michigan,conference_tournament
sidearm-2026-11-08-Air-Force-Mountain-West-Conference-Tournament,2026-11-08,Air Force,Mountain West Conference Tournament,false,false,,,home,scheduled,,,,2026-11-08-Air-Force-Mountain-West-Conference-Tournament,regular
sidearm-2026-11-08-UC-Davis-Mountain-West,2026-11-08,UC Davis,Mountain West,false,false,,,home,scheduled,,,,2026-11-08-Mountain-West-UC-Davis,regular
sidearm-2026-11-08-Mountain-West-Championship-Grand-Canyon,2026-11-08,Mountain West Championship,Grand Canyon,false,false,,,neutral,scheduled,,,,2026-11-08-Grand-Canyon-Mountain-West-Championship,conference_tournament
sidearm-2026-11-08-Chicago-State-Mercyhurst-University,2026-11-08,Chicago State,Mercyhurst,false,false,,,away,scheduled,,,,2026-11-08-Chicago-State-Mercyhurst,regular
sidearm-2026-11-08-Howard-FDU,2026-11-08,Howard,FDU,false,false,,,away,scheduled,,,,2026-11-08-FDU-Howard,regular
sidearm-2026-11-08-Le-Moyne-College-LIU,2026-11-08,Le Moyne College,LIU,false,false,,,away,scheduled,,,,2026-11-08-LIU-Le-Moyne-College,regular
sidearm-2026-11-08-Stonehill-College-University-of-New-Haven,2026-11-08,Stonehill College,New Haven,false,false,,,away,scheduled,,,,2026-11-08-New-Haven-Stonehill-College,regular
sidearm-2026-11-08-Eastern-Illinois-Ohio-Valley-Conference,2026-11-08,Eastern Illinois,Ohio Valley Conference,false,false,,,home,scheduled,,,,2026-11-08-Eastern-Illinois-Ohio-Valley-Conference,regular
sidearm-2026-11-08-Houston-Christian-TBD,2026-11-08,Houston Christian,TBD,false,false,,,unknown,scheduled,,,,2026-11-08-Houston-Christian-TBD,regular
sidearm-2026-11-08-Lindenwood-Ohio-Valley-Conference-Tournament,2026-11-08,Lindenwood,Ohio Valley Conference Tournament,false,false,,,home,scheduled,,,,2026-11-08-Lindenwood-Ohio-Valley-Conference-Tournament,regular
sidearm-2026-11-08-University-of-Southern-Indiana-Quarterfinals,2026-11-08,University of Southern Indiana,Quarterfinals,false,false,,,home,scheduled,,,,2026-11-08-Quarterfinals-University-of-Southern-Indiana,conference_tournament
sidearm-2026-11-08-UTRGV-OVC-Tournament-Quarterfinals,2026-11-08,UTRGV,OVC Tournament Quarterfinals,false,false,,,home,scheduled,,,,2026-11-08-OVC-Tournament-Quarterfinals-UTRGV,conference_tournament
sidearm-2026-11-08-2026-Sun-Belt-Conference-Tournament-Coastal-Carolina,2026-11-08,2026 Sun Belt Conference Tournament,Coastal Carolina,false,false,,,neutral,scheduled,,,,2026-11-08-2026-Sun-Belt-Conference-Tournament-Coastal-Carolina,regular
sidearm-2026-11-08-Sun-Belt-Tournament-Georgia-Southern,2026-11-08,Sun Belt Tournament,Georgia Southern,false,false,,,neutral,scheduled,,,,2026-11-08-Georgia-Southern-Sun-Belt-Tournament,regular
sidearm-2026-11-08-Georgia-State-Sun-Belt-Conference-Championship,2026-11-08,Georgia State,Sun Belt Conference Championship,false,false,,,unknown,scheduled,,,,2026-11-08-Georgia-State-Sun-Belt-Conference-Championship,conference_tournament
sidearm-2026-11-08-Quarterfinals-James-Madison,2026-11-08,Quarterfinals,James Madison,false,false,,,neutral,scheduled,,,,2026-11-08-James-Madison-Quarterfinals,conference_tournament
wmt-2026-11-08-TBD-UCF,2026-11-08,UCF,TBD,false,false,,,neutral,scheduled,https://ucfknights.com/sports/mens-soccer/schedule,,,2026-11-08-TBD-UCF,regular
sidearm-2026-11-08-High-Point-Big-South-Semifinal,2026-11-08,High Point,Big South Semifinal,false,false,,,home,scheduled,,,,2026-11-08-Big-South-Semifinal-High-Point,conference_tournament
sidearm-2026-11-09-FGCU-TBD,2026-11-09,FGCU,TBD,false,false,,,unknown,scheduled,,,,2026-11-09-FGCU-TBD,regular
sidearm-2026-11-09-Queens-Atlantic-Sun-Conference,2026-11-09,Queens,Atlantic Sun Conference,false,false,,,unknown,scheduled,,,,2026-11-09-Atlantic-Sun-Conference-Queens,regular
sidearm-2026-11-10-Utah-Tech-Mountain-West-Tournament,2026-11-10,Utah Tech,Mountain West Tournament,false,false,,,home,scheduled,,,,2026-11-10-Mountain-West-Tournament-Utah-Tech,regular
sidearm-2026-11-10-American-Patriot-League-Semifinals,2026-11-10,American,Patriot League Semifinals,false,false,,,unknown,scheduled,,,,2026-11-10-American-Patriot-League-Semifinals,conference_tournament
sidearm-2026-11-10-Patriot-League-Semifinals-Army,2026-11-10,Patriot League Semifinals,Army,false,false,,,neutral,scheduled,,,,2026-11-10-Army-Patriot-League-Semifinals,conference_tournament
sidearm-2026-11-10-PL-Semifinal-Boston-University,2026-11-10,PL Semifinal,Boston University,false,false,,,away,scheduled,,,,2026-11-10-Boston-University-PL-Semifinal,conference_tournament
sidearm-2026-11-10-Patriot-League-Semifinals-Bucknell,2026-11-10,Patriot League Semifinals,Bucknell,false,false,,,neutral,scheduled,,,,2026-11-10-Bucknell-Patriot-League-Semifinals,conference_tournament
sidearm-2026-11-10-Lafayette-Patriot-League-Semifinal,2026-11-10,Lafayette,Patriot League Semifinal,false,false,,,unknown,scheduled,,,,2026-11-10-Lafayette-Patriot-League-Semifinal,conference_tournament
sidearm-2026-11-10-Patriot-League-Semifinal-Lehigh,2026-11-10,Patriot League Semifinal,Lehigh,false,false,,,neutral,scheduled,,,,2026-11-10-Lehigh-Patriot-League-Semifinal,conference_tournament
sidearm-2026-11-10-Loyola-University-Maryland-Patriot-League-Semifinals,2026-11-10,Loyola University Maryland,Patriot League Semifinals,false,false,,,home,scheduled,,,,2026-11-10-Loyola-University-Maryland-Patriot-League-Semifinals,conference_tournament
sidearm-2026-11-10-Navy-Patriot-League-Semifinals,2026-11-10,Navy,Patriot League Semifinals,false,false,,,away,scheduled,,,,2026-11-10-Navy-Patriot-League-Semifinals,conference_tournament
wmt-2026-11-11-ACC-Semifinals-Virginia,2026-11-11,Virginia,ACC Semifinals,false,false,,,neutral,scheduled,https://virginiasports.com/sports/msoc/schedule,https://static.virginiasports.com/custompages/sports/m-soccer/stats/2026-2027/VA111126.PDF,,2026-11-11-ACC-Semifinals-Virginia,conference_tournament
sidearm-2026-11-11-Binghamton-America-East-Semifinals,2026-11-11,Binghamton,America East Semifinals,false,false,,,home,scheduled,,,,2026-11-11-America-East-Semifinals-Binghamton,conference_tournament
sidearm-2026-11-11-NJIT-America-East-Semifinals,2026-11-11,NJIT,America East Semifinals,false,false,,,away,scheduled,,,,2026-11-11-America-East-Semifinals-NJIT,conference_tournament
sidearm-2026-11-11-TBA-Missouri-State,2026-11-11,TBA,Missouri State,false,false,,,neutral,scheduled,,,,2026-11-11-Missouri-State-TBA,regular
sidearm-2026-11-11-American-Conference-Semi-Finals-South-Florida,2026-11-11,American Conference Semi Finals,South Florida,false,false,,,neutral,scheduled,,,,2026-11-11-American-Conference-Semi-Finals-South-Florida,conference_tournament
sidearm-2026-11-11-Dayton-Atlantic-10-Semifinal,2026-11-11,Dayton,Atlantic 10 Semifinal,false,false,,,home,scheduled,,,,2026-11-11-Atlantic-10-Semifinal-Dayton,conference_tournament
sidearm-2026-11-11-Saint-Joseph's-Atlantic-10-Semifinals,2026-11-11,Saint Joseph's,Atlantic 10 Semifinals,false,false,,,home,scheduled,,,,2026-11-11-Atlantic-10-Semifinals-Saint-Joseph's,conference_tournament
sidearm-2026-11-11-VCU-Atlantic-10-Semifinal,2026-11-11,VCU,Atlantic 10 Semifinal,false,false,,,unknown,scheduled,,,,2026-11-11-Atlantic-10-Semifinal-VCU,conference_tournament
wmt-2026-11-11-Big-Ten-Semifinals-Penn-State,2026-11-11,Penn State,Big Ten Semifinals,false,false,,,neutral,scheduled,https://gopsusports.com/sports/mens-soccer/schedule,,,2026-11-11-Big-Ten-Semifinals-Penn-State,conference_tournament
sidearm-2026-11-11-Cleveland-State-Horizon-League-Semifinals,2026-11-11,Cleveland State,Horizon League Semifinals,false,false,,,away,scheduled,,,,2026-11-11-Cleveland-State-Horizon-League-Semifinals,conference_tournament
sidearm-2026-11-11-Detroit-Mercy-Horizon-League,2026-11-11,Detroit Mercy,Horizon League,false,false,,,unknown,scheduled,,,,2026-11-11-Detroit-Mercy-Horizon-League,regular
sidearm-2026-11-11-IU-Indy-Horizon-League-Tournament,2026-11-11,IU Indy,Horizon League Tournament,false,false,,,unknown,scheduled,,,,2026-11-11-Horizon-League-Tournament-IU-Indy,regular
sidearm-2026-11-11-Semifinals-Purdue-Fort-Wayne,2026-11-11,Semifinals,Purdue Fort Wayne,false,false,,,away,scheduled,,,,2026-11-11-Purdue-Fort-Wayne-Semifinals,conference_tournament
sidearm-2026-11-11-Canisius-Semifinals,2026-11-11,Canisius,Semifinals,false,false,,,home,scheduled,,,,2026-11-11-Canisius-Semifinals,conference_tournament
sidearm-2026-11-11-Iona-Metro-Semifinal,2026-11-11,Iona,Metro Semifinal,false,false,,,home,scheduled,,,,2026-11-11-Iona-Metro-Semifinal,conference_tournament
sidearm-2026-11-11-Manhattan-Metro-Conference-Championships,2026-11-11,Manhattan,Metro Conference Championships,false,false,,,unknown,scheduled,,,,2026-11-11-Manhattan-Metro-Conference-Championships,conference_tournament
sidearm-2026-11-11-Metro-Championship-Semifinal-Sacred-Heart,2026-11-11,Metro Championship Semifinal,Sacred Heart,false,false,,,neutral,scheduled,,,,2026-11-11-Metro-Championship-Semifinal-Sacred-Heart,conference_tournament
sidearm-2026-11-11-Saint-Peter's-Semifinal-Round,2026-11-11,Saint Peter's,Semifinal Round,false,false,,,home,scheduled,,,,2026-11-11-Saint-Peter's-Semifinal-Round,conference_tournament
sidearm-2026-11-11-Siena-Metro-Semifinals,2026-11-11,Siena,Metro Semifinals,false,false,,,home,scheduled,,,,2026-11-11-Metro-Semifinals-Siena,conference_tournament
sidearm-2026-11-11-UIC-MVC-Semifinals,2026-11-11,UIC,MVC Semifinals,false,false,,,home,scheduled,,,,2026-11-11-MVC-Semifinals-UIC,conference_tournament
sidearm-2026-11-11-Western-Michigan-MVC-Tournament-Semifinals,2026-11-11,Western Michigan,MVC Tournament Semifinals,false,false,,,home,scheduled,,,,2026-11-11-MVC-Tournament-Semifinals-Western-Michigan,conference_tournament
sidearm-2026-11-11-University-of-Southern-Indiana-Semifinals,2026-11-11,University of Southern Indiana,Semifinals,false,false,,,home,scheduled,,,,2026-11-11-Semifinals-University-of-Southern-Indiana,conference_tournament
sidearm-2026-11-11-UTRGV-OVC-Tournament-Semifinals,2026-11-11,UTRGV,OVC Tournament Semifinals,false,false,,,home,scheduled,,,,2026-11-11-OVC-Tournament-Semifinals-UTRGV,conference_tournament
sidearm-2026-11-11-The-Summit-League-Semifinals-Delaware,2026-11-11,The Summit League Semifinals,Delaware,false,false,,,neutral,scheduled,,,,2026-11-11-Delaware-The-Summit-League-Semifinals,conference_tournament
sidearm-2026-11-11-Oral-Roberts-Summit-League-Championship-Semifinals,2026-11-11,Oral Roberts,Summit League Championship Semifinals,false,false,,,home,scheduled,,,,2026-11-11-Oral-Roberts-Summit-League-Championship-Semifinals,conference_tournament
sidearm-2026-11-11-Semifinals-James-Madison,2026-11-11,Semifinals,James Madison,false,false,,,neutral,scheduled,,,,2026-11-11-James-Madison-Semifinals,conference_tournament
sidearm-2026-11-11-Semifinal-Denver,2026-11-11,Semifinal,Denver,false,false,,,neutral,scheduled,,,,2026-11-11-Denver-Semifinal,conference_tournament
sidearm-2026-11-11-Pacific-West-Coast-Conference-Tournament,2026-11-11,Pacific,West Coast Conference Tournament,false,false,,,home,scheduled,,,,2026-11-11-Pacific-West-Coast-Conference-Tournament,regular
sidearm-2026-11-11-WCC-Tournament-Saint-Mary's,2026-11-11,WCC Tournament,Saint Mary's,false,false,,,away,scheduled,,,,2026-11-11-Saint-Mary's-WCC-Tournament,regular
sidearm-2026-11-11-San-Diego-WCC-Tournament,2026-11-11,San Diego,WCC Tournament,false,false,,,home,scheduled,,,,2026-11-11-San-Diego-WCC-Tournament,regular
sidearm-2026-11-11-Santa-Clara-TBA,2026-11-11,Santa Clara,TBA,false,false,,,unknown,scheduled,,,,2026-11-11-Santa-Clara-TBA,regular
sidearm-2026-11-12-Big-East-Tournament-Semifinals-Akron,2026-11-12,Big East Tournament Semifinals,Akron,false,false,,,neutral,scheduled,,,,2026-11-12-Akron-Big-East-Tournament-Semifinals,conference_tournament
sidearm-2026-11-12-Butler-BIG-EAST-Semifinals,2026-11-12,Butler,BIG EAST Semifinals,false,false,,,home,scheduled,,,,2026-11-12-BIG-EAST-Semifinals-Butler,conference_tournament
sidearm-2026-11-12-Semifinals--DePaul,2026-11-12,Semifinals,DePaul,false,false,,,neutral,scheduled,,,,2026-11-12-DePaul-Semifinals,conference_tournament
sidearm-2026-11-12-Big-East-Semifinals-Marquette,2026-11-12,Big East Semifinals,Marquette,false,false,,,neutral,scheduled,,,,2026-11-12-Big-East-Semifinals-Marquette,conference_tournament
sidearm-2026-11-12-BIG-EAST-Tournament-Providence,2026-11-12,BIG EAST Tournament,Providence,false,false,,,neutral,scheduled,,,,2026-11-12-BIG-EAST-Tournament-Providence,regular
sidearm-2026-11-12-BIG-EAST-Tournament-St.-John's,2026-11-12,BIG EAST Tournament,St. John's,false,false,,,neutral,scheduled,,,,2026-11-12-BIG-EAST-Tournament-St.-John's,regular
sidearm-2026-11-12-SEMIFINAL-UConn,2026-11-12,SEMIFINAL,UConn,false,false,,,neutral,scheduled,,,,2026-11-12-SEMIFINAL-UConn,conference_tournament
sidearm-2026-11-12-Villanova-BIG-EAST-Semifinal,2026-11-12,Villanova,BIG EAST Semifinal,false,false,,,unknown,scheduled,,,,2026-11-12-BIG-EAST-Semifinal-Villanova,conference_tournament
sidearm-2026-11-12-BIG-EAST-Championships-Xavier,2026-11-12,BIG EAST Championships,Xavier,false,false,,,neutral,scheduled,,,,2026-11-12-BIG-EAST-Championships-Xavier,conference_tournament
sidearm-2026-11-12-Ivy-League-Semifinals-Columbia-University,2026-11-12,Ivy League Semifinals,Columbia University,false,false,,,neutral,scheduled,,,,2026-11-12-Columbia-University-Ivy-League-Semifinals,conference_tournament
sidearm-2026-11-12-Ivy-League-Tournament-Dartmouth-College,2026-11-12,Ivy League Tournament,Dartmouth College,false,false,,,neutral,scheduled,,,,2026-11-12-Dartmouth-College-Ivy-League-Tournament,regular
sidearm-2026-11-12-Ivy-League-Tournament-Princeton,2026-11-12,Ivy League Tournament,Princeton,false,false,,,neutral,scheduled,,,,2026-11-12-Ivy-League-Tournament-Princeton,regular
sidearm-2026-11-12-Penn-Ivy-League,2026-11-12,Penn,Ivy League,false,false,,,home,scheduled,,,,2026-11-12-Ivy-League-Penn,regular
sidearm-2026-11-12-Chicago-State-NEC-Semifinals,2026-11-12,Chicago State,NEC Semifinals,false,false,,,home,scheduled,,,,2026-11-12-Chicago-State-NEC-Semifinals,conference_tournament
sidearm-2026-11-12-Howard-NEC-Semifinals,2026-11-12,Howard,NEC Semifinals,false,false,,,home,scheduled,,,,2026-11-12-Howard-NEC-Semifinals,conference_tournament
sidearm-2026-11-12-Stonehill-College-NEC-Semifinals,2026-11-12,Stonehill College,NEC Semifinals,false,false,,,away,scheduled,,,,2026-11-12-NEC-Semifinals-Stonehill-College,conference_tournament
sidearm-2026-11-13-Cal-State-Fullerton-Big-West-Championship-Finals,2026-11-13,Cal State Fullerton,Big West Championship Finals,false,false,,,away,scheduled,,,,2026-11-13-Big-West-Championship-Finals-Cal-State-Fullerton,conference_tournament
sidearm-2026-11-13-Big-West-Final-UC-Irvine,2026-11-13,Big West Final,UC Irvine,false,false,,,neutral,scheduled,,,,2026-11-13-Big-West-Final-UC-Irvine,conference_tournament
sidearm-2026-11-13-Utah-Valley-Big-West-Final,2026-11-13,Utah Valley,Big West Final,false,false,,,home,scheduled,,,,2026-11-13-Big-West-Final-Utah-Valley,conference_tournament
sidearm-2026-11-13-Harvard-Ivy-League-Tournament-Semifinals,2026-11-13,Harvard,Ivy League Tournament Semifinals,false,false,,,home,scheduled,,https://gocrimson.com/boxscore.aspx?id=33207,,2026-11-13-Harvard-Ivy-League-Tournament-Semifinals,conference_tournament
sidearm-2026-11-13-Cal-Poly-Pac-12-Tournament-(Championship),2026-11-13,Cal Poly,Pac-12 Tournament,false,false,,,home,scheduled,,,,2026-11-13-Cal-Poly-Pac-12-Tournament,conference_tournament
sidearm-2026-11-13-Pac-12-Final-Oregon-State,2026-11-13,Pac-12 Final,Oregon State,false,false,,,neutral,scheduled,,,,2026-11-13-Oregon-State-Pac-12-Final,conference_tournament
sidearm-2026-11-13-UC-San-Diego-TBD,2026-11-13,UC San Diego,TBD,false,false,,,unknown,scheduled,,,,2026-11-13-TBD-UC-San-Diego,regular
sidearm-2026-11-13-Pac-12-Championship-California-Baptist,2026-11-13,Pac-12 Championship,California Baptist,false,false,,,neutral,scheduled,,,,2026-11-13-California-Baptist-Pac-12-Championship,conference_tournament
wmt-2026-11-14-ACC-Championship-Virginia,2026-11-14,Virginia,ACC Championship,false,false,,,neutral,scheduled,https://virginiasports.com/sports/msoc/schedule,https://static.virginiasports.com/custompages/sports/m-soccer/stats/2026-2027/VA111426.PDF,,2026-11-14-ACC-Championship-Virginia,conference_tournament
sidearm-2026-11-14-TBA-Missouri-State,2026-11-14,TBA,Missouri State,false,false,,,neutral,scheduled,,,,2026-11-14-Missouri-State-TBA,regular
sidearm-2026-11-14-American-Conference-Championship-South-Florida,2026-11-14,American Conference Championship,South Florida,false,false,,,neutral,scheduled,,,,2026-11-14-American-Conference-Championship-South-Florida,conference_tournament
sidearm-2026-11-14-FGCU-TBD,2026-11-14,FGCU,TBD,false,false,,,unknown,scheduled,,,,2026-11-14-FGCU-TBD,regular
sidearm-2026-11-14-Queens-Atlantic-Sun-Conference,2026-11-14,Queens,Atlantic Sun Conference,false,false,,,unknown,scheduled,,,,2026-11-14-Atlantic-Sun-Conference-Queens,regular
sidearm-2026-11-14-Presbyterian-Finals,2026-11-14,Presbyterian,Finals,false,false,,,unknown,scheduled,,,,2026-11-14-Finals-Presbyterian,conference_tournament
sidearm-2026-11-14-Winthrop-TBD-(Championship-Game),2026-11-14,Winthrop,TBD,false,false,,,unknown,scheduled,,,,2026-11-14-TBD-Winthrop,conference_tournament
sidearm-2026-11-14-Sacramento-State-Big-West-Championship-Finals,2026-11-14,Sacramento State,Big West Championship Finals,false,false,,,away,scheduled,,,,2026-11-14-Big-West-Championship-Finals-Sacramento-State,conference_tournament
sidearm-2026-11-14-Campbell-CAA-Championship,2026-11-14,Campbell,CAA Championship,false,false,,,home,scheduled,,,,2026-11-14-CAA-Championship-Campbell,conference_tournament
sidearm-2026-11-14-CAA-Finals-Drexel,2026-11-14,CAA Finals,Drexel,false,false,,,neutral,scheduled,,,,2026-11-14-CAA-Finals-Drexel,conference_tournament
sidearm-2026-11-14-Hofstra-Championship-Game,2026-11-14,Hofstra,Championship Game,false,false,,,home,scheduled,,,,2026-11-14-Championship-Game-Hofstra,conference_tournament
sidearm-2026-11-14-Stony-Brook-CAA-Championship,2026-11-14,Stony Brook,CAA Championship,false,false,,,home,scheduled,,,,2026-11-14-CAA-Championship-Stony-Brook,conference_tournament
sidearm-2026-11-14-UNC-Wilmington-CAA-Finals,2026-11-14,UNC Wilmington,CAA Finals,false,false,,,home,scheduled,,,,2026-11-14-CAA-Finals-UNC-Wilmington,conference_tournament
sidearm-2026-11-14-William-&-Mary-Coastal-Athletic-Association,2026-11-14,William & Mary,Coastal Athletic Association,false,false,,,unknown,scheduled,,,,2026-11-14-Coastal-Athletic-Association-William-&-Mary,regular
sidearm-2026-11-14-Cleveland-State-Horizon-League-Championship,2026-11-14,Cleveland State,Horizon League Championship,false,false,,,away,scheduled,,,,2026-11-14-Cleveland-State-Horizon-League-Championship,conference_tournament
sidearm-2026-11-14-Detroit-Mercy-Horizon-League,2026-11-14,Detroit Mercy,Horizon League,false,false,,,unknown,scheduled,,,,2026-11-14-Detroit-Mercy-Horizon-League,regular
sidearm-2026-11-14-IU-Indy-Horizon-League-Tournament,2026-11-14,IU Indy,Horizon League Tournament,false,false,,,unknown,scheduled,,,,2026-11-14-Horizon-League-Tournament-IU-Indy,regular
sidearm-2026-11-14-Championship-Purdue-Fort-Wayne,2026-11-14,Championship,Purdue Fort Wayne,false,false,,,away,scheduled,,,,2026-11-14-Championship-Purdue-Fort-Wayne,conference_tournament
sidearm-2026-11-14-Canisius-Championship,2026-11-14,Canisius,Championship,false,false,,,home,scheduled,,,,2026-11-14-Canisius-Championship,conference_tournament
sidearm-2026-11-14-Iona-Metro-Championship,2026-11-14,Iona,Metro Championship,false,false,,,home,scheduled,,,,2026-11-14-Iona-Metro-Championship,conference_tournament
sidearm-2026-11-14-Manhattan-Metro-Conference-Championships,2026-11-14,Manhattan,Metro Conference Championships,false,false,,,unknown,scheduled,,,,2026-11-14-Manhattan-Metro-Conference-Championships,conference_tournament
sidearm-2026-11-14-Metro-Championship-Final-Sacred-Heart,2026-11-14,Metro Championship Final,Sacred Heart,false,false,,,neutral,scheduled,,,,2026-11-14-Metro-Championship-Final-Sacred-Heart,conference_tournament
sidearm-2026-11-14-Saint-Peter's-Championship-Final,2026-11-14,Saint Peter's,Championship Final,false,false,,,home,scheduled,,,,2026-11-14-Championship-Final-Saint-Peter's,conference_tournament
sidearm-2026-11-14-Siena-Metro-Championship,2026-11-14,Siena,Metro Championship,false,false,,,home,scheduled,,,,2026-11-14-Metro-Championship-Siena,conference_tournament
sidearm-2026-11-14-UIC-MVC-Championship-Match,2026-11-14,UIC,MVC Championship Match,false,false,,,home,scheduled,,,,2026-11-14-MVC-Championship-Match-UIC,conference_tournament
sidearm-2026-11-14-Western-Michigan-MVC-Tournament-Championship,2026-11-14,Western Michigan,MVC Tournament Championship,false,false,,,home,scheduled,,,,2026-11-14-MVC-Tournament-Championship-Western-Michigan,conference_tournament
sidearm-2026-11-14-University-of-Southern-Indiana-Championship,2026-11-14,University of Southern Indiana,Championship,false,false,,,home,scheduled,,,,2026-11-14-Championship-University-of-Southern-Indiana,conference_tournament
sidearm-2026-11-14-UTRGV-OVC-Tournament-Championship,2026-11-14,UTRGV,OVC Tournament Championship,false,false,,,home,scheduled,,,,2026-11-14-OVC-Tournament-Championship-UTRGV,conference_tournament
wmt-2026-11-14-Pac-12-Tournament-Championship-San-Diego-State,2026-11-14,San Diego State,Pac-12 Tournament Championship,false,false,,,home,scheduled,https://goaztecs.com/sports/mens-soccer/schedule,,,2026-11-14-Pac-12-Tournament-Championship-San-Diego-State,conference_tournament
sidearm-2026-11-14-American-Patriot-League-Championship,2026-11-14,American,Patriot League Championship,false,false,,,unknown,scheduled,,,,2026-11-14-American-Patriot-League-Championship,conference_tournament
sidearm-2026-11-14-Patriot-League-Championship-Army,2026-11-14,Patriot League Championship,Army,false,false,,,neutral,scheduled,,,,2026-11-14-Army-Patriot-League-Championship,conference_tournament
sidearm-2026-11-14-PL-Final-Boston-University,2026-11-14,PL Final,Boston University,false,false,,,away,scheduled,,,,2026-11-14-Boston-University-PL-Final,conference_tournament
sidearm-2026-11-14-Patriot-League-Championship-Bucknell,2026-11-14,Patriot League Championship,Bucknell,false,false,,,neutral,scheduled,,,,2026-11-14-Bucknell-Patriot-League-Championship,conference_tournament
sidearm-2026-11-14-Lafayette-Patriot-League-Final,2026-11-14,Lafayette,Patriot League Final,false,false,,,unknown,scheduled,,,,2026-11-14-Lafayette-Patriot-League-Final,conference_tournament
sidearm-2026-11-14-Patriot-League-Championship-Lehigh,2026-11-14,Patriot League Championship,Lehigh,false,false,,,neutral,scheduled,,,,2026-11-14-Lehigh-Patriot-League-Championship,conference_tournament
sidearm-2026-11-14-Loyola-University-Maryland-Patriot-League-Championship,2026-11-14,Loyola University Maryland,Patriot League Championship,false,false,,,home,scheduled,,,,2026-11-14-Loyola-University-Maryland-Patriot-League-Championship,conference_tournament
sidearm-2026-11-14-Navy-Patriot-League-Championship,2026-11-14,Navy,Patriot League Championship,false,false,,,away,scheduled,,,,2026-11-14-Navy-Patriot-League-Championship,conference_tournament
sidearm-2026-11-14-The-Summit-League-Championship-Delaware,2026-11-14,The Summit League Championship,Delaware,false,false,,,neutral,scheduled,,,,2026-11-14-Delaware-The-Summit-League-Championship,conference_tournament
sidearm-2026-11-14-Oral-Roberts-Summit-League-Championship,2026-11-14,Oral Roberts,Summit League Championship,false,false,,,home,scheduled,,,,2026-11-14-Oral-Roberts-Summit-League-Championship,conference_tournament
sidearm-2026-11-14-Final-Denver,2026-11-14,Final,Denver,false,false,,,neutral,scheduled,,,,2026-11-14-Denver-Final,conference_tournament
sidearm-2026-11-14-Santa-Clara-TBA,2026-11-14,Santa Clara,TBA,false,false,,,unknown,scheduled,,,,2026-11-14-Santa-Clara-TBA,regular
sidearm-2026-11-14-High-Point-Big-South-Final,2026-11-14,High Point,Big South Final,false,false,,,home,scheduled,,,,2026-11-14-Big-South-Final-High-Point,conference_tournament
sidearm-2026-11-15-Binghamton-America-East-Finals,2026-11-15,Binghamton,America East Finals,false,false,,,home,scheduled,,,,2026-11-15-America-East-Finals-Binghamton,conference_tournament
sidearm-2026-11-15-NJIT-America-East-Finals,2026-11-15,NJIT,America East Finals,false,false,,,away,scheduled,,,,2026-11-15-America-East-Finals-NJIT,conference_tournament
sidearm-2026-11-15-Dayton-Atlantic-10-Final,2026-11-15,Dayton,Atlantic 10 Final,false,false,,,home,scheduled,,,,2026-11-15-Atlantic-10-Final-Dayton,conference_tournament
sidearm-2026-11-15-Saint-Joseph's-Atlantic-10-Championship,2026-11-15,Saint Joseph's,Atlantic 10 Championship,false,false,,,home,scheduled,,,,2026-11-15-Atlantic-10-Championship-Saint-Joseph's,conference_tournament
sidearm-2026-11-15-VCU-Atlantic-10-Final,2026-11-15,VCU,Atlantic 10 Final,false,false,,,unknown,scheduled,,,,2026-11-15-Atlantic-10-Final-VCU,conference_tournament
sidearm-2026-11-15-Big-East-Tournament-Final-Akron,2026-11-15,Big East Tournament Final,Akron,false,false,,,neutral,scheduled,,,,2026-11-15-Akron-Big-East-Tournament-Final,conference_tournament
sidearm-2026-11-15-Butler-BIG-EAST-Championship-Match,2026-11-15,Butler,BIG EAST Championship Match,false,false,,,home,scheduled,,,,2026-11-15-BIG-EAST-Championship-Match-Butler,conference_tournament
sidearm-2026-11-15-Final-DePaul,2026-11-15,Final,DePaul,false,false,,,neutral,scheduled,,,,2026-11-15-DePaul-Final,conference_tournament
sidearm-2026-11-15-Big-East-Championship-Marquette,2026-11-15,Big East Championship,Marquette,false,false,,,neutral,scheduled,,,,2026-11-15-Big-East-Championship-Marquette,conference_tournament
sidearm-2026-11-15-BIG-EAST-Tournament-Providence,2026-11-15,BIG EAST Tournament,Providence,false,false,,,neutral,scheduled,,,,2026-11-15-BIG-EAST-Tournament-Providence,regular
sidearm-2026-11-15-FINAL-UConn,2026-11-15,FINAL,UConn,false,false,,,neutral,scheduled,,,,2026-11-15-FINAL-UConn,conference_tournament
sidearm-2026-11-15-Villanova-BIG-EAST-Championship,2026-11-15,Villanova,BIG EAST Championship,false,false,,,unknown,scheduled,,,,2026-11-15-BIG-EAST-Championship-Villanova,conference_tournament
wmt-2026-11-15-Big-Ten-Championship-Penn-State,2026-11-15,Penn State,Big Ten Championship,false,false,,,neutral,scheduled,https://gopsusports.com/sports/mens-soccer/schedule,,,2026-11-15-Big-Ten-Championship-Penn-State,conference_tournament
sidearm-2026-11-15-Ivy-League-Championship-Columbia-University,2026-11-15,Ivy League Championship,Columbia University,false,false,,,neutral,scheduled,,,,2026-11-15-Columbia-University-Ivy-League-Championship,conference_tournament
sidearm-2026-11-15-Harvard-Ivy-League-Tournament-Championship,2026-11-15,Harvard,Ivy League Tournament Championship,false,false,,,home,scheduled,,https://gocrimson.com/boxscore.aspx?id=33207,,2026-11-15-Harvard-Ivy-League-Tournament-Championship,conference_tournament
sidearm-2026-11-15-Chicago-State-NEC-Finals,2026-11-15,Chicago State,NEC Finals,false,false,,,home,scheduled,,,,2026-11-15-Chicago-State-NEC-Finals,conference_tournament
sidearm-2026-11-15-Howard-NEC-Championship,2026-11-15,Howard,NEC Championship,false,false,,,home,scheduled,,,,2026-11-15-Howard-NEC-Championship,conference_tournament
sidearm-2026-11-15-Stonehill-College-NEC-Championship,2026-11-15,Stonehill College,NEC Championship,false,false,,,away,scheduled,,,,2026-11-15-NEC-Championship-Stonehill-College,conference_tournament
sidearm-2026-11-15-Furman-TBA,2026-11-15,Furman,TBA,false,false,,,unknown,scheduled,,,,2026-11-15-Furman-TBA,regular
sidearm-2026-11-15-Finals-James-Madison,2026-11-15,Finals,James Madison,false,false,,,neutral,scheduled,,,,2026-11-15-Finals-James-Madison,conference_tournament
sidearm-2026-11-16-Selection-Show-Denver,2026-11-16,Selection Show,Denver,false,false,,,neutral,scheduled,,,,2026-11-16-Denver-Selection-Show,regular
wmt-2026-11-18-NCAA-First-Round-Virginia,2026-11-18,Virginia,NCAA First Round,false,false,,,home,scheduled,https://virginiasports.com/sports/msoc/schedule,https://static.virginiasports.com/custompages/sports/m-soccer/stats/2026-2027/VA111826.PDF,,2026-11-18-NCAA-First-Round-Virginia,ncaa_tournament
sidearm-2026-11-19-Dayton-NCAA-First-Round,2026-11-19,Dayton,NCAA First Round,false,false,,,home,scheduled,,,,2026-11-19-Dayton-NCAA-First-Round,ncaa_tournament
sidearm-2026-11-19-UConn-FIRST-ROUND,2026-11-19,UConn,FIRST ROUND,false,false,,,home,scheduled,,,,2026-11-19-FIRST-ROUND-UConn,ncaa_tournament
sidearm-2026-11-19-NCAA-Washington,2026-11-19,NCAA,Washington,false,false,,,neutral,scheduled,,,,2026-11-19-NCAA-Washington,regular
sidearm-2026-11-19-Sacramento-State-NCAA-Tournament,2026-11-19,Sacramento State,NCAA Tournament,false,false,,,away,scheduled,,,,2026-11-19-NCAA-Tournament-Sacramento-State,regular
sidearm-2026-11-19-NCAA-Tournament-UC-Irvine,2026-11-19,NCAA Tournament,UC Irvine,false,false,,,neutral,scheduled,,,,2026-11-19-NCAA-Tournament-UC-Irvine,regular
sidearm-2026-11-19-Harvard-NCAA-Tournament-First-Round,2026-11-19,Harvard,NCAA Tournament First Round,false,false,,,home,scheduled,,https://gocrimson.com/boxscore.aspx?id=33207,,2026-11-19-Harvard-NCAA-Tournament-First-Round,ncaa_tournament
sidearm-2026-11-19-NCAA-Championship-First-Round-Sacred-Heart,2026-11-19,NCAA Championship First Round,Sacred Heart,false,false,,,neutral,scheduled,,,,2026-11-19-NCAA-Championship-First-Round-Sacred-Heart,ncaa_tournament
sidearm-2026-11-19-Western-Michigan-NCAA-Tournament,2026-11-19,Western Michigan,NCAA Tournament,false,false,,,home,scheduled,,,,2026-11-19-NCAA-Tournament-Western-Michigan,regular
sidearm-2026-11-19-UC-Davis-NCAA,2026-11-19,UC Davis,NCAA,false,false,,,home,scheduled,,,,2026-11-19-NCAA-UC-Davis,regular
sidearm-2026-11-19-UTRGV-NCAA-First-Round,2026-11-19,UTRGV,NCAA First Round,false,false,,,home,scheduled,,,,2026-11-19-NCAA-First-Round-UTRGV,ncaa_tournament
sidearm-2026-11-19-Navy-NCAA-First-Round,2026-11-19,Navy,NCAA First Round,false,false,,,away,scheduled,,,,2026-11-19-NCAA-First-Round-Navy,ncaa_tournament
sidearm-2026-11-19-First-Round-Denver,2026-11-19,First Round,Denver,false,false,,,neutral,scheduled,,,,2026-11-19-Denver-First-Round,ncaa_tournament
wmt-2026-11-21-NCAA-Second-Round-Virginia,2026-11-21,Virginia,NCAA Second Round,false,false,,,home,scheduled,https://virginiasports.com/sports/msoc/schedule,https://static.virginiasports.com/custompages/sports/m-soccer/stats/2026-2027/VA112126.PDF,,2026-11-21-NCAA-Second-Round-Virginia,ncaa_tournament
sidearm-2026-11-22-UConn-SECOND-ROUND,2026-11-22,UConn,SECOND ROUND,false,false,,,home,scheduled,,,,2026-11-22-SECOND-ROUND-UConn,ncaa_tournament
sidearm-2026-11-22-Harvard-NCAA-Tournament-Second-Round,2026-11-22,Harvard,NCAA Tournament Second Round,false,false,,,home,scheduled,,https://gocrimson.com/boxscore.aspx?id=33207,,2026-11-22-Harvard-NCAA-Tournament-Second-Round,ncaa_tournament
sidearm-2026-11-22-NCAA-Championship-Second-Round-Sacred-Heart,2026-11-22,NCAA Championship Second Round,Sacred Heart,false,false,,,neutral,scheduled,,,,2026-11-22-NCAA-Championship-Second-Round-Sacred-Heart,ncaa_tournament
sidearm-2026-11-22-UTRGV-NCAA-Second-Round,2026-11-22,UTRGV,NCAA Second Round,false,false,,,home,scheduled,,,,2026-11-22-NCAA-Second-Round-UTRGV,ncaa_tournament
sidearm-2026-11-22-Navy-NCAA-Second-Round,2026-11-22,Navy,NCAA Second Round,false,false,,,away,scheduled,,,,2026-11-22-NCAA-Second-Round-Navy,ncaa_tournament
sidearm-2026-11-22-Second-Round-Denver,2026-11-22,Second Round,Denver,false,false,,,neutral,scheduled,,,,2026-11-22-Denver-Second-Round,ncaa_tournament
wmt-2026-11-26-NCAA-Third-Round-Virginia,2026-11-26,Virginia,NCAA Third Round,false,false,,,home,scheduled,https://virginiasports.com/sports/msoc/schedule,https://static.virginiasports.com/custompages/sports/m-soccer/stats/2026-2027/VA112626.PDF,,2026-11-26-NCAA-Third-Round-Virginia,ncaa_tournament
sidearm-2026-11-28-Harvard-NCAA-Tournament-Third-Round,2026-11-28,Harvard,NCAA Tournament Third Round,false,false,,,home,scheduled,,https://gocrimson.com/boxscore.aspx?id=33207,,2026-11-28-Harvard-NCAA-Tournament-Third-Round,ncaa_tournament
sidearm-2026-11-28-NCAA-Championship-Third-Round-Sacred-Heart,2026-11-28,NCAA Championship Third Round,Sacred Heart,false,false,,,neutral,scheduled,,,,2026-11-28-NCAA-Championship-Third-Round-Sacred-Heart,ncaa_tournament
sidearm-2026-11-28-UTRGV-NCAA-Third-Round,2026-11-28,UTRGV,NCAA Third Round,false,false,,,home,scheduled,,,,2026-11-28-NCAA-Third-Round-UTRGV,ncaa_tournament
sidearm-2026-11-28-Navy-NCAA-Third-Round,2026-11-28,Navy,NCAA Third Round,false,false,,,away,scheduled,,,,2026-11-28-NCAA-Third-Round-Navy,ncaa_tournament
sidearm-2026-11-28-Round-of-16-Denver,2026-11-28,Round of 16,Denver,false,false,,,neutral,scheduled,,,,2026-11-28-Denver-Round-of-16,ncaa_tournament
sidearm-2026-11-29-UConn-SWEET-16,2026-11-29,UConn,SWEET 16,false,false,,,home,scheduled,,,,2026-11-29-SWEET-16-UConn,regular
wmt-2026-12-03-NCAA-Quarterfinals-Virginia,2026-12-03,Virginia,NCAA Quarterfinals,false,false,,,home,scheduled,https://virginiasports.com/sports/msoc/schedule,https://static.virginiasports.com/custompages/sports/m-soccer/stats/2026-2027/VA120326.PDF,,2026-12-03-NCAA-Quarterfinals-Virginia,ncaa_tournament
sidearm-2026-12-04-NCAA-Championship-Quarterfinals-Sacred-Heart,2026-12-04,NCAA Championship Quarterfinals,Sacred Heart,false,false,,,neutral,scheduled,,,,2026-12-04-NCAA-Championship-Quarterfinals-Sacred-Heart,ncaa_tournament
sidearm-2026-12-04-UTRGV-NCAA-Quarterfinals,2026-12-04,UTRGV,NCAA Quarterfinals,false,false,,,home,scheduled,,,,2026-12-04-NCAA-Quarterfinals-UTRGV,ncaa_tournament
sidearm-2026-12-04-Navy-NCAA-Quarterfinals,2026-12-04,Navy,NCAA Quarterfinals,false,false,,,away,scheduled,,,,2026-12-04-NCAA-Quarterfinals-Navy,ncaa_tournament
sidearm-2026-12-04-Quarterfinal-Denver,2026-12-04,Quarterfinal,Denver,false,false,,,neutral,scheduled,,,,2026-12-04-Denver-Quarterfinal,ncaa_tournament
sidearm-2026-12-05-UConn-ELITE-8,2026-12-05,UConn,ELITE 8,false,false,,,home,scheduled,,,,2026-12-05-ELITE-8-UConn,regular
sidearm-2026-12-05-Harvard-NCAA-Tournament-Quarterfinal-Round,2026-12-05,Harvard,NCAA Tournament Quarterfinal Round,false,false,,,home,scheduled,,https://gocrimson.com/boxscore.aspx?id=33207,,2026-12-05-Harvard-NCAA-Tournament-Quarterfinal-Round,ncaa_tournament
wmt-2026-12-10-NCAA-Semifinals-Virginia,2026-12-10,Virginia,NCAA Semifinals,false,false,,,neutral,scheduled,https://virginiasports.com/sports/msoc/schedule,https://static.virginiasports.com/custompages/sports/m-soccer/stats/2026-2027/VA121026.PDF,,2026-12-10-NCAA-Semifinals-Virginia,ncaa_tournament
sidearm-2026-12-11-COLLEGE-CUP-UConn,2026-12-11,COLLEGE CUP,UConn,false,false,,,neutral,scheduled,,,,2026-12-11-COLLEGE-CUP-UConn,regular
sidearm-2026-12-11-2026-NCAA-College-Cup-Indiana,2026-12-11,2026 NCAA College Cup,Indiana,false,false,,,neutral,scheduled,,,,2026-12-11-2026-NCAA-College-Cup-Indiana,regular
sidearm-2026-12-11-NCAA-College-Cup-UC-Irvine,2026-12-11,NCAA College Cup,UC Irvine,false,false,,,neutral,scheduled,,,,2026-12-11-NCAA-College-Cup-UC-Irvine,regular
sidearm-2026-12-11-Harvard-NCAA-Men's-College-Cup---Semifinals,2026-12-11,Harvard,NCAA Men's College Cup,false,false,,,home,scheduled,,https://gocrimson.com/boxscore.aspx?id=33207,,2026-12-11-Harvard-NCAA-Men's-College-Cup,ncaa_tournament
sidearm-2026-12-11-NCAA-Championship-Semifinal-Sacred-Heart,2026-12-11,NCAA Championship Semifinal,Sacred Heart,false,false,,,neutral,scheduled,,,,2026-12-11-NCAA-Championship-Semifinal-Sacred-Heart,ncaa_tournament
sidearm-2026-12-11-UTRGV-NCAA-Semifinals,2026-12-11,UTRGV,NCAA Semifinals,false,false,,,home,scheduled,,,,2026-12-11-NCAA-Semifinals-UTRGV,ncaa_tournament
sidearm-2026-12-11-Navy-NCAA-Semifinals,2026-12-11,Navy,NCAA Semifinals,false,false,,,away,scheduled,,,,2026-12-11-NCAA-Semifinals-Navy,ncaa_tournament
sidearm-2026-12-11-Semifinal-Denver,2026-12-11,Semifinal,Denver,false,false,,,neutral,scheduled,,,,2026-12-11-Denver-Semifinal,ncaa_tournament
wmt-2026-12-13-NCAA-Final-Virginia,2026-12-13,Virginia,NCAA Final,false,false,,,neutral,scheduled,https://virginiasports.com/sports/msoc/schedule,https://static.virginiasports.com/custompages/sports/m-soccer/stats/2026-2027/VA121326.PDF,,2026-12-13-NCAA-Final-Virginia,ncaa_tournament
sidearm-2026-12-14-Harvard-NCAA-Men's-College-Cup---Championship,2026-12-14,Harvard,NCAA Men's College Cup,false,false,,,home,scheduled,,https://gocrimson.com/boxscore.aspx?id=33207,,2026-12-14-Harvard-NCAA-Men's-College-Cup,ncaa_tournament
sidearm-2026-12-14-NCAA-Championship-Final-Sacred-Heart,2026-12-14,NCAA Championship Final,Sacred Heart,false,false,,,neutral,scheduled,,,,2026-12-14-NCAA-Championship-Final-Sacred-Heart,ncaa_tournament
sidearm-2026-12-14-UTRGV-NCAA-Championship,2026-12-14,UTRGV,NCAA Championship,false,false,,,home,scheduled,,,,2026-12-14-NCAA-Championship-UTRGV,ncaa_tournament
sidearm-2026-12-14-Navy-NCAA-Championship,2026-12-14,Navy,NCAA Championship,false,false,,,away,scheduled,,,,2026-12-14-NCAA-Championship-Navy,ncaa_tournament
sidearm-2026-12-14-Final-Denver,2026-12-14,Final,Denver,false,false,,,neutral,scheduled,,,,2026-12-14-Denver-Final,ncaa_tournament
