game_id,date,home_team_name,away_team_name,home_team_ranked,away_team_ranked,home_score,away_score,location_type,status,schedule_url,boxscore_url,boxscore_url_alt,dedupe_key,game_type
sidearm-2017-08-11-Maryland-(exhibition)-St.-John's,2017-08-11,Maryland,St. John's,false,false,2,1,away,final,,,,2017-08-11-Maryland-St.-John's,exhibition
sidearm-2017-08-11-Xavier-Marian-(Ind.),2017-08-11,Xavier,Marian (Ind.),false,false,3,0,home,final,,https://goxavier.com/sports/mens-soccer/stats/2017/marian-ind-/boxscore/6837,,2017-08-11-Marian-(Ind.)-Xavier,regular
sidearm-2017-08-11-Presbyterian-Georgia-Southern-(exh.),2017-08-11,Presbyterian,Georgia Southern,false,false,1,1,home,final,,,,2017-08-11-Georgia-Southern-Presbyterian,exhibition
sidearm-2017-08-11-Detroit-Mercy-Cincinnati-(Exh.),2017-08-11,Detroit Mercy,Cincinnati,false,false,3,1,unknown,final,,,,2017-08-11-Cincinnati-Detroit-Mercy,exhibition
sidearm-2017-08-11-Belmont-University-Faulkner,2017-08-11,Belmont University,Faulkner,false,false,5,2,unknown,final,,,,2017-08-11-Belmont-University-Faulkner,regular
wmt-2017-08-12-Clemson-UAB,2017-08-12,UAB,Clemson,false,false,0,3,away,final,https://clemsontigers.com/sports/mens-soccer/schedule,,,2017-08-12-Clemson-UAB,regular
sidearm-2017-08-12-Louisville-LIPSCOMB-(EX),2017-08-12,Louisville,Lipscomb,false,false,1,0,home,final,,https://gocards.com/sports/mens-soccer/stats/2017/lipscomb-ex-/boxscore/13983,https://lipscombsports.com/sports/mens-soccer/stats/2017/louisville/boxscore/7988,2017-08-12-Lipscomb-Louisville,exhibition
sidearm-2017-08-12-Missouri-State-Missouri-Valley-College,2017-08-12,Missouri State,Missouri Valley College,false,false,1,0,home,final,,,,2017-08-12-Missouri-State-Missouri-Valley-College,regular
sidearm-2017-08-12-Dayton-Bowling-Green-(Exhibition),2017-08-12,Dayton,Bowling Green,false,false,1,1,unknown,final,,,,2017-08-12-Bowling-Green-Dayton,exhibition
sidearm-2017-08-12-Loyola-Chicago-Milwaukee-(Exhibition),2017-08-12,Loyola Chicago,Milwaukee,false,false,2,2,away,final,,https://mkepanthers.com/sports/mens-soccer/stats/2017/loyola-chicago/boxscore/7565,,2017-08-12-Loyola-Chicago-Milwaukee,exhibition
sidearm-2017-08-12-Saint-Louis-Kansas-City,2017-08-12,Saint Louis,Kansas City,false,false,0,3,away,final,,,,2017-08-12-Kansas-City-Saint-Louis,regular
sidearm-2017-08-12-Butler-Michigan,2017-08-12,Butler,Michigan,false,false,0,0,unknown,final,,,,2017-08-12-Butler-Michigan,regular
sidearm-2017-08-12-Creighton-SIU-Edwardsville-,2017-08-12,Creighton,SIU Edwardsville,false,false,2,1,home,final,,https://gocreighton.com/sports/mens-soccer/stats/2017/siu-edwardsville/boxscore/8751,,2017-08-12-Creighton-SIU-Edwardsville,regular
wmt-2017-08-12-Eastern-Illinois-Northwestern,2017-08-12,Northwestern,Eastern Illinois,false,false,2,1,home,final,https://nusports.com/sports/mens-soccer/schedule,https://eiupanthers.com/sports/mens-soccer/stats/2017/northwestern-ex-/boxscore/6299,,2017-08-12-Eastern-Illinois-Northwestern,regular
sidearm-2017-08-12-Drake-Iowa-Western-(Exhibition),2017-08-12,Drake,Iowa Western,false,false,2,1,unknown,final,,,,2017-08-12-Drake-Iowa-Western,exhibition
sidearm-2017-08-12-San-Diego-(Exhibition)-UC-Riverside,2017-08-12,San Diego,UC Riverside,false,false,2,1,away,final,,,,2017-08-12-San-Diego-UC-Riverside,exhibition
sidearm-2017-08-12-American-Maryland,2017-08-12,American,Maryland,false,false,,,unknown,scheduled,,,,2017-08-12-American-Maryland,regular
sidearm-2017-08-12-ETSU-Blue-&-Gold-Match-(Ex.),2017-08-12,ETSU,Blue & Gold Match,false,false,,,unknown,scheduled,,,,2017-08-12-Blue-&-Gold-Match-ETSU,exhibition
sidearm-2017-08-13-Duke-South-Carolina,2017-08-13,Duke,South Carolina,false,false,2,0,home,final,https://gamecocksonline.com/sports/msoc/schedule/2017,,,2017-08-13-Duke-South-Carolina,regular
sidearm-2017-08-13-NC-State-Appalachian-State-(EXH),2017-08-13,NC State,Appalachian State,false,false,0,0,home,final,,,,2017-08-13-Appalachian-State-NC-State,exhibition
wmt-2017-08-13-Notre-Dame-Omaha,2017-08-13,Omaha,Notre Dame,false,true,0,2,away,final,https://fightingirish.com/sports/msoc/schedule,,,2017-08-13-Notre-Dame-Omaha,regular
wmt-2017-08-13-Portland-Stanford,2017-08-13,Stanford,Portland,false,false,3,0,home,final,https://gostanford.com/sports/mens-soccer/schedule,https://gostanford.com/boxscore.aspx?id=25187,,2017-08-13-Portland-Stanford,regular
sidearm-2017-08-13-Syracuse-Hartwick-,2017-08-13,Syracuse,Hartwick,false,false,3,0,home,final,,,,2017-08-13-Hartwick-Syracuse,regular
sidearm-2017-08-13-North-Carolina-Coastal-Carolina-(exhibition),2017-08-13,North Carolina,Coastal Carolina,false,false,3,1,home,final,,,,2017-08-13-Coastal-Carolina-North-Carolina,exhibition
sidearm-2017-08-13-Furman-Wake-Forest,2017-08-13,Furman,Wake Forest,false,false,1,0,away,final,,,,2017-08-13-Furman-Wake-Forest,regular
sidearm-2017-08-13-North-Florida-Daytona-State-(Exhibition),2017-08-13,North Florida,Daytona State,false,false,2,1,home,final,,,,2017-08-13-Daytona-State-North-Florida,exhibition
sidearm-2017-08-13-Fordham-Stony-Brook-(Exh.),2017-08-13,Fordham,Stony Brook,false,false,0,0,unknown,final,,,,2017-08-13-Fordham-Stony-Brook,exhibition
sidearm-2017-08-13-DePaul-Western-Michigan,2017-08-13,DePaul,Western Michigan,false,false,1,1,home,final,,,,2017-08-13-DePaul-Western-Michigan,regular
sidearm-2017-08-13-Marquette-Green-Bay-(EXH.),2017-08-13,Marquette,Green Bay,false,false,1,1,home,final,,,,2017-08-13-Green-Bay-Marquette,exhibition
sidearm-2017-08-13-Rutgers-UConn,2017-08-13,Rutgers,UConn,false,false,1,0,away,final,,https://scarletknights.com/sports/mens-soccer/stats/2017/uconn-exhibition-/boxscore/4632,,2017-08-13-Rutgers-UConn,regular
sidearm-2017-08-13-Charleston-Wofford-(Exh.),2017-08-13,Charleston,Wofford,false,false,2,2,home,final,,https://cofcsports.com/sports/mens-soccer/stats/2017/wofford-exh-/boxscore/7239,https://athletics.wofford.edu/sports/mens-soccer/stats/2017/college-of-charleston-ex-/boxscore/3942,2017-08-13-Charleston-Wofford,exhibition
sidearm-2017-08-13-Northeastern-Massachusetts-(exh.),2017-08-13,Northeastern,Massachusetts,false,false,,,unknown,scheduled,,,,2017-08-13-Massachusetts-Northeastern,exhibition
sidearm-2017-08-13-IU-Indy-Ohio-State,2017-08-13,IU Indy,Ohio State,false,false,0,3,unknown,final,,,,2017-08-13-IU-Indy-Ohio-State,regular
sidearm-2017-08-13-American-Pittsburgh,2017-08-13,American,Pittsburgh,false,false,,,unknown,scheduled,,,,2017-08-13-American-Pittsburgh,regular
sidearm-2017-08-13-Northeastern-(Exh.)-UMass,2017-08-13,Northeastern,UMass,false,false,,,away,scheduled,,,,2017-08-13-Northeastern-UMass,exhibition
sidearm-2017-08-13-Pacific-Westmont,2017-08-13,Pacific,Westmont,false,false,2,1,unknown,final,,https://pacifictigers.com/sports/mens-soccer/stats/2017/westmont/boxscore/1885,,2017-08-13-Pacific-Westmont,regular
wmt-2017-08-13-Seattle-Trinity-Western,2017-08-13,Seattle,Trinity Western,false,false,,,home,final,https://goseattleu.com/sports/mens-soccer/schedule,,,2017-08-13-Seattle-Trinity-Western,regular
sidearm-2017-08-14-Temple-University-Lafayette-(Exhibition),2017-08-14,Temple University,Lafayette,false,false,,,home,scheduled,,,,2017-08-14-Lafayette-Temple-University,exhibition
sidearm-2017-08-14-Saint-Louis-St.-Louis-CC,2017-08-14,Saint Louis,St. Louis CC,false,false,5,2,unknown,final,,,,2017-08-14-Saint-Louis-St.-Louis-CC,regular
sidearm-2017-08-14-St.-John's-New-Hampshire-(exhibition),2017-08-14,St. John's,New Hampshire,false,false,3,1,home,final,,,,2017-08-14-New-Hampshire-St.-John's,exhibition
sidearm-2017-08-14-No.-7-Indiana-Xavier,2017-08-14,Indiana,Xavier,true,false,2,1,away,final,,,,2017-08-14-Indiana-Xavier,regular
sidearm-2017-08-14-Cal-State-Fullerton-California,2017-08-14,Cal State Fullerton,California,false,false,0,2,unknown,final,,https://fullertontitans.com/sports/mens-soccer/stats/2017/california/boxscore/2753,,2017-08-14-Cal-State-Fullerton-California,regular
sidearm-2017-08-14-Northern-Kentucky-Kentucky-(Exhibition),2017-08-14,Northern Kentucky,Kentucky,false,false,2,1,unknown,final,,https://nkunorse.com/sports/mens-soccer/stats/2017/kentucky-exhibition-/boxscore/3988,,2017-08-14-Kentucky-Northern-Kentucky,exhibition
sidearm-2017-08-14-Oakland-Bowling-Green,2017-08-14,Oakland,Bowling Green,false,false,,,home,scheduled,,,,2017-08-14-Bowling-Green-Oakland,regular
sidearm-2017-08-14-Purdue-Fort-Wayne-Indiana-Tech-,2017-08-14,Purdue Fort Wayne,Indiana Tech,false,false,4,2,home,final,,https://gomastodons.com/sports/mens-soccer/stats/2017/indiana-tech/boxscore/11328,,2017-08-14-Indiana-Tech-Purdue-Fort-Wayne,regular
sidearm-2017-08-14-Belmont-University-Mercer,2017-08-14,Belmont University,Mercer,false,false,1,1,home,final,,https://belmontbruins.com/sports/mens-soccer/stats/2017/mercer/boxscore/1515,,2017-08-14-Belmont-University-Mercer,regular
sidearm-2017-08-15-New-York-Red-Bulls-II-(Exhibition)-Boston-College,2017-08-15,New York Red Bulls II,Boston College,false,false,,,away,scheduled,,,,2017-08-15-Boston-College-New-York-Red-Bulls-II,exhibition
wmt-2017-08-15-Clemson-Coastal-Carolina,2017-08-15,Clemson,Coastal Carolina,false,false,3,1,home,final,https://clemsontigers.com/sports/mens-soccer/schedule,,,2017-08-15-Clemson-Coastal-Carolina,regular
wmt-2017-08-15-ETSU-Virginia-Tech,2017-08-15,ETSU,Virginia Tech,false,false,0,1,away,final,https://hokiesports.com/sports/mens-soccer/schedule,,,2017-08-15-ETSU-Virginia-Tech,regular
sidearm-2017-08-15-NJIT-Army-West-Point-(scrimmage),2017-08-15,NJIT,Army,false,false,2,1,unknown,final,,,,2017-08-15-Army-NJIT,exhibition
sidearm-2017-08-15-UMBC-Bucknell,2017-08-15,UMBC,Bucknell,false,false,2,0,unknown,final,,,,2017-08-15-Bucknell-UMBC,regular
sidearm-2017-08-15-Charlotte-Longwood-(Exhibition),2017-08-15,Charlotte,Longwood,false,false,3,2,home,final,,,,2017-08-15-Charlotte-Longwood,exhibition
sidearm-2017-08-15-Memphis-UAH-(Exh.),2017-08-15,Memphis,UAH,false,false,1,0,home,final,,,,2017-08-15-Memphis-UAH,exhibition
sidearm-2017-08-15-Central-Arkansas-Colorado-School-of-Mines-(Exhibition),2017-08-15,Central Arkansas,Colorado School of Mines,false,false,0,3,unknown,final,,,,2017-08-15-Central-Arkansas-Colorado-School-of-Mines,exhibition
sidearm-2017-08-15-Jacksonville-Trinity-Baptist,2017-08-15,Jacksonville,Trinity Baptist,false,false,5,0,unknown,final,,,,2017-08-15-Jacksonville-Trinity-Baptist,regular
sidearm-2017-08-15-Stetson-Rollins,2017-08-15,Stetson,Rollins,false,false,0,1,unknown,final,,,,2017-08-15-Rollins-Stetson,regular
sidearm-2017-08-15-Duquesne-Cleveland-State-(Exhib.),2017-08-15,Duquesne,Cleveland State,false,false,1,1,unknown,final,,,,2017-08-15-Cleveland-State-Duquesne,exhibition
sidearm-2017-08-15-Loyola-Chicago-Northern-Illinois-(Exhibition),2017-08-15,Loyola Chicago,Northern Illinois,false,false,1,0,unknown,final,,,,2017-08-15-Loyola-Chicago-Northern-Illinois,exhibition
sidearm-2017-08-15-Radford-Marshall,2017-08-15,Radford,Marshall,false,false,,,home,scheduled,,,,2017-08-15-Marshall-Radford,regular
sidearm-2017-08-15-Michigan-State-Colgate,2017-08-15,Michigan State,Colgate,false,false,1,0,home,final,,,,2017-08-15-Colgate-Michigan-State,regular
wmt-2017-08-15-Bradley-Northwestern,2017-08-15,Bradley,Northwestern,false,false,0,1,away,final,https://nusports.com/sports/mens-soccer/schedule,,,2017-08-15-Bradley-Northwestern,regular
sidearm-2017-08-15-UIC-Western-Illinois-(exh.),2017-08-15,UIC,Western Illinois,false,false,2,1,unknown,final,,https://uicflames.com/sports/mens-soccer/stats/2017/western-illinois-exh-/boxscore/10476,,2017-08-15-UIC-Western-Illinois,exhibition
sidearm-2017-08-15-Eastern-Illinois-Saint-Xavier-University-(Ill.)-(ex.),2017-08-15,Eastern Illinois,Saint Xavier University (Ill.),false,false,2,0,unknown,final,,https://eiupanthers.com/sports/mens-soccer/stats/2017/saint-xavier-university-ill-ex-/boxscore/6300,,2017-08-15-Eastern-Illinois-Saint-Xavier-University-(Ill.),exhibition
sidearm-2017-08-15-California-Baptist-UC-Riverside-(exhibition),2017-08-15,California Baptist,UC Riverside,false,false,7,0,home,final,,https://cbulancers.com/sports/mens-soccer/stats/2017/uc-riverside-exhibition-/boxscore/7939,,2017-08-15-California-Baptist-UC-Riverside,exhibition
sidearm-2017-08-15-Oral-Roberts-USAO,2017-08-15,Oral Roberts,USAO,false,false,,,unknown,scheduled,,,,2017-08-15-Oral-Roberts-USAO,regular
wmt-2017-08-15-UCF-University-of-Tampa,2017-08-15,UCF,University of Tampa,false,false,9,1,home,final,https://ucfknights.com/sports/mens-soccer/schedule,,,2017-08-15-UCF-University-of-Tampa,regular
wmt-2017-08-16-Drake-Notre-Dame,2017-08-16,Drake,Notre Dame,false,false,1,4,away,final,https://fightingirish.com/sports/msoc/schedule,,,2017-08-16-Drake-Notre-Dame,regular
sidearm-2017-08-16-Syracuse-Villanova,2017-08-16,Syracuse,Villanova,false,false,2,1,home,final,,,,2017-08-16-Syracuse-Villanova,regular
sidearm-2017-08-16-Missouri-State-Missouri-S&T,2017-08-16,Missouri State,Missouri State,false,false,1,0,home,final,,,,2017-08-16-Missouri-State-Missouri-State,regular
sidearm-2017-08-16-College-of-Charleston-#-Davidson-College,2017-08-16,Charleston,Davidson College,false,false,2,2,away,final,,https://davidsonwildcats.com/sports/mens-soccer/stats/2017/college-of-charleston-/boxscore/5086,https://cofcsports.com/sports/mens-soccer/stats/2017/davidson-exh-/boxscore/7240,2017-08-16-Charleston-Davidson-College,regular
sidearm-2017-08-16-Fordham-Boston-University-(Exh.),2017-08-16,Fordham,Boston University,false,false,0,3,unknown,final,,,,2017-08-16-Boston-University-Fordham,exhibition
sidearm-2017-08-16-Akron-Penn-State,2017-08-16,Akron,Penn State,false,false,1,0,home,final,,,,2017-08-16-Akron-Penn-State,regular
sidearm-2017-08-16-Butler-Ohio-State,2017-08-16,Butler,Ohio State,false,false,1,0,unknown,final,,,,2017-08-16-Butler-Ohio-State,regular
sidearm-2017-08-16-Wisconsin-Creighton,2017-08-16,Wisconsin,Creighton,false,false,0,1,away,final,,,,2017-08-16-Creighton-Wisconsin,regular
sidearm-2017-08-16-Presbyterian-Spartanburg-Methodist-(exh.),2017-08-16,Presbyterian,Spartanburg Methodist,false,false,1,0,unknown,final,,,,2017-08-16-Presbyterian-Spartanburg-Methodist,exhibition
sidearm-2017-08-16-Monmouth-(exhibition)-Rutgers,2017-08-16,Monmouth,Rutgers,false,false,1,0,away,final,,,,2017-08-16-Monmouth-Rutgers,exhibition
wmt-2017-08-16-UCLA-Utah-Valley,2017-08-16,UCLA,Utah Valley,false,false,2,2,home,final,https://uclabruins.com/sports/mens-soccer/schedule,,,2017-08-16-UCLA-Utah-Valley,regular
sidearm-2017-08-16-Northern-Kentucky-FC-Cincinnati-(Exhibition),2017-08-16,Northern Kentucky,FC Cincinnati,false,false,1,1,unknown,final,,https://nkunorse.com/sports/mens-soccer/stats/2017/fc-cincinnati-exhibition-/boxscore/4056,,2017-08-16-FC-Cincinnati-Northern-Kentucky,exhibition
sidearm-2017-08-16-Quinnipiac-Southern-Connecticut-State-(Exhibition),2017-08-16,Quinnipiac,Southern Connecticut State,false,false,4,0,home,final,,,,2017-08-16-Quinnipiac-Southern-Connecticut-State,exhibition
wmt-2017-08-16-Cal-State-Monterey-Bay-San-Jose-State,2017-08-16,San Jose State,Cal State Monterey Bay,false,false,1,1,home,final,https://sjsuspartans.com/sports/mens-soccer/schedule,,,2017-08-16-Cal-State-Monterey-Bay-San-Jose-State,regular
sidearm-2017-08-16-Houston-Christian-Oklahoma-Wesleyan-(exhibition),2017-08-16,Houston Christian,Oklahoma Wesleyan,false,false,,,unknown,scheduled,,,,2017-08-16-Houston-Christian-Oklahoma-Wesleyan,exhibition
sidearm-2017-08-16-Cal-Poly-Fresno-Pacific,2017-08-16,Cal Poly,Fresno Pacific,false,false,4,0,home,final,,,,2017-08-16-Cal-Poly-Fresno-Pacific,regular
sidearm-2017-08-16-Oral-Roberts-Rogers-St.,2017-08-16,Oral Roberts,Rogers St.,false,false,4,0,unknown,final,,,,2017-08-16-Oral-Roberts-Rogers-St.,regular
sidearm-2017-08-16-Loyola-Marymount-CSU-Bakersfield,2017-08-16,Loyola Marymount,CSU Bakersfield,false,false,1,1,unknown,final,,,,2017-08-16-CSU-Bakersfield-Loyola-Marymount,regular
sidearm-2017-08-17-Xavier-(Exhibition)-Duke,2017-08-17,Xavier,Duke,false,false,1,1,neutral,final,,,,2017-08-17-Duke-Xavier,exhibition
sidearm-2017-08-17-#7-Indiana-(EX)-Louisville,2017-08-17,Indiana,Louisville,true,false,3,2,neutral,final,,https://gocards.com/sports/mens-soccer/stats/2017/indiana-ex-/boxscore/13984,,2017-08-17-Indiana-Louisville,exhibition
sidearm-2017-08-17-South-Carolina-(exhibition)-North-Carolina,2017-08-17,South Carolina,North Carolina,false,true,0,0,away,final,https://gamecocksonline.com/sports/msoc/schedule/2017,,,2017-08-17-North-Carolina-South-Carolina,exhibition
sidearm-2017-08-17-Central-Arkansas-University-of-Colorado-at-Colorado-Springs-(Exhibition),2017-08-17,Central Arkansas,University of Colorado at Colorado Springs,false,false,3,4,unknown,final,,https://ucasports.com/sports/mens-soccer/stats/2017/university-of-colorado-at-colorado-springs-exhibition-/boxscore/2989,,2017-08-17-Central-Arkansas-University-of-Colorado-at-Colorado-Springs,exhibition
sidearm-2017-08-17-Mercer-(Exhibition)-North-Florida,2017-08-17,Mercer,North Florida,false,false,1,0,away,final,,,,2017-08-17-Mercer-North-Florida,exhibition
sidearm-2017-08-17-Stetson-Florida-Southern,2017-08-17,Stetson,Florida Southern,false,false,1,0,unknown,final,,,,2017-08-17-Florida-Southern-Stetson,regular
sidearm-2017-08-17-Saint-Joseph's-Rider-(Exhibition),2017-08-17,Saint Joseph's,Rider University,false,false,2,1,unknown,final,,,,2017-08-17-Rider-University-Saint-Joseph's,exhibition
sidearm-2017-08-17-Seton-Hall-LIU-Brooklyn,2017-08-17,Seton Hall,LIU Brooklyn,false,false,4,2,home,final,,,,2017-08-17-LIU-Brooklyn-Seton-Hall,regular
sidearm-2017-08-17-USC-Upstate-Bob-Jones-(Exh.),2017-08-17,USC Upstate,Bob Jones,false,false,4,1,home,final,,https://upstatespartans.com/sports/mens-soccer/stats/2017/bob-jones-exh-/boxscore/1410,,2017-08-17-Bob-Jones-USC-Upstate,exhibition
sidearm-2017-08-17-Winthrop-Furman-(exhibition),2017-08-17,Winthrop,Furman,false,false,0,1,unknown,final,,https://winthropeagles.com/boxscore.aspx?id=23965,,2017-08-17-Furman-Winthrop,exhibition
sidearm-2017-08-17-Sacramento-State-Santa-Clara,2017-08-17,Sacramento State,Santa Clara,false,false,1,0,away,final,,https://hornetsports.com/sports/mens-soccer/stats/2017/santa-clara/boxscore/1865,https://santaclarabroncos.com/sports/mens-soccer/stats/2017/sacramento-state/boxscore/2676,2017-08-17-Sacramento-State-Santa-Clara,regular
sidearm-2017-08-17-IU-Indy-Univ.-of-Indianapolis,2017-08-17,IU Indy,Univ. of Indianapolis,false,false,2,0,unknown,final,,https://iuindyjags.com/sports/mens-soccer/stats/2017/univ-of-indianapolis/boxscore/6137,,2017-08-17-IU-Indy-Univ.-of-Indianapolis,regular
sidearm-2017-08-17-Saint-Mary's-Sonoma-State,2017-08-17,Saint Mary's,Sonoma State,false,false,,,home,scheduled,,,,2017-08-17-Saint-Mary's-Sonoma-State,regular
sidearm-2017-08-17-San-Diego-Point-Loma-Nazarene,2017-08-17,San Diego,Point Loma Nazarene,false,false,4,1,unknown,final,,,,2017-08-17-Point-Loma-Nazarene-San-Diego,regular
sidearm-2017-08-18-Butler-Michigan-State,2017-08-18,Butler,Michigan State,false,false,1,4,neutral,final,,,,2017-08-18-Butler-Michigan-State,regular
wmt-2017-08-18-Northwestern-SIUE,2017-08-18,SIUE,Northwestern,false,false,1,1,away,final,https://nusports.com/sports/mens-soccer/schedule,,,2017-08-18-Northwestern-SIUE,regular
sidearm-2017-08-18-Purdue-Fort-Wayne-Valparaiso,2017-08-18,Purdue Fort Wayne,Valparaiso,false,false,3,1,home,final,,https://gomastodons.com/sports/mens-soccer/stats/2017/valparaiso/boxscore/11347,,2017-08-18-Purdue-Fort-Wayne-Valparaiso,regular
wmt-2017-08-18-Cal-Poly-San-Diego-State,2017-08-18,San Diego State,Cal Poly,false,false,1,0,home,final,https://goaztecs.com/sports/mens-soccer/schedule,,,2017-08-18-Cal-Poly-San-Diego-State,regular
sidearm-2017-08-18-San-Francisco-Stanislaus-State-(Exhibition),2017-08-18,San Francisco,Stanislaus State,false,false,1,0,home,final,,,,2017-08-18-San-Francisco-Stanislaus-State,exhibition
sidearm-2017-08-19-Boston-College-UMass-Lowell-(Exhibition),2017-08-19,Boston College,UMass Lowell,false,false,,,home,scheduled,,,,2017-08-19-Boston-College-UMass-Lowell,exhibition
wmt-2017-08-19-Clemson-Virginia-Tech,2017-08-19,Virginia Tech,Clemson,false,false,4,4,away,final,https://clemsontigers.com/sports/mens-soccer/schedule,,,2017-08-19-Clemson-Virginia-Tech,regular
sidearm-2017-08-19-Indiana-(Exhibition)-Duke,2017-08-19,Indiana,Duke,false,false,1,1,neutral,final,,,,2017-08-19-Duke-Indiana,exhibition
sidearm-2017-08-19-Louisville-OAKLAND-(EX),2017-08-19,Louisville,Oakland,true,false,1,1,home,final,,https://gocards.com/sports/mens-soccer/stats/2017/oakland-ex-/boxscore/13985,,2017-08-19-Louisville-Oakland,exhibition
sidearm-2017-08-19-#24-UConn-(EXH)-NC-State,2017-08-19,UConn,NC State,true,false,1,4,away,final,,https://gopack.com/sports/mens-soccer/stats/2017/-24-uconn-exh-/boxscore/11355,,2017-08-19-NC-State-UConn,exhibition
wmt-2017-08-19-Pacific-Stanford,2017-08-19,Stanford,Pacific,true,false,1,0,home,final,https://gostanford.com/sports/mens-soccer/schedule,https://gostanford.com/boxscore.aspx?id=25188,https://pacifictigers.com/sports/mens-soccer/stats/2017/-1-stanford/boxscore/1886,2017-08-19-Pacific-Stanford,regular
sidearm-2017-08-19--Maryland-Syracuse,2017-08-19,Maryland,Syracuse,false,false,3,0,away,final,,,,2017-08-19-Maryland-Syracuse,regular
sidearm-2017-08-19-Wake-Forest-UNC-Wilmington,2017-08-19,Wake Forest,UNC Wilmington,false,false,2,2,home,final,,,,2017-08-19-UNC-Wilmington-Wake-Forest,regular
sidearm-2017-08-19-NJIT-Lafayette-(scrimmage),2017-08-19,NJIT,Lafayette,false,false,3,0,unknown,final,,,,2017-08-19-Lafayette-NJIT,exhibition
sidearm-2017-08-19-UMBC-James-Madison,2017-08-19,UMBC,James Madison,false,false,,,unknown,scheduled,,,,2017-08-19-James-Madison-UMBC,regular
sidearm-2017-08-19-Charlotte-High-Point-(Exhibition),2017-08-19,Charlotte,High Point,false,false,1,0,home,final,,,,2017-08-19-Charlotte-High-Point,exhibition
sidearm-2017-08-19-Memphis-Jefferson-College-(Exh.),2017-08-19,Memphis,Jefferson College,false,false,2,1,home,final,,,,2017-08-19-Jefferson-College-Memphis,exhibition
sidearm-2017-08-19-Temple-University-Monmouth-(Exhibition),2017-08-19,Temple University,Monmouth,false,false,,,home,scheduled,,,,2017-08-19-Monmouth-Temple-University,exhibition
sidearm-2017-08-19-Tulsa-Rogers-State,2017-08-19,Tulsa,Rogers State,false,false,1,2,home,final,,,,2017-08-19-Rogers-State-Tulsa,regular
sidearm-2017-08-19-Oral-Roberts-Tulsa,2017-08-19,Oral Roberts,Tulsa,false,false,1,2,away,final,,https://oruathletics.com/sports/mens-soccer/stats/2017/tulsa/boxscore/2088,,2017-08-19-Oral-Roberts-Tulsa,regular
sidearm-2017-08-19-UAB-West-Alabama-(Exh.),2017-08-19,UAB,West Alabama,false,false,2,0,home,final,,,,2017-08-19-UAB-West-Alabama,exhibition
sidearm-2017-08-19-Jacksonville-USC-Sumter,2017-08-19,Jacksonville,USC Sumter,false,false,8,0,unknown,final,,,,2017-08-19-Jacksonville-USC-Sumter,regular
sidearm-2017-08-19-Lipscomb-Cincinnati,2017-08-19,Lipscomb,Cincinnati,false,false,3,1,home,final,,https://lipscombsports.com/sports/mens-soccer/stats/2017/cincinnati/boxscore/7989,,2017-08-19-Cincinnati-Lipscomb,regular
sidearm-2017-08-19-Davidson-College-CAMPBELL-#,2017-08-19,Davidson College,Campbell,false,false,3,2,home,final,,,,2017-08-19-Campbell-Davidson-College,regular
sidearm-2017-08-19-Dayton-Milwaukee-(Exhibition),2017-08-19,Dayton,Milwaukee,false,false,3,5,unknown,final,,https://daytonflyers.com/sports/mens-soccer/stats/2017/milwaukee-exhibition-/boxscore/6584,https://mkepanthers.com/sports/mens-soccer/stats/2017/dayton/boxscore/7567,2017-08-19-Dayton-Milwaukee,exhibition
sidearm-2017-08-19-Loyola-Chicago-Marquette-(Exhibition),2017-08-19,Loyola Chicago,Marquette,false,false,0,1,away,final,,,,2017-08-19-Loyola-Chicago-Marquette,exhibition
sidearm-2017-08-19-Saint-Louis-Kentucky,2017-08-19,Saint Louis,Kentucky,false,false,0,0,unknown,final,,,,2017-08-19-Kentucky-Saint-Louis,regular
sidearm-2017-08-19-Akron-Loyola-(Md.),2017-08-19,Akron,Loyola (Md.),false,false,0,1,home,final,,,,2017-08-19-Akron-Loyola-(Md.),regular
sidearm-2017-08-19-Creighton-Ohio-State,2017-08-19,Creighton,Ohio State,false,false,2,0,home,final,,https://gocreighton.com/sports/mens-soccer/stats/2017/ohio-state/boxscore/8753,,2017-08-19-Creighton-Ohio-State,regular
sidearm-2017-08-19-DePaul-Western-Illinois,2017-08-19,DePaul,Western Illinois,false,false,3,1,home,final,,,,2017-08-19-DePaul-Western-Illinois,regular
sidearm-2017-08-19-St.-John's-LIU-Brooklyn-(exhibition),2017-08-19,St. John's,LIU Brooklyn,false,false,1,0,home,final,,,,2017-08-19-LIU-Brooklyn-St.-John's,exhibition
sidearm-2017-08-19-Presbyterian-Lander-(exh.),2017-08-19,Presbyterian,Lander,false,false,3,1,unknown,final,,,,2017-08-19-Lander-Presbyterian,exhibition
sidearm-2017-08-19-Appalachian-State-Radford,2017-08-19,Appalachian State,Radford,false,false,,,away,scheduled,,,,2017-08-19-Appalachian-State-Radford,regular
sidearm-2017-08-19-Michigan-Wisconsin-Green-Bay-(ex),2017-08-19,Michigan,Wisconsin-Green Bay,false,false,3,0,home,final,,,,2017-08-19-Michigan-Wisconsin-Green-Bay,exhibition
sidearm-2017-08-19-Portland-Washington,2017-08-19,Portland,Washington,false,false,0,1,away,final,,https://gohuskies.com/sports/mens-soccer/stats/2017/portland/boxscore/13178,,2017-08-19-Portland-Washington,regular
sidearm-2017-08-19-Illinois---Chicago-(Exhibition)-Wisconsin,2017-08-19,Illinois - Chicago,Wisconsin,false,false,1,0,away,final,,,,2017-08-19-Illinois---Chicago-Wisconsin,exhibition
sidearm-2017-08-19-Cal-State-Fullerton-Alumni,2017-08-19,Cal State Fullerton,Alumni,false,false,3,2,unknown,final,,,,2017-08-19-Alumni-Cal-State-Fullerton,regular
sidearm-2017-08-19-Bakersfield-UC-Irvine,2017-08-19,Bakersfield,UC Irvine,false,false,0,2,away,final,,https://ucirvinesports.com/sports/mens-soccer/stats/2017/bakersfield/boxscore/4693,,2017-08-19-Bakersfield-UC-Irvine,regular
sidearm-2017-08-19-UC-Santa-Barbara-Westmont,2017-08-19,UC Santa Barbara,Westmont,false,false,1,2,unknown,final,,https://ucsbgauchos.com/sports/mens-soccer/stats/2017/westmont/boxscore/2137,,2017-08-19-UC-Santa-Barbara-Westmont,regular
sidearm-2017-08-19-Utah-Valley-Green-&-White-(exhibition),2017-08-19,Utah Valley,Green & White,false,false,2,0,unknown,final,,,,2017-08-19-Green-&-White-Utah-Valley,exhibition
sidearm-2017-08-19-Northeastern-Bryant-(exh.),2017-08-19,Northeastern,Bryant,false,false,,,unknown,scheduled,,,,2017-08-19-Bryant-Northeastern,exhibition
sidearm-2017-08-19-Stony-Brook-Quinnipiac,2017-08-19,Stony Brook,Quinnipiac,false,false,2,0,away,final,,,,2017-08-19-Quinnipiac-Stony-Brook,regular
sidearm-2017-08-19-William-&-Mary-Navy-(exhibition),2017-08-19,William & Mary,Navy,false,false,3,1,unknown,final,,https://tribeathletics.com/sports/mens-soccer/stats/2017/navy-exhibition-/boxscore/10070,,2017-08-19-Navy-William-&-Mary,exhibition
sidearm-2017-08-19-Detroit-Mercy-Western-Michigan-(Exh.),2017-08-19,Detroit Mercy,Western Michigan,false,false,0,4,unknown,final,,,,2017-08-19-Detroit-Mercy-Western-Michigan,exhibition
sidearm-2017-08-19-UIC-Wisconsin-(exh.),2017-08-19,UIC,Wisconsin,false,false,1,0,unknown,final,,https://uicflames.com/sports/mens-soccer/stats/2017/wisconsin-exh-/boxscore/10477,,2017-08-19-UIC-Wisconsin,exhibition
sidearm-2017-08-19-Western-Michigan-Detroit-(Exhibition),2017-08-19,Western Michigan,Detroit,false,false,4,0,unknown,final,,,,2017-08-19-Detroit-Western-Michigan,exhibition
sidearm-2017-08-19-UNLV-UC-Riverside,2017-08-19,UNLV,UC Riverside,false,false,3,3,away,final,,,,2017-08-19-UC-Riverside-UNLV,regular
sidearm-2017-08-19-#20-New-Mexico-(Exhib)-Grand-Canyon,2017-08-19,New Mexico (Exhib),Grand Canyon,true,false,2,0,away,final,,,,2017-08-19-Grand-Canyon-New-Mexico-(Exhib),exhibition
sidearm-2017-08-19-Houston-Christian-SMU-(exhibition),2017-08-19,Houston Christian,SMU,false,false,,,unknown,scheduled,,,,2017-08-19-Houston-Christian-SMU,exhibition
sidearm-2017-08-19-ETSU-UNC-Asheville-(Ex.),2017-08-19,ETSU,UNC Asheville,false,false,1,0,unknown,final,,,,2017-08-19-ETSU-UNC-Asheville,exhibition
sidearm-2017-08-19-Wofford-Queens-University-(EX),2017-08-19,Wofford,Queens,false,false,2,3,unknown,final,,,,2017-08-19-Queens-Wofford,exhibition
sidearm-2017-08-19-UMass-Assumption-(Exh.),2017-08-19,UMass,Assumption,false,false,3,0,home,final,,,,2017-08-19-Assumption-UMass,exhibition
sidearm-2017-08-19-Coastal-Carolina-Marshall-(Exhibition),2017-08-19,Coastal Carolina,Marshall,false,false,1,1,home,final,,,,2017-08-19-Coastal-Carolina-Marshall,exhibition
sidearm-2017-08-19-UCF-Georgia-Southern,2017-08-19,UCF,Georgia Southern,false,false,1,0,away,final,https://ucfknights.com/sports/mens-soccer/schedule,,,2017-08-19-Georgia-Southern-UCF,regular
sidearm-2017-08-19-West-Virginia-Charleston-(Exh.),2017-08-19,West Virginia,Charleston,false,false,1,0,home,final,,,,2017-08-19-Charleston-West-Virginia,exhibition
sidearm-2017-08-19-Loyola-Marymount-Cal-State-Northridge,2017-08-19,Loyola Marymount,Cal State Northridge,false,false,2,0,unknown,final,,,,2017-08-19-Cal-State-Northridge-Loyola-Marymount,regular
sidearm-2017-08-19-Saint-Mary's-California,2017-08-19,Saint Mary's,California,false,false,,,home,scheduled,,,,2017-08-19-California-Saint-Mary's,regular
wmt-2017-08-19-British-Columbia-Seattle,2017-08-19,Seattle,British Columbia,false,false,,,home,final,https://goseattleu.com/sports/mens-soccer/schedule,,,2017-08-19-British-Columbia-Seattle,regular
sidearm-2017-08-20-Belmont--Missouri-State,2017-08-20,Belmont University,Missouri State,false,false,1,3,neutral,final,,,,2017-08-20-Belmont-University-Missouri-State,regular
sidearm-2017-08-20-Stetson-Eastern-Florida-State,2017-08-20,Stetson,Eastern Florida State,false,false,,,unknown,scheduled,,,,2017-08-20-Eastern-Florida-State-Stetson,regular
sidearm-2017-08-20-Duquesne-Seton-Hill-(Exhib.),2017-08-20,Duquesne,Seton Hill (Exhib.),false,false,3,0,unknown,final,,,,2017-08-20-Duquesne-Seton-Hill-(Exhib.),exhibition
sidearm-2017-08-20-George-Washington-Mary-Washington-(Exh.),2017-08-20,George Washington,Mary Washington,false,false,,,home,scheduled,,,,2017-08-20-George-Washington-Mary-Washington,exhibition
sidearm-2017-08-20-Saint-Joseph's-Delaware-(Exhibition),2017-08-20,Saint Joseph's,Delaware,false,false,2,1,unknown,final,,,,2017-08-20-Delaware-Saint-Joseph's,exhibition
sidearm-2017-08-20-Seton-Hall-Bucknell-,2017-08-20,Seton Hall,Bucknell,false,false,3,0,home,final,,,,2017-08-20-Bucknell-Seton-Hall,regular
sidearm-2017-08-20-Winthrop-Elon-(exhibition),2017-08-20,Winthrop,Elon,false,false,,,unknown,scheduled,,https://winthropeagles.com/boxscore.aspx?id=23965,,2017-08-20-Elon-Winthrop,exhibition
wmt-2017-08-20-Santa-Ana-Winds-FC-UCLA,2017-08-20,UCLA,Santa Ana Winds FC,false,false,2,1,home,final,https://uclabruins.com/sports/mens-soccer/schedule,,,2017-08-20-Santa-Ana-Winds-FC-UCLA,regular
sidearm-2017-08-20-Sacramento-State-San-Francisco,2017-08-20,Sacramento State,San Francisco,false,false,2,3,away,final,,https://hornetsports.com/sports/mens-soccer/stats/2017/san-francisco/boxscore/1866,,2017-08-20-Sacramento-State-San-Francisco,regular
sidearm-2017-08-20-South-Carolina-(Exh.)-Charleston,2017-08-20,South Carolina,Charleston,false,false,2,2,away,final,https://gamecocksonline.com/sports/msoc/schedule/2017,https://cofcsports.com/sports/mens-soccer/stats/2017/south-carolina-exh-/boxscore/7241,,2017-08-20-Charleston-South-Carolina,exhibition
sidearm-2017-08-20-IU-Indy-Evansville,2017-08-20,IU Indy,University of Evansville,false,false,1,2,unknown,final,,https://iuindyjags.com/sports/mens-soccer/stats/2017/evansville/boxscore/6138,,2017-08-20-IU-Indy-University-of-Evansville,regular
sidearm-2017-08-20-Northern-Kentucky-Urbana-(Exhibition),2017-08-20,Northern Kentucky,Urbana,false,false,1,0,unknown,final,,https://nkunorse.com/sports/mens-soccer/stats/2017/urbana-exhibition-/boxscore/3990,,2017-08-20-Northern-Kentucky-Urbana,exhibition
sidearm-2017-08-20-Drake-Northern-Illinois-(Exhibition),2017-08-20,Drake,Northern Illinois,false,false,4,0,unknown,final,,,,2017-08-20-Drake-Northern-Illinois,exhibition
sidearm-2017-08-20-University-of-Evansville-IUPUI-(Exhibition),2017-08-20,University of Evansville,IUPUI,false,false,2,1,unknown,final,,https://gopurpleaces.com/sports/mens-soccer/stats/2017/iupui-exhibition-/boxscore/8166,,2017-08-20-IUPUI-University-of-Evansville,exhibition
wmt-2017-08-20-San-Jose-State-Santa-Clara,2017-08-20,San Jose State,Santa Clara,false,false,2,2,home,final,https://sjsuspartans.com/sports/mens-soccer/schedule,http://sjsuspartans.com/documents/2020/5/11/SCU_SJSU_Box.pdf,,2017-08-20-San-Jose-State-Santa-Clara,regular
sidearm-2017-08-20-UC-Davis-Chico-State,2017-08-20,UC Davis,Chico State,false,false,2,2,home,final,,,,2017-08-20-Chico-State-UC-Davis,regular
sidearm-2017-08-20-UTRGV-St.-Edward's-(Exhibition),2017-08-20,UTRGV,St. Edward's,false,false,2,0,unknown,final,,,,2017-08-20-St.-Edward's-UTRGV,exhibition
sidearm-2017-08-20-American-UDC,2017-08-20,American,UDC,false,false,,,unknown,scheduled,,,,2017-08-20-American-UDC,regular
sidearm-2017-08-20-Kansas-City-Rockhurst-University-(Exhibition),2017-08-20,Kansas City,Rockhurst University,false,false,2,1,home,final,,,,2017-08-20-Kansas-City-Rockhurst-University,exhibition
wmt-2017-08-21-Notre-Dame-Valparaiso,2017-08-21,Notre Dame,Valparaiso,false,false,3,0,home,final,https://fightingirish.com/sports/msoc/schedule,,,2017-08-21-Notre-Dame-Valparaiso,regular
sidearm-2017-08-21-Radford-Chowan,2017-08-21,Radford,Chowan,false,false,,,home,scheduled,,,,2017-08-21-Chowan-Radford,regular
sidearm-2017-08-22-Bellarmine-Georgetown-College-(Ky.)-(EXH),2017-08-22,Bellarmine,Georgetown College (Ky.),false,false,,,unknown,canceled,,,,2017-08-22-Bellarmine-Georgetown-College-(Ky.),exhibition
sidearm-2017-08-22-Davidson-College-QUEENS-#,2017-08-22,Davidson College,Queens,false,false,5,2,home,final,,,,2017-08-22-Davidson-College-Queens,regular
sidearm-2017-08-22-Winthrop-Erskine-College-(exhibtion),2017-08-22,Winthrop,Erskine College (exhibtion),false,false,,,unknown,scheduled,,https://winthropeagles.com/boxscore.aspx?id=23965,,2017-08-22-Erskine-College-(exhibtion)-Winthrop,regular
sidearm-2017-08-24-California-Baptist-Pomona-Pitzer-(exhibition),2017-08-24,California Baptist,Pomona-Pitzer,false,false,5,0,home,final,,,,2017-08-24-California-Baptist-Pomona-Pitzer,exhibition
sidearm-2017-08-25-Boston-College-Quinnipiac,2017-08-25,Boston College,Quinnipiac,false,false,4,0,home,final,,https://bceagles.com/sports/mens-soccer/stats/2017/quinnipiac/boxscore/15078,https://gobobcats.com/sports/mens-soccer/stats/2017/boston-college/boxscore/8286,2017-08-25-Boston-College-Quinnipiac,regular
sidearm-2017-08-25-California-West-Virginia,2017-08-25,California,West Virginia,false,false,0,1,home,final,,https://calbears.com/sports/mens-soccer/stats/2017/west-virginia/boxscore/16957,https://wvusports.com/sports/mens-soccer/stats/2017/california/boxscore/3954,2017-08-25-California-West-Virginia,regular
wmt-2017-08-25-Cal-State-Fullerton-Clemson,2017-08-25,Clemson,Cal State Fullerton,false,false,2,0,home,final,https://clemsontigers.com/sports/mens-soccer/schedule,https://clemsontigers.com/boxscore/3881,https://fullertontitans.com/sports/mens-soccer/stats/2017/clemson/boxscore/2755,2017-08-25-Cal-State-Fullerton-Clemson,regular
sidearm-2017-08-25-Elon-vs.-Fordham-Duke,2017-08-25,Elon vs. Fordham,Duke,false,false,,,neutral,scheduled,,,,2017-08-25-Duke-Elon-vs.-Fordham,regular
sidearm-2017-08-25-Duke-UCF,2017-08-25,Duke,UCF,false,false,2,0,home,final,https://ucfknights.com/sports/mens-soccer/schedule,https://goduke.com/sports/mens-soccer/stats/2017/ucf/boxscore/1166,https://ucfknights.com/boxscore/3223,2017-08-25-Duke-UCF,regular
sidearm-2017-08-25-Louisville-UC-IRVINE,2017-08-25,Louisville,UC Irvine,false,false,2,1,home,final,,https://gocards.com/sports/mens-soccer/stats/2017/uc-irvine/boxscore/13986,https://ucirvinesports.com/sports/mens-soccer/stats/2017/louisville/boxscore/4694,2017-08-25-Louisville-UC-Irvine,regular
sidearm-2017-08-25-NC-State-Florida-Atlantic,2017-08-25,NC State,FAU,false,false,3,2,home,final,,https://gopack.com/sports/mens-soccer/stats/2017/florida-atlantic/boxscore/11356,https://fausports.com/sports/mens-soccer/stats/2017/north-carolina-state/boxscore/3637,2017-08-25-FAU-NC-State,regular
wmt-2017-08-25-Notre-Dame-San-Diego,2017-08-25,Notre Dame,San Diego,false,false,2,0,home,final,https://fightingirish.com/sports/msoc/schedule,https://fightingirish.com/boxscore/12749,,2017-08-25-Notre-Dame-San-Diego,regular
sidearm-2017-08-25-SMU-UC-Davis,2017-08-25,SMU,UC Davis,false,false,3,2,unknown,final,,https://smumustangs.com/sports/mens-soccer/stats/2017/uc-davis/boxscore/7676,https://ucdavisaggies.com/sports/mens-soccer/stats/2017/smu/boxscore/3563,2017-08-25-SMU-UC-Davis,regular
wmt-2017-08-25-San-Jose-State-Stanford,2017-08-25,San Jose State,Stanford,false,true,0,4,away,final,https://gostanford.com/sports/mens-soccer/schedule,https://gostanford.com/boxscore/7164,https://sjsuspartans.com/sports/2018/8/6/_m_soccer_stats_2017_2018g1_html.aspx#GAME.BOX,2017-08-25-San-Jose-State-Stanford,regular
sidearm-2017-08-25-St.-Louis-Syracuse,2017-08-25,Saint Louis,Syracuse,false,false,1,2,away,final,,https://cuse.com/sports/mens-soccer/stats/2017/st-louis/boxscore/7942,https://slubillikens.com/sports/mens-soccer/stats/2017/syracuse/boxscore/6525,2017-08-25-Saint-Louis-Syracuse,regular
sidearm-2017-08-25-North-Carolina-Providence,2017-08-25,North Carolina,Providence,false,false,4,2,home,final,,https://goheels.com/sports/mens-soccer/stats/2017/providence/boxscore/15013,https://friars.com/sports/mens-soccer/stats/2017/north-carolina/boxscore/2519,2017-08-25-North-Carolina-Providence,regular
wmt-2017-08-25-Villanova-Virginia,2017-08-25,Virginia,Villanova,false,false,3,2,home,final,https://virginiasports.com/sports/msoc/schedule,https://virginiasports.com/boxscore/5296,https://villanova.com/sports/mens-soccer/stats/2017/virginia/boxscore/4089,2017-08-25-Villanova-Virginia,regular
wmt-2017-08-25-Creighton-Virginia-Tech,2017-08-25,Creighton,Virginia Tech,false,true,0,2,away,final,https://hokiesports.com/sports/mens-soccer/schedule,https://hokiesports.com/boxscore/10276,https://gocreighton.com/sports/mens-soccer/stats/2017/virginia-tech/boxscore/8754,2017-08-25-Creighton-Virginia-Tech,regular
sidearm-2017-08-25-Wake-Forest-Rutgers,2017-08-25,Wake Forest,Rutgers,true,false,5,1,home,final,,https://scarletknights.com/sports/mens-soccer/stats/2017/wake-forest/boxscore/4634,,2017-08-25-Rutgers-Wake-Forest,regular
sidearm-2017-08-25-Binghamton-George-Washington-University,2017-08-25,Binghamton,George Washington,false,false,4,0,home,final,,https://bubearcats.com/boxscore.aspx?id=15684,https://gwsports.com/sports/mens-soccer/stats/2017/binghamton/boxscore/4126,2017-08-25-Binghamton-George-Washington,regular
sidearm-2017-08-25-Bryant-UMBC,2017-08-25,Bryant,UMBC,false,false,0,1,home,final,,https://bryantbulldogs.com/sports/mens-soccer/stats/2017/umbc/boxscore/7026,https://umbcretrievers.com/sports/mens-soccer/stats/2017/bryant/boxscore/2030,2017-08-25-Bryant-UMBC,regular
sidearm-2017-08-25-New-Hampshire-Colgate,2017-08-25,New Hampshire,Colgate,false,false,1,0,home,final,,https://unhwildcats.com/sports/mens-soccer/stats/2017/colgate/boxscore/5479,,2017-08-25-Colgate-New-Hampshire,regular
sidearm-2017-08-25-NJIT-Sacred-Heart,2017-08-25,NJIT,Sacred Heart,false,false,1,0,home,final,,https://njithighlanders.com/sports/mens-soccer/stats/2017/sacred-heart/boxscore/5900,https://sacredheartpioneers.com/sports/mens-soccer/stats/2017/njit/boxscore/3422,2017-08-25-NJIT-Sacred-Heart,regular
sidearm-2017-08-25-Central-Connecticut-UMass-Lowell,2017-08-25,Central Connecticut,UMass Lowell,false,false,1,2,away,final,,https://goriverhawks.com/sports/mens-soccer/stats/2017/central-connecticut/boxscore/5049,,2017-08-25-Central-Connecticut-UMass-Lowell,regular
sidearm-2017-08-25-Vermont-Hartwick,2017-08-25,Vermont,Hartwick,false,false,4,1,unknown,final,,https://uvmathletics.com/sports/mens-soccer/stats/2017/hartwick/boxscore/2555,,2017-08-25-Hartwick-Vermont,regular
sidearm-2017-08-25-FIU-James-Madison,2017-08-25,FIU,James Madison,false,false,1,1,neutral,final,,https://fiusports.com/sports/mens-soccer/stats/2017/james-madison/boxscore/6209,https://jmusports.com/sports/mens-soccer/stats/2017/fiu/boxscore/13911,2017-08-25-FIU-James-Madison,regular
sidearm-2017-08-25-Belmont-Memphis,2017-08-25,Belmont University,Memphis,false,false,0,0,away,final,,https://gotigersgo.com/sports/mens-soccer/stats/2017/belmont/boxscore/10718,https://belmontbruins.com/sports/mens-soccer/stats/2017/memphis/boxscore/1517,2017-08-25-Belmont-University-Memphis,regular
sidearm-2017-08-25-Air-Force-Missouri-State,2017-08-25,Air Force,Missouri State,false,false,1,0,away,final,,https://missouristatebears.com/sports/mens-soccer/stats/2017/air-force/boxscore/3491,,2017-08-25-Air-Force-Missouri-State,regular
sidearm-2017-08-25-Saint-Joseph's-Temple-University,2017-08-25,Saint Joseph's,Temple University,false,false,3,1,away,final,,https://owlsports.com/sports/mens-soccer/stats/2017/saint-joseph-s/boxscore/6576,https://sjuhawks.com/sports/mens-soccer/stats/2017/temple/boxscore/2527,2017-08-25-Saint-Joseph's-Temple-University,regular
sidearm-2017-08-25-Tulsa-Wisconsin,2017-08-25,Tulsa,Wisconsin,false,false,2,2,home,final,,https://tulsahurricane.com/sports/mens-soccer/stats/2017/wisconsin/boxscore/8319,https://uwbadgers.com/sports/mens-soccer/stats/2017/tulsa/boxscore/8509,2017-08-25-Tulsa-Wisconsin,regular
sidearm-2017-08-25-UAB-UNC-Greensboro,2017-08-25,UAB,UNC Greensboro,false,false,0,0,home,final,,https://uabsports.com/sports/mens-soccer/stats/2017/unc-greensboro/boxscore/3362,https://uncgspartans.com/sports/mens-soccer/stats/2017/uab/boxscore/5105,2017-08-25-UAB-UNC-Greensboro,regular
sidearm-2017-08-25-Bellarmine-Spalding-University-(Ky.)-(EXH),2017-08-25,Bellarmine,Spalding University (Ky.),false,false,5,1,unknown,final,,,,2017-08-25-Bellarmine-Spalding-University-(Ky.),exhibition
sidearm-2017-08-25-Central-Arkansas-UMKC,2017-08-25,Central Arkansas,Kansas City,false,false,0,3,away,final,,https://ucasports.com/sports/mens-soccer/stats/2017/umkc/boxscore/2990,,2017-08-25-Central-Arkansas-Kansas-City,regular
sidearm-2017-08-25-FGCU-Denver,2017-08-25,FGCU,Denver,false,false,1,3,home,final,,https://fgcuathletics.com/sports/mens-soccer/stats/2017/denver/boxscore/6409,https://denverpioneers.com/sports/mens-soccer/stats/2017/florida-gulf-coast/boxscore/2436,2017-08-25-Denver-FGCU,regular
sidearm-2017-08-25-Jacksonville-UNC-Wilmington,2017-08-25,Jacksonville,UNC Wilmington,false,false,0,2,unknown,final,,https://judolphins.com/sports/mens-soccer/stats/2017/unc-wilmington/boxscore/1800,,2017-08-25-Jacksonville-UNC-Wilmington,regular
sidearm-2017-08-25-Lipscomb-Niagara,2017-08-25,Lipscomb,Niagara,false,false,3,2,home,final,,https://lipscombsports.com/sports/mens-soccer/stats/2017/niagara/boxscore/7990,,2017-08-25-Lipscomb-Niagara,regular
sidearm-2017-08-25-North-Florida-Campbell,2017-08-25,North Florida,Campbell,false,false,2,0,home,final,,https://unfospreys.com/sports/mens-soccer/stats/2017/campbell/boxscore/12849,https://gocamels.com/sports/mens-soccer/stats/2017/north-florida/boxscore/2088,2017-08-25-Campbell-North-Florida,regular
sidearm-2017-08-25-Stetson-Detroit-Mercy,2017-08-25,Stetson,Detroit Mercy,false,false,1,2,unknown,final,,https://gohatters.com/sports/mens-soccer/stats/2017/detroit-mercy/boxscore/5437,https://detroittitans.com/sports/mens-soccer/stats/2017/stetson/boxscore/3900,2017-08-25-Detroit-Mercy-Stetson,regular
sidearm-2017-08-25-Dayton-East-Tennessee-State,2017-08-25,Dayton,ETSU,false,false,1,1,unknown,final,,https://daytonflyers.com/sports/mens-soccer/stats/2017/east-tennessee-state/boxscore/6585,,2017-08-25-Dayton-ETSU,regular
sidearm-2017-08-25-Duquesne-Saint-Francis-(PA),2017-08-25,Duquesne,Saint Francis (PA),false,false,2,4,unknown,final,,https://goduquesne.com/sports/mens-soccer/stats/2017/saint-francis-pa-/boxscore/1759,,2017-08-25-Duquesne-Saint-Francis-(PA),regular
sidearm-2017-08-25-Fordham-Elon,2017-08-25,Fordham,Elon,false,false,0,0,unknown,final,,https://fordhamsports.com/sports/mens-soccer/stats/2017/elon/boxscore/6270,,2017-08-25-Elon-Fordham,regular
sidearm-2017-08-25-La-Salle-Loyola-(Md.),2017-08-25,La Salle,Loyola (Md.),false,false,4,5,unknown,final,,https://goexplorers.com/sports/mens-soccer/stats/2017/loyola-md-/boxscore/6793,,2017-08-25-La-Salle-Loyola-(Md.),regular
sidearm-2017-08-25-Loyola-Chicago-Xavier,2017-08-25,Loyola Chicago,Xavier,false,false,2,1,home,final,,https://loyolaramblers.com/sports/mens-soccer/stats/2017/xavier/boxscore/4135,https://goxavier.com/sports/mens-soccer/stats/2017/loyola-chicago/boxscore/6840,2017-08-25-Loyola-Chicago-Xavier,regular
sidearm-2017-08-25-Rhode-Island-Boston-University,2017-08-25,Rhode Island,Boston University,false,false,3,0,away,final,,https://gorhody.com/sports/mens-soccer/stats/2017/boston-university/boxscore/2803,https://goterriers.com/sports/mens-soccer/stats/2017/rhode-island/boxscore/7025,2017-08-25-Boston-University-Rhode-Island,regular
sidearm-2017-08-25-St.-Bonaventure-Bucknell,2017-08-25,St. Bonaventure,Bucknell,false,false,1,0,unknown,final,,https://gobonnies.com/sports/mens-soccer/stats/2017/bucknell/boxscore/1831,,2017-08-25-Bucknell-St.-Bonaventure,regular
sidearm-2017-08-25-VCU-Oakland,2017-08-25,VCU,Oakland,false,false,2,3,unknown,final,,https://vcuathletics.com/sports/mens-soccer/stats/2017/oakland/boxscore/1708,,2017-08-25-Oakland-VCU,regular
sidearm-2017-08-25-#16-Utah-Valley-Akron,2017-08-25,Utah Valley,Akron,true,true,1,0,away,final,,https://gozips.com/sports/mens-soccer/stats/2017/utah-valley/boxscore/5243,https://wolverinegreen.com/sports/mens-soccer/stats/2017/-13-university-of-akron/boxscore/6032,2017-08-25-Akron-Utah-Valley,regular
sidearm-2017-08-25-Butler-UIC,2017-08-25,Butler,UIC,false,false,1,0,unknown,final,,https://butlersports.com/sports/mens-soccer/stats/2017/uic/boxscore/5284,https://uicflames.com/sports/mens-soccer/stats/2017/butler/boxscore/10478,2017-08-25-Butler-UIC,regular
sidearm-2017-08-25-NIU-DePaul,2017-08-25,NIU,DePaul,false,false,3,2,away,final,,,,2017-08-25-DePaul-NIU,regular
sidearm-2017-08-25-Georgetown-American,2017-08-25,Georgetown,American,false,false,2,0,unknown,final,,https://aueagles.com/sports/mens-soccer/stats/2017/georgetown/boxscore/1609,,2017-08-25-American-Georgetown,regular
sidearm-2017-08-25-Kentucky-Marquette,2017-08-25,Kentucky,Marquette,false,false,1,0,away,final,https://ukathletics.com/sports/msoc/schedule/2017,https://gomarquette.com/sports/mens-soccer/stats/2017/kentucky/boxscore/2437,,2017-08-25-Kentucky-Marquette,regular
sidearm-2017-08-25-Drexel-St.-John's,2017-08-25,Drexel,St. John's,false,false,0,3,away,final,,https://redstormsports.com/sports/mens-soccer/stats/2017/drexel/boxscore/2661,https://drexeldragons.com/sports/mens-soccer/stats/2017/st-john-s/boxscore/5824,2017-08-25-Drexel-St.-John's,regular
sidearm-2017-08-25-Seton-Hall-Saint-Peter's-,2017-08-25,Seton Hall,Saint Peter's,false,false,1,1,home,final,,https://shupirates.com/sports/mens-soccer/stats/2017/saint-peter-s/boxscore/2750,https://saintpeterspeacocks.com/sports/mens-soccer/stats/2017/seton-hall/boxscore/876,2017-08-25-Saint-Peter's-Seton-Hall,regular
sidearm-2017-08-25-UConn-Iona,2017-08-25,UConn,Iona,false,false,0,1,home,final,,https://ionagaels.com/sports/mens-soccer/stats/2017/connecticut/boxscore/7839,,2017-08-25-Iona-UConn,regular
sidearm-2017-08-25-Cincinnati-Gardner-Webb,2017-08-25,Cincinnati,Gardner-Webb,false,false,3,1,away,final,,https://gwusports.com/sports/mens-soccer/stats/2017/cincinnati/boxscore/4852,,2017-08-25-Cincinnati-Gardner-Webb,regular
sidearm-2017-08-25-High-Point-Howard,2017-08-25,High Point,Howard,false,false,1,0,unknown,final,,https://highpointpanthers.com/boxscore.aspx?id=16293,https://hubison.com/boxscore.aspx?id=12419,2017-08-25-High-Point-Howard,regular
sidearm-2017-08-25-Longwood-VMI,2017-08-25,Longwood,VMI,false,false,2,2,unknown,final,,https://longwoodlancers.com/sports/mens-soccer/stats/2017/vmi/boxscore/5814,https://vmikeydets.com/sports/mens-soccer/stats/2017/longwood/boxscore/3842,2017-08-25-Longwood-VMI,regular
sidearm-2017-08-25-Wofford-Radford,2017-08-25,Wofford,Radford,false,false,0,4,away,final,,https://radfordathletics.com/sports/mens-soccer/stats/2017/wofford/boxscore/8712,https://athletics.wofford.edu/sports/mens-soccer/stats/2017/radford-university/boxscore/3944,2017-08-25-Radford-Wofford,regular
sidearm-2017-08-25-Marshall-UNC-Asheville,2017-08-25,Marshall,UNC Asheville,false,false,3,0,away,final,,https://uncabulldogs.com/sports/mens-soccer/stats/2017/marshall/boxscore/3672,,2017-08-25-Marshall-UNC-Asheville,regular
sidearm-2017-08-25-South-Carolina-USC-Upstate,2017-08-25,South Carolina,USC Upstate,false,false,2,1,away,final,https://gamecocksonline.com/sports/msoc/schedule/2017,https://upstatespartans.com/sports/mens-soccer/stats/2017/south-carolina/boxscore/1411,https://gamecocksonline.com/boxscore/usc-upstate-39/,2017-08-25-South-Carolina-USC-Upstate,regular
sidearm-2017-08-25-Cal-Poly-Indiana,2017-08-25,Cal Poly,Indiana,false,true,0,2,neutral,final,,https://iuhoosiers.com/sports/mens-soccer/stats/2017/cal-poly/boxscore/12355,https://gopoly.com/sports/mens-soccer/stats/2017/no-7-indiana/boxscore/1594,2017-08-25-Cal-Poly-Indiana,regular
sidearm-2017-08-25-Santa-Clara-Maryland,2017-08-25,Santa Clara,Maryland,false,false,2,4,away,final,,https://umterps.com/sports/mens-soccer/stats/2017/santa-clara/boxscore/7469,https://santaclarabroncos.com/sports/mens-soccer/stats/2017/maryland/boxscore/2678,2017-08-25-Maryland-Santa-Clara,regular
sidearm-2017-08-25-Michigan-William-&-Mary-,2017-08-25,Michigan,William & Mary,false,false,1,0,home,final,,https://mgoblue.com/sports/mens-soccer/stats/2017/william-mary/boxscore/10801,https://tribeathletics.com/sports/mens-soccer/stats/2017/michigan/boxscore/10071,2017-08-25-Michigan-William-&-Mary,regular
sidearm-2017-08-25-SIUE-Michigan-State,2017-08-25,SIUE,Michigan State,false,false,0,1,away,final,,https://msuspartans.com/sports/mens-soccer/stats/2017/siue/boxscore/6264,,2017-08-25-Michigan-State-SIUE,regular
wmt-2017-08-25-Northwestern-Valparaiso,2017-08-25,Northwestern,Valparaiso,false,false,2,1,home,final,https://nusports.com/sports/mens-soccer/schedule,https://nusports.com/boxscore/5137,,2017-08-25-Northwestern-Valparaiso,regular
sidearm-2017-08-25-Ohio-State-Pittsburgh,2017-08-25,Ohio State,Pittsburgh,false,false,1,0,home,final,,https://ohiostatebuckeyes.com/sports/mens-soccer/stats/2017/pittsburgh/boxscore/10114,,2017-08-25-Ohio-State-Pittsburgh,regular
wmt-2017-08-25-Hofstra-Penn-State,2017-08-25,Penn State,Hofstra,false,false,0,1,home,final,https://gopsusports.com/sports/mens-soccer/schedule,https://gopsusports.com/boxscore/6088,https://gohofstra.com/boxscore.aspx?id=14326,2017-08-25-Hofstra-Penn-State,regular
sidearm-2017-08-25-Washington-New-Mexico,2017-08-25,Washington,New Mexico,false,false,2,1,home,final,,https://gohuskies.com/sports/mens-soccer/stats/2017/new-mexico/boxscore/13159,,2017-08-25-New-Mexico-Washington,regular
sidearm-2017-08-25-Sacramento-State-Pacific,2017-08-25,Sacramento State,Pacific,false,false,0,2,home,final,,https://hornetsports.com/sports/mens-soccer/stats/2017/pacific/boxscore/1867,https://pacifictigers.com/sports/mens-soccer/stats/2017/sacramento-state/boxscore/1887,2017-08-25-Pacific-Sacramento-State,regular
sidearm-2017-08-25-UC-Santa-Barbara-St.-Mary's-(Cal.),2017-08-25,UC Santa Barbara,Saint Mary's,false,false,0,0,away,final,,https://ucsbgauchos.com/sports/mens-soccer/stats/2017/st-marys-cal-/boxscore/2138,,2017-08-25-Saint-Mary's-UC-Santa-Barbara,regular
sidearm-2017-08-25-Charleston-Furman,2017-08-25,Charleston,Furman,false,false,2,3,home,final,,https://cofcsports.com/sports/mens-soccer/stats/2017/furman/boxscore/7243,https://furmanpaladins.com/sports/mens-soccer/stats/2017/college-of-charleston/boxscore/2419,2017-08-25-Charleston-Furman,regular
sidearm-2017-08-25-Monmouth-Georgia-Southern,2017-08-25,Monmouth,Georgia Southern,false,false,1,0,neutral,final,,https://monmouthhawks.com/sports/mens-soccer/stats/2017/georgia-southern/boxscore/5057,https://gseagles.com/sports/mens-soccer/stats/2017/monmouth-university/boxscore/5093,2017-08-25-Georgia-Southern-Monmouth,regular
sidearm-2017-08-25-Stony-Brook-Canisius,2017-08-25,Stony Brook,Canisius,false,false,2,0,unknown,final,,https://stonybrookathletics.com/sports/mens-soccer/stats/2017/canisius/boxscore/7761,https://gogriffs.com/sports/mens-soccer/stats/2017/stony-brook/boxscore/5568,2017-08-25-Canisius-Stony-Brook,regular
sidearm-2017-08-25-Cleveland-State-Robert-Morris,2017-08-25,Cleveland State,Robert Morris,false,false,3,1,home,final,,https://csuvikings.com/sports/mens-soccer/stats/2017/robert-morris/boxscore/10100,https://rmucolonials.com/sports/mens-soccer/stats/2017/cleveland-state/boxscore/5559,2017-08-25-Cleveland-State-Robert-Morris,regular
sidearm-2017-08-25-Milwaukee-Western-Illinois,2017-08-25,Milwaukee,Western Illinois,false,false,1,0,unknown,final,,https://mkepanthers.com/sports/mens-soccer/stats/2017/western-illinois/boxscore/7568,https://goleathernecks.com/sports/mens-soccer/stats/2017/milwaukee/boxscore/5920,2017-08-25-Milwaukee-Western-Illinois,regular
sidearm-2017-08-25-Northern-Kentucky-Oakland-City,2017-08-25,Northern Kentucky,Oakland City,false,false,2,1,unknown,final,,https://nkunorse.com/sports/mens-soccer/stats/2017/oakland-city/boxscore/3991,,2017-08-25-Northern-Kentucky-Oakland-City,regular
sidearm-2017-08-25-Wright-State--Purdue-Fort-Wayne,2017-08-25,Wright State,Purdue Fort Wayne,false,false,0,0,away,final,,https://gomastodons.com/sports/mens-soccer/stats/2017/wright-state/boxscore/11329,,2017-08-25-Purdue-Fort-Wayne-Wright-State,regular
sidearm-2017-08-25-Wright-State-Fort-Wayne,2017-08-25,Wright State,Fort Wayne,false,false,0,0,home,final,,https://wsuraiders.com/sports/mens-soccer/stats/2017/fort-wayne/boxscore/4211,,2017-08-25-Fort-Wayne-Wright-State,regular
sidearm-2017-08-25-Penn-West-Chester,2017-08-25,Penn,West Chester,false,false,,,unknown,scheduled,,https://pennathletics.com/sports/mens-soccer/stats/2017/monmouth/boxscore/8865,,2017-08-25-Penn-West-Chester,regular
sidearm-2017-08-25-Fairfield-Oregon-State,2017-08-25,Fairfield,Oregon State,false,false,2,1,home,final,,https://fairfieldstags.com/sports/mens-soccer/stats/2017/oregon-state/boxscore/5391,https://osubeavers.com/sports/mens-soccer/stats/2017/fairfield/boxscore/9094,2017-08-25-Fairfield-Oregon-State,regular
sidearm-2017-08-25-Manhattan-Navy,2017-08-25,Manhattan,Navy,false,false,1,0,unknown,final,,https://gojaspers.com/sports/mens-soccer/stats/2017/navy/boxscore/5063,https://navysports.com/sports/mens-soccer/stats/2017/manhattan/boxscore/6114,2017-08-25-Manhattan-Navy,regular
sidearm-2017-08-25-Marist-University-at-Albany,2017-08-25,Marist,University at Albany,false,false,3,2,unknown,final,,https://goredfoxes.com/sports/mens-soccer/stats/2017/university-at-albany/boxscore/8254,,2017-08-25-Marist-University-at-Albany,regular
sidearm-2017-08-25-Rider-University-Lehigh-University,2017-08-25,Rider University,Lehigh,false,false,2,3,home,final,,https://gobroncs.com/sports/mens-soccer/stats/2017/lehigh-university/boxscore/4343,https://lehighsports.com/sports/mens-soccer/stats/2017/rider/boxscore/10529,2017-08-25-Lehigh-Rider-University,regular
sidearm-2017-08-25-Siena-Cal-State-Northridge,2017-08-25,Siena,Cal State Northridge,false,false,1,2,unknown,final,,,,2017-08-25-Cal-State-Northridge-Siena,regular
sidearm-2017-08-25-University-of-Evansville-Anderson-(IN),2017-08-25,University of Evansville,Anderson (IN),false,false,9,0,unknown,final,,https://gopurpleaces.com/sports/mens-soccer/stats/2017/anderson-in-/boxscore/8186,,2017-08-25-Anderson-(IN)-University-of-Evansville,regular
sidearm-2017-08-25-Western-Michigan-LIU-Brooklyn,2017-08-25,Western Michigan,LIU Brooklyn,false,false,3,2,unknown,final,,https://wmubroncos.com/sports/mens-soccer/stats/2017/liu-brooklyn/boxscore/6715,,2017-08-25-LIU-Brooklyn-Western-Michigan,regular
sidearm-2017-08-25-UNLV-Portland,2017-08-25,UNLV,Portland,false,false,3,2,unknown,final,,https://portlandpilots.com/boxscore.aspx?id=13253,,2017-08-25-Portland-UNLV,regular
sidearm-2017-08-25-Omaha-Grand-Canyon,2017-08-25,Omaha,Grand Canyon,false,false,2,1,away,final,,https://gculopes.com/sports/mens-soccer/stats/2017/omaha/boxscore/9374,https://omavs.com/sports/mens-soccer/stats/2017/grand-canyon/boxscore/9798,2017-08-25-Grand-Canyon-Omaha,regular
sidearm-2017-08-25-Eastern-Illinois-Green-Bay,2017-08-25,Eastern Illinois,Green Bay,false,false,1,1,unknown,final,,https://eiupanthers.com/sports/mens-soccer/stats/2017/green-bay/boxscore/6301,,2017-08-25-Eastern-Illinois-Green-Bay,regular
sidearm-2017-08-25-Houston-Christian-UTRGV-vs.-Bradley,2017-08-25,Houston Christian,UTRGV vs. Bradley,false,false,,,unknown,canceled,,,,2017-08-25-Houston-Christian-UTRGV-vs.-Bradley,regular
sidearm-2017-08-25-Houston-Christian-Gonzaga,2017-08-25,Houston Christian,Gonzaga,false,false,,,unknown,canceled,,,,2017-08-25-Gonzaga-Houston-Christian,regular
sidearm-2017-08-25-UTRGV-Bradley,2017-08-25,UTRGV,Bradley,false,false,,,unknown,scheduled,,,,2017-08-25-Bradley-UTRGV,regular
sidearm-2017-08-25-Houston-Baptist-Gonzaga,2017-08-25,Houston Baptist,Gonzaga,false,false,,,away,scheduled,,,,2017-08-25-Gonzaga-Houston-Baptist,regular
wmt-2017-08-25-Army-San-Diego-State,2017-08-25,Army,San Diego State,false,false,1,0,away,final,https://goaztecs.com/sports/mens-soccer/schedule,https://goarmywestpoint.com/sports/mens-soccer/stats/2017/san-diego-state/boxscore/9968,,2017-08-25-Army-San-Diego-State,regular
sidearm-2017-08-25-CSU-Bakersfield-UC-Riverside,2017-08-25,CSU Bakersfield,UC Riverside,false,false,2,0,away,final,,https://gohighlanders.com/sports/mens-soccer/stats/2017/csu-bakersfield/boxscore/11449,,2017-08-25-CSU-Bakersfield-UC-Riverside,regular
sidearm-2017-08-25-Lafayette-Fairleigh-Dickinson,2017-08-25,Lafayette,Fairleigh Dickinson,false,false,0,2,unknown,final,,https://goleopards.com/boxscore.aspx?id=13981,,2017-08-25-Fairleigh-Dickinson-Lafayette,regular
sidearm-2017-08-25-Loyola-University-Maryland-La-Salle,2017-08-25,Loyola University Maryland,La Salle,false,false,5,4,unknown,final,,https://loyolagreyhounds.com/sports/mens-soccer/stats/2017/la-salle/boxscore/4710,,2017-08-25-La-Salle-Loyola-University-Maryland,regular
sidearm-2017-08-25-Liberty-Southern-Virginia,2017-08-25,Liberty,Southern Virginia,false,false,7,0,home,final,,https://libertyflames.com/sports/mens-soccer/stats/2017/southern-virginia/boxscore/10947,,2017-08-25-Liberty-Southern-Virginia,regular
sidearm-2017-08-25-Georgia-State--Mercer,2017-08-25,Georgia State,Mercer,false,false,2,0,away,final,,https://mercerbears.com/sports/mens-soccer/stats/2017/georgia-state/boxscore/3873,https://georgiastatesports.com/news/2017/8/25/211663443.aspx,2017-08-25-Georgia-State-Mercer,regular
sidearm-2017-08-25-Oral-Roberts-Incarnate-Word,2017-08-25,Oral Roberts,Incarnate Word,false,false,1,0,unknown,final,,https://oruathletics.com/sports/mens-soccer/stats/2017/incarnate-word/boxscore/2089,,2017-08-25-Incarnate-Word-Oral-Roberts,regular
sidearm-2017-08-25-UMass-St.-Francis,2017-08-25,UMass,St. Francis,false,false,2,1,home,final,,https://umassathletics.com/sports/mens-soccer/stats/2017/st-francis/boxscore/10330,,2017-08-25-St.-Francis-UMass,regular
sidearm-2017-08-25-George-Mason-Coastal-Carolina,2017-08-25,George Mason,Coastal Carolina,false,false,2,1,away,final,,,,2017-08-25-Coastal-Carolina-George-Mason,regular
wmt-2017-08-25-Appalachian-State-Old-Dominion,2017-08-25,Old Dominion,Appalachian State,false,false,2,1,home,final,https://odusports.com/sports/mens-soccer/schedule,https://odusports.com/boxscore/9194,,2017-08-25-Appalachian-State-Old-Dominion,regular
sidearm-2017-08-25-Loyola-Marymount-Seattle-University,2017-08-25,Loyola Marymount,Seattle,false,false,0,1,home,final,https://goseattleu.com/sports/mens-soccer/schedule,https://goseattleu.com/boxscore/2243,,2017-08-25-Loyola-Marymount-Seattle,regular
sidearm-2017-08-26-Charlotte-Winthrop-,2017-08-26,Charlotte,Winthrop,false,false,1,0,home,final,,https://charlotte49ers.com/sports/mens-soccer/stats/2017/winthrop/boxscore/7515,https://winthropeagles.com/boxscore.aspx?id=23965,2017-08-26-Charlotte-Winthrop,regular
sidearm-2017-08-26-Davidson-College-PRESBYTERIAN,2017-08-26,Davidson College,Presbyterian,false,false,2,1,home,final,,https://davidsonwildcats.com/sports/mens-soccer/stats/2017/presbyterian/boxscore/5089,,2017-08-26-Davidson-College-Presbyterian,regular
wmt-2017-08-26-San-Francisco-UCLA,2017-08-26,San Francisco,UCLA,false,false,3,5,away,final,https://uclabruins.com/sports/mens-soccer/schedule,https://uclabruins.com/boxscore/5163,https://usfdons.com/sports/mens-soccer/stats/2017/ucla/boxscore/4661,2017-08-26-San-Francisco-UCLA,regular
sidearm-2017-08-26-IU-Indy-Bowling-Green,2017-08-26,IU Indy,Bowling Green,false,false,0,2,home,final,,https://iuindyjags.com/sports/mens-soccer/stats/2017/bowling-green/boxscore/6139,,2017-08-26-Bowling-Green-IU-Indy,regular
sidearm-2017-08-27-Boston-University-Boston-College,2017-08-27,Boston University,Boston College,false,false,0,4,away,final,,https://bceagles.com/sports/mens-soccer/stats/2017/boston-university/boxscore/15079,https://goterriers.com/sports/mens-soccer/stats/2017/boston-college/boxscore/7026,2017-08-27-Boston-College-Boston-University,regular
wmt-2017-08-27-Clemson-Radford,2017-08-27,Clemson,Radford,true,false,2,1,home,final,https://clemsontigers.com/sports/mens-soccer/schedule,https://clemsontigers.com/boxscore/3873,https://radfordathletics.com/sports/mens-soccer/stats/2017/clemson/boxscore/8713,2017-08-27-Clemson-Radford,regular
sidearm-2017-08-27-Elon-vs.-UCF-Duke,2017-08-27,Elon vs. UCF,Duke,false,false,,,neutral,scheduled,,,,2017-08-27-Duke-Elon-vs.-UCF,regular
sidearm-2017-08-27-Duke-Fordham,2017-08-27,Duke,Fordham,false,false,3,0,home,final,,https://goduke.com/sports/mens-soccer/stats/2017/fordham/boxscore/1168,https://fordhamsports.com/sports/mens-soccer/stats/2017/duke/boxscore/6271,2017-08-27-Duke-Fordham,regular
wmt-2017-08-27-Cal-Poly-Notre-Dame,2017-08-27,Notre Dame,Cal Poly,true,false,2,1,home,final,https://fightingirish.com/sports/msoc/schedule,https://fightingirish.com/boxscore/12755,https://gopoly.com/sports/mens-soccer/stats/2017/no-10-notre-dame/boxscore/1595,2017-08-27-Cal-Poly-Notre-Dame,regular
sidearm-2017-08-27-SIU-Edwardsville-Syracuse,2017-08-27,SIU Edwardsville,Syracuse,false,false,1,2,away,final,,https://cuse.com/sports/mens-soccer/stats/2017/siu-edwardsville/boxscore/7943,,2017-08-27-SIU-Edwardsville-Syracuse,regular
sidearm-2017-08-27-North-Carolina-Rutgers,2017-08-27,North Carolina,Rutgers,true,false,6,1,home,final,,https://goheels.com/sports/mens-soccer/stats/2017/rutgers/boxscore/15014,https://scarletknights.com/sports/mens-soccer/stats/2017/north-carolina/boxscore/4635,2017-08-27-North-Carolina-Rutgers,regular
wmt-2017-08-27-Omaha-Virginia-Tech,2017-08-27,Omaha,Virginia Tech,false,true,5,1,away,final,https://hokiesports.com/sports/mens-soccer/schedule,https://hokiesports.com/boxscore/10277,https://omavs.com/sports/mens-soccer/stats/2017/virginia-tech/boxscore/9799,2017-08-27-Omaha-Virginia-Tech,regular
sidearm-2017-08-27-Wake-Forest-Providence,2017-08-27,Wake Forest,Providence,false,false,4,1,home,final,,https://friars.com/sports/mens-soccer/stats/2017/wake-forest/boxscore/2520,,2017-08-27-Providence-Wake-Forest,regular
sidearm-2017-08-27-Vermont-San-Diego-State-@-Army,2017-08-27,Vermont,San Diego State @ Army,false,false,2,1,unknown,final,,https://uvmathletics.com/sports/mens-soccer/stats/2017/san-diego-state-army/boxscore/2533,,2017-08-27-San-Diego-State-@-Army-Vermont,regular
sidearm-2017-08-27-FIU-Ohio-State,2017-08-27,FIU,Ohio State,false,false,3,0,home,final,,https://fiusports.com/sports/mens-soccer/stats/2017/ohio-state/boxscore/6210,https://ohiostatebuckeyes.com/sports/mens-soccer/stats/2017/florida-international/boxscore/10118,2017-08-27-FIU-Ohio-State,regular
sidearm-2017-08-27-Memphis-UAB,2017-08-27,Memphis,UAB,false,false,0,3,home,final,,https://gotigersgo.com/sports/mens-soccer/stats/2017/uab/boxscore/10719,https://uabsports.com/sports/mens-soccer/stats/2017/memphis/boxscore/3363,2017-08-27-Memphis-UAB,regular
sidearm-2017-08-27-Central-Arkansas-University-of-the-Incarnate-Word,2017-08-27,Central Arkansas,University of the Incarnate Word,false,false,1,2,unknown,final,,https://ucasports.com/sports/mens-soccer/stats/2017/university-of-the-incarnate-word/boxscore/2991,,2017-08-27-Central-Arkansas-University-of-the-Incarnate-Word,regular
sidearm-2017-08-27-FGCU-Air-Force,2017-08-27,FGCU,Air Force,false,false,2,3,home,final,,https://fgcuathletics.com/sports/mens-soccer/stats/2017/air-force/boxscore/6410,,2017-08-27-Air-Force-FGCU,regular
sidearm-2017-08-27-Jacksonville-Campbell,2017-08-27,Jacksonville,Campbell,false,false,0,1,unknown,final,,https://judolphins.com/sports/mens-soccer/stats/2017/campbell/boxscore/1801,https://gocamels.com/sports/mens-soccer/stats/2017/jacksonville/boxscore/2089,2017-08-27-Campbell-Jacksonville,regular
sidearm-2017-08-27-North-Florida-UNC-Wilmington,2017-08-27,North Florida,UNC Wilmington,false,false,2,3,home,final,,https://unfospreys.com/sports/mens-soccer/stats/2017/unc-wilmington/boxscore/12850,,2017-08-27-North-Florida-UNC-Wilmington,regular
sidearm-2017-08-27-Stetson-Western-Michigan,2017-08-27,Stetson,Western Michigan,false,false,0,5,unknown,final,,https://gohatters.com/sports/mens-soccer/stats/2017/western-michigan/boxscore/5438,https://wmubroncos.com/sports/mens-soccer/stats/2017/stetson-university/boxscore/6716,2017-08-27-Stetson-Western-Michigan,regular
sidearm-2017-08-27-Dayton-Fort-Wayne,2017-08-27,Dayton,Fort Wayne,false,false,1,2,unknown,final,,https://daytonflyers.com/sports/mens-soccer/stats/2017/fort-wayne/boxscore/6586,,2017-08-27-Dayton-Fort-Wayne,regular
sidearm-2017-08-27-Duquesne-Bloomsburg,2017-08-27,Duquesne,Bloomsburg,false,false,5,0,unknown,final,,https://goduquesne.com/sports/mens-soccer/stats/2017/bloomsburg/boxscore/1760,,2017-08-27-Bloomsburg-Duquesne,regular
sidearm-2017-08-27-Lehigh-George-Washington,2017-08-27,Lehigh,George Washington,false,false,0,1,away,final,,https://gwsports.com/sports/mens-soccer/stats/2017/lehigh/boxscore/4127,https://lehighsports.com/sports/mens-soccer/stats/2017/george-washington/boxscore/10530,2017-08-27-George-Washington-Lehigh,regular
sidearm-2017-08-27-St.-Bonaventure-Robert-Morris,2017-08-27,St. Bonaventure,Robert Morris,false,false,3,2,home,final,,https://gobonnies.com/sports/mens-soccer/stats/2017/robert-morris/boxscore/1832,https://rmucolonials.com/sports/mens-soccer/stats/2017/st-bonaventure/boxscore/5560,2017-08-27-Robert-Morris-St.-Bonaventure,regular
sidearm-2017-08-27-Saint-Louis-Michigan-State,2017-08-27,Saint Louis,Michigan State,false,false,0,2,away,final,,https://slubillikens.com/sports/mens-soccer/stats/2017/michigan-state/boxscore/6528,https://msuspartans.com/sports/mens-soccer/stats/2017/saint-louis/boxscore/6265,2017-08-27-Michigan-State-Saint-Louis,regular
sidearm-2017-08-27-VCU-Appalachian-State,2017-08-27,VCU,Appalachian State,false,false,2,3,unknown,final,,https://vcuathletics.com/sports/mens-soccer/stats/2017/appalachian-state/boxscore/1709,,2017-08-27-Appalachian-State-VCU,regular
sidearm-2017-08-27-Creighton-Grand-Canyon,2017-08-27,Creighton,Grand Canyon,true,false,1,0,home,final,,https://gocreighton.com/sports/mens-soccer/stats/2017/grand-canyon/boxscore/8755,https://gculopes.com/sports/mens-soccer/stats/2017/creighton/boxscore/9375,2017-08-27-Creighton-Grand-Canyon,regular
sidearm-2017-08-27-UIC-DePaul,2017-08-27,UIC,DePaul,false,false,3,2,away,final,,https://uicflames.com/sports/mens-soccer/stats/2017/depaul/boxscore/10479,,2017-08-27-DePaul-UIC,regular
sidearm-2017-08-27-Loyola-Maryland-St.-John's,2017-08-27,Loyola Maryland,St. John's,false,false,1,0,away,final,,https://redstormsports.com/sports/mens-soccer/stats/2017/loyola-maryland/boxscore/2662,,2017-08-27-Loyola-Maryland-St.-John's,regular
sidearm-2017-08-27-Xavier-Drake,2017-08-27,Xavier,Drake,false,false,3,0,home,final,,https://goxavier.com/sports/mens-soccer/stats/2017/drake/boxscore/6841,https://godrakebulldogs.com/sports/mens-soccer/stats/2017/xavier/boxscore/7382,2017-08-27-Drake-Xavier,regular
sidearm-2017-08-27-Georgia-State-USC-Upstate,2017-08-27,Georgia State,USC Upstate,false,false,2,0,away,final,,https://upstatespartans.com/sports/mens-soccer/stats/2017/georgia-state/boxscore/1412,https://georgiastatesports.com/news/2017/8/27/211663640.aspx,2017-08-27-Georgia-State-USC-Upstate,regular
sidearm-2017-08-27-San-Diego-Indiana,2017-08-27,San Diego,Indiana,false,false,0,1,neutral,final,,https://iuhoosiers.com/sports/mens-soccer/stats/2017/san-diego/boxscore/12356,,2017-08-27-Indiana-San-Diego,regular
wmt-2017-08-27-Kansas-City-Northwestern,2017-08-27,Kansas City,Northwestern,false,false,2,0,away,final,https://nusports.com/sports/mens-soccer/schedule,https://nusports.com/boxscore/5143,,2017-08-27-Kansas-City-Northwestern,regular
sidearm-2017-08-27-Washington-Loyola-Marymount,2017-08-27,Washington,Loyola Marymount,false,false,2,0,home,final,,https://gohuskies.com/sports/mens-soccer/stats/2017/loyola-marymount/boxscore/13160,,2017-08-27-Loyola-Marymount-Washington,regular
sidearm-2017-08-27-Oral-Roberts-Wisconsin,2017-08-27,Oral Roberts,Wisconsin,false,false,1,1,away,final,,https://uwbadgers.com/sports/mens-soccer/stats/2017/oral-roberts/boxscore/8510,https://oruathletics.com/sports/mens-soccer/stats/2017/wisconsin/boxscore/2090,2017-08-27-Oral-Roberts-Wisconsin,regular
sidearm-2017-08-27-Cal-State-Fullerton-Wofford,2017-08-27,Cal State Fullerton,Wofford,false,false,1,0,unknown,final,,https://fullertontitans.com/sports/mens-soccer/stats/2017/wofford/boxscore/2756,https://athletics.wofford.edu/sports/mens-soccer/stats/2017/cal-state-fullerton/boxscore/3945,2017-08-27-Cal-State-Fullerton-Wofford,regular
sidearm-2017-08-27-Northern-Kentucky-UC-Irvine,2017-08-27,Northern Kentucky,UC Irvine,false,false,2,5,away,final,,https://ucirvinesports.com/sports/mens-soccer/stats/2017/northern-kentucky/boxscore/4695,https://nkunorse.com/sports/mens-soccer/stats/2017/uc-irvine/boxscore/3992,2017-08-27-Northern-Kentucky-UC-Irvine,regular
sidearm-2017-08-27-UC-Santa-Barbara-Siena,2017-08-27,UC Santa Barbara,Siena,false,false,0,0,unknown,final,,https://ucsbgauchos.com/sports/mens-soccer/stats/2017/siena/boxscore/2139,,2017-08-27-Siena-UC-Santa-Barbara,regular
sidearm-2017-08-27-Charleston-Monmouth,2017-08-27,Charleston,Monmouth,false,false,1,0,home,final,,https://cofcsports.com/sports/mens-soccer/stats/2017/monmouth/boxscore/7245,https://monmouthhawks.com/sports/mens-soccer/stats/2017/college-of-charleston/boxscore/5058,2017-08-27-Charleston-Monmouth,regular
sidearm-2017-08-27-Detroit-Mercy-LIU-Brooklyn,2017-08-27,Detroit Mercy,LIU Brooklyn,false,false,1,0,unknown,final,,https://detroittitans.com/sports/mens-soccer/stats/2017/liu-brooklyn/boxscore/3901,,2017-08-27-Detroit-Mercy-LIU-Brooklyn,regular
sidearm-2017-08-27-Milwaukee-Eastern-Illinois,2017-08-27,Milwaukee,Eastern Illinois,false,false,1,1,unknown,final,,https://mkepanthers.com/sports/mens-soccer/stats/2017/eastern-illinois/boxscore/7569,https://eiupanthers.com/sports/mens-soccer/stats/2017/milwaukee/boxscore/6302,2017-08-27-Eastern-Illinois-Milwaukee,regular
sidearm-2017-08-27-Oakland-Old-Dominion,2017-08-27,Oakland,Old Dominion,false,false,0,3,home,final,https://odusports.com/sports/mens-soccer/schedule,https://odusports.com/boxscore/9195,,2017-08-27-Oakland-Old-Dominion,regular
sidearm-2017-08-27-Purdue-Fort-Wayne-Dayton-,2017-08-27,Purdue Fort Wayne,Dayton,false,false,2,1,home,final,,https://gomastodons.com/sports/mens-soccer/stats/2017/dayton/boxscore/11330,,2017-08-27-Dayton-Purdue-Fort-Wayne,regular
sidearm-2017-08-27-Fairfield-Portland,2017-08-27,Fairfield,Portland,false,false,0,6,unknown,final,,https://fairfieldstags.com/sports/mens-soccer/stats/2017/portland/boxscore/5392,https://portlandpilots.com/boxscore.aspx?id=13253,2017-08-27-Fairfield-Portland,regular
sidearm-2017-08-27-UMass-Sacred-Heart,2017-08-27,UMass,Sacred Heart,false,false,3,0,away,final,,https://sacredheartpioneers.com/sports/mens-soccer/stats/2017/umass/boxscore/3423,https://umassathletics.com/sports/mens-soccer/stats/2017/sacred-heart/boxscore/10331,2017-08-27-Sacred-Heart-UMass,regular
sidearm-2017-08-27-Belmont-University-Niagara,2017-08-27,Belmont University,Niagara,false,false,6,1,unknown,final,,https://belmontbruins.com/sports/mens-soccer/stats/2017/niagara/boxscore/1518,,2017-08-27-Belmont-University-Niagara,regular
sidearm-2017-08-27-University-of-Evansville-Marshall,2017-08-27,University of Evansville,Marshall,false,false,1,0,home,final,,https://gopurpleaces.com/sports/mens-soccer/stats/2017/marshall/boxscore/8168,,2017-08-27-Marshall-University-of-Evansville,regular
sidearm-2017-08-27-Houston-Christian-UTRGV-vs.-Gonzaga,2017-08-27,Houston Christian,UTRGV vs. Gonzaga,false,false,,,unknown,canceled,,,,2017-08-27-Houston-Christian-UTRGV-vs.-Gonzaga,regular
sidearm-2017-08-27-Houston-Christian-Bradley,2017-08-27,Houston Christian,Bradley,false,false,,,unknown,canceled,,,,2017-08-27-Bradley-Houston-Christian,regular
sidearm-2017-08-27-Western-Illinois-Green-Bay,2017-08-27,Western Illinois,Green Bay,false,false,3,4,away,final,,https://goleathernecks.com/sports/mens-soccer/stats/2017/green-bay/boxscore/5921,,2017-08-27-Green-Bay-Western-Illinois,regular
sidearm-2017-08-27-UTRGV-Gonzaga,2017-08-27,UTRGV,Gonzaga,false,false,,,neutral,scheduled,,,,2017-08-27-Gonzaga-UTRGV,regular
sidearm-2017-08-27-Bradley-Gonzaga,2017-08-27,Bradley,Gonzaga,false,false,1,2,away,final,,,,2017-08-27-Bradley-Gonzaga,regular
wmt-2017-08-27-San-Diego-State-Vermont,2017-08-27,San Diego State,Vermont,false,false,2,1,neutral,final,https://goaztecs.com/sports/mens-soccer/schedule,,,2017-08-27-San-Diego-State-Vermont,regular
sidearm-2017-08-27-American-George-Mason,2017-08-27,American,George Mason,false,false,0,3,unknown,final,,https://aueagles.com/sports/mens-soccer/stats/2017/george-mason/boxscore/1610,,2017-08-27-American-George-Mason,regular
sidearm-2017-08-27-Loyola-University-Maryland-St.-John's,2017-08-27,Loyola University Maryland,St. John's,false,false,1,0,home,final,,https://loyolagreyhounds.com/sports/mens-soccer/stats/2017/st-john-s/boxscore/4711,,2017-08-27-Loyola-University-Maryland-St.-John's,regular
sidearm-2017-08-27-Furman-Georgia-Southern,2017-08-27,Furman,Georgia Southern,false,false,1,0,neutral,final,,https://furmanpaladins.com/sports/mens-soccer/stats/2017/georgia-southern/boxscore/2420,https://gseagles.com/sports/mens-soccer/stats/2017/furman-university/boxscore/5094,2017-08-27-Furman-Georgia-Southern,regular
sidearm-2017-08-27-Pittsburgh-James-Madison,2017-08-27,Pittsburgh,James Madison,false,false,0,1,neutral,final,,https://jmusports.com/sports/mens-soccer/stats/2017/pittsburgh/boxscore/13912,,2017-08-27-James-Madison-Pittsburgh,regular
wmt-2017-08-27-Elon-UCF,2017-08-27,UCF,Elon,false,false,0,1,neutral,final,https://ucfknights.com/sports/mens-soccer/schedule,https://ucfknights.com/boxscore/3224,,2017-08-27-Elon-UCF,regular
sidearm-2017-08-27-Santa-Clara--West-Virginia,2017-08-27,Santa Clara,West Virginia,false,false,0,2,away,final,,https://wvusports.com/sports/mens-soccer/stats/2017/santa-clara/boxscore/3955,https://santaclarabroncos.com/sports/mens-soccer/stats/2017/west-virginia/boxscore/2679,2017-08-27-Santa-Clara-West-Virginia,regular
sidearm-2017-08-27-Pacific-CSU-Bakersfield,2017-08-27,Pacific,CSU Bakersfield,false,false,5,2,unknown,final,,https://pacifictigers.com/sports/mens-soccer/stats/2017/csu-bakersfield/boxscore/1888,,2017-08-27-CSU-Bakersfield-Pacific,regular
sidearm-2017-08-27-Cal-State-Northridge-Saint-Mary's,2017-08-27,Cal State Northridge,Saint Mary's,false,false,1,2,away,final,,,,2017-08-27-Cal-State-Northridge-Saint-Mary's,regular
wmt-2017-08-27-New-Mexico-Seattle,2017-08-27,Seattle,New Mexico,false,false,1,0,home,final,https://goseattleu.com/sports/mens-soccer/schedule,https://goseattleu.com/boxscore/2245,,2017-08-27-New-Mexico-Seattle,regular
sidearm-2017-08-28-Louisville-#25-BUTLER,2017-08-28,Louisville,Butler,false,true,1,0,home,final,,https://gocards.com/sports/mens-soccer/stats/2017/butler/boxscore/13987,https://butlersports.com/sports/mens-soccer/stats/2017/louisville/boxscore/5285,2017-08-28-Butler-Louisville,regular
sidearm-2017-08-28-William-&-Mary-NC-State,2017-08-28,William & Mary,NC State,false,false,3,2,away,final,,https://gopack.com/sports/mens-soccer/stats/2017/william-mary/boxscore/11357,https://tribeathletics.com/sports/mens-soccer/stats/2017/n-c-state/boxscore/10072,2017-08-28-NC-State-William-&-Mary,regular
sidearm-2017-08-28-Binghamton-Colgate-University,2017-08-28,Binghamton,Colgate University,false,false,2,1,home,final,,https://bubearcats.com/boxscore.aspx?id=15684,,2017-08-28-Binghamton-Colgate-University,regular
sidearm-2017-08-28-Bryant-Delaware,2017-08-28,Bryant,Delaware,false,false,0,2,home,final,,https://bryantbulldogs.com/sports/mens-soccer/stats/2017/delaware/boxscore/7027,,2017-08-28-Bryant-Delaware,regular
sidearm-2017-08-28-New-Hampshire-Northeastern,2017-08-28,New Hampshire,Northeastern,false,false,1,0,home,final,,https://unhwildcats.com/sports/mens-soccer/stats/2017/northeastern/boxscore/5480,https://nuhuskies.com/sports/mens-soccer/stats/2017/new-hampshire/boxscore/7566,2017-08-28-New-Hampshire-Northeastern,regular
sidearm-2017-08-28-NJIT-Navy,2017-08-28,NJIT,Navy,false,false,1,0,unknown,final,,https://njithighlanders.com/sports/mens-soccer/stats/2017/navy/boxscore/5901,https://navysports.com/sports/mens-soccer/stats/2017/njit/boxscore/6115,2017-08-28-NJIT-Navy,regular
sidearm-2017-08-28-UMBC-Howard,2017-08-28,UMBC,Howard,false,false,3,0,home,final,,https://umbcretrievers.com/sports/mens-soccer/stats/2017/howard/boxscore/2031,https://hubison.com/boxscore.aspx?id=12419,2017-08-28-Howard-UMBC,regular
sidearm-2017-08-28-South-Florida-Lipscomb,2017-08-28,South Florida,Lipscomb,false,false,3,0,home,final,,https://gousfbulls.com/sports/mens-soccer/stats/2017/lipscomb/boxscore/10103,https://lipscombsports.com/sports/mens-soccer/stats/2017/south-florida/boxscore/7991,2017-08-28-Lipscomb-South-Florida,regular
sidearm-2017-08-28-Rhode-Island-Albany,2017-08-28,Rhode Island,Albany,false,false,0,4,unknown,final,,https://gorhody.com/sports/mens-soccer/stats/2017/albany/boxscore/2804,,2017-08-28-Albany-Rhode-Island,regular
sidearm-2017-08-28-#3-Denver-Akron,2017-08-28,Denver,Akron,true,false,1,0,away,final,,https://gozips.com/sports/mens-soccer/stats/2017/denver/boxscore/5240,https://denverpioneers.com/sports/mens-soccer/stats/2017/akron/boxscore/2437,2017-08-28-Akron-Denver,regular
sidearm-2017-08-28-Georgetown-Coastal-Carolina,2017-08-28,Georgetown,Coastal Carolina,false,false,3,0,away,final,,,,2017-08-28-Coastal-Carolina-Georgetown,regular
sidearm-2017-08-28-Seton-Hall-Rider,2017-08-28,Seton Hall,Rider University,false,false,1,2,home,final,,https://shupirates.com/sports/mens-soccer/stats/2017/rider/boxscore/2751,https://gobroncs.com/sports/mens-soccer/stats/2017/seton-hall-university/boxscore/4344,2017-08-28-Rider-University-Seton-Hall,regular
sidearm-2017-08-28-UConn-Quinnipiac,2017-08-28,UConn,Quinnipiac,false,false,1,0,home,final,,https://gobobcats.com/sports/mens-soccer/stats/2017/uconn/boxscore/8287,,2017-08-28-Quinnipiac-UConn,regular
sidearm-2017-08-28-High-Point-UNCG,2017-08-28,High Point,UNC Greensboro,false,false,2,1,unknown,final,,https://highpointpanthers.com/boxscore.aspx?id=16293,https://uncgspartans.com/sports/mens-soccer/stats/2017/high-point/boxscore/5108,2017-08-28-High-Point-UNC-Greensboro,regular
sidearm-2017-08-28-Maryland-Hofstra,2017-08-28,Maryland,Hofstra,false,false,2,0,home,final,,https://umterps.com/sports/mens-soccer/stats/2017/hofstra/boxscore/7470,https://gohofstra.com/sports/mens-soccer/stats/2017/university-of-maryland/boxscore/7932,2017-08-28-Hofstra-Maryland,regular
sidearm-2017-08-28-Michigan-Valparaiso-,2017-08-28,Michigan,Valparaiso,false,false,1,1,home,final,,https://mgoblue.com/sports/mens-soccer/stats/2017/valparaiso/boxscore/10802,,2017-08-28-Michigan-Valparaiso,regular
sidearm-2017-08-28-Stony-Brook-Army,2017-08-28,Stony Brook,Army,false,false,0,3,away,final,,https://stonybrookathletics.com/sports/mens-soccer/stats/2017/army/boxscore/7762,https://goarmywestpoint.com/sports/mens-soccer/stats/2017/stony-brook/boxscore/9969,2017-08-28-Army-Stony-Brook,regular
sidearm-2017-08-28-Wright-State-Cincinnati,2017-08-28,Wright State,Cincinnati,false,false,4,2,home,final,,https://wsuraiders.com/sports/mens-soccer/stats/2017/cincinnati/boxscore/4212,,2017-08-28-Cincinnati-Wright-State,regular
sidearm-2017-08-28-Manhattan-Fairleigh-Dickinson,2017-08-28,Manhattan,Fairleigh Dickinson,false,false,1,3,unknown,final,,https://gojaspers.com/sports/mens-soccer/stats/2017/fairleigh-dickinson/boxscore/5064,,2017-08-28-Fairleigh-Dickinson-Manhattan,regular
sidearm-2017-08-28-UC-Davis-San-Francisco,2017-08-28,UC Davis,San Francisco,false,false,3,1,home,final,,https://ucdavisaggies.com/sports/mens-soccer/stats/2017/san-francisco/boxscore/3564,https://usfdons.com/sports/mens-soccer/stats/2017/uc-davis/boxscore/4662,2017-08-28-San-Francisco-UC-Davis,regular
sidearm-2017-08-28-UNLV-Oregon-State,2017-08-28,UNLV,Oregon State,false,false,0,1,home,final,,https://osubeavers.com/sports/mens-soccer/stats/2017/unlv/boxscore/9095,,2017-08-28-Oregon-State-UNLV,regular
sidearm-2017-08-28-South-Carolina-Mercer,2017-08-28,South Carolina,Mercer,false,false,2,1,away,final,https://gamecocksonline.com/sports/msoc/schedule/2017,https://mercerbears.com/sports/mens-soccer/stats/2017/south-carolina/boxscore/3874,https://gamecocksonline.com/boxscore/mercer-34/,2017-08-28-Mercer-South-Carolina,regular
sidearm-2017-08-29-Villanova-University-Temple-University,2017-08-29,Villanova,Temple University,false,false,0,1,away,final,,https://owlsports.com/sports/mens-soccer/stats/2017/villanova-university/boxscore/6577,https://villanova.com/sports/mens-soccer/stats/2017/temple/boxscore/4090,2017-08-29-Temple-University-Villanova,regular
sidearm-2017-08-29-Saint-Joseph's-Hartford,2017-08-29,Saint Joseph's,Hartford,false,false,1,1,unknown,final,,https://sjuhawks.com/sports/mens-soccer/stats/2017/hartford/boxscore/2531,,2017-08-29-Hartford-Saint-Joseph's,regular
sidearm-2017-08-29-Cleveland-State-Bowling-Green,2017-08-29,Cleveland State,Bowling Green,false,false,0,2,unknown,final,,https://csuvikings.com/sports/mens-soccer/stats/2017/bowling-green/boxscore/10101,,2017-08-29-Bowling-Green-Cleveland-State,regular
sidearm-2017-08-29-Marist-Hartwick-College,2017-08-29,Marist,Hartwick College,false,false,2,1,unknown,final,,https://goredfoxes.com/sports/mens-soccer/stats/2017/hartwick-college/boxscore/8255,,2017-08-29-Hartwick-College-Marist,regular
sidearm-2017-08-29-Lafayette-St.-Francis-Brooklyn,2017-08-29,Lafayette,St. Francis Brooklyn,false,false,1,2,unknown,final,,https://goleopards.com/boxscore.aspx?id=13981,,2017-08-29-Lafayette-St.-Francis-Brooklyn,regular
sidearm-2017-08-29-ETSU-Kentucky,2017-08-29,ETSU,Kentucky,false,false,1,2,away,final,https://ukathletics.com/sports/msoc/schedule/2017,,,2017-08-29-ETSU-Kentucky,regular
sidearm-2017-08-29-Liberty-VMI,2017-08-29,Liberty,VMI,false,false,3,0,home,final,,https://libertyflames.com/sports/mens-soccer/stats/2017/vmi/boxscore/10948,https://vmikeydets.com/sports/mens-soccer/stats/2017/liberty/boxscore/3844,2017-08-29-Liberty-VMI,regular
sidearm-2017-08-30-Presbyterian-USC-Upstate,2017-08-30,Presbyterian,USC Upstate,false,false,3,1,away,final,,https://upstatespartans.com/sports/mens-soccer/stats/2017/presbyterian/boxscore/1413,,2017-08-30-Presbyterian-USC-Upstate,regular
wmt-2017-08-31-Hofstra-Virginia,2017-08-31,Virginia,Hofstra,false,false,4,0,home,final,https://virginiasports.com/sports/msoc/schedule,https://virginiasports.com/boxscore/5279,https://gohofstra.com/sports/mens-soccer/stats/2017/university-of-virginia/boxscore/7933,2017-08-31-Hofstra-Virginia,regular
sidearm-2017-08-31-Delaware-Temple-University,2017-08-31,Delaware,Temple University,false,false,1,1,away,final,,https://owlsports.com/sports/mens-soccer/stats/2017/delaware/boxscore/6578,,2017-08-31-Delaware-Temple-University,regular
sidearm-2017-08-31-Bellarmine-Cedarville-University,2017-08-31,Bellarmine,Cedarville University,false,false,2,1,unknown,final,,https://athletics.bellarmine.edu/sports/mens-soccer/stats/2017/cedarville-university/boxscore/4685,,2017-08-31-Bellarmine-Cedarville-University,regular
sidearm-2017-08-31-Queens-Clayton-State-University,2017-08-31,Queens,Clayton State University,false,false,2,1,unknown,final,,https://queensathletics.com/sports/mens-soccer/stats/2017/clayton-state-university/boxscore/6283,,2017-08-31-Clayton-State-University-Queens,regular
sidearm-2017-08-31-Duquesne-Marshall,2017-08-31,Duquesne,Marshall,false,false,1,3,away,final,,https://goduquesne.com/sports/mens-soccer/stats/2017/marshall/boxscore/1761,,2017-08-31-Duquesne-Marshall,regular
sidearm-2017-08-31-Campbell-Navy,2017-08-31,Campbell,Navy,false,false,2,1,unknown,final,,https://gocamels.com/sports/mens-soccer/stats/2017/navy/boxscore/2090,https://navysports.com/sports/mens-soccer/stats/2017/campbell/boxscore/6116,2017-08-31-Campbell-Navy,regular
sidearm-2017-08-31-Northern-Kentucky-Fort-Wayne,2017-08-31,Northern Kentucky,Fort Wayne,false,false,2,1,unknown,final,,https://nkunorse.com/sports/mens-soccer/stats/2017/fort-wayne/boxscore/3993,,2017-08-31-Fort-Wayne-Northern-Kentucky,regular
sidearm-2017-08-31-Northern-Kentucky-Purdue-Fort-Wayne,2017-08-31,Northern Kentucky,Purdue Fort Wayne,false,false,2,1,away,final,,https://gomastodons.com/sports/mens-soccer/stats/2017/northern-kentucky/boxscore/11331,,2017-08-31-Northern-Kentucky-Purdue-Fort-Wayne,regular
sidearm-2017-08-31-Robert-Morris-Canisius,2017-08-31,Robert Morris,Canisius,false,false,3,4,away,final,,https://rmucolonials.com/sports/mens-soccer/stats/2017/canisius/boxscore/5561,https://gogriffs.com/sports/mens-soccer/stats/2017/robert-morris/boxscore/5569,2017-08-31-Canisius-Robert-Morris,regular
sidearm-2017-08-31-Manhattan-Sacred-Heart,2017-08-31,Manhattan,Sacred Heart,false,false,1,0,home,final,,https://gojaspers.com/sports/mens-soccer/stats/2017/sacred-heart/boxscore/5066,https://sacredheartpioneers.com/sports/mens-soccer/stats/2017/manhattan/boxscore/3424,2017-08-31-Manhattan-Sacred-Heart,regular
sidearm-2017-08-31-Utah-Tech-Northwest-Nazarene,2017-08-31,Utah Tech,Northwest Nazarene,false,false,2,1,unknown,final,,https://utahtechtrailblazers.com/sports/mens-soccer/stats/2017/northwest-nazarene/boxscore/6965,,2017-08-31-Northwest-Nazarene-Utah-Tech,regular
sidearm-2017-08-31-Le-Moyne-College-Daemen-College,2017-08-31,Le Moyne College,Daemen College,false,false,3,1,unknown,final,,https://lemoynedolphins.com/sports/mens-soccer/stats/2017/daemen-college/boxscore/9100,,2017-08-31-Daemen-College-Le-Moyne-College,regular
sidearm-2017-08-31-Mercyhurst-University-of-Charleston,2017-08-31,Mercyhurst,Charleston,false,false,1,3,unknown,final,,https://hurstathletics.com/sports/mens-soccer/stats/2017/university-of-charleston/boxscore/9368,,2017-08-31-Charleston-Mercyhurst,regular
sidearm-2017-08-31-New-Haven-Bridgeport,2017-08-31,New Haven,Bridgeport,false,false,1,4,unknown,final,,https://newhavenchargers.com/sports/mens-soccer/stats/2017/bridgeport/boxscore/7600,,2017-08-31-Bridgeport-New-Haven,regular
sidearm-2017-08-31-Stonehill-College-Saint-Thomas-Aquinas-College,2017-08-31,Stonehill College,Saint Thomas Aquinas College,false,false,2,1,unknown,final,,https://stonehillskyhawks.com/sports/mens-soccer/stats/2017/saint-thomas-aquinas-college/boxscore/2229,,2017-08-31-Saint-Thomas-Aquinas-College-Stonehill-College,regular
sidearm-2017-08-31-University-of-Southern-Indiana-Kentucky-Wesleyan-College,2017-08-31,University of Southern Indiana,Kentucky Wesleyan College,false,false,3,2,unknown,final,,https://gousieagles.com/sports/mens-soccer/stats/2017/kentucky-wesleyan-college/boxscore/3757,,2017-08-31-Kentucky-Wesleyan-College-University-of-Southern-Indiana,regular
sidearm-2017-08-31-California-Baptist-Cal-State-San-Bernardino,2017-08-31,California Baptist,Cal State San Bernardino,false,false,4,0,home,final,,https://cbulancers.com/sports/mens-soccer/stats/2017/cal-state-san-bernardino/boxscore/7942,,2017-08-31-Cal-State-San-Bernardino-California-Baptist,regular
sidearm-2017-08-31-UC-San-Diego-Biola,2017-08-31,UC San Diego,Biola,false,false,0,0,unknown,final,,https://ucsdtritons.com/sports/mens-soccer/stats/2017/biola/boxscore/6134,,2017-08-31-Biola-UC-San-Diego,regular
sidearm-2017-09-01-Boston-College-New-Hampshire,2017-09-01,Boston College,New Hampshire,true,false,0,2,home,final,,https://bceagles.com/sports/mens-soccer/stats/2017/new-hampshire/boxscore/15101,https://unhwildcats.com/sports/mens-soccer/stats/2017/boston-college/boxscore/5481,2017-09-01-Boston-College-New-Hampshire,regular
sidearm-2017-09-01-California-Northeastern,2017-09-01,California,Northeastern,false,false,1,0,home,final,,https://calbears.com/sports/mens-soccer/stats/2017/northeastern/boxscore/16958,https://nuhuskies.com/sports/mens-soccer/stats/2017/california/boxscore/7568,2017-09-01-California-Northeastern,regular
wmt-2017-09-01-Clemson-South-Carolina,2017-09-01,Clemson,South Carolina,true,false,4,1,home,final,https://clemsontigers.com/sports/mens-soccer/schedule,https://clemsontigers.com/boxscore/3853,https://gamecocksonline.com/boxscore/no-5-clemson/,2017-09-01-Clemson-South-Carolina,regular
sidearm-2017-09-01-Duke-High-Point-,2017-09-01,Duke,High Point,false,false,3,2,home,final,,https://goduke.com/sports/mens-soccer/stats/2017/high-point/boxscore/1169,https://highpointpanthers.com/boxscore.aspx?id=16293,2017-09-01-Duke-High-Point,regular
sidearm-2017-09-01-Georgia-State-Louisville,2017-09-01,Georgia State,Louisville,false,true,0,1,away,final,,https://gocards.com/sports/mens-soccer/stats/2017/georgia-state/boxscore/13988,https://georgiastatesports.com/news/2017/9/1/211664876.aspx,2017-09-01-Georgia-State-Louisville,regular
sidearm-2017-09-01-NC-State-LIU-Brooklyn,2017-09-01,NC State,LIU Brooklyn,false,false,,,home,scheduled,,,,2017-09-01-LIU-Brooklyn-NC-State,regular
sidearm-2017-09-01-SMU-Oakland,2017-09-01,SMU,Oakland,false,false,2,1,unknown,final,,https://smumustangs.com/sports/mens-soccer/stats/2017/oakland/boxscore/7677,,2017-09-01-Oakland-SMU,regular
wmt-2017-09-01-Creighton-Stanford,2017-09-01,Stanford,Creighton,true,true,3,0,home,final,https://gostanford.com/sports/mens-soccer/schedule,https://gostanford.com/boxscore/7165,https://gocreighton.com/sports/mens-soccer/stats/2017/stanford/boxscore/8756,2017-09-01-Creighton-Stanford,regular
sidearm-2017-09-01-Syracuse-Princeton-,2017-09-01,Syracuse,Princeton,true,false,1,1,home,final,,https://cuse.com/sports/mens-soccer/stats/2017/princeton/boxscore/7944,https://goprincetontigers.com/sports/mens-soccer/stats/2017/syracuse/boxscore/12416,2017-09-01-Princeton-Syracuse,regular
sidearm-2017-09-01-UNCW-North-Carolina,2017-09-01,UNC Wilmington,North Carolina,false,false,1,0,away,final,,https://goheels.com/sports/mens-soccer/stats/2017/uncw/boxscore/15015,,2017-09-01-North-Carolina-UNC-Wilmington,regular
wmt-2017-09-01-Pacific-Virginia-Tech,2017-09-01,Virginia Tech,Pacific,true,false,0,1,neutral,final,https://hokiesports.com/sports/mens-soccer/schedule,https://hokiesports.com/boxscore/10278,https://pacifictigers.com/sports/mens-soccer/stats/2017/rv-virginia-tech/boxscore/1889,2017-09-01-Pacific-Virginia-Tech,regular
sidearm-2017-09-01-Binghamton-James-Madison-University,2017-09-01,Binghamton,James Madison,false,false,0,2,home,final,,https://bubearcats.com/boxscore.aspx?id=15684,https://jmusports.com/sports/mens-soccer/stats/2017/binghamton/boxscore/13914,2017-09-01-Binghamton-James-Madison,regular
sidearm-2017-09-01-Bryant-Brown,2017-09-01,Bryant,Brown,false,false,0,1,away,final,,https://bryantbulldogs.com/sports/mens-soccer/stats/2017/brown/boxscore/7028,https://brownbears.com/sports/mens-soccer/stats/2017/bryant/boxscore/2358,2017-09-01-Brown-Bryant,regular
sidearm-2017-09-01-NJIT-Florida-International,2017-09-01,NJIT,FIU,false,false,2,2,unknown,final,,https://njithighlanders.com/sports/mens-soccer/stats/2017/florida-international/boxscore/5902,https://fiusports.com/sports/mens-soccer/stats/2017/njit/boxscore/6211,2017-09-01-FIU-NJIT,regular
sidearm-2017-09-01-UMass-Lowell-Boston-University,2017-09-01,UMass Lowell,Boston University,false,false,2,0,home,final,,https://goriverhawks.com/sports/mens-soccer/stats/2017/boston-university/boxscore/5050,,2017-09-01-Boston-University-UMass-Lowell,regular
sidearm-2017-09-01-Vermont-Florida-Gulf-Coast,2017-09-01,Vermont,FGCU,false,false,4,0,unknown,final,,https://uvmathletics.com/sports/mens-soccer/stats/2017/florida-gulf-coast/boxscore/2534,https://fgcuathletics.com/sports/mens-soccer/stats/2017/vermont/boxscore/6411,2017-09-01-FGCU-Vermont,regular
sidearm-2017-09-01-UCF-Charlotte,2017-09-01,UCF,Charlotte,false,false,,,away,canceled,https://ucfknights.com/sports/mens-soccer/schedule,,,2017-09-01-Charlotte-UCF,regular
sidearm-2017-09-01-FAU-College-of-Charleston,2017-09-01,FAU,Charleston,false,false,0,1,home,final,,https://fausports.com/sports/mens-soccer/stats/2017/college-of-charleston/boxscore/3638,https://cofcsports.com/sports/mens-soccer/stats/2017/florida-atlantic/boxscore/7246,2017-09-01-Charleston-FAU,regular
sidearm-2017-09-01-Missouri-State-Tulsa,2017-09-01,Missouri State,Tulsa,false,false,2,0,home,final,,https://missouristatebears.com/sports/mens-soccer/stats/2017/tulsa/boxscore/3473,https://tulsahurricane.com/sports/mens-soccer/stats/2017/missouri-state/boxscore/8320,2017-09-01-Missouri-State-Tulsa,regular
sidearm-2017-09-01-#17-Butler-South-Florida,2017-09-01,Butler,South Florida,true,false,3,2,neutral,final,,https://gousfbulls.com/sports/mens-soccer/stats/2017/butler/boxscore/10129,https://butlersports.com/sports/mens-soccer/stats/2017/south-florida/boxscore/5286,2017-09-01-Butler-South-Florida,regular
sidearm-2017-09-01-Jacksonville-UAB,2017-09-01,Jacksonville,UAB,false,false,1,2,away,final,,https://uabsports.com/sports/mens-soccer/stats/2017/jacksonville/boxscore/3364,https://judolphins.com/sports/mens-soccer/stats/2017/uab/boxscore/1802,2017-09-01-Jacksonville-UAB,regular
sidearm-2017-09-01-Central-Arkansas-Appalachian-State-University,2017-09-01,Central Arkansas,Appalachian State University,false,false,1,2,unknown,final,,https://ucasports.com/sports/mens-soccer/stats/2017/appalachian-state-university/boxscore/2992,,2017-09-01-Appalachian-State-University-Central-Arkansas,regular
sidearm-2017-09-01-North-Florida-Georgia-Southern,2017-09-01,North Florida,Georgia Southern,false,false,1,2,home,final,,https://unfospreys.com/sports/mens-soccer/stats/2017/georgia-southern/boxscore/12851,https://gseagles.com/sports/mens-soccer/stats/2017/north-florida/boxscore/5095,2017-09-01-Georgia-Southern-North-Florida,regular
sidearm-2017-09-01-Dayton-Western-Illinois,2017-09-01,Dayton,Western Illinois,false,false,4,1,unknown,final,,https://daytonflyers.com/sports/mens-soccer/stats/2017/western-illinois/boxscore/6587,https://goleathernecks.com/sports/mens-soccer/stats/2017/dayton/boxscore/5922,2017-09-01-Dayton-Western-Illinois,regular
sidearm-2017-09-01-Fordham-St.-John's,2017-09-01,Fordham,St. John's,false,false,1,0,home,final,,https://fordhamsports.com/sports/mens-soccer/stats/2017/st-john-s/boxscore/6272,https://redstormsports.com/sports/mens-soccer/stats/2017/fordham/boxscore/2663,2017-09-01-Fordham-St.-John's,regular
sidearm-2017-09-01-St.-Francis-Brooklyn-George-Washington,2017-09-01,St. Francis Brooklyn,George Washington,false,false,3,1,away,final,,https://gwsports.com/sports/mens-soccer/stats/2017/st-francis-brooklyn/boxscore/4128,,2017-09-01-George-Washington-St.-Francis-Brooklyn,regular
sidearm-2017-09-01-La-Salle-DePaul,2017-09-01,La Salle,DePaul,false,false,1,2,home,final,,https://goexplorers.com/sports/mens-soccer/stats/2017/depaul/boxscore/6794,,2017-09-01-DePaul-La-Salle,regular
sidearm-2017-09-01-Loyola-Chicago-Valparaiso,2017-09-01,Loyola Chicago,Valparaiso,false,false,1,2,unknown,final,,https://loyolaramblers.com/sports/mens-soccer/stats/2017/valparaiso/boxscore/4136,,2017-09-01-Loyola-Chicago-Valparaiso,regular
sidearm-2017-09-01-St.-Bonaventure-UT-Rio-Grande-Valley,2017-09-01,St. Bonaventure,UT Rio Grande Valley,false,false,1,1,unknown,final,,https://gobonnies.com/sports/mens-soccer/stats/2017/ut-rio-grande-valley/boxscore/1833,,2017-09-01-St.-Bonaventure-UT-Rio-Grande-Valley,regular
sidearm-2017-09-01-VCU-Iona,2017-09-01,VCU,Iona,false,false,,,unknown,canceled,,,,2017-09-01-Iona-VCU,regular
sidearm-2017-09-01-Akron-#10-Washington,2017-09-01,Akron,Washington,true,true,2,0,home,final,,https://gozips.com/sports/mens-soccer/stats/2017/washington/boxscore/5241,https://gohuskies.com/sports/mens-soccer/stats/2017/akron/boxscore/13161,2017-09-01-Akron-Washington,regular
sidearm-2017-09-01-Georgetown-Cal-Poly,2017-09-01,Georgetown,Cal Poly,false,false,3,1,away,final,,https://gopoly.com/sports/mens-soccer/stats/2017/georgetown/boxscore/1596,,2017-09-01-Cal-Poly-Georgetown,regular
sidearm-2017-09-01-Marquette-UIC,2017-09-01,Marquette,UIC,false,false,2,2,home,final,,https://gomarquette.com/sports/mens-soccer/stats/2017/uic/boxscore/2438,https://uicflames.com/sports/mens-soccer/stats/2017/marquette/boxscore/10480,2017-09-01-Marquette-UIC,regular
sidearm-2017-09-01-Stony-Brook-Seton-Hall,2017-09-01,Stony Brook,Seton Hall,false,false,1,0,away,final,,https://shupirates.com/sports/mens-soccer/stats/2017/stony-brook/boxscore/2752,https://stonybrookathletics.com/sports/mens-soccer/stats/2017/seton-hall/boxscore/7763,2017-09-01-Seton-Hall-Stony-Brook,regular
sidearm-2017-09-01-Harvard-Xavier,2017-09-01,Harvard,Xavier,false,false,0,3,away,final,,https://goxavier.com/sports/mens-soccer/stats/2017/harvard/boxscore/6842,https://gocrimson.com/sports/mens-soccer/stats/2017/xavier/boxscore/10869,2017-09-01-Harvard-Xavier,regular
sidearm-2017-09-01-Longwood-Pittsburgh,2017-09-01,Longwood,Pittsburgh,false,false,0,2,unknown,final,,https://longwoodlancers.com/sports/mens-soccer/stats/2017/pittsburgh/boxscore/5815,,2017-09-01-Longwood-Pittsburgh,regular
sidearm-2017-09-01-Loyola-Marymount-UNC-Asheville,2017-09-01,Loyola Marymount,UNC Asheville,false,false,2,0,away,final,,https://uncabulldogs.com/sports/mens-soccer/stats/2017/loyola-marymount/boxscore/3673,,2017-09-01-Loyola-Marymount-UNC-Asheville,regular
sidearm-2017-09-01-Winthrop-Mercer,2017-09-01,Winthrop,Mercer,false,false,1,1,home,final,,https://winthropeagles.com/boxscore.aspx?id=23965,https://mercerbears.com/sports/mens-soccer/stats/2017/winthrop/boxscore/3876,2017-09-01-Mercer-Winthrop,regular
sidearm-2017-09-01-Indiana-San-Francisco,2017-09-01,Indiana,San Francisco,false,false,5,1,home,final,,https://iuhoosiers.com/sports/mens-soccer/stats/2017/san-francisco/boxscore/12357,https://usfdons.com/sports/mens-soccer/stats/2017/indiana/boxscore/4663,2017-09-01-Indiana-San-Francisco,regular
sidearm-2017-09-01-Maryland-UCLA,2017-09-01,Maryland,UCLA,false,false,3,2,home,final,https://uclabruins.com/sports/mens-soccer/schedule,https://umterps.com/sports/mens-soccer/stats/2017/ucla/boxscore/7471,https://uclabruins.com/boxscore/5168,2017-09-01-Maryland-UCLA,regular
sidearm-2017-09-01-Michigan-Cleveland-State-,2017-09-01,Michigan,Cleveland State,false,false,3,1,home,final,,https://mgoblue.com/sports/mens-soccer/stats/2017/cleveland-state/boxscore/10803,https://csuvikings.com/sports/mens-soccer/stats/2017/michigan/boxscore/10102,2017-09-01-Cleveland-State-Michigan,regular
sidearm-2017-09-01-Michigan-State-Dartmouth,2017-09-01,Michigan State,Dartmouth College,true,false,1,0,home,final,,https://msuspartans.com/sports/mens-soccer/stats/2017/dartmouth/boxscore/6266,https://dartmouthsports.com/sports/mens-soccer/stats/2017/michigan-state/boxscore/7999,2017-09-01-Dartmouth-College-Michigan-State,regular
wmt-2017-09-01-Colgate-Northwestern,2017-09-01,Colgate,Northwestern,false,false,2,0,away,final,https://nusports.com/sports/mens-soccer/schedule,https://nusports.com/boxscore/5144,,2017-09-01-Colgate-Northwestern,regular
sidearm-2017-09-01-Ohio-State-Lehigh,2017-09-01,Ohio State,Lehigh,false,false,2,0,home,final,,https://ohiostatebuckeyes.com/sports/mens-soccer/stats/2017/lehigh/boxscore/10122,https://lehighsports.com/sports/mens-soccer/stats/2017/ohio-state/boxscore/10531,2017-09-01-Lehigh-Ohio-State,regular
wmt-2017-09-01-Penn-State-UC-Irvine,2017-09-01,UC Irvine,Penn State,false,false,1,1,away,final,https://gopsusports.com/sports/mens-soccer/schedule,https://gopsusports.com/boxscore/6089,https://ucirvinesports.com/sports/mens-soccer/stats/2017/penn-state/boxscore/4696,2017-09-01-Penn-State-UC-Irvine,regular
sidearm-2017-09-01-Oral-Roberts--Rutgers,2017-09-01,Oral Roberts,Rutgers,false,false,3,5,away,final,,https://scarletknights.com/sports/mens-soccer/stats/2017/oral-roberts/boxscore/4636,https://oruathletics.com/sports/mens-soccer/stats/2017/rutgers/boxscore/2091,2017-09-01-Oral-Roberts-Rutgers,regular
sidearm-2017-09-01-Cal-State-Fullerton-Santa-Clara,2017-09-01,Cal State Fullerton,Santa Clara,false,false,2,0,unknown,final,,https://fullertontitans.com/sports/mens-soccer/stats/2017/santa-clara/boxscore/2757,,2017-09-01-Cal-State-Fullerton-Santa-Clara,regular
sidearm-2017-09-01-Sacramento-State-CSU-Bakersfield,2017-09-01,Sacramento State,CSU Bakersfield,false,false,0,1,unknown,final,,https://hornetsports.com/sports/mens-soccer/stats/2017/csu-bakersfield/boxscore/1868,,2017-09-01-CSU-Bakersfield-Sacramento-State,regular
sidearm-2017-09-01-UC-Santa-Barbara-San-Diego,2017-09-01,UC Santa Barbara,San Diego,false,false,0,1,home,final,,https://ucsbgauchos.com/sports/mens-soccer/stats/2017/san-diego/boxscore/2140,,2017-09-01-San-Diego-UC-Santa-Barbara,regular
sidearm-2017-09-01-Utah-Valley-CSUN,2017-09-01,Utah Valley,CSUN,false,false,1,2,home,final,,https://wolverinegreen.com/sports/mens-soccer/stats/2017/csun/boxscore/6033,,2017-09-01-CSUN-Utah-Valley,regular
sidearm-2017-09-01-Drexel-Bowling-Green,2017-09-01,Drexel,Bowling Green,false,false,0,3,home,final,,https://drexeldragons.com/sports/mens-soccer/stats/2017/bowling-green/boxscore/5825,,2017-09-01-Bowling-Green-Drexel,regular
sidearm-2017-09-01-Monmouth-Penn,2017-09-01,Monmouth,Penn,false,false,2,0,away,final,,https://monmouthhawks.com/sports/mens-soccer/stats/2017/penn/boxscore/5059,https://pennathletics.com/sports/mens-soccer/stats/2017/monmouth/boxscore/8865,2017-09-01-Monmouth-Penn,regular
sidearm-2017-09-01-William-&-Mary-Loyola-(Md.),2017-09-01,William & Mary,Loyola (Md.),false,false,0,0,unknown,final,,https://tribeathletics.com/sports/mens-soccer/stats/2017/loyola-md-/boxscore/10073,,2017-09-01-Loyola-(Md.)-William-&-Mary,regular
sidearm-2017-09-01-IU-Indy-Cincinnati,2017-09-01,IU Indy,Cincinnati,false,false,1,2,unknown,final,,https://iuindyjags.com/sports/mens-soccer/stats/2017/cincinnati/boxscore/6140,,2017-09-01-Cincinnati-IU-Indy,regular
sidearm-2017-09-01-#19-West-Virginia-Wright-State,2017-09-01,West Virginia,Wright State,true,false,4,1,away,final,,https://wsuraiders.com/sports/mens-soccer/stats/2017/-19-west-virginia/boxscore/4213,https://wvusports.com/sports/mens-soccer/stats/2017/wright-state/boxscore/3956,2017-09-01-West-Virginia-Wright-State,regular
sidearm-2017-09-01-Massachusetts-Columbia-University,2017-09-01,Massachusetts,Columbia University,false,false,1,1,away,final,,https://gocolumbialions.com/sports/mens-soccer/stats/2017/massachusetts/boxscore/7135,,2017-09-01-Columbia-University-Massachusetts,regular
sidearm-2017-09-01-Cornell-University-of-the-Incarnate-Word,2017-09-01,Cornell,University of the Incarnate Word,false,false,2,2,unknown,final,,https://cornellbigred.com/sports/mens-soccer/stats/2017/university-of-the-incarnate-word/boxscore/24094,,2017-09-01-Cornell-University-of-the-Incarnate-Word,regular
sidearm-2017-09-01-Yale-Fairleigh-Dickinson,2017-09-01,Yale,Fairleigh Dickinson,false,false,0,2,unknown,final,,https://yalebulldogs.com/sports/mens-soccer/stats/2017/fairleigh-dickinson/boxscore/3270,,2017-09-01-Fairleigh-Dickinson-Yale,regular
sidearm-2017-09-01-Fairfield-Army-West-Point,2017-09-01,Fairfield,Army,false,false,0,3,home,final,,https://fairfieldstags.com/sports/mens-soccer/stats/2017/army-west-point/boxscore/5393,https://goarmywestpoint.com/sports/mens-soccer/stats/2017/fairfield/boxscore/9970,2017-09-01-Army-Fairfield,regular
sidearm-2017-09-01-Merrimack-College-Bentley-vs.-Molloy,2017-09-01,Merrimack College,Bentley vs. Molloy,false,false,,,unknown,scheduled,,,,2017-09-01-Bentley-vs.-Molloy-Merrimack-College,regular
sidearm-2017-09-01-Merrimack-College-Caldwell,2017-09-01,Merrimack College,Caldwell,false,false,2,0,unknown,final,,https://merrimackathletics.com/sports/mens-soccer/stats/2017/caldwell/boxscore/1902,,2017-09-01-Caldwell-Merrimack-College,regular
sidearm-2017-09-01-Saint-Peter's-Hartwick,2017-09-01,Saint Peter's,Hartwick,false,false,1,0,unknown,final,,https://saintpeterspeacocks.com/sports/mens-soccer/stats/2017/hartwick/boxscore/877,,2017-09-01-Hartwick-Saint-Peter's,regular
sidearm-2017-09-01-Drake-Air-Force,2017-09-01,Drake,Air Force,false,false,0,2,home,final,,https://godrakebulldogs.com/sports/mens-soccer/stats/2017/air-force/boxscore/7383,,2017-09-01-Air-Force-Drake,regular
sidearm-2017-09-01-Western-Michigan-Eastern-Illinois-University,2017-09-01,Western Michigan,Eastern Illinois,false,false,0,0,unknown,final,,https://wmubroncos.com/sports/mens-soccer/stats/2017/eastern-illinois-university/boxscore/6717,https://eiupanthers.com/sports/mens-soccer/stats/2017/western-michigan/boxscore/6303,2017-09-01-Eastern-Illinois-Western-Michigan,regular
wmt-2017-09-01-San-Jose-State-UC-Davis,2017-09-01,San Jose State,UC Davis,false,false,3,2,home,final,https://sjsuspartans.com/sports/mens-soccer/schedule,https://ucdavisaggies.com/sports/mens-soccer/stats/2017/san-jose-state/boxscore/3565,https://sjsuspartans.com/documents/2018/8/6/1164__m_soccer_2017_18_box_score__stats_20170902aab.pdf,2017-09-01-San-Jose-State-UC-Davis,regular
sidearm-2017-09-01-UNLV-New-Mexico,2017-09-01,UNLV,New Mexico,false,false,3,0,unknown,final,,,,2017-09-01-New-Mexico-UNLV,regular
sidearm-2017-09-01-Houston-Christian-Omaha,2017-09-01,Houston Christian,Omaha,false,true,0,1,unknown,final,,https://hcuhuskies.com/sports/mens-soccer/stats/2017/no-21-omaha/boxscore/3279,,2017-09-01-Houston-Christian-Omaha,regular
sidearm-2017-09-01-Lindenwood-Truman-State-University,2017-09-01,Lindenwood,Truman State University,false,false,3,0,unknown,final,,https://lindenwoodlions.com/sports/mens-soccer/stats/2017/truman-state-university/boxscore/16157,,2017-09-01-Lindenwood-Truman-State-University,regular
sidearm-2017-09-01-UTRGV-Houston-Baptist-vs.-No.-21-Omaha,2017-09-01,UTRGV,Houston Baptist vs. No. 21 Omaha,false,false,1,0,unknown,final,,,,2017-09-01-Houston-Baptist-vs.-No.-21-Omaha-UTRGV,regular
sidearm-2017-09-01-UTRGV-St.-Bonaventure,2017-09-01,UTRGV,St. Bonaventure,false,false,1,1,unknown,final,,https://goutrgv.com/sports/mens-soccer/stats/2017/st-bonaventure/boxscore/24320,,2017-09-01-St.-Bonaventure-UTRGV,regular
sidearm-2017-09-01-Gonzaga-UC-Riverside,2017-09-01,Gonzaga,UC Riverside,false,false,1,0,home,final,,https://gohighlanders.com/sports/mens-soccer/stats/2017/gonzaga/boxscore/11451,,2017-09-01-Gonzaga-UC-Riverside,regular
sidearm-2017-09-01-American-University-Oregon-State,2017-09-01,American,Oregon State,false,false,1,0,neutral,final,,https://osubeavers.com/sports/mens-soccer/stats/2017/american-university/boxscore/9097,https://aueagles.com/sports/mens-soccer/stats/2017/oregon-state/boxscore/1611,2017-09-01-American-Oregon-State,regular
sidearm-2017-09-01-14/9-UMass-Lowell-Boston-University,2017-09-01,14/9 UMass Lowell,Boston University,false,false,2,0,away,final,,https://goterriers.com/sports/mens-soccer/stats/2017/umass-lowell/boxscore/7027,,2017-09-01-14/9-UMass-Lowell-Boston-University,regular
sidearm-2017-09-01-Loyola-University-Maryland-William-&-Mary,2017-09-01,Loyola University Maryland,William & Mary,false,false,0,0,unknown,final,,https://loyolagreyhounds.com/sports/mens-soccer/stats/2017/william-mary/boxscore/4712,,2017-09-01-Loyola-University-Maryland-William-&-Mary,regular
sidearm-2017-09-01-Furman-Denver,2017-09-01,Furman,Denver,false,false,1,0,home,final,,https://furmanpaladins.com/sports/mens-soccer/stats/2017/denver/boxscore/2421,https://denverpioneers.com/sports/mens-soccer/stats/2017/furman/boxscore/2438,2017-09-01-Denver-Furman,regular
sidearm-2017-09-01-UNC-Greensboro-Coastal-Carolina,2017-09-01,UNC Greensboro,Coastal Carolina,false,false,0,2,home,final,,https://uncgspartans.com/sports/mens-soccer/stats/2017/coastal-carolina/boxscore/5111,,2017-09-01-Coastal-Carolina-UNC-Greensboro,regular
sidearm-2017-09-01-Houston-Baptist-Omaha,2017-09-01,Houston Baptist,Omaha,false,false,0,1,neutral,final,,https://omavs.com/sports/mens-soccer/stats/2017/houston-baptist/boxscore/9800,,2017-09-01-Houston-Baptist-Omaha,regular
sidearm-2017-09-01-St.-Thomas-St.-Norbert,2017-09-01,St. Thomas,St. Norbert,false,false,2,1,home,final,,https://tommiesports.com/sports/msoc/stats/2017/st-norbert/boxscore/4807,,2017-09-01-St.-Norbert-St.-Thomas,regular
sidearm-2017-09-01-UMass-Columbia,2017-09-01,UMass,Columbia University,false,false,1,1,home,final,,https://umassathletics.com/sports/mens-soccer/stats/2017/columbia/boxscore/10332,,2017-09-01-Columbia-University-UMass,regular
wmt-2017-09-01-Old-Dominion-Saint-Francis-(PA),2017-09-01,Old Dominion,Saint Francis (PA),false,false,3,5,home,final,https://odusports.com/sports/mens-soccer/schedule,https://odusports.com/boxscore/9196,,2017-09-01-Old-Dominion-Saint-Francis-(PA),regular
sidearm-2017-09-01-Portland-Seattle,2017-09-01,Portland,Seattle,false,false,2,1,away,final,https://goseattleu.com/sports/mens-soccer/schedule,https://portlandpilots.com/boxscore.aspx?id=13253,https://goseattleu.com/boxscore/2246,2017-09-01-Portland-Seattle,regular
sidearm-2017-09-01-Santa-Clara-Cal-St.-Fullerton,2017-09-01,Santa Clara,Cal St. Fullerton,false,false,0,2,unknown,final,,https://santaclarabroncos.com/sports/mens-soccer/stats/2017/cal-st-fullerton/boxscore/2680,,2017-09-01-Cal-St.-Fullerton-Santa-Clara,regular
wmt-2017-09-02-#RV-Connecticut-Notre-Dame,2017-09-02,#RV Connecticut,Notre Dame,false,false,0,1,away,final,https://fightingirish.com/sports/msoc/schedule,https://fightingirish.com/boxscore/12751,,2017-09-02-#RV-Connecticut-Notre-Dame,regular
sidearm-2017-09-02-Saint-Louis-Wake-Forest,2017-09-02,Saint Louis,Wake Forest,false,false,1,4,away,final,,https://slubillikens.com/sports/mens-soccer/stats/2017/wake-forest/boxscore/6532,,2017-09-02-Saint-Louis-Wake-Forest,regular
sidearm-2017-09-02-UMBC-Villanova,2017-09-02,UMBC,Villanova,false,false,2,5,home,final,,https://umbcretrievers.com/sports/mens-soccer/stats/2017/villanova/boxscore/2032,https://villanova.com/sports/mens-soccer/stats/2017/umbc/boxscore/4091,2017-09-02-UMBC-Villanova,regular
sidearm-2017-09-02-Memphis-Kentucky,2017-09-02,Memphis,Kentucky,false,false,0,1,home,final,https://ukathletics.com/sports/msoc/schedule/2017,https://gotigersgo.com/sports/mens-soccer/stats/2017/kentucky/boxscore/10720,,2017-09-02-Kentucky-Memphis,regular
sidearm-2017-09-02-Bellarmine-Davenport-University,2017-09-02,Bellarmine,Davenport University,false,false,4,3,unknown,final,,https://athletics.bellarmine.edu/sports/mens-soccer/stats/2017/davenport-university/boxscore/4686,,2017-09-02-Bellarmine-Davenport-University,regular
sidearm-2017-09-02-Lipscomb-SIU-Edwardsville,2017-09-02,Lipscomb,SIU-Edwardsville,false,false,2,1,home,final,,https://lipscombsports.com/sports/mens-soccer/stats/2017/siu-edwardsville/boxscore/7992,,2017-09-02-Lipscomb-SIU-Edwardsville,regular
sidearm-2017-09-02-Rhode-Island-Providence,2017-09-02,Rhode Island,Providence,false,true,1,2,away,final,,https://gorhody.com/sports/mens-soccer/stats/2017/-24-providence/boxscore/2805,https://friars.com/sports/mens-soccer/stats/2017/rhode-island/boxscore/2521,2017-09-02-Providence-Rhode-Island,regular
sidearm-2017-09-02-Saint-Joseph's-Quinnipiac,2017-09-02,Saint Joseph's,Quinnipiac,false,false,0,1,home,final,,https://sjuhawks.com/sports/mens-soccer/stats/2017/quinnipiac/boxscore/2534,https://gobobcats.com/sports/mens-soccer/stats/2017/saint-joseph-s/boxscore/8288,2017-09-02-Quinnipiac-Saint-Joseph's,regular
sidearm-2017-09-02-UConn-Notre-Dame,2017-09-02,UConn,Notre Dame,false,false,0,1,home,final,,,,2017-09-02-Notre-Dame-UConn,regular
sidearm-2017-09-02-Presbyterian-Elon,2017-09-02,Presbyterian,Elon,false,false,0,2,unknown,final,,,,2017-09-02-Elon-Presbyterian,regular
sidearm-2017-09-02-USC-Upstate-Liberty,2017-09-02,USC Upstate,Liberty,false,false,3,2,home,final,,https://upstatespartans.com/sports/mens-soccer/stats/2017/liberty/boxscore/1414,https://libertyflames.com/sports/mens-soccer/stats/2017/usc-upstate/boxscore/10949,2017-09-02-Liberty-USC-Upstate,regular
sidearm-2017-09-02-Wisconsin-Grand-Canyon,2017-09-02,Wisconsin,Grand Canyon,false,false,3,1,home,final,,https://uwbadgers.com/sports/mens-soccer/stats/2017/grand-canyon/boxscore/8511,https://gculopes.com/sports/mens-soccer/stats/2017/wisconsin/boxscore/9357,2017-09-02-Grand-Canyon-Wisconsin,regular
sidearm-2017-09-02-Detroit-Mercy-Saint-Mary's-(Calif.),2017-09-02,Detroit Mercy,Saint Mary's,false,false,3,3,home,final,,https://detroittitans.com/sports/mens-soccer/stats/2017/saint-marys-calif-/boxscore/3902,,2017-09-02-Detroit-Mercy-Saint-Mary's,regular
sidearm-2017-09-02-Milwaukee-Evansville,2017-09-02,Milwaukee,University of Evansville,false,false,2,3,unknown,final,,https://mkepanthers.com/sports/mens-soccer/stats/2017/evansville/boxscore/8853,https://gopurpleaces.com/sports/mens-soccer/stats/2017/milwaukee/boxscore/8169,2017-09-02-Milwaukee-University-of-Evansville,regular
sidearm-2017-09-02-Marist-University-of-Hartford,2017-09-02,Marist,University of Hartford,false,false,0,1,unknown,final,,https://goredfoxes.com/sports/mens-soccer/stats/2017/university-of-hartford/boxscore/8256,,2017-09-02-Marist-University-of-Hartford,regular
sidearm-2017-09-02-Utah-Tech-Montana-State-Billings,2017-09-02,Utah Tech,Montana State Billings,false,false,2,1,unknown,final,,https://utahtechtrailblazers.com/sports/mens-soccer/stats/2017/montana-state-billings/boxscore/6966,,2017-09-02-Montana-State-Billings-Utah-Tech,regular
sidearm-2017-09-02-Stonehill-College-Nyack-College,2017-09-02,Stonehill College,Nyack College,false,false,1,1,unknown,final,,https://stonehillskyhawks.com/sports/mens-soccer/stats/2017/nyack-college/boxscore/2230,,2017-09-02-Nyack-College-Stonehill-College,regular
sidearm-2017-09-02-California-Baptist-Cal-State-San-Marcos,2017-09-02,California Baptist,Cal State San Marcos,false,false,7,0,home,final,,https://cbulancers.com/sports/mens-soccer/stats/2017/cal-state-san-marcos/boxscore/7943,,2017-09-02-Cal-State-San-Marcos-California-Baptist,regular
sidearm-2017-09-02-UC-San-Diego-Occidental,2017-09-02,UC San Diego,Occidental,false,false,3,0,unknown,final,,https://ucsdtritons.com/sports/mens-soccer/stats/2017/occidental/boxscore/6143,,2017-09-02-Occidental-UC-San-Diego,regular
sidearm-2017-09-03-California-Creighton,2017-09-03,California,Creighton,false,false,0,3,home,final,,https://calbears.com/sports/mens-soccer/stats/2017/creighton/boxscore/16959,https://gocreighton.com/sports/mens-soccer/stats/2017/california/boxscore/8757,2017-09-03-California-Creighton,regular
sidearm-2017-09-03-SMU-Cornell,2017-09-03,SMU,Cornell,false,false,3,0,unknown,final,,https://smumustangs.com/sports/mens-soccer/stats/2017/cornell/boxscore/7678,https://cornellbigred.com/sports/mens-soccer/stats/2017/southern-methodist-university/boxscore/24095,2017-09-03-Cornell-SMU,regular
wmt-2017-09-03-Northeastern-Stanford,2017-09-03,Stanford,Northeastern,true,false,1,0,home,final,https://gostanford.com/sports/mens-soccer/schedule,https://gostanford.com/boxscore/7166,https://nuhuskies.com/sports/mens-soccer/stats/2017/no-1-stanford/boxscore/7567,2017-09-03-Northeastern-Stanford,regular
sidearm-2017-09-03-Syracuse-Northwestern-,2017-09-03,Syracuse,Northwestern,false,false,3,1,home,final,https://nusports.com/sports/mens-soccer/schedule,https://cuse.com/sports/mens-soccer/stats/2017/northwestern/boxscore/7945,https://nusports.com/boxscore/5146,2017-09-03-Northwestern-Syracuse,regular
wmt-2017-09-03-Binghamton-Virginia-Tech,2017-09-03,Virginia Tech,Binghamton,false,false,2,1,neutral,final,https://hokiesports.com/sports/mens-soccer/schedule,https://hokiesports.com/boxscore/10279,https://bubearcats.com/boxscore.aspx?id=15684,2017-09-03-Binghamton-Virginia-Tech,regular
sidearm-2017-09-03-NJIT-Florida-Atlantic,2017-09-03,NJIT,FAU,false,false,2,0,home,final,,https://njithighlanders.com/sports/mens-soccer/stats/2017/florida-atlantic/boxscore/5903,https://fausports.com/sports/mens-soccer/stats/2017/njit/boxscore/3639,2017-09-03-FAU-NJIT,regular
sidearm-2017-09-03-Vermont-Niagara,2017-09-03,Vermont,Niagara,false,false,2,0,unknown,final,,https://uvmathletics.com/sports/mens-soccer/stats/2017/niagara/boxscore/2535,,2017-09-03-Niagara-Vermont,regular
sidearm-2017-09-03-FIU-College-of-Charleston,2017-09-03,FIU,Charleston,true,false,3,2,away,final,,https://fiusports.com/sports/mens-soccer/stats/2017/college-of-charleston/boxscore/6212,https://cofcsports.com/sports/mens-soccer/stats/2017/florida-international/boxscore/7247,2017-09-03-Charleston-FIU,regular
sidearm-2017-09-03-#7-Indiana-South-Florida,2017-09-03,Indiana,South Florida,true,false,3,0,away,final,,https://gousfbulls.com/sports/mens-soccer/stats/2017/indiana/boxscore/10130,https://iuhoosiers.com/sports/mens-soccer/stats/2017/south-florida/boxscore/12358,2017-09-03-Indiana-South-Florida,regular
sidearm-2017-09-03-Temple-University-Rider-,2017-09-03,Temple University,Rider University,false,false,0,1,home,final,,https://owlsports.com/sports/mens-soccer/stats/2017/rider/boxscore/6579,https://gobroncs.com/sports/mens-soccer/stats/2017/temple-university/boxscore/4345,2017-09-03-Rider-University-Temple-University,regular
sidearm-2017-09-03-Central-Arkansas-Campbell-University,2017-09-03,Central Arkansas,Campbell,false,false,0,1,unknown,final,,https://ucasports.com/sports/mens-soccer/stats/2017/campbell-university/boxscore/2993,https://gocamels.com/sports/mens-soccer/stats/2017/central-arkansas/boxscore/2091,2017-09-03-Campbell-Central-Arkansas,regular
sidearm-2017-09-03-FGCU-Central-Connecticut-State,2017-09-03,FGCU,Central Connecticut State,false,false,0,2,unknown,final,,https://fgcuathletics.com/sports/mens-soccer/stats/2017/central-connecticut-state/boxscore/6412,,2017-09-03-Central-Connecticut-State-FGCU,regular
sidearm-2017-09-03-Queens-Limestone-College,2017-09-03,Queens,Limestone College,false,false,1,1,unknown,final,,https://queensathletics.com/sports/mens-soccer/stats/2017/limestone-college/boxscore/6064,,2017-09-03-Limestone-College-Queens,regular
sidearm-2017-09-03-Stetson-Bucknell,2017-09-03,Stetson,Bucknell,false,false,3,0,unknown,final,,https://gohatters.com/sports/mens-soccer/stats/2017/bucknell/boxscore/5439,,2017-09-03-Bucknell-Stetson,regular
sidearm-2017-09-03-Davidson-College-RADFORD,2017-09-03,Davidson College,Radford,false,false,1,0,home,final,,https://davidsonwildcats.com/sports/mens-soccer/stats/2017/radford/boxscore/5090,https://radfordathletics.com/sports/mens-soccer/stats/2017/davidson/boxscore/8714,2017-09-03-Davidson-College-Radford,regular
sidearm-2017-09-03-Dayton-Belmont,2017-09-03,Dayton,Belmont University,false,false,0,0,unknown,final,,https://daytonflyers.com/sports/mens-soccer/stats/2017/belmont/boxscore/6588,https://belmontbruins.com/sports/mens-soccer/stats/2017/dayton/boxscore/1519,2017-09-03-Belmont-University-Dayton,regular
sidearm-2017-09-03-La-Salle-Loyola-(Ill.),2017-09-03,La Salle,Loyola (Ill.),false,false,1,3,unknown,final,,https://goexplorers.com/sports/mens-soccer/stats/2017/loyola-ill-/boxscore/6795,,2017-09-03-La-Salle-Loyola-(Ill.),regular
sidearm-2017-09-03-Loyola-Chicago-La-Salle,2017-09-03,Loyola Chicago,La Salle,false,false,3,1,unknown,final,,https://loyolaramblers.com/sports/mens-soccer/stats/2017/la-salle/boxscore/4137,,2017-09-03-La-Salle-Loyola-Chicago,regular
sidearm-2017-09-03-St.-Bonaventure-Houston-Baptist,2017-09-03,St. Bonaventure,Houston Baptist,false,false,2,1,unknown,final,,https://gobonnies.com/sports/mens-soccer/stats/2017/houston-baptist/boxscore/1834,,2017-09-03-Houston-Baptist-St.-Bonaventure,regular
sidearm-2017-09-03-VCU-St.-Francis-(Pa.),2017-09-03,VCU,St. Francis (Pa.),false,false,3,2,unknown,final,,https://vcuathletics.com/sports/mens-soccer/stats/2017/st-francis-pa-/boxscore/1711,,2017-09-03-St.-Francis-(Pa.)-VCU,regular
sidearm-2017-09-03-Butler-San-Francisco,2017-09-03,Butler,San Francisco,false,false,3,2,neutral,final,,https://butlersports.com/sports/mens-soccer/stats/2017/san-francisco/boxscore/5287,https://usfdons.com/sports/mens-soccer/stats/2017/butler/boxscore/4664,2017-09-03-Butler-San-Francisco,regular
sidearm-2017-09-03-DePaul-Valparaiso,2017-09-03,DePaul,Valparaiso,false,false,1,2,home,final,,,,2017-09-03-DePaul-Valparaiso,regular
sidearm-2017-09-03-Mercer-Gardner-Webb,2017-09-03,Mercer,Gardner-Webb,false,false,1,1,away,final,,https://gwusports.com/sports/mens-soccer/stats/2017/mercer/boxscore/4854,https://mercerbears.com/sports/mens-soccer/stats/2017/gardner-webb/boxscore/3878,2017-09-03-Gardner-Webb-Mercer,regular
sidearm-2017-09-03-UC-Irvine-UNC-Asheville,2017-09-03,UC Irvine,UNC Asheville,false,false,2,1,away,final,,https://uncabulldogs.com/sports/mens-soccer/stats/2017/uc-irvine/boxscore/3674,https://ucirvinesports.com/sports/mens-soccer/stats/2017/unc-asheville/boxscore/4697,2017-09-03-UC-Irvine-UNC-Asheville,regular
sidearm-2017-09-03-Winthrop-Wofford-College,2017-09-03,Winthrop,Wofford,false,false,3,0,away,final,,https://winthropeagles.com/sports/mens-soccer/stats/2017/wofford-college/boxscore/19330,https://athletics.wofford.edu/sports/mens-soccer/stats/2017/winthrop-university/boxscore/3947,2017-09-03-Winthrop-Wofford,regular
wmt-2017-09-03-Loyola-Marymount-Penn-State,2017-09-03,Loyola Marymount,Penn State,false,false,1,1,away,final,https://gopsusports.com/sports/mens-soccer/schedule,https://gopsusports.com/boxscore/6090,,2017-09-03-Loyola-Marymount-Penn-State,regular
sidearm-2017-09-03-UMKC-Rutgers,2017-09-03,Kansas City,Rutgers,false,false,0,0,away,final,,https://scarletknights.com/sports/mens-soccer/stats/2017/umkc/boxscore/4637,,2017-09-03-Kansas-City-Rutgers,regular
sidearm-2017-09-03-Sacramento-State-San-Jose-State,2017-09-03,Sacramento State,San Jose State,false,false,2,0,away,final,https://sjsuspartans.com/sports/mens-soccer/schedule,https://hornetsports.com/sports/mens-soccer/stats/2017/san-jose-state/boxscore/1869,https://sjsuspartans.com/documents/2018/8/6/1156__m_soccer_2017_18_box_score__stats_20170904aaa.pdf,2017-09-03-Sacramento-State-San-Jose-State,regular
sidearm-2017-09-03-Oakland-Incarnate-Word,2017-09-03,Oakland,Incarnate Word,false,false,1,2,unknown,final,,,,2017-09-03-Incarnate-Word-Oakland,regular
sidearm-2017-09-03-Purdue-Fort-Wayne-Green-Bay,2017-09-03,Purdue Fort Wayne,Green Bay,false,false,1,1,home,final,,https://gomastodons.com/sports/mens-soccer/stats/2017/green-bay/boxscore/11332,,2017-09-03-Green-Bay-Purdue-Fort-Wayne,regular
sidearm-2017-09-03-Robert-Morris-Marshall,2017-09-03,Robert Morris,Marshall,false,false,1,2,neutral,final,,https://rmucolonials.com/sports/mens-soccer/stats/2017/marshall/boxscore/5562,,2017-09-03-Marshall-Robert-Morris,regular
sidearm-2017-09-03-Colgate-Princeton,2017-09-03,Colgate,Princeton,false,false,1,0,away,final,,https://goprincetontigers.com/sports/mens-soccer/stats/2017/colgate/boxscore/12417,,2017-09-03-Colgate-Princeton,regular
sidearm-2017-09-03-Penn-Bowling-Green,2017-09-03,Penn,Bowling Green,false,false,0,2,unknown,final,,https://pennathletics.com/sports/mens-soccer/stats/2017/monmouth/boxscore/8865,,2017-09-03-Bowling-Green-Penn,regular
sidearm-2017-09-03-Yale-Howard,2017-09-03,Yale,Howard,false,false,3,0,unknown,final,,https://yalebulldogs.com/sports/mens-soccer/stats/2017/howard/boxscore/3271,https://hubison.com/boxscore.aspx?id=12419,2017-09-03-Howard-Yale,regular
sidearm-2017-09-03-Canisius-Virginia-Military-Institute,2017-09-03,Canisius,VMI,false,false,5,0,unknown,final,,https://gogriffs.com/sports/mens-soccer/stats/2017/virginia-military-institute/boxscore/5570,https://vmikeydets.com/sports/mens-soccer/stats/2017/canisius/boxscore/3848,2017-09-03-Canisius-VMI,regular
sidearm-2017-09-03-Iona-Old-Dominion,2017-09-03,Iona,Old Dominion,false,false,1,1,home,final,https://odusports.com/sports/mens-soccer/schedule,https://ionagaels.com/sports/mens-soccer/stats/2017/old-dominion/boxscore/7841,https://odusports.com/boxscore/9197,2017-09-03-Iona-Old-Dominion,regular
sidearm-2017-09-03-Merrimack-College-Bentley-vs.-Caldwell,2017-09-03,Merrimack College,Bentley vs. Caldwell,false,false,,,unknown,scheduled,,,,2017-09-03-Bentley-vs.-Caldwell-Merrimack-College,regular
sidearm-2017-09-03-Merrimack-College-Molloy,2017-09-03,Merrimack College,Molloy,false,false,2,1,unknown,final,,https://merrimackathletics.com/sports/mens-soccer/stats/2017/molloy/boxscore/1903,,2017-09-03-Merrimack-College-Molloy,regular
sidearm-2017-09-03-Saint-Peter's-St.-Francis-Brooklyn,2017-09-03,Saint Peter's,St. Francis Brooklyn,false,false,2,3,unknown,final,,https://saintpeterspeacocks.com/sports/mens-soccer/stats/2017/st-francis-brooklyn/boxscore/878,,2017-09-03-Saint-Peter's-St.-Francis-Brooklyn,regular
sidearm-2017-09-03-Siena-George-Mason,2017-09-03,Siena,George Mason,false,false,2,2,unknown,final,,,,2017-09-03-George-Mason-Siena,regular
sidearm-2017-09-03-Drake-Denver,2017-09-03,Drake,Denver,false,false,0,2,home,final,,https://godrakebulldogs.com/sports/mens-soccer/stats/2017/denver/boxscore/7384,https://denverpioneers.com/sports/mens-soccer/stats/2017/drake/boxscore/2439,2017-09-03-Denver-Drake,regular
sidearm-2017-09-03-UIC-Eastern-Illinois,2017-09-03,UIC,Eastern Illinois,false,false,0,1,away,final,,https://uicflames.com/sports/mens-soccer/stats/2017/eastern-illinois/boxscore/10481,https://eiupanthers.com/sports/mens-soccer/stats/2017/uic/boxscore/6304,2017-09-03-Eastern-Illinois-UIC,regular
sidearm-2017-09-03-Air-Force-Furman,2017-09-03,Air Force,Furman,false,false,0,1,home,final,,https://furmanpaladins.com/sports/mens-soccer/stats/2017/air-force/boxscore/2422,,2017-09-03-Air-Force-Furman,regular
sidearm-2017-09-03-UC-Davis-CSU-Bakersfield,2017-09-03,UC Davis,CSU Bakersfield,false,false,2,1,unknown,final,,https://ucdavisaggies.com/sports/mens-soccer/stats/2017/csu-bakersfield/boxscore/3566,,2017-09-03-CSU-Bakersfield-UC-Davis,regular
sidearm-2017-09-03-Mercyhurst-Notre-Dame-College-(Ohio),2017-09-03,Mercyhurst,Notre Dame College (Ohio),false,false,2,1,unknown,final,,https://hurstathletics.com/sports/mens-soccer/stats/2017/notre-dame-college-ohio-/boxscore/9369,,2017-09-03-Mercyhurst-Notre-Dame-College-(Ohio),regular
sidearm-2017-09-03-New-Haven-Felician,2017-09-03,New Haven,Felician,false,false,1,2,unknown,final,,https://newhavenchargers.com/sports/mens-soccer/stats/2017/felician/boxscore/7601,,2017-09-03-Felician-New-Haven,regular
sidearm-2017-09-03-Houston-Christian-St.-Bonaventure,2017-09-03,Houston Christian,St. Bonaventure,false,false,2,1,unknown,final,,https://hcuhuskies.com/sports/mens-soccer/stats/2017/st-bonaventure/boxscore/3280,,2017-09-03-Houston-Christian-St.-Bonaventure,regular
sidearm-2017-09-03-Lindenwood-Quincy-University,2017-09-03,Lindenwood,Quincy University,false,false,0,1,unknown,final,,https://lindenwoodlions.com/sports/mens-soccer/stats/2017/quincy-university/boxscore/16158,,2017-09-03-Lindenwood-Quincy-University,regular
sidearm-2017-09-03-University-of-Southern-Indiana-Union-University-(Tenn.),2017-09-03,University of Southern Indiana,Union University (Tenn.),false,false,4,2,unknown,final,,https://gousieagles.com/sports/mens-soccer/stats/2017/union-university-tenn-/boxscore/3758,,2017-09-03-Union-University-(Tenn.)-University-of-Southern-Indiana,regular
sidearm-2017-09-03-Western-Illinois-Mount-Mercy,2017-09-03,Western Illinois,Mount Mercy,false,false,2,1,unknown,final,,https://goleathernecks.com/sports/mens-soccer/stats/2017/mount-mercy/boxscore/5923,,2017-09-03-Mount-Mercy-Western-Illinois,regular
sidearm-2017-09-03-UTRGV-Houston-Baptist-vs.-St.-Bonaventure,2017-09-03,UTRGV,Houston Baptist vs. St. Bonaventure,false,false,2,1,unknown,final,,,,2017-09-03-Houston-Baptist-vs.-St.-Bonaventure-UTRGV,regular
sidearm-2017-09-03-UTRGV-Omaha,2017-09-03,UTRGV,Omaha,false,true,1,0,away,final,,https://goutrgv.com/sports/mens-soccer/stats/2017/no-21-omaha/boxscore/24322,https://omavs.com/sports/mens-soccer/stats/2017/utrgv/boxscore/9801,2017-09-03-Omaha-UTRGV,regular
sidearm-2017-09-03-Gonzaga-American,2017-09-03,Gonzaga,American,false,false,4,0,home,final,,https://aueagles.com/sports/mens-soccer/stats/2017/gonzaga/boxscore/1612,,2017-09-03-American-Gonzaga,regular
sidearm-2017-09-03-UC-Riverside-Oregon-State,2017-09-03,UC Riverside,Oregon State,false,false,2,3,neutral,final,,https://osubeavers.com/sports/mens-soccer/stats/2017/uc-riverside/boxscore/9096,https://gohighlanders.com/sports/mens-soccer/stats/2017/oregon-state/boxscore/11450,2017-09-03-Oregon-State-UC-Riverside,regular
sidearm-2017-09-03-Boston-University-Haiti-National-Olympic-Team-(exh.),2017-09-03,Boston University,Haiti National Olympic Team,false,false,2,2,home,final,,https://goterriers.com/sports/mens-soccer/stats/2017/haiti-national-olympic-team-exh-/boxscore/7028,,2017-09-03-Boston-University-Haiti-National-Olympic-Team,exhibition
sidearm-2017-09-03-Holy-Cross-Delaware,2017-09-03,Holy Cross,Delaware,false,false,0,2,away,final,,,,2017-09-03-Delaware-Holy-Cross,regular
sidearm-2017-09-03-St.-Thomas-Claremont-M-S,2017-09-03,St. Thomas,Claremont-M-S,false,false,1,0,home,final,,https://tommiesports.com/sports/msoc/stats/2017/claremont-m-s/boxscore/4808,,2017-09-03-Claremont-M-S-St.-Thomas,regular
sidearm-2017-09-03-James-Madison-Pacific,2017-09-03,James Madison,Pacific,false,false,1,2,home,final,,https://jmusports.com/sports/mens-soccer/stats/2017/pacific/boxscore/13916,https://pacifictigers.com/sports/mens-soccer/stats/2017/james-madison/boxscore/1890,2017-09-03-James-Madison-Pacific,regular
sidearm-2017-09-04-Boston-College-Xavier,2017-09-04,Boston College,Xavier,true,false,2,3,home,final,,https://bceagles.com/sports/mens-soccer/stats/2017/xavier/boxscore/15102,https://goxavier.com/sports/mens-soccer/stats/2017/-22-boston-college/boxscore/6843,2017-09-04-Boston-College-Xavier,regular
wmt-2017-09-04-Clemson-Georgia-Southern,2017-09-04,Georgia Southern,Clemson,false,true,1,2,away,final,https://clemsontigers.com/sports/mens-soccer/schedule,https://clemsontigers.com/boxscore/3861,https://gseagles.com/sports/mens-soccer/stats/2017/clemson/boxscore/5096,2017-09-04-Clemson-Georgia-Southern,regular
sidearm-2017-09-04-UNCG-North-Carolina,2017-09-04,UNC Greensboro,North Carolina,false,false,1,2,away,final,,https://goheels.com/sports/mens-soccer/stats/2017/uncg/boxscore/15016,https://uncgspartans.com/sports/mens-soccer/stats/2017/north-carolina/boxscore/5115,2017-09-04-North-Carolina-UNC-Greensboro,regular
wmt-2017-09-04-UNC-Wilmington-Virginia,2017-09-04,Virginia,UNC Wilmington,false,false,2,1,home,final,https://virginiasports.com/sports/msoc/schedule,https://virginiasports.com/boxscore/5245,,2017-09-04-UNC-Wilmington-Virginia,regular
sidearm-2017-09-04-Bryant-Providence,2017-09-04,Bryant,Providence,false,false,0,3,home,final,,https://bryantbulldogs.com/sports/mens-soccer/stats/2017/providence/boxscore/7029,https://friars.com/sports/mens-soccer/stats/2017/bryant-university/boxscore/2522,2017-09-04-Bryant-Providence,regular
sidearm-2017-09-04-UMass-Lowell-Harvard,2017-09-04,UMass Lowell,Harvard,true,false,3,0,home,final,,https://goriverhawks.com/sports/mens-soccer/stats/2017/harvard/boxscore/5051,https://gocrimson.com/sports/mens-soccer/stats/2017/no-14-umass-lowell/boxscore/10870,2017-09-04-Harvard-UMass-Lowell,regular
sidearm-2017-09-04-SIUE-Memphis,2017-09-04,SIUE,Memphis,false,false,2,0,away,final,,https://gotigersgo.com/sports/mens-soccer/stats/2017/siue/boxscore/10721,,2017-09-04-Memphis-SIUE,regular
sidearm-2017-09-04-UAB-Missouri-State,2017-09-04,UAB,Missouri State,false,false,0,0,away,final,,https://missouristatebears.com/sports/mens-soccer/stats/2017/uab/boxscore/3493,https://uabsports.com/sports/mens-soccer/stats/2017/missouri-state/boxscore/3365,2017-09-04-Missouri-State-UAB,regular
sidearm-2017-09-04-Jacksonville-UCF,2017-09-04,Jacksonville,UCF,false,false,0,4,away,final,https://ucfknights.com/sports/mens-soccer/schedule,https://judolphins.com/sports/mens-soccer/stats/2017/ucf/boxscore/1803,https://ucfknights.com/boxscore/3226,2017-09-04-Jacksonville-UCF,regular
sidearm-2017-09-04-Fordham-Columbia,2017-09-04,Fordham,Columbia University,false,false,0,1,home,final,,https://fordhamsports.com/sports/mens-soccer/stats/2017/columbia/boxscore/6273,https://gocolumbialions.com/sports/mens-soccer/stats/2017/fordham/boxscore/7137,2017-09-04-Columbia-University-Fordham,regular
sidearm-2017-09-04-Georgetown-UCLA,2017-09-04,Georgetown,UCLA,false,false,1,0,away,final,https://uclabruins.com/sports/mens-soccer/schedule,https://uclabruins.com/boxscore/5166,,2017-09-04-Georgetown-UCLA,regular
sidearm-2017-09-04-Marquette-New-Mexico,2017-09-04,Marquette,New Mexico,false,false,1,4,home,final,,https://gomarquette.com/sports/mens-soccer/stats/2017/new-mexico/boxscore/2439,,2017-09-04-Marquette-New-Mexico,regular
sidearm-2017-09-04-Seton-Hall-Sacred-Heart,2017-09-04,Seton Hall,Sacred Heart,false,false,3,0,home,final,,https://shupirates.com/sports/mens-soccer/stats/2017/sacred-heart/boxscore/2753,https://sacredheartpioneers.com/sports/mens-soccer/stats/2017/seton-hall/boxscore/3425,2017-09-04-Sacred-Heart-Seton-Hall,regular
sidearm-2017-09-04-Maryland-Cal-Poly,2017-09-04,Maryland,Cal Poly,true,false,1,0,home,final,,https://umterps.com/sports/mens-soccer/stats/2017/cal-poly/boxscore/7472,https://gopoly.com/sports/mens-soccer/stats/2017/no-6-maryland/boxscore/1597,2017-09-04-Cal-Poly-Maryland,regular
sidearm-2017-09-04-Michigan-Dartmouth,2017-09-04,Michigan,Dartmouth College,false,false,1,0,home,final,,https://mgoblue.com/sports/mens-soccer/stats/2017/dartmouth/boxscore/10804,https://dartmouthsports.com/sports/mens-soccer/stats/2017/michigan/boxscore/8006,2017-09-04-Dartmouth-College-Michigan,regular
sidearm-2017-09-04-Michigan-State-Cleveland-State,2017-09-04,Michigan State,Cleveland State,true,false,1,0,home,final,,https://msuspartans.com/sports/mens-soccer/stats/2017/cleveland-state/boxscore/6267,https://csuvikings.com/sports/mens-soccer/stats/2017/no-13-michigan-state/boxscore/10103,2017-09-04-Cleveland-State-Michigan-State,regular
sidearm-2017-09-04-Ohio-State-Wright-State,2017-09-04,Ohio State,Wright State,false,false,2,0,home,final,,https://wsuraiders.com/sports/mens-soccer/stats/2017/ohio-state/boxscore/4214,,2017-09-04-Ohio-State-Wright-State,regular
sidearm-2017-09-04-Cal-State-Fullerton-Portland,2017-09-04,Cal State Fullerton,Portland,false,false,0,5,unknown,final,,https://fullertontitans.com/sports/mens-soccer/stats/2017/portland/boxscore/2758,https://portlandpilots.com/boxscore.aspx?id=13253,2017-09-04-Cal-State-Fullerton-Portland,regular
sidearm-2017-09-04-UC-Santa-Barbara-San-Diego-State,2017-09-04,UC Santa Barbara,San Diego State,false,false,1,3,home,final,https://goaztecs.com/sports/mens-soccer/schedule,https://ucsbgauchos.com/sports/mens-soccer/stats/2017/san-diego-state/boxscore/2141,,2017-09-04-San-Diego-State-UC-Santa-Barbara,regular
sidearm-2017-09-04-Monmouth-West-Virginia,2017-09-04,Monmouth,West Virginia,false,false,0,0,home,final,,https://monmouthhawks.com/sports/mens-soccer/stats/2017/west-virginia/boxscore/5060,https://wvusports.com/sports/mens-soccer/stats/2017/monmouth/boxscore/3957,2017-09-04-Monmouth-West-Virginia,regular
sidearm-2017-09-04-Milwaukee-Bradley,2017-09-04,Milwaukee,Bradley,false,false,2,0,home,final,,https://mkepanthers.com/sports/mens-soccer/stats/2017/bradley/boxscore/8854,,2017-09-04-Bradley-Milwaukee,regular
sidearm-2017-09-04-Fairfield-Lafayette,2017-09-04,Fairfield,Lafayette,false,false,2,1,unknown,final,,https://fairfieldstags.com/sports/mens-soccer/stats/2017/lafayette/boxscore/5394,https://goleopards.com/boxscore.aspx?id=13981,2017-09-04-Fairfield-Lafayette,regular
sidearm-2017-09-04-University-of-Evansville-Northern-Illinois,2017-09-04,University of Evansville,Northern Illinois,false,false,4,1,unknown,final,,https://gopurpleaces.com/sports/mens-soccer/stats/2017/northern-illinois/boxscore/8170,,2017-09-04-Northern-Illinois-University-of-Evansville,regular
sidearm-2017-09-04-Western-Michigan-University-of-Cincinnati,2017-09-04,Western Michigan,University of Cincinnati,false,false,2,0,unknown,final,,https://wmubroncos.com/sports/mens-soccer/stats/2017/university-of-cincinnati/boxscore/6718,,2017-09-04-University-of-Cincinnati-Western-Michigan,regular
sidearm-2017-09-04-Le-Moyne-College-Roberts-Wesleyan-College,2017-09-04,Le Moyne College,Roberts Wesleyan College,false,false,2,0,unknown,final,,https://lemoynedolphins.com/sports/mens-soccer/stats/2017/roberts-wesleyan-college/boxscore/9102,,2017-09-04-Le-Moyne-College-Roberts-Wesleyan-College,regular
sidearm-2017-09-04-Stonehill-College-Daemen-College,2017-09-04,Stonehill College,Daemen College,false,false,2,3,unknown,final,,https://stonehillskyhawks.com/sports/mens-soccer/stats/2017/daemen-college/boxscore/2231,,2017-09-04-Daemen-College-Stonehill-College,regular
sidearm-2017-09-04-Army-Fairleigh-Dickinson,2017-09-04,Army,Fairleigh Dickinson,false,false,1,2,home,final,,https://goarmywestpoint.com/sports/mens-soccer/stats/2017/fairleigh-dickinson/boxscore/9971,,2017-09-04-Army-Fairleigh-Dickinson,regular
sidearm-2017-09-04-Loyola-University-Maryland-Pittsburgh,2017-09-04,Loyola University Maryland,Pittsburgh,false,false,0,1,unknown,final,,https://loyolagreyhounds.com/sports/mens-soccer/stats/2017/pittsburgh/boxscore/4713,,2017-09-04-Loyola-University-Maryland-Pittsburgh,regular
sidearm-2017-09-05-Duke-Presbyterian,2017-09-05,Duke,Presbyterian,false,false,1,1,home,final,,https://goduke.com/sports/mens-soccer/stats/2017/presbyterian/boxscore/1170,,2017-09-05-Duke-Presbyterian,regular
sidearm-2017-09-05-Louisville-#19-KENTUCKY,2017-09-05,Louisville,Kentucky,false,true,2,2,home,final,https://ukathletics.com/sports/msoc/schedule/2017,https://gocards.com/sports/mens-soccer/stats/2017/kentucky/boxscore/13989,,2017-09-05-Kentucky-Louisville,regular
sidearm-2017-09-05-Wake-Forest-Georgia-State,2017-09-05,Wake Forest,Georgia State,true,false,1,2,home,final,,https://georgiastatesports.com/news/2017/9/5/211665605.aspx,,2017-09-05-Georgia-State-Wake-Forest,regular
sidearm-2017-09-05-New-Hampshire-Massachusetts,2017-09-05,New Hampshire,Massachusetts,false,false,3,0,home,final,,https://unhwildcats.com/sports/mens-soccer/stats/2017/massachusetts/boxscore/5482,,2017-09-05-Massachusetts-New-Hampshire,regular
sidearm-2017-09-05-Coastal-Carolina--Charlotte,2017-09-05,Coastal Carolina,Charlotte,false,false,3,2,away,final,,https://charlotte49ers.com/sports/mens-soccer/stats/2017/coastal-carolina/boxscore/7517,,2017-09-05-Charlotte-Coastal-Carolina,regular
sidearm-2017-09-05-ETSU-Lipscomb,2017-09-05,ETSU,Lipscomb,false,false,3,2,away,final,,https://lipscombsports.com/sports/mens-soccer/stats/2017/etsu/boxscore/7993,,2017-09-05-ETSU-Lipscomb,regular
sidearm-2017-09-05-South-Carolina-North-Florida,2017-09-05,South Carolina,North Florida,false,false,1,0,away,final,https://gamecocksonline.com/sports/msoc/schedule/2017,https://unfospreys.com/sports/mens-soccer/stats/2017/south-carolina/boxscore/12852,https://gamecocksonline.com/boxscore/north-florida-36/,2017-09-05-North-Florida-South-Carolina,regular
sidearm-2017-09-05-George-Washington-William-&-Mary,2017-09-05,George Washington,William & Mary,false,false,1,2,home,final,,https://gwsports.com/sports/mens-soccer/stats/2017/william-mary/boxscore/4129,https://tribeathletics.com/sports/mens-soccer/stats/2017/george-washington/boxscore/10074,2017-09-05-George-Washington-William-&-Mary,regular
sidearm-2017-09-05-St.-John's-Hofstra,2017-09-05,St. John's,Hofstra,false,false,0,0,home,final,,https://redstormsports.com/sports/mens-soccer/stats/2017/hofstra/boxscore/2664,https://gohofstra.com/sports/mens-soccer/stats/2017/st-johns-university/boxscore/7934,2017-09-05-Hofstra-St.-John's,regular
sidearm-2017-09-05-Gardner-Webb-Wofford,2017-09-05,Gardner-Webb,Wofford,false,false,5,1,home,final,,https://gwusports.com/sports/mens-soccer/stats/2017/wofford/boxscore/4853,https://athletics.wofford.edu/sports/mens-soccer/stats/2017/gardner-webb-university/boxscore/3946,2017-09-05-Gardner-Webb-Wofford,regular
sidearm-2017-09-05-Northern-Kentucky-Eastern-Illinois,2017-09-05,Northern Kentucky,Eastern Illinois,false,false,0,0,unknown,final,,https://nkunorse.com/sports/mens-soccer/stats/2017/eastern-illinois/boxscore/3994,https://eiupanthers.com/sports/mens-soccer/stats/2017/northern-kentucky/boxscore/6305,2017-09-05-Eastern-Illinois-Northern-Kentucky,regular
sidearm-2017-09-05-Lindenwood-Rockhurst-University,2017-09-05,Lindenwood,Rockhurst University,false,true,0,4,unknown,final,,https://lindenwoodlions.com/sports/mens-soccer/stats/2017/-14-rockhurst-university/boxscore/16159,,2017-09-05-Lindenwood-Rockhurst-University,regular
sidearm-2017-09-05-Albany-Boston-University,2017-09-05,Albany,Boston University,false,false,3,0,away,final,,https://goterriers.com/sports/mens-soccer/stats/2017/albany/boxscore/8092,,2017-09-05-Albany-Boston-University,regular
sidearm-2017-09-05-St.-Thomas-University-of-Northwestern-(MN),2017-09-05,St. Thomas,Northwestern,false,false,6,0,home,final,,https://tommiesports.com/sports/msoc/stats/2017/university-of-northwestern-mn-/boxscore/4809,,2017-09-05-Northwestern-St.-Thomas,regular
sidearm-2017-09-05-#24-New-Hampshire-UMass,2017-09-05,New Hampshire,UMass,true,false,3,0,away,final,,https://umassathletics.com/sports/mens-soccer/stats/2017/new-hampshire/boxscore/10333,,2017-09-05-New-Hampshire-UMass,regular
sidearm-2017-09-06-NJIT-LIU-Brooklyn,2017-09-06,NJIT,LIU Brooklyn,false,false,1,0,unknown,final,,https://njithighlanders.com/sports/mens-soccer/stats/2017/liu-brooklyn/boxscore/5904,,2017-09-06-LIU-Brooklyn-NJIT,regular
sidearm-2017-09-06-Queens-University-of-North-Georgia,2017-09-06,Queens,University of North Georgia,false,false,0,1,unknown,final,,https://queensathletics.com/sports/mens-soccer/stats/2017/university-of-north-georgia/boxscore/6066,,2017-09-06-Queens-University-of-North-Georgia,regular
sidearm-2017-09-06-UNC-Asheville-Davidson-College,2017-09-06,UNC Asheville,Davidson College,false,false,2,3,away,final,,https://davidsonwildcats.com/sports/mens-soccer/stats/2017/unc-asheville/boxscore/5091,https://uncabulldogs.com/sports/mens-soccer/stats/2017/davidson/boxscore/3675,2017-09-06-Davidson-College-UNC-Asheville,regular
sidearm-2017-09-06-Saint-Joseph's-Manhattan,2017-09-06,Saint Joseph's,Manhattan,false,false,2,1,unknown,final,,https://sjuhawks.com/sports/mens-soccer/stats/2017/manhattan/boxscore/2536,https://gojaspers.com/sports/mens-soccer/stats/2017/saint-joseph-s/boxscore/5067,2017-09-06-Manhattan-Saint-Joseph's,regular
sidearm-2017-09-06-Villanova-Delaware,2017-09-06,Villanova,Delaware,false,false,2,1,away,final,,https://villanova.com/sports/mens-soccer/stats/2017/delaware/boxscore/4092,,2017-09-06-Delaware-Villanova,regular
sidearm-2017-09-06-Stony-Brook-CCSU,2017-09-06,Stony Brook,CCSU,false,false,2,1,unknown,final,,https://stonybrookathletics.com/sports/mens-soccer/stats/2017/ccsu/boxscore/7764,,2017-09-06-CCSU-Stony-Brook,regular
sidearm-2017-09-06-Yale-Hartford,2017-09-06,Yale,Hartford,false,false,1,0,unknown,final,,https://yalebulldogs.com/sports/mens-soccer/stats/2017/hartford/boxscore/3272,,2017-09-06-Hartford-Yale,regular
sidearm-2017-09-06-Siena-Holy-Cross,2017-09-06,Siena,Holy Cross,false,false,0,0,unknown,final,,,,2017-09-06-Holy-Cross-Siena,regular
sidearm-2017-09-06-Howard-St.-Francis-College-Brooklyn,2017-09-06,Howard,St. Francis College Brooklyn,false,false,0,1,unknown,final,,https://hubison.com/boxscore.aspx?id=12419,,2017-09-06-Howard-St.-Francis-College-Brooklyn,regular
sidearm-2017-09-06-New-Haven-Georgian-Court,2017-09-06,New Haven,Georgian Court,false,false,0,1,unknown,final,,https://newhavenchargers.com/sports/mens-soccer/stats/2017/georgian-court/boxscore/7602,,2017-09-06-Georgian-Court-New-Haven,regular
sidearm-2017-09-07-SMU-Stanford,2017-09-07,SMU,Stanford,false,true,1,3,home,final,https://gostanford.com/sports/mens-soccer/schedule,https://smumustangs.com/sports/mens-soccer/stats/2017/no-1-stanford/boxscore/7679,https://gostanford.com/boxscore/7167,2017-09-07-SMU-Stanford,regular
sidearm-2017-09-07-Bryant-Rhode-Island,2017-09-07,Bryant,Rhode Island,false,false,0,4,unknown,final,,https://bryantbulldogs.com/sports/mens-soccer/stats/2017/rhode-island/boxscore/7030,https://gorhody.com/sports/mens-soccer/stats/2017/bryant/boxscore/2806,2017-09-07-Bryant-Rhode-Island,regular
sidearm-2017-09-07-Santa-Clara--Tulsa,2017-09-07,Santa Clara,Tulsa,false,false,2,3,away,final,,https://tulsahurricane.com/sports/mens-soccer/stats/2017/santa-clara/boxscore/8321,https://santaclarabroncos.com/sports/mens-soccer/stats/2017/tulsa/boxscore/2681,2017-09-07-Santa-Clara-Tulsa,regular
sidearm-2017-09-07-Princeton-Seton-Hall,2017-09-07,Princeton,Seton Hall,false,false,3,4,away,final,,https://shupirates.com/sports/mens-soccer/stats/2017/princeton/boxscore/2754,https://goprincetontigers.com/sports/mens-soccer/stats/2017/seton-hall/boxscore/12418,2017-09-07-Princeton-Seton-Hall,regular
sidearm-2017-09-07-Washington-Gonzaga,2017-09-07,Washington,Gonzaga,false,false,3,0,home,final,,https://gohuskies.com/sports/mens-soccer/stats/2017/gonzaga/boxscore/13162,,2017-09-07-Gonzaga-Washington,regular
sidearm-2017-09-07-Marist-American-University,2017-09-07,Marist,American,false,false,3,0,unknown,final,,https://goredfoxes.com/sports/mens-soccer/stats/2017/american-university/boxscore/8257,https://aueagles.com/sports/mens-soccer/stats/2017/marist/boxscore/1613,2017-09-07-American-Marist,regular
sidearm-2017-09-07-Merrimack-College-LIU-Post-(at-Bridgeport),2017-09-07,Merrimack College,LIU Post (at Bridgeport),false,true,0,1,unknown,final,,https://merrimackathletics.com/sports/mens-soccer/stats/2017/-9-liu-post-at-bridgeport-/boxscore/1904,,2017-09-07-LIU-Post-(at-Bridgeport)-Merrimack-College,regular
sidearm-2017-09-07-University-of-Evansville-Grand-Canyon,2017-09-07,University of Evansville,Grand Canyon,false,false,0,1,home,final,,https://gopurpleaces.com/sports/mens-soccer/stats/2017/grand-canyon/boxscore/8171,https://gculopes.com/sports/mens-soccer/stats/2017/evansville/boxscore/9359,2017-09-07-Grand-Canyon-University-of-Evansville,regular
wmt-2017-09-07-Saint-Mary's-San-Jose-State,2017-09-07,San Jose State,Saint Mary's,false,false,2,0,home,final,https://sjsuspartans.com/sports/mens-soccer/schedule,https://sjsuspartans.com/documents/2018/8/6/1151__m_soccer_2017_18_box_score__stats_20170908aaa.pdf,,2017-09-07-Saint-Mary's-San-Jose-State,regular
sidearm-2017-09-07-Stonehill-College-Roberts-Wesleyan-College,2017-09-07,Stonehill College,Roberts Wesleyan College,false,false,2,1,unknown,final,,https://stonehillskyhawks.com/sports/mens-soccer/stats/2017/roberts-wesleyan-college/boxscore/2232,,2017-09-07-Roberts-Wesleyan-College-Stonehill-College,regular
sidearm-2017-09-07-Sonoma-State-California-Baptist,2017-09-07,Sonoma State,California Baptist,false,false,1,1,away,final,,https://cbulancers.com/sports/mens-soccer/stats/2017/sonoma-state/boxscore/7944,,2017-09-07-California-Baptist-Sonoma-State,regular
sidearm-2017-09-07-UC-San-Diego-Azusa-Pacific,2017-09-07,UC San Diego,Azusa Pacific,false,false,2,1,unknown,final,,https://ucsdtritons.com/sports/mens-soccer/stats/2017/azusa-pacific/boxscore/6149,,2017-09-07-Azusa-Pacific-UC-San-Diego,regular
sidearm-2017-09-07-Seattle-Mercer,2017-09-07,Seattle,Mercer,false,false,2,1,away,final,https://goseattleu.com/sports/mens-soccer/schedule,https://mercerbears.com/sports/mens-soccer/stats/2017/seattle/boxscore/3879,https://goseattleu.com/boxscore/2247,2017-09-07-Mercer-Seattle,regular
sidearm-2017-09-07-Oral-Roberts-Bacone-College,2017-09-07,Oral Roberts,Bacone College,false,false,4,2,unknown,final,,https://oruathletics.com/sports/mens-soccer/stats/2017/bacone-college/boxscore/2092,,2017-09-07-Bacone-College-Oral-Roberts,regular
sidearm-2017-09-08-Boston-College-No.-6-Notre-Dame,2017-09-08,Boston College,Notre Dame,false,true,1,3,home,final,,https://bceagles.com/sports/mens-soccer/stats/2017/notre-dame/boxscore/15103,,2017-09-08-Boston-College-Notre-Dame,regular
wmt-2017-09-08-Clemson-NC-State,2017-09-08,NC State,Clemson,false,true,1,0,away,final,https://clemsontigers.com/sports/mens-soccer/schedule,https://clemsontigers.com/boxscore/3848,https://gopack.com/sports/mens-soccer/stats/2017/-3-5-clemson/boxscore/11359,2017-09-08-Clemson-NC-State,regular
sidearm-2017-09-08-Duke-Virginia-Tech,2017-09-08,Duke,Virginia Tech,false,false,3,1,home,final,https://hokiesports.com/sports/mens-soccer/schedule,https://goduke.com/sports/mens-soccer/stats/2017/virginia-tech/boxscore/1171,https://hokiesports.com/boxscore/10280,2017-09-08-Duke-Virginia-Tech,regular
wmt-2017-09-08-#RV-Boston-College-Notre-Dame,2017-09-08,#RV Boston College,Notre Dame,false,false,1,3,away,final,https://fightingirish.com/sports/msoc/schedule,https://fightingirish.com/boxscore/12756,,2017-09-08-#RV-Boston-College-Notre-Dame,regular
sidearm-2017-09-08-Virginia-Syracuse,2017-09-08,Virginia,Syracuse,false,false,2,2,away,final,https://virginiasports.com/sports/msoc/schedule,https://cuse.com/sports/mens-soccer/stats/2017/virginia/boxscore/7946,https://virginiasports.com/boxscore/5229,2017-09-08-Syracuse-Virginia,regular
sidearm-2017-09-08-Binghamton-George-Mason-University,2017-09-08,Binghamton,George Mason,false,false,3,4,unknown,final,,https://bubearcats.com/boxscore.aspx?id=15684,,2017-09-08-Binghamton-George-Mason,regular
sidearm-2017-09-08-FIU-Old-Dominion,2017-09-08,FIU,Old Dominion,false,false,,,unknown,postponed,,,,2017-09-08-FIU-Old-Dominion,regular
sidearm-2017-09-08-UMKC-Memphis,2017-09-08,Kansas City,Memphis,false,false,1,1,away,final,,https://gotigersgo.com/sports/mens-soccer/stats/2017/umkc/boxscore/10722,,2017-09-08-Kansas-City-Memphis,regular
sidearm-2017-09-08-Creighton-South-Florida,2017-09-08,Creighton,South Florida,false,false,2,0,away,final,,https://gousfbulls.com/sports/mens-soccer/stats/2017/creighton/boxscore/10131,https://gocreighton.com/sports/mens-soccer/stats/2017/south-florida/boxscore/8758,2017-09-08-Creighton-South-Florida,regular
sidearm-2017-09-08-Kentucky-UAB,2017-09-08,Kentucky,UAB,false,false,1,0,away,final,,https://uabsports.com/sports/mens-soccer/stats/2017/kentucky/boxscore/3366,,2017-09-08-Kentucky-UAB,regular
sidearm-2017-09-08-Bellarmine-Maryville-University,2017-09-08,Bellarmine,Maryville University,false,false,0,5,unknown,final,,https://athletics.bellarmine.edu/sports/mens-soccer/stats/2017/maryville-university/boxscore/4687,,2017-09-08-Bellarmine-Maryville-University,regular
sidearm-2017-09-08-Central-Arkansas-University-of-Dayton,2017-09-08,Central Arkansas,Dayton,false,false,1,2,unknown,final,,https://ucasports.com/sports/mens-soccer/stats/2017/university-of-dayton/boxscore/2994,https://daytonflyers.com/sports/mens-soccer/stats/2017/central-arkansas/boxscore/6589,2017-09-08-Central-Arkansas-Dayton,regular
sidearm-2017-09-08-Stetson-Northern-Illinois,2017-09-08,Stetson,Northern Illinois,false,false,1,2,unknown,final,,https://gohatters.com/sports/mens-soccer/stats/2017/northern-illinois/boxscore/5440,,2017-09-08-Northern-Illinois-Stetson,regular
sidearm-2017-09-08-Fordham-Lafayette,2017-09-08,Fordham,Lafayette,false,false,4,0,home,final,,https://fordhamsports.com/sports/mens-soccer/stats/2017/lafayette/boxscore/6274,https://goleopards.com/boxscore.aspx?id=13981,2017-09-08-Fordham-Lafayette,regular
sidearm-2017-09-08-Loyola-Chicago-UTRGV,2017-09-08,Loyola Chicago,UTRGV,false,false,0,1,unknown,final,,https://loyolaramblers.com/sports/mens-soccer/stats/2017/utrgv/boxscore/4138,https://goutrgv.com/sports/mens-soccer/stats/2017/loyola-university-chicago/boxscore/24323,2017-09-08-Loyola-Chicago-UTRGV,regular
sidearm-2017-09-08-St.-Bonaventure-Canisius,2017-09-08,St. Bonaventure,Canisius,false,false,2,0,away,final,,https://gobonnies.com/sports/mens-soccer/stats/2017/canisius/boxscore/1835,https://gogriffs.com/sports/mens-soccer/stats/2017/st-bonaventure/boxscore/5571,2017-09-08-Canisius-St.-Bonaventure,regular
sidearm-2017-09-08-Butler-Western-Michigan,2017-09-08,Butler,Western Michigan,false,false,2,3,away,final,,https://butlersports.com/sports/mens-soccer/stats/2017/western-michigan/boxscore/5288,https://wmubroncos.com/sports/mens-soccer/stats/2017/butler-university/boxscore/6719,2017-09-08-Butler-Western-Michigan,regular
sidearm-2017-09-08-DePaul-Drake-University,2017-09-08,DePaul,Drake,false,false,3,1,home,final,,https://godrakebulldogs.com/sports/mens-soccer/stats/2017/depaul/boxscore/7385,,2017-09-08-DePaul-Drake,regular
sidearm-2017-09-08-Cincinnati-Xavier,2017-09-08,Cincinnati,Xavier,false,false,1,1,away,final,,https://goxavier.com/sports/mens-soccer/stats/2017/cincinnati/boxscore/6844,,2017-09-08-Cincinnati-Xavier,regular
sidearm-2017-09-08-Jacksonville-Gardner-Webb,2017-09-08,Jacksonville,Gardner-Webb,false,false,,,neutral,scheduled,,,,2017-09-08-Gardner-Webb-Jacksonville,regular
sidearm-2017-09-08-High-Point-Elon,2017-09-08,High Point,Elon,false,false,0,3,unknown,final,,https://highpointpanthers.com/boxscore.aspx?id=16293,,2017-09-08-Elon-High-Point,regular
sidearm-2017-09-08-Longwood-UNCW,2017-09-08,Longwood,UNC Wilmington,false,false,0,2,unknown,final,,https://longwoodlancers.com/sports/mens-soccer/stats/2017/uncw/boxscore/5816,,2017-09-08-Longwood-UNC-Wilmington,regular
sidearm-2017-09-08-#2-Maryland-Indiana,2017-09-08,Maryland,Indiana,true,false,0,0,away,final,,https://iuhoosiers.com/sports/mens-soccer/stats/2017/maryland/boxscore/12359,https://umterps.com/sports/mens-soccer/stats/2017/indiana/boxscore/7473,2017-09-08-Indiana-Maryland,regular
sidearm-2017-09-08-Michigan-Wisconsin,2017-09-08,Michigan,Wisconsin,false,false,2,1,home,final,,https://mgoblue.com/sports/mens-soccer/stats/2017/wisconsin/boxscore/10805,https://uwbadgers.com/sports/mens-soccer/stats/2017/michigan/boxscore/8512,2017-09-08-Michigan-Wisconsin,regular
sidearm-2017-09-08-Rutgers-Michigan-State,2017-09-08,Rutgers,Michigan State,false,true,1,2,away,final,,https://msuspartans.com/sports/mens-soccer/stats/2017/rutgers/boxscore/6268,https://scarletknights.com/sports/mens-soccer/stats/2017/michigan-state/boxscore/4638,2017-09-08-Michigan-State-Rutgers,regular
wmt-2017-09-08-Northwestern-Ohio-State,2017-09-08,Northwestern,Ohio State,false,false,0,1,home,final,https://nusports.com/sports/mens-soccer/schedule,https://nusports.com/boxscore/5148,https://ohiostatebuckeyes.com/sports/mens-soccer/stats/2017/northwestern/boxscore/10129,2017-09-08-Northwestern-Ohio-State,regular
wmt-2017-09-08-Penn-State-Saint-Francis,2017-09-08,Penn State,Saint Francis,false,false,1,0,home,final,https://gopsusports.com/sports/mens-soccer/schedule,https://gopsusports.com/boxscore/6091,,2017-09-08-Penn-State-Saint-Francis,regular
sidearm-2017-09-08-Cal-State-Fullerton-Utah-Valley,2017-09-08,Cal State Fullerton,Utah Valley,false,false,0,2,home,final,,https://fullertontitans.com/sports/mens-soccer/stats/2017/utah-valley/boxscore/2759,https://wolverinegreen.com/sports/mens-soccer/stats/2017/cal-state-fullerton/boxscore/6034,2017-09-08-Cal-State-Fullerton-Utah-Valley,regular
sidearm-2017-09-08-Sacramento-State-San-Diego,2017-09-08,Sacramento State,San Diego,false,false,0,2,unknown,final,,https://hornetsports.com/sports/mens-soccer/stats/2017/san-diego/boxscore/1870,,2017-09-08-Sacramento-State-San-Diego,regular
sidearm-2017-09-08-Denver-UC-Irvine,2017-09-08,Denver,UC Irvine,false,false,0,1,neutral,final,,https://ucirvinesports.com/sports/mens-soccer/stats/2017/denver/boxscore/4699,https://denverpioneers.com/sports/mens-soccer/stats/2017/uc-irvine/boxscore/2440,2017-09-08-Denver-UC-Irvine,regular
sidearm-2017-09-08-Liberty-Purdue-Fort-Wayne,2017-09-08,Liberty,Purdue Fort Wayne,false,false,1,1,neutral,final,,https://gomastodons.com/sports/mens-soccer/stats/2017/liberty/boxscore/11333,,2017-09-08-Liberty-Purdue-Fort-Wayne,regular
sidearm-2017-09-08-Robert-Morris-Niagara,2017-09-08,Robert Morris,Niagara,false,false,1,2,unknown,final,,https://rmucolonials.com/sports/mens-soccer/stats/2017/niagara/boxscore/5563,,2017-09-08-Niagara-Robert-Morris,regular
sidearm-2017-09-08-Brown-Quinnipiac,2017-09-08,Brown,Quinnipiac,false,false,2,0,home,final,,https://brownbears.com/sports/mens-soccer/stats/2017/quinnipiac/boxscore/2359,https://gobobcats.com/sports/mens-soccer/stats/2017/brown/boxscore/8289,2017-09-08-Brown-Quinnipiac,regular
sidearm-2017-09-08-Cornell-Lehigh-University,2017-09-08,Cornell,Lehigh,false,false,1,2,away,final,,https://cornellbigred.com/sports/mens-soccer/stats/2017/lehigh-university/boxscore/24083,https://lehighsports.com/sports/mens-soccer/stats/2017/cornell/boxscore/10532,2017-09-08-Cornell-Lehigh,regular
sidearm-2017-09-08-Fairfield-Hartwick,2017-09-08,Fairfield,Hartwick,false,false,1,2,unknown,final,,https://fairfieldstags.com/sports/mens-soccer/stats/2017/hartwick/boxscore/5395,,2017-09-08-Fairfield-Hartwick,regular
sidearm-2017-09-08-UC-Davis-Loyola-Marymount,2017-09-08,UC Davis,Loyola Marymount,false,false,3,2,unknown,final,,https://ucdavisaggies.com/sports/mens-soccer/stats/2017/loyola-marymount/boxscore/3567,,2017-09-08-Loyola-Marymount-UC-Davis,regular
sidearm-2017-09-08-UNLV-Alumni-Game,2017-09-08,UNLV,Alumni Game,false,false,,,unknown,scheduled,,,,2017-09-08-Alumni-Game-UNLV,regular
sidearm-2017-09-08-UNLV-Pacific,2017-09-08,UNLV,Pacific,false,false,0,3,unknown,final,,https://pacifictigers.com/sports/mens-soccer/stats/2017/unlv/boxscore/1891,,2017-09-08-Pacific-UNLV,regular
sidearm-2017-09-08-Houston-Christian-Georgia-Southern,2017-09-08,Houston Christian,Georgia Southern,false,false,0,1,unknown,final,,https://hcuhuskies.com/sports/mens-soccer/stats/2017/georgia-southern/boxscore/3281,,2017-09-08-Georgia-Southern-Houston-Christian,regular
sidearm-2017-09-08-University-of-Southern-Indiana-University-of-Missouri---St.-Louis,2017-09-08,University of Southern Indiana,University of Missouri - St. Louis,false,false,0,2,unknown,final,,https://gousieagles.com/sports/mens-soccer/stats/2017/university-of-missouri-st-louis/boxscore/3759,,2017-09-08-University-of-Missouri---St.-Louis-University-of-Southern-Indiana,regular
sidearm-2017-09-08-Colgate-Oregon-State,2017-09-08,Colgate,Oregon State,false,false,1,0,away,final,,https://osubeavers.com/sports/mens-soccer/stats/2017/colgate/boxscore/9098,,2017-09-08-Colgate-Oregon-State,regular
wmt-2017-09-08-San-Diego-State-San-Francisco,2017-09-08,San Diego State,San Francisco,false,false,1,2,home,final,https://goaztecs.com/sports/mens-soccer/schedule,https://usfdons.com/sports/mens-soccer/stats/2017/san-diego-state/boxscore/4665,,2017-09-08-San-Diego-State-San-Francisco,regular
sidearm-2017-09-08-#17-Omaha-UC-Riverside,2017-09-08,Omaha,UC Riverside,true,false,1,0,away,final,,https://gohighlanders.com/sports/mens-soccer/stats/2017/omaha/boxscore/11452,https://omavs.com/sports/mens-soccer/stats/2017/uc-riverside/boxscore/9802,2017-09-08-Omaha-UC-Riverside,regular
sidearm-2017-09-08-Fort-Wayne-Liberty,2017-09-08,Fort Wayne,Liberty,false,false,1,1,neutral,final,,https://libertyflames.com/sports/mens-soccer/stats/2017/fort-wayne/boxscore/10950,,2017-09-08-Fort-Wayne-Liberty,regular
sidearm-2017-09-08-Capital-St.-Thomas,2017-09-08,Capital,St. Thomas,false,false,2,0,away,final,,https://tommiesports.com/sports/msoc/stats/2017/capital/boxscore/4810,,2017-09-08-Capital-St.-Thomas,regular
sidearm-2017-09-08-Georgia-Southern-Houston-Baptist,2017-09-08,Georgia Southern,Houston Baptist,false,false,1,0,home,final,,https://gseagles.com/sports/mens-soccer/stats/2017/houston-baptist/boxscore/5097,,2017-09-08-Georgia-Southern-Houston-Baptist,regular
wmtwp-2017-09-08-Kentucky-University-of-Alabama-Birmingham,2017-09-08,Kentucky,University of Alabama-Birmingham,false,false,1,0,home,final,https://ukathletics.com/sports/msoc/schedule/2017,,,2017-09-08-Kentucky-University-of-Alabama-Birmingham,regular
sidearm-2017-09-09-Portland-California,2017-09-09,Portland,California,false,false,1,2,away,final,,https://calbears.com/sports/mens-soccer/stats/2017/portland/boxscore/16960,https://portlandpilots.com/boxscore.aspx?id=13253,2017-09-09-California-Portland,regular
sidearm-2017-09-09-Louisville-#2-WAKE-FOREST,2017-09-09,Louisville,Wake Forest,false,true,1,3,home,final,,https://gocards.com/sports/mens-soccer/stats/2017/wake-forest/boxscore/13990,,2017-09-09-Louisville-Wake-Forest,regular
sidearm-2017-09-09-SMU-Santa-Clara,2017-09-09,SMU,Santa Clara,false,false,1,0,unknown,final,,https://smumustangs.com/sports/mens-soccer/stats/2017/santa-clara/boxscore/7680,https://santaclarabroncos.com/sports/mens-soccer/stats/2017/smu/boxscore/2682,2017-09-09-SMU-Santa-Clara,regular
wmt-2017-09-09-Stanford-Tulsa,2017-09-09,Stanford,Tulsa,false,false,0,2,home,final,https://gostanford.com/sports/mens-soccer/schedule,https://gostanford.com/boxscore/7168,https://tulsahurricane.com/sports/mens-soccer/stats/2017/stanford/boxscore/8322,2017-09-09-Stanford-Tulsa,regular
sidearm-2017-09-09-Pitt-North-Carolina,2017-09-09,Pittsburgh,North Carolina,false,false,1,2,away,final,,https://goheels.com/sports/mens-soccer/stats/2017/pitt/boxscore/15017,,2017-09-09-North-Carolina-Pittsburgh,regular
sidearm-2017-09-09-New-Hampshire-Columbia,2017-09-09,New Hampshire,Columbia University,false,false,1,1,home,final,,https://unhwildcats.com/sports/mens-soccer/stats/2017/columbia/boxscore/5483,https://gocolumbialions.com/sports/mens-soccer/stats/2017/new-hampshire/boxscore/7138,2017-09-09-Columbia-University-New-Hampshire,regular
sidearm-2017-09-09-NJIT-St.-Francis-Brooklyn,2017-09-09,NJIT,St. Francis Brooklyn,false,false,3,0,unknown,final,,https://njithighlanders.com/sports/mens-soccer/stats/2017/st-francis-brooklyn/boxscore/5905,,2017-09-09-NJIT-St.-Francis-Brooklyn,regular
sidearm-2017-09-09-Northeastern-UMass-Lowell,2017-09-09,Northeastern,UMass Lowell,false,true,2,1,away,final,,https://goriverhawks.com/sports/mens-soccer/stats/2017/northeastern/boxscore/5052,https://nuhuskies.com/sports/mens-soccer/stats/2017/no-12-umass-lowell/boxscore/7569,2017-09-09-Northeastern-UMass-Lowell,regular
sidearm-2017-09-09-UMBC-Monmouth,2017-09-09,UMBC,Monmouth,false,false,2,1,unknown,final,,https://umbcretrievers.com/sports/mens-soccer/stats/2017/monmouth/boxscore/2033,https://monmouthhawks.com/sports/mens-soccer/stats/2017/umbc/boxscore/5061,2017-09-09-Monmouth-UMBC,regular
sidearm-2017-09-09-Vermont-Yale,2017-09-09,Vermont,Yale,false,false,1,0,unknown,final,,https://uvmathletics.com/sports/mens-soccer/stats/2017/yale/boxscore/2536,https://yalebulldogs.com/sports/mens-soccer/stats/2017/vermont/boxscore/3273,2017-09-09-Vermont-Yale,regular
sidearm-2017-09-09-Charlotte-Marshall-,2017-09-09,Charlotte,Marshall,false,false,1,0,home,final,,https://charlotte49ers.com/sports/mens-soccer/stats/2017/marshall/boxscore/7518,,2017-09-09-Charlotte-Marshall,regular
sidearm-2017-09-09-South-Carolina-FAU,2017-09-09,South Carolina,FAU,false,false,1,2,away,final,https://gamecocksonline.com/sports/msoc/schedule/2017,https://fausports.com/sports/mens-soccer/stats/2017/south-carolina/boxscore/3640,https://gamecocksonline.com/boxscore/florida-atlantic-27/,2017-09-09-FAU-South-Carolina,regular
sidearm-2017-09-09-St.-John's-Temple-University,2017-09-09,St. John's,Temple University,false,false,2,0,away,final,,https://owlsports.com/sports/mens-soccer/stats/2017/st-john-s/boxscore/6580,https://redstormsports.com/sports/mens-soccer/stats/2017/temple/boxscore/2665,2017-09-09-St.-John's-Temple-University,regular
sidearm-2017-09-09-Lipscomb-Georgia-State,2017-09-09,Lipscomb,Georgia State,false,false,1,0,home,final,,https://lipscombsports.com/sports/mens-soccer/stats/2017/georgia-state/boxscore/7994,https://georgiastatesports.com/news/2017/9/9/211666541.aspx,2017-09-09-Georgia-State-Lipscomb,regular
sidearm-2017-09-09-Queens-Flagler-College,2017-09-09,Queens,Flagler College,false,false,4,1,unknown,final,,https://queensathletics.com/sports/mens-soccer/stats/2017/flagler-college/boxscore/6068,,2017-09-09-Flagler-College-Queens,regular
sidearm-2017-09-09-Davidson-College-WINTHROP,2017-09-09,Davidson College,Winthrop,false,false,2,1,home,final,,https://davidsonwildcats.com/sports/mens-soccer/stats/2017/winthrop/boxscore/5092,https://winthropeagles.com/sports/mens-soccer/stats/2017/davidson-college/boxscore/19331,2017-09-09-Davidson-College-Winthrop,regular
sidearm-2017-09-09-Duquesne-Bucknell,2017-09-09,Duquesne,Bucknell,false,false,0,2,unknown,final,,https://goduquesne.com/sports/mens-soccer/stats/2017/bucknell/boxscore/1762,,2017-09-09-Bucknell-Duquesne,regular
sidearm-2017-09-09-La-Salle-Rider,2017-09-09,La Salle,Rider University,false,false,1,2,home,final,,https://goexplorers.com/sports/mens-soccer/stats/2017/rider/boxscore/6796,https://gobroncs.com/sports/mens-soccer/stats/2017/la-salle-university/boxscore/4346,2017-09-09-La-Salle-Rider-University,regular
sidearm-2017-09-09-Saint-Joseph's-VMI,2017-09-09,Saint Joseph's,VMI,false,false,0,0,unknown,final,,https://sjuhawks.com/sports/mens-soccer/stats/2017/vmi/boxscore/2542,https://vmikeydets.com/sports/mens-soccer/stats/2017/saint-joseph-s/boxscore/3851,2017-09-09-Saint-Joseph's-VMI,regular
sidearm-2017-09-09-Saint-Louis-Marquette,2017-09-09,Saint Louis,Marquette,false,false,1,0,home,final,,https://slubillikens.com/sports/mens-soccer/stats/2017/marquette/boxscore/6535,https://gomarquette.com/sports/mens-soccer/stats/2017/saint-louis/boxscore/2440,2017-09-09-Marquette-Saint-Louis,regular
sidearm-2017-09-09-Santa-Barbara-Akron,2017-09-09,Santa Barbara,Akron,false,false,1,3,away,final,,https://gozips.com/sports/mens-soccer/stats/2017/santa-barbara/boxscore/5242,,2017-09-09-Akron-Santa-Barbara,regular
sidearm-2017-09-09-Georgetown-UConn,2017-09-09,Georgetown,UConn,false,false,1,1,away,final,,,,2017-09-09-Georgetown-UConn,regular
sidearm-2017-09-09-Providence-Harvard,2017-09-09,Providence,Harvard,false,false,1,2,home,final,,https://friars.com/sports/mens-soccer/stats/2017/harvard/boxscore/2523,https://gocrimson.com/sports/mens-soccer/stats/2017/providence/boxscore/10871,2017-09-09-Harvard-Providence,regular
sidearm-2017-09-09-Villanova-Loyola-Maryland,2017-09-09,Villanova,Loyola Maryland,false,false,0,1,unknown,final,,https://villanova.com/sports/mens-soccer/stats/2017/loyola-maryland/boxscore/4093,,2017-09-09-Loyola-Maryland-Villanova,regular
sidearm-2017-09-09-Presbyterian-UNCG,2017-09-09,Presbyterian,UNC Greensboro,false,false,1,0,unknown,final,,https://uncgspartans.com/sports/mens-soccer/stats/2017/presbyterian/boxscore/5116,,2017-09-09-Presbyterian-UNC-Greensboro,regular
sidearm-2017-09-09-Radford-Coastal-Carolina,2017-09-09,Radford,Coastal Carolina,false,false,2,1,home,final,,https://radfordathletics.com/sports/mens-soccer/stats/2017/coastal-carolina/boxscore/8715,,2017-09-09-Coastal-Carolina-Radford,regular
sidearm-2017-09-09-USC-Upstate-Wofford,2017-09-09,USC Upstate,Wofford,false,false,2,1,home,final,,https://upstatespartans.com/sports/mens-soccer/stats/2017/wofford/boxscore/1415,https://athletics.wofford.edu/sports/mens-soccer/stats/2017/usc-upstate/boxscore/3948,2017-09-09-USC-Upstate-Wofford,regular
sidearm-2017-09-09-UC-Santa-Barbara-Akron,2017-09-09,UC Santa Barbara,Akron,false,false,1,3,unknown,final,,https://ucsbgauchos.com/sports/mens-soccer/stats/2017/akron/boxscore/2142,,2017-09-09-Akron-UC-Santa-Barbara,regular
sidearm-2017-09-09-Campbell-Howard,2017-09-09,Campbell,Howard,false,false,3,0,unknown,final,,https://gocamels.com/sports/mens-soccer/stats/2017/howard/boxscore/2092,https://hubison.com/boxscore.aspx?id=12419,2017-09-09-Campbell-Howard,regular
sidearm-2017-09-09-Drexel-William-&-Mary,2017-09-09,Drexel,William & Mary,false,false,0,0,home,final,,https://drexeldragons.com/sports/mens-soccer/stats/2017/william-mary/boxscore/5826,https://tribeathletics.com/sports/mens-soccer/stats/2017/drexel/boxscore/10075,2017-09-09-Drexel-William-&-Mary,regular
sidearm-2017-09-09-Hofstra-Stony-Brook-University,2017-09-09,Hofstra,Stony Brook,false,false,1,1,home,final,,https://gohofstra.com/sports/mens-soccer/stats/2017/stony-brook-university/boxscore/7935,https://stonybrookathletics.com/sports/mens-soccer/stats/2017/hofstra/boxscore/7765,2017-09-09-Hofstra-Stony-Brook,regular
sidearm-2017-09-09-Cleveland-State-IU-Indy,2017-09-09,Cleveland State,IU Indy,false,false,2,1,home,final,,https://csuvikings.com/sports/mens-soccer/stats/2017/iu-indy/boxscore/10104,https://iuindyjags.com/sports/mens-soccer/stats/2017/cleveland-state/boxscore/6141,2017-09-09-Cleveland-State-IU-Indy,regular
sidearm-2017-09-09-Detroit-Mercy-UIC,2017-09-09,Detroit Mercy,UIC,false,false,2,0,unknown,final,,https://detroittitans.com/sports/mens-soccer/stats/2017/uic/boxscore/3903,https://uicflames.com/sports/mens-soccer/stats/2017/detroit-mercy/boxscore/10482,2017-09-09-Detroit-Mercy-UIC,regular
sidearm-2017-09-09-Milwaukee-Green-Bay,2017-09-09,Milwaukee,Green Bay,false,false,1,2,home,final,,https://mkepanthers.com/sports/mens-soccer/stats/2017/green-bay/boxscore/7572,,2017-09-09-Green-Bay-Milwaukee,regular
sidearm-2017-09-09-Northern-Kentucky-Belmont,2017-09-09,Northern Kentucky,Belmont University,false,false,1,0,unknown,final,,https://nkunorse.com/sports/mens-soccer/stats/2017/belmont/boxscore/3995,https://belmontbruins.com/sports/mens-soccer/stats/2017/northern-kentucky/boxscore/1520,2017-09-09-Belmont-University-Northern-Kentucky,regular
sidearm-2017-09-09-Oakland-Wright-State,2017-09-09,Oakland,Wright State,false,false,0,2,home,final,,https://wsuraiders.com/sports/mens-soccer/stats/2017/oakland/boxscore/4215,,2017-09-09-Oakland-Wright-State,regular
sidearm-2017-09-09-Hartford-Dartmouth-College,2017-09-09,Hartford,Dartmouth College,false,false,0,1,away,final,,https://dartmouthsports.com/sports/mens-soccer/stats/2017/hartford/boxscore/8008,,2017-09-09-Dartmouth-College-Hartford,regular
sidearm-2017-09-09-Iona-Fairleigh-Dickinson,2017-09-09,Iona,Fairleigh Dickinson,false,false,2,3,unknown,final,,https://ionagaels.com/sports/mens-soccer/stats/2017/fairleigh-dickinson/boxscore/7859,,2017-09-09-Fairleigh-Dickinson-Iona,regular
sidearm-2017-09-09-Merrimack-College-Bridgeport,2017-09-09,Merrimack College,Bridgeport,false,false,3,0,unknown,final,,https://merrimackathletics.com/sports/mens-soccer/stats/2017/bridgeport/boxscore/1905,,2017-09-09-Bridgeport-Merrimack-College,regular
sidearm-2017-09-09-Sacred-Heart-Saint-Peter's,2017-09-09,Sacred Heart,Saint Peter's,false,false,2,1,home,final,,https://sacredheartpioneers.com/sports/mens-soccer/stats/2017/saint-peter-s/boxscore/3426,https://saintpeterspeacocks.com/sports/mens-soccer/stats/2017/sacred-heart/boxscore/879,2017-09-09-Sacred-Heart-Saint-Peter's,regular
sidearm-2017-09-09-Air-Force-Army-West-Point,2017-09-09,Air Force,Army,false,false,1,0,home,final,,https://goarmywestpoint.com/sports/mens-soccer/stats/2017/air-force/boxscore/9972,,2017-09-09-Air-Force-Army,regular
sidearm-2017-09-09-Utah-Tech-Eastern-New-Mexico,2017-09-09,Utah Tech,Eastern New Mexico,false,false,1,0,unknown,final,,https://utahtechtrailblazers.com/sports/mens-soccer/stats/2017/eastern-new-mexico/boxscore/6967,,2017-09-09-Eastern-New-Mexico-Utah-Tech,regular
sidearm-2017-09-09-Le-Moyne-College-Lock-Haven-University,2017-09-09,Le Moyne College,Lock Haven University,false,false,3,0,unknown,final,,https://lemoynedolphins.com/sports/mens-soccer/stats/2017/lock-haven-university/boxscore/9121,,2017-09-09-Le-Moyne-College-Lock-Haven-University,regular
sidearm-2017-09-09-Mercyhurst-Davis-&-Elkins-College,2017-09-09,Mercyhurst,Davis & Elkins College,false,false,2,0,unknown,final,,https://hurstathletics.com/sports/mens-soccer/stats/2017/davis-elkins-college/boxscore/9370,,2017-09-09-Davis-&-Elkins-College-Mercyhurst,regular
sidearm-2017-09-09-Stonehill-College-Mercy-College,2017-09-09,Stonehill College,Mercy College,false,false,2,1,unknown,final,,https://stonehillskyhawks.com/sports/mens-soccer/stats/2017/mercy-college/boxscore/2233,,2017-09-09-Mercy-College-Stonehill-College,regular
sidearm-2017-09-09-Western-Illinois-Bowling-Green,2017-09-09,Western Illinois,Bowling Green,false,false,0,2,unknown,final,,https://goleathernecks.com/sports/mens-soccer/stats/2017/bowling-green/boxscore/5924,,2017-09-09-Bowling-Green-Western-Illinois,regular
sidearm-2017-09-09-#19-Chico-State-California-Baptist,2017-09-09,Chico State,California Baptist,true,false,1,4,away,final,,https://cbulancers.com/sports/mens-soccer/stats/2017/chico-state/boxscore/7945,,2017-09-09-California-Baptist-Chico-State,regular
sidearm-2017-09-09-UC-San-Diego-Concordia-Irvine,2017-09-09,UC San Diego,Concordia Irvine,false,false,2,2,unknown,final,,https://ucsdtritons.com/sports/mens-soccer/stats/2017/concordia-irvine/boxscore/6159,,2017-09-09-Concordia-Irvine-UC-San-Diego,regular
sidearm-2017-09-09-Massachusetts-Boston-University,2017-09-09,Massachusetts,Boston University,false,false,1,0,away,final,,https://goterriers.com/sports/mens-soccer/stats/2017/massachusetts/boxscore/7029,,2017-09-09-Boston-University-Massachusetts,regular
sidearm-2017-09-09-Loyola-University-Maryland-Villanova,2017-09-09,Loyola University Maryland,Villanova,false,false,1,0,unknown,final,,https://loyolagreyhounds.com/sports/mens-soccer/stats/2017/villanova/boxscore/4714,,2017-09-09-Loyola-University-Maryland-Villanova,regular
sidearm-2017-09-09-Navy-James-Madison,2017-09-09,Navy,James Madison,false,false,3,1,away,final,,https://navysports.com/sports/mens-soccer/stats/2017/james-madison/boxscore/6117,https://jmusports.com/sports/mens-soccer/stats/2017/navy/boxscore/13917,2017-09-09-James-Madison-Navy,regular
sidearm-2017-09-09-ETSU-Appalachian-State,2017-09-09,ETSU,Appalachian State,false,false,1,0,unknown,final,,,,2017-09-09-Appalachian-State-ETSU,regular
sidearm-2017-09-09-Ohio-Wesleyan-St.-Thomas,2017-09-09,Ohio Wesleyan,St. Thomas,false,false,1,2,away,final,,https://tommiesports.com/sports/msoc/stats/2017/ohio-wesleyan/boxscore/4811,,2017-09-09-Ohio-Wesleyan-St.-Thomas,regular
sidearm-2017-09-09-UMass-Boston-University,2017-09-09,UMass,Boston University,false,false,1,0,home,final,,https://umassathletics.com/sports/mens-soccer/stats/2017/boston-university/boxscore/10334,,2017-09-09-Boston-University-UMass,regular
wmt-2017-09-09-UCF-West-Virginia,2017-09-09,West Virginia,UCF,false,false,0,0,away,final,https://ucfknights.com/sports/mens-soccer/schedule,https://ucfknights.com/boxscore/3227,https://wvusports.com/sports/mens-soccer/stats/2017/ucf/boxscore/3958,2017-09-09-UCF-West-Virginia,regular
sidearm-2017-09-10-NC-State-Longwood,2017-09-10,NC State,Longwood,false,false,2,1,home,final,,https://gopack.com/sports/mens-soccer/stats/2017/longwood/boxscore/11360,https://longwoodlancers.com/sports/mens-soccer/stats/2017/nc-state/boxscore/5835,2017-09-10-Longwood-NC-State,regular
sidearm-2017-09-10-Missouri-State-Memphis,2017-09-10,Missouri State,Memphis,false,false,1,2,away,final,,https://gotigersgo.com/sports/mens-soccer/stats/2017/missouri-state/boxscore/10723,https://missouristatebears.com/sports/mens-soccer/stats/2017/memphis/boxscore/3475,2017-09-10-Memphis-Missouri-State,regular
sidearm-2017-09-10-Bellarmine-Missouri-S&T,2017-09-10,Bellarmine,Missouri State,false,false,3,1,unknown,final,,https://athletics.bellarmine.edu/sports/mens-soccer/stats/2017/missouris-t/boxscore/4688,,2017-09-10-Bellarmine-Missouri-State,regular
sidearm-2017-09-10-Central-Arkansas-Fort-Wayne,2017-09-10,Central Arkansas,Fort Wayne,false,false,3,0,unknown,final,,https://ucasports.com/sports/mens-soccer/stats/2017/fort-wayne/boxscore/2995,,2017-09-10-Central-Arkansas-Fort-Wayne,regular
sidearm-2017-09-10-FGCU-VCU,2017-09-10,FGCU,VCU,false,false,,,unknown,canceled,,,,2017-09-10-FGCU-VCU,regular
sidearm-2017-09-10-Stetson-Loyola-Chicago,2017-09-10,Stetson,Loyola Chicago,false,false,0,1,unknown,final,,https://gohatters.com/sports/mens-soccer/stats/2017/loyola-chicago/boxscore/5441,https://loyolaramblers.com/sports/mens-soccer/stats/2017/stetson/boxscore/4139,2017-09-10-Loyola-Chicago-Stetson,regular
sidearm-2017-09-10-Dayton-Liberty,2017-09-10,Dayton,Liberty,false,false,0,1,away,final,,https://daytonflyers.com/sports/mens-soccer/stats/2017/liberty/boxscore/6590,https://libertyflames.com/sports/mens-soccer/stats/2017/dayton/boxscore/10951,2017-09-10-Dayton-Liberty,regular
sidearm-2017-09-10-Rhode-Island-Marist,2017-09-10,Rhode Island,Marist,false,false,3,0,unknown,final,,https://gorhody.com/sports/mens-soccer/stats/2017/marist/boxscore/2807,https://goredfoxes.com/sports/mens-soccer/stats/2017/university-of-rhode-island/boxscore/8258,2017-09-10-Marist-Rhode-Island,regular
sidearm-2017-09-10-St.-Bonaventure-Albany,2017-09-10,St. Bonaventure,Albany,false,false,1,0,unknown,final,,https://gobonnies.com/sports/mens-soccer/stats/2017/albany/boxscore/1836,,2017-09-10-Albany-St.-Bonaventure,regular
sidearm-2017-09-10-Penn-Seton-Hall,2017-09-10,Penn,Seton Hall,false,false,1,2,away,final,,https://shupirates.com/sports/mens-soccer/stats/2017/penn/boxscore/2755,https://pennathletics.com/sports/mens-soccer/stats/2017/monmouth/boxscore/8865,2017-09-10-Penn-Seton-Hall,regular
sidearm-2017-09-10-Gardner-Webb-Houston-Baptist,2017-09-10,Gardner-Webb,Houston Baptist,false,false,1,3,home,final,,https://gwusports.com/sports/mens-soccer/stats/2017/houston-baptist/boxscore/4856,,2017-09-10-Gardner-Webb-Houston-Baptist,regular
sidearm-2017-09-10-#10-Furman-UNC-Asheville,2017-09-10,Furman,UNC Asheville,true,false,4,0,away,final,,https://uncabulldogs.com/sports/mens-soccer/stats/2017/furman/boxscore/3676,https://furmanpaladins.com/sports/mens-soccer/stats/2017/unc-asheville/boxscore/2423,2017-09-10-Furman-UNC-Asheville,regular
sidearm-2017-09-10-Washington-Mercer,2017-09-10,Washington,Mercer,true,false,1,2,home,final,,https://gohuskies.com/sports/mens-soccer/stats/2017/mercer/boxscore/13163,https://mercerbears.com/sports/mens-soccer/stats/2017/washington/boxscore/3880,2017-09-10-Mercer-Washington,regular
sidearm-2017-09-10-Cal-State-Fullerton-San-Francisco,2017-09-10,Cal State Fullerton,San Francisco,false,false,3,0,neutral,final,,https://fullertontitans.com/sports/mens-soccer/stats/2017/san-francisco/boxscore/2760,https://usfdons.com/sports/mens-soccer/stats/2017/cal-state-fullerton/boxscore/4666,2017-09-10-Cal-State-Fullerton-San-Francisco,regular
sidearm-2017-09-10-Sacramento-State-Loyola-Marymount,2017-09-10,Sacramento State,Loyola Marymount,false,false,2,1,unknown,final,,https://hornetsports.com/sports/mens-soccer/stats/2017/loyola-marymount/boxscore/1871,,2017-09-10-Loyola-Marymount-Sacramento-State,regular
sidearm-2017-09-10-New-Mexico-UC-Irvine,2017-09-10,New Mexico,UC Irvine,false,false,2,1,away,final,,https://ucirvinesports.com/sports/mens-soccer/stats/2017/new-mexico/boxscore/4698,,2017-09-10-New-Mexico-UC-Irvine,regular
sidearm-2017-09-10-Utah-Valley-San-Diego-State,2017-09-10,Utah Valley,San Diego State,false,false,1,0,away,final,https://goaztecs.com/sports/mens-soccer/schedule,https://wolverinegreen.com/sports/mens-soccer/stats/2017/san-diego-state/boxscore/6035,,2017-09-10-San-Diego-State-Utah-Valley,regular
sidearm-2017-09-10-Central-Arkansas-Purdue-Fort-Wayne,2017-09-10,Central Arkansas,Purdue Fort Wayne,false,false,3,0,neutral,final,,https://gomastodons.com/sports/mens-soccer/stats/2017/central-arkansas/boxscore/11334,,2017-09-10-Central-Arkansas-Purdue-Fort-Wayne,regular
sidearm-2017-09-10-Robert-Morris-Fairfield,2017-09-10,Robert Morris,Fairfield,false,false,1,2,unknown,final,,https://rmucolonials.com/sports/mens-soccer/stats/2017/fairfield/boxscore/5564,https://fairfieldstags.com/sports/mens-soccer/stats/2017/robert-morris/boxscore/5396,2017-09-10-Fairfield-Robert-Morris,regular
sidearm-2017-09-10-Brown-Holy-Cross,2017-09-10,Brown,Holy Cross,false,false,2,1,home,final,,https://brownbears.com/sports/mens-soccer/stats/2017/holy-cross/boxscore/2360,,2017-09-10-Brown-Holy-Cross,regular
sidearm-2017-09-10-Cornell-Lafayette-College,2017-09-10,Cornell,Lafayette,false,false,3,1,unknown,final,,https://cornellbigred.com/sports/mens-soccer/stats/2017/lafayette-college/boxscore/24084,https://goleopards.com/boxscore.aspx?id=13981,2017-09-10-Cornell-Lafayette,regular
sidearm-2017-09-10-Canisius-Central-Connecticut-State,2017-09-10,Canisius,Central Connecticut State,false,false,4,0,unknown,final,,https://gogriffs.com/sports/mens-soccer/stats/2017/central-connecticut-state/boxscore/5572,,2017-09-10-Canisius-Central-Connecticut-State,regular
sidearm-2017-09-10-Drake-Western-Michigan,2017-09-10,Drake,Western Michigan,false,false,1,2,home,final,,https://godrakebulldogs.com/sports/mens-soccer/stats/2017/western-michigan/boxscore/7386,https://wmubroncos.com/sports/mens-soccer/stats/2017/drake-university/boxscore/6720,2017-09-10-Drake-Western-Michigan,regular
sidearm-2017-09-10-UC-Davis-San-Diego,2017-09-10,UC Davis,San Diego,false,false,1,2,unknown,final,,https://ucdavisaggies.com/sports/mens-soccer/stats/2017/san-diego/boxscore/3568,,2017-09-10-San-Diego-UC-Davis,regular
sidearm-2017-09-10-#23-Pacific-Grand-Canyon,2017-09-10,Pacific,Grand Canyon,true,false,2,1,away,final,,https://gculopes.com/sports/mens-soccer/stats/2017/pacific/boxscore/9360,https://pacifictigers.com/sports/mens-soccer/stats/2017/grand-canyon/boxscore/1892,2017-09-10-Grand-Canyon-Pacific,regular
sidearm-2017-09-10-Eastern-Illinois-Saint-Francis-(Ill.),2017-09-10,Eastern Illinois,Saint Francis (Ill.),false,false,1,0,unknown,final,,https://eiupanthers.com/sports/mens-soccer/stats/2017/saint-francis-ill-/boxscore/6306,,2017-09-10-Eastern-Illinois-Saint-Francis-(Ill.),regular
sidearm-2017-09-10-Houston-Christian-Gardner-Webb-University,2017-09-10,Houston Christian,Gardner-Webb,false,false,3,1,unknown,final,,https://hcuhuskies.com/sports/mens-soccer/stats/2017/gardner-webb-university/boxscore/3282,,2017-09-10-Gardner-Webb-Houston-Christian,regular
sidearm-2017-09-10-Lindenwood-Christian-Brothers-University,2017-09-10,Lindenwood,Christian Brothers University,false,false,1,2,unknown,final,,https://lindenwoodlions.com/sports/mens-soccer/stats/2017/christian-brothers-university/boxscore/16160,,2017-09-10-Christian-Brothers-University-Lindenwood,regular
sidearm-2017-09-10-University-of-Southern-Indiana-Maryville-University,2017-09-10,University of Southern Indiana,Maryville University,false,false,0,2,unknown,final,,https://gousieagles.com/sports/mens-soccer/stats/2017/maryville-university/boxscore/3760,,2017-09-10-Maryville-University-University-of-Southern-Indiana,regular
sidearm-2017-09-10-UTRGV-Northern-Illinois-University,2017-09-10,UTRGV,Northern Illinois University,false,false,2,0,unknown,final,,https://goutrgv.com/sports/mens-soccer/stats/2017/northern-illinois-university/boxscore/24324,,2017-09-10-Northern-Illinois-University-UTRGV,regular
sidearm-2017-09-10-Cal-Poly-Saint-Mary's,2017-09-10,Cal Poly,Saint Mary's,false,false,1,0,home,final,,https://gopoly.com/sports/mens-soccer/stats/2017/saint-mary-s/boxscore/1598,,2017-09-10-Cal-Poly-Saint-Mary's,regular
sidearm-2017-09-10-Gonzaga-Seattle-University,2017-09-10,Gonzaga,Seattle,false,false,0,2,home,final,https://goseattleu.com/sports/mens-soccer/schedule,https://goseattleu.com/boxscore/2248,,2017-09-10-Gonzaga-Seattle,regular
sidearm-2017-09-10-Omaha-Bradley,2017-09-10,Omaha,Bradley,false,false,2,1,home,final,,https://omavs.com/sports/mens-soccer/stats/2017/bradley/boxscore/9803,,2017-09-10-Bradley-Omaha,regular
sidearm-2017-09-10-CSUN-Denver,2017-09-10,CSUN,Denver,false,false,2,0,neutral,final,,https://denverpioneers.com/sports/mens-soccer/stats/2017/csun/boxscore/2441,,2017-09-10-CSUN-Denver,regular
sidearm-2017-09-11-Binghamton-American-University,2017-09-11,Binghamton,American,false,false,1,1,unknown,final,,https://bubearcats.com/boxscore.aspx?id=15684,https://aueagles.com/sports/mens-soccer/stats/2017/binghamton/boxscore/1614,2017-09-11-American-Binghamton,regular
wmt-2017-09-11-UCLA-UNLV,2017-09-11,UCLA,UNLV,false,false,1,0,home,final,https://uclabruins.com/sports/mens-soccer/schedule,https://uclabruins.com/boxscore/5169,,2017-09-11-UCLA-UNLV,regular
sidearm-2017-09-11-Utah-Tech-UCCS,2017-09-11,Utah Tech,UCCS,false,false,5,0,unknown,final,,https://utahtechtrailblazers.com/sports/mens-soccer/stats/2017/uccs/boxscore/6968,,2017-09-11-UCCS-Utah-Tech,regular
sidearm-2017-09-12-Syracuse-Oregon-State,2017-09-12,Syracuse,Oregon State,true,false,3,2,home,final,,https://cuse.com/sports/mens-soccer/stats/2017/oregon-state/boxscore/7947,https://osubeavers.com/sports/mens-soccer/stats/2017/syracuse/boxscore/9099,2017-09-12-Oregon-State-Syracuse,regular
wmt-2017-09-12-Marquette-Virginia,2017-09-12,Virginia,Marquette,false,false,2,0,home,final,https://virginiasports.com/sports/msoc/schedule,https://virginiasports.com/boxscore/5193,https://gomarquette.com/sports/mens-soccer/stats/2017/virginia/boxscore/2441,2017-09-12-Marquette-Virginia,regular
sidearm-2017-09-12-Wake-Forest-Appalachian-State,2017-09-12,Wake Forest,Appalachian State,false,false,3,0,home,final,,,,2017-09-12-Appalachian-State-Wake-Forest,regular
sidearm-2017-09-12-Charlotte-Elon,2017-09-12,Charlotte,Elon,false,false,1,1,home,final,,https://charlotte49ers.com/sports/mens-soccer/stats/2017/elon/boxscore/7519,,2017-09-12-Charlotte-Elon,regular
sidearm-2017-09-12-FIU-UCF,2017-09-12,FIU,UCF,false,false,,,home,postponed,https://ucfknights.com/sports/mens-soccer/schedule,,,2017-09-12-FIU-UCF,regular
sidearm-2017-09-12-Clemson-North-Florida,2017-09-12,Clemson,North Florida,false,false,,,away,scheduled,,,,2017-09-12-Clemson-North-Florida,regular
sidearm-2017-09-12-Davidson-College-HIGH-POINT,2017-09-12,Davidson College,High Point,false,false,1,1,home,final,,https://davidsonwildcats.com/sports/mens-soccer/stats/2017/high-point/boxscore/5093,https://highpointpanthers.com/boxscore.aspx?id=16293,2017-09-12-Davidson-College-High-Point,regular
sidearm-2017-09-12-Duquesne-Wright-State,2017-09-12,Duquesne,Wright State,false,false,0,1,away,final,,https://goduquesne.com/sports/mens-soccer/stats/2017/wright-state/boxscore/1763,https://wsuraiders.com/sports/mens-soccer/stats/2017/duquesne/boxscore/4216,2017-09-12-Duquesne-Wright-State,regular
sidearm-2017-09-12-Saint-Joseph's-Sacred-Heart,2017-09-12,Saint Joseph's,Sacred Heart,false,false,1,2,home,final,,https://sjuhawks.com/sports/mens-soccer/stats/2017/sacred-heart/boxscore/2546,https://sacredheartpioneers.com/sports/mens-soccer/stats/2017/saint-joseph-s/boxscore/3427,2017-09-12-Sacred-Heart-Saint-Joseph's,regular
sidearm-2017-09-12-Butler-Evansville,2017-09-12,Butler,University of Evansville,false,false,1,0,unknown,final,,https://butlersports.com/sports/mens-soccer/stats/2017/evansville/boxscore/5289,https://gopurpleaces.com/sports/mens-soccer/stats/2017/butler/boxscore/8172,2017-09-12-Butler-University-of-Evansville,regular
sidearm-2017-09-12-IUPUI-DePaul,2017-09-12,IUPUI,DePaul,false,false,1,2,away,final,,,,2017-09-12-DePaul-IUPUI,regular
sidearm-2017-09-12-St.-John's-UC-Santa-Barbara,2017-09-12,St. John's,UC Santa Barbara,false,false,2,1,home,final,,https://redstormsports.com/sports/mens-soccer/stats/2017/uc-santa-barbara/boxscore/2666,https://ucsbgauchos.com/sports/mens-soccer/stats/2017/st-johns-ny-/boxscore/2143,2017-09-12-St.-John's-UC-Santa-Barbara,regular
sidearm-2017-09-12-UConn-Hofstra,2017-09-12,UConn,Hofstra,false,false,1,0,home,final,,https://gohofstra.com/sports/mens-soccer/stats/2017/university-of-connecticut/boxscore/7936,,2017-09-12-Hofstra-UConn,regular
sidearm-2017-09-12-Xavier-Cleveland-State,2017-09-12,Xavier,Cleveland State,false,false,2,1,home,final,,https://goxavier.com/sports/mens-soccer/stats/2017/cleveland-state/boxscore/6845,https://csuvikings.com/sports/mens-soccer/stats/2017/xavier/boxscore/10105,2017-09-12-Cleveland-State-Xavier,regular
sidearm-2017-09-12-Maryland-Rutgers,2017-09-12,Maryland,Rutgers,true,false,3,0,home,final,,https://umterps.com/sports/mens-soccer/stats/2017/rutgers/boxscore/7474,https://scarletknights.com/sports/mens-soccer/stats/2017/maryland/boxscore/4639,2017-09-12-Maryland-Rutgers,regular
sidearm-2017-09-12-Ohio-State-Penn-State,2017-09-12,Ohio State,Penn State,false,false,3,0,home,final,https://gopsusports.com/sports/mens-soccer/schedule,https://ohiostatebuckeyes.com/sports/mens-soccer/stats/2017/penn-state/boxscore/10131,https://gopsusports.com/boxscore/6092,2017-09-12-Ohio-State-Penn-State,regular
sidearm-2017-09-12-Campbell-Old-Dominion,2017-09-12,Campbell,Old Dominion,false,false,1,1,home,final,https://odusports.com/sports/mens-soccer/schedule,https://gocamels.com/sports/mens-soccer/stats/2017/old-dominion/boxscore/2096,https://odusports.com/boxscore/9198,2017-09-12-Campbell-Old-Dominion,regular
sidearm-2017-09-12-Monmouth-Columbia,2017-09-12,Monmouth,Columbia University,false,false,1,2,home,final,,https://monmouthhawks.com/sports/mens-soccer/stats/2017/columbia/boxscore/5062,https://gocolumbialions.com/sports/mens-soccer/stats/2017/monmouth/boxscore/7139,2017-09-12-Columbia-University-Monmouth,regular
sidearm-2017-09-12-IU-Indy-DePaul,2017-09-12,IU Indy,DePaul,false,false,1,2,unknown,final,,https://iuindyjags.com/sports/mens-soccer/stats/2017/depaul/boxscore/6142,,2017-09-12-DePaul-IU-Indy,regular
sidearm-2017-09-12-Milwaukee-Kansas-City,2017-09-12,Milwaukee,Kansas City,false,false,2,2,away,final,,https://mkepanthers.com/sports/mens-soccer/stats/2017/kansas-city/boxscore/7573,,2017-09-12-Kansas-City-Milwaukee,regular
sidearm-2017-09-12-Dartmouth-College-Massachusetts,2017-09-12,Dartmouth College,Massachusetts,false,false,1,0,home,final,,https://dartmouthsports.com/sports/mens-soccer/stats/2017/massachusetts/boxscore/8009,,2017-09-12-Dartmouth-College-Massachusetts,regular
sidearm-2017-09-12-Merrimack-College-St.-Michael's,2017-09-12,Merrimack College,St. Michael's,false,false,3,0,unknown,final,,https://merrimackathletics.com/sports/mens-soccer/stats/2017/st-michael-s/boxscore/1906,,2017-09-12-Merrimack-College-St.-Michael's,regular
sidearm-2017-09-12-Belmont-University-Georgia-State,2017-09-12,Belmont University,Georgia State,false,false,1,0,unknown,final,,https://belmontbruins.com/sports/mens-soccer/stats/2017/georgia-state/boxscore/1521,https://georgiastatesports.com/news/2017/9/12/211667025.aspx,2017-09-12-Belmont-University-Georgia-State,regular
sidearm-2017-09-12-Le-Moyne-College-Franklin-Pierce-University,2017-09-12,Le Moyne College,Franklin Pierce University,false,false,0,1,unknown,final,,https://lemoynedolphins.com/sports/mens-soccer/stats/2017/franklin-pierce-university/boxscore/9114,,2017-09-12-Franklin-Pierce-University-Le-Moyne-College,regular
sidearm-2017-09-12-New-Haven-Southern-Connecticut-State,2017-09-12,New Haven,Southern Connecticut State,false,false,1,2,unknown,final,,https://newhavenchargers.com/sports/mens-soccer/stats/2017/southern-connecticut-state/boxscore/7603,,2017-09-12-New-Haven-Southern-Connecticut-State,regular
sidearm-2017-09-12-Stonehill-College-Adelphi-University,2017-09-12,Stonehill College,Adelphi University,false,true,2,3,unknown,final,,https://stonehillskyhawks.com/sports/mens-soccer/stats/2017/no-3-adelphi-university/boxscore/2234,,2017-09-12-Adelphi-University-Stonehill-College,regular
sidearm-2017-09-12-Dartmouth-UMass,2017-09-12,Dartmouth College,UMass,false,false,1,0,away,final,,https://umassathletics.com/sports/mens-soccer/stats/2017/dartmouth/boxscore/10335,,2017-09-12-Dartmouth-College-UMass,regular
wmtwp-2017-09-12-Kentucky-University-of-Cincinnati,2017-09-12,Kentucky,University of Cincinnati,false,false,0,1,home,final,https://ukathletics.com/sports/msoc/schedule/2017,,,2017-09-12-Kentucky-University-of-Cincinnati,regular
sidearm-2017-09-13-North-Carolina-William-&-Mary,2017-09-13,North Carolina,William & Mary,false,false,3,2,home,final,,https://goheels.com/sports/mens-soccer/stats/2017/william-mary/boxscore/15018,https://tribeathletics.com/sports/mens-soccer/stats/2017/north-carolina/boxscore/10076,2017-09-13-North-Carolina-William-&-Mary,regular
sidearm-2017-09-13-New-Hampshire-Holy-Cross,2017-09-13,New Hampshire,Holy Cross,false,false,2,0,home,final,,https://unhwildcats.com/sports/mens-soccer/stats/2017/holy-cross/boxscore/5484,,2017-09-13-Holy-Cross-New-Hampshire,regular
sidearm-2017-09-13-NJIT-Stony-Brook,2017-09-13,NJIT,Stony Brook,false,false,1,2,unknown,final,,https://njithighlanders.com/sports/mens-soccer/stats/2017/stony-brook/boxscore/5906,https://stonybrookathletics.com/sports/mens-soccer/stats/2017/njit/boxscore/7766,2017-09-13-NJIT-Stony-Brook,regular
sidearm-2017-09-13-UMass-Lowell-Quinnipiac,2017-09-13,UMass Lowell,Quinnipiac,true,false,1,1,home,final,,https://goriverhawks.com/sports/mens-soccer/stats/2017/quinnipiac/boxscore/5053,https://gobobcats.com/sports/mens-soccer/stats/2017/umass-lowell/boxscore/8290,2017-09-13-Quinnipiac-UMass-Lowell,regular
sidearm-2017-09-13-UMBC-West-Virginia,2017-09-13,UMBC,West Virginia,false,false,3,1,away,final,,https://umbcretrievers.com/sports/mens-soccer/stats/2017/west-virginia/boxscore/2034,https://wvusports.com/sports/mens-soccer/stats/2017/umbc/boxscore/3959,2017-09-13-UMBC-West-Virginia,regular
sidearm-2017-09-13-Central-Arkansas-Missouri-State,2017-09-13,Central Arkansas,Missouri State,false,false,1,2,away,final,,https://missouristatebears.com/sports/mens-soccer/stats/2017/central-arkansas/boxscore/3495,https://ucasports.com/sports/mens-soccer/stats/2017/missouri-state-university/boxscore/2997,2017-09-13-Central-Arkansas-Missouri-State,regular
sidearm-2017-09-13-Queens-Wingate-University,2017-09-13,Queens,Wingate University,false,false,1,4,unknown,final,,https://queensathletics.com/sports/mens-soccer/stats/2017/wingate-university/boxscore/6069,,2017-09-13-Queens-Wingate-University,regular
sidearm-2017-09-13-Dayton-Northern-Kentucky,2017-09-13,Dayton,Northern Kentucky,false,false,0,1,home,final,,https://daytonflyers.com/sports/mens-soccer/stats/2017/northern-kentucky/boxscore/6591,https://nkunorse.com/sports/mens-soccer/stats/2017/dayton/boxscore/3996,2017-09-13-Dayton-Northern-Kentucky,regular
sidearm-2017-09-13-Fordham-Marist,2017-09-13,Fordham,Marist,false,false,2,1,unknown,final,,https://fordhamsports.com/sports/mens-soccer/stats/2017/marist/boxscore/6275,https://goredfoxes.com/sports/mens-soccer/stats/2017/fordham-university/boxscore/8259,2017-09-13-Fordham-Marist,regular
sidearm-2017-09-13-Navy-George-Washington,2017-09-13,Navy,George Washington,false,false,1,3,away,final,,https://gwsports.com/sports/mens-soccer/stats/2017/navy/boxscore/4130,https://navysports.com/sports/mens-soccer/stats/2017/george-washington/boxscore/6118,2017-09-13-George-Washington-Navy,regular
sidearm-2017-09-13-La-Salle-Saint-Peter's,2017-09-13,La Salle,Saint Peter's,false,false,2,0,unknown,final,,https://goexplorers.com/sports/mens-soccer/stats/2017/saint-peter-s/boxscore/6797,https://saintpeterspeacocks.com/sports/mens-soccer/stats/2017/la-salle/boxscore/880,2017-09-13-La-Salle-Saint-Peter's,regular
sidearm-2017-09-13-Loyola-Chicago-Bradley,2017-09-13,Loyola Chicago,Bradley,false,false,0,1,unknown,final,,https://loyolaramblers.com/sports/mens-soccer/stats/2017/bradley/boxscore/4140,,2017-09-13-Bradley-Loyola-Chicago,regular
sidearm-2017-09-13-Seton-Hall-Delaware,2017-09-13,Seton Hall,Delaware,false,false,0,2,home,final,,https://shupirates.com/sports/mens-soccer/stats/2017/delaware/boxscore/2756,,2017-09-13-Delaware-Seton-Hall,regular
sidearm-2017-09-13-Villanova-Rider,2017-09-13,Villanova,Rider University,false,false,2,0,unknown,final,,https://villanova.com/sports/mens-soccer/stats/2017/rider/boxscore/4094,https://gobroncs.com/sports/mens-soccer/stats/2017/villanova-university/boxscore/4347,2017-09-13-Rider-University-Villanova,regular
sidearm-2017-09-13-Presbyterian-Mercer,2017-09-13,Presbyterian,Mercer,false,false,,,home,canceled,,,,2017-09-13-Mercer-Presbyterian,regular
sidearm-2017-09-13-ETSU-Radford,2017-09-13,ETSU,Radford,false,false,1,1,away,final,,https://radfordathletics.com/sports/mens-soccer/stats/2017/etsu/boxscore/8716,,2017-09-13-ETSU-Radford,regular
sidearm-2017-09-13-Winthrop-USC-Upstate,2017-09-13,Winthrop,USC Upstate,false,false,4,0,away,final,,https://upstatespartans.com/sports/mens-soccer/stats/2017/winthrop/boxscore/1416,https://winthropeagles.com/sports/mens-soccer/stats/2017/usc-upstate/boxscore/19332,2017-09-13-USC-Upstate-Winthrop,regular
sidearm-2017-09-13-Indiana-Michigan,2017-09-13,Indiana,Michigan,true,false,1,1,home,final,,https://iuhoosiers.com/sports/mens-soccer/stats/2017/michigan/boxscore/12360,https://mgoblue.com/sports/mens-soccer/stats/2017/indiana/boxscore/10806,2017-09-13-Indiana-Michigan,regular
sidearm-2017-09-13-Michigan-State-Bowling-Green,2017-09-13,Michigan State,Bowling Green,false,false,1,0,home,final,,https://msuspartans.com/sports/mens-soccer/stats/2017/bowling-green/boxscore/6269,,2017-09-13-Bowling-Green-Michigan-State,regular
wmt-2017-09-13-Northwestern-Wisconsin,2017-09-13,Wisconsin,Northwestern,false,false,3,1,away,final,https://nusports.com/sports/mens-soccer/schedule,https://nusports.com/boxscore/5145,https://uwbadgers.com/sports/mens-soccer/stats/2017/northwestern/boxscore/8513,2017-09-13-Northwestern-Wisconsin,regular
sidearm-2017-09-13-Northeastern-Harvard,2017-09-13,Northeastern,Harvard,false,false,1,1,home,final,,https://nuhuskies.com/sports/mens-soccer/stats/2017/harvard/boxscore/7570,https://gocrimson.com/sports/mens-soccer/stats/2017/northeastern/boxscore/10872,2017-09-13-Harvard-Northeastern,regular
sidearm-2017-09-13-Detroit-Mercy-Fort-Wayne,2017-09-13,Detroit Mercy,Fort Wayne,false,false,2,1,unknown,final,,https://detroittitans.com/sports/mens-soccer/stats/2017/fort-wayne/boxscore/3904,,2017-09-13-Detroit-Mercy-Fort-Wayne,regular
sidearm-2017-09-13-Oakland-Western-Michigan,2017-09-13,Oakland,Western Michigan,false,true,1,2,unknown,final,,https://wmubroncos.com/sports/mens-soccer/stats/2017/oakland-university/boxscore/6721,,2017-09-13-Oakland-Western-Michigan,regular
sidearm-2017-09-13-Purdue-Fort-Wayne-Detroit-Mercy,2017-09-13,Purdue Fort Wayne,Detroit Mercy,false,false,1,2,home,final,,https://gomastodons.com/sports/mens-soccer/stats/2017/detroit-mercy/boxscore/11335,,2017-09-13-Detroit-Mercy-Purdue-Fort-Wayne,regular
sidearm-2017-09-13-Manhattan-VMI,2017-09-13,Manhattan,VMI,false,false,7,0,unknown,final,,https://gojaspers.com/sports/mens-soccer/stats/2017/vmi/boxscore/5068,https://vmikeydets.com/sports/mens-soccer/stats/2017/manhattan/boxscore/3854,2017-09-13-Manhattan-VMI,regular
sidearm-2017-09-13-Siena-Army-West-Point,2017-09-13,Siena,Army,false,false,0,1,away,final,,https://goarmywestpoint.com/sports/mens-soccer/stats/2017/siena/boxscore/9973,,2017-09-13-Army-Siena,regular
sidearm-2017-09-13-Drake-Green-Bay,2017-09-13,Drake,Green Bay,false,false,1,0,home,final,,https://godrakebulldogs.com/sports/mens-soccer/stats/2017/green-bay/boxscore/7387,,2017-09-13-Drake-Green-Bay,regular
sidearm-2017-09-13-Howard-Central-Connecticut-State-University,2017-09-13,Howard,Central Connecticut State University,false,false,1,3,unknown,final,,https://hubison.com/boxscore.aspx?id=12419,,2017-09-13-Central-Connecticut-State-University-Howard,regular
sidearm-2017-09-13-Mercyhurst-Seton-Hill-University,2017-09-13,Mercyhurst,Seton Hill University,false,false,3,2,unknown,final,,https://hurstathletics.com/sports/mens-soccer/stats/2017/seton-hill-university/boxscore/9371,,2017-09-13-Mercyhurst-Seton-Hill-University,regular
sidearm-2017-09-13-Eastern-Illinois-Marshall,2017-09-13,Eastern Illinois,Marshall,false,false,0,3,away,final,,https://eiupanthers.com/sports/mens-soccer/stats/2017/marshall/boxscore/6307,,2017-09-13-Eastern-Illinois-Marshall,regular
sidearm-2017-09-13-St.-Thomas-Saint-Mary's,2017-09-13,St. Thomas,Saint Mary's,false,false,2,1,home,final,,https://tommiesports.com/sports/msoc/stats/2017/saint-mary-s/boxscore/4812,,2017-09-13-Saint-Mary's-St.-Thomas,regular
sidearm-2017-09-14-FIU-UAB,2017-09-14,FIU,UAB,false,false,2,1,home,final,,https://fiusports.com/sports/mens-soccer/stats/2017/uab/boxscore/6215,https://uabsports.com/sports/mens-soccer/stats/2017/fiu/boxscore/3368,2017-09-14-FIU-UAB,regular
sidearm-2017-09-14-South-Florida-Stetson,2017-09-14,South Florida,Stetson,false,false,,,home,scheduled,,,,2017-09-14-South-Florida-Stetson,regular
sidearm-2017-09-14-Stetson-USF,2017-09-14,Stetson,USF,false,false,,,unknown,postponed,,,,2017-09-14-Stetson-USF,regular
sidearm-2017-09-14-Washington-Drexel,2017-09-14,Washington,Drexel,true,false,4,0,home,final,,https://gohuskies.com/sports/mens-soccer/stats/2017/drexel/boxscore/13165,https://drexeldragons.com/sports/mens-soccer/stats/2017/no-16-washington/boxscore/5827,2017-09-14-Drexel-Washington,regular
sidearm-2017-09-14-Penn-Lehigh,2017-09-14,Penn,Lehigh,false,false,0,3,away,final,,https://pennathletics.com/sports/mens-soccer/stats/2017/monmouth/boxscore/8865,https://lehighsports.com/sports/mens-soccer/stats/2017/penn/boxscore/10533,2017-09-14-Lehigh-Penn,regular
wmt-2017-09-14-Cal-State-Northridge-San-Jose-State,2017-09-14,Cal State Northridge,San Jose State,false,false,2,1,away,final,https://sjsuspartans.com/sports/mens-soccer/schedule,https://sjsuspartans.com/documents/2018/8/6/1136__m_soccer_2017_18_box_score__stats_20170915aaa.pdf,,2017-09-14-Cal-State-Northridge-San-Jose-State,regular
sidearm-2017-09-14-Grand-Canyon-UC-Riverside,2017-09-14,Grand Canyon,UC Riverside,false,false,5,4,home,final,,https://gculopes.com/sports/mens-soccer/stats/2017/uc-riverside/boxscore/9361,https://gohighlanders.com/sports/mens-soccer/stats/2017/grand-canyon/boxscore/11453,2017-09-14-Grand-Canyon-UC-Riverside,regular
sidearm-2017-09-14-Santa-Clara-Seattle-University,2017-09-14,Santa Clara,Seattle,false,false,2,5,home,final,https://goseattleu.com/sports/mens-soccer/schedule,https://santaclarabroncos.com/sports/mens-soccer/stats/2017/seattle-university/boxscore/2683,https://goseattleu.com/boxscore/2249,2017-09-14-Santa-Clara-Seattle,regular
sidearm-2017-09-15-No.-10-Clemson-Boston-College,2017-09-15,Clemson,Boston College,true,false,1,0,away,final,https://clemsontigers.com/sports/mens-soccer/schedule,https://bceagles.com/sports/mens-soccer/stats/2017/clemson/boxscore/15104,https://clemsontigers.com/boxscore/3864,2017-09-15-Boston-College-Clemson,regular
sidearm-2017-09-15-California-Yale,2017-09-15,California,Yale,false,false,1,0,home,final,,https://calbears.com/sports/mens-soccer/stats/2017/yale/boxscore/16961,https://yalebulldogs.com/sports/mens-soccer/stats/2017/california/boxscore/3274,2017-09-15-California-Yale,regular
sidearm-2017-09-15-#7-Syracuse-Louisville,2017-09-15,Syracuse,Louisville,true,true,1,2,away,final,,https://gocards.com/sports/mens-soccer/stats/2017/syracuse/boxscore/13991,https://cuse.com/sports/mens-soccer/stats/2017/louisville/boxscore/7948,2017-09-15-Louisville-Syracuse,regular
sidearm-2017-09-15-#2/4-Notre-Dame-NC-State,2017-09-15,Notre Dame,NC State,true,false,3,0,away,final,https://fightingirish.com/sports/msoc/schedule,https://gopack.com/sports/mens-soccer/stats/2017/-2-4-notre-dame/boxscore/11361,https://fightingirish.com/boxscore/12757,2017-09-15-NC-State-Notre-Dame,regular
sidearm-2017-09-15-SMU-[RV]-Loyola-University-Maryland,2017-09-15,SMU,[RV] Loyola University Maryland,false,false,4,0,unknown,final,,https://smumustangs.com/sports/mens-soccer/stats/2017/-rv-loyola-university-maryland/boxscore/7681,,2017-09-15-SMU-[RV]-Loyola-University-Maryland,regular
wmt-2017-09-15-San-Francisco-Stanford,2017-09-15,Stanford,San Francisco,false,false,1,0,home,final,https://gostanford.com/sports/mens-soccer/schedule,https://gostanford.com/boxscore/7169,https://usfdons.com/sports/mens-soccer/stats/2017/stanford/boxscore/4667,2017-09-15-San-Francisco-Stanford,regular
wmt-2017-09-15-Virginia-Virginia-Tech,2017-09-15,Virginia Tech,Virginia,false,false,1,2,away,final,https://virginiasports.com/sports/msoc/schedule,https://virginiasports.com/boxscore/5183,https://hokiesports.com/boxscore/10281,2017-09-15-Virginia-Virginia-Tech,regular
sidearm-2017-09-15-Vermont-Cal-State-Fullerton,2017-09-15,Vermont,Cal State Fullerton,false,false,2,1,unknown,final,,https://uvmathletics.com/sports/mens-soccer/stats/2017/cal-state-fullerton/boxscore/2537,https://fullertontitans.com/sports/mens-soccer/stats/2017/vermont/boxscore/2761,2017-09-15-Cal-State-Fullerton-Vermont,regular
sidearm-2017-09-15-FAU-Old-Dominion,2017-09-15,FAU,Old Dominion,false,false,0,3,home,final,https://odusports.com/sports/mens-soccer/schedule,https://fausports.com/sports/mens-soccer/stats/2017/old-dominion/boxscore/3641,https://odusports.com/boxscore/9199,2017-09-15-FAU-Old-Dominion,regular
sidearm-2017-09-15-Tulsa-Brown-,2017-09-15,Tulsa,Brown,false,false,1,2,home,final,,https://tulsahurricane.com/sports/mens-soccer/stats/2017/brown/boxscore/8323,https://brownbears.com/sports/mens-soccer/stats/2017/tulsa/boxscore/2361,2017-09-15-Brown-Tulsa,regular
sidearm-2017-09-15-Bellarmine-McKendree-University,2017-09-15,Bellarmine,McKendree University,false,false,1,0,unknown,final,,https://athletics.bellarmine.edu/sports/mens-soccer/stats/2017/mckendree-university/boxscore/4689,,2017-09-15-Bellarmine-McKendree-University,regular
sidearm-2017-09-15-FGCU-Loyola-Marymount,2017-09-15,FGCU,Loyola Marymount,false,false,2,2,unknown,final,,https://fgcuathletics.com/sports/mens-soccer/stats/2017/loyola-marymount/boxscore/6414,,2017-09-15-FGCU-Loyola-Marymount,regular
sidearm-2017-09-15-San-Diego-Lipscomb,2017-09-15,San Diego,Lipscomb,false,false,2,3,away,final,,https://lipscombsports.com/sports/mens-soccer/stats/2017/san-diego/boxscore/7995,,2017-09-15-Lipscomb-San-Diego,regular
sidearm-2017-09-15-Davidson-College-WOFFORD,2017-09-15,Davidson College,Wofford,false,false,3,0,home,final,,https://davidsonwildcats.com/sports/mens-soccer/stats/2017/wofford/boxscore/5094,https://athletics.wofford.edu/sports/mens-soccer/stats/2017/davidson-college/boxscore/3949,2017-09-15-Davidson-College-Wofford,regular
sidearm-2017-09-15-Sacramento-State-Utah-Valley,2017-09-15,Sacramento State,Utah Valley,false,false,2,1,away,final,,https://hornetsports.com/sports/mens-soccer/stats/2017/utah-valley/boxscore/1872,https://wolverinegreen.com/sports/mens-soccer/stats/2017/sacramento-state/boxscore/6036,2017-09-15-Sacramento-State-Utah-Valley,regular
sidearm-2017-09-15-UC-Santa-Barbara-Pacific,2017-09-15,UC Santa Barbara,Pacific,false,false,1,0,unknown,final,,https://ucsbgauchos.com/sports/mens-soccer/stats/2017/pacific/boxscore/2144,https://pacifictigers.com/sports/mens-soccer/stats/2017/uc-santa-barbara/boxscore/1893,2017-09-15-Pacific-UC-Santa-Barbara,regular
sidearm-2017-09-15-Utah-Valley-Omaha-vs-Northern-Illinois,2017-09-15,Utah Valley,Omaha vs Northern Illinois,false,false,,,unknown,scheduled,,https://wolverinegreen.com/sports/mens-soccer/stats/2017/omaha-vs-northern-illinois/boxscore/6155,,2017-09-15-Omaha-vs-Northern-Illinois-Utah-Valley,regular
sidearm-2017-09-15-Princeton-Southern-Illinois-University-Edwardsville,2017-09-15,Princeton,Southern Illinois University Edwardsville,false,false,0,1,home,final,,https://goprincetontigers.com/sports/mens-soccer/stats/2017/southern-illinois-university-edwardsville/boxscore/12419,,2017-09-15-Princeton-Southern-Illinois-University-Edwardsville,regular
sidearm-2017-09-15-Air-Force-Saint-Mary's,2017-09-15,Air Force,Saint Mary's,false,false,1,0,home,final,,,,2017-09-15-Air-Force-Saint-Mary's,regular
sidearm-2017-09-15-UC-Davis-(RV)-Denver,2017-09-15,UC Davis,Denver,false,true,0,3,home,final,,https://ucdavisaggies.com/sports/mens-soccer/stats/2017/-rv-denver/boxscore/3569,https://denverpioneers.com/sports/mens-soccer/stats/2017/uc-davis/boxscore/2442,2017-09-15-Denver-UC-Davis,regular
sidearm-2017-09-15-UNLV-Saint-Francis-(PA),2017-09-15,UNLV,Saint Francis (PA),false,false,0,1,unknown,final,,,,2017-09-15-Saint-Francis-(PA)-UNLV,regular
sidearm-2017-09-15-Lindenwood-(RV)-Ouachita-Baptist-University,2017-09-15,Lindenwood,Ouachita Baptist University,false,true,3,1,unknown,final,,https://lindenwoodlions.com/sports/mens-soccer/stats/2017/-rv-ouachita-baptist-university/boxscore/16161,,2017-09-15-Lindenwood-Ouachita-Baptist-University,regular
sidearm-2017-09-15-CSU-Bakersfield-Gonzaga,2017-09-15,CSU Bakersfield,Gonzaga,false,false,1,4,neutral,final,,,,2017-09-15-CSU-Bakersfield-Gonzaga,regular
sidearm-2017-09-15-UC-San-Diego-Chico-State,2017-09-15,UC San Diego,Chico State,false,false,0,2,unknown,final,,https://ucsdtritons.com/sports/mens-soccer/stats/2017/chico-state/boxscore/6164,,2017-09-15-Chico-State-UC-San-Diego,regular
sidearm-2017-09-15-American-Albany,2017-09-15,American,Albany,false,false,1,3,unknown,final,,https://aueagles.com/sports/mens-soccer/stats/2017/albany/boxscore/1615,,2017-09-15-Albany-American,regular
sidearm-2017-09-15-Loyola-University-Maryland-SMU,2017-09-15,Loyola University Maryland,SMU,false,false,0,4,unknown,final,,https://loyolagreyhounds.com/sports/mens-soccer/stats/2017/smu/boxscore/4715,,2017-09-15-Loyola-University-Maryland-SMU,regular
sidearm-2017-09-15-Northern-Illinois-Omaha,2017-09-15,Northern Illinois,Omaha,false,false,1,0,neutral,final,,https://omavs.com/sports/mens-soccer/stats/2017/northern-illinois/boxscore/9804,,2017-09-15-Northern-Illinois-Omaha,regular
sidearm-2017-09-15-James-Madison-Niagara,2017-09-15,James Madison,Niagara,false,false,3,0,home,final,,https://jmusports.com/sports/mens-soccer/stats/2017/niagara/boxscore/13934,,2017-09-15-James-Madison-Niagara,regular
sidearm-2017-09-16-North-Carolina-Duke,2017-09-16,North Carolina,Duke,false,false,2,1,away,final,,https://goduke.com/sports/mens-soccer/stats/2017/north-carolina/boxscore/1172,https://goheels.com/sports/mens-soccer/stats/2017/duke/boxscore/15019,2017-09-16-Duke-North-Carolina,regular
sidearm-2017-09-16-Wake-Forest-Pittsburgh,2017-09-16,Wake Forest,Pittsburgh,false,false,2,0,home,final,,,,2017-09-16-Pittsburgh-Wake-Forest,regular
sidearm-2017-09-16-Binghamton-Columbia-University-(Family-Weekend),2017-09-16,Binghamton,Columbia University,false,false,0,1,away,final,,https://bubearcats.com/boxscore.aspx?id=15684,https://gocolumbialions.com/sports/mens-soccer/stats/2017/binghamton/boxscore/7141,2017-09-16-Binghamton-Columbia-University,regular
sidearm-2017-09-16-Bryant-Stony-Brook,2017-09-16,Bryant,Stony Brook,false,false,0,1,unknown,final,,https://bryantbulldogs.com/sports/mens-soccer/stats/2017/stony-brook/boxscore/7031,https://stonybrookathletics.com/sports/mens-soccer/stats/2017/bryant/boxscore/7767,2017-09-16-Bryant-Stony-Brook,regular
sidearm-2017-09-16-New-Hampshire--Rhode-Island,2017-09-16,New Hampshire,Rhode Island,true,false,0,0,home,final,,https://unhwildcats.com/sports/mens-soccer/stats/2017/rhode-island/boxscore/5485,https://gorhody.com/sports/mens-soccer/stats/2017/-16-new-hampshire/boxscore/2808,2017-09-16-New-Hampshire-Rhode-Island,regular
sidearm-2017-09-16-NJIT-Fairleigh-Dickinson,2017-09-16,NJIT,Fairleigh Dickinson,false,true,1,1,unknown,final,,https://njithighlanders.com/sports/mens-soccer/stats/2017/no-21-fairleigh-dickinson/boxscore/5907,,2017-09-16-Fairleigh-Dickinson-NJIT,regular
sidearm-2017-09-16-UMass-Lowell-Monmouth,2017-09-16,UMass Lowell,Monmouth,false,false,3,2,home,final,,https://goriverhawks.com/sports/mens-soccer/stats/2017/monmouth/boxscore/5054,https://monmouthhawks.com/sports/mens-soccer/stats/2017/umass-lowell/boxscore/5063,2017-09-16-Monmouth-UMass-Lowell,regular
sidearm-2017-09-16-UMBC-George-Washington,2017-09-16,UMBC,George Washington,false,false,1,1,home,final,,https://umbcretrievers.com/sports/mens-soccer/stats/2017/george-washington/boxscore/2035,https://gwsports.com/sports/mens-soccer/stats/2017/umbc/boxscore/4131,2017-09-16-George-Washington-UMBC,regular
sidearm-2017-09-16-Missouri-State-ORU,2017-09-16,Missouri State,ORU,false,false,1,0,home,final,,https://missouristatebears.com/sports/mens-soccer/stats/2017/oru/boxscore/3477,,2017-09-16-Missouri-State-ORU,regular
sidearm-2017-09-16-Fairfield-Temple-University,2017-09-16,Fairfield,Temple University,false,false,2,0,away,final,,https://owlsports.com/sports/mens-soccer/stats/2017/fairfield/boxscore/6581,https://fairfieldstags.com/sports/mens-soccer/stats/2017/temple/boxscore/5397,2017-09-16-Fairfield-Temple-University,regular
sidearm-2017-09-16-UCONN-North-Florida,2017-09-16,UConn,North Florida,false,false,2,2,away,final,,https://unfospreys.com/sports/mens-soccer/stats/2017/uconn/boxscore/12854,,2017-09-16-North-Florida-UConn,regular
sidearm-2017-09-16-Queens-Lincoln-Memorial-University,2017-09-16,Queens,Lincoln Memorial University,false,false,3,3,unknown,final,,https://queensathletics.com/sports/mens-soccer/stats/2017/lincoln-memorial-university/boxscore/6071,,2017-09-16-Lincoln-Memorial-University-Queens,regular
sidearm-2017-09-16-Duquesne-Navy,2017-09-16,Duquesne,Navy,false,false,2,1,unknown,final,,https://goduquesne.com/sports/mens-soccer/stats/2017/navy/boxscore/1764,https://navysports.com/sports/mens-soccer/stats/2017/duquesne/boxscore/6119,2017-09-16-Duquesne-Navy,regular
sidearm-2017-09-16-Fordham-Quinnipiac,2017-09-16,Fordham,Quinnipiac,false,false,1,0,home,final,,https://fordhamsports.com/sports/mens-soccer/stats/2017/quinnipiac/boxscore/6276,https://gobobcats.com/sports/mens-soccer/stats/2017/fordham/boxscore/8291,2017-09-16-Fordham-Quinnipiac,regular
sidearm-2017-09-16-La-Salle-Lafayette,2017-09-16,La Salle,Lafayette,false,false,2,1,away,final,,https://goexplorers.com/sports/mens-soccer/stats/2017/lafayette/boxscore/6798,https://goleopards.com/boxscore.aspx?id=13981,2017-09-16-La-Salle-Lafayette,regular
sidearm-2017-09-16-Loyola-Chicago-Wisconsin,2017-09-16,Loyola Chicago,Wisconsin,false,false,0,2,home,final,,https://loyolaramblers.com/sports/mens-soccer/stats/2017/wisconsin/boxscore/4141,https://uwbadgers.com/sports/mens-soccer/stats/2017/loyola-university-chicago/boxscore/8514,2017-09-16-Loyola-Chicago-Wisconsin,regular
sidearm-2017-09-16-St.-Bonaventure-Hartwick,2017-09-16,St. Bonaventure,Hartwick,false,false,3,1,unknown,final,,https://gobonnies.com/sports/mens-soccer/stats/2017/hartwick/boxscore/1837,,2017-09-16-Hartwick-St.-Bonaventure,regular
sidearm-2017-09-16-Saint-Louis-Akron,2017-09-16,Saint Louis,Akron,false,false,0,0,away,final,,https://slubillikens.com/sports/mens-soccer/stats/2017/akron/boxscore/6537,https://gozips.com/sports/mens-soccer/stats/2017/saint-louis/boxscore/5244,2017-09-16-Akron-Saint-Louis,regular
sidearm-2017-09-16-Butler-Creighton,2017-09-16,Butler,Creighton,false,false,3,2,away,final,,https://butlersports.com/sports/mens-soccer/stats/2017/creighton/boxscore/5290,https://gocreighton.com/sports/mens-soccer/stats/2017/butler/boxscore/8759,2017-09-16-Butler-Creighton,regular
sidearm-2017-09-16-Providence-DePaul,2017-09-16,Providence,DePaul,false,false,0,0,away,final,,https://friars.com/sports/mens-soccer/stats/2017/depaul/boxscore/2524,,2017-09-16-DePaul-Providence,regular
sidearm-2017-09-16-Georgetown-Xavier,2017-09-16,Georgetown,Xavier,true,false,0,1,home,final,,https://goxavier.com/sports/mens-soccer/stats/2017/-9-georgetown/boxscore/6846,,2017-09-16-Georgetown-Xavier,regular
sidearm-2017-09-16-Villanova-Marquette,2017-09-16,Villanova,Marquette,false,false,3,1,away,final,,https://gomarquette.com/sports/mens-soccer/stats/2017/villanova/boxscore/2442,https://villanova.com/sports/mens-soccer/stats/2017/marquette-university/boxscore/4095,2017-09-16-Marquette-Villanova,regular
sidearm-2017-09-16-Seton-Hall-St.-John's,2017-09-16,Seton Hall,St. John's,false,false,0,1,away,final,,https://redstormsports.com/sports/mens-soccer/stats/2017/seton-hall/boxscore/2667,https://shupirates.com/sports/mens-soccer/stats/2017/st-john-s/boxscore/2757,2017-09-16-Seton-Hall-St.-John's,regular
sidearm-2017-09-16-VMI-Gardner-Webb,2017-09-16,VMI,Gardner-Webb,false,false,0,5,away,final,,https://gwusports.com/sports/mens-soccer/stats/2017/vmi/boxscore/4857,https://vmikeydets.com/sports/mens-soccer/stats/2017/gardner-webb/boxscore/3856,2017-09-16-Gardner-Webb-VMI,regular
sidearm-2017-09-16-High-Point-USC-Upstate,2017-09-16,High Point,USC Upstate,false,false,1,1,away,final,,https://highpointpanthers.com/sports/mens-soccer/stats/2017/usc-upstate/boxscore/10559,https://upstatespartans.com/sports/mens-soccer/stats/2017/high-point/boxscore/1417,2017-09-16-High-Point-USC-Upstate,regular
sidearm-2017-09-16-Longwood-Appalachian-State,2017-09-16,Longwood,Appalachian State,false,false,0,1,unknown,final,,https://longwoodlancers.com/sports/mens-soccer/stats/2017/appalachian-state/boxscore/5818,,2017-09-16-Appalachian-State-Longwood,regular
sidearm-2017-09-16-Presbyterian-Furman,2017-09-16,Presbyterian,Furman,false,false,1,2,unknown,final,,https://furmanpaladins.com/sports/mens-soccer/stats/2017/presbyterian/boxscore/2424,,2017-09-16-Furman-Presbyterian,regular
sidearm-2017-09-16-Radford-Howard,2017-09-16,Radford,Howard,false,false,2,0,home,final,,https://radfordathletics.com/sports/mens-soccer/stats/2017/howard/boxscore/8717,https://hubison.com/sports/mens-soccer/stats/2017/radford-university/boxscore/5006,2017-09-16-Howard-Radford,regular
sidearm-2017-09-16-UNCG-UNC-Asheville,2017-09-16,UNC Greensboro,UNC Asheville,false,false,2,0,away,final,,https://uncabulldogs.com/sports/mens-soccer/stats/2017/uncg/boxscore/3677,https://uncgspartans.com/sports/mens-soccer/stats/2017/unc-asheville/boxscore/5120,2017-09-16-UNC-Asheville-UNC-Greensboro,regular
sidearm-2017-09-16-Winthrop-Georgia-State,2017-09-16,Winthrop,Georgia State,false,false,2,3,unknown,final,,https://winthropeagles.com/sports/mens-soccer/stats/2017/georgia-state/boxscore/19333,https://georgiastatesports.com/news/2017/9/16/211667799.aspx,2017-09-16-Georgia-State-Winthrop,regular
sidearm-2017-09-16-Campbell-William-&-Mary,2017-09-16,Campbell,William & Mary,false,false,0,2,away,final,,https://gocamels.com/sports/mens-soccer/stats/2017/william-amp-mary/boxscore/2093,https://tribeathletics.com/sports/mens-soccer/stats/2017/campbell/boxscore/10077,2017-09-16-Campbell-William-&-Mary,regular
sidearm-2017-09-16-Northeastern-Charleston,2017-09-16,Northeastern,Charleston,false,false,1,0,away,final,,https://cofcsports.com/sports/mens-soccer/stats/2017/northeastern/boxscore/7249,https://nuhuskies.com/sports/mens-soccer/stats/2017/college-of-charleston/boxscore/7571,2017-09-16-Charleston-Northeastern,regular
sidearm-2017-09-16-Hofstra-Elon-University,2017-09-16,Hofstra,Elon University,false,false,1,1,unknown,final,,https://gohofstra.com/sports/mens-soccer/stats/2017/elon-university/boxscore/7937,,2017-09-16-Elon-University-Hofstra,regular
sidearm-2017-09-16-Cleveland-State-Northern-Kentucky,2017-09-16,Cleveland State,Northern Kentucky,false,false,0,0,home,final,,https://csuvikings.com/sports/mens-soccer/stats/2017/northern-kentucky/boxscore/10106,https://nkunorse.com/sports/mens-soccer/stats/2017/cleveland-state/boxscore/3997,2017-09-16-Cleveland-State-Northern-Kentucky,regular
sidearm-2017-09-16-Detroit-Mercy-Green-Bay,2017-09-16,Detroit Mercy,Green Bay,false,false,1,3,away,final,,https://detroittitans.com/sports/mens-soccer/stats/2017/green-bay/boxscore/3905,,2017-09-16-Detroit-Mercy-Green-Bay,regular
sidearm-2017-09-16-IU-Indy-Oakland,2017-09-16,IU Indy,Oakland,false,false,0,3,away,final,,https://iuindyjags.com/sports/mens-soccer/stats/2017/oakland/boxscore/6143,,2017-09-16-IU-Indy-Oakland,regular
sidearm-2017-09-16-Milwaukee-Belmont,2017-09-16,Milwaukee,Belmont University,false,false,1,2,unknown,final,,https://mkepanthers.com/sports/mens-soccer/stats/2017/belmont/boxscore/7574,https://belmontbruins.com/sports/mens-soccer/stats/2017/milwaukee/boxscore/1522,2017-09-16-Belmont-University-Milwaukee,regular
sidearm-2017-09-16-Oakland-IUPUI,2017-09-16,Oakland,IUPUI,false,false,3,0,unknown,final,,,,2017-09-16-IUPUI-Oakland,regular
sidearm-2017-09-16-Bradley-Purdue-Fort-Wayne,2017-09-16,Bradley,Purdue Fort Wayne,false,false,3,0,away,final,,https://gomastodons.com/sports/mens-soccer/stats/2017/bradley/boxscore/11336,,2017-09-16-Bradley-Purdue-Fort-Wayne,regular
sidearm-2017-09-16-Robert-Morris-Bucknell,2017-09-16,Robert Morris,Bucknell,false,false,1,1,unknown,final,,https://rmucolonials.com/sports/mens-soccer/stats/2017/bucknell/boxscore/5565,,2017-09-16-Bucknell-Robert-Morris,regular
sidearm-2017-09-16-UIC-Wright-State,2017-09-16,UIC,Wright State,false,false,0,2,away,final,,https://wsuraiders.com/sports/mens-soccer/stats/2017/uic/boxscore/4217,https://uicflames.com/sports/mens-soccer/stats/2017/wright-state/boxscore/10483,2017-09-16-UIC-Wright-State,regular
sidearm-2017-09-16-Cornell-Canisius-College,2017-09-16,Cornell,Canisius,false,false,1,2,unknown,final,,https://cornellbigred.com/sports/mens-soccer/stats/2017/canisius-college/boxscore/24085,https://gogriffs.com/sports/mens-soccer/stats/2017/cornell/boxscore/5573,2017-09-16-Canisius-Cornell,regular
sidearm-2017-09-16-Holy-Cross-Dartmouth-College,2017-09-16,Holy Cross,Dartmouth College,false,false,0,5,away,final,,https://dartmouthsports.com/sports/mens-soccer/stats/2017/holy-cross/boxscore/8012,,2017-09-16-Dartmouth-College-Holy-Cross,regular
sidearm-2017-09-16-Harvard-Boston-University,2017-09-16,Harvard,Boston University,false,false,0,1,away,final,,https://gocrimson.com/sports/mens-soccer/stats/2017/boston-university/boxscore/10873,https://goterriers.com/sports/mens-soccer/stats/2017/harvard/boxscore/7030,2017-09-16-Boston-University-Harvard,regular
sidearm-2017-09-16-Iona-Hartford,2017-09-16,Iona,Hartford,false,false,1,1,unknown,final,,https://ionagaels.com/sports/mens-soccer/stats/2017/hartford/boxscore/7861,,2017-09-16-Hartford-Iona,regular
sidearm-2017-09-16-Manhattan-St.-Francis-Brooklyn,2017-09-16,Manhattan,St. Francis Brooklyn,false,false,1,2,unknown,final,,https://gojaspers.com/sports/mens-soccer/stats/2017/st-francis-brooklyn/boxscore/5069,,2017-09-16-Manhattan-St.-Francis-Brooklyn,regular
sidearm-2017-09-16-Merrimack-College-New-Haven,2017-09-16,Merrimack College,New Haven,false,false,3,0,unknown,final,,https://merrimackathletics.com/sports/mens-soccer/stats/2017/new-haven/boxscore/1907,https://newhavenchargers.com/sports/mens-soccer/stats/2017/merrimack/boxscore/7604,2017-09-16-Merrimack-College-New-Haven,regular
sidearm-2017-09-16-Rider-University-LIU-Brooklyn,2017-09-16,Rider University,LIU Brooklyn,false,false,2,1,unknown,final,,https://gobroncs.com/sports/mens-soccer/stats/2017/liu-brooklyn/boxscore/4348,,2017-09-16-LIU-Brooklyn-Rider-University,regular
sidearm-2017-09-16-Sacred-Heart-Siena,2017-09-16,Sacred Heart,Siena,false,false,1,2,home,final,,https://sacredheartpioneers.com/sports/mens-soccer/stats/2017/siena/boxscore/3428,,2017-09-16-Sacred-Heart-Siena,regular
sidearm-2017-09-16-Drake-Valparaiso,2017-09-16,Drake,Valparaiso,false,false,2,3,unknown,final,,https://godrakebulldogs.com/sports/mens-soccer/stats/2017/valparaiso/boxscore/7388,,2017-09-16-Drake-Valparaiso,regular
sidearm-2017-09-16-Le-Moyne-College-Southern-New-Hampshire-University,2017-09-16,Le Moyne College,Southern New Hampshire University,false,false,2,2,unknown,final,,https://lemoynedolphins.com/sports/mens-soccer/stats/2017/southern-new-hampshire-university/boxscore/9107,,2017-09-16-Le-Moyne-College-Southern-New-Hampshire-University,regular
sidearm-2017-09-16-Mercyhurst-West-Chester-University-of-Pennsylvania,2017-09-16,Mercyhurst,West Chester University of Pennsylvania,false,false,1,3,unknown,final,,https://hurstathletics.com/sports/mens-soccer/stats/2017/west-chester-university-of-pennsylvania/boxscore/9372,,2017-09-16-Mercyhurst-West-Chester-University-of-Pennsylvania,regular
sidearm-2017-09-16-Stonehill-College-American-International-College,2017-09-16,Stonehill College,American International College,false,false,3,1,unknown,final,,https://stonehillskyhawks.com/sports/mens-soccer/stats/2017/american-international-college/boxscore/2235,,2017-09-16-American-International-College-Stonehill-College,regular
sidearm-2017-09-16-Western-Illinois-Kansas-City,2017-09-16,Western Illinois,Kansas City,false,false,3,2,home,final,,https://goleathernecks.com/sports/mens-soccer/stats/2017/kansas-city/boxscore/5926,,2017-09-16-Kansas-City-Western-Illinois,regular
sidearm-2017-09-16-UTRGV-Our-Lady-of-the-Lake,2017-09-16,UTRGV,Our Lady of the Lake,false,false,4,1,unknown,final,,https://goutrgv.com/sports/mens-soccer/stats/2017/our-lady-of-the-lake/boxscore/24325,,2017-09-16-Our-Lady-of-the-Lake-UTRGV,regular
sidearm-2017-09-16-Northwest-Nazarene-California-Baptist,2017-09-16,Northwest Nazarene,California Baptist,false,false,0,5,away,final,,https://cbulancers.com/sports/mens-soccer/stats/2017/northwest-nazarene/boxscore/7946,,2017-09-16-California-Baptist-Northwest-Nazarene,regular
sidearm-2017-09-16-San-Diego-State-Cal-Poly,2017-09-16,San Diego State,Cal Poly,false,false,0,1,away,final,https://goaztecs.com/sports/mens-soccer/schedule,https://gopoly.com/sports/mens-soccer/stats/2017/san-diego-state/boxscore/1599,,2017-09-16-Cal-Poly-San-Diego-State,regular
sidearm-2017-09-16-Boston-University-Alumni-Game-(exh.),2017-09-16,Boston University,Alumni Game,false,false,,,home,scheduled,,,,2017-09-16-Alumni-Game-Boston-University,exhibition
sidearm-2017-09-16-ETSU-Liberty,2017-09-16,ETSU,Liberty,false,false,1,0,home,final,,https://libertyflames.com/sports/mens-soccer/stats/2017/etsu/boxscore/10952,,2017-09-16-ETSU-Liberty,regular
sidearm-2017-09-16-Oral-Roberts-Missouri-St.,2017-09-16,Oral Roberts,Missouri State,false,false,0,1,unknown,final,,https://oruathletics.com/sports/mens-soccer/stats/2017/missouri-st-/boxscore/2093,,2017-09-16-Missouri-State-Oral-Roberts,regular
sidearm-2017-09-16-Saint-John's-St.-Thomas,2017-09-16,St. John's,St. Thomas,false,false,1,5,away,final,,https://tommiesports.com/sports/msoc/stats/2017/saint-john-s/boxscore/4813,,2017-09-16-St.-John's-St.-Thomas,regular
sidearm-2017-09-16-UMass-Colgate,2017-09-16,UMass,Colgate,false,false,2,1,home,final,,https://umassathletics.com/sports/mens-soccer/stats/2017/colgate/boxscore/10336,,2017-09-16-Colgate-UMass,regular
sidearm-2017-09-16-Georgia-Southern-Coastal-Carolina,2017-09-16,Georgia Southern,Coastal Carolina,false,false,2,1,away,final,,https://gseagles.com/sports/mens-soccer/stats/2017/coastal-carolina/boxscore/5099,,2017-09-16-Coastal-Carolina-Georgia-Southern,regular
wmtwp-2017-09-16-Kentucky-University-of-New-Mexico,2017-09-16,University of New Mexico,Kentucky,false,false,0,1,away,final,https://ukathletics.com/sports/msoc/schedule/2017,,,2017-09-16-Kentucky-University-of-New-Mexico,regular
sidearm-2017-09-16-Marshall-South-Carolina,2017-09-16,Marshall,South Carolina,false,false,2,1,home,final,https://gamecocksonline.com/sports/msoc/schedule/2017,https://gamecocksonline.com/boxscore/marshall-34/,,2017-09-16-Marshall-South-Carolina,regular
sidearm-2017-09-16-George-Mason-West-Virginia,2017-09-16,George Mason,West Virginia,false,false,2,3,away,final,,https://wvusports.com/sports/mens-soccer/stats/2017/george-mason/boxscore/3960,,2017-09-16-George-Mason-West-Virginia,regular
sidearm-2017-09-17-San-Francisco-California,2017-09-17,San Francisco,California,false,false,2,3,away,final,,https://calbears.com/sports/mens-soccer/stats/2017/san-francisco/boxscore/16962,https://usfdons.com/sports/mens-soccer/stats/2017/california/boxscore/4668,2017-09-17-California-San-Francisco,regular
sidearm-2017-09-17-SMU-Brown,2017-09-17,SMU,Brown,false,false,1,0,away,final,,https://smumustangs.com/sports/mens-soccer/stats/2017/brown/boxscore/7682,https://brownbears.com/sports/mens-soccer/stats/2017/smu/boxscore/2362,2017-09-17-Brown-SMU,regular
wmt-2017-09-17-Stanford-Yale,2017-09-17,Stanford,Yale,false,false,3,1,home,final,https://gostanford.com/sports/mens-soccer/schedule,https://gostanford.com/boxscore/7170,https://yalebulldogs.com/sports/mens-soccer/stats/2017/stanford/boxscore/3275,2017-09-17-Stanford-Yale,regular
sidearm-2017-09-17-Vermont-UC-Riverside,2017-09-17,Vermont,UC Riverside,false,false,2,0,home,final,,https://uvmathletics.com/sports/mens-soccer/stats/2017/uc-riverside/boxscore/2538,https://gohighlanders.com/sports/mens-soccer/stats/2017/vermont/boxscore/11454,2017-09-17-UC-Riverside-Vermont,regular
sidearm-2017-09-17-Charlotte-Jacksonville-,2017-09-17,Charlotte,Jacksonville,false,false,1,0,home,final,,https://charlotte49ers.com/sports/mens-soccer/stats/2017/jacksonville/boxscore/7520,https://judolphins.com/sports/mens-soccer/stats/2017/charlotte/boxscore/1804,2017-09-17-Charlotte-Jacksonville,regular
sidearm-2017-09-17-South-Florida-Loyola-Marymount,2017-09-17,South Florida,Loyola Marymount,false,false,1,0,home,final,,https://gousfbulls.com/sports/mens-soccer/stats/2017/loyola-marymount/boxscore/10105,,2017-09-17-Loyola-Marymount-South-Florida,regular
sidearm-2017-09-17-Bellarmine-University-of-Southern-Indiana,2017-09-17,Bellarmine,University of Southern Indiana,false,false,2,1,away,final,,https://athletics.bellarmine.edu/sports/mens-soccer/stats/2017/university-of-southern-indiana/boxscore/4690,https://gousieagles.com/sports/mens-soccer/stats/2017/bellarmine-university/boxscore/3761,2017-09-17-Bellarmine-University-of-Southern-Indiana,regular
sidearm-2017-09-17-Stetson-Mercer,2017-09-17,Stetson,Mercer,false,false,2,1,away,final,,https://gohatters.com/sports/mens-soccer/stats/2017/mercer/boxscore/5548,https://mercerbears.com/sports/mens-soccer/stats/2017/stetson-university/boxscore/5028,2017-09-17-Mercer-Stetson,regular
sidearm-2017-09-17-Dayton-Western-Michigan,2017-09-17,Dayton,Western Michigan,false,false,0,1,home,final,,https://daytonflyers.com/sports/mens-soccer/stats/2017/western-michigan/boxscore/6592,https://wmubroncos.com/sports/mens-soccer/stats/2017/university-of-dayton/boxscore/6722,2017-09-17-Dayton-Western-Michigan,regular
sidearm-2017-09-17-Northwestern-Indiana,2017-09-17,Northwestern,Indiana,false,false,0,2,away,final,https://nusports.com/sports/mens-soccer/schedule,https://iuhoosiers.com/sports/mens-soccer/stats/2017/northwestern/boxscore/12361,https://nusports.com/boxscore/5149,2017-09-17-Indiana-Northwestern,regular
sidearm-2017-09-17-Penn-State-Maryland,2017-09-17,Penn State,Maryland,false,true,0,2,away,final,https://gopsusports.com/sports/mens-soccer/schedule,https://umterps.com/sports/mens-soccer/stats/2017/penn-state/boxscore/7475,https://gopsusports.com/boxscore/6093,2017-09-17-Maryland-Penn-State,regular
sidearm-2017-09-17-Michigan-#6-Michigan-State,2017-09-17,Michigan,Michigan State,false,true,0,1,home,final,,https://mgoblue.com/sports/mens-soccer/stats/2017/michigan-state/boxscore/10807,https://msuspartans.com/sports/mens-soccer/stats/2017/michigan/boxscore/6270,2017-09-17-Michigan-Michigan-State,regular
sidearm-2017-09-17-Rutgers-Ohio-State,2017-09-17,Rutgers,Ohio State,false,false,0,1,away,final,,https://ohiostatebuckeyes.com/sports/mens-soccer/stats/2017/rutgers/boxscore/10134,https://scarletknights.com/sports/mens-soccer/stats/2017/ohio-state/boxscore/4640,2017-09-17-Ohio-State-Rutgers,regular
sidearm-2017-09-17-Washington-Santa-Clara,2017-09-17,Washington,Santa Clara,false,false,4,3,home,final,,https://gohuskies.com/sports/mens-soccer/stats/2017/santa-clara/boxscore/13164,https://santaclarabroncos.com/sports/mens-soccer/stats/2017/washington/boxscore/2684,2017-09-17-Santa-Clara-Washington,regular
sidearm-2017-09-17-Cal-State-Fullerton-San-Diego,2017-09-17,Cal State Fullerton,San Diego,false,false,1,1,unknown,final,,https://fullertontitans.com/sports/mens-soccer/stats/2017/san-diego/boxscore/2762,,2017-09-17-Cal-State-Fullerton-San-Diego,regular
sidearm-2017-09-17-Sacramento-State-Northern-Illinois,2017-09-17,Sacramento State,Northern Illinois,false,false,4,3,unknown,final,,https://hornetsports.com/sports/mens-soccer/stats/2017/northern-illinois/boxscore/1873,,2017-09-17-Northern-Illinois-Sacramento-State,regular
sidearm-2017-09-17-UC-Santa-Barbara-Club-América-U-20,2017-09-17,UC Santa Barbara,Club América U-20,false,false,2,1,unknown,final,,https://ucsbgauchos.com/sports/mens-soccer/stats/2017/club-am-eacute-rica-u-20/boxscore/2145,,2017-09-17-Club-América-U-20-UC-Santa-Barbara,regular
sidearm-2017-09-17-Utah-Valley-Sacramento-State-vs-Northern-Illinois,2017-09-17,Utah Valley,Sacramento State vs Northern Illinois,false,false,,,unknown,scheduled,,,,2017-09-17-Sacramento-State-vs-Northern-Illinois-Utah-Valley,regular
sidearm-2017-09-17-Utah-Valley-Omaha,2017-09-17,Utah Valley,Omaha,false,true,1,3,home,final,,https://wolverinegreen.com/sports/mens-soccer/stats/2017/-9-omaha/boxscore/6037,https://omavs.com/sports/mens-soccer/stats/2017/utah-valley/boxscore/9805,2017-09-17-Omaha-Utah-Valley,regular
sidearm-2017-09-17-Seattle-Drexel,2017-09-17,Seattle,Drexel,false,false,1,0,away,final,https://goseattleu.com/sports/mens-soccer/schedule,https://drexeldragons.com/sports/mens-soccer/stats/2017/seattle/boxscore/5828,https://goseattleu.com/boxscore/2251,2017-09-17-Drexel-Seattle,regular
sidearm-2017-09-17-Penn-SIUE,2017-09-17,Penn,SIUE,false,false,2,0,unknown,final,,https://pennathletics.com/sports/mens-soccer/stats/2017/monmouth/boxscore/8865,,2017-09-17-Penn-SIUE,regular
sidearm-2017-09-17-Marist-Army-West-Point,2017-09-17,Marist,Army,false,false,1,2,home,final,,https://goredfoxes.com/sports/mens-soccer/stats/2017/army-west-point/boxscore/8260,https://goarmywestpoint.com/sports/mens-soccer/stats/2017/marist/boxscore/9974,2017-09-17-Army-Marist,regular
sidearm-2017-09-17-University-of-Evansville-Eastern-Illinois,2017-09-17,University of Evansville,Eastern Illinois,false,false,2,0,unknown,final,,https://gopurpleaces.com/sports/mens-soccer/stats/2017/eastern-illinois/boxscore/8173,https://eiupanthers.com/sports/mens-soccer/stats/2017/evansville/boxscore/6308,2017-09-17-Eastern-Illinois-University-of-Evansville,regular
sidearm-2017-09-17-Air-Force-UC-Davis,2017-09-17,Air Force,UC Davis,true,false,3,0,home,final,,https://ucdavisaggies.com/sports/mens-soccer/stats/2017/-rv-air-force/boxscore/3570,,2017-09-17-Air-Force-UC-Davis,regular
wmt-2017-09-17-Pacific-San-Jose-State,2017-09-17,Pacific,San Jose State,false,false,2,1,away,final,https://sjsuspartans.com/sports/mens-soccer/schedule,https://pacifictigers.com/sports/mens-soccer/stats/2017/san-jose-state/boxscore/1894,https://sjsuspartans.com/documents/2018/8/6/1127__m_soccer_2017_18_box_score__stats_20170918aaa.pdf,2017-09-17-Pacific-San-Jose-State,regular
sidearm-2017-09-17-UNLV-Gonzaga,2017-09-17,UNLV,Gonzaga,false,false,3,0,home,final,,,,2017-09-17-Gonzaga-UNLV,regular
sidearm-2017-09-17-Grand-Canyon-CSUN,2017-09-17,Grand Canyon,CSUN,false,false,2,4,home,final,,https://gculopes.com/sports/mens-soccer/stats/2017/csun/boxscore/9362,,2017-09-17-CSUN-Grand-Canyon,regular
sidearm-2017-09-17-Oregon-State-#RV-Portland,2017-09-17,Oregon State,#RV Portland,false,false,0,1,home,final,,https://osubeavers.com/sports/mens-soccer/stats/2017/portland/boxscore/9100,,2017-09-17-#RV-Portland-Oregon-State,regular
sidearm-2017-09-17-UC-San-Diego-Stanislaus-State,2017-09-17,UC San Diego,Stanislaus State,false,false,4,0,unknown,final,,https://ucsdtritons.com/sports/mens-soccer/stats/2017/stanislaus-state/boxscore/6178,,2017-09-17-Stanislaus-State-UC-San-Diego,regular
sidearm-2017-09-17-Delaware-UNCW,2017-09-17,Delaware,UNC Wilmington,false,false,0,1,home,final,,,,2017-09-17-Delaware-UNC-Wilmington,regular
sidearm-2017-09-17-Denver-Saint-Mary's,2017-09-17,Denver,Saint Mary's,false,false,0,1,home,final,,https://denverpioneers.com/sports/mens-soccer/stats/2017/saint-mary-s/boxscore/2443,,2017-09-17-Denver-Saint-Mary's,regular
sidearm-2017-09-17-Portland-Oregon-State,2017-09-17,Portland,Oregon State,false,false,1,0,home,final,,https://portlandpilots.com/boxscore.aspx?id=13253,,2017-09-17-Oregon-State-Portland,regular
sidearm-2017-09-18-UC-Irvine-Lipscomb,2017-09-18,UC Irvine,Lipscomb,false,false,3,0,away,final,,https://lipscombsports.com/sports/mens-soccer/stats/2017/uc-irvine/boxscore/7996,https://ucirvinesports.com/sports/mens-soccer/stats/2017/lipscomb/boxscore/4700,2017-09-18-Lipscomb-UC-Irvine,regular
sidearm-2017-09-18-Valparaiso-Purdue-Fort-Wayne,2017-09-18,Valparaiso,Purdue Fort Wayne,false,false,1,2,away,final,,https://gomastodons.com/sports/mens-soccer/stats/2017/valparaiso/boxscore/11844,,2017-09-18-Purdue-Fort-Wayne-Valparaiso,regular
sidearm-2017-09-19-Boston-College-Providence,2017-09-19,Boston College,Providence,false,false,2,1,home,final,,https://bceagles.com/sports/mens-soccer/stats/2017/providence/boxscore/15105,https://friars.com/sports/mens-soccer/stats/2017/boston-college/boxscore/2525,2017-09-19-Boston-College-Providence,regular
wmt-2017-09-19-Clemson-UCLA,2017-09-19,Clemson,UCLA,false,false,3,0,home,final,https://clemsontigers.com/sports/mens-soccer/schedule,https://clemsontigers.com/boxscore/3832,https://uclabruins.com/boxscore/5167,2017-09-19-Clemson-UCLA,regular
sidearm-2017-09-19-Duke-Wisconsin,2017-09-19,Duke,Wisconsin,false,false,4,3,home,final,,https://goduke.com/sports/mens-soccer/stats/2017/wisconsin/boxscore/1173,https://uwbadgers.com/sports/mens-soccer/stats/2017/duke/boxscore/8515,2017-09-19-Duke-Wisconsin,regular
sidearm-2017-09-19-Louisville-IUPUI,2017-09-19,Louisville,IUPUI,false,false,3,0,home,final,,https://gocards.com/sports/mens-soccer/stats/2017/iupui/boxscore/13992,,2017-09-19-IUPUI-Louisville,regular
sidearm-2017-09-19-Elon-NC-State,2017-09-19,Elon,NC State,false,false,0,0,away,final,,https://gopack.com/sports/mens-soccer/stats/2017/elon/boxscore/11362,,2017-09-19-Elon-NC-State,regular
wmt-2017-09-19-Bowling-Green-Notre-Dame,2017-09-19,Notre Dame,Bowling Green,false,false,2,1,home,final,https://fightingirish.com/sports/msoc/schedule,https://fightingirish.com/boxscore/12754,,2017-09-19-Bowling-Green-Notre-Dame,regular
sidearm-2017-09-19-Syracuse-Cornell,2017-09-19,Syracuse,Cornell,false,false,0,1,home,final,,https://cuse.com/sports/mens-soccer/stats/2017/cornell/boxscore/7949,https://cornellbigred.com/sports/mens-soccer/stats/2017/syracuse-university/boxscore/24086,2017-09-19-Cornell-Syracuse,regular
sidearm-2017-09-19-North-Carolina-George-Washington,2017-09-19,North Carolina,George Washington,false,false,4,1,home,final,,https://goheels.com/sports/mens-soccer/stats/2017/george-washington/boxscore/15020,https://gwsports.com/sports/mens-soccer/stats/2017/north-carolina/boxscore/4132,2017-09-19-George-Washington-North-Carolina,regular
wmt-2017-09-19-Davidson-College-Virginia-Tech,2017-09-19,Virginia Tech,Davidson College,false,false,2,1,home,final,https://hokiesports.com/sports/mens-soccer/schedule,https://hokiesports.com/boxscore/10282,https://davidsonwildcats.com/sports/mens-soccer/stats/2017/virginia-tech/boxscore/5095,2017-09-19-Davidson-College-Virginia-Tech,regular
sidearm-2017-09-19-Wake-Forest-High-Point,2017-09-19,Wake Forest,High Point,false,false,1,0,home,final,,https://highpointpanthers.com/sports/mens-soccer/stats/2017/wake-forest/boxscore/10560,,2017-09-19-High-Point-Wake-Forest,regular
sidearm-2017-09-19-UMKC-Missouri-State,2017-09-19,Kansas City,Missouri State,false,false,0,1,away,final,,https://missouristatebears.com/sports/mens-soccer/stats/2017/umkc/boxscore/3497,,2017-09-19-Kansas-City-Missouri-State,regular
sidearm-2017-09-19-Temple-University-Duquesne-,2017-09-19,Temple University,Duquesne,false,false,4,1,home,final,,https://owlsports.com/sports/mens-soccer/stats/2017/duquesne/boxscore/6582,https://goduquesne.com/sports/mens-soccer/stats/2017/temple/boxscore/1765,2017-09-19-Duquesne-Temple-University,regular
sidearm-2017-09-19-Creighton--Tulsa,2017-09-19,Creighton,Tulsa,false,false,2,1,away,final,,https://tulsahurricane.com/sports/mens-soccer/stats/2017/creighton/boxscore/8324,https://gocreighton.com/sports/mens-soccer/stats/2017/tulsa/boxscore/8760,2017-09-19-Creighton-Tulsa,regular
sidearm-2017-09-19-FGCU-UCF,2017-09-19,FGCU,UCF,false,false,1,0,away,final,https://ucfknights.com/sports/mens-soccer/schedule,https://fgcuathletics.com/sports/mens-soccer/stats/2017/ucf/boxscore/6415,https://ucfknights.com/boxscore/3229,2017-09-19-FGCU-UCF,regular
sidearm-2017-09-19-Saint-Joseph's-Villanova,2017-09-19,Saint Joseph's,Villanova,false,false,0,3,home,final,,https://sjuhawks.com/sports/mens-soccer/stats/2017/villanova/boxscore/2549,https://villanova.com/sports/mens-soccer/stats/2017/saint-josephs-university/boxscore/4096,2017-09-19-Saint-Joseph's-Villanova,regular
sidearm-2017-09-19-VCU-Old-Dominion,2017-09-19,VCU,Old Dominion,false,false,0,1,home,final,https://odusports.com/sports/mens-soccer/schedule,https://vcuathletics.com/sports/mens-soccer/stats/2017/old-dominion/boxscore/1713,https://odusports.com/boxscore/9200,2017-09-19-Old-Dominion-VCU,regular
sidearm-2017-09-19-Lehigh-Seton-Hall,2017-09-19,Lehigh,Seton Hall,false,false,3,1,away,final,,https://shupirates.com/sports/mens-soccer/stats/2017/lehigh/boxscore/2758,https://lehighsports.com/sports/mens-soccer/stats/2017/seton-hall/boxscore/10534,2017-09-19-Lehigh-Seton-Hall,regular
sidearm-2017-09-19-Presbyterian-Georgia-State,2017-09-19,Presbyterian,Georgia State,false,false,0,2,unknown,final,,https://georgiastatesports.com/news/2017/9/19/211668402.aspx,,2017-09-19-Georgia-State-Presbyterian,regular
sidearm-2017-09-19-UNC-Asheville-Wofford,2017-09-19,UNC Asheville,Wofford,false,false,2,0,home,final,,https://uncabulldogs.com/sports/mens-soccer/stats/2017/wofford/boxscore/3678,https://athletics.wofford.edu/sports/mens-soccer/stats/2017/unc-asheville/boxscore/3951,2017-09-19-UNC-Asheville-Wofford,regular
sidearm-2017-09-19-Winthrop-Georgia-Southern,2017-09-19,Winthrop,Georgia Southern,false,false,1,2,away,final,,https://winthropeagles.com/sports/mens-soccer/stats/2017/georgia-southern/boxscore/19334,https://gseagles.com/sports/mens-soccer/stats/2017/winthrop/boxscore/5100,2017-09-19-Georgia-Southern-Winthrop,regular
sidearm-2017-09-19-Rutgers-Canisius,2017-09-19,Rutgers,Canisius,false,false,1,2,home,final,,https://scarletknights.com/sports/mens-soccer/stats/2017/canisius/boxscore/4641,https://gogriffs.com/sports/mens-soccer/stats/2017/rutgers/boxscore/5574,2017-09-19-Canisius-Rutgers,regular
sidearm-2017-09-19-Hofstra-Columbia-University,2017-09-19,Hofstra,Columbia University,false,false,,,unknown,canceled,,,,2017-09-19-Columbia-University-Hofstra,regular
sidearm-2017-09-19-IU-Indy-Louisville,2017-09-19,IU Indy,Louisville,false,false,0,3,away,final,,https://iuindyjags.com/sports/mens-soccer/stats/2017/louisville/boxscore/6144,,2017-09-19-IU-Indy-Louisville,regular
sidearm-2017-09-19-Robert-Morris-Pittsburgh,2017-09-19,Robert Morris,Pittsburgh,false,false,1,2,unknown,final,,https://rmucolonials.com/sports/mens-soccer/stats/2017/pittsburgh/boxscore/5566,,2017-09-19-Pittsburgh-Robert-Morris,regular
sidearm-2017-09-19-Eastern-Illinois-Wright-State,2017-09-19,Eastern Illinois,Wright State,false,false,0,2,away,final,,https://wsuraiders.com/sports/mens-soccer/stats/2017/eastern-illinois/boxscore/4218,https://eiupanthers.com/sports/mens-soccer/stats/2017/wright-state/boxscore/6309,2017-09-19-Eastern-Illinois-Wright-State,regular
sidearm-2017-09-19-Harvard-Rhode-Island,2017-09-19,Harvard,Rhode Island,false,false,,,unknown,scheduled,,,,2017-09-19-Harvard-Rhode-Island,regular
sidearm-2017-09-19-Boston-University-Princeton,2017-09-19,Boston University,Princeton,false,false,1,1,away,final,,https://goprincetontigers.com/sports/mens-soccer/stats/2017/boston-university/boxscore/12420,https://goterriers.com/sports/mens-soccer/stats/2017/princeton/boxscore/7038,2017-09-19-Boston-University-Princeton,regular
sidearm-2017-09-19-Rider-University-Fairleigh-Dickinson-University,2017-09-19,Rider University,Fairleigh Dickinson University,false,false,2,1,unknown,final,,https://gobroncs.com/sports/mens-soccer/stats/2017/fairleigh-dickinson-university/boxscore/4349,,2017-09-19-Fairleigh-Dickinson-University-Rider-University,regular
sidearm-2017-09-19-Saint-Peter's-Bucknell,2017-09-19,Saint Peter's,Bucknell,false,false,1,1,unknown,final,,https://saintpeterspeacocks.com/sports/mens-soccer/stats/2017/bucknell/boxscore/881,,2017-09-19-Bucknell-Saint-Peter's,regular
sidearm-2017-09-19-Siena-Hartwick,2017-09-19,Siena,Hartwick,false,false,1,2,unknown,final,,,,2017-09-19-Hartwick-Siena,regular
sidearm-2017-09-19-Mercyhurst-Ohio-Valley-University,2017-09-19,Mercyhurst,Ohio Valley University,false,false,2,0,unknown,final,,https://hurstathletics.com/sports/mens-soccer/stats/2017/ohio-valley-university/boxscore/9373,,2017-09-19-Mercyhurst-Ohio-Valley-University,regular
sidearm-2017-09-19-American-West-Virginia,2017-09-19,American,West Virginia,false,false,0,3,away,final,,https://aueagles.com/sports/mens-soccer/stats/2017/west-virginia/boxscore/1616,https://wvusports.com/sports/mens-soccer/stats/2017/american/boxscore/3961,2017-09-19-American-West-Virginia,regular
sidearm-2017-09-19-Furman-South-Carolina,2017-09-19,Furman,South Carolina,true,false,0,1,home,final,https://gamecocksonline.com/sports/msoc/schedule/2017,https://furmanpaladins.com/sports/mens-soccer/stats/2017/south-carolina/boxscore/2425,https://gamecocksonline.com/boxscore/no-13-furman/,2017-09-19-Furman-South-Carolina,regular
sidearm-2017-09-19-Central-Connecticut-State-UMass,2017-09-19,Central Connecticut State,UMass,false,false,1,1,away,final,,https://umassathletics.com/sports/mens-soccer/stats/2017/central-connecticut-state/boxscore/10337,,2017-09-19-Central-Connecticut-State-UMass,regular
sidearm-2017-09-20-NJIT-USC-Upstate,2017-09-20,NJIT,USC Upstate,false,false,2,1,away,final,,https://njithighlanders.com/sports/mens-soccer/stats/2017/usc-upstate/boxscore/5908,https://upstatespartans.com/sports/mens-soccer/stats/2017/njit/boxscore/1418,2017-09-20-NJIT-USC-Upstate,regular
sidearm-2017-09-20-Dartmouth-UMass-Lowell,2017-09-20,Dartmouth College,UMass Lowell,false,false,1,0,away,final,,https://goriverhawks.com/sports/mens-soccer/stats/2017/dartmouth/boxscore/5055,https://dartmouthsports.com/sports/mens-soccer/stats/2017/umass-lowell/boxscore/8014,2017-09-20-Dartmouth-College-UMass-Lowell,regular
sidearm-2017-09-20-UMBC-Navy,2017-09-20,UMBC,Navy,false,false,2,0,home,final,,https://umbcretrievers.com/sports/mens-soccer/stats/2017/navy/boxscore/2036,https://navysports.com/sports/mens-soccer/stats/2017/umbc/boxscore/6120,2017-09-20-Navy-UMBC,regular
sidearm-2017-09-20-South-Florida-North-Florida,2017-09-20,South Florida,North Florida,false,false,5,1,home,final,,https://gousfbulls.com/sports/mens-soccer/stats/2017/north-florida/boxscore/10106,,2017-09-20-North-Florida-South-Florida,regular
sidearm-2017-09-20-USF-North-Florida,2017-09-20,USF,North Florida,false,false,5,1,away,final,,https://unfospreys.com/sports/mens-soccer/stats/2017/usf/boxscore/12855,,2017-09-20-North-Florida-USF,regular
sidearm-2017-09-20-Queens-Tusculum-College,2017-09-20,Queens,Tusculum College,false,false,4,3,unknown,final,,https://queensathletics.com/sports/mens-soccer/stats/2017/tusculum-college/boxscore/6073,,2017-09-20-Queens-Tusculum-College,regular
sidearm-2017-09-20-Dayton-Oakland,2017-09-20,Dayton,Oakland,false,false,6,2,unknown,final,,https://daytonflyers.com/sports/mens-soccer/stats/2017/oakland/boxscore/6593,,2017-09-20-Dayton-Oakland,regular
sidearm-2017-09-20-Fordham-Manhattan,2017-09-20,Fordham,Manhattan,false,false,3,0,unknown,final,,https://fordhamsports.com/sports/mens-soccer/stats/2017/manhattan/boxscore/6277,https://gojaspers.com/sports/mens-soccer/stats/2017/fordham/boxscore/5070,2017-09-20-Fordham-Manhattan,regular
sidearm-2017-09-20-La-Salle-Penn,2017-09-20,La Salle,Penn,false,false,3,0,unknown,final,,https://goexplorers.com/sports/mens-soccer/stats/2017/penn/boxscore/6799,https://pennathletics.com/sports/mens-soccer/stats/2017/monmouth/boxscore/8865,2017-09-20-La-Salle-Penn,regular
sidearm-2017-09-20-St.-Bonaventure-Niagara,2017-09-20,St. Bonaventure,Niagara,false,false,1,1,away,final,,https://gobonnies.com/sports/mens-soccer/stats/2017/niagara/boxscore/1838,,2017-09-20-Niagara-St.-Bonaventure,regular
sidearm-2017-09-20-DePaul-Bradley,2017-09-20,DePaul,Bradley,false,false,0,1,home,final,,,,2017-09-20-Bradley-DePaul,regular
sidearm-2017-09-20-Georgetown-Stony-Brook,2017-09-20,Georgetown,Stony Brook,true,false,3,2,unknown,final,,https://stonybrookathletics.com/sports/mens-soccer/stats/2017/no-16-georgetown/boxscore/7768,,2017-09-20-Georgetown-Stony-Brook,regular
sidearm-2017-09-20-#15-Kentucky-Xavier,2017-09-20,Kentucky,Xavier,true,false,1,1,away,final,https://ukathletics.com/sports/msoc/schedule/2017,https://goxavier.com/sports/mens-soccer/stats/2017/-15-kentucky/boxscore/6847,,2017-09-20-Kentucky-Xavier,regular
sidearm-2017-09-20-Longwood-William-&-Mary,2017-09-20,Longwood,William & Mary,false,false,0,1,away,final,,https://longwoodlancers.com/sports/mens-soccer/stats/2017/william-mary/boxscore/5836,https://tribeathletics.com/sports/mens-soccer/stats/2017/longwood/boxscore/10078,2017-09-20-Longwood-William-&-Mary,regular
sidearm-2017-09-20-Radford-James-Madison,2017-09-20,Radford,James Madison,false,false,4,3,home,final,,https://radfordathletics.com/sports/mens-soccer/stats/2017/james-madison/boxscore/8718,https://jmusports.com/sports/mens-soccer/stats/2017/radford/boxscore/13918,2017-09-20-James-Madison-Radford,regular
sidearm-2017-09-20-#12-Western-Michigan--Michigan,2017-09-20,Western Michigan,Michigan,true,false,1,0,away,final,,https://mgoblue.com/sports/mens-soccer/stats/2017/western-michigan/boxscore/10808,https://wmubroncos.com/sports/mens-soccer/stats/2017/university-of-michigan/boxscore/6723,2017-09-20-Michigan-Western-Michigan,regular
wmt-2017-09-20-Northwestern-UIC,2017-09-20,Northwestern,UIC,false,false,1,0,home,final,https://nusports.com/sports/mens-soccer/schedule,https://nusports.com/boxscore/5147,https://uicflames.com/sports/mens-soccer/stats/2017/northwestern/boxscore/10484,2017-09-20-Northwestern-UIC,regular
wmt-2017-09-20-Detroit-Mercy-Penn-State,2017-09-20,Penn State,Detroit Mercy,false,false,2,0,home,final,https://gopsusports.com/sports/mens-soccer/schedule,https://gopsusports.com/boxscore/6094,https://detroittitans.com/sports/mens-soccer/stats/2017/penn-state/boxscore/3938,2017-09-20-Detroit-Mercy-Penn-State,regular
sidearm-2017-09-20-Campbell-UNC-Greensboro,2017-09-20,Campbell,UNC Greensboro,false,false,0,1,unknown,final,,https://gocamels.com/sports/mens-soccer/stats/2017/unc-greensboro/boxscore/2094,https://uncgspartans.com/sports/mens-soccer/stats/2017/campbell/boxscore/5123,2017-09-20-Campbell-UNC-Greensboro,regular
sidearm-2017-09-20-Coastal-Carolina-Charleston,2017-09-20,Coastal Carolina,Charleston,false,false,2,1,away,final,,https://cofcsports.com/sports/mens-soccer/stats/2017/coastal-carolina/boxscore/7250,,2017-09-20-Charleston-Coastal-Carolina,regular
sidearm-2017-09-20-Monmouth-Hartford,2017-09-20,Monmouth,Hartford,false,false,3,1,unknown,final,,https://monmouthhawks.com/sports/mens-soccer/stats/2017/hartford/boxscore/5065,,2017-09-20-Hartford-Monmouth,regular
sidearm-2017-09-20-Northeastern-Holy-Cross,2017-09-20,Northeastern,Holy Cross,false,false,0,3,away,final,,https://nuhuskies.com/sports/mens-soccer/stats/2017/holy-cross/boxscore/7572,,2017-09-20-Holy-Cross-Northeastern,regular
sidearm-2017-09-20-Milwaukee-Northern-Illinois,2017-09-20,Milwaukee,Northern Illinois,false,false,1,0,away,final,,https://mkepanthers.com/sports/mens-soccer/stats/2017/northern-illinois/boxscore/7575,,2017-09-20-Milwaukee-Northern-Illinois,regular
sidearm-2017-09-20-Northern-Kentucky-Marshall,2017-09-20,Northern Kentucky,Marshall,false,false,2,2,away,final,,https://nkunorse.com/sports/mens-soccer/stats/2017/marshall/boxscore/3998,,2017-09-20-Marshall-Northern-Kentucky,regular
sidearm-2017-09-20-Iona-Sacred-Heart,2017-09-20,Iona,Sacred Heart,false,false,0,1,home,final,,https://ionagaels.com/sports/mens-soccer/stats/2017/sacred-heart/boxscore/7845,https://sacredheartpioneers.com/sports/mens-soccer/stats/2017/iona/boxscore/3429,2017-09-20-Iona-Sacred-Heart,regular
sidearm-2017-09-20-Merrimack-College-Bentley,2017-09-20,Merrimack College,Bentley,false,false,2,0,unknown,final,,https://merrimackathletics.com/sports/mens-soccer/stats/2017/bentley/boxscore/1908,,2017-09-20-Bentley-Merrimack-College,regular
sidearm-2017-09-20-Drake-Western-Illinois,2017-09-20,Drake,Western Illinois,false,false,2,1,unknown,final,,https://godrakebulldogs.com/sports/mens-soccer/stats/2017/western-illinois/boxscore/7389,https://goleathernecks.com/sports/mens-soccer/stats/2017/drake/boxscore/5927,2017-09-20-Drake-Western-Illinois,regular
sidearm-2017-09-20-Howard-Virginia-Military-Institute,2017-09-20,Howard,VMI,false,false,2,1,unknown,final,,https://hubison.com/sports/mens-soccer/stats/2017/virginia-military-institute/boxscore/5007,https://vmikeydets.com/sports/mens-soccer/stats/2017/howard/boxscore/3859,2017-09-20-Howard-VMI,regular
sidearm-2017-09-20-Le-Moyne-College-American-International-College,2017-09-20,Le Moyne College,American International College,false,false,1,0,unknown,final,,https://lemoynedolphins.com/sports/mens-soccer/stats/2017/american-international-college/boxscore/9113,,2017-09-20-American-International-College-Le-Moyne-College,regular
sidearm-2017-09-20-New-Haven-Adelphi,2017-09-20,New Haven,Adelphi,false,false,0,3,unknown,final,,https://newhavenchargers.com/sports/mens-soccer/stats/2017/adelphi/boxscore/7605,,2017-09-20-Adelphi-New-Haven,regular
sidearm-2017-09-20-Stonehill-College-Southern-Connecticut-State-University,2017-09-20,Stonehill College,Southern Connecticut State University,false,false,0,1,unknown,final,,https://stonehillskyhawks.com/sports/mens-soccer/stats/2017/southern-connecticut-state-university/boxscore/2236,,2017-09-20-Southern-Connecticut-State-University-Stonehill-College,regular
sidearm-2017-09-20-Lafayette-Albany,2017-09-20,Lafayette,Albany,false,false,0,1,unknown,final,,https://goleopards.com/boxscore.aspx?id=13981,,2017-09-20-Albany-Lafayette,regular
sidearm-2017-09-20-ETSU-George-Mason,2017-09-20,ETSU,George Mason,false,false,1,3,unknown,final,,,,2017-09-20-ETSU-George-Mason,regular
sidearm-2017-09-21-Washington-Utah-Valley,2017-09-21,Washington,Utah Valley,true,false,4,0,home,final,,https://gohuskies.com/sports/mens-soccer/stats/2017/utah-valley/boxscore/13166,https://wolverinegreen.com/sports/mens-soccer/stats/2017/-19-washington/boxscore/6038,2017-09-21-Utah-Valley-Washington,regular
sidearm-2017-09-21-Loyola-Marymount-UC-Irvine,2017-09-21,Loyola Marymount,UC Irvine,false,false,0,2,away,final,,https://ucirvinesports.com/sports/mens-soccer/stats/2017/loyola-marymount/boxscore/4701,,2017-09-21-Loyola-Marymount-UC-Irvine,regular
sidearm-2017-09-21-UC-Davis-Saint-Mary's,2017-09-21,UC Davis,Saint Mary's,false,false,1,1,away,final,,https://ucdavisaggies.com/sports/mens-soccer/stats/2017/saint-mary-s/boxscore/3571,,2017-09-21-Saint-Mary's-UC-Davis,regular
sidearm-2017-09-21-Utah-Tech-Chaminade,2017-09-21,Utah Tech,Chaminade,false,false,1,0,unknown,final,,https://utahtechtrailblazers.com/sports/mens-soccer/stats/2017/chaminade/boxscore/6969,,2017-09-21-Chaminade-Utah-Tech,regular
sidearm-2017-09-21-California-Baptist-Hawaii-Hilo,2017-09-21,California Baptist,Hawaii-Hilo,false,false,4,0,home,final,,https://cbulancers.com/sports/mens-soccer/stats/2017/hawaii-hilo/boxscore/7947,,2017-09-21-California-Baptist-Hawaii-Hilo,regular
sidearm-2017-09-21-San-Diego-CSUN,2017-09-21,San Diego,CSUN,false,false,2,0,home,final,,,,2017-09-21-CSUN-San-Diego,regular
sidearm-2017-09-22-No.-10-Louisville-Boston-College,2017-09-22,Louisville,Boston College,true,false,4,0,away,final,,https://bceagles.com/sports/mens-soccer/stats/2017/louisville/boxscore/15106,https://gocards.com/sports/mens-soccer/stats/2017/boston-college/boxscore/13993,2017-09-22-Boston-College-Louisville,regular
sidearm-2017-09-22-California-Santa-Clara,2017-09-22,California,Santa Clara,false,false,3,2,home,final,,https://calbears.com/sports/mens-soccer/stats/2017/santa-clara/boxscore/16963,https://santaclarabroncos.com/sports/mens-soccer/stats/2017/california/boxscore/2685,2017-09-22-California-Santa-Clara,regular
wmt-2017-09-22-Clemson-Pittsburgh,2017-09-22,Clemson,Pittsburgh,false,false,3,0,home,final,https://clemsontigers.com/sports/mens-soccer/schedule,https://clemsontigers.com/boxscore/3815,,2017-09-22-Clemson-Pittsburgh,regular
sidearm-2017-09-22-Syracuse-Duke,2017-09-22,Syracuse,Duke,false,false,1,2,away,final,,https://goduke.com/sports/mens-soccer/stats/2017/syracuse/boxscore/1174,https://cuse.com/sports/mens-soccer/stats/2017/duke/boxscore/7950,2017-09-22-Duke-Syracuse,regular
wmt-2017-09-22-Notre-Dame-Virginia-Tech,2017-09-22,Virginia Tech,Notre Dame,false,false,2,1,away,final,https://fightingirish.com/sports/msoc/schedule,https://fightingirish.com/boxscore/12753,https://hokiesports.com/boxscore/10283,2017-09-22-Notre-Dame-Virginia-Tech,regular
sidearm-2017-09-22-Virginia-North-Carolina,2017-09-22,Virginia,North Carolina,false,false,1,2,away,final,https://virginiasports.com/sports/msoc/schedule,https://goheels.com/sports/mens-soccer/stats/2017/virginia/boxscore/15021,https://virginiasports.com/boxscore/5145,2017-09-22-North-Carolina-Virginia,regular
sidearm-2017-09-22-Indiana-Rutgers,2017-09-22,Indiana,Rutgers,true,false,5,0,home,final,,https://iuhoosiers.com/sports/mens-soccer/stats/2017/rutgers/boxscore/12362,https://scarletknights.com/sports/mens-soccer/stats/2017/indiana/boxscore/4642,2017-09-22-Indiana-Rutgers,regular
sidearm-2017-09-22-Michigan-State-Maryland,2017-09-22,Michigan State,Maryland,false,false,0,0,away,final,,https://umterps.com/sports/mens-soccer/stats/2017/michigan-state/boxscore/7476,https://msuspartans.com/sports/mens-soccer/stats/2017/maryland/boxscore/6271,2017-09-22-Maryland-Michigan-State,regular
sidearm-2017-09-22-Ohio-State-Bowling-Green,2017-09-22,Ohio State,Bowling Green,false,false,1,0,home,final,,https://ohiostatebuckeyes.com/sports/mens-soccer/stats/2017/bowling-green/boxscore/10139,,2017-09-22-Bowling-Green-Ohio-State,regular
sidearm-2017-09-22-Cal-State-Fullerton-UNLV,2017-09-22,Cal State Fullerton,UNLV,false,false,1,0,unknown,final,,https://fullertontitans.com/sports/mens-soccer/stats/2017/unlv/boxscore/2763,,2017-09-22-Cal-State-Fullerton-UNLV,regular
sidearm-2017-09-22-Central-Conn.-St.-Columbia-University,2017-09-22,Central Conn. St.,Columbia University,false,false,0,2,away,final,,https://gocolumbialions.com/sports/mens-soccer/stats/2017/central-conn-st-/boxscore/7142,,2017-09-22-Central-Conn.-St.-Columbia-University,regular
sidearm-2017-09-22-Cornell-St.-Francis-College-Brooklyn,2017-09-22,Cornell,St. Francis College Brooklyn,false,false,2,1,unknown,final,,https://cornellbigred.com/sports/mens-soccer/stats/2017/st-francis-college-brooklyn/boxscore/24087,,2017-09-22-Cornell-St.-Francis-College-Brooklyn,regular
sidearm-2017-09-22-Siena-LIU-Brooklyn,2017-09-22,Siena,LIU Brooklyn,false,false,2,0,unknown,final,,,,2017-09-22-LIU-Brooklyn-Siena,regular
sidearm-2017-09-22-Gonzaga-Air-Force,2017-09-22,Gonzaga,Air Force,false,false,0,0,away,final,,,,2017-09-22-Air-Force-Gonzaga,regular
sidearm-2017-09-22-UNLV-CSU-Fullerton,2017-09-22,UNLV,CSU Fullerton,false,false,0,1,unknown,final,,,,2017-09-22-CSU-Fullerton-UNLV,regular
sidearm-2017-09-22-Grand-Canyon-Oral-Roberts,2017-09-22,Grand Canyon,Oral Roberts,false,false,1,0,home,final,,https://gculopes.com/sports/mens-soccer/stats/2017/oral-roberts/boxscore/9363,https://oruathletics.com/sports/mens-soccer/stats/2017/grand-canyon/boxscore/2094,2017-09-22-Grand-Canyon-Oral-Roberts,regular
sidearm-2017-09-22-Mercyhurst-Bloomsburg-University,2017-09-22,Mercyhurst,Bloomsburg University,false,false,3,1,unknown,final,,https://hurstathletics.com/sports/mens-soccer/stats/2017/bloomsburg-university/boxscore/9374,,2017-09-22-Bloomsburg-University-Mercyhurst,regular
sidearm-2017-09-22-Houston-Christian-Incarnate-Word,2017-09-22,Houston Christian,Incarnate Word,false,false,1,0,unknown,final,,https://hcuhuskies.com/sports/mens-soccer/stats/2017/incarnate-word/boxscore/3283,,2017-09-22-Houston-Christian-Incarnate-Word,regular
sidearm-2017-09-22-University-of-Southern-Indiana-University-of-Indianapolis,2017-09-22,University of Southern Indiana,University of Indianapolis,false,false,1,2,unknown,final,,https://gousieagles.com/sports/mens-soccer/stats/2017/university-of-indianapolis/boxscore/3762,,2017-09-22-University-of-Indianapolis-University-of-Southern-Indiana,regular
sidearm-2017-09-22-UTRGV-San-Diego-State,2017-09-22,UTRGV,San Diego State,false,false,2,0,away,final,https://goaztecs.com/sports/mens-soccer/schedule,https://goutrgv.com/sports/mens-soccer/stats/2017/san-diego-state/boxscore/24326,,2017-09-22-San-Diego-State-UTRGV,regular
sidearm-2017-09-22-Oregon-State-#17-Pacific,2017-09-22,Oregon State,Pacific,false,true,2,0,home,final,,https://osubeavers.com/sports/mens-soccer/stats/2017/pacific/boxscore/9101,https://pacifictigers.com/sports/mens-soccer/stats/2017/oregon-state/boxscore/1895,2017-09-22-Oregon-State-Pacific,regular
sidearm-2017-09-22-UC-San-Diego-Cal-State-Dominguez-Hills,2017-09-22,UC San Diego,Cal State Dominguez Hills,false,false,2,1,unknown,final,,https://ucsdtritons.com/sports/mens-soccer/stats/2017/cal-state-dominguez-hills/boxscore/6184,,2017-09-22-Cal-State-Dominguez-Hills-UC-San-Diego,regular
sidearm-2017-09-22-Loyola-University-Maryland-Colgate,2017-09-22,Loyola University Maryland,Colgate,false,false,2,1,home,final,,https://loyolagreyhounds.com/sports/mens-soccer/stats/2017/colgate/boxscore/4716,,2017-09-22-Colgate-Loyola-University-Maryland,regular
wmtwp-2017-09-22-New-Mexico-South-Carolina,2017-09-22,South Carolina,New Mexico,false,false,2,2,home,final,https://gamecocksonline.com/sports/msoc/schedule/2017,https://gamecocksonline.com/boxscore/new-mexico-12/,,2017-09-22-New-Mexico-South-Carolina,regular
sidearm-2017-09-22-San-Francisco-San-Jose-State-,2017-09-22,San Francisco,San Jose State,false,false,5,2,home,final,,https://usfdons.com/sports/mens-soccer/stats/2017/san-jose-state/boxscore/4669,,2017-09-22-San-Francisco-San-Jose-State,regular
sidearm-2017-09-23-NC-State-#4/6-Wake-Forest,2017-09-23,NC State,Wake Forest,false,true,0,3,home,final,,https://gopack.com/sports/mens-soccer/stats/2017/-4-6-wake-forest/boxscore/11363,,2017-09-23-NC-State-Wake-Forest,regular
wmt-2017-09-23-Saint-Louis-Stanford,2017-09-23,Saint Louis,Stanford,false,false,2,0,away,final,https://gostanford.com/sports/mens-soccer/schedule,https://gostanford.com/boxscore/7171,https://slubillikens.com/sports/mens-soccer/stats/2017/stanford/boxscore/6539,2017-09-23-Saint-Louis-Stanford,regular
sidearm-2017-09-23-Binghamton-Canisius-College,2017-09-23,Binghamton,Canisius,false,false,5,1,unknown,final,,https://bubearcats.com/boxscore.aspx?id=15684,https://gogriffs.com/sports/mens-soccer/stats/2017/binghamton/boxscore/5575,2017-09-23-Binghamton-Canisius,regular
sidearm-2017-09-23-Bryant-Fordham,2017-09-23,Bryant,Fordham,false,false,0,1,unknown,final,,https://bryantbulldogs.com/sports/mens-soccer/stats/2017/fordham/boxscore/7032,https://fordhamsports.com/sports/mens-soccer/stats/2017/bryant/boxscore/6278,2017-09-23-Bryant-Fordham,regular
sidearm-2017-09-23-Quinnipiac-New-Hampshire,2017-09-23,Quinnipiac,New Hampshire,false,true,0,1,away,final,,https://unhwildcats.com/sports/mens-soccer/stats/2017/quinnipiac/boxscore/5486,https://gobobcats.com/sports/mens-soccer/stats/2017/new-hampshire/boxscore/8292,2017-09-23-New-Hampshire-Quinnipiac,regular
sidearm-2017-09-23-NJIT-George-Washington,2017-09-23,NJIT,George Washington,false,false,0,1,home,final,,https://njithighlanders.com/sports/mens-soccer/stats/2017/george-washington/boxscore/5909,https://gwsports.com/sports/mens-soccer/stats/2017/njit/boxscore/4133,2017-09-23-George-Washington-NJIT,regular
sidearm-2017-09-23-UMBC-Western-Mich.,2017-09-23,UMBC,Western Mich.,false,false,0,2,unknown,final,,https://umbcretrievers.com/sports/mens-soccer/stats/2017/western-mich-/boxscore/2037,,2017-09-23-UMBC-Western-Mich.,regular
sidearm-2017-09-23-Vermont-Dartmouth,2017-09-23,Vermont,Dartmouth College,false,false,5,2,away,final,,https://uvmathletics.com/sports/mens-soccer/stats/2017/dartmouth/boxscore/2539,https://dartmouthsports.com/sports/mens-soccer/stats/2017/vermont/boxscore/8016,2017-09-23-Dartmouth-College-Vermont,regular
sidearm-2017-09-23-FIU-Charlotte,2017-09-23,FIU,Charlotte,false,false,2,2,away,final,,https://charlotte49ers.com/sports/mens-soccer/stats/2017/fiu/boxscore/7521,https://fiusports.com/sports/mens-soccer/stats/2017/charlotte/boxscore/6216,2017-09-23-Charlotte-FIU,regular
sidearm-2017-09-23-Cincinnati-Memphis,2017-09-23,Cincinnati,Memphis,false,false,1,3,away,final,,https://gotigersgo.com/sports/mens-soccer/stats/2017/cincinnati/boxscore/10724,,2017-09-23-Cincinnati-Memphis,regular
sidearm-2017-09-23-Missouri-State-Evansville,2017-09-23,Missouri State,University of Evansville,false,false,1,0,home,final,,https://missouristatebears.com/sports/mens-soccer/stats/2017/evansville/boxscore/3479,https://gopurpleaces.com/sports/mens-soccer/stats/2017/missouri-state/boxscore/8174,2017-09-23-Missouri-State-University-of-Evansville,regular
sidearm-2017-09-23-South-Florida-UCF,2017-09-23,South Florida,UCF,false,false,3,2,home,final,https://ucfknights.com/sports/mens-soccer/schedule,https://gousfbulls.com/sports/mens-soccer/stats/2017/ucf/boxscore/10107,https://ucfknights.com/boxscore/3230,2017-09-23-South-Florida-UCF,regular
sidearm-2017-09-23-Temple-University-UConn,2017-09-23,Temple University,UConn,false,false,0,2,home,final,,https://owlsports.com/sports/mens-soccer/stats/2017/uconn/boxscore/6583,,2017-09-23-Temple-University-UConn,regular
sidearm-2017-09-23-Old-Dominion-UAB,2017-09-23,Old Dominion,UAB,false,false,3,2,away,final,https://odusports.com/sports/mens-soccer/schedule,https://uabsports.com/sports/mens-soccer/stats/2017/old-dominion/boxscore/3369,https://odusports.com/boxscore/9201,2017-09-23-Old-Dominion-UAB,regular
sidearm-2017-09-23-Central-Arkansas-Valparaiso-University,2017-09-23,Central Arkansas,Valparaiso University,false,false,3,2,unknown,final,,https://ucasports.com/sports/mens-soccer/stats/2017/valparaiso-university/boxscore/3062,,2017-09-23-Central-Arkansas-Valparaiso-University,regular
sidearm-2017-09-23-FGCU-Jacksonville,2017-09-23,FGCU,Jacksonville,false,false,1,0,away,final,,https://fgcuathletics.com/sports/mens-soccer/stats/2017/jacksonville/boxscore/6416,https://judolphins.com/sports/mens-soccer/stats/2017/fgcu/boxscore/1805,2017-09-23-FGCU-Jacksonville,regular
sidearm-2017-09-23-USC-Upstate-Lipscomb,2017-09-23,USC Upstate,Lipscomb,false,false,0,4,away,final,,https://lipscombsports.com/sports/mens-soccer/stats/2017/usc-upstate/boxscore/7997,https://upstatespartans.com/sports/mens-soccer/stats/2017/lipscomb/boxscore/1419,2017-09-23-Lipscomb-USC-Upstate,regular
sidearm-2017-09-23-North-Florida-Stetson,2017-09-23,North Florida,Stetson,false,false,0,1,home,final,,https://unfospreys.com/sports/mens-soccer/stats/2017/stetson/boxscore/12856,https://gohatters.com/sports/mens-soccer/stats/2017/north-florida/boxscore/5443,2017-09-23-North-Florida-Stetson,regular
sidearm-2017-09-23-Queens-Carson-Newman-College,2017-09-23,Queens,Carson-Newman College,false,false,0,2,unknown,final,,https://queensathletics.com/sports/mens-soccer/stats/2017/carson-newman-college/boxscore/6075,,2017-09-23-Carson-Newman-College-Queens,regular
sidearm-2017-09-23-Dayton-West-Virginia,2017-09-23,Dayton,West Virginia,false,false,0,1,home,final,,https://daytonflyers.com/sports/mens-soccer/stats/2017/west-virginia/boxscore/6594,https://wvusports.com/sports/mens-soccer/stats/2017/dayton/boxscore/3962,2017-09-23-Dayton-West-Virginia,regular
sidearm-2017-09-23-La-Salle-Hartwick,2017-09-23,La Salle,Hartwick,false,false,2,1,unknown,final,,https://goexplorers.com/sports/mens-soccer/stats/2017/hartwick/boxscore/6800,,2017-09-23-Hartwick-La-Salle,regular
sidearm-2017-09-23-Loyola-Chicago-SIUE,2017-09-23,Loyola Chicago,SIUE,false,false,1,0,home,final,,https://loyolaramblers.com/sports/mens-soccer/stats/2017/siue/boxscore/4142,,2017-09-23-Loyola-Chicago-SIUE,regular
sidearm-2017-09-23-Rhode-Island-Brown,2017-09-23,Rhode Island,Brown,false,true,0,0,home,final,,https://gorhody.com/sports/mens-soccer/stats/2017/-25-brown/boxscore/2809,https://brownbears.com/sports/mens-soccer/stats/2017/rhode-island/boxscore/2363,2017-09-23-Brown-Rhode-Island,regular
sidearm-2017-09-23-Saint-Joseph's-Yale,2017-09-23,Saint Joseph's,Yale,false,false,0,1,unknown,final,,https://sjuhawks.com/sports/mens-soccer/stats/2017/yale/boxscore/2552,https://yalebulldogs.com/sports/mens-soccer/stats/2017/saint-joseph-s/boxscore/3276,2017-09-23-Saint-Joseph's-Yale,regular
sidearm-2017-09-23-Butler-Providence,2017-09-23,Butler,Providence,false,false,1,0,away,final,,https://butlersports.com/sports/mens-soccer/stats/2017/providence/boxscore/5291,https://friars.com/sports/mens-soccer/stats/2017/butler/boxscore/2526,2017-09-23-Butler-Providence,regular
sidearm-2017-09-23-Creighton-Villanova,2017-09-23,Creighton,Villanova,false,false,2,0,home,final,,https://gocreighton.com/sports/mens-soccer/stats/2017/villanova/boxscore/8761,https://villanova.com/sports/mens-soccer/stats/2017/creighton/boxscore/4097,2017-09-23-Creighton-Villanova,regular
sidearm-2017-09-23-DePaul-#16-Georgetown,2017-09-23,DePaul,Georgetown,false,true,1,2,home,final,,,,2017-09-23-DePaul-Georgetown,regular
sidearm-2017-09-23-Marquette-Seton-Hall,2017-09-23,Marquette,Seton Hall,false,false,4,2,home,final,,https://gomarquette.com/sports/mens-soccer/stats/2017/seton-hall/boxscore/2443,https://shupirates.com/sports/mens-soccer/stats/2017/marquette/boxscore/2759,2017-09-23-Marquette-Seton-Hall,regular
sidearm-2017-09-23-St.-John's-Xavier,2017-09-23,St. John's,Xavier,false,false,3,0,home,final,,https://redstormsports.com/sports/mens-soccer/stats/2017/xavier/boxscore/2668,https://goxavier.com/sports/mens-soccer/stats/2017/st-john-s/boxscore/6848,2017-09-23-St.-John's-Xavier,regular
sidearm-2017-09-23-Furman-Gardner-Webb,2017-09-23,Furman,Gardner-Webb,false,false,4,5,away,final,,https://gwusports.com/sports/mens-soccer/stats/2017/furman/boxscore/4858,https://furmanpaladins.com/sports/mens-soccer/stats/2017/gardner-webb/boxscore/2426,2017-09-23-Furman-Gardner-Webb,regular
sidearm-2017-09-23-High-Point-UNC-Asheville,2017-09-23,High Point,UNC Asheville,false,false,3,0,home,final,,https://highpointpanthers.com/sports/mens-soccer/stats/2017/unc-asheville/boxscore/10561,https://uncabulldogs.com/sports/mens-soccer/stats/2017/high-point/boxscore/3679,2017-09-23-High-Point-UNC-Asheville,regular
sidearm-2017-09-23-Longwood-George-Mason,2017-09-23,Longwood,George Mason,false,false,0,2,unknown,final,,https://longwoodlancers.com/sports/mens-soccer/stats/2017/george-mason/boxscore/5820,,2017-09-23-George-Mason-Longwood,regular
sidearm-2017-09-23-Presbyterian-Winthrop,2017-09-23,Presbyterian,Winthrop,false,false,2,0,home,final,,https://winthropeagles.com/sports/mens-soccer/stats/2017/presbyterian-college/boxscore/19335,,2017-09-23-Presbyterian-Winthrop,regular
sidearm-2017-09-23-Campbell-Radford,2017-09-23,Campbell,Radford,false,false,1,5,away,final,,https://radfordathletics.com/sports/mens-soccer/stats/2017/campbell/boxscore/8719,https://gocamels.com/sports/mens-soccer/stats/2017/radford/boxscore/2095,2017-09-23-Campbell-Radford,regular
wmt-2017-09-23-Penn-State-Wisconsin,2017-09-23,Wisconsin,Penn State,false,false,1,0,away,final,https://gopsusports.com/sports/mens-soccer/schedule,https://gopsusports.com/boxscore/6095,https://uwbadgers.com/sports/mens-soccer/stats/2017/penn-state/boxscore/8516,2017-09-23-Penn-State-Wisconsin,regular
sidearm-2017-09-23-UC-Santa-Barbara-Portland,2017-09-23,UC Santa Barbara,Portland,false,false,1,0,unknown,final,,https://ucsbgauchos.com/sports/mens-soccer/stats/2017/portland/boxscore/2146,https://portlandpilots.com/boxscore.aspx?id=13253,2017-09-23-Portland-UC-Santa-Barbara,regular
sidearm-2017-09-23-Charleston-Hofstra,2017-09-23,Charleston,Hofstra,false,false,0,0,home,final,,https://cofcsports.com/sports/mens-soccer/stats/2017/hofstra/boxscore/7251,https://gohofstra.com/sports/mens-soccer/stats/2017/college-of-charleston/boxscore/7939,2017-09-23-Charleston-Hofstra,regular
sidearm-2017-09-23-Drexel-Penn,2017-09-23,Drexel,Penn,false,false,2,1,home,final,,https://drexeldragons.com/sports/mens-soccer/stats/2017/penn/boxscore/5829,https://pennathletics.com/sports/mens-soccer/stats/2017/monmouth/boxscore/8865,2017-09-23-Drexel-Penn,regular
sidearm-2017-09-23-Northeastern-Delaware,2017-09-23,Northeastern,Delaware,false,false,0,1,away,final,,https://nuhuskies.com/sports/mens-soccer/stats/2017/delaware/boxscore/7573,,2017-09-23-Delaware-Northeastern,regular
sidearm-2017-09-23-William-&-Mary-UNCW,2017-09-23,William & Mary,UNC Wilmington,false,false,1,2,away,final,,https://tribeathletics.com/sports/mens-soccer/stats/2017/uncw/boxscore/10079,,2017-09-23-UNC-Wilmington-William-&-Mary,regular
sidearm-2017-09-23-Cleveland-State-Oakland,2017-09-23,Cleveland State,Oakland,false,false,3,0,away,final,,https://csuvikings.com/sports/mens-soccer/stats/2017/oakland/boxscore/10107,,2017-09-23-Cleveland-State-Oakland,regular
sidearm-2017-09-23-Detroit-Mercy-Belmont,2017-09-23,Detroit Mercy,Belmont University,false,false,4,0,unknown,final,,https://detroittitans.com/sports/mens-soccer/stats/2017/belmont/boxscore/3906,https://belmontbruins.com/sports/mens-soccer/stats/2017/detroit-mercy/boxscore/1523,2017-09-23-Belmont-University-Detroit-Mercy,regular
sidearm-2017-09-23-IU-Indy-Northern-Kentucky,2017-09-23,IU Indy,Northern Kentucky,false,false,0,3,home,final,,https://iuindyjags.com/sports/mens-soccer/stats/2017/northern-kentucky/boxscore/6145,,2017-09-23-IU-Indy-Northern-Kentucky,regular
sidearm-2017-09-23-Milwaukee-UIC,2017-09-23,Milwaukee,UIC,false,false,1,2,unknown,final,,https://mkepanthers.com/sports/mens-soccer/stats/2017/uic/boxscore/7576,https://uicflames.com/sports/mens-soccer/stats/2017/milwaukee/boxscore/10485,2017-09-23-Milwaukee-UIC,regular
sidearm-2017-09-23-Northern-Kentucky-IUPUI,2017-09-23,Northern Kentucky,IUPUI,false,false,3,0,unknown,final,,https://nkunorse.com/sports/mens-soccer/stats/2017/iupui/boxscore/3999,,2017-09-23-IUPUI-Northern-Kentucky,regular
sidearm-2017-09-23-Purdue-Fort-Wayne-Western-Illinois-,2017-09-23,Purdue Fort Wayne,Western Illinois,false,false,1,3,home,final,,https://gomastodons.com/sports/mens-soccer/stats/2017/western-illinois/boxscore/11338,,2017-09-23-Purdue-Fort-Wayne-Western-Illinois,regular
sidearm-2017-09-23-Wright-State-Green-Bay,2017-09-23,Wright State,Green Bay,false,false,1,2,home,final,,https://wsuraiders.com/sports/mens-soccer/stats/2017/green-bay/boxscore/4219,,2017-09-23-Green-Bay-Wright-State,regular
sidearm-2017-09-23-#21-Fairleigh-Dickinson-Princeton,2017-09-23,Fairleigh Dickinson,Princeton,true,false,0,2,away,final,,https://goprincetontigers.com/sports/mens-soccer/stats/2017/fairleigh-dickinson/boxscore/12421,,2017-09-23-Fairleigh-Dickinson-Princeton,regular
sidearm-2017-09-23-Merrimack-College-American-Int'l,2017-09-23,Merrimack College,American Int'l,false,false,3,3,unknown,final,,https://merrimackathletics.com/sports/mens-soccer/stats/2017/american-int-l/boxscore/1909,,2017-09-23-American-Int'l-Merrimack-College,regular
sidearm-2017-09-23-Drake-UMKC,2017-09-23,Drake,Kansas City,false,false,2,1,away,final,,https://godrakebulldogs.com/sports/mens-soccer/stats/2017/umkc/boxscore/7390,,2017-09-23-Drake-Kansas-City,regular
sidearm-2017-09-23-Western-Michigan-University-of-Maryland-Baltimore-County,2017-09-23,Western Michigan,UMBC,false,false,2,0,unknown,final,,https://wmubroncos.com/sports/mens-soccer/stats/2017/university-of-maryland-baltimore-county/boxscore/6724,,2017-09-23-UMBC-Western-Michigan,regular
sidearm-2017-09-23-Utah-Tech-Biola,2017-09-23,Utah Tech,Biola,false,false,1,0,unknown,final,,https://utahtechtrailblazers.com/sports/mens-soccer/stats/2017/biola/boxscore/6970,,2017-09-23-Biola-Utah-Tech,regular
sidearm-2017-09-23-Le-Moyne-College-University-of-New-Haven,2017-09-23,Le Moyne College,New Haven,false,false,3,0,home,final,,https://lemoynedolphins.com/sports/mens-soccer/stats/2017/university-of-new-haven/boxscore/9115,https://newhavenchargers.com/sports/mens-soccer/stats/2017/le-moyne/boxscore/7606,2017-09-23-Le-Moyne-College-New-Haven,regular
sidearm-2017-09-23-Stonehill-College-Southern-New-Hampshire-University,2017-09-23,Stonehill College,Southern New Hampshire University,false,true,2,4,unknown,final,,https://stonehillskyhawks.com/sports/mens-soccer/stats/2017/no-14-southern-new-hampshire-university/boxscore/2237,,2017-09-23-Southern-New-Hampshire-University-Stonehill-College,regular
sidearm-2017-09-23-Eastern-Illinois-Omaha,2017-09-23,Eastern Illinois,Omaha,false,false,0,0,away,final,,https://eiupanthers.com/sports/mens-soccer/stats/2017/omaha/boxscore/6310,https://omavs.com/sports/mens-soccer/stats/2017/eastern-illinois/boxscore/9806,2017-09-23-Eastern-Illinois-Omaha,regular
sidearm-2017-09-23-Western-Illinois-Fort-Wayne,2017-09-23,Western Illinois,Fort Wayne,false,false,3,1,unknown,final,,https://goleathernecks.com/sports/mens-soccer/stats/2017/fort-wayne/boxscore/5928,,2017-09-23-Fort-Wayne-Western-Illinois,regular
sidearm-2017-09-23-California-Baptist-Hawai'i-Pacific,2017-09-23,California Baptist,Hawai'i Pacific,false,false,4,3,home,final,,https://cbulancers.com/sports/mens-soccer/stats/2017/hawai-i-pacific/boxscore/7948,,2017-09-23-California-Baptist-Hawai'i-Pacific,regular
sidearm-2017-09-23-Cal-Poly-CSU-Bakersfield,2017-09-23,Cal Poly,CSU Bakersfield,false,false,1,0,home,final,,https://gopoly.com/sports/mens-soccer/stats/2017/csu-bakersfield/boxscore/1600,,2017-09-23-CSU-Bakersfield-Cal-Poly,regular
sidearm-2017-09-23-American-Boston-U.,2017-09-23,American,Boston University,false,false,0,2,away,final,,https://aueagles.com/sports/mens-soccer/stats/2017/boston-u-/boxscore/1617,https://goterriers.com/sports/mens-soccer/stats/2017/american/boxscore/7031,2017-09-23-American-Boston-University,regular
sidearm-2017-09-23-Lehigh-Army,2017-09-23,Lehigh,Army,false,false,1,0,away,final,,https://goarmywestpoint.com/sports/mens-soccer/stats/2017/lehigh/boxscore/9975,https://lehighsports.com/sports/mens-soccer/stats/2017/army-west-point/boxscore/10535,2017-09-23-Army-Lehigh,regular
sidearm-2017-09-23-Lafayette-Bucknell,2017-09-23,Lafayette,Bucknell,false,false,1,0,away,final,,,,2017-09-23-Bucknell-Lafayette,regular
sidearm-2017-09-23-Navy-Holy-Cross,2017-09-23,Navy,Holy Cross,false,false,1,1,away,final,,https://navysports.com/sports/mens-soccer/stats/2017/holy-cross/boxscore/6121,,2017-09-23-Holy-Cross-Navy,regular
sidearm-2017-09-23-Liberty-Wofford,2017-09-23,Liberty,Wofford,false,false,3,1,home,final,,https://libertyflames.com/sports/mens-soccer/stats/2017/wofford/boxscore/10953,https://athletics.wofford.edu/sports/mens-soccer/stats/2017/liberty-university/boxscore/3950,2017-09-23-Liberty-Wofford,regular
sidearm-2017-09-23-Georgia-Southern-Mercer,2017-09-23,Georgia Southern,Mercer,false,false,1,2,away,final,,https://mercerbears.com/sports/mens-soccer/stats/2017/georgia-southern/boxscore/3882,https://gseagles.com/sports/mens-soccer/stats/2017/mercer/boxscore/5101,2017-09-23-Georgia-Southern-Mercer,regular
sidearm-2017-09-23-UNC-Greensboro-Appalachian-State,2017-09-23,UNC Greensboro,Appalachian State,false,false,1,0,unknown,final,,https://uncgspartans.com/sports/mens-soccer/stats/2017/appalachian-state/boxscore/5126,,2017-09-23-Appalachian-State-UNC-Greensboro,regular
sidearm-2017-09-23-Gustavus-Adolphus-St.-Thomas,2017-09-23,Gustavus Adolphus,St. Thomas,false,false,1,4,away,final,,https://tommiesports.com/sports/msoc/stats/2017/gustavus-adolphus/boxscore/4814,,2017-09-23-Gustavus-Adolphus-St.-Thomas,regular
sidearm-2017-09-23-UMass-Hartford,2017-09-23,UMass,Hartford,false,false,3,0,home,final,,https://umassathletics.com/sports/mens-soccer/stats/2017/hartford/boxscore/10338,,2017-09-23-Hartford-UMass,regular
sidearm-2017-09-23-Elon-James-Madison,2017-09-23,Elon,James Madison,false,false,0,0,away,final,,https://jmusports.com/sports/mens-soccer/stats/2017/elon/boxscore/13919,,2017-09-23-Elon-James-Madison,regular
sidearm-2017-09-24-SMU-Tulsa,2017-09-24,SMU,Tulsa,false,false,0,1,home,final,,https://smumustangs.com/sports/mens-soccer/stats/2017/tulsa/boxscore/7683,https://tulsahurricane.com/sports/mens-soccer/stats/2017/smu/boxscore/8325,2017-09-24-SMU-Tulsa,regular
sidearm-2017-09-24-Akron-UMass-Lowell,2017-09-24,Akron,UMass Lowell,false,true,5,0,away,final,,https://goriverhawks.com/sports/mens-soccer/stats/2017/akron/boxscore/5056,https://gozips.com/sports/mens-soccer/stats/2017/umass-lowell/boxscore/5245,2017-09-24-Akron-UMass-Lowell,regular
sidearm-2017-09-24-No.-15-Kentucky-FAU,2017-09-24,Kentucky,FAU,true,false,4,0,away,final,https://ukathletics.com/sports/msoc/schedule/2017,https://fausports.com/sports/mens-soccer/stats/2017/no-15-kentucky/boxscore/3642,,2017-09-24-FAU-Kentucky,regular
sidearm-2017-09-24-Bellarmine-University-of-Indianapolis,2017-09-24,Bellarmine,University of Indianapolis,false,false,0,1,unknown,final,,https://athletics.bellarmine.edu/sports/mens-soccer/stats/2017/university-of-indianapolis/boxscore/4691,,2017-09-24-Bellarmine-University-of-Indianapolis,regular
sidearm-2017-09-24-Duquesne-Robert-Morris,2017-09-24,Duquesne,Robert Morris,false,false,1,1,away,final,,https://goduquesne.com/sports/mens-soccer/stats/2017/robert-morris/boxscore/1766,https://rmucolonials.com/sports/mens-soccer/stats/2017/duquesne/boxscore/5567,2017-09-24-Duquesne-Robert-Morris,regular
sidearm-2017-09-24-St.-Bonaventure-Marist,2017-09-24,St. Bonaventure,Marist,false,false,3,1,unknown,final,,https://gobonnies.com/sports/mens-soccer/stats/2017/marist/boxscore/1839,https://goredfoxes.com/sports/mens-soccer/stats/2017/st-bonaventure-university/boxscore/8261,2017-09-24-Marist-St.-Bonaventure,regular
sidearm-2017-09-24-VCU-Coastal-Carolina,2017-09-24,VCU,Coastal Carolina,false,false,1,0,home,final,,https://vcuathletics.com/sports/mens-soccer/stats/2017/coastal-carolina/boxscore/1714,,2017-09-24-Coastal-Carolina-VCU,regular
sidearm-2017-09-24-Michigan-Northwestern,2017-09-24,Michigan,Northwestern,false,false,3,1,home,final,https://nusports.com/sports/mens-soccer/schedule,https://mgoblue.com/sports/mens-soccer/stats/2017/northwestern/boxscore/10809,https://nusports.com/boxscore/5151,2017-09-24-Michigan-Northwestern,regular
wmt-2017-09-24-Cal-State-Northridge-UCLA,2017-09-24,UCLA,Cal State Northridge,false,false,2,1,home,final,https://uclabruins.com/sports/mens-soccer/schedule,https://uclabruins.com/boxscore/5170,,2017-09-24-Cal-State-Northridge-UCLA,regular
sidearm-2017-09-24-#24-Seattle-Washington,2017-09-24,Seattle,Washington,true,false,0,2,away,final,https://goseattleu.com/sports/mens-soccer/schedule,https://gohuskies.com/sports/mens-soccer/stats/2017/seattle/boxscore/13167,https://goseattleu.com/boxscore/2250,2017-09-24-Seattle-Washington,regular
sidearm-2017-09-24-Sacramento-State-Saint-Mary's,2017-09-24,Sacramento State,Saint Mary's,false,false,0,1,away,final,,https://hornetsports.com/sports/mens-soccer/stats/2017/saint-mary-s/boxscore/1874,,2017-09-24-Sacramento-State-Saint-Mary's,regular
sidearm-2017-09-24-UC-Irvine-San-Francisco,2017-09-24,UC Irvine,San Francisco,false,false,1,2,home,final,,https://ucirvinesports.com/sports/mens-soccer/stats/2017/san-francisco/boxscore/4702,https://usfdons.com/sports/mens-soccer/stats/2017/uc-irvine/boxscore/4670,2017-09-24-San-Francisco-UC-Irvine,regular
sidearm-2017-09-24-Utah-Valley-Gonzaga,2017-09-24,Utah Valley,Gonzaga,false,false,1,2,home,final,,https://wolverinegreen.com/sports/mens-soccer/stats/2017/gonzaga/boxscore/6039,,2017-09-24-Gonzaga-Utah-Valley,regular
sidearm-2017-09-24-Harvard-Albany,2017-09-24,Harvard,Albany,false,false,1,3,unknown,final,,https://gocrimson.com/sports/mens-soccer/stats/2017/albany/boxscore/10875,,2017-09-24-Albany-Harvard,regular
wmt-2017-09-24-San-Diego-San-Jose-State,2017-09-24,San Jose State,San Diego,false,false,0,1,home,final,https://sjsuspartans.com/sports/mens-soccer/schedule,https://usdtoreros.com/documents/2018/5/10/13564__m_soccer_2017_18_box_score__stats_20170925aaa.pdf,,2017-09-24-San-Diego-San-Jose-State,regular
sidearm-2017-09-24-UNLV-Oral-Roberts,2017-09-24,UNLV,Oral Roberts,false,false,5,1,unknown,final,,https://oruathletics.com/sports/mens-soccer/stats/2017/unlv/boxscore/2095,,2017-09-24-Oral-Roberts-UNLV,regular
sidearm-2017-09-24-Howard-LIU-Brooklyn,2017-09-24,Howard,LIU Brooklyn,false,false,1,3,unknown,final,,https://hubison.com/sports/mens-soccer/stats/2017/liu-brooklyn/boxscore/5008,,2017-09-24-Howard-LIU-Brooklyn,regular
sidearm-2017-09-24-Mercyhurst-University-of-Pittsburgh-at-Johnstown,2017-09-24,Mercyhurst,University of Pittsburgh at Johnstown,false,false,13,1,unknown,final,,https://hurstathletics.com/sports/mens-soccer/stats/2017/university-of-pittsburgh-at-johnstown/boxscore/9375,,2017-09-24-Mercyhurst-University-of-Pittsburgh-at-Johnstown,regular
sidearm-2017-09-24-Lindenwood-Upper-Iowa-University,2017-09-24,Lindenwood,Upper Iowa University,false,true,2,1,unknown,final,,https://lindenwoodlions.com/sports/mens-soccer/stats/2017/-16-upper-iowa-university/boxscore/16162,,2017-09-24-Lindenwood-Upper-Iowa-University,regular
sidearm-2017-09-24-University-of-Southern-Indiana-University-of-Wisconsin-Parkside,2017-09-24,University of Southern Indiana,University of Wisconsin-Parkside,false,false,2,0,unknown,final,,https://gousieagles.com/sports/mens-soccer/stats/2017/university-of-wisconsin-parkside/boxscore/3763,,2017-09-24-University-of-Southern-Indiana-University-of-Wisconsin-Parkside,regular
sidearm-2017-09-24-UTRGV-San-Diego-State-vs.-Incarnate-Word,2017-09-24,UTRGV,San Diego State vs. Incarnate Word,false,false,1,0,unknown,final,,,,2017-09-24-San-Diego-State-vs.-Incarnate-Word-UTRGV,regular
wmt-2017-09-24-Incarnate-Word-San-Diego-State,2017-09-24,San Diego State,Incarnate Word,false,false,1,0,neutral,final,https://goaztecs.com/sports/mens-soccer/schedule,,,2017-09-24-Incarnate-Word-San-Diego-State,regular
sidearm-2017-09-24-Loyola-Marymount-UC-Riverside,2017-09-24,Loyola Marymount,UC Riverside,false,false,2,1,away,final,,https://gohighlanders.com/sports/mens-soccer/stats/2017/loyola-marymount/boxscore/11455,,2017-09-24-Loyola-Marymount-UC-Riverside,regular
sidearm-2017-09-24-UC-San-Diego-Cal-State-LA,2017-09-24,UC San Diego,Cal State LA,false,false,0,0,unknown,final,,https://ucsdtritons.com/sports/mens-soccer/stats/2017/cal-state-la/boxscore/6194,,2017-09-24-Cal-State-LA-UC-San-Diego,regular
sidearm-2017-09-25-Colgate-Syracuse,2017-09-25,Colgate,Syracuse,false,false,0,2,away,final,,https://cuse.com/sports/mens-soccer/stats/2017/colgate/boxscore/7951,,2017-09-25-Colgate-Syracuse,regular
wmt-2017-09-25-Davidson-College-Virginia,2017-09-25,Virginia,Davidson College,true,false,2,1,home,final,https://virginiasports.com/sports/msoc/schedule,https://virginiasports.com/boxscore/5117,https://davidsonwildcats.com/sports/mens-soccer/stats/2017/no-9-virginia/boxscore/5096,2017-09-25-Davidson-College-Virginia,regular
sidearm-2017-09-25-Northern-Kentucky-Memphis,2017-09-25,Northern Kentucky,Memphis,false,false,2,0,away,final,,https://gotigersgo.com/sports/mens-soccer/stats/2017/northern-kentucky/boxscore/10725,https://nkunorse.com/sports/mens-soccer/stats/2017/memphis/boxscore/4000,2017-09-25-Memphis-Northern-Kentucky,regular
sidearm-2017-09-25-Cleveland-State-Loyola,2017-09-25,Cleveland State,Loyola,false,false,2,1,unknown,final,,https://csuvikings.com/sports/mens-soccer/stats/2017/loyola/boxscore/10108,,2017-09-25-Cleveland-State-Loyola,regular
sidearm-2017-09-25-Cal-Poly-Portland,2017-09-25,Cal Poly,Portland,false,false,3,1,home,final,,https://gopoly.com/sports/mens-soccer/stats/2017/portland/boxscore/1601,https://portlandpilots.com/boxscore.aspx?id=13253,2017-09-25-Cal-Poly-Portland,regular
sidearm-2017-09-25-Loyola-University-Maryland-Cleveland-State,2017-09-25,Loyola University Maryland,Cleveland State,false,false,1,2,unknown,final,,https://loyolagreyhounds.com/sports/mens-soccer/stats/2017/cleveland-state/boxscore/4717,,2017-09-25-Cleveland-State-Loyola-University-Maryland,regular
sidearm-2017-09-26-Boston-College-Rhode-Island,2017-09-26,Boston College,Rhode Island,false,false,1,2,home,final,,https://bceagles.com/sports/mens-soccer/stats/2017/rhode-island/boxscore/15108,https://gorhody.com/sports/mens-soccer/stats/2017/boston-college/boxscore/2810,2017-09-26-Boston-College-Rhode-Island,regular
wmt-2017-09-26-Charlotte-Clemson,2017-09-26,Clemson,Charlotte,true,false,4,1,home,final,https://clemsontigers.com/sports/mens-soccer/schedule,https://clemsontigers.com/boxscore/3814,https://charlotte49ers.com/sports/mens-soccer/stats/2017/clemson/boxscore/7522,2017-09-26-Charlotte-Clemson,regular
sidearm-2017-09-26-Duke-Appalachian-State,2017-09-26,Duke,Appalachian State,false,false,1,0,home,final,,https://goduke.com/sports/mens-soccer/stats/2017/appalachian-state/boxscore/1175,,2017-09-26-Appalachian-State-Duke,regular
sidearm-2017-09-26-Louisville-USF,2017-09-26,Louisville,USF,false,false,1,1,home,final,,https://gocards.com/sports/mens-soccer/stats/2017/usf/boxscore/13994,,2017-09-26-Louisville-USF,regular
sidearm-2017-09-26-NC-State-UNC-Asheville,2017-09-26,NC State,UNC Asheville,false,false,3,0,home,final,,https://gopack.com/sports/mens-soccer/stats/2017/unc-asheville/boxscore/11364,https://uncabulldogs.com/sports/mens-soccer/stats/2017/n-c-state/boxscore/3680,2017-09-26-NC-State-UNC-Asheville,regular
wmt-2017-09-26-Indiana-Notre-Dame,2017-09-26,Indiana,Notre Dame,true,true,1,0,away,final,https://fightingirish.com/sports/msoc/schedule,https://fightingirish.com/boxscore/12752,https://iuhoosiers.com/sports/mens-soccer/stats/2017/notre-dame/boxscore/12363,2017-09-26-Indiana-Notre-Dame,regular
sidearm-2017-09-26-Winthrop-North-Carolina,2017-09-26,Winthrop,North Carolina,false,false,0,4,neutral,final,,https://goheels.com/sports/mens-soccer/stats/2017/winthrop/boxscore/15022,https://winthropeagles.com/sports/mens-soccer/stats/2017/north-carolina/boxscore/19336,2017-09-26-North-Carolina-Winthrop,regular
wmt-2017-09-26-Longwood-Virginia-Tech,2017-09-26,Virginia Tech,Longwood,false,false,2,0,home,final,https://hokiesports.com/sports/mens-soccer/schedule,https://hokiesports.com/boxscore/10284,https://longwoodlancers.com/sports/mens-soccer/stats/2017/virginia-tech/boxscore/5821,2017-09-26-Longwood-Virginia-Tech,regular
sidearm-2017-09-26-Wake-Forest-South-Carolina,2017-09-26,Wake Forest,South Carolina,true,false,2,1,home,final,https://gamecocksonline.com/sports/msoc/schedule/2017,https://gamecocksonline.com/boxscore/no-2-wake-forest-2/,,2017-09-26-South-Carolina-Wake-Forest,regular
sidearm-2017-09-26-Binghamton-Cornell-University,2017-09-26,Binghamton,Cornell,false,false,2,3,away,final,,https://bubearcats.com/boxscore.aspx?id=15684,https://cornellbigred.com/sports/mens-soccer/stats/2017/binghamton-university/boxscore/24340,2017-09-26-Binghamton-Cornell,regular
sidearm-2017-09-26-UMBC-Maryland,2017-09-26,UMBC,Maryland,false,false,1,1,away,final,,https://umbcretrievers.com/sports/mens-soccer/stats/2017/maryland/boxscore/2038,https://umterps.com/sports/mens-soccer/stats/2017/umbc/boxscore/7477,2017-09-26-Maryland-UMBC,regular
sidearm-2017-09-26-Vermont-Harvard,2017-09-26,Vermont,Harvard,false,false,2,0,unknown,final,,https://uvmathletics.com/sports/mens-soccer/stats/2017/harvard/boxscore/3531,https://gocrimson.com/sports/mens-soccer/stats/2017/vermont/boxscore/10876,2017-09-26-Harvard-Vermont,regular
sidearm-2017-09-26-FIU-UNF,2017-09-26,FIU,UNF,false,false,5,0,unknown,final,,https://fiusports.com/sports/mens-soccer/stats/2017/unf/boxscore/6217,,2017-09-26-FIU-UNF,regular
sidearm-2017-09-26-#8-Louisville-South-Florida,2017-09-26,Louisville,South Florida,true,false,1,1,away,final,,https://gousfbulls.com/sports/mens-soccer/stats/2017/louisville/boxscore/10132,,2017-09-26-Louisville-South-Florida,regular
sidearm-2017-09-26-Central-Arkansas-Drake-University,2017-09-26,Central Arkansas,Drake,false,false,3,1,home,final,,https://ucasports.com/sports/mens-soccer/stats/2017/drake-university/boxscore/2996,https://godrakebulldogs.com/sports/mens-soccer/stats/2017/central-arkansas/boxscore/7391,2017-09-26-Central-Arkansas-Drake,regular
sidearm-2017-09-26-FIU-North-Florida,2017-09-26,FIU,North Florida,false,false,5,0,away,final,,https://unfospreys.com/sports/mens-soccer/stats/2017/fiu/boxscore/12857,,2017-09-26-FIU-North-Florida,regular
sidearm-2017-09-26-Stony-Brook-George-Washington,2017-09-26,Stony Brook,George Washington,false,false,1,1,away,final,,https://gwsports.com/sports/mens-soccer/stats/2017/stony-brook/boxscore/4134,https://stonybrookathletics.com/sports/mens-soccer/stats/2017/george-washington/boxscore/8157,2017-09-26-George-Washington-Stony-Brook,regular
sidearm-2017-09-26-Saint-Joseph's-Navy,2017-09-26,Saint Joseph's,Navy,false,false,0,3,unknown,final,,https://sjuhawks.com/sports/mens-soccer/stats/2017/navy/boxscore/2556,https://navysports.com/sports/mens-soccer/stats/2017/saint-joseph-s/boxscore/6122,2017-09-26-Navy-Saint-Joseph's,regular
sidearm-2017-09-26-Saint-Louis-Denver,2017-09-26,Saint Louis,Denver,false,false,1,3,away,final,,https://slubillikens.com/sports/mens-soccer/stats/2017/denver/boxscore/6542,https://denverpioneers.com/sports/mens-soccer/stats/2017/saint-louis/boxscore/2444,2017-09-26-Denver-Saint-Louis,regular
sidearm-2017-09-26-#24-Nebraska-Omaha-Creighton,2017-09-26,Nebraska-Omaha,Creighton,true,false,0,1,away,final,,https://gocreighton.com/sports/mens-soccer/stats/2017/nebraska-omaha/boxscore/8762,,2017-09-26-Creighton-Nebraska-Omaha,regular
sidearm-2017-09-26-Milwaukee-Marquette,2017-09-26,Milwaukee,Marquette,false,false,2,0,away,final,,https://gomarquette.com/sports/mens-soccer/stats/2017/milwaukee/boxscore/2444,https://mkepanthers.com/sports/mens-soccer/stats/2017/marquette/boxscore/7577,2017-09-26-Marquette-Milwaukee,regular
sidearm-2017-09-26-UConn-Providence,2017-09-26,UConn,Providence,false,false,1,0,away,final,,https://friars.com/sports/mens-soccer/stats/2017/uconn/boxscore/2527,,2017-09-26-Providence-UConn,regular
sidearm-2017-09-26-Lehigh-St.-John's,2017-09-26,Lehigh,St. John's,false,false,2,1,away,final,,https://redstormsports.com/sports/mens-soccer/stats/2017/lehigh/boxscore/2669,https://lehighsports.com/sports/mens-soccer/stats/2017/st-john-s/boxscore/10536,2017-09-26-Lehigh-St.-John's,regular
sidearm-2017-09-26-Liberty-Gardner-Webb,2017-09-26,Liberty,Gardner-Webb,false,false,1,0,away,final,,https://gwusports.com/sports/mens-soccer/stats/2017/liberty/boxscore/4859,https://libertyflames.com/sports/mens-soccer/stats/2017/gardner-webb/boxscore/10954,2017-09-26-Gardner-Webb-Liberty,regular
sidearm-2017-09-26-Ohio-State-Detroit-Mercy,2017-09-26,Ohio State,Detroit Mercy,false,false,2,2,home,final,,https://detroittitans.com/sports/mens-soccer/stats/2017/ohio-state/boxscore/3907,,2017-09-26-Detroit-Mercy-Ohio-State,regular
sidearm-2017-09-26-Princeton-Rutgers,2017-09-26,Princeton,Rutgers,false,false,0,1,away,final,,https://scarletknights.com/sports/mens-soccer/stats/2017/princeton/boxscore/4643,https://goprincetontigers.com/sports/mens-soccer/stats/2017/rutgers/boxscore/12422,2017-09-26-Princeton-Rutgers,regular
sidearm-2017-09-26-Wisconsin-Wright-State,2017-09-26,Wisconsin,Wright State,false,false,2,1,home,final,,https://uwbadgers.com/sports/mens-soccer/stats/2017/wright-state/boxscore/8517,https://wsuraiders.com/sports/mens-soccer/stats/2017/wisconsin/boxscore/4220,2017-09-26-Wisconsin-Wright-State,regular
sidearm-2017-09-26-Charleston-Georgia-State,2017-09-26,Charleston,Georgia State,false,false,0,1,home,final,,https://cofcsports.com/sports/mens-soccer/stats/2017/georgia-state/boxscore/7252,https://georgiastatesports.com/news/2017/9/26/211669879.aspx,2017-09-26-Charleston-Georgia-State,regular
sidearm-2017-09-26-IU-Indy-Valparaiso,2017-09-26,IU Indy,Valparaiso,false,false,0,1,unknown,final,,https://iuindyjags.com/sports/mens-soccer/stats/2017/valparaiso/boxscore/6146,,2017-09-26-IU-Indy-Valparaiso,regular
sidearm-2017-09-26-Purdue-Fort-Wayne-Marshall-,2017-09-26,Purdue Fort Wayne,Marshall,false,false,2,1,home,final,,https://gomastodons.com/sports/mens-soccer/stats/2017/marshall/boxscore/11339,,2017-09-26-Marshall-Purdue-Fort-Wayne,regular
sidearm-2017-09-26-Brown-Boston-University,2017-09-26,Brown,Boston University,false,false,2,1,home,final,,https://brownbears.com/sports/mens-soccer/stats/2017/boston-university/boxscore/2364,https://goterriers.com/sports/mens-soccer/stats/2017/brown/boxscore/7032,2017-09-26-Boston-University-Brown,regular
sidearm-2017-09-26-Merrimack-College-Stonehill,2017-09-26,Merrimack College,Stonehill College,false,false,1,0,home,final,,https://merrimackathletics.com/sports/mens-soccer/stats/2017/stonehill/boxscore/1910,https://stonehillskyhawks.com/sports/mens-soccer/stats/2017/merrimack-college/boxscore/2238,2017-09-26-Merrimack-College-Stonehill-College,regular
sidearm-2017-09-26-Army-West-Point-Sacred-Heart,2017-09-26,Army,Sacred Heart,false,false,2,1,away,final,,https://sacredheartpioneers.com/sports/mens-soccer/stats/2017/army-west-point/boxscore/3430,https://goarmywestpoint.com/sports/mens-soccer/stats/2017/sacred-heart/boxscore/9976,2017-09-26-Army-Sacred-Heart,regular
sidearm-2017-09-26-UIC-Northern-Illinois,2017-09-26,UIC,Northern Illinois,false,false,3,1,away,final,,https://uicflames.com/sports/mens-soccer/stats/2017/northern-illinois/boxscore/10486,,2017-09-26-Northern-Illinois-UIC,regular
sidearm-2017-09-26-Utah-Tech-Hawai'i-Pacific,2017-09-26,Utah Tech,Hawai'i Pacific,false,false,2,1,unknown,final,,https://utahtechtrailblazers.com/sports/mens-soccer/stats/2017/hawai-i-pacific/boxscore/6971,,2017-09-26-Hawai'i-Pacific-Utah-Tech,regular
sidearm-2017-09-26-Le-Moyne-College-Assumption-College,2017-09-26,Le Moyne College,Assumption College,false,false,2,1,unknown,final,,https://lemoynedolphins.com/sports/mens-soccer/stats/2017/assumption-college/boxscore/9112,,2017-09-26-Assumption-College-Le-Moyne-College,regular
sidearm-2017-09-26-New-Haven-American-International,2017-09-26,New Haven,American International,false,false,2,1,unknown,final,,https://newhavenchargers.com/sports/mens-soccer/stats/2017/american-international/boxscore/7607,,2017-09-26-American-International-New-Haven,regular
sidearm-2017-09-26-ETSU-UNC-Greensboro,2017-09-26,ETSU,UNC Greensboro,false,false,0,0,unknown,final,,https://uncgspartans.com/sports/mens-soccer/stats/2017/east-tennessee-state/boxscore/5129,,2017-09-26-ETSU-UNC-Greensboro,regular
sidearm-2017-09-26-Furman-VMI,2017-09-26,Furman,VMI,false,false,4,0,unknown,final,,https://furmanpaladins.com/sports/mens-soccer/stats/2017/vmi/boxscore/2427,https://vmikeydets.com/sports/mens-soccer/stats/2017/furman/boxscore/3862,2017-09-26-Furman-VMI,regular
sidearm-2017-09-26-Wofford-Mercer,2017-09-26,Wofford,Mercer,false,false,1,3,away,final,,https://mercerbears.com/sports/mens-soccer/stats/2017/wofford/boxscore/3883,https://athletics.wofford.edu/sports/mens-soccer/stats/2017/mercer-university/boxscore/3952,2017-09-26-Mercer-Wofford,regular
sidearm-2017-09-26-Omaha-No.-25-Creighton,2017-09-26,Omaha,Creighton,false,true,0,1,home,final,,https://omavs.com/sports/mens-soccer/stats/2017/creighton/boxscore/9807,,2017-09-26-Creighton-Omaha,regular
sidearm-2017-09-26-St.-Thomas-Hamline,2017-09-26,St. Thomas,Hamline,false,false,2,1,home,final,,https://tommiesports.com/sports/msoc/stats/2017/hamline/boxscore/4815,,2017-09-26-Hamline-St.-Thomas,regular
sidearm-2017-09-26-Fort-Wayne-Marshall,2017-09-26,Fort Wayne,Marshall,false,false,2,1,away,final,,,,2017-09-26-Fort-Wayne-Marshall,regular
sidearm-2017-09-26-Pitt-West-Virginia,2017-09-26,Pittsburgh,West Virginia,false,false,7,0,away,final,,https://wvusports.com/sports/mens-soccer/stats/2017/pitt/boxscore/3963,,2017-09-26-Pittsburgh-West-Virginia,regular
sidearm-2017-09-27-Temple-University-Penn-State-,2017-09-27,Temple University,Penn State,false,false,3,0,home,final,https://gopsusports.com/sports/mens-soccer/schedule,https://owlsports.com/sports/mens-soccer/stats/2017/penn-state/boxscore/6584,https://gopsusports.com/boxscore/6096,2017-09-27-Penn-State-Temple-University,regular
sidearm-2017-09-27-Jacksonville-Georgia-Southern,2017-09-27,Jacksonville,Georgia Southern,false,false,1,2,home,final,,https://judolphins.com/sports/mens-soccer/stats/2017/georgia-southern/boxscore/1806,https://gseagles.com/sports/mens-soccer/stats/2017/jacksonville/boxscore/5098,2017-09-27-Georgia-Southern-Jacksonville,regular
sidearm-2017-09-27-Stetson-Lipscomb,2017-09-27,Stetson,Lipscomb,false,false,2,1,away,final,,https://lipscombsports.com/sports/mens-soccer/stats/2017/stetson/boxscore/7998,https://gohatters.com/sports/mens-soccer/stats/2017/lipscomb/boxscore/5444,2017-09-27-Lipscomb-Stetson,regular
sidearm-2017-09-27-Queens-Barton-College,2017-09-27,Queens,Barton College,false,false,2,0,unknown,final,,https://queensathletics.com/sports/mens-soccer/stats/2017/barton-college/boxscore/6077,,2017-09-27-Barton-College-Queens,regular
sidearm-2017-09-27-Duquesne-Bowling-Green,2017-09-27,Duquesne,Bowling Green,false,false,0,1,home,final,,https://goduquesne.com/sports/mens-soccer/stats/2017/bowling-green/boxscore/1767,,2017-09-27-Bowling-Green-Duquesne,regular
sidearm-2017-09-27-La-Salle-LIU-Brooklyn,2017-09-27,La Salle,LIU Brooklyn,false,false,1,1,unknown,final,,https://goexplorers.com/sports/mens-soccer/stats/2017/liu-brooklyn/boxscore/6801,,2017-09-27-LIU-Brooklyn-La-Salle,regular
sidearm-2017-09-27-Akron-#1-Michigan-State,2017-09-27,Akron,Michigan State,false,true,4,1,home,final,,https://gozips.com/sports/mens-soccer/stats/2017/michigan-state/boxscore/5246,https://msuspartans.com/sports/mens-soccer/stats/2017/akron/boxscore/6272,2017-09-27-Akron-Michigan-State,regular
sidearm-2017-09-27-Michigan-Oakland-,2017-09-27,Michigan,Oakland,true,false,1,2,home,final,,https://mgoblue.com/sports/mens-soccer/stats/2017/oakland/boxscore/10810,,2017-09-27-Michigan-Oakland,regular
sidearm-2017-09-27-Delaware-Drexel,2017-09-27,Delaware,Drexel,false,false,3,2,away,final,,https://drexeldragons.com/sports/mens-soccer/stats/2017/delaware/boxscore/5830,,2017-09-27-Delaware-Drexel,regular
sidearm-2017-09-27-Hofstra-Northeastern-University,2017-09-27,Hofstra,Northeastern,false,false,1,1,away,final,,https://gohofstra.com/sports/mens-soccer/stats/2017/northeastern-university/boxscore/7940,https://nuhuskies.com/sports/mens-soccer/stats/2017/hofstra/boxscore/7574,2017-09-27-Hofstra-Northeastern,regular
sidearm-2017-09-27-Monmouth-Rider,2017-09-27,Monmouth,Rider University,false,false,0,3,unknown,final,,https://monmouthhawks.com/sports/mens-soccer/stats/2017/rider/boxscore/5066,https://gobroncs.com/sports/mens-soccer/stats/2017/monmouth-university/boxscore/4350,2017-09-27-Monmouth-Rider-University,regular
sidearm-2017-09-27-William-&-Mary-James-Madison,2017-09-27,William & Mary,James Madison,false,false,3,4,home,final,,https://tribeathletics.com/sports/mens-soccer/stats/2017/james-madison/boxscore/10080,https://jmusports.com/sports/mens-soccer/stats/2017/william-mary/boxscore/13920,2017-09-27-James-Madison-William-&-Mary,regular
sidearm-2017-09-27-Canisius-Siena,2017-09-27,Canisius,Siena,false,false,2,2,away,final,,https://gogriffs.com/sports/mens-soccer/stats/2017/siena/boxscore/5576,,2017-09-27-Canisius-Siena,regular
sidearm-2017-09-27-Fairfield-Quinnipiac,2017-09-27,Fairfield,Quinnipiac,false,false,1,0,away,final,,https://fairfieldstags.com/sports/mens-soccer/stats/2017/quinnipiac/boxscore/5398,https://gobobcats.com/sports/mens-soccer/stats/2017/fairfield/boxscore/8293,2017-09-27-Fairfield-Quinnipiac,regular
sidearm-2017-09-27-Iona-Manhattan-(M),2017-09-27,Iona,Manhattan,false,false,0,1,away,final,,https://ionagaels.com/sports/mens-soccer/stats/2017/manhattan-m-/boxscore/7863,https://gojaspers.com/sports/mens-soccer/stats/2017/iona/boxscore/5071,2017-09-27-Iona-Manhattan,regular
sidearm-2017-09-27-Marist-Saint-Peter's-University,2017-09-27,Marist,Saint Peter's,false,false,3,0,home,final,,https://goredfoxes.com/sports/mens-soccer/stats/2017/saint-peters-university/boxscore/8262,https://saintpeterspeacocks.com/sports/mens-soccer/stats/2017/marist/boxscore/882,2017-09-27-Marist-Saint-Peter's,regular
sidearm-2017-09-27-University-of-Evansville-Bradley,2017-09-27,University of Evansville,Bradley,false,false,2,2,away,final,,https://gopurpleaces.com/sports/mens-soccer/stats/2017/bradley/boxscore/8175,,2017-09-27-Bradley-University-of-Evansville,regular
sidearm-2017-09-27-Howard-Saint-Francis-University,2017-09-27,Howard,Saint Francis University,false,false,0,5,unknown,final,,https://hubison.com/sports/mens-soccer/stats/2017/saint-francis-university/boxscore/5009,,2017-09-27-Howard-Saint-Francis-University,regular
sidearm-2017-09-27-Lindenwood-Ouachita-Baptist-University,2017-09-27,Lindenwood,Ouachita Baptist University,false,false,2,0,unknown,final,,https://lindenwoodlions.com/sports/mens-soccer/stats/2017/ouachita-baptist-university/boxscore/16163,,2017-09-27-Lindenwood-Ouachita-Baptist-University,regular
sidearm-2017-09-28-UCLA-California,2017-09-28,UCLA,California,false,false,0,2,away,final,https://uclabruins.com/sports/mens-soccer/schedule,https://calbears.com/sports/mens-soccer/stats/2017/ucla/boxscore/16965,https://uclabruins.com/boxscore/5171,2017-09-28-California-UCLA,regular
wmt-2017-09-28-San-Diego-State-Stanford,2017-09-28,San Diego State,Stanford,false,true,0,5,away,final,https://gostanford.com/sports/mens-soccer/schedule,https://gostanford.com/boxscore/7172,,2017-09-28-San-Diego-State-Stanford,regular
sidearm-2017-09-28-Cal-State-Fullerton-UC-Santa-Barbara,2017-09-28,Cal State Fullerton,UC Santa Barbara,false,false,2,5,home,final,,https://fullertontitans.com/sports/mens-soccer/stats/2017/uc-santa-barbara/boxscore/2764,https://ucsbgauchos.com/sports/mens-soccer/stats/2017/cal-state-fullerton/boxscore/2147,2017-09-28-Cal-State-Fullerton-UC-Santa-Barbara,regular
sidearm-2017-09-28-Sacramento-State-CSUN,2017-09-28,Sacramento State,CSUN,false,false,1,0,away,final,,https://hornetsports.com/sports/mens-soccer/stats/2017/csun/boxscore/1875,,2017-09-28-CSUN-Sacramento-State,regular
sidearm-2017-09-28-UC-Davis-UC-Irvine,2017-09-28,UC Davis,UC Irvine,false,false,2,0,away,final,,https://ucirvinesports.com/sports/mens-soccer/stats/2017/uc-davis/boxscore/4703,https://ucdavisaggies.com/sports/mens-soccer/stats/2017/uc-irvine/boxscore/3572,2017-09-28-UC-Davis-UC-Irvine,regular
wmt-2017-09-28-San-Francisco-San-Jose-State,2017-09-28,San Francisco,San Jose State,false,false,5,2,away,final,https://sjsuspartans.com/sports/mens-soccer/schedule,https://sjsuspartans.com/documents/2018/8/6/1108__m_soccer_2017_18_box_score__stats_20170923aaa.pdf,,2017-09-28-San-Francisco-San-Jose-State,regular
sidearm-2017-09-28-UNLV-Houston-Baptist,2017-09-28,UNLV,Houston Baptist,false,false,3,1,unknown,final,,,,2017-09-28-Houston-Baptist-UNLV,regular
sidearm-2017-09-28-Houston-Christian-UNLV,2017-09-28,Houston Christian,UNLV,false,false,1,3,unknown,final,,https://hcuhuskies.com/sports/mens-soccer/stats/2017/unlv/boxscore/3284,,2017-09-28-Houston-Christian-UNLV,regular
sidearm-2017-09-28-Cal-Poly-UC-Riverside,2017-09-28,Cal Poly,UC Riverside,false,false,3,1,home,final,,https://gopoly.com/sports/mens-soccer/stats/2017/uc-riverside/boxscore/1602,https://gohighlanders.com/sports/mens-soccer/stats/2017/cal-poly/boxscore/11456,2017-09-28-Cal-Poly-UC-Riverside,regular
sidearm-2017-09-29-Boston-College-Virginia-Tech,2017-09-29,Boston College,Virginia Tech,false,false,0,1,home,final,https://hokiesports.com/sports/mens-soccer/schedule,https://bceagles.com/sports/mens-soccer/stats/2017/virginia-tech/boxscore/15109,https://hokiesports.com/boxscore/10285,2017-09-29-Boston-College-Virginia-Tech,regular
wmt-2017-09-29-Clemson-Wake-Forest,2017-09-29,Wake Forest,Clemson,false,false,3,2,away,final,https://clemsontigers.com/sports/mens-soccer/schedule,https://clemsontigers.com/boxscore/3755,,2017-09-29-Clemson-Wake-Forest,regular
sidearm-2017-09-29-#5/5-UNC-(WakeMed-Soccer-Park)-NC-State,2017-09-29,North Carolina,NC State,true,false,1,0,away,final,,https://gopack.com/sports/mens-soccer/stats/2017/-5-5-unc-wakemed-soccer-park-/boxscore/11365,https://goheels.com/sports/mens-soccer/stats/2017/nc-state/boxscore/15023,2017-09-29-NC-State-North-Carolina,regular
wmt-2017-09-29-Notre-Dame-Virginia,2017-09-29,Notre Dame,Virginia,false,true,1,1,home,final,https://fightingirish.com/sports/msoc/schedule,https://fightingirish.com/boxscore/12750,https://virginiasports.com/boxscore/5094,2017-09-29-Notre-Dame-Virginia,regular
sidearm-2017-09-29-SMU-UCF,2017-09-29,SMU,UCF,false,false,2,1,away,final,https://ucfknights.com/sports/mens-soccer/schedule,https://smumustangs.com/sports/mens-soccer/stats/2017/ucf/boxscore/7684,https://ucfknights.com/boxscore/3231,2017-09-29-SMU-UCF,regular
sidearm-2017-09-29-Pittsburgh-Syracuse,2017-09-29,Pittsburgh,Syracuse,false,false,2,1,away,final,,https://cuse.com/sports/mens-soccer/stats/2017/pittsburgh/boxscore/7952,,2017-09-29-Pittsburgh-Syracuse,regular
sidearm-2017-09-29-UConn-Tulsa,2017-09-29,UConn,Tulsa,false,false,1,0,away,final,,https://tulsahurricane.com/sports/mens-soccer/stats/2017/uconn/boxscore/8326,,2017-09-29-Tulsa-UConn,regular
sidearm-2017-09-29-Bellarmine-University-of-Wisconsin-Parkside,2017-09-29,Bellarmine,University of Wisconsin-Parkside,false,false,1,2,unknown,final,,https://athletics.bellarmine.edu/sports/mens-soccer/stats/2017/university-of-wisconsin-parkside/boxscore/4692,,2017-09-29-Bellarmine-University-of-Wisconsin-Parkside,regular
sidearm-2017-09-29-Maryland-Northwestern,2017-09-29,Maryland,Northwestern,false,false,3,0,home,final,https://nusports.com/sports/mens-soccer/schedule,https://umterps.com/sports/mens-soccer/stats/2017/northwestern/boxscore/7478,https://nusports.com/boxscore/5152,2017-09-29-Maryland-Northwestern,regular
sidearm-2017-09-29-Utah-Valley-San-José-State,2017-09-29,Utah Valley,San Jose State,false,false,1,1,away,final,https://sjsuspartans.com/sports/mens-soccer/schedule,https://wolverinegreen.com/sports/mens-soccer/stats/2017/san-jos-state/boxscore/6040,https://sjsuspartans.com/documents/2018/8/6/1086__m_soccer_2017_18_box_score__stats_20170930aaa.pdf,2017-09-29-San-Jose-State-Utah-Valley,regular
sidearm-2017-09-29-Campbell-Liberty,2017-09-29,Campbell,Liberty,false,false,2,1,away,final,,https://gocamels.com/sports/mens-soccer/stats/2017/liberty/boxscore/2097,https://libertyflames.com/sports/mens-soccer/stats/2017/campbell/boxscore/10955,2017-09-29-Campbell-Liberty,regular
sidearm-2017-09-29-Western-Michigan-University-of-Portland,2017-09-29,Western Michigan,Portland,false,false,1,4,unknown,final,,https://wmubroncos.com/sports/mens-soccer/stats/2017/university-of-portland/boxscore/6725,https://portlandpilots.com/boxscore.aspx?id=13253,2017-09-29-Portland-Western-Michigan,regular
sidearm-2017-09-29-Air-Force-Incarnate-Word,2017-09-29,Air Force,Incarnate Word,false,false,2,1,home,final,,,,2017-09-29-Air-Force-Incarnate-Word,regular
sidearm-2017-09-29-Lindenwood-Northeastern-State-University,2017-09-29,Lindenwood,Northeastern State University,false,false,0,2,unknown,final,,https://lindenwoodlions.com/sports/mens-soccer/stats/2017/northeastern-state-university/boxscore/16164,,2017-09-29-Lindenwood-Northeastern-State-University,regular
sidearm-2017-09-29-University-of-Southern-Indiana-Lewis-University,2017-09-29,University of Southern Indiana,Lewis University,false,false,1,2,unknown,final,,https://gousieagles.com/sports/mens-soccer/stats/2017/lewis-university/boxscore/3765,,2017-09-29-Lewis-University-University-of-Southern-Indiana,regular
sidearm-2017-09-29-UTRGV-UMKC,2017-09-29,UTRGV,Kansas City,false,false,3,2,home,final,,https://goutrgv.com/sports/mens-soccer/stats/2017/umkc/boxscore/24328,,2017-09-29-Kansas-City-UTRGV,regular
sidearm-2017-09-29-UC-San-Diego-Cal-Poly-Pomona,2017-09-29,UC San Diego,Cal Poly Pomona,false,false,2,1,unknown,final,,https://ucsdtritons.com/sports/mens-soccer/stats/2017/cal-poly-pomona/boxscore/6197,,2017-09-29-Cal-Poly-Pomona-UC-San-Diego,regular
sidearm-2017-09-29-Army-Colgate,2017-09-29,Army,Colgate,false,false,2,0,home,final,,https://goarmywestpoint.com/sports/mens-soccer/stats/2017/colgate/boxscore/9977,,2017-09-29-Army-Colgate,regular
sidearm-2017-09-29-Lafayette-Holy-Cross,2017-09-29,Lafayette,Holy Cross,false,false,0,2,home,final,,,,2017-09-29-Holy-Cross-Lafayette,regular
wmt-2017-09-29-CSU-Bakersfield-Seattle,2017-09-29,Seattle,CSU Bakersfield,false,false,4,0,home,final,https://goseattleu.com/sports/mens-soccer/schedule,https://goseattleu.com/boxscore/2252,,2017-09-29-CSU-Bakersfield-Seattle,regular
sidearm-2017-09-30-Duke-Louisville,2017-09-30,Duke,Louisville,true,false,0,1,home,final,,https://goduke.com/sports/mens-soccer/stats/2017/louisville/boxscore/1176,https://gocards.com/sports/mens-soccer/stats/2017/duke/boxscore/13995,2017-09-30-Duke-Louisville,regular
sidearm-2017-09-30-Binghamton-Stony-Brook-University,2017-09-30,Binghamton,Stony Brook,false,false,0,0,unknown,final,,https://bubearcats.com/boxscore.aspx?id=15684,https://stonybrookathletics.com/sports/mens-soccer/stats/2017/binghamton/boxscore/7769,2017-09-30-Binghamton-Stony-Brook,regular
sidearm-2017-09-30-Bryant-Hartwick,2017-09-30,Bryant,Hartwick,false,false,0,0,unknown,final,,https://bryantbulldogs.com/sports/mens-soccer/stats/2017/hartwick/boxscore/7033,,2017-09-30-Bryant-Hartwick,regular
sidearm-2017-09-30-Maryland-Baltimore-County-New-Hampshire,2017-09-30,UMBC,New Hampshire,false,false,1,0,away,final,,https://unhwildcats.com/sports/mens-soccer/stats/2017/maryland-baltimore-county/boxscore/5487,https://umbcretrievers.com/sports/mens-soccer/stats/2017/new-hampshire/boxscore/2039,2017-09-30-New-Hampshire-UMBC,regular
sidearm-2017-09-30-NJIT-Lipscomb,2017-09-30,NJIT,Lipscomb,false,false,1,0,home,final,,https://njithighlanders.com/sports/mens-soccer/stats/2017/lipscomb/boxscore/5910,https://lipscombsports.com/sports/mens-soccer/stats/2017/njit/boxscore/7999,2017-09-30-Lipscomb-NJIT,regular
sidearm-2017-09-30-UAlbany-UMass-Lowell,2017-09-30,UAlbany,UMass Lowell,false,false,1,0,away,final,,https://goriverhawks.com/sports/mens-soccer/stats/2017/ualbany/boxscore/5057,,2017-09-30-UAlbany-UMass-Lowell,regular
sidearm-2017-09-30-Vermont-Hartford,2017-09-30,Vermont,Hartford,false,false,1,0,unknown,final,,https://uvmathletics.com/sports/mens-soccer/stats/2017/hartford/boxscore/2540,,2017-09-30-Hartford-Vermont,regular
sidearm-2017-09-30-UAB-Charlotte,2017-09-30,UAB,Charlotte,false,false,1,1,away,final,,https://charlotte49ers.com/sports/mens-soccer/stats/2017/uab/boxscore/7523,https://uabsports.com/sports/mens-soccer/stats/2017/charlotte/boxscore/3370,2017-09-30-Charlotte-UAB,regular
sidearm-2017-09-30-FAU-FIU,2017-09-30,FAU,FIU,false,false,1,4,home,final,,https://fausports.com/sports/mens-soccer/stats/2017/fiu/boxscore/3643,https://fiusports.com/sports/mens-soccer/stats/2017/fau/boxscore/6218,2017-09-30-FAU-FIU,regular
sidearm-2017-09-30-Memphis-Temple,2017-09-30,Memphis,Temple University,false,false,1,2,home,final,,https://gotigersgo.com/sports/mens-soccer/stats/2017/temple/boxscore/10726,https://owlsports.com/sports/mens-soccer/stats/2017/memphis/boxscore/6585,2017-09-30-Memphis-Temple-University,regular
sidearm-2017-09-30-Missouri-State-Valparaiso,2017-09-30,Missouri State,Valparaiso,false,false,1,0,home,final,,https://missouristatebears.com/sports/mens-soccer/stats/2017/valparaiso/boxscore/3499,,2017-09-30-Missouri-State-Valparaiso,regular
sidearm-2017-09-30-South-Florida-Cincinnati,2017-09-30,South Florida,Cincinnati,false,false,5,2,home,final,,https://gousfbulls.com/sports/mens-soccer/stats/2017/cincinnati/boxscore/10108,,2017-09-30-Cincinnati-South-Florida,regular
sidearm-2017-09-30-Central-Arkansas-Loyola-University-Chicago,2017-09-30,Central Arkansas,Loyola Chicago,false,false,3,2,unknown,final,,https://ucasports.com/sports/mens-soccer/stats/2017/loyola-university-chicago/boxscore/3001,https://loyolaramblers.com/sports/mens-soccer/stats/2017/central-arkansas/boxscore/4143,2017-09-30-Central-Arkansas-Loyola-Chicago,regular
sidearm-2017-09-30-FGCU-North-Florida,2017-09-30,FGCU,North Florida,false,false,2,0,home,final,,https://fgcuathletics.com/sports/mens-soccer/stats/2017/north-florida/boxscore/6417,https://unfospreys.com/sports/mens-soccer/stats/2017/fgcu/boxscore/12858,2017-09-30-FGCU-North-Florida,regular
sidearm-2017-09-30-Jacksonville-Georgia-State,2017-09-30,Jacksonville,Georgia State,false,false,2,1,unknown,final,,https://judolphins.com/sports/mens-soccer/stats/2017/georgia-state/boxscore/1807,http://judolphins.com/sports/msoc/2017-18/boxscores/20170930_tv8i.xml,2017-09-30-Georgia-State-Jacksonville,regular
sidearm-2017-09-30-Queens-Lenoir-Rhyne-University,2017-09-30,Queens,Lenoir-Rhyne University,false,false,0,0,unknown,final,,https://queensathletics.com/sports/mens-soccer/stats/2017/lenoir-rhyne-university/boxscore/6080,,2017-09-30-Lenoir-Rhyne-University-Queens,regular
sidearm-2017-09-30-Stetson-USC-Upstate,2017-09-30,Stetson,USC Upstate,false,false,2,0,home,final,,https://gohatters.com/sports/mens-soccer/stats/2017/usc-upstate/boxscore/5445,https://upstatespartans.com/sports/mens-soccer/stats/2017/stetson/boxscore/1420,2017-09-30-Stetson-USC-Upstate,regular
sidearm-2017-09-30-Davidson-College-DAYTON,2017-09-30,Davidson College,Dayton,false,false,1,2,home,final,,https://davidsonwildcats.com/sports/mens-soccer/stats/2017/dayton/boxscore/5097,https://daytonflyers.com/sports/mens-soccer/stats/2017/davidson/boxscore/6595,2017-09-30-Davidson-College-Dayton,regular
sidearm-2017-09-30-Duquesne-La-Salle,2017-09-30,Duquesne,La Salle,false,false,3,1,away,final,,https://goduquesne.com/sports/mens-soccer/stats/2017/la-salle/boxscore/1768,https://goexplorers.com/sports/mens-soccer/stats/2017/duquesne/boxscore/6802,2017-09-30-Duquesne-La-Salle,regular
sidearm-2017-09-30-Fordham-George-Mason,2017-09-30,Fordham,George Mason,false,false,1,1,unknown,final,,https://fordhamsports.com/sports/mens-soccer/stats/2017/george-mason/boxscore/6279,,2017-09-30-Fordham-George-Mason,regular
sidearm-2017-09-30-Rhode-Island-George-Washington,2017-09-30,Rhode Island,George Washington,false,false,2,1,away,final,,https://gwsports.com/sports/mens-soccer/stats/2017/rhode-island/boxscore/4135,https://gorhody.com/sports/mens-soccer/stats/2017/george-washington/boxscore/2811,2017-09-30-George-Washington-Rhode-Island,regular
sidearm-2017-09-30-St.-Bonaventure-St.-Francis-(Pa.),2017-09-30,St. Bonaventure,St. Francis (Pa.),false,false,1,0,unknown,final,,https://gobonnies.com/sports/mens-soccer/stats/2017/st-francis-pa-/boxscore/1840,,2017-09-30-St.-Bonaventure-St.-Francis-(Pa.),regular
sidearm-2017-09-30-Saint-Joseph's-Central-Conn.-St.,2017-09-30,Saint Joseph's,Central Conn. St.,false,false,1,1,unknown,final,,https://sjuhawks.com/sports/mens-soccer/stats/2017/central-conn-st-/boxscore/2557,,2017-09-30-Central-Conn.-St.-Saint-Joseph's,regular
sidearm-2017-09-30-Saint-Louis-Massachusetts,2017-09-30,Saint Louis,Massachusetts,false,false,1,3,unknown,final,,https://slubillikens.com/sports/mens-soccer/stats/2017/massachusetts/boxscore/6545,,2017-09-30-Massachusetts-Saint-Louis,regular
sidearm-2017-09-30-VCU-UNC-Wilmington,2017-09-30,VCU,UNC Wilmington,false,true,1,0,unknown,final,,https://vcuathletics.com/sports/mens-soccer/stats/2017/-15-unc-wilmington/boxscore/1715,,2017-09-30-UNC-Wilmington-VCU,regular
sidearm-2017-09-30-Akron-Saint-Mary's-(Calif.),2017-09-30,Akron,Saint Mary's,false,false,2,1,home,final,,https://gozips.com/sports/mens-soccer/stats/2017/saint-marys-calif-/boxscore/5247,,2017-09-30-Akron-Saint-Mary's,regular
sidearm-2017-09-30-Butler-St.-John's,2017-09-30,Butler,St. John's,true,false,1,0,away,final,,https://butlersports.com/sports/mens-soccer/stats/2017/st-john-s/boxscore/5292,https://redstormsports.com/sports/mens-soccer/stats/2017/no-22-butler/boxscore/2670,2017-09-30-Butler-St.-John's,regular
sidearm-2017-09-30-Seton-Hall-Creighton,2017-09-30,Seton Hall,Creighton,false,false,2,0,away,final,,https://gocreighton.com/sports/mens-soccer/stats/2017/seton-hall/boxscore/8763,https://shupirates.com/sports/mens-soccer/stats/2017/creighton/boxscore/2760,2017-09-30-Creighton-Seton-Hall,regular
sidearm-2017-09-30-DePaul-Villanova,2017-09-30,DePaul,Villanova,false,false,1,0,home,final,,https://villanova.com/sports/mens-soccer/stats/2017/depaul/boxscore/4098,,2017-09-30-DePaul-Villanova,regular
sidearm-2017-09-30-Georgetown-Marquette,2017-09-30,Georgetown,Marquette,false,false,2,1,home,final,,https://gomarquette.com/sports/mens-soccer/stats/2017/georgetown/boxscore/2445,,2017-09-30-Georgetown-Marquette,regular
sidearm-2017-09-30-Xavier-Providence,2017-09-30,Xavier,Providence,false,false,4,1,away,final,,https://friars.com/sports/mens-soccer/stats/2017/xavier/boxscore/2528,https://goxavier.com/sports/mens-soccer/stats/2017/providence/boxscore/6849,2017-09-30-Providence-Xavier,regular
sidearm-2017-09-30-Presbyterian-Gardner-Webb,2017-09-30,Presbyterian,Gardner-Webb,false,false,1,2,away,final,,https://gwusports.com/sports/mens-soccer/stats/2017/presbyterian/boxscore/4860,,2017-09-30-Gardner-Webb-Presbyterian,regular
sidearm-2017-09-30-High-Point-Appalachian-State,2017-09-30,High Point,Appalachian State,false,false,0,0,unknown,final,,https://highpointpanthers.com/sports/mens-soccer/stats/2017/appalachian-state/boxscore/10562,,2017-09-30-Appalachian-State-High-Point,regular
sidearm-2017-09-30-Longwood-Winthrop,2017-09-30,Longwood,Winthrop,false,false,0,1,away,final,,https://longwoodlancers.com/sports/mens-soccer/stats/2017/winthrop/boxscore/5822,https://winthropeagles.com/sports/mens-soccer/stats/2017/longwood/boxscore/19337,2017-09-30-Longwood-Winthrop,regular
sidearm-2017-09-30-Radford-UNC-Asheville,2017-09-30,Radford,UNC Asheville,false,false,4,0,home,final,,https://radfordathletics.com/sports/mens-soccer/stats/2017/unc-asheville/boxscore/8720,https://uncabulldogs.com/sports/mens-soccer/stats/2017/radford/boxscore/3681,2017-09-30-Radford-UNC-Asheville,regular
sidearm-2017-09-30-Indiana-Santa-Clara,2017-09-30,Indiana,Santa Clara,false,false,5,0,home,final,,https://iuhoosiers.com/sports/mens-soccer/stats/2017/santa-clara/boxscore/12364,https://santaclarabroncos.com/sports/mens-soccer/stats/2017/indiana/boxscore/2686,2017-09-30-Indiana-Santa-Clara,regular
sidearm-2017-09-30-Cal-State-Fullerton-Cal-Poly,2017-09-30,Cal State Fullerton,Cal Poly,false,false,1,0,home,final,,https://fullertontitans.com/sports/mens-soccer/stats/2017/cal-poly/boxscore/2765,https://gopoly.com/sports/mens-soccer/stats/2017/cal-state-fullerton/boxscore/1603,2017-09-30-Cal-Poly-Cal-State-Fullerton,regular
sidearm-2017-09-30-Sacramento-State-UC-Irvine,2017-09-30,Sacramento State,UC Irvine,false,false,3,3,home,final,,https://hornetsports.com/sports/mens-soccer/stats/2017/uc-irvine/boxscore/1876,https://ucirvinesports.com/sports/mens-soccer/stats/2017/sacramento-state/boxscore/4704,2017-09-30-Sacramento-State-UC-Irvine,regular
sidearm-2017-09-30-UC-Santa-Barbara-UC-Riverside,2017-09-30,UC Santa Barbara,UC Riverside,false,false,3,1,away,final,,https://ucsbgauchos.com/sports/mens-soccer/stats/2017/uc-riverside/boxscore/2148,https://gohighlanders.com/sports/mens-soccer/stats/2017/uc-santa-barbara/boxscore/11457,2017-09-30-UC-Riverside-UC-Santa-Barbara,regular
sidearm-2017-09-30-(RV)-Elon-Charleston,2017-09-30,Elon,Charleston,true,false,0,0,away,final,,https://cofcsports.com/sports/mens-soccer/stats/2017/elon/boxscore/7253,,2017-09-30-Charleston-Elon,regular
sidearm-2017-09-30-Drexel-Northeastern-(Alumni-Day),2017-09-30,Drexel,Northeastern,false,false,2,1,home,final,,https://drexeldragons.com/sports/mens-soccer/stats/2017/northeastern-alumni-day-/boxscore/5831,https://nuhuskies.com/sports/mens-soccer/stats/2017/drexel/boxscore/7575,2017-09-30-Drexel-Northeastern,regular
sidearm-2017-09-30-Hofstra-James-Madison-University,2017-09-30,Hofstra,James Madison,false,false,1,1,home,final,,https://gohofstra.com/sports/mens-soccer/stats/2017/james-madison-university/boxscore/7941,https://jmusports.com/sports/mens-soccer/stats/2017/hofstra/boxscore/13921,2017-09-30-Hofstra-James-Madison,regular
sidearm-2017-09-30-Cleveland-State-Belmont,2017-09-30,Cleveland State,Belmont University,false,false,2,1,unknown,final,,https://csuvikings.com/sports/mens-soccer/stats/2017/belmont/boxscore/10109,https://belmontbruins.com/sports/mens-soccer/stats/2017/cleveland-state/boxscore/1524,2017-09-30-Belmont-University-Cleveland-State,regular
sidearm-2017-09-30-Detroit-Mercy-Wright-State,2017-09-30,Detroit Mercy,Wright State,false,false,1,3,home,final,,https://detroittitans.com/boxscore.aspx?id=6717,https://wsuraiders.com/sports/mens-soccer/stats/2017/detroit-mercy/boxscore/4221,2017-09-30-Detroit-Mercy-Wright-State,regular
sidearm-2017-09-30-IU-Indy-UIC,2017-09-30,IU Indy,UIC,false,false,2,4,unknown,final,,https://iuindyjags.com/sports/mens-soccer/stats/2017/uic/boxscore/6147,,2017-09-30-IU-Indy-UIC,regular
sidearm-2017-09-30-Milwaukee-Northern-Kentucky,2017-09-30,Milwaukee,Northern Kentucky,false,false,2,0,away,final,,https://mkepanthers.com/sports/mens-soccer/stats/2017/northern-kentucky/boxscore/7578,https://nkunorse.com/sports/mens-soccer/stats/2017/milwaukee/boxscore/4001,2017-09-30-Milwaukee-Northern-Kentucky,regular
sidearm-2017-09-30-Oakland-Green-Bay,2017-09-30,Oakland,Green Bay,false,false,2,4,home,final,,,,2017-09-30-Green-Bay-Oakland,regular
sidearm-2017-09-30-Omaha-Purdue-Fort-Wayne,2017-09-30,Omaha,Purdue Fort Wayne,false,false,1,1,away,final,,https://gomastodons.com/sports/mens-soccer/stats/2017/omaha/boxscore/11340,,2017-09-30-Omaha-Purdue-Fort-Wayne,regular
sidearm-2017-09-30-Columbia-Brown,2017-09-30,Columbia University,Brown,false,false,3,0,away,final,,https://brownbears.com/sports/mens-soccer/stats/2017/columbia/boxscore/2365,https://gocolumbialions.com/sports/mens-soccer/stats/2017/brown/boxscore/7144,2017-09-30-Brown-Columbia-University,regular
sidearm-2017-09-30-Cornell-University-of-Pennsylvania,2017-09-30,Cornell,Penn,false,false,1,1,home,final,,https://cornellbigred.com/sports/mens-soccer/stats/2017/university-of-pennsylvania/boxscore/24096,https://pennathletics.com/sports/mens-soccer/stats/2017/monmouth/boxscore/8865,2017-09-30-Cornell-Penn,regular
sidearm-2017-09-30-Dartmouth-College-Princeton,2017-09-30,Dartmouth College,Princeton,false,false,2,1,home,final,,https://dartmouthsports.com/sports/mens-soccer/stats/2017/princeton/boxscore/8017,https://goprincetontigers.com/sports/mens-soccer/stats/2017/dartmouth/boxscore/12423,2017-09-30-Dartmouth-College-Princeton,regular
sidearm-2017-09-30-Harvard-Yale,2017-09-30,Harvard,Yale,false,false,2,1,away,final,,https://gocrimson.com/sports/mens-soccer/stats/2017/yale/boxscore/10877,https://yalebulldogs.com/sports/mens-soccer/stats/2017/harvard/boxscore/3277,2017-09-30-Harvard-Yale,regular
sidearm-2017-09-30-Canisius-Fairfield,2017-09-30,Canisius,Fairfield,false,false,3,2,away,final,,https://gogriffs.com/sports/mens-soccer/stats/2017/fairfield/boxscore/5577,https://fairfieldstags.com/sports/mens-soccer/stats/2017/canisius/boxscore/5399,2017-09-30-Canisius-Fairfield,regular
sidearm-2017-09-30-Iona-Siena,2017-09-30,Iona,Siena,false,false,2,0,unknown,final,,https://ionagaels.com/sports/mens-soccer/stats/2017/siena/boxscore/7847,,2017-09-30-Iona-Siena,regular
sidearm-2017-09-30-Manhattan-Marist,2017-09-30,Manhattan,Marist,false,false,5,0,home,final,,https://gojaspers.com/sports/mens-soccer/stats/2017/marist/boxscore/5072,https://goredfoxes.com/sports/mens-soccer/stats/2017/manhattan-college/boxscore/8263,2017-09-30-Manhattan-Marist,regular
sidearm-2017-09-30-Merrimack-College-Le-Moyne,2017-09-30,Merrimack College,Le Moyne College,false,false,3,0,unknown,final,,https://merrimackathletics.com/sports/mens-soccer/stats/2017/le-moyne/boxscore/1911,https://lemoynedolphins.com/sports/mens-soccer/stats/2017/merrimack-college/boxscore/9105,2017-09-30-Le-Moyne-College-Merrimack-College,regular
sidearm-2017-09-30-Niagara-Quinnipiac,2017-09-30,Niagara,Quinnipiac,false,false,0,2,away,final,,https://gobobcats.com/sports/mens-soccer/stats/2017/niagara/boxscore/8294,,2017-09-30-Niagara-Quinnipiac,regular
sidearm-2017-09-30-Rider-University-Saint-Peter's-University,2017-09-30,Rider University,Saint Peter's,false,false,4,1,away,final,,https://gobroncs.com/sports/mens-soccer/stats/2017/saint-peters-university/boxscore/4351,https://saintpeterspeacocks.com/sports/mens-soccer/stats/2017/rider/boxscore/883,2017-09-30-Rider-University-Saint-Peter's,regular
sidearm-2017-09-30-Drake-Bradley,2017-09-30,Drake,Bradley,false,false,0,1,away,final,,https://godrakebulldogs.com/sports/mens-soccer/stats/2017/bradley/boxscore/7392,,2017-09-30-Bradley-Drake,regular
sidearm-2017-09-30-UIC-IUPUI,2017-09-30,UIC,IUPUI,false,false,4,2,unknown,final,,https://uicflames.com/sports/mens-soccer/stats/2017/iupui/boxscore/10487,,2017-09-30-IUPUI-UIC,regular
sidearm-2017-09-30-UC-Davis-CSUN,2017-09-30,UC Davis,CSUN,false,false,1,1,unknown,final,,https://ucdavisaggies.com/sports/mens-soccer/stats/2017/csun/boxscore/3573,,2017-09-30-CSUN-UC-Davis,regular
sidearm-2017-09-30-Utah-Tech-California-Baptist,2017-09-30,Utah Tech,California Baptist,false,false,1,2,unknown,final,,https://utahtechtrailblazers.com/sports/mens-soccer/stats/2017/california-baptist/boxscore/6972,,2017-09-30-California-Baptist-Utah-Tech,regular
sidearm-2017-09-30-Mercyhurst-Salem-International-University,2017-09-30,Mercyhurst,Salem International University,false,false,4,1,unknown,final,,https://hurstathletics.com/sports/mens-soccer/stats/2017/salem-international-university/boxscore/9376,,2017-09-30-Mercyhurst-Salem-International-University,regular
sidearm-2017-09-30-New-Haven-Franklin-Pierce,2017-09-30,New Haven,Franklin Pierce,false,false,2,1,unknown,final,,https://newhavenchargers.com/sports/mens-soccer/stats/2017/franklin-pierce/boxscore/7608,,2017-09-30-Franklin-Pierce-New-Haven,regular
sidearm-2017-09-30-Stonehill-College-The-College-of-Saint-Rose,2017-09-30,Stonehill College,The College of Saint Rose,false,false,0,1,unknown,final,,https://stonehillskyhawks.com/sports/mens-soccer/stats/2017/the-college-of-saint-rose/boxscore/2239,,2017-09-30-Stonehill-College-The-College-of-Saint-Rose,regular
sidearm-2017-09-30-Eastern-Illinois-Western-Illinois,2017-09-30,Eastern Illinois,Western Illinois,false,false,0,2,home,final,,https://eiupanthers.com/sports/mens-soccer/stats/2017/western-illinois/boxscore/6311,https://goleathernecks.com/sports/mens-soccer/stats/2017/eastern-illinois/boxscore/5929,2017-09-30-Eastern-Illinois-Western-Illinois,regular
sidearm-2017-09-30-Dixie-State-California-Baptist,2017-09-30,Dixie State,California Baptist,false,false,1,2,away,final,,https://cbulancers.com/sports/mens-soccer/stats/2017/dixie-state/boxscore/7949,,2017-09-30-California-Baptist-Dixie-State,regular
sidearm-2017-09-30-Gonzaga-Denver,2017-09-30,Gonzaga,Denver,false,false,2,1,home,final,,https://denverpioneers.com/sports/mens-soccer/stats/2017/gonzaga/boxscore/2445,,2017-09-30-Denver-Gonzaga,regular
sidearm-2017-09-30-American-Bucknell,2017-09-30,American,Bucknell,false,false,1,2,unknown,final,,https://aueagles.com/sports/mens-soccer/stats/2017/bucknell/boxscore/1618,,2017-09-30-American-Bucknell,regular
sidearm-2017-09-30-Lehigh-Boston-University,2017-09-30,Lehigh,Boston University,false,false,0,2,away,final,,https://goterriers.com/sports/mens-soccer/stats/2017/lehigh/boxscore/7033,,2017-09-30-Boston-University-Lehigh,regular
sidearm-2017-09-30-Lehigh-Boston,2017-09-30,Lehigh,Boston College,false,false,0,2,home,final,,https://lehighsports.com/sports/mens-soccer/stats/2017/boston/boxscore/10537,,2017-09-30-Boston-College-Lehigh,regular
sidearm-2017-09-30-Loyola-University-Maryland-Navy,2017-09-30,Loyola University Maryland,Navy,false,false,2,0,away,final,,https://loyolagreyhounds.com/sports/mens-soccer/stats/2017/navy/boxscore/4718,,2017-09-30-Loyola-University-Maryland-Navy,regular
sidearm-2017-09-30-Navy-Loyola,2017-09-30,Navy,Loyola,false,false,0,2,home,final,,https://navysports.com/sports/mens-soccer/stats/2017/loyola/boxscore/6123,,2017-09-30-Loyola-Navy,regular
sidearm-2017-09-30-ETSU-Wofford,2017-09-30,ETSU,Wofford,false,false,3,2,away,final,,https://athletics.wofford.edu/sports/mens-soccer/stats/2017/east-tennessee-state-university/boxscore/3953,,2017-09-30-ETSU-Wofford,regular
sidearm-2017-09-30-Furman-UNCG,2017-09-30,Furman,UNC Greensboro,false,false,0,2,unknown,final,,https://furmanpaladins.com/sports/mens-soccer/stats/2017/uncg/boxscore/2428,https://uncgspartans.com/sports/mens-soccer/stats/2017/furman/boxscore/5133,2017-09-30-Furman-UNC-Greensboro,regular
sidearm-2017-09-30-Mercer-VMI,2017-09-30,Mercer,VMI,false,false,4,1,home,final,,https://mercerbears.com/sports/mens-soccer/stats/2017/vmi/boxscore/3884,https://vmikeydets.com/sports/mens-soccer/stats/2017/mercer/boxscore/3865,2017-09-30-Mercer-VMI,regular
sidearm-2017-09-30-Omaha-Fort-Wayne,2017-09-30,Omaha,Fort Wayne,false,false,1,1,home,final,,https://omavs.com/sports/mens-soccer/stats/2017/fort-wayne/boxscore/9808,,2017-09-30-Fort-Wayne-Omaha,regular
sidearm-2017-09-30-Oral-Roberts-SIUE,2017-09-30,Oral Roberts,SIUE,false,false,2,1,unknown,final,,https://oruathletics.com/sports/mens-soccer/stats/2017/siue/boxscore/2096,,2017-09-30-Oral-Roberts-SIUE,regular
sidearm-2017-09-30-Macalester-St.-Thomas,2017-09-30,Macalester,St. Thomas,false,false,0,1,away,final,,https://tommiesports.com/sports/msoc/stats/2017/macalester/boxscore/4816,,2017-09-30-Macalester-St.-Thomas,regular
sidearm-2017-09-30-Saint-Louis-UMass,2017-09-30,Saint Louis,UMass,false,false,1,3,away,final,,https://umassathletics.com/sports/mens-soccer/stats/2017/saint-louis/boxscore/10339,,2017-09-30-Saint-Louis-UMass,regular
sidearm-2017-09-30-South-Carolina-Coastal-Carolina,2017-09-30,South Carolina,Coastal Carolina,false,false,0,2,away,final,https://gamecocksonline.com/sports/msoc/schedule/2017,https://gamecocksonline.com/boxscore/coastal-carolina-131/,,2017-09-30-Coastal-Carolina-South-Carolina,regular
wmtwp-2017-09-30-Kentucky-Old-Dominion,2017-09-30,Old Dominion,Kentucky,false,false,2,0,away,final,https://ukathletics.com/sports/msoc/schedule/2017,https://odusports.com/boxscore/9202,,2017-09-30-Kentucky-Old-Dominion,regular
sidearm-2017-09-30-Marshall-New-Mexico,2017-09-30,Marshall,New Mexico,false,false,1,2,home,final,,,,2017-09-30-Marshall-New-Mexico,regular
sidearm-2017-10-01-San-Diego-State-California,2017-10-01,San Diego State,California,false,false,0,1,away,final,https://goaztecs.com/sports/mens-soccer/schedule,https://calbears.com/sports/mens-soccer/stats/2017/san-diego-state/boxscore/16964,,2017-10-01-California-San-Diego-State,regular
wmt-2017-10-01-Stanford-UCLA,2017-10-01,UCLA,Stanford,false,false,0,1,away,final,https://gostanford.com/sports/mens-soccer/schedule,https://gostanford.com/boxscore/7173,https://uclabruins.com/boxscore/5173,2017-10-01-Stanford-UCLA,regular
sidearm-2017-10-01-Bellarmine-Lewis-University,2017-10-01,Bellarmine,Lewis University,false,false,0,1,unknown,final,,https://athletics.bellarmine.edu/sports/mens-soccer/stats/2017/lewis-university/boxscore/4693,,2017-10-01-Bellarmine-Lewis-University,regular
sidearm-2017-10-01-Penn-State-Michigan,2017-10-01,Penn State,Michigan,false,true,1,2,away,final,https://gopsusports.com/sports/mens-soccer/schedule,https://mgoblue.com/sports/mens-soccer/stats/2017/penn-state/boxscore/10811,https://gopsusports.com/boxscore/6097,2017-10-01-Michigan-Penn-State,regular
sidearm-2017-10-01-Michigan-State-Ohio-State,2017-10-01,Michigan State,Ohio State,false,false,5,1,home,final,,https://msuspartans.com/sports/mens-soccer/stats/2017/ohio-state/boxscore/6273,https://ohiostatebuckeyes.com/sports/mens-soccer/stats/2017/michigan-state/boxscore/10148,2017-10-01-Michigan-State-Ohio-State,regular
sidearm-2017-10-01-Rutgers-Wisconsin,2017-10-01,Rutgers,Wisconsin,false,false,2,3,home,final,,https://scarletknights.com/sports/mens-soccer/stats/2017/wisconsin/boxscore/4644,https://uwbadgers.com/sports/mens-soccer/stats/2017/rutgers/boxscore/8518,2017-10-01-Rutgers-Wisconsin,regular
sidearm-2017-10-01-Washington-Oregon-State,2017-10-01,Washington,Oregon State,true,false,2,1,home,final,,https://gohuskies.com/sports/mens-soccer/stats/2017/oregon-state/boxscore/13168,https://osubeavers.com/sports/mens-soccer/stats/2017/washington/boxscore/9102,2017-10-01-Oregon-State-Washington,regular
sidearm-2017-10-01-Utah-Valley-CSU-Bakersfield,2017-10-01,Utah Valley,CSU Bakersfield,false,false,0,1,unknown,final,,https://wolverinegreen.com/sports/mens-soccer/stats/2017/csu-bakersfield/boxscore/6041,,2017-10-01-CSU-Bakersfield-Utah-Valley,regular
sidearm-2017-10-01-William-&-Mary-Delaware,2017-10-01,William & Mary,Delaware,false,false,1,1,away,final,,https://tribeathletics.com/sports/mens-soccer/stats/2017/delaware/boxscore/10081,,2017-10-01-Delaware-William-&-Mary,regular
sidearm-2017-10-01-Robert-Morris-Howard,2017-10-01,Robert Morris,Howard,false,false,2,1,unknown,final,,https://rmucolonials.com/sports/mens-soccer/stats/2017/howard/boxscore/5568,https://hubison.com/sports/mens-soccer/stats/2017/robert-morris-university/boxscore/5010,2017-10-01-Howard-Robert-Morris,regular
sidearm-2017-10-01-Air-Force-UTRGV,2017-10-01,Air Force,UTRGV,true,false,1,0,home,final,,https://goutrgv.com/sports/mens-soccer/stats/2017/no-18-air-force/boxscore/24329,,2017-10-01-Air-Force-UTRGV,regular
wmt-2017-10-01-San-Jose-State-Seattle,2017-10-01,Seattle,San Jose State,false,false,1,0,away,final,https://sjsuspartans.com/sports/mens-soccer/schedule,https://goseattleu.com/boxscore/2253,https://sjsuspartans.com/documents/2018/8/6/1078__m_soccer_2017_18_box_score__stats_20171002aaa.pdf,2017-10-01-San-Jose-State-Seattle,regular
sidearm-2017-10-01-Grand-Canyon-Houston-Baptist,2017-10-01,Grand Canyon,Houston Baptist,false,false,5,2,home,final,,https://gculopes.com/sports/mens-soccer/stats/2017/houston-baptist/boxscore/9364,,2017-10-01-Grand-Canyon-Houston-Baptist,regular
sidearm-2017-10-01-Houston-Christian-Grand-Canyon,2017-10-01,Houston Christian,Grand Canyon,false,false,2,5,away,final,,https://hcuhuskies.com/sports/mens-soccer/stats/2017/grand-canyon/boxscore/3285,,2017-10-01-Grand-Canyon-Houston-Christian,regular
sidearm-2017-10-01-Lindenwood-Southwest-Baptist-University,2017-10-01,Lindenwood,Southwest Baptist University,false,false,5,1,unknown,final,,https://lindenwoodlions.com/sports/mens-soccer/stats/2017/southwest-baptist-university/boxscore/16165,,2017-10-01-Lindenwood-Southwest-Baptist-University,regular
sidearm-2017-10-01-University-of-Southern-Indiana-University-of-Illinois-Springfield,2017-10-01,University of Southern Indiana,University of Illinois Springfield,false,false,2,1,unknown,final,,https://gousieagles.com/sports/mens-soccer/stats/2017/university-of-illinois-springfield/boxscore/3766,,2017-10-01-University-of-Illinois-Springfield-University-of-Southern-Indiana,regular
sidearm-2017-10-01-UC-San-Diego-Cal-State-San-Bernardino,2017-10-01,UC San Diego,Cal State San Bernardino,false,false,1,0,unknown,final,,https://ucsdtritons.com/sports/mens-soccer/stats/2017/cal-state-san-bernardino/boxscore/6206,,2017-10-01-Cal-State-San-Bernardino-UC-San-Diego,regular
sidearm-2017-10-01-Kansas-City-Incarnate-Word,2017-10-01,Kansas City,Incarnate Word,false,false,1,0,home,final,,,,2017-10-01-Incarnate-Word-Kansas-City,regular
sidearm-2017-10-01-West-Virginia-#20-Pacific,2017-10-01,West Virginia,Pacific,false,true,0,2,home,final,,https://wvusports.com/sports/mens-soccer/stats/2017/pacific/boxscore/3964,https://pacifictigers.com/sports/mens-soccer/stats/2017/west-virginia/boxscore/1896,2017-10-01-Pacific-West-Virginia,regular
wmt-2017-10-02-Portland-Virginia,2017-10-02,Virginia,Portland,false,false,2,1,home,final,https://virginiasports.com/sports/msoc/schedule,https://virginiasports.com/boxscore/5080,https://portlandpilots.com/boxscore.aspx?id=13253,2017-10-02-Portland-Virginia,regular
sidearm-2017-10-02-UConn-Maryland,2017-10-02,UConn,Maryland,false,false,2,3,home,final,,https://umterps.com/sports/mens-soccer/stats/2017/connecticut/boxscore/7479,,2017-10-02-Maryland-UConn,regular
sidearm-2017-10-03-Duke-Elon,2017-10-03,Duke,Elon,false,false,1,0,home,final,,https://goduke.com/sports/mens-soccer/stats/2017/elon/boxscore/1177,,2017-10-03-Duke-Elon,regular
sidearm-2017-10-03-NC-State-Belmont,2017-10-03,NC State,Belmont University,false,false,3,0,home,final,,https://gopack.com/sports/mens-soccer/stats/2017/belmont/boxscore/12424,https://belmontbruins.com/sports/mens-soccer/stats/2017/nc-state/boxscore/1525,2017-10-03-Belmont-University-NC-State,regular
wmt-2017-10-03-Northwestern-Notre-Dame,2017-10-03,Notre Dame,Northwestern,false,false,2,1,home,final,https://fightingirish.com/sports/msoc/schedule,https://fightingirish.com/boxscore/12746,https://nusports.com/boxscore/5155,2017-10-03-Northwestern-Notre-Dame,regular
sidearm-2017-10-03-Syracuse-Akron,2017-10-03,Syracuse,Akron,false,false,0,1,home,final,,https://cuse.com/sports/mens-soccer/stats/2017/akron/boxscore/7953,https://gozips.com/sports/mens-soccer/stats/2017/syracuse/boxscore/5248,2017-10-03-Akron-Syracuse,regular
sidearm-2017-10-03-North-Carolina-James-Madison,2017-10-03,North Carolina,James Madison,true,false,6,0,home,final,,https://goheels.com/sports/mens-soccer/stats/2017/james-madison/boxscore/15024,https://jmusports.com/sports/mens-soccer/stats/2017/north-carolina/boxscore/13922,2017-10-03-James-Madison-North-Carolina,regular
wmt-2017-10-03-South-Carolina-Virginia-Tech,2017-10-03,South Carolina,Virginia Tech,false,false,2,3,away,final,https://hokiesports.com/sports/mens-soccer/schedule,https://hokiesports.com/boxscore/10286,https://gamecocksonline.com/boxscore/virginia-tech-63/,2017-10-03-South-Carolina-Virginia-Tech,regular
sidearm-2017-10-03-Harvard-New-Hampshire,2017-10-03,Harvard,New Hampshire,false,true,1,1,away,final,,https://unhwildcats.com/sports/mens-soccer/stats/2017/harvard/boxscore/5488,https://gocrimson.com/sports/mens-soccer/stats/2017/no-21-new-hampshire/boxscore/10878,2017-10-03-Harvard-New-Hampshire,regular
sidearm-2017-10-03-NJIT-Saint-Francis-U,2017-10-03,NJIT,Saint Francis U,false,false,2,4,unknown,final,,https://njithighlanders.com/sports/mens-soccer/stats/2017/saint-francis-u/boxscore/5911,,2017-10-03-NJIT-Saint-Francis-U,regular
sidearm-2017-10-03-Vermont-Massachusetts,2017-10-03,Vermont,Massachusetts,false,false,2,1,unknown,final,,https://uvmathletics.com/sports/mens-soccer/stats/2017/massachusetts/boxscore/2541,,2017-10-03-Massachusetts-Vermont,regular
sidearm-2017-10-03-FAU-Jacksonville,2017-10-03,FAU,Jacksonville,false,false,1,2,home,final,,https://fausports.com/sports/mens-soccer/stats/2017/jacksonville/boxscore/3644,,2017-10-03-FAU-Jacksonville,regular
sidearm-2017-10-03-ORU-Missouri-State,2017-10-03,ORU,Missouri State,false,false,0,1,away,final,,https://missouristatebears.com/sports/mens-soccer/stats/2017/oru/boxscore/3481,,2017-10-03-Missouri-State-ORU,regular
sidearm-2017-10-03-Temple-University-Drexel-,2017-10-03,Temple University,Drexel,false,false,4,0,home,final,,https://owlsports.com/sports/mens-soccer/stats/2017/drexel/boxscore/6586,https://drexeldragons.com/sports/mens-soccer/stats/2017/temple/boxscore/5832,2017-10-03-Drexel-Temple-University,regular
sidearm-2017-10-03-Georgia-State-UAB,2017-10-03,Georgia State,UAB,false,false,4,1,away,final,,https://uabsports.com/sports/mens-soccer/stats/2017/georgia-state/boxscore/3371,https://georgiastatesports.com/news/2017/10/3/211671221.aspx,2017-10-03-Georgia-State-UAB,regular
sidearm-2017-10-03-Central-Arkansas-Central-Baptist-College,2017-10-03,Central Arkansas,Central Baptist College,false,false,3,0,unknown,final,,https://ucasports.com/sports/mens-soccer/stats/2017/central-baptist-college/boxscore/2999,,2017-10-03-Central-Arkansas-Central-Baptist-College,regular
sidearm-2017-10-03-FGCU-Omaha,2017-10-03,FGCU,Omaha,false,false,3,2,away,final,,https://fgcuathletics.com/sports/mens-soccer/stats/2017/omaha/boxscore/6418,https://omavs.com/sports/mens-soccer/stats/2017/florida-gulf-coast/boxscore/9809,2017-10-03-FGCU-Omaha,regular
sidearm-2017-10-03-Loyola-Chicago-UIC,2017-10-03,Loyola Chicago,UIC,false,false,1,1,away,final,,https://loyolaramblers.com/sports/mens-soccer/stats/2017/uic/boxscore/4144,,2017-10-03-Loyola-Chicago-UIC,regular
sidearm-2017-10-03-Xavier-Detroit,2017-10-03,Xavier,Detroit,false,false,3,1,home,final,,https://goxavier.com/sports/mens-soccer/stats/2017/detroit/boxscore/6850,,2017-10-03-Detroit-Xavier,regular
sidearm-2017-10-03-Longwood-Liberty,2017-10-03,Longwood,Liberty,false,false,1,2,home,final,,https://longwoodlancers.com/sports/mens-soccer/stats/2017/liberty/boxscore/5823,https://libertyflames.com/sports/mens-soccer/stats/2017/longwood/boxscore/10956,2017-10-03-Liberty-Longwood,regular
sidearm-2017-10-03-Indiana-Evansville,2017-10-03,Indiana,University of Evansville,false,false,4,0,home,final,,https://iuhoosiers.com/sports/mens-soccer/stats/2017/evansville/boxscore/12365,https://gopurpleaces.com/sports/mens-soccer/stats/2017/indiana/boxscore/8176,2017-10-03-Indiana-University-of-Evansville,regular
sidearm-2017-10-03-Hofstra-Dartmouth-College,2017-10-03,Hofstra,Dartmouth College,false,false,0,3,home,final,,https://gohofstra.com/sports/mens-soccer/stats/2017/dartmouth-college/boxscore/7942,https://dartmouthsports.com/sports/mens-soccer/stats/2017/hofstra/boxscore/8019,2017-10-03-Dartmouth-College-Hofstra,regular
sidearm-2017-10-03-Northeastern-Hartford,2017-10-03,Northeastern,Hartford,false,false,1,2,unknown,final,,https://nuhuskies.com/sports/mens-soccer/stats/2017/hartford/boxscore/7576,,2017-10-03-Hartford-Northeastern,regular
sidearm-2017-10-03-Stony-Brook-Sacred-Heart,2017-10-03,Stony Brook,Sacred Heart,false,false,4,1,away,final,,https://stonybrookathletics.com/sports/mens-soccer/stats/2017/sacred-heart/boxscore/7770,https://sacredheartpioneers.com/sports/mens-soccer/stats/2017/stony-brook/boxscore/3431,2017-10-03-Sacred-Heart-Stony-Brook,regular
sidearm-2017-10-03-Detroit-Mercy-Xavier,2017-10-03,Detroit Mercy,Xavier,false,false,1,3,unknown,final,,https://detroittitans.com/boxscore.aspx?id=6717,,2017-10-03-Detroit-Mercy-Xavier,regular
sidearm-2017-10-03-Milwaukee-SIUE,2017-10-03,Milwaukee,SIUE,false,false,0,2,unknown,final,,https://mkepanthers.com/sports/mens-soccer/stats/2017/siue/boxscore/7643,,2017-10-03-Milwaukee-SIUE,regular
sidearm-2017-10-03-Columbia-University-Pittsburgh,2017-10-03,Columbia University,Pittsburgh,false,false,0,1,home,final,,https://gocolumbialions.com/sports/mens-soccer/stats/2017/pittsburgh/boxscore/7146,,2017-10-03-Columbia-University-Pittsburgh,regular
sidearm-2017-10-03-UIC-Loyola,2017-10-03,UIC,Loyola,false,false,1,1,home,final,,https://uicflames.com/sports/mens-soccer/stats/2017/loyola/boxscore/10488,,2017-10-03-Loyola-UIC,regular
sidearm-2017-10-03-ETSU-VMI,2017-10-03,ETSU,VMI,false,false,5,0,home,final,,https://vmikeydets.com/sports/mens-soccer/stats/2017/etsu/boxscore/3868,,2017-10-03-ETSU-VMI,regular
sidearm-2017-10-03-Furman-Mercer,2017-10-03,Furman,Mercer,true,false,0,0,away,final,,https://furmanpaladins.com/sports/mens-soccer/stats/2017/mercer/boxscore/2429,https://mercerbears.com/sports/mens-soccer/stats/2017/-25-furman/boxscore/3885,2017-10-03-Furman-Mercer,regular
sidearm-2017-10-03-UNC-Greensboro-Wofford,2017-10-03,UNC Greensboro,Wofford,false,false,1,2,home,final,,https://uncgspartans.com/sports/mens-soccer/stats/2017/wofford/boxscore/5136,https://athletics.wofford.edu/sports/mens-soccer/stats/2017/unc-greensboro/boxscore/3954,2017-10-03-UNC-Greensboro-Wofford,regular
sidearm-2017-10-03-Oral-Roberts-Missouri-St.,2017-10-03,Oral Roberts,Missouri State,false,false,0,1,unknown,final,,https://oruathletics.com/sports/mens-soccer/stats/2017/missouri-st-/boxscore/2097,,2017-10-03-Missouri-State-Oral-Roberts,regular
sidearm-2017-10-03-Augsburg-St.-Thomas,2017-10-03,Augsburg,St. Thomas,false,false,0,2,away,final,,https://tommiesports.com/sports/msoc/stats/2017/augsburg/boxscore/4817,,2017-10-03-Augsburg-St.-Thomas,regular
sidearm-2017-10-03-UMass-Vermont,2017-10-03,UMass,Vermont,false,false,2,1,home,final,,https://umassathletics.com/sports/mens-soccer/stats/2017/vermont/boxscore/10340,,2017-10-03-UMass-Vermont,regular
sidearm-2017-10-03-Coastal-Carolina-UNC-Wilmington,2017-10-03,Coastal Carolina,UNC Wilmington,false,false,1,3,home,final,,,,2017-10-03-Coastal-Carolina-UNC-Wilmington,regular
sidearm-2017-10-04-North-Florida-College-of-Charleston,2017-10-04,North Florida,Charleston,false,false,1,2,home,final,,https://unfospreys.com/sports/mens-soccer/stats/2017/college-of-charleston/boxscore/12859,https://cofcsports.com/sports/mens-soccer/stats/2017/north-florida/boxscore/7254,2017-10-04-Charleston-North-Florida,regular
sidearm-2017-10-04-Queens-Catawba-College,2017-10-04,Queens,Catawba College,false,false,1,1,unknown,final,,https://queensathletics.com/sports/mens-soccer/stats/2017/catawba-college/boxscore/6082,,2017-10-04-Catawba-College-Queens,regular
sidearm-2017-10-04-Stetson-UCF,2017-10-04,Stetson,UCF,false,false,0,4,home,final,https://ucfknights.com/sports/mens-soccer/schedule,https://gohatters.com/sports/mens-soccer/stats/2017/ucf/boxscore/5446,https://ucfknights.com/boxscore/3232,2017-10-04-Stetson-UCF,regular
sidearm-2017-10-04-VCU-Davidson-College,2017-10-04,VCU,Davidson College,false,false,4,1,away,final,,https://davidsonwildcats.com/sports/mens-soccer/stats/2017/vcu/boxscore/5098,https://vcuathletics.com/sports/mens-soccer/stats/2017/davidson/boxscore/1716,2017-10-04-Davidson-College-VCU,regular
sidearm-2017-10-04-Dayton-Saint-Joseph's,2017-10-04,Dayton,Saint Joseph's,false,false,3,2,unknown,final,,https://daytonflyers.com/sports/mens-soccer/stats/2017/saint-joseph-s/boxscore/6596,https://sjuhawks.com/sports/mens-soccer/stats/2017/dayton/boxscore/2558,2017-10-04-Dayton-Saint-Joseph's,regular
sidearm-2017-10-04-Duquesne-Saint-Louis,2017-10-04,Duquesne,Saint Louis,false,false,0,3,away,final,,https://goduquesne.com/sports/mens-soccer/stats/2017/saint-louis/boxscore/1769,https://slubillikens.com/sports/mens-soccer/stats/2017/duquesne/boxscore/6548,2017-10-04-Duquesne-Saint-Louis,regular
sidearm-2017-10-04-Fordham-La-Salle,2017-10-04,Fordham,La Salle,false,false,1,0,unknown,final,,https://fordhamsports.com/sports/mens-soccer/stats/2017/la-salle/boxscore/6280,https://goexplorers.com/sports/mens-soccer/stats/2017/fordham/boxscore/6803,2017-10-04-Fordham-La-Salle,regular
sidearm-2017-10-04-George-Washington-George-Mason,2017-10-04,George Washington,George Mason,false,false,1,0,home,final,,https://gwsports.com/sports/mens-soccer/stats/2017/george-mason/boxscore/4136,,2017-10-04-George-Mason-George-Washington,regular
sidearm-2017-10-04-Rhode-Island-St.-Bonaventure,2017-10-04,Rhode Island,St. Bonaventure,false,false,3,2,unknown,final,,https://gorhody.com/sports/mens-soccer/stats/2017/st-bonaventure/boxscore/2812,https://gobonnies.com/sports/mens-soccer/stats/2017/rhode-island/boxscore/1841,2017-10-04-Rhode-Island-St.-Bonaventure,regular
sidearm-2017-10-04-Wisconsin-Marquette,2017-10-04,Wisconsin,Marquette,false,false,3,0,away,final,,https://gomarquette.com/sports/mens-soccer/stats/2017/wisconsin/boxscore/2446,https://uwbadgers.com/sports/mens-soccer/stats/2017/marquette/boxscore/8519,2017-10-04-Marquette-Wisconsin,regular
sidearm-2017-10-04-Villanova-Princeton,2017-10-04,Villanova,Princeton,false,false,0,2,home,final,,https://villanova.com/sports/mens-soccer/stats/2017/princeton/boxscore/4099,https://goprincetontigers.com/sports/mens-soccer/stats/2017/villanova/boxscore/12424,2017-10-04-Princeton-Villanova,regular
sidearm-2017-10-04-Gardner-Webb-UNC-Asheville,2017-10-04,Gardner-Webb,UNC Asheville,false,false,3,0,home,final,,https://gwusports.com/sports/mens-soccer/stats/2017/unc-asheville/boxscore/4861,https://uncabulldogs.com/sports/mens-soccer/stats/2017/gardner-webb/boxscore/3682,2017-10-04-Gardner-Webb-UNC-Asheville,regular
sidearm-2017-10-04-High-Point-Campbell,2017-10-04,High Point,Campbell,false,false,0,1,unknown,final,,https://highpointpanthers.com/sports/mens-soccer/stats/2017/campbell/boxscore/10563,https://gocamels.com/sports/mens-soccer/stats/2017/high-point/boxscore/2098,2017-10-04-Campbell-High-Point,regular
sidearm-2017-10-04-Presbyterian-Radford,2017-10-04,Presbyterian,Radford,false,false,1,1,away,final,,https://radfordathletics.com/sports/mens-soccer/stats/2017/presbyterian/boxscore/8721,,2017-10-04-Presbyterian-Radford,regular
sidearm-2017-10-04-Western-Michigan-Michigan-State,2017-10-04,Western Michigan,Michigan State,false,false,0,1,away,final,,https://msuspartans.com/sports/mens-soccer/stats/2017/western-michigan/boxscore/6274,https://wmubroncos.com/sports/mens-soccer/stats/2017/michigan-state-university/boxscore/6726,2017-10-04-Michigan-State-Western-Michigan,regular
sidearm-2017-10-04-Monmouth-Iona,2017-10-04,Monmouth,Iona,false,false,3,2,home,final,,https://monmouthhawks.com/sports/mens-soccer/stats/2017/iona/boxscore/5067,https://ionagaels.com/sports/mens-soccer/stats/2017/monmouth/boxscore/7865,2017-10-04-Iona-Monmouth,regular
sidearm-2017-10-04-Penn-Delaware,2017-10-04,Penn,Delaware,false,false,3,1,home,final,,https://pennathletics.com/sports/mens-soccer/stats/2017/monmouth/boxscore/8865,,2017-10-04-Delaware-Penn,regular
sidearm-2017-10-04-Canisius-Niagara,2017-10-04,Canisius,Niagara,false,false,5,0,home,final,,https://gogriffs.com/sports/mens-soccer/stats/2017/niagara/boxscore/5578,,2017-10-04-Canisius-Niagara,regular
sidearm-2017-10-04-Fairfield-Marist,2017-10-04,Fairfield,Marist,false,false,1,0,home,final,,https://fairfieldstags.com/sports/mens-soccer/stats/2017/marist/boxscore/5400,https://goredfoxes.com/sports/mens-soccer/stats/2017/fairfield-university/boxscore/8264,2017-10-04-Fairfield-Marist,regular
sidearm-2017-10-04-Manhattan-Saint-Peter's,2017-10-04,Manhattan,Saint Peter's,false,false,2,0,away,final,,https://gojaspers.com/sports/mens-soccer/stats/2017/saint-peter-s/boxscore/5073,https://saintpeterspeacocks.com/sports/mens-soccer/stats/2017/manhattan/boxscore/884,2017-10-04-Manhattan-Saint-Peter's,regular
sidearm-2017-10-04-Rider-Quinnipiac,2017-10-04,Rider University,Quinnipiac,false,false,2,0,away,final,,https://gobobcats.com/sports/mens-soccer/stats/2017/rider/boxscore/8295,https://gobroncs.com/sports/mens-soccer/stats/2017/quinnipiac-university/boxscore/4352,2017-10-04-Quinnipiac-Rider-University,regular
sidearm-2017-10-04-Le-Moyne-College-Mercyhurst-University,2017-10-04,Le Moyne College,Mercyhurst,false,false,7,1,away,final,,https://lemoynedolphins.com/sports/mens-soccer/stats/2017/mercyhurst-university/boxscore/9120,https://hurstathletics.com/sports/mens-soccer/stats/2017/le-moyne-college/boxscore/9377,2017-10-04-Le-Moyne-College-Mercyhurst,regular
sidearm-2017-10-04-New-Haven-Molloy,2017-10-04,New Haven,Molloy,false,false,2,3,unknown,final,,https://newhavenchargers.com/sports/mens-soccer/stats/2017/molloy/boxscore/7609,,2017-10-04-Molloy-New-Haven,regular
sidearm-2017-10-04-Lindenwood-Oakland-City-University,2017-10-04,Lindenwood,Oakland City University,false,false,6,0,unknown,final,,https://lindenwoodlions.com/sports/mens-soccer/stats/2017/oakland-city-university/boxscore/16166,,2017-10-04-Lindenwood-Oakland-City-University,regular
sidearm-2017-10-04-California-Baptist-Concordia-(Calif.),2017-10-04,California Baptist,Concordia (Calif.),false,false,2,1,home,final,,https://cbulancers.com/sports/mens-soccer/stats/2017/concordia-calif-/boxscore/7950,,2017-10-04-California-Baptist-Concordia-(Calif.),regular
sidearm-2017-10-04-UC-San-Diego-Cal-State-San-Marcos,2017-10-04,UC San Diego,Cal State San Marcos,false,false,1,0,unknown,final,,https://ucsdtritons.com/sports/mens-soccer/stats/2017/cal-state-san-marcos/boxscore/6209,,2017-10-04-Cal-State-San-Marcos-UC-San-Diego,regular
sidearm-2017-10-04-American-Navy,2017-10-04,American,Navy,false,false,3,2,home,final,,https://aueagles.com/sports/mens-soccer/stats/2017/navy/boxscore/1619,https://navysports.com/sports/mens-soccer/stats/2017/american/boxscore/6124,2017-10-04-American-Navy,regular
sidearm-2017-10-04-Lafayette-Army,2017-10-04,Lafayette,Army,false,false,0,1,away,final,,https://goarmywestpoint.com/sports/mens-soccer/stats/2017/lafayette/boxscore/9978,,2017-10-04-Army-Lafayette,regular
sidearm-2017-10-04-Boston-University-Holy-Cross,2017-10-04,Boston University,Holy Cross,false,false,3,0,home,final,,https://goterriers.com/sports/mens-soccer/stats/2017/holy-cross/boxscore/7034,,2017-10-04-Boston-University-Holy-Cross,regular
sidearm-2017-10-04-Colgate-Lehigh,2017-10-04,Colgate,Lehigh,false,false,4,4,away,final,,https://lehighsports.com/sports/mens-soccer/stats/2017/colgate/boxscore/10538,,2017-10-04-Colgate-Lehigh,regular
sidearm-2017-10-04-Loyola-University-Maryland-Bucknell,2017-10-04,Loyola University Maryland,Bucknell,false,false,0,1,home,final,,https://loyolagreyhounds.com/sports/mens-soccer/stats/2017/bucknell/boxscore/4719,,2017-10-04-Bucknell-Loyola-University-Maryland,regular
sidearm-2017-10-04-Loyola-Marymount-New-Mexico,2017-10-04,Loyola Marymount,New Mexico,false,false,0,3,unknown,final,,,,2017-10-04-Loyola-Marymount-New-Mexico,regular
wmt-2017-10-05-Oregon-State-UCLA,2017-10-05,Oregon State,UCLA,false,false,0,1,away,final,https://uclabruins.com/sports/mens-soccer/schedule,https://uclabruins.com/boxscore/5174,https://osubeavers.com/sports/mens-soccer/stats/2017/ucla/boxscore/9103,2017-10-05-Oregon-State-UCLA,regular
sidearm-2017-10-05-Washington-San-Diego-State,2017-10-05,Washington,San Diego State,true,false,3,0,home,final,https://goaztecs.com/sports/mens-soccer/schedule,https://gohuskies.com/sports/mens-soccer/stats/2017/san-diego-state/boxscore/13169,,2017-10-05-San-Diego-State-Washington,regular
sidearm-2017-10-05-Cal-State-Fullerton-UC-Davis,2017-10-05,Cal State Fullerton,UC Davis,false,false,1,2,unknown,final,,https://fullertontitans.com/sports/mens-soccer/stats/2017/uc-davis/boxscore/2766,https://ucdavisaggies.com/sports/mens-soccer/stats/2017/cal-state-fullerton/boxscore/3574,2017-10-05-Cal-State-Fullerton-UC-Davis,regular
sidearm-2017-10-05-Sacramento-State-UC-Riverside,2017-10-05,Sacramento State,UC Riverside,false,false,2,1,home,final,,https://hornetsports.com/sports/mens-soccer/stats/2017/uc-riverside/boxscore/1877,https://gohighlanders.com/sports/mens-soccer/stats/2017/sacramento-state/boxscore/11458,2017-10-05-Sacramento-State-UC-Riverside,regular
sidearm-2017-10-05-UC-Irvine-Cal-Poly,2017-10-05,UC Irvine,Cal Poly,false,false,3,1,home,final,,https://ucirvinesports.com/sports/mens-soccer/stats/2017/cal-poly/boxscore/4705,https://gopoly.com/sports/mens-soccer/stats/2017/uc-irvine/boxscore/1604,2017-10-05-Cal-Poly-UC-Irvine,regular
sidearm-2017-10-05-UC-Santa-Barbara-CSUN,2017-10-05,UC Santa Barbara,CSUN,false,false,1,0,home,final,,https://ucsbgauchos.com/sports/mens-soccer/stats/2017/csun/boxscore/2149,,2017-10-05-CSUN-UC-Santa-Barbara,regular
sidearm-2017-10-05-Houston-Christian-UMKC,2017-10-05,Houston Christian,Kansas City,false,false,3,1,unknown,final,,https://hcuhuskies.com/sports/mens-soccer/stats/2017/umkc/boxscore/3286,,2017-10-05-Houston-Christian-Kansas-City,regular
sidearm-2017-10-05-Houston-Baptist-Kansas-City,2017-10-05,Houston Baptist,Kansas City,false,false,3,1,away,final,,,,2017-10-05-Houston-Baptist-Kansas-City,regular
sidearm-2017-10-06-No.-11-Virginia-Boston-College,2017-10-06,Virginia,Boston College,true,false,1,0,away,final,https://virginiasports.com/sports/msoc/schedule,https://bceagles.com/sports/mens-soccer/stats/2017/virginia/boxscore/15110,https://virginiasports.com/boxscore/5064,2017-10-06-Boston-College-Virginia,regular
wmt-2017-10-06-Clemson-Notre-Dame,2017-10-06,Clemson,Notre Dame,true,false,1,2,home,final,https://clemsontigers.com/sports/mens-soccer/schedule,https://clemsontigers.com/boxscore/3748,https://fightingirish.com/boxscore/12742,2017-10-06-Clemson-Notre-Dame,regular
sidearm-2017-10-06-Pittsburgh-Duke,2017-10-06,Pittsburgh,Duke,false,false,0,2,away,final,,https://goduke.com/sports/mens-soccer/stats/2017/pittsburgh/boxscore/1178,,2017-10-06-Duke-Pittsburgh,regular
sidearm-2017-10-06-Virginia-Tech-Louisville,2017-10-06,Virginia Tech,Louisville,false,false,0,1,away,final,https://hokiesports.com/sports/mens-soccer/schedule,https://gocards.com/sports/mens-soccer/stats/2017/virginia-tech/boxscore/13996,https://hokiesports.com/boxscore/10287,2017-10-06-Louisville-Virginia-Tech,regular
sidearm-2017-10-06-Syracuse-NC-State,2017-10-06,Syracuse,NC State,false,false,1,2,away,final,,https://gopack.com/sports/mens-soccer/stats/2017/syracuse/boxscore/11366,https://cuse.com/sports/mens-soccer/stats/2017/north-carolina-state/boxscore/7954,2017-10-06-NC-State-Syracuse,regular
sidearm-2017-10-06-North-Carolina-Wake-Forest,2017-10-06,North Carolina,Wake Forest,false,false,1,2,home,final,,https://goheels.com/sports/mens-soccer/stats/2017/wake-forest/boxscore/15025,,2017-10-06-North-Carolina-Wake-Forest,regular
sidearm-2017-10-06-Bryant-FDU,2017-10-06,Bryant,FDU,false,false,2,0,unknown,final,,https://bryantbulldogs.com/sports/mens-soccer/stats/2017/fdu/boxscore/7034,,2017-10-06-Bryant-FDU,regular
sidearm-2017-10-06-Charlotte-#17-Old-Dominion,2017-10-06,Charlotte,Old Dominion,false,true,1,2,home,final,https://odusports.com/sports/mens-soccer/schedule,https://charlotte49ers.com/sports/mens-soccer/stats/2017/old-dominion/boxscore/7524,https://odusports.com/boxscore/9203,2017-10-06-Charlotte-Old-Dominion,regular
sidearm-2017-10-06-Bellarmine-University-of-Illinois-Springfield,2017-10-06,Bellarmine,University of Illinois Springfield,false,false,3,0,unknown,final,,https://athletics.bellarmine.edu/sports/mens-soccer/stats/2017/university-of-illinois-springfield/boxscore/4694,,2017-10-06-Bellarmine-University-of-Illinois-Springfield,regular
sidearm-2017-10-06-Butler-Georgetown,2017-10-06,Butler,Georgetown,false,false,0,3,unknown,final,,https://butlersports.com/sports/mens-soccer/stats/2017/georgetown/boxscore/5293,,2017-10-06-Butler-Georgetown,regular
sidearm-2017-10-06-Creighton-St.-John's,2017-10-06,Creighton,St. John's,false,false,2,2,home,final,,https://gocreighton.com/sports/mens-soccer/stats/2017/st-john-s/boxscore/8764,https://redstormsports.com/sports/mens-soccer/stats/2017/creighton/boxscore/2671,2017-10-06-Creighton-St.-John's,regular
sidearm-2017-10-06-Ohio-State-Maryland,2017-10-06,Ohio State,Maryland,false,false,0,1,away,final,,https://umterps.com/sports/mens-soccer/stats/2017/ohio-state/boxscore/7480,,2017-10-06-Maryland-Ohio-State,regular
sidearm-2017-10-06-Michigan-Rutgers,2017-10-06,Michigan,Rutgers,false,false,3,1,home,final,,https://mgoblue.com/sports/mens-soccer/stats/2017/rutgers/boxscore/10812,https://scarletknights.com/sports/mens-soccer/stats/2017/michigan/boxscore/4645,2017-10-06-Michigan-Rutgers,regular
wmt-2017-10-06-Loyola-Chicago-Northwestern,2017-10-06,Northwestern,Loyola Chicago,false,false,,,home,scheduled,https://nusports.com/sports/mens-soccer/schedule,,,2017-10-06-Loyola-Chicago-Northwestern,regular
sidearm-2017-10-06-Utah-Valley-Incarnate-Word,2017-10-06,Utah Valley,Incarnate Word,false,false,1,2,unknown,final,,https://wolverinegreen.com/sports/mens-soccer/stats/2017/incarnate-word/boxscore/6042,,2017-10-06-Incarnate-Word-Utah-Valley,regular
sidearm-2017-10-06-Robert-Morris-Central-Connecticut,2017-10-06,Robert Morris,Central Connecticut,false,false,1,0,unknown,final,,https://rmucolonials.com/sports/mens-soccer/stats/2017/central-connecticut/boxscore/5569,,2017-10-06-Central-Connecticut-Robert-Morris,regular
wmt-2017-10-06-San-Jose-State-UNLV,2017-10-06,San Jose State,UNLV,false,false,2,5,home,final,https://sjsuspartans.com/sports/mens-soccer/schedule,https://storage.googleapis.com/san-jose-state-prod/2023/06/28/5oq9kdeCcKEyHg7qyHperLBZz6ehncWLydNrgSjo.pdf,,2017-10-06-San-Jose-State-UNLV,regular
sidearm-2017-10-06-CSU-Bakersfield-Grand-Canyon,2017-10-06,CSU Bakersfield,Grand Canyon,false,false,3,2,away,final,,https://gculopes.com/sports/mens-soccer/stats/2017/csu-bakersfield/boxscore/9365,,2017-10-06-CSU-Bakersfield-Grand-Canyon,regular
sidearm-2017-10-06-University-of-Southern-Indiana-Quincy-University,2017-10-06,University of Southern Indiana,Quincy University,false,false,2,1,unknown,final,,https://gousieagles.com/sports/mens-soccer/stats/2017/quincy-university/boxscore/3767,,2017-10-06-Quincy-University-University-of-Southern-Indiana,regular
sidearm-2017-10-06-UTRGV-Seattle-U,2017-10-06,UTRGV,Seattle,false,true,2,2,away,final,https://goseattleu.com/sports/mens-soccer/schedule,https://goutrgv.com/sports/mens-soccer/stats/2017/no-18-seattle-u/boxscore/24330,https://goseattleu.com/boxscore/2254,2017-10-06-Seattle-UTRGV,regular
sidearm-2017-10-06-UC-San-Diego-SF-State,2017-10-06,UC San Diego,SF State,false,false,1,1,unknown,final,,https://ucsdtritons.com/sports/mens-soccer/stats/2017/sf-state/boxscore/6218,,2017-10-06-SF-State-UC-San-Diego,regular
sidearm-2017-10-06-ETSU-Furman,2017-10-06,ETSU,Furman,false,true,0,0,home,final,,https://furmanpaladins.com/sports/mens-soccer/stats/2017/east-tennessee-state/boxscore/2430,,2017-10-06-ETSU-Furman,regular
sidearm-2017-10-07-SMU-Temple,2017-10-07,SMU,Temple University,false,false,2,1,home,final,,https://smumustangs.com/sports/mens-soccer/stats/2017/temple/boxscore/7685,https://owlsports.com/sports/mens-soccer/stats/2017/smu/boxscore/6587,2017-10-07-SMU-Temple-University,regular
sidearm-2017-10-07-Binghamton-University-of-Maryland-Baltimore-County-(Homecoming),2017-10-07,Binghamton,UMBC,false,false,1,1,away,final,,https://bubearcats.com/boxscore.aspx?id=15684,https://umbcretrievers.com/sports/mens-soccer/stats/2017/binghamton/boxscore/2040,2017-10-07-Binghamton-UMBC,regular
sidearm-2017-10-07-New-Hampshire--Hartford,2017-10-07,New Hampshire,Hartford,false,false,3,0,home,final,,https://unhwildcats.com/sports/mens-soccer/stats/2017/hartford/boxscore/5489,,2017-10-07-Hartford-New-Hampshire,regular
sidearm-2017-10-07-UMass-Lowell-Stony-Brook,2017-10-07,UMass Lowell,Stony Brook,false,false,1,0,home,final,,https://goriverhawks.com/sports/mens-soccer/stats/2017/stony-brook/boxscore/5058,https://stonybrookathletics.com/sports/mens-soccer/stats/2017/umass-lowell/boxscore/7771,2017-10-07-Stony-Brook-UMass-Lowell,regular
sidearm-2017-10-07-Vermont-Albany,2017-10-07,Vermont,Albany,false,false,1,0,unknown,final,,https://uvmathletics.com/sports/mens-soccer/stats/2017/albany/boxscore/2542,,2017-10-07-Albany-Vermont,regular
sidearm-2017-10-07-New-Mexico-FAU,2017-10-07,New Mexico,FAU,false,false,3,1,away,final,,https://fausports.com/sports/mens-soccer/stats/2017/new-mexico/boxscore/3645,,2017-10-07-FAU-New-Mexico,regular
sidearm-2017-10-07-FIU-Marshall,2017-10-07,FIU,Marshall,false,false,4,0,away,final,,https://fiusports.com/sports/mens-soccer/stats/2017/marshall/boxscore/6219,,2017-10-07-FIU-Marshall,regular
sidearm-2017-10-07-UCF-Memphis,2017-10-07,UCF,Memphis,false,false,1,1,away,final,https://ucfknights.com/sports/mens-soccer/schedule,https://gotigersgo.com/sports/mens-soccer/stats/2017/ucf/boxscore/10727,https://ucfknights.com/boxscore/3233,2017-10-07-Memphis-UCF,regular
sidearm-2017-10-07-Bradley--Missouri-State,2017-10-07,Bradley,Missouri State,false,false,0,1,away,final,,https://missouristatebears.com/sports/mens-soccer/stats/2017/bradley/boxscore/3501,,2017-10-07-Bradley-Missouri-State,regular
sidearm-2017-10-07-Tulsa-South-Florida,2017-10-07,Tulsa,South Florida,false,false,2,3,away,final,,https://gousfbulls.com/sports/mens-soccer/stats/2017/tulsa/boxscore/10133,,2017-10-07-South-Florida-Tulsa,regular
sidearm-2017-10-07-Tulsa-USF,2017-10-07,Tulsa,USF,false,false,2,3,home,final,,https://tulsahurricane.com/sports/mens-soccer/stats/2017/usf/boxscore/8327,,2017-10-07-Tulsa-USF,regular
sidearm-2017-10-07-UAB-Central-Arkansas,2017-10-07,UAB,Central Arkansas,false,false,2,1,home,final,,https://uabsports.com/sports/mens-soccer/stats/2017/central-arkansas/boxscore/3372,https://ucasports.com/sports/mens-soccer/stats/2017/uab/boxscore/3000,2017-10-07-Central-Arkansas-UAB,regular
sidearm-2017-10-07-FGCU-Lipscomb,2017-10-07,FGCU,Lipscomb,false,false,2,0,home,final,,https://fgcuathletics.com/sports/mens-soccer/stats/2017/lipscomb/boxscore/6419,https://lipscombsports.com/sports/mens-soccer/stats/2017/fgcu/boxscore/8000,2017-10-07-FGCU-Lipscomb,regular
sidearm-2017-10-07-Jacksonville-USC-Upstate,2017-10-07,Jacksonville,USC Upstate,false,false,3,1,away,final,,https://judolphins.com/sports/mens-soccer/stats/2017/usc-upstate/boxscore/1809,https://upstatespartans.com/sports/mens-soccer/stats/2017/jacksonville/boxscore/1421,2017-10-07-Jacksonville-USC-Upstate,regular
sidearm-2017-10-07-Queens-Mars-Hill-University,2017-10-07,Queens,Mars Hill University,false,false,0,1,unknown,final,,https://queensathletics.com/sports/mens-soccer/stats/2017/mars-hill-university/boxscore/6083,,2017-10-07-Mars-Hill-University-Queens,regular
sidearm-2017-10-07-St.-Bonaventure-Davidson-College,2017-10-07,St. Bonaventure,Davidson College,false,false,0,1,away,final,,https://davidsonwildcats.com/sports/mens-soccer/stats/2017/st-bonaventure/boxscore/5099,https://gobonnies.com/sports/mens-soccer/stats/2017/davidson/boxscore/1842,2017-10-07-Davidson-College-St.-Bonaventure,regular
sidearm-2017-10-07-Dayton-George-Washington,2017-10-07,Dayton,George Washington,false,false,0,2,home,final,,https://daytonflyers.com/sports/mens-soccer/stats/2017/george-washington/boxscore/6597,https://gwsports.com/sports/mens-soccer/stats/2017/dayton/boxscore/4137,2017-10-07-Dayton-George-Washington,regular
sidearm-2017-10-07-Duquesne-Massachusetts,2017-10-07,Duquesne,Massachusetts,false,false,0,5,unknown,final,,https://goduquesne.com/sports/mens-soccer/stats/2017/massachusetts/boxscore/1770,,2017-10-07-Duquesne-Massachusetts,regular
sidearm-2017-10-07-Fordham-VCU,2017-10-07,Fordham,VCU,false,false,0,1,unknown,final,,https://fordhamsports.com/sports/mens-soccer/stats/2017/vcu/boxscore/6281,https://vcuathletics.com/sports/mens-soccer/stats/2017/fordham/boxscore/1717,2017-10-07-Fordham-VCU,regular
sidearm-2017-10-07-La-Salle-Rhode-Island,2017-10-07,La Salle,Rhode Island,false,false,0,1,away,final,,https://goexplorers.com/sports/mens-soccer/stats/2017/rhode-island/boxscore/6804,https://gorhody.com/sports/mens-soccer/stats/2017/la-salle/boxscore/2813,2017-10-07-La-Salle-Rhode-Island,regular
sidearm-2017-10-07-Loyola-Chicago-Drake,2017-10-07,Loyola Chicago,Drake,false,false,0,0,unknown,final,,https://loyolaramblers.com/sports/mens-soccer/stats/2017/drake/boxscore/4145,,2017-10-07-Drake-Loyola-Chicago,regular
sidearm-2017-10-07-Saint-Joseph's-George-Mason,2017-10-07,Saint Joseph's,George Mason,false,false,2,0,home,final,,https://sjuhawks.com/sports/mens-soccer/stats/2017/george-mason/boxscore/2560,,2017-10-07-George-Mason-Saint-Joseph's,regular
sidearm-2017-10-07-#12-Western-Michigan-Akron,2017-10-07,Western Michigan,Akron,true,false,1,0,away,final,,https://gozips.com/sports/mens-soccer/stats/2017/western-michigan/boxscore/5249,https://wmubroncos.com/sports/mens-soccer/stats/2017/university-of-akron/boxscore/6727,2017-10-07-Akron-Western-Michigan,regular
sidearm-2017-10-07-Seton-Hall-DePaul,2017-10-07,Seton Hall,DePaul,false,false,2,1,away,final,,https://shupirates.com/sports/mens-soccer/stats/2017/depaul/boxscore/2761,,2017-10-07-DePaul-Seton-Hall,regular
sidearm-2017-10-07-Marquette-Providence,2017-10-07,Marquette,Providence,false,false,2,2,home,final,,https://gomarquette.com/sports/mens-soccer/stats/2017/providence/boxscore/2447,https://friars.com/sports/mens-soccer/stats/2017/marquette/boxscore/2529,2017-10-07-Marquette-Providence,regular
sidearm-2017-10-07-Cincinnati-UConn,2017-10-07,Cincinnati,UConn,false,false,0,1,away,final,,,,2017-10-07-Cincinnati-UConn,regular
sidearm-2017-10-07-Villanova-Xavier,2017-10-07,Villanova,Xavier,false,false,2,1,away,final,,https://villanova.com/sports/mens-soccer/stats/2017/xavier/boxscore/4100,https://goxavier.com/sports/mens-soccer/stats/2017/villanova/boxscore/6851,2017-10-07-Villanova-Xavier,regular
sidearm-2017-10-07-High-Point-Radford,2017-10-07,High Point,Radford,false,false,2,1,home,final,,https://highpointpanthers.com/sports/mens-soccer/stats/2017/radford/boxscore/10564,https://radfordathletics.com/sports/mens-soccer/stats/2017/high-point/boxscore/8722,2017-10-07-High-Point-Radford,regular
sidearm-2017-10-07-Longwood-Presbyterian,2017-10-07,Longwood,Presbyterian,false,false,0,1,away,final,,https://longwoodlancers.com/sports/mens-soccer/stats/2017/presbyterian/boxscore/5824,https://gobluehose.com/news/2017/10/7/211671859.aspx,2017-10-07-Longwood-Presbyterian,regular
sidearm-2017-10-07-UNC-Asheville-Liberty,2017-10-07,UNC Asheville,Liberty,false,false,0,4,home,final,,https://uncabulldogs.com/sports/mens-soccer/stats/2017/liberty/boxscore/3683,https://libertyflames.com/sports/mens-soccer/stats/2017/unc-asheville/boxscore/10957,2017-10-07-Liberty-UNC-Asheville,regular
sidearm-2017-10-07-Winthrop-Campbell,2017-10-07,Winthrop,Campbell,false,false,1,2,away,final,,https://winthropeagles.com/sports/mens-soccer/stats/2017/campbell/boxscore/19338,https://gocamels.com/sports/mens-soccer/stats/2017/winthrop/boxscore/2099,2017-10-07-Campbell-Winthrop,regular
sidearm-2017-10-07-Penn-State-Indiana,2017-10-07,Penn State,Indiana,false,true,0,1,away,final,https://gopsusports.com/sports/mens-soccer/schedule,https://iuhoosiers.com/sports/mens-soccer/stats/2017/penn-state/boxscore/12366,https://gopsusports.com/boxscore/6098,2017-10-07-Indiana-Penn-State,regular
sidearm-2017-10-07-Wisconsin-Michigan-State,2017-10-07,Wisconsin,Michigan State,false,false,1,1,away,final,,https://msuspartans.com/sports/mens-soccer/stats/2017/wisconsin/boxscore/6275,https://uwbadgers.com/sports/mens-soccer/stats/2017/michigan-state/boxscore/8520,2017-10-07-Michigan-State-Wisconsin,regular
sidearm-2017-10-07-Cal-State-Fullerton-Sacramento-State,2017-10-07,Cal State Fullerton,Sacramento State,false,false,3,1,away,final,,https://fullertontitans.com/sports/mens-soccer/stats/2017/sacramento-state/boxscore/2767,https://hornetsports.com/sports/mens-soccer/stats/2017/cal-state-fullerton/boxscore/1878,2017-10-07-Cal-State-Fullerton-Sacramento-State,regular
sidearm-2017-10-07-UC-Irvine-UC-Santa-Barbara,2017-10-07,UC Irvine,UC Santa Barbara,false,false,1,1,home,final,,https://ucirvinesports.com/sports/mens-soccer/stats/2017/uc-santa-barbara/boxscore/4706,https://ucsbgauchos.com/sports/mens-soccer/stats/2017/uc-irvine/boxscore/2150,2017-10-07-UC-Irvine-UC-Santa-Barbara,regular
sidearm-2017-10-07-Charleston-James-Madison,2017-10-07,Charleston,James Madison,false,false,2,1,home,final,,https://cofcsports.com/sports/mens-soccer/stats/2017/james-madison/boxscore/7255,https://jmusports.com/sports/mens-soccer/stats/2017/college-of-charleston/boxscore/13923,2017-10-07-Charleston-James-Madison,regular
sidearm-2017-10-07-No.-16-UNCW-Drexel,2017-10-07,UNC Wilmington,Drexel,true,false,3,0,away,final,,https://drexeldragons.com/sports/mens-soccer/stats/2017/no-16-uncw/boxscore/5833,,2017-10-07-Drexel-UNC-Wilmington,regular
sidearm-2017-10-07-Hofstra-University-of-Delaware,2017-10-07,Hofstra,Delaware,false,false,1,0,away,final,,https://gohofstra.com/sports/mens-soccer/stats/2017/university-of-delaware/boxscore/7943,,2017-10-07-Delaware-Hofstra,regular
sidearm-2017-10-07-Monmouth-Manhattan,2017-10-07,Monmouth,Manhattan,false,false,0,1,unknown,final,,https://monmouthhawks.com/sports/mens-soccer/stats/2017/manhattan/boxscore/5068,https://gojaspers.com/sports/mens-soccer/stats/2017/monmouth/boxscore/5074,2017-10-07-Manhattan-Monmouth,regular
sidearm-2017-10-07-Northeastern-William-&-Mary,2017-10-07,Northeastern,William & Mary,false,false,1,4,unknown,final,,https://nuhuskies.com/sports/mens-soccer/stats/2017/william-mary/boxscore/7577,https://tribeathletics.com/sports/mens-soccer/stats/2017/northeastern/boxscore/10082,2017-10-07-Northeastern-William-&-Mary,regular
sidearm-2017-10-07-Cleveland-State-Milwaukee,2017-10-07,Cleveland State,Milwaukee,false,false,0,2,away,final,,https://csuvikings.com/sports/mens-soccer/stats/2017/milwaukee/boxscore/10110,https://mkepanthers.com/sports/mens-soccer/stats/2017/cleveland-state/boxscore/7579,2017-10-07-Cleveland-State-Milwaukee,regular
sidearm-2017-10-07-Detroit-Mercy-IUPUI,2017-10-07,Detroit Mercy,IUPUI,false,false,2,1,unknown,final,,https://detroittitans.com/boxscore.aspx?id=6717,,2017-10-07-Detroit-Mercy-IUPUI,regular
sidearm-2017-10-07-IU-Indy-Detroit-Mercy,2017-10-07,IU Indy,Detroit Mercy,false,false,1,2,home,final,,https://iuindyjags.com/sports/mens-soccer/stats/2017/detroit-mercy/boxscore/6148,,2017-10-07-Detroit-Mercy-IU-Indy,regular
sidearm-2017-10-07-Northern-Kentucky-Oakland,2017-10-07,Northern Kentucky,Oakland,false,false,2,1,away,final,,https://nkunorse.com/sports/mens-soccer/stats/2017/oakland/boxscore/4003,,2017-10-07-Northern-Kentucky-Oakland,regular
sidearm-2017-10-07-Oral-Roberts--Purdue-Fort-Wayne,2017-10-07,Oral Roberts,Purdue Fort Wayne,false,false,5,0,away,final,,https://gomastodons.com/sports/mens-soccer/stats/2017/oral-roberts/boxscore/11341,https://oruathletics.com/sports/mens-soccer/stats/2017/purdue-fort-wayne/boxscore/2098,2017-10-07-Oral-Roberts-Purdue-Fort-Wayne,regular
sidearm-2017-10-07-Belmont-Wright-State,2017-10-07,Belmont University,Wright State,false,false,1,2,away,final,,https://wsuraiders.com/sports/mens-soccer/stats/2017/belmont/boxscore/4222,https://belmontbruins.com/sports/mens-soccer/stats/2017/wright-state/boxscore/1526,2017-10-07-Belmont-University-Wright-State,regular
sidearm-2017-10-07-Brown-Princeton,2017-10-07,Brown,Princeton,false,false,1,0,home,final,,https://brownbears.com/sports/mens-soccer/stats/2017/princeton/boxscore/2366,https://goprincetontigers.com/sports/mens-soccer/stats/2017/brown/boxscore/12425,2017-10-07-Brown-Princeton,regular
sidearm-2017-10-07-Cornell-Harvard-University,2017-10-07,Cornell,Harvard,false,false,1,0,home,final,,https://cornellbigred.com/sports/mens-soccer/stats/2017/harvard-university/boxscore/24088,https://gocrimson.com/sports/mens-soccer/stats/2017/cornell/boxscore/10879,2017-10-07-Cornell-Harvard,regular
sidearm-2017-10-07-Yale-Dartmouth-College,2017-10-07,Yale,Dartmouth College,false,false,2,2,away,final,,https://dartmouthsports.com/sports/mens-soccer/stats/2017/yale/boxscore/8021,https://yalebulldogs.com/sports/mens-soccer/stats/2017/dartmouth/boxscore/3278,2017-10-07-Dartmouth-College-Yale,regular
sidearm-2017-10-07-Canisius-Quinnipiac,2017-10-07,Canisius,Quinnipiac,false,false,0,3,away,final,,https://gogriffs.com/sports/mens-soccer/stats/2017/quinnipiac/boxscore/5579,https://gobobcats.com/sports/mens-soccer/stats/2017/canisius/boxscore/8296,2017-10-07-Canisius-Quinnipiac,regular
sidearm-2017-10-07-Fairfield-Siena,2017-10-07,Fairfield,Siena,false,false,1,1,home,final,,https://fairfieldstags.com/sports/mens-soccer/stats/2017/siena/boxscore/5401,,2017-10-07-Fairfield-Siena,regular
sidearm-2017-10-07-Iona-Marist,2017-10-07,Iona,Marist,false,false,1,0,away,final,,https://ionagaels.com/sports/mens-soccer/stats/2017/marist/boxscore/7866,https://goredfoxes.com/sports/mens-soccer/stats/2017/iona-college/boxscore/8265,2017-10-07-Iona-Marist,regular
sidearm-2017-10-07-Merrimack-College-Saint-Rose,2017-10-07,Merrimack College,Saint Rose,false,false,3,1,unknown,final,,https://merrimackathletics.com/sports/mens-soccer/stats/2017/saint-rose/boxscore/1912,,2017-10-07-Merrimack-College-Saint-Rose,regular
sidearm-2017-10-07-Saint-Peter's-Niagara,2017-10-07,Saint Peter's,Niagara,false,false,0,2,home,final,,https://saintpeterspeacocks.com/sports/mens-soccer/stats/2017/niagara/boxscore/885,,2017-10-07-Niagara-Saint-Peter's,regular
sidearm-2017-10-07-Drake-Loyola,2017-10-07,Drake,Loyola,false,false,0,0,unknown,final,,https://godrakebulldogs.com/sports/mens-soccer/stats/2017/loyola/boxscore/7393,,2017-10-07-Drake-Loyola,regular
sidearm-2017-10-07-University-of-Evansville-Valparaiso,2017-10-07,University of Evansville,Valparaiso,false,false,1,2,unknown,final,,https://gopurpleaces.com/sports/mens-soccer/stats/2017/valparaiso/boxscore/8177,,2017-10-07-University-of-Evansville-Valparaiso,regular
sidearm-2017-10-07-UIC-Green-Bay,2017-10-07,UIC,Green Bay,false,false,3,1,unknown,final,,https://uicflames.com/sports/mens-soccer/stats/2017/green-bay/boxscore/10489,,2017-10-07-Green-Bay-UIC,regular
sidearm-2017-10-07-UC-Davis-UC-Riverside,2017-10-07,UC Davis,UC Riverside,false,false,0,2,home,final,,https://ucdavisaggies.com/sports/mens-soccer/stats/2017/uc-riverside/boxscore/3575,,2017-10-07-UC-Davis-UC-Riverside,regular
sidearm-2017-10-07-Utah-Tech-Notre-Dame-de-Namur,2017-10-07,Utah Tech,Notre Dame de Namur,false,false,0,2,unknown,final,,https://utahtechtrailblazers.com/sports/mens-soccer/stats/2017/notre-dame-de-namur/boxscore/6973,,2017-10-07-Notre-Dame-de-Namur-Utah-Tech,regular
sidearm-2017-10-07-Howard-Appalachian-State-University,2017-10-07,Howard,Appalachian State University,false,false,0,0,unknown,final,,https://hubison.com/sports/mens-soccer/stats/2017/appalachian-state-university/boxscore/5011,,2017-10-07-Appalachian-State-University-Howard,regular
sidearm-2017-10-07-Le-Moyne-College-Stonehill-College,2017-10-07,Le Moyne College,Stonehill College,false,false,1,0,away,final,,https://lemoynedolphins.com/sports/mens-soccer/stats/2017/stonehill-college/boxscore/9111,https://stonehillskyhawks.com/sports/mens-soccer/stats/2017/le-moyne-college/boxscore/2240,2017-10-07-Le-Moyne-College-Stonehill-College,regular
sidearm-2017-10-07-Mercyhurst-Millersville-University,2017-10-07,Mercyhurst,Millersville University,false,false,1,4,unknown,final,,https://hurstathletics.com/sports/mens-soccer/stats/2017/millersville-university/boxscore/9378,,2017-10-07-Mercyhurst-Millersville-University,regular
sidearm-2017-10-07-New-Haven-Saint-Anselm,2017-10-07,New Haven,Saint Anselm,false,false,0,2,unknown,final,,https://newhavenchargers.com/sports/mens-soccer/stats/2017/saint-anselm/boxscore/7610,,2017-10-07-New-Haven-Saint-Anselm,regular
sidearm-2017-10-07-Eastern-Illinois-Denver,2017-10-07,Eastern Illinois,Denver,false,false,0,1,home,final,,https://eiupanthers.com/sports/mens-soccer/stats/2017/denver/boxscore/6312,https://denverpioneers.com/sports/mens-soccer/stats/2017/eastern-illinois/boxscore/2446,2017-10-07-Denver-Eastern-Illinois,regular
sidearm-2017-10-07-California-Baptist-Point-Loma,2017-10-07,California Baptist,Point Loma,false,false,0,0,home,final,,https://cbulancers.com/sports/mens-soccer/stats/2017/point-loma/boxscore/7951,,2017-10-07-California-Baptist-Point-Loma,regular
sidearm-2017-10-07-CSUN-Cal-Poly,2017-10-07,CSUN,Cal Poly,false,false,1,0,away,final,,https://gopoly.com/sports/mens-soccer/stats/2017/csun/boxscore/1605,,2017-10-07-CSUN-Cal-Poly,regular
sidearm-2017-10-07-Gonzaga-Saint-Mary's,2017-10-07,Gonzaga,Saint Mary's,false,false,0,1,home,final,,,,2017-10-07-Gonzaga-Saint-Mary's,regular
sidearm-2017-10-07-American-Colgate,2017-10-07,American,Colgate,false,false,0,2,unknown,final,,https://aueagles.com/sports/mens-soccer/stats/2017/colgate/boxscore/1620,,2017-10-07-American-Colgate,regular
sidearm-2017-10-07-Loyola-Army,2017-10-07,Loyola,Army,false,false,2,1,away,final,,https://goarmywestpoint.com/sports/mens-soccer/stats/2017/loyola/boxscore/9979,,2017-10-07-Army-Loyola,regular
sidearm-2017-10-07-Lafayette-Boston-University,2017-10-07,Lafayette,Boston University,false,false,0,2,away,final,,https://goterriers.com/sports/mens-soccer/stats/2017/lafayette/boxscore/7035,,2017-10-07-Boston-University-Lafayette,regular
sidearm-2017-10-07-Navy-Lehigh,2017-10-07,Navy,Lehigh,false,false,0,1,away,final,,https://lehighsports.com/sports/mens-soccer/stats/2017/navy/boxscore/10539,https://navysports.com/sports/mens-soccer/stats/2017/lehigh/boxscore/6125,2017-10-07-Lehigh-Navy,regular
sidearm-2017-10-07-Loyola-University-Maryland-Army-West-Point,2017-10-07,Loyola University Maryland,Army,false,false,2,1,away,final,,https://loyolagreyhounds.com/sports/mens-soccer/stats/2017/army-west-point/boxscore/4720,,2017-10-07-Army-Loyola-University-Maryland,regular
sidearm-2017-10-07-Mercer-UNCG,2017-10-07,Mercer,UNC Greensboro,false,false,0,1,home,final,,https://mercerbears.com/sports/mens-soccer/stats/2017/uncg/boxscore/3886,https://uncgspartans.com/sports/mens-soccer/stats/2017/mercer/boxscore/5138,2017-10-07-Mercer-UNC-Greensboro,regular
sidearm-2017-10-07-VMI-Wofford,2017-10-07,VMI,Wofford,false,false,0,6,away,final,,https://vmikeydets.com/sports/mens-soccer/stats/2017/wofford/boxscore/3872,https://athletics.wofford.edu/sports/mens-soccer/stats/2017/virginia-military-institute/boxscore/3955,2017-10-07-VMI-Wofford,regular
sidearm-2017-10-07-St.-Thomas-Carleton,2017-10-07,St. Thomas,Carleton,false,false,2,0,home,final,,https://tommiesports.com/sports/msoc/stats/2017/carleton/boxscore/4818,,2017-10-07-Carleton-St.-Thomas,regular
sidearm-2017-10-07-UMass-Duquesne,2017-10-07,UMass,Duquesne,false,false,5,0,home,final,,https://umassathletics.com/sports/mens-soccer/stats/2017/duquesne/boxscore/10341,,2017-10-07-Duquesne-UMass,regular
sidearm-2017-10-07-Georgia-Southern-Georgia-State,2017-10-07,Georgia Southern,Georgia State,false,false,1,3,home,final,,https://gseagles.com/sports/mens-soccer/stats/2017/georgia-state/boxscore/5103,https://georgiastatesports.com/news/2017/10/7/211671893.aspx,2017-10-07-Georgia-Southern-Georgia-State,regular
sidearm-2017-10-07-West-Virginia-Northern-Illinois,2017-10-07,West Virginia,Northern Illinois,false,false,1,1,home,final,,https://wvusports.com/sports/mens-soccer/stats/2017/northern-illinois/boxscore/3965,,2017-10-07-Northern-Illinois-West-Virginia,regular
sidearm-2017-10-07-Pacific-Portland,2017-10-07,Pacific,Portland,false,false,1,3,home,final,,https://pacifictigers.com/sports/mens-soccer/stats/2017/portland/boxscore/1897,https://portlandpilots.com/boxscore.aspx?id=13253,2017-10-07-Pacific-Portland,regular
sidearm-2017-10-08-California-Stanford,2017-10-08,California,Stanford,true,false,0,3,home,final,https://gostanford.com/sports/mens-soccer/schedule,https://calbears.com/sports/mens-soccer/stats/2017/stanford/boxscore/16966,https://gostanford.com/boxscore/7174,2017-10-08-California-Stanford,regular
sidearm-2017-10-08-NJIT-Stetson,2017-10-08,NJIT,Stetson,false,false,1,2,unknown,final,,https://njithighlanders.com/sports/mens-soccer/stats/2017/stetson/boxscore/5912,https://gohatters.com/sports/mens-soccer/stats/2017/njit/boxscore/5447,2017-10-08-NJIT-Stetson,regular
wmt-2017-10-08-UCLA-Washington,2017-10-08,Washington,UCLA,false,false,0,1,away,final,https://uclabruins.com/sports/mens-soccer/schedule,https://uclabruins.com/boxscore/5172,https://gohuskies.com/sports/mens-soccer/stats/2017/ucla/boxscore/13170,2017-10-08-UCLA-Washington,regular
sidearm-2017-10-08-Utah-Valley-UT-Rio-Grande-Valley,2017-10-08,Utah Valley,UT Rio Grande Valley,false,false,0,3,unknown,final,,https://wolverinegreen.com/sports/mens-soccer/stats/2017/ut-rio-grande-valley/boxscore/6043,,2017-10-08-UT-Rio-Grande-Valley-Utah-Valley,regular
sidearm-2017-10-08-Columbia-University-Penn,2017-10-08,Columbia University,Penn,false,false,3,0,home,final,,https://gocolumbialions.com/sports/mens-soccer/stats/2017/penn/boxscore/7147,https://pennathletics.com/sports/mens-soccer/stats/2017/columbia/boxscore/8365,2017-10-08-Columbia-University-Penn,regular
sidearm-2017-10-08-Sacred-Heart-LIU,2017-10-08,Sacred Heart,LIU,false,false,0,2,home,final,,https://sacredheartpioneers.com/sports/mens-soccer/stats/2017/liu/boxscore/3432,,2017-10-08-LIU-Sacred-Heart,regular
sidearm-2017-10-08-Air-Force-Houston-Baptist,2017-10-08,Air Force,Houston Baptist,false,false,2,0,home,final,,,,2017-10-08-Air-Force-Houston-Baptist,regular
wmt-2017-10-08-Grand-Canyon-San-Jose-State,2017-10-08,San Jose State,Grand Canyon,false,false,0,1,home,final,https://sjsuspartans.com/sports/mens-soccer/schedule,https://gculopes.com/sports/mens-soccer/stats/2017/san-jos-state/boxscore/9366,https://storage.googleapis.com/san-jose-state-prod/2023/06/28/zcH7v6vj1z1h696K113uV754Syn1IW66HvTvP1ZA.pdf,2017-10-08-Grand-Canyon-San-Jose-State,regular
sidearm-2017-10-08-UNLV-CSU-Bakersfield,2017-10-08,UNLV,CSU Bakersfield,false,false,0,1,away,final,,,,2017-10-08-CSU-Bakersfield-UNLV,regular
sidearm-2017-10-08-Houston-Christian-No-.13-Air-Force,2017-10-08,Houston Christian,No .13 Air Force,false,false,0,2,unknown,final,,https://hcuhuskies.com/sports/mens-soccer/stats/2017/no-13-air-force/boxscore/3287,,2017-10-08-Houston-Christian-No-.13-Air-Force,regular
sidearm-2017-10-08-Lindenwood-(RV)-Fort-Hays-State-University,2017-10-08,Lindenwood,Fort Hays State University,false,true,1,2,unknown,final,,https://lindenwoodlions.com/sports/mens-soccer/stats/2017/-rv-fort-hays-state-university/boxscore/16167,,2017-10-08-Fort-Hays-State-University-Lindenwood,regular
sidearm-2017-10-08-University-of-Southern-Indiana-Truman-State-University,2017-10-08,University of Southern Indiana,Truman State University,false,false,1,0,unknown,final,,https://gousieagles.com/sports/mens-soccer/stats/2017/truman-state-university/boxscore/3768,,2017-10-08-Truman-State-University-University-of-Southern-Indiana,regular
sidearm-2017-10-08-UTRGV-Utah-Valley,2017-10-08,UTRGV,Utah Valley,false,false,3,0,unknown,final,,https://goutrgv.com/sports/mens-soccer/stats/2017/utah-valley/boxscore/24331,,2017-10-08-UTRGV-Utah-Valley,regular
sidearm-2017-10-08-Oregon-State-San-Diego-State,2017-10-08,Oregon State,San Diego State,false,false,2,0,home,final,https://goaztecs.com/sports/mens-soccer/schedule,https://osubeavers.com/sports/mens-soccer/stats/2017/san-diego-state/boxscore/9104,,2017-10-08-Oregon-State-San-Diego-State,regular
sidearm-2017-10-08-St.-Thomas-St.-Scholastica,2017-10-08,St. Thomas,St. Scholastica,false,false,1,0,home,final,,https://tommiesports.com/sports/msoc/stats/2017/st-scholastica/boxscore/4819,,2017-10-08-St.-Scholastica-St.-Thomas,regular
sidearm-2017-10-08-Coastal-Carolina-Hartwick,2017-10-08,Coastal Carolina,Hartwick,false,false,1,0,home,final,,,,2017-10-08-Coastal-Carolina-Hartwick,regular
wmtwp-2017-10-08-Kentucky-South-Carolina,2017-10-08,Kentucky,South Carolina,true,false,1,0,home,final,https://ukathletics.com/sports/msoc/schedule/2017,https://gamecocksonline.com/boxscore/no-20-kentucky/,,2017-10-08-Kentucky-South-Carolina,regular
sidearm-2017-10-08-Loyola-Marymount-San-Diego,2017-10-08,Loyola Marymount,San Diego,false,false,0,2,home,final,,,,2017-10-08-Loyola-Marymount-San-Diego,regular
sidearm-2017-10-08-Santa-Clara--San-Francisco,2017-10-08,Santa Clara,San Francisco,false,false,3,1,away,final,,https://usfdons.com/sports/mens-soccer/stats/2017/santa-clara/boxscore/4671,https://santaclarabroncos.com/sports/mens-soccer/stats/2017/san-francisco/boxscore/2687,2017-10-08-San-Francisco-Santa-Clara,regular
wmt-2017-10-08-Incarnate-Word-Seattle,2017-10-08,Incarnate Word,Seattle,false,false,0,2,away,final,https://goseattleu.com/sports/mens-soccer/schedule,https://goseattleu.com/boxscore/2255,,2017-10-08-Incarnate-Word-Seattle,regular
sidearm-2017-10-09-Georgetown-Duke,2017-10-09,Georgetown,Duke,false,false,1,2,away,final,,https://goduke.com/sports/mens-soccer/stats/2017/georgetown/boxscore/1179,,2017-10-09-Duke-Georgetown,regular
sidearm-2017-10-09-Bellarmine-Quincy-University,2017-10-09,Bellarmine,Quincy University,false,false,2,0,unknown,final,,https://athletics.bellarmine.edu/sports/mens-soccer/stats/2017/quincy-university/boxscore/4695,,2017-10-09-Bellarmine-Quincy-University,regular
wmt-2017-10-09-Northwestern-Western-Illinois,2017-10-09,Northwestern,Western Illinois,false,false,3,2,home,final,https://nusports.com/sports/mens-soccer/schedule,https://nusports.com/boxscore/5154,https://goleathernecks.com/sports/mens-soccer/stats/2017/northwestern/boxscore/5931,2017-10-09-Northwestern-Western-Illinois,regular
sidearm-2017-10-10-Harvard-Boston-College,2017-10-10,Harvard,Boston College,false,false,1,3,away,final,,https://bceagles.com/sports/mens-soccer/stats/2017/harvard/boxscore/15112,https://gocrimson.com/sports/mens-soccer/stats/2017/boston-college/boxscore/10880,2017-10-10-Boston-College-Harvard,regular
wmt-2017-10-10-Clemson-Gardner-Webb,2017-10-10,Clemson,Gardner-Webb,false,false,5,0,home,final,https://clemsontigers.com/sports/mens-soccer/schedule,https://clemsontigers.com/boxscore/3751,https://gwusports.com/sports/mens-soccer/stats/2017/clemson/boxscore/4862,2017-10-10-Clemson-Gardner-Webb,regular
sidearm-2017-10-10-Louisville-FLORIDA-ATLANTIC,2017-10-10,Louisville,FAU,true,false,5,0,home,final,,https://gocards.com/sports/mens-soccer/stats/2017/florida-atlantic/boxscore/13997,https://fausports.com/sports/mens-soccer/stats/2017/no-5-louisville/boxscore/3646,2017-10-10-FAU-Louisville,regular
sidearm-2017-10-10-NC-State-USC-Upstate,2017-10-10,NC State,USC Upstate,false,false,0,0,home,final,,https://gopack.com/sports/mens-soccer/stats/2017/usc-upstate/boxscore/15492,https://upstatespartans.com/sports/mens-soccer/stats/2017/n-c-state/boxscore/1422,2017-10-10-NC-State-USC-Upstate,regular
wmt-2017-10-10-Michigan-Notre-Dame,2017-10-10,Notre Dame,Michigan,true,true,3,1,home,final,https://fightingirish.com/sports/msoc/schedule,https://fightingirish.com/boxscore/12739,https://mgoblue.com/sports/mens-soccer/stats/2017/notre-dame/boxscore/10813,2017-10-10-Michigan-Notre-Dame,regular
sidearm-2017-10-10-SMU-Northeastern,2017-10-10,SMU,Northeastern,true,false,6,0,unknown,final,,https://smumustangs.com/sports/mens-soccer/stats/2017/northeastern/boxscore/7686,https://nuhuskies.com/sports/mens-soccer/stats/2017/no-17-smu/boxscore/7578,2017-10-10-Northeastern-SMU,regular
wmt-2017-10-10-Lehigh-Virginia,2017-10-10,Virginia,Lehigh,true,false,4,2,home,final,https://virginiasports.com/sports/msoc/schedule,https://virginiasports.com/boxscore/5029,https://lehighsports.com/sports/mens-soccer/stats/2017/virginia/boxscore/10540,2017-10-10-Lehigh-Virginia,regular
sidearm-2017-10-10-Wake-Forest-Longwood,2017-10-10,Wake Forest,Longwood,false,false,8,0,home,final,,https://longwoodlancers.com/sports/mens-soccer/stats/2017/wake-forest/boxscore/5825,,2017-10-10-Longwood-Wake-Forest,regular
sidearm-2017-10-10-Charlotte-Radford-,2017-10-10,Charlotte,Radford,false,false,1,0,home,final,,https://charlotte49ers.com/sports/mens-soccer/stats/2017/radford/boxscore/7525,https://radfordathletics.com/sports/mens-soccer/stats/2017/charlotte/boxscore/8723,2017-10-10-Charlotte-Radford,regular
sidearm-2017-10-10-FIU-FGCU,2017-10-10,FIU,FGCU,false,false,4,3,away,final,,https://fiusports.com/sports/mens-soccer/stats/2017/fgcu/boxscore/6220,https://fgcuathletics.com/sports/mens-soccer/stats/2017/fiu/boxscore/6420,2017-10-10-FGCU-FIU,regular
sidearm-2017-10-10-Tulsa-Denver,2017-10-10,Tulsa,Denver,false,false,2,1,home,final,,https://tulsahurricane.com/sports/mens-soccer/stats/2017/denver/boxscore/8328,https://denverpioneers.com/sports/mens-soccer/stats/2017/tulsa/boxscore/2447,2017-10-10-Denver-Tulsa,regular
sidearm-2017-10-10-Rhode-Island-Holy-Cross,2017-10-10,Rhode Island,Holy Cross,false,false,2,0,unknown,final,,https://gorhody.com/sports/mens-soccer/stats/2017/holy-cross/boxscore/2814,,2017-10-10-Holy-Cross-Rhode-Island,regular
sidearm-2017-10-10-Akron-Cleveland-State,2017-10-10,Akron,Cleveland State,false,false,2,0,home,final,,https://gozips.com/sports/mens-soccer/stats/2017/cleveland-state/boxscore/5250,https://csuvikings.com/sports/mens-soccer/stats/2017/akron/boxscore/10111,2017-10-10-Akron-Cleveland-State,regular
sidearm-2017-10-10-Butler-SIUE,2017-10-10,Butler,SIUE,false,false,0,2,unknown,final,,https://butlersports.com/sports/mens-soccer/stats/2017/siue/boxscore/5294,,2017-10-10-Butler-SIUE,regular
sidearm-2017-10-10-Creighton-Drake,2017-10-10,Creighton,Drake,false,false,6,1,home,final,,https://gocreighton.com/sports/mens-soccer/stats/2017/drake/boxscore/8765,https://godrakebulldogs.com/sports/mens-soccer/stats/2017/creighton/boxscore/7394,2017-10-10-Creighton-Drake,regular
sidearm-2017-10-10-Princeton-St.-John's,2017-10-10,Princeton,St. John's,false,false,1,0,away,final,,https://redstormsports.com/sports/mens-soccer/stats/2017/princeton/boxscore/2672,https://goprincetontigers.com/sports/mens-soccer/stats/2017/st-john-s/boxscore/12426,2017-10-10-Princeton-St.-John's,regular
sidearm-2017-10-10-Appalachian-State-UNC-Asheville,2017-10-10,Appalachian State,UNC Asheville,false,false,1,0,away,final,,https://uncabulldogs.com/sports/mens-soccer/stats/2017/appalachian-state/boxscore/3684,,2017-10-10-Appalachian-State-UNC-Asheville,regular
sidearm-2017-10-10-Oakland-Ohio-State,2017-10-10,Oakland,Ohio State,false,false,1,0,away,final,,https://ohiostatebuckeyes.com/sports/mens-soccer/stats/2017/oakland/boxscore/10156,,2017-10-10-Oakland-Ohio-State,regular
wmt-2017-10-10-Penn-State-Pittsburgh,2017-10-10,Pittsburgh,Penn State,false,false,3,2,away,final,https://gopsusports.com/sports/mens-soccer/schedule,https://gopsusports.com/boxscore/6099,,2017-10-10-Penn-State-Pittsburgh,regular
sidearm-2017-10-10-Wisconsin-Green-Bay,2017-10-10,Wisconsin,Green Bay,false,false,,,home,scheduled,,,,2017-10-10-Green-Bay-Wisconsin,regular
sidearm-2017-10-10-Wright-State-Bowling-Green,2017-10-10,Wright State,Bowling Green,false,false,2,0,home,final,,https://wsuraiders.com/sports/mens-soccer/stats/2017/bowling-green/boxscore/4223,,2017-10-10-Bowling-Green-Wright-State,regular
sidearm-2017-10-10-Cornell-Colgate-University,2017-10-10,Cornell,Colgate University,false,false,4,3,away,final,,https://cornellbigred.com/sports/mens-soccer/stats/2017/colgate-university/boxscore/24089,,2017-10-10-Colgate-University-Cornell,regular
sidearm-2017-10-10-Yale-Lafayette,2017-10-10,Yale,Lafayette,false,false,1,2,unknown,final,,https://yalebulldogs.com/sports/mens-soccer/stats/2017/lafayette/boxscore/3279,,2017-10-10-Lafayette-Yale,regular
sidearm-2017-10-10-Merrimack-College-Saint-Anselm,2017-10-10,Merrimack College,Saint Anselm,false,false,1,0,unknown,final,,https://merrimackathletics.com/sports/mens-soccer/stats/2017/saint-anselm/boxscore/1913,,2017-10-10-Merrimack-College-Saint-Anselm,regular
sidearm-2017-10-10-Belmont-University-Evansville,2017-10-10,Belmont University,University of Evansville,false,false,2,3,home,final,,https://belmontbruins.com/sports/mens-soccer/stats/2017/evansville/boxscore/1527,https://gopurpleaces.com/sports/mens-soccer/stats/2017/belmont/boxscore/8178,2017-10-10-Belmont-University-University-of-Evansville,regular
sidearm-2017-10-10-Utah-Tech-Dominican,2017-10-10,Utah Tech,Dominican,false,false,2,1,unknown,final,,https://utahtechtrailblazers.com/sports/mens-soccer/stats/2017/dominican/boxscore/6974,,2017-10-10-Dominican-Utah-Tech,regular
sidearm-2017-10-10-Howard-Bucknell-University,2017-10-10,Howard,Bucknell,false,false,0,0,unknown,final,,https://hubison.com/sports/mens-soccer/stats/2017/bucknell-university/boxscore/5096,,2017-10-10-Bucknell-Howard,regular
sidearm-2017-10-10-Le-Moyne-College-College-of-Saint-Rose,2017-10-10,Le Moyne College,College of Saint Rose,false,false,2,2,unknown,final,,https://lemoynedolphins.com/sports/mens-soccer/stats/2017/college-of-saint-rose/boxscore/9104,,2017-10-10-College-of-Saint-Rose-Le-Moyne-College,regular
sidearm-2017-10-10-New-Haven-Southern-New-Hampshire,2017-10-10,New Haven,Southern New Hampshire,false,false,1,3,unknown,final,,https://newhavenchargers.com/sports/mens-soccer/stats/2017/southern-new-hampshire/boxscore/7611,,2017-10-10-New-Haven-Southern-New-Hampshire,regular
sidearm-2017-10-10-Stonehill-College-Bentley-University,2017-10-10,Stonehill College,Bentley University,false,false,1,2,unknown,final,,https://stonehillskyhawks.com/sports/mens-soccer/stats/2017/bentley-university/boxscore/2241,,2017-10-10-Bentley-University-Stonehill-College,regular
sidearm-2017-10-10-Eastern-Illinois-Bradley,2017-10-10,Eastern Illinois,Bradley,false,false,0,1,home,final,,https://eiupanthers.com/sports/mens-soccer/stats/2017/bradley/boxscore/6313,,2017-10-10-Bradley-Eastern-Illinois,regular
sidearm-2017-10-10-ETSU-Mercer,2017-10-10,ETSU,Mercer,false,false,0,0,away,final,,https://mercerbears.com/sports/mens-soccer/stats/2017/etsu/boxscore/3887,,2017-10-10-ETSU-Mercer,regular
sidearm-2017-10-10-Furman-Wofford,2017-10-10,Furman,Wofford,false,false,0,1,away,final,,https://furmanpaladins.com/sports/mens-soccer/stats/2017/wofford/boxscore/2431,https://athletics.wofford.edu/sports/mens-soccer/stats/2017/furman-university/boxscore/3956,2017-10-10-Furman-Wofford,regular
sidearm-2017-10-10-UNC-Greensboro-VMI,2017-10-10,UNC Greensboro,VMI,false,false,2,0,unknown,final,,https://uncgspartans.com/sports/mens-soccer/stats/2017/vmi/boxscore/5143,https://vmikeydets.com/sports/mens-soccer/stats/2017/uncg/boxscore/3876,2017-10-10-UNC-Greensboro-VMI,regular
sidearm-2017-10-11-Binghamton-University-of-Hartford,2017-10-11,Binghamton,University of Hartford,false,false,1,0,unknown,final,,https://bubearcats.com/sports/mens-soccer/stats/2017/university-of-hartford/boxscore/8951,,2017-10-11-Binghamton-University-of-Hartford,regular
sidearm-2017-10-11-Albany-New-Hampshire,2017-10-11,Albany,New Hampshire,false,false,1,2,away,final,,https://unhwildcats.com/sports/mens-soccer/stats/2017/albany/boxscore/5490,,2017-10-11-Albany-New-Hampshire,regular
sidearm-2017-10-11-NJIT-Rutgers,2017-10-11,NJIT,Rutgers,false,false,1,2,home,final,,https://njithighlanders.com/sports/mens-soccer/stats/2017/rutgers/boxscore/5913,https://scarletknights.com/sports/mens-soccer/stats/2017/njit/boxscore/4646,2017-10-11-NJIT-Rutgers,regular
sidearm-2017-10-11-UMass-Lowell-UMBC,2017-10-11,UMass Lowell,UMBC,false,false,3,2,home,final,,https://goriverhawks.com/sports/mens-soccer/stats/2017/umbc/boxscore/5059,https://umbcretrievers.com/sports/mens-soccer/stats/2017/umass-lowell/boxscore/2041,2017-10-11-UMBC-UMass-Lowell,regular
sidearm-2017-10-11-Vermont-Stony-Brook,2017-10-11,Vermont,Stony Brook,false,false,2,1,unknown,final,,https://uvmathletics.com/sports/mens-soccer/stats/2017/stony-brook/boxscore/2543,https://stonybrookathletics.com/sports/mens-soccer/stats/2017/vermont/boxscore/7772,2017-10-11-Stony-Brook-Vermont,regular
sidearm-2017-10-11-Memphis-Lipscomb,2017-10-11,Memphis,Lipscomb,false,false,1,3,home,final,,https://gotigersgo.com/sports/mens-soccer/stats/2017/lipscomb/boxscore/10728,https://lipscombsports.com/sports/mens-soccer/stats/2017/memphis/boxscore/8001,2017-10-11-Lipscomb-Memphis,regular
sidearm-2017-10-11-Davidson-College-DUQUESNE,2017-10-11,Davidson College,Duquesne,false,false,3,0,home,final,,https://davidsonwildcats.com/sports/mens-soccer/stats/2017/duquesne/boxscore/5100,https://goduquesne.com/sports/mens-soccer/stats/2017/davidson/boxscore/1771,2017-10-11-Davidson-College-Duquesne,regular
sidearm-2017-10-11-Fordham-St.-Bonaventure,2017-10-11,Fordham,St. Bonaventure,false,false,2,0,home,final,,https://fordhamsports.com/sports/mens-soccer/stats/2017/st-bonaventure/boxscore/6282,https://gobonnies.com/sports/mens-soccer/stats/2017/fordham/boxscore/1843,2017-10-11-Fordham-St.-Bonaventure,regular
sidearm-2017-10-11-La-Salle-George-Washington,2017-10-11,La Salle,George Washington,false,false,5,3,away,final,,https://gwsports.com/sports/mens-soccer/stats/2017/la-salle/boxscore/4138,https://goexplorers.com/sports/mens-soccer/stats/2017/george-washington/boxscore/6805,2017-10-11-George-Washington-La-Salle,regular
sidearm-2017-10-11-Saint-Joseph's-Massachusetts,2017-10-11,Saint Joseph's,Massachusetts,false,false,2,2,unknown,final,,https://sjuhawks.com/sports/mens-soccer/stats/2017/massachusetts/boxscore/2563,,2017-10-11-Massachusetts-Saint-Joseph's,regular
sidearm-2017-10-11-Saint-Louis-VCU,2017-10-11,Saint Louis,VCU,false,false,0,4,unknown,final,,https://slubillikens.com/sports/mens-soccer/stats/2017/vcu/boxscore/6553,https://vcuathletics.com/sports/mens-soccer/stats/2017/saint-louis/boxscore/1718,2017-10-11-Saint-Louis-VCU,regular
sidearm-2017-10-11-DePaul-Northwestern,2017-10-11,DePaul,Northwestern,false,false,0,2,home,final,https://nusports.com/sports/mens-soccer/schedule,https://nusports.com/boxscore/5156,,2017-10-11-DePaul-Northwestern,regular
sidearm-2017-10-11-Providence-Brown,2017-10-11,Providence,Brown,false,false,2,1,home,final,,https://friars.com/sports/mens-soccer/stats/2017/brown/boxscore/2530,https://brownbears.com/sports/mens-soccer/stats/2017/providence/boxscore/2367,2017-10-11-Brown-Providence,regular
sidearm-2017-10-11-High-Point-Loyola-(Md.),2017-10-11,High Point,Loyola (Md.),false,false,0,1,unknown,final,,https://highpointpanthers.com/sports/mens-soccer/stats/2017/loyola-md-/boxscore/10565,,2017-10-11-High-Point-Loyola-(Md.),regular
sidearm-2017-10-11-Indiana-#19-Kentucky,2017-10-11,Indiana,Kentucky,false,true,2,0,home,final,https://ukathletics.com/sports/msoc/schedule/2017,https://iuhoosiers.com/sports/mens-soccer/stats/2017/kentucky/boxscore/12367,,2017-10-11-Indiana-Kentucky,regular
sidearm-2017-10-11-West-Virginia-Michigan-State,2017-10-11,West Virginia,Michigan State,false,true,1,0,away,final,,https://msuspartans.com/sports/mens-soccer/stats/2017/west-virginia/boxscore/6276,https://wvusports.com/sports/mens-soccer/stats/2017/michigan-state/boxscore/3966,2017-10-11-Michigan-State-West-Virginia,regular
sidearm-2017-10-11-Cal-State-Fullerton-CSUN,2017-10-11,Cal State Fullerton,CSUN,false,false,0,0,away,final,,https://fullertontitans.com/sports/mens-soccer/stats/2017/csun/boxscore/2768,,2017-10-11-CSUN-Cal-State-Fullerton,regular
sidearm-2017-10-11-Sacramento-State-Cal-Poly,2017-10-11,Sacramento State,Cal Poly,false,false,3,2,home,final,,https://hornetsports.com/sports/mens-soccer/stats/2017/cal-poly/boxscore/1879,https://gopoly.com/sports/mens-soccer/stats/2017/sacramento-state/boxscore/1606,2017-10-11-Cal-Poly-Sacramento-State,regular
sidearm-2017-10-11-UC-Irvine-UC-Riverside,2017-10-11,UC Irvine,UC Riverside,false,false,4,0,home,final,,https://ucirvinesports.com/sports/mens-soccer/stats/2017/uc-riverside/boxscore/4707,https://gohighlanders.com/sports/mens-soccer/stats/2017/uc-irvine/boxscore/11460,2017-10-11-UC-Irvine-UC-Riverside,regular
sidearm-2017-10-11-UC-Santa-Barbara-UC-Davis,2017-10-11,UC Santa Barbara,UC Davis,false,false,0,3,unknown,final,,https://ucsbgauchos.com/sports/mens-soccer/stats/2017/uc-davis/boxscore/2151,https://ucdavisaggies.com/sports/mens-soccer/stats/2017/uc-santa-barbara/boxscore/3576,2017-10-11-UC-Davis-UC-Santa-Barbara,regular
sidearm-2017-10-11-Campbell-Georgia-Southern,2017-10-11,Campbell,Georgia Southern,false,false,0,1,away,final,,https://gocamels.com/sports/mens-soccer/stats/2017/georgia-southern/boxscore/2100,https://gseagles.com/sports/mens-soccer/stats/2017/campbell/boxscore/5104,2017-10-11-Campbell-Georgia-Southern,regular
sidearm-2017-10-11-No.-15-UNCW-Charleston,2017-10-11,UNC Wilmington,Charleston,true,false,1,2,away,final,,https://cofcsports.com/sports/mens-soccer/stats/2017/uncw/boxscore/7256,,2017-10-11-Charleston-UNC-Wilmington,regular
sidearm-2017-10-11-Drexel-Hofstra,2017-10-11,Drexel,Hofstra,false,false,1,3,home,final,,https://drexeldragons.com/sports/mens-soccer/stats/2017/hofstra/boxscore/5834,https://gohofstra.com/sports/mens-soccer/stats/2017/drexel-university/boxscore/7944,2017-10-11-Drexel-Hofstra,regular
sidearm-2017-10-11-Monmouth-Marist,2017-10-11,Monmouth,Marist,false,false,2,3,unknown,final,,https://monmouthhawks.com/sports/mens-soccer/stats/2017/marist/boxscore/5069,https://goredfoxes.com/sports/mens-soccer/stats/2017/monmouth-university/boxscore/8266,2017-10-11-Marist-Monmouth,regular
sidearm-2017-10-11-William-&-Mary-Elon,2017-10-11,William & Mary,Elon,false,false,1,0,away,final,,https://tribeathletics.com/sports/mens-soccer/stats/2017/elon/boxscore/10083,,2017-10-11-Elon-William-&-Mary,regular
sidearm-2017-10-11-Fairfield-Saint-Peter's,2017-10-11,Fairfield,Saint Peter's,false,false,1,0,away,final,,https://fairfieldstags.com/sports/mens-soccer/stats/2017/saint-peter-s/boxscore/5402,https://saintpeterspeacocks.com/sports/mens-soccer/stats/2017/fairfield/boxscore/886,2017-10-11-Fairfield-Saint-Peter's,regular
sidearm-2017-10-11-Iona-Quinnipiac,2017-10-11,Iona,Quinnipiac,false,false,1,0,away,final,,https://ionagaels.com/sports/mens-soccer/stats/2017/quinnipiac/boxscore/7850,https://gobobcats.com/sports/mens-soccer/stats/2017/iona/boxscore/8297,2017-10-11-Iona-Quinnipiac,regular
sidearm-2017-10-11-Manhattan-Rider,2017-10-11,Manhattan,Rider University,false,false,0,1,home,final,,https://gojaspers.com/sports/mens-soccer/stats/2017/rider/boxscore/5075,https://gobroncs.com/sports/mens-soccer/stats/2017/manhattan-college/boxscore/4353,2017-10-11-Manhattan-Rider-University,regular
sidearm-2017-10-11-Siena-Niagara,2017-10-11,Siena,Niagara,false,false,0,0,away,final,,,,2017-10-11-Niagara-Siena,regular
sidearm-2017-10-11-Lindenwood-Delta-State-University,2017-10-11,Lindenwood,Delta State University,false,false,2,0,unknown,final,,https://lindenwoodlions.com/sports/mens-soccer/stats/2017/delta-state-university/boxscore/16168,,2017-10-11-Delta-State-University-Lindenwood,regular
sidearm-2017-10-11-Loyola-University-Maryland-High-Point,2017-10-11,Loyola University Maryland,High Point,false,false,1,0,unknown,final,,https://loyolagreyhounds.com/sports/mens-soccer/stats/2017/high-point/boxscore/4721,,2017-10-11-High-Point-Loyola-University-Maryland,regular
sidearm-2017-10-11-Delaware-James-Madison,2017-10-11,Delaware,James Madison,false,false,1,2,home,final,,https://jmusports.com/sports/mens-soccer/stats/2017/delaware/boxscore/13924,,2017-10-11-Delaware-James-Madison,regular
sidearm-2017-10-11-Concordia-Moorhead-St.-Thomas,2017-10-11,Concordia-Moorhead,St. Thomas,false,false,1,3,away,final,,https://tommiesports.com/sports/msoc/stats/2017/concordia-moorhead/boxscore/4820,,2017-10-11-Concordia-Moorhead-St.-Thomas,regular
sidearm-2017-10-11-Saint-Joseph's-UMass,2017-10-11,Saint Joseph's,UMass,false,false,2,2,away,final,,https://umassathletics.com/sports/mens-soccer/stats/2017/saint-joseph-s/boxscore/10342,,2017-10-11-Saint-Joseph's-UMass,regular
sidearm-2017-10-12-California-Oregon-State,2017-10-12,California,Oregon State,false,false,2,0,home,final,,https://calbears.com/sports/mens-soccer/stats/2017/oregon-state/boxscore/16967,https://osubeavers.com/sports/mens-soccer/stats/2017/california/boxscore/9105,2017-10-12-California-Oregon-State,regular
wmt-2017-10-12-Stanford-Washington,2017-10-12,Stanford,Washington,true,true,1,1,home,final,https://gostanford.com/sports/mens-soccer/schedule,https://gostanford.com/boxscore/7175,https://gohuskies.com/sports/mens-soccer/stats/2017/stanford/boxscore/13171,2017-10-12-Stanford-Washington,regular
sidearm-2017-10-12-Utah-Valley-UMKC,2017-10-12,Utah Valley,Kansas City,false,false,2,1,away,final,,https://wolverinegreen.com/sports/mens-soccer/stats/2017/umkc/boxscore/6044,,2017-10-12-Kansas-City-Utah-Valley,regular
sidearm-2017-10-12-Seattle-University-Air-Force,2017-10-12,Seattle,Air Force,false,false,2,2,away,final,https://goseattleu.com/sports/mens-soccer/schedule,https://goseattleu.com/boxscore/2256,,2017-10-12-Air-Force-Seattle,regular
sidearm-2017-10-12-Utah-Tech-Academy-of-Art,2017-10-12,Utah Tech,Academy of Art,false,false,2,1,unknown,final,,https://utahtechtrailblazers.com/sports/mens-soccer/stats/2017/academy-of-art/boxscore/6975,,2017-10-12-Academy-of-Art-Utah-Tech,regular
sidearm-2017-10-12-Houston-Christian-CSU-Bakersfield,2017-10-12,Houston Christian,CSU Bakersfield,false,false,2,1,unknown,final,,https://hcuhuskies.com/sports/mens-soccer/stats/2017/csu-bakersfield/boxscore/3288,,2017-10-12-CSU-Bakersfield-Houston-Christian,regular
sidearm-2017-10-12-Western-Illinois-Valparaiso,2017-10-12,Western Illinois,Valparaiso,false,false,2,5,unknown,final,,https://goleathernecks.com/sports/mens-soccer/stats/2017/valparaiso/boxscore/5925,,2017-10-12-Valparaiso-Western-Illinois,regular
sidearm-2017-10-12-California-Baptist-Chaminade-,2017-10-12,California Baptist,Chaminade,false,false,3,1,home,final,,https://cbulancers.com/sports/mens-soccer/stats/2017/chaminade/boxscore/7952,,2017-10-12-California-Baptist-Chaminade,regular
sidearm-2017-10-13-Boston-College-Syracuse,2017-10-13,Boston College,Syracuse,false,false,2,1,home,final,,https://bceagles.com/sports/mens-soccer/stats/2017/syracuse/boxscore/15113,https://cuse.com/sports/mens-soccer/stats/2017/boston-college/boxscore/7955,2017-10-13-Boston-College-Syracuse,regular
wmt-2017-10-13-Clemson-Duke,2017-10-13,Duke,Clemson,false,false,1,4,away,final,https://clemsontigers.com/sports/mens-soccer/schedule,https://clemsontigers.com/boxscore/3765,https://goduke.com/sports/mens-soccer/stats/2017/clemson/boxscore/1180,2017-10-13-Clemson-Duke,regular
sidearm-2017-10-13-Louisville-#4-NORTH-CAROLINA,2017-10-13,Louisville,North Carolina,false,true,0,0,home,final,,https://gocards.com/sports/mens-soccer/stats/2017/north-carolina/boxscore/13998,https://goheels.com/sports/mens-soccer/stats/2017/louisville/boxscore/15026,2017-10-13-Louisville-North-Carolina,regular
sidearm-2017-10-13-NC-State-#10/6-Virginia,2017-10-13,NC State,Virginia,false,true,0,0,home,final,https://virginiasports.com/sports/msoc/schedule,https://gopack.com/sports/mens-soccer/stats/2017/-10-6-virginia/boxscore/11367,https://virginiasports.com/boxscore/5022,2017-10-13-NC-State-Virginia,regular
wmt-2017-10-13-Notre-Dame-Pittsburgh,2017-10-13,Notre Dame,Pittsburgh,false,false,0,1,home,final,https://fightingirish.com/sports/msoc/schedule,https://fightingirish.com/boxscore/12744,,2017-10-13-Notre-Dame-Pittsburgh,regular
sidearm-2017-10-13-Bryant-Robert-Morris,2017-10-13,Bryant,Robert Morris,false,false,1,1,unknown,final,,https://bryantbulldogs.com/sports/mens-soccer/stats/2017/robert-morris/boxscore/7035,https://rmucolonials.com/sports/mens-soccer/stats/2017/bryant/boxscore/5570,2017-10-13-Bryant-Robert-Morris,regular
sidearm-2017-10-13-South-Florida-UConn,2017-10-13,South Florida,UConn,false,false,0,2,home,final,,https://gousfbulls.com/sports/mens-soccer/stats/2017/uconn/boxscore/10109,,2017-10-13-South-Florida-UConn,regular
sidearm-2017-10-13-Bellarmine-Truman-State-University,2017-10-13,Bellarmine,Truman State University,false,false,1,1,unknown,final,,https://athletics.bellarmine.edu/sports/mens-soccer/stats/2017/truman-state-university/boxscore/4696,,2017-10-13-Bellarmine-Truman-State-University,regular
sidearm-2017-10-13-Akron-SIU-Edwardsville,2017-10-13,Akron,SIU Edwardsville,false,false,3,1,home,final,,https://gozips.com/sports/mens-soccer/stats/2017/siu-edwardsville/boxscore/5251,,2017-10-13-Akron-SIU-Edwardsville,regular
sidearm-2017-10-13-Georgetown-Villanova,2017-10-13,Georgetown,Villanova,false,false,2,0,away,final,,https://villanova.com/sports/mens-soccer/stats/2017/georgetown/boxscore/4101,,2017-10-13-Georgetown-Villanova,regular
sidearm-2017-10-13-USF-UConn,2017-10-13,USF,UConn,false,false,0,2,away,final,,,,2017-10-13-UConn-USF,regular
sidearm-2017-10-13-Presbyterian-Liberty,2017-10-13,Presbyterian,Liberty,false,false,1,2,away,final,,https://libertyflames.com/sports/mens-soccer/stats/2017/presbyterian/boxscore/10958,,2017-10-13-Liberty-Presbyterian,regular
sidearm-2017-10-13-Wisconsin-Maryland,2017-10-13,Wisconsin,Maryland,false,false,4,5,away,final,,https://umterps.com/sports/mens-soccer/stats/2017/wisconsin/boxscore/7481,https://uwbadgers.com/sports/mens-soccer/stats/2017/maryland/boxscore/8522,2017-10-13-Maryland-Wisconsin,regular
sidearm-2017-10-13-St.-Francis-Brooklyn-Sacred-Heart,2017-10-13,St. Francis Brooklyn,Sacred Heart,false,false,0,0,away,final,,https://sacredheartpioneers.com/sports/mens-soccer/stats/2017/st-francis-brooklyn/boxscore/3433,,2017-10-13-Sacred-Heart-St.-Francis-Brooklyn,regular
sidearm-2017-10-13-UNLV-UTRGV,2017-10-13,UNLV,UTRGV,false,false,3,2,unknown,final,,https://goutrgv.com/sports/mens-soccer/stats/2017/unlv/boxscore/24332,,2017-10-13-UNLV-UTRGV,regular
sidearm-2017-10-13-Grand-Canyon-Incarnate-Word,2017-10-13,Grand Canyon,Incarnate Word,false,false,2,0,home,final,,https://gculopes.com/sports/mens-soccer/stats/2017/incarnate-word/boxscore/9367,,2017-10-13-Grand-Canyon-Incarnate-Word,regular
sidearm-2017-10-13-Mercyhurst-Lock-Haven-University,2017-10-13,Mercyhurst,Lock Haven University,false,false,4,3,unknown,final,,https://hurstathletics.com/sports/mens-soccer/stats/2017/lock-haven-university/boxscore/9379,,2017-10-13-Lock-Haven-University-Mercyhurst,regular
sidearm-2017-10-13-New-Haven-Bentley,2017-10-13,New Haven,Bentley,false,false,0,3,unknown,final,,https://newhavenchargers.com/sports/mens-soccer/stats/2017/bentley/boxscore/7612,,2017-10-13-Bentley-New-Haven,regular
sidearm-2017-10-13-University-of-Southern-Indiana-William-Jewell-College-(Mo.),2017-10-13,University of Southern Indiana,William Jewell College (Mo.),false,false,3,1,unknown,final,,https://gousieagles.com/sports/mens-soccer/stats/2017/william-jewell-college-mo-/boxscore/3769,,2017-10-13-University-of-Southern-Indiana-William-Jewell-College-(Mo.),regular
sidearm-2017-10-13-Loyola-Marymount-Gonzaga,2017-10-13,Loyola Marymount,Gonzaga,false,false,2,1,away,final,,,,2017-10-13-Gonzaga-Loyola-Marymount,regular
sidearm-2017-10-13-UC-San-Diego-Humboldt-State,2017-10-13,UC San Diego,Humboldt State,false,false,3,2,unknown,final,,https://ucsdtritons.com/sports/mens-soccer/stats/2017/humboldt-state/boxscore/6222,,2017-10-13-Humboldt-State-UC-San-Diego,regular
sidearm-2017-10-13-Portland-San-Diego,2017-10-13,Portland,San Diego,false,false,1,1,away,final,,https://portlandpilots.com/boxscore.aspx?id=13253,,2017-10-13-Portland-San-Diego,regular
sidearm-2017-10-13-Santa-Clara-Saint-Mary's,2017-10-13,Santa Clara,Saint Mary's,false,false,,,home,scheduled,,,,2017-10-13-Saint-Mary's-Santa-Clara,regular
sidearm-2017-10-14-SMU-Memphis,2017-10-14,SMU,Memphis,false,false,1,0,away,final,,https://smumustangs.com/sports/mens-soccer/stats/2017/memphis/boxscore/7687,https://gotigersgo.com/sports/mens-soccer/stats/2017/smu/boxscore/10729,2017-10-14-Memphis-SMU,regular
wmt-2017-10-14-Virginia-Tech-Wake-Forest,2017-10-14,Wake Forest,Virginia Tech,false,false,3,0,away,final,https://hokiesports.com/sports/mens-soccer/schedule,https://hokiesports.com/boxscore/10288,,2017-10-14-Virginia-Tech-Wake-Forest,regular
sidearm-2017-10-14-Binghamton-University-of-New-Hampshire,2017-10-14,Binghamton,New Hampshire,false,false,1,2,away,final,,https://bubearcats.com/sports/mens-soccer/stats/2017/university-of-new-hampshire/boxscore/8952,https://unhwildcats.com/sports/mens-soccer/stats/2017/binghamton/boxscore/5491,2017-10-14-Binghamton-New-Hampshire,regular
sidearm-2017-10-14-NJIT-Jacksonville,2017-10-14,NJIT,Jacksonville,false,false,4,1,unknown,final,,https://njithighlanders.com/sports/mens-soccer/stats/2017/jacksonville/boxscore/5914,https://judolphins.com/sports/mens-soccer/stats/2017/njit/boxscore/1810,2017-10-14-Jacksonville-NJIT,regular
sidearm-2017-10-14-Vermont-UMass-Lowell,2017-10-14,Vermont,UMass Lowell,false,false,2,1,away,final,,https://goriverhawks.com/sports/mens-soccer/stats/2017/vermont/boxscore/5060,https://uvmathletics.com/sports/mens-soccer/stats/2017/umass-lowell/boxscore/2544,2017-10-14-UMass-Lowell-Vermont,regular
sidearm-2017-10-14-UMBC-UAlbany,2017-10-14,UMBC,UAlbany,false,false,3,1,unknown,final,,https://umbcretrievers.com/sports/mens-soccer/stats/2017/ualbany/boxscore/2042,,2017-10-14-UAlbany-UMBC,regular
sidearm-2017-10-14-Florida-Atlantic--Charlotte,2017-10-14,FAU,Charlotte,false,false,1,3,away,final,,https://charlotte49ers.com/sports/mens-soccer/stats/2017/florida-atlantic/boxscore/7526,https://fausports.com/sports/mens-soccer/stats/2017/charlotte/boxscore/3647,2017-10-14-Charlotte-FAU,regular
sidearm-2017-10-14-FIU-South-Carolina,2017-10-14,FIU,South Carolina,true,false,5,2,home,final,https://gamecocksonline.com/sports/msoc/schedule/2017,https://fiusports.com/sports/mens-soccer/stats/2017/south-carolina/boxscore/6221,https://gamecocksonline.com/boxscore/no-14-florida-international/,2017-10-14-FIU-South-Carolina,regular
sidearm-2017-10-14-Missouri-State-Drake,2017-10-14,Missouri State,Drake,false,false,1,2,home,final,,https://missouristatebears.com/sports/mens-soccer/stats/2017/drake/boxscore/3483,https://godrakebulldogs.com/sports/mens-soccer/stats/2017/missouri-state/boxscore/7426,2017-10-14-Drake-Missouri-State,regular
sidearm-2017-10-14-Temple-University-Cincinnati,2017-10-14,Temple University,Cincinnati,false,false,2,1,home,final,,https://owlsports.com/sports/mens-soccer/stats/2017/cincinnati/boxscore/6588,,2017-10-14-Cincinnati-Temple-University,regular
sidearm-2017-10-14-New-Mexico-UAB,2017-10-14,New Mexico,UAB,false,false,2,0,away,final,,https://uabsports.com/sports/mens-soccer/stats/2017/new-mexico/boxscore/3373,,2017-10-14-New-Mexico-UAB,regular
sidearm-2017-10-14-Central-Arkansas-Bradley-University,2017-10-14,Central Arkansas,Bradley University,false,false,2,0,unknown,final,,https://ucasports.com/sports/mens-soccer/stats/2017/bradley-university/boxscore/3005,,2017-10-14-Bradley-University-Central-Arkansas,regular
sidearm-2017-10-14-FGCU-Stetson,2017-10-14,FGCU,Stetson,false,false,1,1,home,final,,https://fgcuathletics.com/sports/mens-soccer/stats/2017/stetson/boxscore/6421,https://gohatters.com/sports/mens-soccer/stats/2017/fgcu/boxscore/5448,2017-10-14-FGCU-Stetson,regular
sidearm-2017-10-14-Lipscomb-North-Florida,2017-10-14,Lipscomb,North Florida,false,false,1,0,home,final,,https://lipscombsports.com/sports/mens-soccer/stats/2017/north-florida/boxscore/8002,https://unfospreys.com/sports/mens-soccer/stats/2017/lipscomb/boxscore/12860,2017-10-14-Lipscomb-North-Florida,regular
sidearm-2017-10-14-Queens-Newberry-College,2017-10-14,Queens,Newberry College,false,false,2,1,unknown,final,,https://queensathletics.com/sports/mens-soccer/stats/2017/newberry-college/boxscore/6086,,2017-10-14-Newberry-College-Queens,regular
sidearm-2017-10-14-Davidson-College-RHODE-ISLAND,2017-10-14,Davidson College,Rhode Island,false,false,2,2,home,final,,https://davidsonwildcats.com/sports/mens-soccer/stats/2017/rhode-island/boxscore/5101,https://gorhody.com/sports/mens-soccer/stats/2017/davidson/boxscore/2815,2017-10-14-Davidson-College-Rhode-Island,regular
sidearm-2017-10-14-Dayton-St.-Bonaventure,2017-10-14,Dayton,St. Bonaventure,false,false,6,1,unknown,final,,https://daytonflyers.com/sports/mens-soccer/stats/2017/st-bonaventure/boxscore/6598,https://gobonnies.com/sports/mens-soccer/stats/2017/dayton/boxscore/1844,2017-10-14-Dayton-St.-Bonaventure,regular
sidearm-2017-10-14-Fordham-Saint-Joseph's,2017-10-14,Fordham,Saint Joseph's,false,false,1,0,away,final,,https://fordhamsports.com/sports/mens-soccer/stats/2017/saint-joseph-s/boxscore/6283,https://sjuhawks.com/sports/mens-soccer/stats/2017/fordham/boxscore/2567,2017-10-14-Fordham-Saint-Joseph's,regular
sidearm-2017-10-14-VCU-George-Washington,2017-10-14,VCU,George Washington,false,false,1,2,away,final,,https://gwsports.com/sports/mens-soccer/stats/2017/vcu/boxscore/4139,https://vcuathletics.com/sports/mens-soccer/stats/2017/george-washington/boxscore/1719,2017-10-14-George-Washington-VCU,regular
sidearm-2017-10-14-La-Salle-UMass,2017-10-14,La Salle,UMass,false,false,0,2,home,final,,https://goexplorers.com/sports/mens-soccer/stats/2017/umass/boxscore/6806,https://umassathletics.com/sports/mens-soccer/stats/2017/la-salle/boxscore/10343,2017-10-14-La-Salle-UMass,regular
sidearm-2017-10-14-Loyola-Chicago-Evansville,2017-10-14,Loyola Chicago,University of Evansville,false,false,3,0,unknown,final,,https://loyolaramblers.com/sports/mens-soccer/stats/2017/evansville/boxscore/4146,,2017-10-14-Loyola-Chicago-University-of-Evansville,regular
sidearm-2017-10-14-Saint-Louis-George-Mason,2017-10-14,Saint Louis,George Mason,false,false,3,2,unknown,final,,https://slubillikens.com/sports/mens-soccer/stats/2017/george-mason/boxscore/6554,,2017-10-14-George-Mason-Saint-Louis,regular
sidearm-2017-10-14-Butler-DePaul,2017-10-14,Butler,DePaul,true,false,2,0,home,final,,https://butlersports.com/sports/mens-soccer/stats/2017/depaul/boxscore/5295,,2017-10-14-Butler-DePaul,regular
sidearm-2017-10-14-Creighton-Xavier,2017-10-14,Creighton,Xavier,false,false,4,1,home,final,,https://gocreighton.com/sports/mens-soccer/stats/2017/xavier/boxscore/8766,https://goxavier.com/sports/mens-soccer/stats/2017/creighton/boxscore/6852,2017-10-14-Creighton-Xavier,regular
sidearm-2017-10-14-St.-John's-Marquette,2017-10-14,St. John's,Marquette,false,false,0,1,away,final,,https://gomarquette.com/sports/mens-soccer/stats/2017/st-john-s/boxscore/2448,https://redstormsports.com/sports/mens-soccer/stats/2017/marquette/boxscore/2673,2017-10-14-Marquette-St.-John's,regular
sidearm-2017-10-14-Providence-Seton-Hall,2017-10-14,Providence,Seton Hall,false,false,3,1,home,final,,https://friars.com/sports/mens-soccer/stats/2017/seton-hall/boxscore/2531,https://shupirates.com/sports/mens-soccer/stats/2017/providence/boxscore/2762,2017-10-14-Providence-Seton-Hall,regular
sidearm-2017-10-14-Radford-Gardner-Webb,2017-10-14,Radford,Gardner-Webb,false,false,5,3,away,final,,https://gwusports.com/sports/mens-soccer/stats/2017/radford/boxscore/4863,https://radfordathletics.com/sports/mens-soccer/stats/2017/gardner-webb/boxscore/8724,2017-10-14-Gardner-Webb-Radford,regular
sidearm-2017-10-14-High-Point-Winthrop,2017-10-14,High Point,Winthrop,false,false,4,0,away,final,,https://highpointpanthers.com/sports/mens-soccer/stats/2017/winthrop/boxscore/10566,https://winthropeagles.com/sports/mens-soccer/stats/2017/high-point/boxscore/19339,2017-10-14-High-Point-Winthrop,regular
sidearm-2017-10-14-Longwood-Campbell,2017-10-14,Longwood,Campbell,false,false,3,4,away,final,,https://longwoodlancers.com/sports/mens-soccer/stats/2017/campbell/boxscore/5826,https://gocamels.com/sports/mens-soccer/stats/2017/longwood/boxscore/2101,2017-10-14-Campbell-Longwood,regular
sidearm-2017-10-14-Michigan-Omaha,2017-10-14,Michigan,Omaha,true,false,2,1,home,final,,https://mgoblue.com/sports/mens-soccer/stats/2017/omaha/boxscore/10814,https://omavs.com/sports/mens-soccer/stats/2017/michigan/boxscore/9811,2017-10-14-Michigan-Omaha,regular
sidearm-2017-10-14-Michigan-State-Penn-State,2017-10-14,Michigan State,Penn State,true,false,1,0,home,final,https://gopsusports.com/sports/mens-soccer/schedule,https://msuspartans.com/sports/mens-soccer/stats/2017/penn-state/boxscore/6277,https://gopsusports.com/boxscore/6100,2017-10-14-Michigan-State-Penn-State,regular
sidearm-2017-10-14-Cal-State-Fullerton-UC-Riverside,2017-10-14,Cal State Fullerton,UC Riverside,false,false,1,2,away,final,,https://fullertontitans.com/sports/mens-soccer/stats/2017/uc-riverside/boxscore/2769,https://gohighlanders.com/sports/mens-soccer/stats/2017/cal-state-fullerton/boxscore/11461,2017-10-14-Cal-State-Fullerton-UC-Riverside,regular
sidearm-2017-10-14-Sacramento-State-UC-Davis,2017-10-14,Sacramento State,UC Davis,false,false,0,2,home,final,,https://hornetsports.com/sports/mens-soccer/stats/2017/uc-davis/boxscore/1880,https://ucdavisaggies.com/sports/mens-soccer/stats/2017/sacramento-state/boxscore/3577,2017-10-14-Sacramento-State-UC-Davis,regular
sidearm-2017-10-14-CSUN-UC-Irvine,2017-10-14,CSUN,UC Irvine,false,false,3,2,away,final,,https://ucirvinesports.com/sports/mens-soccer/stats/2017/csun/boxscore/4708,,2017-10-14-CSUN-UC-Irvine,regular
sidearm-2017-10-14-UC-Santa-Barbara-Cal-Poly,2017-10-14,UC Santa Barbara,Cal Poly,false,false,0,0,away,final,,https://ucsbgauchos.com/sports/mens-soccer/stats/2017/cal-poly/boxscore/2152,https://gopoly.com/sports/mens-soccer/stats/2017/uc-santa-barbara/boxscore/1607,2017-10-14-Cal-Poly-UC-Santa-Barbara,regular
sidearm-2017-10-14-Utah-Valley-Air-Force,2017-10-14,Utah Valley,Air Force,false,true,1,1,away,final,,https://wolverinegreen.com/sports/mens-soccer/stats/2017/-12-air-force/boxscore/6045,,2017-10-14-Air-Force-Utah-Valley,regular
sidearm-2017-10-14-Drexel-Charleston,2017-10-14,Drexel,Charleston,false,false,1,2,away,final,,https://cofcsports.com/sports/mens-soccer/stats/2017/drexel/boxscore/7257,https://drexeldragons.com/sports/mens-soccer/stats/2017/college-of-charleston/boxscore/5835,2017-10-14-Charleston-Drexel,regular
sidearm-2017-10-14-Hofstra-The-College-of-William-&-Mary,2017-10-14,Hofstra,The College of William & Mary,false,false,0,2,unknown,final,,https://gohofstra.com/sports/mens-soccer/stats/2017/the-college-of-william-mary/boxscore/7945,,2017-10-14-Hofstra-The-College-of-William-&-Mary,regular
sidearm-2017-10-14-Monmouth-Siena,2017-10-14,Monmouth,Siena,false,false,1,1,unknown,final,,https://monmouthhawks.com/sports/mens-soccer/stats/2017/siena/boxscore/5071,,2017-10-14-Monmouth-Siena,regular
sidearm-2017-10-14-Northeastern-Elon,2017-10-14,Northeastern,Elon,false,false,0,4,unknown,final,,https://nuhuskies.com/sports/mens-soccer/stats/2017/elon/boxscore/7579,,2017-10-14-Elon-Northeastern,regular
sidearm-2017-10-14-William-&-Mary-Hofstra,2017-10-14,William & Mary,Hofstra,false,false,2,0,unknown,final,,https://tribeathletics.com/sports/mens-soccer/stats/2017/hofstra/boxscore/10084,,2017-10-14-Hofstra-William-&-Mary,regular
sidearm-2017-10-14-Cleveland-State-Green-Bay,2017-10-14,Cleveland State,Green Bay,false,false,1,1,home,final,,https://csuvikings.com/sports/mens-soccer/stats/2017/green-bay/boxscore/10112,,2017-10-14-Cleveland-State-Green-Bay,regular
sidearm-2017-10-14-Milwaukee-Wright-State,2017-10-14,Milwaukee,Wright State,false,false,3,2,home,final,,https://mkepanthers.com/sports/mens-soccer/stats/2017/wright-state/boxscore/7580,https://wsuraiders.com/sports/mens-soccer/stats/2017/milwaukee/boxscore/4224,2017-10-14-Milwaukee-Wright-State,regular
sidearm-2017-10-14-Northern-Kentucky-UIC,2017-10-14,Northern Kentucky,UIC,false,false,0,0,unknown,final,,https://nkunorse.com/sports/mens-soccer/stats/2017/uic/boxscore/4004,https://uicflames.com/sports/mens-soccer/stats/2017/northern-kentucky/boxscore/10490,2017-10-14-Northern-Kentucky-UIC,regular
sidearm-2017-10-14-Purdue-Fort-Wayne-Denver-,2017-10-14,Purdue Fort Wayne,Denver,false,false,1,3,home,final,,https://gomastodons.com/sports/mens-soccer/stats/2017/denver/boxscore/11342,,2017-10-14-Denver-Purdue-Fort-Wayne,regular
sidearm-2017-10-14-Harvard-Brown,2017-10-14,Harvard,Brown,false,false,1,1,away,final,,https://brownbears.com/sports/mens-soccer/stats/2017/harvard/boxscore/2368,https://gocrimson.com/sports/mens-soccer/stats/2017/brown/boxscore/10881,2017-10-14-Brown-Harvard,regular
sidearm-2017-10-14-Princeton-Columbia-University,2017-10-14,Princeton,Columbia University,false,true,0,0,away,final,,https://gocolumbialions.com/sports/mens-soccer/stats/2017/princeton/boxscore/7149,https://goprincetontigers.com/sports/mens-soccer/stats/2017/columbia/boxscore/12427,2017-10-14-Columbia-University-Princeton,regular
sidearm-2017-10-14-Cornell-Yale-University,2017-10-14,Cornell,Yale,false,false,0,1,away,final,,https://cornellbigred.com/sports/mens-soccer/stats/2017/yale-university/boxscore/24090,https://yalebulldogs.com/sports/mens-soccer/stats/2017/cornell/boxscore/3280,2017-10-14-Cornell-Yale,regular
sidearm-2017-10-14-Penn-Dartmouth-College,2017-10-14,Penn,Dartmouth College,false,false,0,4,away,final,,https://dartmouthsports.com/sports/mens-soccer/stats/2017/penn/boxscore/8022,https://pennathletics.com/sports/mens-soccer/stats/2017/dartmouth/boxscore/6363,2017-10-14-Dartmouth-College-Penn,regular
sidearm-2017-10-14-Canisius-Saint-Peter's,2017-10-14,Canisius,Saint Peter's,false,false,4,3,home,final,,https://gogriffs.com/sports/mens-soccer/stats/2017/saint-peter-s/boxscore/5580,https://saintpeterspeacocks.com/sports/mens-soccer/stats/2017/canisius/boxscore/887,2017-10-14-Canisius-Saint-Peter's,regular
sidearm-2017-10-14-Fairfield-Iona,2017-10-14,Fairfield,Iona,false,false,0,0,away,final,,https://fairfieldstags.com/sports/mens-soccer/stats/2017/iona/boxscore/5403,https://ionagaels.com/sports/mens-soccer/stats/2017/fairfield-h-/boxscore/7851,2017-10-14-Fairfield-Iona,regular
sidearm-2017-10-14-Manhattan-Quinnipiac,2017-10-14,Manhattan,Quinnipiac,false,false,0,1,home,final,,https://gojaspers.com/sports/mens-soccer/stats/2017/quinnipiac/boxscore/5076,https://gobobcats.com/sports/mens-soccer/stats/2017/manhattan/boxscore/8298,2017-10-14-Manhattan-Quinnipiac,regular
sidearm-2017-10-14-Merrimack-College-Adelphi,2017-10-14,Merrimack College,Adelphi,false,true,2,1,unknown,final,,https://merrimackathletics.com/sports/mens-soccer/stats/2017/-2-adelphi/boxscore/1914,,2017-10-14-Adelphi-Merrimack-College,regular
sidearm-2017-10-14-Rider-University-Niagara-University,2017-10-14,Rider University,Niagara,false,false,2,1,unknown,final,,https://gobroncs.com/sports/mens-soccer/stats/2017/niagara-university/boxscore/4354,,2017-10-14-Niagara-Rider-University,regular
sidearm-2017-10-14-University-of-Evansville-Loyola,2017-10-14,University of Evansville,Loyola,false,false,0,3,unknown,final,,https://gopurpleaces.com/sports/mens-soccer/stats/2017/loyola/boxscore/8179,,2017-10-14-Loyola-University-of-Evansville,regular
sidearm-2017-10-14-Western-Michigan-Northern-Illinois-University,2017-10-14,Western Michigan,Northern Illinois University,false,false,5,0,unknown,final,,https://wmubroncos.com/sports/mens-soccer/stats/2017/northern-illinois-university/boxscore/6728,,2017-10-14-Northern-Illinois-University-Western-Michigan,regular
sidearm-2017-10-14-Howard-Georgia-State-University,2017-10-14,Howard,Georgia State,false,false,0,3,unknown,final,,https://hubison.com/sports/mens-soccer/stats/2017/georgia-state-university/boxscore/5012,https://georgiastatesports.com/news/2017/10/14/211673087.aspx,2017-10-14-Georgia-State-Howard,regular
sidearm-2017-10-14-Le-Moyne-College-Saint-Anselm-College,2017-10-14,Le Moyne College,Saint Anselm College,false,false,2,1,unknown,final,,https://lemoynedolphins.com/sports/mens-soccer/stats/2017/saint-anselm-college/boxscore/9106,,2017-10-14-Le-Moyne-College-Saint-Anselm-College,regular
sidearm-2017-10-14-Stonehill-College-Saint-Michael's-College,2017-10-14,Stonehill College,Saint Michael's College,false,false,1,2,unknown,final,,https://stonehillskyhawks.com/sports/mens-soccer/stats/2017/saint-michaels-college/boxscore/2242,,2017-10-14-Saint-Michael's-College-Stonehill-College,regular
sidearm-2017-10-14-Eastern-Illinois-Oral-Roberts,2017-10-14,Eastern Illinois,Oral Roberts,false,false,1,0,unknown,final,,https://eiupanthers.com/sports/mens-soccer/stats/2017/oral-roberts/boxscore/6314,,2017-10-14-Eastern-Illinois-Oral-Roberts,regular
sidearm-2017-10-14-Fresno-Pacific-California-Baptist,2017-10-14,Fresno Pacific,California Baptist,false,false,0,2,away,final,,https://cbulancers.com/sports/mens-soccer/stats/2017/fresno-pacific/boxscore/7953,,2017-10-14-California-Baptist-Fresno-Pacific,regular
sidearm-2017-10-14-American-Holy-Cross,2017-10-14,American,Holy Cross,false,false,2,1,unknown,final,,https://aueagles.com/sports/mens-soccer/stats/2017/holy-cross/boxscore/1621,,2017-10-14-American-Holy-Cross,regular
sidearm-2017-10-14-Boston-University-Loyola-Maryland,2017-10-14,Boston University,Loyola Maryland,false,false,1,2,home,final,,https://goterriers.com/sports/mens-soccer/stats/2017/loyola-maryland/boxscore/7036,,2017-10-14-Boston-University-Loyola-Maryland,regular
sidearm-2017-10-14-Lafayette-Lehigh,2017-10-14,Lafayette,Lehigh,false,false,0,2,home,final,,https://lehighsports.com/sports/mens-soccer/stats/2017/lafayette/boxscore/10541,,2017-10-14-Lafayette-Lehigh,regular
sidearm-2017-10-14-Loyola-University-Maryland-Boston-University,2017-10-14,Loyola University Maryland,Boston University,false,false,2,1,home,final,,https://loyolagreyhounds.com/sports/mens-soccer/stats/2017/boston-university/boxscore/4722,,2017-10-14-Boston-University-Loyola-University-Maryland,regular
sidearm-2017-10-14-ETSU-UNC-Greensboro,2017-10-14,ETSU,UNC Greensboro,false,false,2,1,unknown,final,,https://uncgspartans.com/sports/mens-soccer/stats/2017/east-tennessee-state/boxscore/5147,,2017-10-14-ETSU-UNC-Greensboro,regular
sidearm-2017-10-14-Furman-VMI,2017-10-14,Furman,VMI,false,false,5,0,unknown,final,,https://furmanpaladins.com/sports/mens-soccer/stats/2017/vmi/boxscore/2432,https://vmikeydets.com/sports/mens-soccer/stats/2017/furman/boxscore/3879,2017-10-14-Furman-VMI,regular
sidearm-2017-10-14-Mercer-Wofford,2017-10-14,Mercer,Wofford,false,false,4,1,home,final,,https://mercerbears.com/sports/mens-soccer/stats/2017/wofford/boxscore/3888,https://athletics.wofford.edu/sports/mens-soccer/stats/2017/mercer-university/boxscore/3957,2017-10-14-Mercer-Wofford,regular
sidearm-2017-10-14-Seattle-U-Kansas-City,2017-10-14,Seattle,Kansas City,false,false,2,1,away,final,https://goseattleu.com/sports/mens-soccer/schedule,https://goseattleu.com/boxscore/2257,,2017-10-14-Kansas-City-Seattle,regular
sidearm-2017-10-14-Oral-Roberts-Eastern-Ill.,2017-10-14,Oral Roberts,Eastern Ill.,false,false,0,1,unknown,final,,https://oruathletics.com/sports/mens-soccer/stats/2017/eastern-ill-/boxscore/2099,,2017-10-14-Eastern-Ill.-Oral-Roberts,regular
sidearm-2017-10-14-Old-Dominion-Coastal-Carolina,2017-10-14,Old Dominion,Coastal Carolina,false,false,2,5,away,final,https://odusports.com/sports/mens-soccer/schedule,https://odusports.com/boxscore/9204,,2017-10-14-Coastal-Carolina-Old-Dominion,regular
sidearm-2017-10-14-James-Madison-#15-UNCW,2017-10-14,James Madison,UNC Wilmington,false,true,2,0,home,final,,https://jmusports.com/sports/mens-soccer/stats/2017/uncw/boxscore/13925,,2017-10-14-James-Madison-UNC-Wilmington,regular
wmtwp-2017-10-14-Kentucky-Marshall,2017-10-14,Marshall,Kentucky,false,false,1,0,away,final,https://ukathletics.com/sports/msoc/schedule/2017,,,2017-10-14-Kentucky-Marshall,regular
sidearm-2017-10-14-Bowling-Green-West-Virginia,2017-10-14,Bowling Green,West Virginia,false,false,0,0,away,final,,https://wvusports.com/sports/mens-soccer/stats/2017/bowling-green/boxscore/3967,,2017-10-14-Bowling-Green-West-Virginia,regular
sidearm-2017-10-14-Fort-Wayne-Denver,2017-10-14,Fort Wayne,Denver,false,false,1,3,away,final,,https://denverpioneers.com/sports/mens-soccer/stats/2017/fort-wayne/boxscore/2448,,2017-10-14-Denver-Fort-Wayne,regular
sidearm-2017-10-14-Santa-Clara-Saint-Mary's,2017-10-14,Santa Clara,Saint Mary's,false,false,4,2,away,final,,https://santaclarabroncos.com/sports/mens-soccer/stats/2017/saint-mary-s/boxscore/2689,,2017-10-14-Saint-Mary's-Santa-Clara,regular
sidearm-2017-10-15-California-Washington,2017-10-15,California,Washington,false,false,2,1,home,final,,https://calbears.com/sports/mens-soccer/stats/2017/washington/boxscore/16968,https://gohuskies.com/sports/mens-soccer/stats/2017/california/boxscore/13172,2017-10-15-California-Washington,regular
wmt-2017-10-15-Oregon-State-Stanford,2017-10-15,Stanford,Oregon State,true,false,1,0,home,final,https://gostanford.com/sports/mens-soccer/schedule,https://gostanford.com/boxscore/7176,https://osubeavers.com/sports/mens-soccer/stats/2017/stanford/boxscore/9106,2017-10-15-Oregon-State-Stanford,regular
sidearm-2017-10-15-Bryant-Saint-Francis-U,2017-10-15,Bryant,Saint Francis U,false,false,0,1,unknown,final,,https://bryantbulldogs.com/sports/mens-soccer/stats/2017/saint-francis-u/boxscore/7036,,2017-10-15-Bryant-Saint-Francis-U,regular
sidearm-2017-10-15-UCF-Tulsa,2017-10-15,UCF,Tulsa,false,false,3,0,away,final,https://ucfknights.com/sports/mens-soccer/schedule,https://tulsahurricane.com/sports/mens-soccer/stats/2017/ucf/boxscore/8329,https://ucfknights.com/boxscore/3234,2017-10-15-Tulsa-UCF,regular
sidearm-2017-10-15-Bellarmine-William-Jewell-College-(Mo.),2017-10-15,Bellarmine,William Jewell College (Mo.),false,false,3,1,unknown,final,,https://athletics.bellarmine.edu/sports/mens-soccer/stats/2017/william-jewell-college-mo-/boxscore/4697,,2017-10-15-Bellarmine-William-Jewell-College-(Mo.),regular
sidearm-2017-10-15-Indiana-#17-Ohio-State,2017-10-15,Indiana,Ohio State,false,true,2,0,home,final,,https://iuhoosiers.com/sports/mens-soccer/stats/2017/ohio-state/boxscore/12368,https://ohiostatebuckeyes.com/sports/mens-soccer/stats/2017/indiana/boxscore/10160,2017-10-15-Indiana-Ohio-State,regular
wmt-2017-10-15-Northwestern-Rutgers,2017-10-15,Northwestern,Rutgers,false,false,3,0,home,final,https://nusports.com/sports/mens-soccer/schedule,https://nusports.com/boxscore/5158,https://scarletknights.com/sports/mens-soccer/stats/2017/northwestern/boxscore/4647,2017-10-15-Northwestern-Rutgers,regular
wmt-2017-10-15-San-Diego-State-UCLA,2017-10-15,UCLA,San Diego State,false,false,2,1,home,final,https://uclabruins.com/sports/mens-soccer/schedule,https://uclabruins.com/boxscore/5175,,2017-10-15-San-Diego-State-UCLA,regular
sidearm-2017-10-15-Stony-Brook-Hartford,2017-10-15,Stony Brook,Hartford,false,false,1,1,unknown,final,,https://stonybrookathletics.com/sports/mens-soccer/stats/2017/hartford/boxscore/7773,,2017-10-15-Hartford-Stony-Brook,regular
sidearm-2017-10-15-IU-Indy-Belmont,2017-10-15,IU Indy,Belmont University,false,false,0,1,unknown,final,,https://iuindyjags.com/sports/mens-soccer/stats/2017/belmont/boxscore/6149,,2017-10-15-Belmont-University-IU-Indy,regular
sidearm-2017-10-15-Robert-Morris-Fairleigh-Dickinson,2017-10-15,Robert Morris,Fairleigh Dickinson,false,false,0,1,unknown,final,,https://rmucolonials.com/sports/mens-soccer/stats/2017/fairleigh-dickinson/boxscore/5571,,2017-10-15-Fairleigh-Dickinson-Robert-Morris,regular
sidearm-2017-10-15-Sacred-Heart-Central-Connecticut-State,2017-10-15,Sacred Heart,Central Connecticut State,false,false,0,1,home,final,,https://sacredheartpioneers.com/sports/mens-soccer/stats/2017/central-connecticut-state/boxscore/3434,,2017-10-15-Central-Connecticut-State-Sacred-Heart,regular
sidearm-2017-10-15-Belmont-University-IUPUI,2017-10-15,Belmont University,IUPUI,false,false,1,0,unknown,final,,https://belmontbruins.com/sports/mens-soccer/stats/2017/iupui/boxscore/1528,,2017-10-15-Belmont-University-IUPUI,regular
wmt-2017-10-15-Houston-Baptist-San-Jose-State,2017-10-15,Houston Baptist,San Jose State,false,false,0,1,away,final,https://sjsuspartans.com/sports/mens-soccer/schedule,https://sjsuspartans.com/news/2017/10/15/mens-soccer-picks-up-first-wac-win-1-0-over-houston-baptist,,2017-10-15-Houston-Baptist-San-Jose-State,regular
sidearm-2017-10-15-UNLV-Incarnate-Word,2017-10-15,UNLV,Incarnate Word,false,false,1,0,unknown,final,,,,2017-10-15-Incarnate-Word-UNLV,regular
sidearm-2017-10-15-UTRGV-Grand-Canyon,2017-10-15,UTRGV,Grand Canyon,false,false,2,0,away,final,,https://gculopes.com/sports/mens-soccer/stats/2017/utrgv/boxscore/9368,https://goutrgv.com/sports/mens-soccer/stats/2017/grand-canyon/boxscore/24333,2017-10-15-Grand-Canyon-UTRGV,regular
sidearm-2017-10-15-Mercyhurst-Gannon-University,2017-10-15,Mercyhurst,Gannon University,false,false,1,0,unknown,final,,https://hurstathletics.com/sports/mens-soccer/stats/2017/gannon-university/boxscore/9380,,2017-10-15-Gannon-University-Mercyhurst,regular
sidearm-2017-10-15-Houston-Christian-San-Jose-State,2017-10-15,Houston Christian,San Jose State,false,false,0,1,unknown,final,,https://hcuhuskies.com/sports/mens-soccer/stats/2017/san-jose-state/boxscore/3289,,2017-10-15-Houston-Christian-San-Jose-State,regular
sidearm-2017-10-15-Lindenwood-Upper-Iowa-University,2017-10-15,Lindenwood,Upper Iowa University,false,false,3,0,unknown,final,,https://lindenwoodlions.com/sports/mens-soccer/stats/2017/upper-iowa-university/boxscore/16169,,2017-10-15-Lindenwood-Upper-Iowa-University,regular
sidearm-2017-10-15-University-of-Southern-Indiana-Rockhurst-University,2017-10-15,University of Southern Indiana,Rockhurst University,false,false,0,1,unknown,final,,https://gousieagles.com/sports/mens-soccer/stats/2017/rockhurst-university/boxscore/3770,,2017-10-15-Rockhurst-University-University-of-Southern-Indiana,regular
sidearm-2017-10-15-San-Diego-Gonzaga,2017-10-15,San Diego,Gonzaga,false,false,2,1,away,final,,,,2017-10-15-Gonzaga-San-Diego,regular
sidearm-2017-10-15-UC-San-Diego-Sonoma-State,2017-10-15,UC San Diego,Sonoma State,false,false,,,unknown,canceled,,,,2017-10-15-Sonoma-State-UC-San-Diego,regular
sidearm-2017-10-15-Navy-Army,2017-10-15,Navy,Army,false,false,0,0,neutral,final,,https://goarmywestpoint.com/sports/mens-soccer/stats/2017/navy/boxscore/9980,https://navysports.com/sports/mens-soccer/stats/2017/army-west-point/boxscore/6126,2017-10-15-Army-Navy,regular
sidearm-2017-10-15-Wis.-Platteville-St.-Thomas,2017-10-15,Wis.-Platteville,St. Thomas,false,false,0,3,away,final,,https://tommiesports.com/sports/msoc/stats/2017/wis-platteville/boxscore/4821,,2017-10-15-St.-Thomas-Wis.-Platteville,regular
sidearm-2017-10-16-Detroit-Mercy-Oakland,2017-10-16,Detroit Mercy,Oakland,false,false,0,0,home,final,,https://detroittitans.com/boxscore.aspx?id=6717,,2017-10-16-Detroit-Mercy-Oakland,regular
sidearm-2017-10-17-Boston-College-Connecticut,2017-10-17,Boston College,UConn,false,false,3,2,home,final,,https://bceagles.com/sports/mens-soccer/stats/2017/connecticut/boxscore/15114,,2017-10-17-Boston-College-UConn,regular
sidearm-2017-10-17-Charlotte-Louisville,2017-10-17,Charlotte,Louisville,false,true,0,1,away,final,,https://gocards.com/sports/mens-soccer/stats/2017/charlotte/boxscore/13999,https://charlotte49ers.com/sports/mens-soccer/stats/2017/louisville/boxscore/7527,2017-10-17-Charlotte-Louisville,regular
sidearm-2017-10-17-NC-State-UNCW,2017-10-17,NC State,UNC Wilmington,false,false,2,1,home,final,,https://gopack.com/sports/mens-soccer/stats/2017/uncw/boxscore/11368,,2017-10-17-NC-State-UNC-Wilmington,regular
wmt-2017-10-17-Akron-Notre-Dame,2017-10-17,Akron,Notre Dame,true,true,2,0,away,final,https://fightingirish.com/sports/msoc/schedule,https://fightingirish.com/boxscore/12747,https://gozips.com/sports/mens-soccer/stats/2017/notre-dame/boxscore/5252,2017-10-17-Akron-Notre-Dame,regular
sidearm-2017-10-17-SMU-Oral-Roberts,2017-10-17,SMU,Oral Roberts,false,false,2,0,unknown,final,,https://smumustangs.com/sports/mens-soccer/stats/2017/oral-roberts/boxscore/7688,https://oruathletics.com/sports/mens-soccer/stats/2017/smu/boxscore/2100,2017-10-17-Oral-Roberts-SMU,regular
sidearm-2017-10-17-North-Carolina-Old-Dominion,2017-10-17,North Carolina,Old Dominion,false,false,2,1,home,final,https://odusports.com/sports/mens-soccer/schedule,https://goheels.com/sports/mens-soccer/stats/2017/old-dominion/boxscore/15027,https://odusports.com/boxscore/9205,2017-10-17-North-Carolina-Old-Dominion,regular
wmt-2017-10-17-Radford-Virginia,2017-10-17,Virginia,Radford,true,false,0,1,home,final,https://virginiasports.com/sports/msoc/schedule,https://virginiasports.com/boxscore/4961,https://radfordathletics.com/sports/mens-soccer/stats/2017/virginia/boxscore/8725,2017-10-17-Radford-Virginia,regular
sidearm-2017-10-17-Elon-Wake-Forest,2017-10-17,Elon,Wake Forest,false,false,0,2,away,final,,,,2017-10-17-Elon-Wake-Forest,regular
sidearm-2017-10-17-Binghamton-Bucknell-University,2017-10-17,Binghamton,Bucknell,false,false,2,1,unknown,final,,https://bubearcats.com/sports/mens-soccer/stats/2017/bucknell-university/boxscore/8953,,2017-10-17-Binghamton-Bucknell,regular
sidearm-2017-10-17-New-Hampshire-#20-Dartmouth,2017-10-17,New Hampshire,Dartmouth College,true,true,4,2,home,final,,https://unhwildcats.com/sports/mens-soccer/stats/2017/dartmouth/boxscore/5492,https://dartmouthsports.com/sports/mens-soccer/stats/2017/new-hampshire/boxscore/8024,2017-10-17-Dartmouth-College-New-Hampshire,regular
sidearm-2017-10-17-NJIT-Temple,2017-10-17,NJIT,Temple University,false,false,1,3,home,final,,https://njithighlanders.com/sports/mens-soccer/stats/2017/temple/boxscore/5915,https://owlsports.com/sports/mens-soccer/stats/2017/njit/boxscore/6589,2017-10-17-NJIT-Temple-University,regular
sidearm-2017-10-17-UMBC-Delaware,2017-10-17,UMBC,Delaware,false,false,1,1,away,final,,https://umbcretrievers.com/sports/mens-soccer/stats/2017/delaware/boxscore/2043,,2017-10-17-Delaware-UMBC,regular
sidearm-2017-10-17-Stetson-FAU,2017-10-17,Stetson,FAU,false,false,1,0,away,final,,https://fausports.com/sports/mens-soccer/stats/2017/stetson/boxscore/3648,https://gohatters.com/sports/mens-soccer/stats/2017/florida-atlantic/boxscore/5449,2017-10-17-FAU-Stetson,regular
sidearm-2017-10-17-FIU-USF,2017-10-17,FIU,USF,false,false,2,1,away,final,,https://fiusports.com/sports/mens-soccer/stats/2017/usf/boxscore/6222,,2017-10-17-FIU-USF,regular
sidearm-2017-10-17-South-Florida-FIU,2017-10-17,South Florida,FIU,false,false,1,2,home,final,,https://gousfbulls.com/sports/mens-soccer/stats/2017/fiu/boxscore/10110,,2017-10-17-FIU-South-Florida,regular
sidearm-2017-10-17-UAB-Georgia-Southern,2017-10-17,UAB,Georgia Southern,false,false,2,1,home,final,,https://uabsports.com/sports/mens-soccer/stats/2017/georgia-southern/boxscore/3374,https://gseagles.com/sports/mens-soccer/stats/2017/uab/boxscore/5105,2017-10-17-Georgia-Southern-UAB,regular
sidearm-2017-10-17-Loyola-Chicago-DePaul,2017-10-17,Loyola Chicago,DePaul,false,false,2,2,home,final,,https://loyolaramblers.com/sports/mens-soccer/stats/2017/depaul/boxscore/4147,,2017-10-17-DePaul-Loyola-Chicago,regular
sidearm-2017-10-17-Georgetown-Maryland,2017-10-17,Georgetown,Maryland,false,false,1,0,away,final,,https://umterps.com/sports/mens-soccer/stats/2017/georgetown/boxscore/7482,,2017-10-17-Georgetown-Maryland,regular
sidearm-2017-10-17-Villanova-Penn,2017-10-17,Villanova,Penn,false,false,2,1,unknown,final,,https://villanova.com/sports/mens-soccer/stats/2017/penn/boxscore/4102,https://pennathletics.com/sports/mens-soccer/stats/2017/villanova/boxscore/6366,2017-10-17-Penn-Villanova,regular
sidearm-2017-10-17-Gardner-Webb-USC-Upstate,2017-10-17,Gardner-Webb,USC Upstate,false,false,6,1,home,final,,https://gwusports.com/sports/mens-soccer/stats/2017/usc-upstate/boxscore/4864,https://upstatespartans.com/sports/mens-soccer/stats/2017/gardner-webb/boxscore/1423,2017-10-17-Gardner-Webb-USC-Upstate,regular
sidearm-2017-10-17-Longwood-James-Madison,2017-10-17,Longwood,James Madison,false,false,0,5,away,final,,https://longwoodlancers.com/sports/mens-soccer/stats/2017/james-madison/boxscore/5827,https://jmusports.com/sports/mens-soccer/stats/2017/longwood/boxscore/13926,2017-10-17-James-Madison-Longwood,regular
sidearm-2017-10-17-UNC-Asheville-Georgia-State,2017-10-17,UNC Asheville,Georgia State,false,false,1,3,home,final,,https://uncabulldogs.com/sports/mens-soccer/stats/2017/georgia-state/boxscore/3685,https://georgiastatesports.com/news/2017/10/17/211673539.aspx,2017-10-17-Georgia-State-UNC-Asheville,regular
sidearm-2017-10-17-Michigan-State-Oakland,2017-10-17,Michigan State,Oakland,false,false,0,2,home,final,,,,2017-10-17-Michigan-State-Oakland,regular
sidearm-2017-10-17-Campbell-Appalachian-State,2017-10-17,Campbell,Appalachian State,false,false,1,1,unknown,final,,https://gocamels.com/sports/mens-soccer/stats/2017/appalachian-state/boxscore/2102,,2017-10-17-Appalachian-State-Campbell,regular
sidearm-2017-10-17-Drexel-Lehigh,2017-10-17,Drexel,Lehigh,false,false,0,3,home,final,,https://drexeldragons.com/sports/mens-soccer/stats/2017/lehigh/boxscore/5836,https://lehighsports.com/sports/mens-soccer/stats/2017/drexel/boxscore/10542,2017-10-17-Drexel-Lehigh,regular
sidearm-2017-10-17-Northeastern-Boston-University,2017-10-17,Northeastern,Boston University,false,false,1,1,home,final,,https://nuhuskies.com/sports/mens-soccer/stats/2017/boston-university/boxscore/7580,https://goterriers.com/sports/mens-soccer/stats/2017/northeastern/boxscore/7037,2017-10-17-Boston-University-Northeastern,regular
sidearm-2017-10-17-Cornell-Hartwick-College,2017-10-17,Cornell,Hartwick College,false,false,1,2,unknown,final,,https://cornellbigred.com/sports/mens-soccer/stats/2017/hartwick-college/boxscore/24091,,2017-10-17-Cornell-Hartwick-College,regular
sidearm-2017-10-17-Belmont-University-Eastern-Illinois,2017-10-17,Belmont University,Eastern Illinois,false,false,2,1,unknown,final,,https://belmontbruins.com/sports/mens-soccer/stats/2017/eastern-illinois/boxscore/1529,https://eiupanthers.com/sports/mens-soccer/stats/2017/belmont/boxscore/6315,2017-10-17-Belmont-University-Eastern-Illinois,regular
sidearm-2017-10-17-UIC-Bradley,2017-10-17,UIC,Bradley,false,false,2,1,home,final,,https://uicflames.com/sports/mens-soccer/stats/2017/bradley/boxscore/10491,,2017-10-17-Bradley-UIC,regular
sidearm-2017-10-17-Western-Michigan-University-of-Wisconsin---Green-Bay,2017-10-17,Western Michigan,University of Wisconsin - Green Bay,false,false,3,0,unknown,final,,https://wmubroncos.com/sports/mens-soccer/stats/2017/university-of-wisconsin-green-bay/boxscore/6729,,2017-10-17-University-of-Wisconsin---Green-Bay-Western-Michigan,regular
sidearm-2017-10-17-ETSU-VMI,2017-10-17,ETSU,VMI,false,false,4,0,unknown,final,,https://vmikeydets.com/sports/mens-soccer/stats/2017/etsu/boxscore/3882,,2017-10-17-ETSU-VMI,regular
sidearm-2017-10-17-Furman-Mercer,2017-10-17,Furman,Mercer,false,false,2,1,home,final,,https://furmanpaladins.com/sports/mens-soccer/stats/2017/mercer/boxscore/2433,https://mercerbears.com/sports/mens-soccer/stats/2017/furman/boxscore/3889,2017-10-17-Furman-Mercer,regular
sidearm-2017-10-17-Liberty-Marshall,2017-10-17,Liberty,Marshall,false,false,1,0,home,final,,https://libertyflames.com/sports/mens-soccer/stats/2017/marshall/boxscore/10959,,2017-10-17-Liberty-Marshall,regular
sidearm-2017-10-17-UNC-Greensboro-Wofford,2017-10-17,UNC Greensboro,Wofford,false,false,6,1,unknown,final,,https://uncgspartans.com/sports/mens-soccer/stats/2017/wofford/boxscore/5150,https://athletics.wofford.edu/sports/mens-soccer/stats/2017/unc-greensboro/boxscore/3958,2017-10-17-UNC-Greensboro-Wofford,regular
sidearm-2017-10-18-Ohio-State-Syracuse,2017-10-18,Ohio State,Syracuse,false,false,1,2,away,final,,https://cuse.com/sports/mens-soccer/stats/2017/ohio-state/boxscore/7956,https://ohiostatebuckeyes.com/sports/mens-soccer/stats/2017/syracuse/boxscore/10164,2017-10-18-Ohio-State-Syracuse,regular
wmt-2017-10-18-Virginia-Tech-William-&-Mary,2017-10-18,William & Mary,Virginia Tech,false,false,4,1,away,final,https://hokiesports.com/sports/mens-soccer/schedule,https://hokiesports.com/boxscore/10289,https://tribeathletics.com/sports/mens-soccer/stats/2017/virginia-tech/boxscore/10085,2017-10-18-Virginia-Tech-William-&-Mary,regular
sidearm-2017-10-18-Memphis-UCA,2017-10-18,Memphis,UCA,false,false,1,0,home,final,,https://gotigersgo.com/sports/mens-soccer/stats/2017/uca/boxscore/10730,,2017-10-18-Memphis-UCA,regular
sidearm-2017-10-18-Central-Arkansas-University-of-Memphis,2017-10-18,Central Arkansas,Memphis,false,false,0,1,unknown,final,,https://ucasports.com/sports/mens-soccer/stats/2017/university-of-memphis/boxscore/3002,,2017-10-18-Central-Arkansas-Memphis,regular
sidearm-2017-10-18-Lipscomb-Evansville,2017-10-18,Lipscomb,University of Evansville,false,false,4,2,home,final,,https://lipscombsports.com/sports/mens-soccer/stats/2017/evansville/boxscore/8003,https://gopurpleaces.com/sports/mens-soccer/stats/2017/lipscomb/boxscore/8180,2017-10-18-Lipscomb-University-of-Evansville,regular
sidearm-2017-10-18-Queens-Anderson-University-(SC),2017-10-18,Queens,Anderson University (SC),false,false,2,0,unknown,final,,https://queensathletics.com/sports/mens-soccer/stats/2017/anderson-university-sc-/boxscore/6088,,2017-10-18-Anderson-University-(SC)-Queens,regular
sidearm-2017-10-18-George-Washington-Davidson-College,2017-10-18,George Washington,Davidson College,false,false,2,0,away,final,,https://davidsonwildcats.com/sports/mens-soccer/stats/2017/george-washington/boxscore/5102,https://gwsports.com/sports/mens-soccer/stats/2017/davidson/boxscore/4140,2017-10-18-Davidson-College-George-Washington,regular
sidearm-2017-10-18-Dayton-Saint-Louis,2017-10-18,Dayton,Saint Louis,false,false,4,0,home,final,,https://daytonflyers.com/sports/mens-soccer/stats/2017/saint-louis/boxscore/6599,https://slubillikens.com/sports/mens-soccer/stats/2017/dayton/boxscore/6558,2017-10-18-Dayton-Saint-Louis,regular
sidearm-2017-10-18-Duquesne-St.-Bonaventure,2017-10-18,Duquesne,St. Bonaventure,false,false,0,1,away,final,,https://goduquesne.com/sports/mens-soccer/stats/2017/st-bonaventure/boxscore/1772,https://gobonnies.com/sports/mens-soccer/stats/2017/duquesne/boxscore/1845,2017-10-18-Duquesne-St.-Bonaventure,regular
sidearm-2017-10-18-La-Salle-St.-Joseph's,2017-10-18,La Salle,Saint Joseph's,false,false,4,2,home,final,,https://goexplorers.com/sports/mens-soccer/stats/2017/st-joseph-s/boxscore/6807,https://sjuhawks.com/sports/mens-soccer/stats/2017/la-salle/boxscore/2569,2017-10-18-La-Salle-Saint-Joseph's,regular
sidearm-2017-10-18-Rhode-Island-Massachusetts,2017-10-18,Rhode Island,Massachusetts,false,false,1,2,unknown,final,,https://gorhody.com/sports/mens-soccer/stats/2017/massachusetts/boxscore/2816,,2017-10-18-Massachusetts-Rhode-Island,regular
sidearm-2017-10-18-VCU-George-Mason,2017-10-18,VCU,George Mason,false,false,4,0,unknown,final,,https://vcuathletics.com/sports/mens-soccer/stats/2017/george-mason/boxscore/1720,,2017-10-18-George-Mason-VCU,regular
sidearm-2017-10-18-Butler-Indiana,2017-10-18,Butler,Indiana,true,false,0,0,away,final,,https://butlersports.com/sports/mens-soccer/stats/2017/indiana/boxscore/5296,https://iuhoosiers.com/sports/mens-soccer/stats/2017/butler/boxscore/12369,2017-10-18-Butler-Indiana,regular
sidearm-2017-10-18-Winthrop-College-of-Charleston,2017-10-18,Winthrop,Charleston,false,false,0,1,away,final,,https://winthropeagles.com/sports/mens-soccer/stats/2017/college-of-charleston/boxscore/19340,https://cofcsports.com/sports/mens-soccer/stats/2017/winthrop/boxscore/7258,2017-10-18-Charleston-Winthrop,regular
sidearm-2017-10-18-Rutgers-Lafayette,2017-10-18,Rutgers,Lafayette,false,false,4,1,home,final,,https://scarletknights.com/sports/mens-soccer/stats/2017/lafayette/boxscore/4648,,2017-10-18-Lafayette-Rutgers,regular
wmt-2017-10-18-New-Mexico-UCLA,2017-10-18,New Mexico,UCLA,false,false,1,1,away,final,https://uclabruins.com/sports/mens-soccer/schedule,https://uclabruins.com/boxscore/5176,,2017-10-18-New-Mexico-UCLA,regular
sidearm-2017-10-18-Cal-State-Fullerton-UC-Irvine,2017-10-18,Cal State Fullerton,UC Irvine,false,false,3,1,away,final,,https://fullertontitans.com/sports/mens-soccer/stats/2017/uc-irvine/boxscore/2770,https://ucirvinesports.com/sports/mens-soccer/stats/2017/cal-state-fullerton/boxscore/4709,2017-10-18-Cal-State-Fullerton-UC-Irvine,regular
sidearm-2017-10-18-Sacramento-State-UC-Santa-Barbara,2017-10-18,Sacramento State,UC Santa Barbara,false,false,1,2,away,final,,https://hornetsports.com/sports/mens-soccer/stats/2017/uc-santa-barbara/boxscore/1881,https://ucsbgauchos.com/sports/mens-soccer/stats/2017/sacramento-state/boxscore/2153,2017-10-18-Sacramento-State-UC-Santa-Barbara,regular
sidearm-2017-10-18-Monmouth-Canisius,2017-10-18,Monmouth,Canisius,false,false,0,3,unknown,final,,https://monmouthhawks.com/sports/mens-soccer/stats/2017/canisius/boxscore/5072,https://gogriffs.com/sports/mens-soccer/stats/2017/monmouth/boxscore/5581,2017-10-18-Canisius-Monmouth,regular
sidearm-2017-10-18-IU-Indy-SIUE,2017-10-18,IU Indy,SIUE,false,false,0,0,unknown,final,,https://iuindyjags.com/sports/mens-soccer/stats/2017/siue/boxscore/6150,,2017-10-18-IU-Indy-SIUE,regular
sidearm-2017-10-18-Cincinnati--Purdue-Fort-Wayne,2017-10-18,Cincinnati,Purdue Fort Wayne,false,false,4,0,away,final,,https://gomastodons.com/sports/mens-soccer/stats/2017/cincinnati/boxscore/11343,,2017-10-18-Cincinnati-Purdue-Fort-Wayne,regular
sidearm-2017-10-18-Fairfield-Manhattan,2017-10-18,Fairfield,Manhattan,false,false,1,0,home,final,,https://fairfieldstags.com/sports/mens-soccer/stats/2017/manhattan/boxscore/5404,https://gojaspers.com/sports/mens-soccer/stats/2017/fairfield/boxscore/5077,2017-10-18-Fairfield-Manhattan,regular
sidearm-2017-10-18-Iona-Saint-Peter's,2017-10-18,Iona,Saint Peter's,false,false,0,4,unknown,final,,https://ionagaels.com/sports/mens-soccer/stats/2017/saint-peter-s/boxscore/7869,https://saintpeterspeacocks.com/sports/mens-soccer/stats/2017/iona/boxscore/888,2017-10-18-Iona-Saint-Peter's,regular
sidearm-2017-10-18-Marist-Niagara-University,2017-10-18,Marist,Niagara,false,false,3,1,unknown,final,,https://goredfoxes.com/sports/mens-soccer/stats/2017/niagara-university/boxscore/8267,,2017-10-18-Marist-Niagara,regular
sidearm-2017-10-18-Merrimack-College-Franklin-Pierce,2017-10-18,Merrimack College,Franklin Pierce,false,false,1,0,unknown,final,,https://merrimackathletics.com/sports/mens-soccer/stats/2017/franklin-pierce/boxscore/1915,,2017-10-18-Franklin-Pierce-Merrimack-College,regular
sidearm-2017-10-18-Rider-University-Siena-College,2017-10-18,Rider University,Siena,true,false,1,2,unknown,final,,https://gobroncs.com/sports/mens-soccer/stats/2017/siena-college/boxscore/4355,,2017-10-18-Rider-University-Siena,regular
sidearm-2017-10-18-UC-Davis-Cal-Poly,2017-10-18,UC Davis,Cal Poly,false,false,2,3,home,final,,https://ucdavisaggies.com/sports/mens-soccer/stats/2017/cal-poly/boxscore/3578,https://gopoly.com/sports/mens-soccer/stats/2017/uc-davis/boxscore/1608,2017-10-18-Cal-Poly-UC-Davis,regular
sidearm-2017-10-18-Howard-United-States-Naval-Academy,2017-10-18,Howard,United States Naval Academy,false,false,,,unknown,canceled,,,,2017-10-18-Howard-United-States-Naval-Academy,regular
sidearm-2017-10-18-Le-Moyne-College-Southern-Connecticut-State-University,2017-10-18,Le Moyne College,Southern Connecticut State University,false,false,2,1,unknown,final,,https://lemoynedolphins.com/sports/mens-soccer/stats/2017/southern-connecticut-state-university/boxscore/9101,,2017-10-18-Le-Moyne-College-Southern-Connecticut-State-University,regular
sidearm-2017-10-18-Mercyhurst-Slippery-Rock-University,2017-10-18,Mercyhurst,Slippery Rock University,false,false,5,0,unknown,final,,https://hurstathletics.com/sports/mens-soccer/stats/2017/slippery-rock-university/boxscore/9381,,2017-10-18-Mercyhurst-Slippery-Rock-University,regular
sidearm-2017-10-18-New-Haven-Assumption,2017-10-18,New Haven,Assumption,false,false,0,0,unknown,final,,https://newhavenchargers.com/sports/mens-soccer/stats/2017/assumption/boxscore/7613,,2017-10-18-Assumption-New-Haven,regular
sidearm-2017-10-18-Stonehill-College-Saint-Anselm-College,2017-10-18,Stonehill College,Saint Anselm College,false,false,1,1,unknown,final,,https://stonehillskyhawks.com/sports/mens-soccer/stats/2017/saint-anselm-college/boxscore/2243,,2017-10-18-Saint-Anselm-College-Stonehill-College,regular
sidearm-2017-10-18-CSUN-UC-Riverside,2017-10-18,CSUN,UC Riverside,false,false,1,0,away,final,,https://gohighlanders.com/sports/mens-soccer/stats/2017/csun/boxscore/11462,,2017-10-18-CSUN-UC-Riverside,regular
sidearm-2017-10-18-UMass-Rhode-Island,2017-10-18,UMass,Rhode Island,false,false,2,1,home,final,,https://umassathletics.com/sports/mens-soccer/stats/2017/rhode-island/boxscore/10344,,2017-10-18-Rhode-Island-UMass,regular
sidearm-2017-10-18-Pacific-Santa-Clara,2017-10-18,Pacific,Santa Clara,false,false,4,3,home,final,,https://pacifictigers.com/sports/mens-soccer/stats/2017/santa-clara/boxscore/1898,https://santaclarabroncos.com/sports/mens-soccer/stats/2017/pacific/boxscore/2690,2017-10-18-Pacific-Santa-Clara,regular
sidearm-2017-10-19-Oregon-State-California,2017-10-19,Oregon State,California,false,true,2,1,away,final,,https://calbears.com/sports/mens-soccer/stats/2017/oregon-state/boxscore/16969,https://osubeavers.com/sports/mens-soccer/stats/2017/california/boxscore/9107,2017-10-19-California-Oregon-State,regular
wmt-2017-10-19-Stanford-Washington,2017-10-19,Washington,Stanford,true,true,1,2,away,final,https://gostanford.com/sports/mens-soccer/schedule,https://gostanford.com/boxscore/7177,https://gohuskies.com/sports/mens-soccer/stats/2017/stanford/boxscore/13173,2017-10-19-Stanford-Washington,regular
sidearm-2017-10-19-Utah-Valley-Houston-Baptist,2017-10-19,Utah Valley,Houston Baptist,false,false,2,0,unknown,final,,https://wolverinegreen.com/sports/mens-soccer/stats/2017/houston-baptist/boxscore/6046,,2017-10-19-Houston-Baptist-Utah-Valley,regular
sidearm-2017-10-19-Utah-Tech-Hawai'i-Hilo,2017-10-19,Utah Tech,Hawai'i Hilo,false,false,2,0,unknown,final,,https://utahtechtrailblazers.com/sports/mens-soccer/stats/2017/hawai-i-hilo/boxscore/6977,,2017-10-19-Hawai'i-Hilo-Utah-Tech,regular
sidearm-2017-10-19-Houston-Christian-Utah-Valley,2017-10-19,Houston Christian,Utah Valley,false,false,0,2,unknown,final,,https://hcuhuskies.com/sports/mens-soccer/stats/2017/utah-valley/boxscore/3290,,2017-10-19-Houston-Christian-Utah-Valley,regular
sidearm-2017-10-19-Azusa-Pacific-California-Baptist,2017-10-19,Azusa Pacific,California Baptist,false,false,0,3,away,final,,https://cbulancers.com/sports/mens-soccer/stats/2017/azusa-pacific/boxscore/7954,,2017-10-19-Azusa-Pacific-California-Baptist,regular
sidearm-2017-10-20-Notre-Dame-Duke,2017-10-20,Notre Dame,Duke,false,true,0,0,away,final,https://fightingirish.com/sports/msoc/schedule,https://goduke.com/sports/mens-soccer/stats/2017/notre-dame/boxscore/1181,https://fightingirish.com/boxscore/12738,2017-10-20-Duke-Notre-Dame,regular
wmt-2017-10-20-Pittsburgh-Virginia,2017-10-20,Virginia,Pittsburgh,false,false,2,1,home,final,https://virginiasports.com/sports/msoc/schedule,https://virginiasports.com/boxscore/4937,,2017-10-20-Pittsburgh-Virginia,regular
sidearm-2017-10-20-Charlotte-South-Carolina,2017-10-20,Charlotte,South Carolina,false,false,1,1,home,final,https://gamecocksonline.com/sports/msoc/schedule/2017,https://charlotte49ers.com/sports/mens-soccer/stats/2017/south-carolina/boxscore/7528,https://gamecocksonline.com/boxscore/charlotte-113/,2017-10-20-Charlotte-South-Carolina,regular
sidearm-2017-10-20-Bellarmine-Rockhurst-University,2017-10-20,Bellarmine,Rockhurst University,false,true,2,1,unknown,final,,https://athletics.bellarmine.edu/sports/mens-soccer/stats/2017/no-2-rockhurst-university/boxscore/4698,,2017-10-20-Bellarmine-Rockhurst-University,regular
sidearm-2017-10-20-Jacksonville-Stetson,2017-10-20,Jacksonville,Stetson,false,false,0,0,home,final,,https://judolphins.com/sports/mens-soccer/stats/2017/stetson/boxscore/1811,https://gohatters.com/sports/mens-soccer/stats/2017/jacksonville/boxscore/5450,2017-10-20-Jacksonville-Stetson,regular
sidearm-2017-10-20-Maryland-Coastal-Carolina,2017-10-20,Maryland,Coastal Carolina,false,false,0,1,home,final,,https://umterps.com/sports/mens-soccer/stats/2017/coastal-carolina/boxscore/7483,,2017-10-20-Coastal-Carolina-Maryland,regular
sidearm-2017-10-20-Northwestern-Michigan-State,2017-10-20,Northwestern,Michigan State,false,false,0,2,away,final,https://nusports.com/sports/mens-soccer/schedule,https://msuspartans.com/sports/mens-soccer/stats/2017/northwestern/boxscore/6279,https://nusports.com/boxscore/5160,2017-10-20-Michigan-State-Northwestern,regular
sidearm-2017-10-20-Robert-Morris-St.-Francis-Brooklyn,2017-10-20,Robert Morris,St. Francis Brooklyn,false,false,1,3,unknown,final,,https://rmucolonials.com/sports/mens-soccer/stats/2017/st-francis-brooklyn/boxscore/5572,,2017-10-20-Robert-Morris-St.-Francis-Brooklyn,regular
sidearm-2017-10-20-Western-Michigan-West-Virginia-University,2017-10-20,Western Michigan,West Virginia,true,false,1,0,home,final,,https://wmubroncos.com/sports/mens-soccer/stats/2017/west-virginia-university/boxscore/6730,https://wvusports.com/sports/mens-soccer/stats/2017/western-michigan/boxscore/3968,2017-10-20-West-Virginia-Western-Michigan,regular
sidearm-2017-10-20-Air-Force-UNLV,2017-10-20,Air Force,UNLV,false,false,3,0,home,final,,,,2017-10-20-Air-Force-UNLV,regular
wmt-2017-10-20-Incarnate-Word-San-Jose-State,2017-10-20,Incarnate Word,San Jose State,false,false,0,2,away,final,https://sjsuspartans.com/sports/mens-soccer/schedule,https://storage.googleapis.com/san-jose-state-prod/2023/06/28/lnnFS3maYtkjLVzw0gLwmHfgVUMyfw6my3965qy6.pdf,,2017-10-20-Incarnate-Word-San-Jose-State,regular
sidearm-2017-10-20-UMKC-Grand-Canyon,2017-10-20,Kansas City,Grand Canyon,false,false,2,1,away,final,,https://gculopes.com/sports/mens-soccer/stats/2017/umkc/boxscore/9369,,2017-10-20-Grand-Canyon-Kansas-City,regular
sidearm-2017-10-20-Lindenwood-Harding-University,2017-10-20,Lindenwood,Harding University,false,false,2,4,unknown,final,,https://lindenwoodlions.com/sports/mens-soccer/stats/2017/harding-university/boxscore/16170,,2017-10-20-Harding-University-Lindenwood,regular
sidearm-2017-10-20-University-of-Southern-Indiana-Drury-University,2017-10-20,University of Southern Indiana,Drury University,false,false,3,2,unknown,final,,https://gousieagles.com/sports/mens-soccer/stats/2017/drury-university/boxscore/3771,,2017-10-20-Drury-University-University-of-Southern-Indiana,regular
sidearm-2017-10-20-UTRGV-CSU-Bakersfield,2017-10-20,UTRGV,CSU Bakersfield,false,false,0,0,unknown,final,,https://goutrgv.com/sports/mens-soccer/stats/2017/csu-bakersfield/boxscore/24334,,2017-10-20-CSU-Bakersfield-UTRGV,regular
sidearm-2017-10-20-UC-San-Diego-Cal-State-San-Marcos,2017-10-20,UC San Diego,Cal State San Marcos,false,false,3,2,unknown,final,,https://ucsdtritons.com/sports/mens-soccer/stats/2017/cal-state-san-marcos/boxscore/6229,,2017-10-20-Cal-State-San-Marcos-UC-San-Diego,regular
sidearm-2017-10-21-Boston-College-No.-2-Wake-Forest,2017-10-21,Boston College,Wake Forest,false,true,0,4,home,final,,https://bceagles.com/sports/mens-soccer/stats/2017/wake-forest/boxscore/15116,,2017-10-21-Boston-College-Wake-Forest,regular
wmt-2017-10-21-Clemson-Syracuse,2017-10-21,Syracuse,Clemson,false,false,1,2,away,final,https://clemsontigers.com/sports/mens-soccer/schedule,https://clemsontigers.com/boxscore/3733,https://cuse.com/sports/mens-soccer/stats/2017/clemson/boxscore/7957,2017-10-21-Clemson-Syracuse,regular
sidearm-2017-10-21-Louisville-NC-STATE,2017-10-21,Louisville,NC State,true,false,2,3,home,final,,https://gocards.com/sports/mens-soccer/stats/2017/nc-state/boxscore/14000,https://gopack.com/sports/mens-soccer/stats/2017/-5-9-louisville/boxscore/11369,2017-10-21-Louisville-NC-State,regular
sidearm-2017-10-21-SMU-Cincinnati,2017-10-21,SMU,Cincinnati,false,false,2,0,unknown,final,,https://smumustangs.com/sports/mens-soccer/stats/2017/cincinnati/boxscore/7689,,2017-10-21-Cincinnati-SMU,regular
sidearm-2017-10-21-Binghamton-University-of-Massachusetts-Lowell,2017-10-21,Binghamton,University of Massachusetts Lowell,false,false,0,2,home,final,,https://bubearcats.com/sports/mens-soccer/stats/2017/university-of-massachusetts-lowell/boxscore/8954,,2017-10-21-Binghamton-University-of-Massachusetts-Lowell,regular
sidearm-2017-10-21-New-Hampshire-Stony-Brook,2017-10-21,New Hampshire,Stony Brook,true,false,2,0,home,final,,https://unhwildcats.com/sports/mens-soccer/stats/2017/stony-brook/boxscore/5493,https://stonybrookathletics.com/sports/mens-soccer/stats/2017/no-18-new-hampshire/boxscore/7774,2017-10-21-New-Hampshire-Stony-Brook,regular
sidearm-2017-10-21-Binghamton-UMass-Lowell,2017-10-21,Binghamton,UMass Lowell,false,false,0,2,away,final,,https://goriverhawks.com/sports/mens-soccer/stats/2017/binghamton/boxscore/5061,,2017-10-21-Binghamton-UMass-Lowell,regular
sidearm-2017-10-21-UMBC-Vermont,2017-10-21,UMBC,Vermont,false,false,1,3,home,final,,https://umbcretrievers.com/sports/mens-soccer/stats/2017/vermont/boxscore/2044,https://uvmathletics.com/sports/mens-soccer/stats/2017/umbc/boxscore/2545,2017-10-21-UMBC-Vermont,regular
sidearm-2017-10-21-UAB-FAU,2017-10-21,UAB,FAU,false,false,2,0,away,final,,https://fausports.com/sports/mens-soccer/stats/2017/uab/boxscore/3649,https://uabsports.com/sports/mens-soccer/stats/2017/florida-atlantic/boxscore/3375,2017-10-21-FAU-UAB,regular
sidearm-2017-10-21-FIU-New-Mexico,2017-10-21,FIU,New Mexico,false,false,4,0,unknown,final,,https://fiusports.com/sports/mens-soccer/stats/2017/new-mexico/boxscore/6223,,2017-10-21-FIU-New-Mexico,regular
sidearm-2017-10-21-Memphis-USF,2017-10-21,Memphis,USF,false,false,1,1,home,final,,https://gotigersgo.com/sports/mens-soccer/stats/2017/usf/boxscore/10733,,2017-10-21-Memphis-USF,regular
sidearm-2017-10-21-Memphis-South-Florida,2017-10-21,Memphis,South Florida,false,false,1,1,away,final,,https://gousfbulls.com/sports/mens-soccer/stats/2017/memphis/boxscore/10134,,2017-10-21-Memphis-South-Florida,regular
sidearm-2017-10-21-Tulsa-Temple-University,2017-10-21,Tulsa,Temple University,false,false,1,3,away,final,,https://owlsports.com/sports/mens-soccer/stats/2017/tulsa/boxscore/6590,https://tulsahurricane.com/sports/mens-soccer/stats/2017/temple/boxscore/8330,2017-10-21-Temple-University-Tulsa,regular
sidearm-2017-10-21-Central-Arkansas-Valparaiso-University,2017-10-21,Central Arkansas,Valparaiso University,false,false,3,2,unknown,final,,https://ucasports.com/sports/mens-soccer/stats/2017/valparaiso-university/boxscore/3068,,2017-10-21-Central-Arkansas-Valparaiso-University,regular
sidearm-2017-10-21-FGCU-USC-Upstate,2017-10-21,FGCU,USC Upstate,false,false,1,2,home,final,,https://fgcuathletics.com/sports/mens-soccer/stats/2017/usc-upstate/boxscore/6422,https://upstatespartans.com/sports/mens-soccer/stats/2017/florida-gulf-coast/boxscore/1424,2017-10-21-FGCU-USC-Upstate,regular
sidearm-2017-10-21-Kentucky-Lipscomb,2017-10-21,Kentucky,Lipscomb,false,false,2,3,away,final,https://ukathletics.com/sports/msoc/schedule/2017,https://lipscombsports.com/sports/mens-soccer/stats/2017/kentucky/boxscore/8004,,2017-10-21-Kentucky-Lipscomb,regular
sidearm-2017-10-21-Queens-Coker-College,2017-10-21,Queens,Coker College,false,false,1,2,unknown,final,,https://queensathletics.com/sports/mens-soccer/stats/2017/coker-college/boxscore/6090,,2017-10-21-Coker-College-Queens,regular
sidearm-2017-10-21-Saint-Louis-Davidson-College,2017-10-21,Saint Louis,Davidson College,false,false,0,1,away,final,,https://davidsonwildcats.com/sports/mens-soccer/stats/2017/saint-louis/boxscore/5103,https://slubillikens.com/sports/mens-soccer/stats/2017/davidson/boxscore/6560,2017-10-21-Davidson-College-Saint-Louis,regular
sidearm-2017-10-21-Dayton-Massachusetts,2017-10-21,Dayton,Massachusetts,false,false,2,3,unknown,final,,https://daytonflyers.com/sports/mens-soccer/stats/2017/massachusetts/boxscore/6600,,2017-10-21-Dayton-Massachusetts,regular
sidearm-2017-10-21-Duquesne-George-Washington,2017-10-21,Duquesne,George Washington,false,false,0,1,home,final,,https://goduquesne.com/sports/mens-soccer/stats/2017/george-washington/boxscore/1773,https://gwsports.com/sports/mens-soccer/stats/2017/duquesne/boxscore/4141,2017-10-21-Duquesne-George-Washington,regular
sidearm-2017-10-21-Fordham-Rhode-Island,2017-10-21,Fordham,Rhode Island,false,false,2,0,unknown,final,,https://fordhamsports.com/sports/mens-soccer/stats/2017/rhode-island/boxscore/6284,https://gorhody.com/sports/mens-soccer/stats/2017/fordham/boxscore/2817,2017-10-21-Fordham-Rhode-Island,regular
sidearm-2017-10-21-Loyola-Chicago-Bradley,2017-10-21,Loyola Chicago,Bradley,false,false,2,1,unknown,final,,https://loyolaramblers.com/sports/mens-soccer/stats/2017/bradley/boxscore/4148,,2017-10-21-Bradley-Loyola-Chicago,regular
sidearm-2017-10-21-St.-Bonaventure-George-Mason,2017-10-21,St. Bonaventure,George Mason,false,false,1,0,unknown,final,,https://gobonnies.com/sports/mens-soccer/stats/2017/george-mason/boxscore/1846,,2017-10-21-George-Mason-St.-Bonaventure,regular
sidearm-2017-10-21-Saint-Joseph's-VCU,2017-10-21,Saint Joseph's,VCU,false,false,0,3,unknown,final,,https://sjuhawks.com/sports/mens-soccer/stats/2017/vcu/boxscore/2571,https://vcuathletics.com/sports/mens-soccer/stats/2017/saint-joseph-s/boxscore/1721,2017-10-21-Saint-Joseph's-VCU,regular
sidearm-2017-10-21-Akron-Bowling-Green,2017-10-21,Akron,Bowling Green,false,false,2,1,home,final,,https://gozips.com/sports/mens-soccer/stats/2017/bowling-green/boxscore/5253,,2017-10-21-Akron-Bowling-Green,regular
sidearm-2017-10-21-Butler-Villanova,2017-10-21,Butler,Villanova,false,false,1,0,home,final,,https://butlersports.com/sports/mens-soccer/stats/2017/villanova/boxscore/5297,https://villanova.com/sports/mens-soccer/stats/2017/butler/boxscore/4103,2017-10-21-Butler-Villanova,regular
sidearm-2017-10-21-Providence-Creighton,2017-10-21,Providence,Creighton,false,false,0,0,away,final,,https://gocreighton.com/sports/mens-soccer/stats/2017/providence/boxscore/8767,https://friars.com/sports/mens-soccer/stats/2017/creighton/boxscore/2532,2017-10-21-Creighton-Providence,regular
sidearm-2017-10-21-DePaul-St.-John's,2017-10-21,DePaul,St. John's,false,false,0,1,home,final,,https://redstormsports.com/sports/mens-soccer/stats/2017/depaul/boxscore/2674,,2017-10-21-DePaul-St.-John's,regular
sidearm-2017-10-21-Georgetown-Seton-Hall,2017-10-21,Georgetown,Seton Hall,false,false,3,0,home,final,,https://shupirates.com/sports/mens-soccer/stats/2017/georgetown/boxscore/2763,,2017-10-21-Georgetown-Seton-Hall,regular
sidearm-2017-10-21-Xavier-Marquette,2017-10-21,Xavier,Marquette,false,false,1,0,away,final,,https://gomarquette.com/sports/mens-soccer/stats/2017/xavier/boxscore/2449,https://goxavier.com/sports/mens-soccer/stats/2017/marquette/boxscore/6853,2017-10-21-Marquette-Xavier,regular
sidearm-2017-10-21-UConn-UCF,2017-10-21,UConn,UCF,false,false,2,3,home,final,https://ucfknights.com/sports/mens-soccer/schedule,https://ucfknights.com/boxscore/3235,,2017-10-21-UCF-UConn,regular
sidearm-2017-10-21-Gardner-Webb-High-Point,2017-10-21,Gardner-Webb,High Point,false,false,1,3,home,final,,https://gwusports.com/sports/mens-soccer/stats/2017/high-point/boxscore/4865,https://highpointpanthers.com/sports/mens-soccer/stats/2017/gardner-webb/boxscore/10567,2017-10-21-Gardner-Webb-High-Point,regular
sidearm-2017-10-21-Longwood-UNC-Asheville,2017-10-21,Longwood,UNC Asheville,false,false,2,1,away,final,,https://longwoodlancers.com/sports/mens-soccer/stats/2017/unc-asheville/boxscore/5828,https://uncabulldogs.com/sports/mens-soccer/stats/2017/longwood/boxscore/3686,2017-10-21-Longwood-UNC-Asheville,regular
sidearm-2017-10-21-Presbyterian-Campbell,2017-10-21,Presbyterian,Campbell,false,false,5,0,unknown,final,,https://gocamels.com/sports/mens-soccer/stats/2017/presbyterian/boxscore/2103,,2017-10-21-Campbell-Presbyterian,regular
sidearm-2017-10-21-Winthrop-Radford,2017-10-21,Winthrop,Radford,false,false,0,2,away,final,,https://radfordathletics.com/sports/mens-soccer/stats/2017/winthrop/boxscore/8726,https://winthropeagles.com/sports/mens-soccer/stats/2017/radford/boxscore/19341,2017-10-21-Radford-Winthrop,regular
sidearm-2017-10-21-Indiana-Wisconsin,2017-10-21,Indiana,Wisconsin,true,false,2,1,home,final,,https://iuhoosiers.com/sports/mens-soccer/stats/2017/wisconsin/boxscore/12370,https://uwbadgers.com/sports/mens-soccer/stats/2017/indiana/boxscore/8523,2017-10-21-Indiana-Wisconsin,regular
sidearm-2017-10-21-Ohio-State-Michigan,2017-10-21,Ohio State,Michigan,false,false,0,2,away,final,,https://mgoblue.com/sports/mens-soccer/stats/2017/ohio-state/boxscore/10815,https://ohiostatebuckeyes.com/sports/mens-soccer/stats/2017/michigan/boxscore/10169,2017-10-21-Michigan-Ohio-State,regular
sidearm-2017-10-21-Cal-State-Fullerton-UC-Riverside,2017-10-21,Cal State Fullerton,UC Riverside,false,false,1,1,away,final,,https://fullertontitans.com/sports/mens-soccer/stats/2017/uc-riverside/boxscore/2771,https://gohighlanders.com/sports/mens-soccer/stats/2017/cal-state-fullerton/boxscore/11463,2017-10-21-Cal-State-Fullerton-UC-Riverside,regular
sidearm-2017-10-21-Sacramento-State-Cal-Poly,2017-10-21,Sacramento State,Cal Poly,false,false,5,1,away,final,,https://hornetsports.com/sports/mens-soccer/stats/2017/cal-poly/boxscore/1882,https://gopoly.com/sports/mens-soccer/stats/2017/sacramento-state/boxscore/1609,2017-10-21-Cal-Poly-Sacramento-State,regular
sidearm-2017-10-21-UC-Irvine-CSUN,2017-10-21,UC Irvine,CSUN,false,false,1,4,home,final,,https://ucirvinesports.com/sports/mens-soccer/stats/2017/csun/boxscore/4710,,2017-10-21-CSUN-UC-Irvine,regular
sidearm-2017-10-21-UC-Santa-Barbara-UC-Davis,2017-10-21,UC Santa Barbara,UC Davis,false,false,0,5,unknown,final,,https://ucsbgauchos.com/sports/mens-soccer/stats/2017/uc-davis/boxscore/2154,https://ucdavisaggies.com/sports/mens-soccer/stats/2017/uc-santa-barbara/boxscore/3579,2017-10-21-UC-Davis-UC-Santa-Barbara,regular
sidearm-2017-10-21-Charleston-Delaware,2017-10-21,Charleston,Delaware,false,false,0,0,home,final,,https://cofcsports.com/sports/mens-soccer/stats/2017/delaware/boxscore/7259,,2017-10-21-Charleston-Delaware,regular
sidearm-2017-10-21-Elon-Drexel,2017-10-21,Elon,Drexel,false,false,1,0,away,final,,https://drexeldragons.com/sports/mens-soccer/stats/2017/elon/boxscore/5837,,2017-10-21-Drexel-Elon,regular
sidearm-2017-10-21-Hofstra-UNCW,2017-10-21,Hofstra,UNC Wilmington,false,false,2,1,unknown,final,,https://gohofstra.com/sports/mens-soccer/stats/2017/uncw/boxscore/7946,,2017-10-21-Hofstra-UNC-Wilmington,regular
sidearm-2017-10-21-Monmouth-Saint-Peter's,2017-10-21,Monmouth,Saint Peter's,false,false,3,1,unknown,final,,https://monmouthhawks.com/sports/mens-soccer/stats/2017/saint-peter-s/boxscore/5073,https://saintpeterspeacocks.com/sports/mens-soccer/stats/2017/monmouth/boxscore/889,2017-10-21-Monmouth-Saint-Peter's,regular
sidearm-2017-10-21-Northeastern-James-Madison,2017-10-21,Northeastern,James Madison,false,false,1,2,away,final,,https://nuhuskies.com/sports/mens-soccer/stats/2017/james-madison/boxscore/7581,https://jmusports.com/sports/mens-soccer/stats/2017/northeastern/boxscore/13927,2017-10-21-James-Madison-Northeastern,regular
sidearm-2017-10-21-Cleveland-State-UIC,2017-10-21,Cleveland State,UIC,false,false,0,1,unknown,final,,https://csuvikings.com/sports/mens-soccer/stats/2017/uic/boxscore/10113,https://uicflames.com/sports/mens-soccer/stats/2017/cleveland-state/boxscore/10492,2017-10-21-Cleveland-State-UIC,regular
sidearm-2017-10-21-Detroit-Mercy-Milwaukee,2017-10-21,Detroit Mercy,Milwaukee,false,false,1,3,home,final,,https://detroittitans.com/sports/mens-soccer/stats/2017/milwaukee/boxscore/3913,https://mkepanthers.com/sports/mens-soccer/stats/2017/detroit-mercy/boxscore/7581,2017-10-21-Detroit-Mercy-Milwaukee,regular
sidearm-2017-10-21-Northern-Kentucky-Wright-State,2017-10-21,Northern Kentucky,Wright State,false,false,1,0,home,final,,https://nkunorse.com/sports/mens-soccer/stats/2017/wright-state/boxscore/4005,https://wsuraiders.com/sports/mens-soccer/stats/2017/northern-kentucky/boxscore/4225,2017-10-21-Northern-Kentucky-Wright-State,regular
sidearm-2017-10-21-Oakland-Belmont,2017-10-21,Oakland,Belmont University,false,false,1,0,unknown,final,,https://belmontbruins.com/sports/mens-soccer/stats/2017/oakland/boxscore/1530,,2017-10-21-Belmont-University-Oakland,regular
sidearm-2017-10-21-Cornell-Brown,2017-10-21,Cornell,Brown,false,false,1,0,away,final,,https://brownbears.com/sports/mens-soccer/stats/2017/cornell/boxscore/2369,https://cornellbigred.com/sports/mens-soccer/stats/2017/brown-university/boxscore/24092,2017-10-21-Brown-Cornell,regular
sidearm-2017-10-21-Dartmouth-Columbia-University,2017-10-21,Dartmouth College,Columbia University,false,false,2,1,away,final,,https://gocolumbialions.com/sports/mens-soccer/stats/2017/dartmouth/boxscore/7151,https://dartmouthsports.com/sports/mens-soccer/stats/2017/columbia/boxscore/8025,2017-10-21-Columbia-University-Dartmouth-College,regular
sidearm-2017-10-21-Harvard-Princeton,2017-10-21,Harvard,Princeton,false,false,1,1,away,final,,https://gocrimson.com/sports/mens-soccer/stats/2017/princeton/boxscore/10882,https://goprincetontigers.com/sports/mens-soccer/stats/2017/harvard/boxscore/12428,2017-10-21-Harvard-Princeton,regular
sidearm-2017-10-21-Penn-Yale,2017-10-21,Penn,Yale,false,false,4,1,away,final,,https://pennathletics.com/sports/mens-soccer/stats/2017/yale/boxscore/6373,https://yalebulldogs.com/sports/mens-soccer/stats/2017/penn/boxscore/3281,2017-10-21-Penn-Yale,regular
sidearm-2017-10-21-Canisius-Rider,2017-10-21,Canisius,Rider University,false,false,1,1,home,final,,https://gogriffs.com/sports/mens-soccer/stats/2017/rider/boxscore/5582,https://gobroncs.com/sports/mens-soccer/stats/2017/canisius-college/boxscore/4356,2017-10-21-Canisius-Rider-University,regular
sidearm-2017-10-21-Iona-Niagara,2017-10-21,Iona,Niagara,false,false,3,0,away,final,,https://ionagaels.com/sports/mens-soccer/stats/2017/niagara/boxscore/7870,,2017-10-21-Iona-Niagara,regular
sidearm-2017-10-21-Manhattan-Siena,2017-10-21,Manhattan,Siena,false,false,3,1,away,final,,https://gojaspers.com/sports/mens-soccer/stats/2017/siena/boxscore/5078,,2017-10-21-Manhattan-Siena,regular
sidearm-2017-10-21-Marist-Quinnipiac-University,2017-10-21,Marist,Quinnipiac,false,false,2,3,home,final,,https://goredfoxes.com/sports/mens-soccer/stats/2017/quinnipiac-university/boxscore/8268,https://gobobcats.com/sports/mens-soccer/stats/2017/marist/boxscore/8299,2017-10-21-Marist-Quinnipiac,regular
sidearm-2017-10-21-Merrimack-College-Southern-Conn.-St.,2017-10-21,Merrimack College,Southern Conn. St.,false,true,1,2,unknown,final,,https://merrimackathletics.com/sports/mens-soccer/stats/2017/-23-southern-conn-st-/boxscore/1916,,2017-10-21-Merrimack-College-Southern-Conn.-St.,regular
sidearm-2017-10-21-Drake-Evansville,2017-10-21,Drake,University of Evansville,false,false,0,1,away,final,,https://godrakebulldogs.com/sports/mens-soccer/stats/2017/evansville/boxscore/7427,https://gopurpleaces.com/sports/mens-soccer/stats/2017/drake/boxscore/8181,2017-10-21-Drake-University-of-Evansville,regular
sidearm-2017-10-21-Utah-Tech-Point-Loma,2017-10-21,Utah Tech,Point Loma,false,false,4,5,unknown,final,,https://utahtechtrailblazers.com/sports/mens-soccer/stats/2017/point-loma/boxscore/6978,,2017-10-21-Point-Loma-Utah-Tech,regular
sidearm-2017-10-21-Le-Moyne-College-Saint-Michael's-College,2017-10-21,Le Moyne College,Saint Michael's College,false,false,3,1,unknown,final,,https://lemoynedolphins.com/sports/mens-soccer/stats/2017/saint-michaels-college/boxscore/9108,,2017-10-21-Le-Moyne-College-Saint-Michael's-College,regular
sidearm-2017-10-21-Mercyhurst-Shippensburg-University,2017-10-21,Mercyhurst,Shippensburg University,false,false,4,0,unknown,final,,https://hurstathletics.com/sports/mens-soccer/stats/2017/shippensburg-university/boxscore/9382,,2017-10-21-Mercyhurst-Shippensburg-University,regular
sidearm-2017-10-21-New-Haven-Stonehill,2017-10-21,New Haven,Stonehill College,false,false,1,2,away,final,,https://newhavenchargers.com/sports/mens-soccer/stats/2017/stonehill/boxscore/7614,https://stonehillskyhawks.com/sports/mens-soccer/stats/2017/university-of-new-haven/boxscore/2244,2017-10-21-New-Haven-Stonehill-College,regular
sidearm-2017-10-21-Western-Illinois-Omaha,2017-10-21,Western Illinois,Omaha,false,false,0,2,home,final,,https://goleathernecks.com/sports/mens-soccer/stats/2017/omaha/boxscore/5932,https://omavs.com/sports/mens-soccer/stats/2017/western-illinois/boxscore/9812,2017-10-21-Omaha-Western-Illinois,regular
wmt-2017-10-21-San-Diego-State-Santa-Clara,2017-10-21,San Diego State,Santa Clara,false,false,3,0,home,final,https://goaztecs.com/sports/mens-soccer/schedule,https://santaclarabroncos.com/sports/mens-soccer/stats/2017/san-diego-st-university/boxscore/2691,,2017-10-21-San-Diego-State-Santa-Clara,regular
sidearm-2017-10-21-American-Lehigh,2017-10-21,American,Lehigh,false,false,1,4,away,final,,https://aueagles.com/sports/mens-soccer/stats/2017/lehigh/boxscore/1622,https://lehighsports.com/sports/mens-soccer/stats/2017/american/boxscore/10543,2017-10-21-American-Lehigh,regular
sidearm-2017-10-21-Bucknell-Army,2017-10-21,Bucknell,Army,false,false,1,0,away,final,,https://goarmywestpoint.com/sports/mens-soccer/stats/2017/bucknell/boxscore/9981,,2017-10-21-Army-Bucknell,regular
sidearm-2017-10-21-Boston-University-Navy,2017-10-21,Boston University,Navy,false,false,1,0,home,final,,https://goterriers.com/sports/mens-soccer/stats/2017/navy/boxscore/7039,https://navysports.com/sports/mens-soccer/stats/2017/boston-university/boxscore/6127,2017-10-21-Boston-University-Navy,regular
sidearm-2017-10-21-Lafayette-Colgate,2017-10-21,Lafayette,Colgate,false,false,2,1,away,final,,,,2017-10-21-Colgate-Lafayette,regular
sidearm-2017-10-21-Loyola-University-Maryland-Holy-Cross,2017-10-21,Loyola University Maryland,Holy Cross,false,false,3,0,away,final,,https://loyolagreyhounds.com/sports/mens-soccer/stats/2017/holy-cross/boxscore/4723,,2017-10-21-Holy-Cross-Loyola-University-Maryland,regular
sidearm-2017-10-21-ETSU-Furman,2017-10-21,ETSU,Furman,false,false,1,1,unknown,final,,https://furmanpaladins.com/sports/mens-soccer/stats/2017/east-tennessee-state/boxscore/2434,,2017-10-21-ETSU-Furman,regular
sidearm-2017-10-21-UNCG-Mercer,2017-10-21,UNC Greensboro,Mercer,false,false,2,1,away,final,,https://mercerbears.com/sports/mens-soccer/stats/2017/uncg/boxscore/3890,https://uncgspartans.com/sports/mens-soccer/stats/2017/mercer-homecoming-senior-night-/boxscore/5153,2017-10-21-Mercer-UNC-Greensboro,regular
sidearm-2017-10-21-VMI-Wofford,2017-10-21,VMI,Wofford,false,false,0,6,unknown,final,,https://vmikeydets.com/sports/mens-soccer/stats/2017/wofford/boxscore/3886,https://athletics.wofford.edu/sports/mens-soccer/stats/2017/virginia-military-institute/boxscore/3959,2017-10-21-VMI-Wofford,regular
sidearm-2017-10-21-Oral-Roberts-Denver,2017-10-21,Oral Roberts,Denver,false,false,0,2,away,final,,https://oruathletics.com/sports/mens-soccer/stats/2017/denver/boxscore/2101,https://denverpioneers.com/sports/mens-soccer/stats/2017/oral-roberts/boxscore/2449,2017-10-21-Denver-Oral-Roberts,regular
sidearm-2017-10-21-St.-Thomas-St.-Olaf,2017-10-21,St. Thomas,St. Olaf,false,false,1,0,home,final,,https://tommiesports.com/sports/msoc/stats/2017/st-olaf/boxscore/4822,,2017-10-21-St.-Olaf-St.-Thomas,regular
sidearm-2017-10-21-Dayton-UMass,2017-10-21,Dayton,UMass,false,false,2,3,away,final,,https://umassathletics.com/sports/mens-soccer/stats/2017/dayton/boxscore/10345,,2017-10-21-Dayton-UMass,regular
sidearm-2017-10-21-Hartwick-Georgia-Southern,2017-10-21,Hartwick,Georgia Southern,false,false,3,0,away,final,,https://gseagles.com/sports/mens-soccer/stats/2017/hartwick/boxscore/5106,,2017-10-21-Georgia-Southern-Hartwick,regular
sidearm-2017-10-21-Georgia-State-Appalachian-State,2017-10-21,Georgia State,Appalachian State,false,false,0,0,unknown,final,,https://georgiastatesports.com/news/2017/10/21/211674274.aspx,,2017-10-21-Appalachian-State-Georgia-State,regular
sidearm-2017-10-21-Old-Dominion-Marshall,2017-10-21,Old Dominion,Marshall,false,false,1,0,away,final,https://odusports.com/sports/mens-soccer/schedule,https://odusports.com/boxscore/9206,,2017-10-21-Marshall-Old-Dominion,regular
sidearm-2017-10-21-Loyola-Marymount-Portland,2017-10-21,Loyola Marymount,Portland,false,false,0,3,away,final,,https://portlandpilots.com/boxscore.aspx?id=13253,,2017-10-21-Loyola-Marymount-Portland,regular
sidearm-2017-10-21-San-Francisco-Saint-Mary's,2017-10-21,San Francisco,Saint Mary's,false,false,4,2,away,final,,https://usfdons.com/sports/mens-soccer/stats/2017/saint-mary-s/boxscore/4673,,2017-10-21-Saint-Mary's-San-Francisco,regular
sidearm-2017-10-22-Washington-California,2017-10-22,Washington,California,false,false,3,0,away,final,,https://calbears.com/sports/mens-soccer/stats/2017/washington/boxscore/16970,https://gohuskies.com/sports/mens-soccer/stats/2017/california/boxscore/13174,2017-10-22-California-Washington,regular
wmt-2017-10-22-Oregon-State-Stanford,2017-10-22,Oregon State,Stanford,false,true,0,3,away,final,https://gostanford.com/sports/mens-soccer/schedule,https://gostanford.com/boxscore/7178,https://osubeavers.com/sports/mens-soccer/stats/2017/stanford/boxscore/9108,2017-10-22-Oregon-State-Stanford,regular
sidearm-2017-10-22-Virginia-Tech-North-Carolina,2017-10-22,Virginia Tech,North Carolina,false,false,0,4,away,final,https://hokiesports.com/sports/mens-soccer/schedule,https://goheels.com/sports/mens-soccer/stats/2017/virginia-tech/boxscore/15028,https://hokiesports.com/boxscore/10290,2017-10-22-North-Carolina-Virginia-Tech,regular
sidearm-2017-10-22-Bryant-Sacred-Heart,2017-10-22,Bryant,Sacred Heart,false,false,2,1,away,final,,https://bryantbulldogs.com/sports/mens-soccer/stats/2017/sacred-heart/boxscore/7037,https://sacredheartpioneers.com/sports/mens-soccer/stats/2017/bryant/boxscore/3435,2017-10-22-Bryant-Sacred-Heart,regular
sidearm-2017-10-22-NJIT-North-Florida-(Senior-Day),2017-10-22,NJIT,North Florida,false,false,1,1,away,final,,https://njithighlanders.com/sports/mens-soccer/stats/2017/north-florida-senior-day-/boxscore/5916,https://unfospreys.com/sports/mens-soccer/stats/2017/njit/boxscore/12861,2017-10-22-NJIT-North-Florida,regular
sidearm-2017-10-22-Bellarmine-Drury-University,2017-10-22,Bellarmine,Drury University,false,false,3,2,unknown,final,,https://athletics.bellarmine.edu/sports/mens-soccer/stats/2017/drury-university/boxscore/4699,,2017-10-22-Bellarmine-Drury-University,regular
wmt-2017-10-22-Penn-State-Rutgers,2017-10-22,Rutgers,Penn State,false,false,2,6,away,final,https://gopsusports.com/sports/mens-soccer/schedule,https://gopsusports.com/boxscore/6101,https://scarletknights.com/sports/mens-soccer/stats/2017/penn-state/boxscore/4649,2017-10-22-Penn-State-Rutgers,regular
wmt-2017-10-22-San-Diego-UCLA,2017-10-22,San Diego,UCLA,false,false,3,1,away,final,https://uclabruins.com/sports/mens-soccer/schedule,https://uclabruins.com/boxscore/5178,,2017-10-22-San-Diego-UCLA,regular
sidearm-2017-10-22-IU-Indy-Green-Bay,2017-10-22,IU Indy,Green Bay,false,false,0,2,away,final,,https://iuindyjags.com/sports/mens-soccer/stats/2017/green-bay/boxscore/6151,,2017-10-22-Green-Bay-IU-Indy,regular
sidearm-2017-10-22-Robert-Morris-LIU-Brooklyn,2017-10-22,Robert Morris,LIU Brooklyn,false,false,1,0,unknown,final,,https://rmucolonials.com/sports/mens-soccer/stats/2017/liu-brooklyn/boxscore/5573,,2017-10-22-LIU-Brooklyn-Robert-Morris,regular
sidearm-2017-10-22-Air-Force-Grand-Canyon,2017-10-22,Air Force,Grand Canyon,true,false,3,1,home,final,,https://gculopes.com/sports/mens-soccer/stats/2017/air-force/boxscore/9370,,2017-10-22-Air-Force-Grand-Canyon,regular
wmt-2017-10-22-San-Jose-State-UTRGV,2017-10-22,UTRGV,San Jose State,false,false,0,1,away,final,https://sjsuspartans.com/sports/mens-soccer/schedule,https://sjsuspartans.com/sports/2018/8/6/_m_soccer_stats_2017_2018_rgvm1022_html.aspx#GAME.BOX,https://goutrgv.com/sports/mens-soccer/stats/2017/san-jos-state/boxscore/24335,2017-10-22-San-Jose-State-UTRGV,regular
sidearm-2017-10-22-UNLV-UMKC,2017-10-22,UNLV,Kansas City,false,false,3,1,home,final,,,,2017-10-22-Kansas-City-UNLV,regular
sidearm-2017-10-22-Houston-Christian-Seattle,2017-10-22,Houston Christian,Seattle,false,true,0,1,home,final,https://goseattleu.com/sports/mens-soccer/schedule,https://hcuhuskies.com/sports/mens-soccer/stats/2017/no-25-seattle/boxscore/3291,https://goseattleu.com/boxscore/2258,2017-10-22-Houston-Christian-Seattle,regular
sidearm-2017-10-22-University-of-Southern-Indiana-Missouri-University-of-Science-&-Technology,2017-10-22,University of Southern Indiana,Missouri University of Science & Technology,false,false,2,1,unknown,final,,https://gousieagles.com/sports/mens-soccer/stats/2017/missouri-university-of-science-technology/boxscore/3772,,2017-10-22-Missouri-University-of-Science-&-Technology-University-of-Southern-Indiana,regular
sidearm-2017-10-23-Biola--California-Baptist,2017-10-23,Biola,California Baptist,false,false,2,3,away,final,,https://cbulancers.com/sports/mens-soccer/stats/2017/biola/boxscore/7955,,2017-10-23-Biola-California-Baptist,regular
sidearm-2017-10-24-Duke-Delaware,2017-10-24,Duke,Delaware,false,false,2,1,home,final,,https://goduke.com/sports/mens-soccer/stats/2017/delaware/boxscore/1182,,2017-10-24-Delaware-Duke,regular
sidearm-2017-10-24-NC-State-South-Carolina,2017-10-24,NC State,South Carolina,false,false,,,home,scheduled,https://gamecocksonline.com/sports/msoc/schedule/2017,,,2017-10-24-NC-State-South-Carolina,regular
wmt-2017-10-24-Michigan-State-Notre-Dame,2017-10-24,Michigan State,Notre Dame,true,false,,,away,canceled,https://fightingirish.com/sports/msoc/schedule,,,2017-10-24-Michigan-State-Notre-Dame,regular
sidearm-2017-10-24-Brown-UMass-Lowell,2017-10-24,Brown,UMass Lowell,false,false,1,0,away,final,,https://goriverhawks.com/sports/mens-soccer/stats/2017/brown/boxscore/5062,https://brownbears.com/sports/mens-soccer/stats/2017/umass-lowell/boxscore/2370,2017-10-24-Brown-UMass-Lowell,regular
sidearm-2017-10-24-Vermont-Northeastern,2017-10-24,Vermont,Northeastern,false,false,3,2,unknown,final,,https://uvmathletics.com/sports/mens-soccer/stats/2017/northeastern/boxscore/2546,https://nuhuskies.com/sports/mens-soccer/stats/2017/vermont/boxscore/7582,2017-10-24-Northeastern-Vermont,regular
sidearm-2017-10-24-Charlotte-Georgia-State-,2017-10-24,Charlotte,Georgia State,false,false,4,3,home,final,,https://charlotte49ers.com/sports/mens-soccer/stats/2017/georgia-state/boxscore/7529,https://georgiastatesports.com/news/2017/10/24/211674880.aspx,2017-10-24-Charlotte-Georgia-State,regular
sidearm-2017-10-24-UCF-FAU,2017-10-24,UCF,FAU,false,false,3,0,away,final,https://ucfknights.com/sports/mens-soccer/schedule,https://fausports.com/sports/mens-soccer/stats/2017/ucf/boxscore/3650,https://ucfknights.com/boxscore/3236,2017-10-24-FAU-UCF,regular
sidearm-2017-10-24-Valparaiso-Missouri-State,2017-10-24,Valparaiso,Missouri State,false,false,0,2,away,final,,https://missouristatebears.com/sports/mens-soccer/stats/2017/valparaiso/boxscore/3503,,2017-10-24-Missouri-State-Valparaiso,regular
sidearm-2017-10-24-South-Florida-FGCU,2017-10-24,South Florida,FGCU,false,false,1,1,home,final,,https://gousfbulls.com/sports/mens-soccer/stats/2017/fgcu/boxscore/10111,,2017-10-24-FGCU-South-Florida,regular
sidearm-2017-10-24-Tulsa-Saint-Louis-,2017-10-24,Tulsa,Saint Louis,false,false,1,2,home,final,,https://tulsahurricane.com/sports/mens-soccer/stats/2017/saint-louis/boxscore/8331,https://slubillikens.com/sports/mens-soccer/stats/2017/tulsa/boxscore/6561,2017-10-24-Saint-Louis-Tulsa,regular
sidearm-2017-10-24-UAB-Lipscomb,2017-10-24,UAB,Lipscomb,false,false,1,1,home,final,,https://uabsports.com/sports/mens-soccer/stats/2017/lipscomb/boxscore/3376,https://lipscombsports.com/sports/mens-soccer/stats/2017/uab/boxscore/8005,2017-10-24-Lipscomb-UAB,regular
sidearm-2017-10-24-Central-Arkansas-University-of-Evansville,2017-10-24,Central Arkansas,University of Evansville,false,false,1,2,unknown,final,,https://ucasports.com/sports/mens-soccer/stats/2017/university-of-evansville/boxscore/2998,https://gopurpleaces.com/sports/mens-soccer/stats/2017/central-arkansas/boxscore/8182,2017-10-24-Central-Arkansas-University-of-Evansville,regular
sidearm-2017-10-24-FGCU-USF,2017-10-24,FGCU,USF,false,false,1,1,home,final,,https://fgcuathletics.com/sports/mens-soccer/stats/2017/usf/boxscore/6423,,2017-10-24-FGCU-USF,regular
sidearm-2017-10-24-Stetson-Georgia-Southern,2017-10-24,Stetson,Georgia Southern,false,false,1,2,home,final,,https://gohatters.com/sports/mens-soccer/stats/2017/georgia-southern/boxscore/5451,https://gseagles.com/sports/mens-soccer/stats/2017/stetson/boxscore/5107,2017-10-24-Georgia-Southern-Stetson,regular
sidearm-2017-10-24-Davidson-College-ELON,2017-10-24,Davidson College,ELON,false,false,1,2,home,final,,https://davidsonwildcats.com/sports/mens-soccer/stats/2017/elon/boxscore/5104,,2017-10-24-Davidson-College-ELON,regular
sidearm-2017-10-24-La-Salle-Drexel,2017-10-24,La Salle,Drexel,false,false,1,0,away,final,,https://goexplorers.com/sports/mens-soccer/stats/2017/drexel/boxscore/6808,https://drexeldragons.com/sports/mens-soccer/stats/2017/la-salle-senior-day-/boxscore/5838,2017-10-24-Drexel-La-Salle,regular
sidearm-2017-10-24-Loyola-Chicago-Northwestern,2017-10-24,Loyola Chicago,Northwestern,false,false,1,2,home,final,https://nusports.com/sports/mens-soccer/schedule,https://loyolaramblers.com/sports/mens-soccer/stats/2017/northwestern/boxscore/4149,https://nusports.com/boxscore/5157,2017-10-24-Loyola-Chicago-Northwestern,regular
sidearm-2017-10-24-VCU-Maryland,2017-10-24,VCU,Maryland,false,true,3,0,home,final,,https://vcuathletics.com/sports/mens-soccer/stats/2017/-9-maryland/boxscore/1722,https://umterps.com/sports/mens-soccer/stats/2017/vcu/boxscore/7484,2017-10-24-Maryland-VCU,regular
sidearm-2017-10-24-#20-Pittsburgh-Akron,2017-10-24,Pittsburgh,Akron,true,false,0,3,away,final,,https://gozips.com/sports/mens-soccer/stats/2017/pittsburgh/boxscore/5254,,2017-10-24-Akron-Pittsburgh,regular
sidearm-2017-10-24-Dartmouth-UConn,2017-10-24,Dartmouth College,UConn,false,false,,,away,scheduled,,,,2017-10-24-Dartmouth-College-UConn,regular
sidearm-2017-10-24-Presbyterian-Appalachian-State,2017-10-24,Presbyterian,Appalachian State,false,false,1,2,unknown,final,,,,2017-10-24-Appalachian-State-Presbyterian,regular
sidearm-2017-10-24-Milwaukee-Wisconsin,2017-10-24,Milwaukee,Wisconsin,false,false,0,0,away,final,,https://uwbadgers.com/sports/mens-soccer/stats/2017/milwaukee/boxscore/8524,https://mkepanthers.com/sports/mens-soccer/stats/2017/wisconsin/boxscore/7582,2017-10-24-Milwaukee-Wisconsin,regular
sidearm-2017-10-24-William-&-Mary-Coastal-Carolina,2017-10-24,William & Mary,Coastal Carolina,false,false,1,1,home,final,,https://tribeathletics.com/sports/mens-soccer/stats/2017/coastal-carolina/boxscore/10086,,2017-10-24-Coastal-Carolina-William-&-Mary,regular
sidearm-2017-10-24-Cleveland-State-Cincinnati,2017-10-24,Cleveland State,Cincinnati,false,false,1,2,unknown,final,,https://csuvikings.com/sports/mens-soccer/stats/2017/cincinnati/boxscore/10114,,2017-10-24-Cincinnati-Cleveland-State,regular
sidearm-2017-10-24-Bowling-Green--Purdue-Fort-Wayne,2017-10-24,Bowling Green,Purdue Fort Wayne,false,false,1,2,away,final,,https://gomastodons.com/sports/mens-soccer/stats/2017/bowling-green/boxscore/11344,,2017-10-24-Bowling-Green-Purdue-Fort-Wayne,regular
sidearm-2017-10-24-Penn-West-Virginia,2017-10-24,Penn,West Virginia,false,false,0,1,home,final,,https://pennathletics.com/sports/mens-soccer/stats/2017/west-virginia/boxscore/6375,https://wvusports.com/sports/mens-soccer/stats/2017/penn/boxscore/3969,2017-10-24-Penn-West-Virginia,regular
sidearm-2017-10-24-Merrimack-College-Southern-N.H.,2017-10-24,Merrimack College,Southern N.H.,false,false,1,1,unknown,final,,https://merrimackathletics.com/sports/mens-soccer/stats/2017/southern-n-h-/boxscore/1917,,2017-10-24-Merrimack-College-Southern-N.H.,regular
sidearm-2017-10-24-Utah-Tech-Holy-Names,2017-10-24,Utah Tech,Holy Names,false,false,2,1,unknown,final,,https://utahtechtrailblazers.com/sports/mens-soccer/stats/2017/holy-names/boxscore/6976,,2017-10-24-Holy-Names-Utah-Tech,regular
sidearm-2017-10-24-Howard-Fairleigh-Dickinson-University,2017-10-24,Howard,Fairleigh Dickinson University,false,false,1,2,unknown,final,,https://hubison.com/sports/mens-soccer/stats/2017/fairleigh-dickinson-university/boxscore/5014,,2017-10-24-Fairleigh-Dickinson-University-Howard,regular
sidearm-2017-10-24-Le-Moyne-College-Adelphi-University,2017-10-24,Le Moyne College,Adelphi University,false,false,1,2,unknown,final,,https://lemoynedolphins.com/sports/mens-soccer/stats/2017/adelphi-university/boxscore/9103,,2017-10-24-Adelphi-University-Le-Moyne-College,regular
sidearm-2017-10-24-New-Haven-Saint-Michael's,2017-10-24,New Haven,Saint Michael's,false,false,2,1,unknown,final,,https://newhavenchargers.com/sports/mens-soccer/stats/2017/saint-michael-s/boxscore/7615,,2017-10-24-New-Haven-Saint-Michael's,regular
sidearm-2017-10-24-Stonehill-College-Assumption-University,2017-10-24,Stonehill College,Assumption University,false,false,3,2,unknown,final,,https://stonehillskyhawks.com/sports/mens-soccer/stats/2017/assumption-university/boxscore/2245,,2017-10-24-Assumption-University-Stonehill-College,regular
sidearm-2017-10-24-ETSU-Mercer,2017-10-24,ETSU,Mercer,false,false,1,0,home,final,,https://mercerbears.com/sports/mens-soccer/stats/2017/etsu/boxscore/3891,,2017-10-24-ETSU-Mercer,regular
sidearm-2017-10-24-Furman-Wofford,2017-10-24,Furman,Wofford,false,false,2,0,unknown,final,,https://furmanpaladins.com/sports/mens-soccer/stats/2017/wofford/boxscore/2435,https://athletics.wofford.edu/sports/mens-soccer/stats/2017/furman-university/boxscore/3960,2017-10-24-Furman-Wofford,regular
sidearm-2017-10-24-UNC-Greensboro-VMI,2017-10-24,UNC Greensboro,VMI,false,false,5,0,unknown,final,,https://uncgspartans.com/sports/mens-soccer/stats/2017/vmi/boxscore/5158,https://vmikeydets.com/sports/mens-soccer/stats/2017/uncg/boxscore/3889,2017-10-24-UNC-Greensboro-VMI,regular
sidearm-2017-10-24-St.-Thomas-Augsburg,2017-10-24,St. Thomas,Augsburg,false,false,2,0,home,final,,https://tommiesports.com/sports/msoc/stats/2017/augsburg/boxscore/4823,,2017-10-24-Augsburg-St.-Thomas,regular
sidearm-2017-10-25-Binghamton-Hofstra-University,2017-10-25,Binghamton,Hofstra,false,false,1,2,away,final,,https://bubearcats.com/sports/mens-soccer/stats/2017/hofstra-university/boxscore/8955,https://gohofstra.com/sports/mens-soccer/stats/2017/binghamton-university/boxscore/7947,2017-10-25-Binghamton-Hofstra,regular
sidearm-2017-10-25-FIU-Old-Dominion,2017-10-25,FIU,Old Dominion,false,false,3,1,away,final,https://odusports.com/sports/mens-soccer/schedule,https://fiusports.com/sports/mens-soccer/stats/2017/old-dominion/boxscore/7408,https://odusports.com/boxscore/9207,2017-10-25-FIU-Old-Dominion,regular
sidearm-2017-10-25-Bellarmine-University-of-Missouri---St.-Louis,2017-10-25,Bellarmine,University of Missouri - St. Louis,false,false,2,1,unknown,final,,https://athletics.bellarmine.edu/sports/mens-soccer/stats/2017/university-of-missouri-st-louis/boxscore/4700,,2017-10-25-Bellarmine-University-of-Missouri---St.-Louis,regular
sidearm-2017-10-25-Jacksonville-North-Florida,2017-10-25,Jacksonville,North Florida,false,false,1,2,away,final,,https://judolphins.com/sports/mens-soccer/stats/2017/north-florida/boxscore/1812,https://unfospreys.com/sports/mens-soccer/stats/2017/jacksonville/boxscore/12862,2017-10-25-Jacksonville-North-Florida,regular
sidearm-2017-10-25-Queens-Lander-University,2017-10-25,Queens,Lander University,false,false,3,2,unknown,final,,https://queensathletics.com/sports/mens-soccer/stats/2017/lander-university/boxscore/6092,,2017-10-25-Lander-University-Queens,regular
sidearm-2017-10-25-Butler-Seton-Hall,2017-10-25,Butler,Seton Hall,false,false,2,0,home,final,,https://butlersports.com/sports/mens-soccer/stats/2017/seton-hall/boxscore/5298,https://shupirates.com/sports/mens-soccer/stats/2017/butler/boxscore/2764,2017-10-25-Butler-Seton-Hall,regular
sidearm-2017-10-25-Marquette-Creighton,2017-10-25,Marquette,Creighton,false,false,4,3,away,final,,https://gocreighton.com/sports/mens-soccer/stats/2017/marquette/boxscore/8768,https://gomarquette.com/sports/mens-soccer/stats/2017/creighton/boxscore/2450,2017-10-25-Creighton-Marquette,regular
sidearm-2017-10-25-DePaul-Xavier,2017-10-25,DePaul,Xavier,false,false,0,2,home,final,,https://goxavier.com/sports/mens-soccer/stats/2017/depaul/boxscore/6854,,2017-10-25-DePaul-Xavier,regular
sidearm-2017-10-25-Georgetown-Providence,2017-10-25,Georgetown,Providence,false,false,0,0,home,final,,https://friars.com/sports/mens-soccer/stats/2017/georgetown/boxscore/2533,,2017-10-25-Georgetown-Providence,regular
sidearm-2017-10-25-St.-John's-Villanova,2017-10-25,St. John's,Villanova,false,false,2,1,home,final,,https://redstormsports.com/sports/mens-soccer/stats/2017/villanova/boxscore/2675,https://villanova.com/sports/mens-soccer/stats/2017/st-john-s/boxscore/4104,2017-10-25-St.-John's-Villanova,regular
sidearm-2017-10-25-Campbell-Gardner-Webb,2017-10-25,Campbell,Gardner-Webb,false,false,1,1,away,final,,https://gwusports.com/sports/mens-soccer/stats/2017/campbell/boxscore/4866,https://gocamels.com/sports/mens-soccer/stats/2017/gardner-webb/boxscore/2104,2017-10-25-Campbell-Gardner-Webb,regular
sidearm-2017-10-25-High-Point-Liberty,2017-10-25,High Point,Liberty,false,false,2,0,away,final,,https://highpointpanthers.com/sports/mens-soccer/stats/2017/liberty/boxscore/10568,https://libertyflames.com/sports/mens-soccer/stats/2017/high-point/boxscore/10960,2017-10-25-High-Point-Liberty,regular
sidearm-2017-10-25-Longwood-Radford,2017-10-25,Longwood,Radford,false,false,1,1,home,final,,https://longwoodlancers.com/sports/mens-soccer/stats/2017/radford/boxscore/5829,https://radfordathletics.com/sports/mens-soccer/stats/2017/longwood/boxscore/8727,2017-10-25-Longwood-Radford,regular
sidearm-2017-10-25-Winthrop-UNC-Asheville,2017-10-25,Winthrop,UNC Asheville,false,false,0,1,away,final,,https://uncabulldogs.com/sports/mens-soccer/stats/2017/winthrop/boxscore/3687,https://winthropeagles.com/sports/mens-soccer/stats/2017/unc-asheville/boxscore/19342,2017-10-25-UNC-Asheville-Winthrop,regular
sidearm-2017-10-25-Michigan-Detroit,2017-10-25,Michigan,Detroit,false,false,1,0,home,final,,https://mgoblue.com/sports/mens-soccer/stats/2017/detroit/boxscore/10816,,2017-10-25-Detroit-Michigan,regular
sidearm-2017-10-25-Kentucky-Ohio-State,2017-10-25,Kentucky,Ohio State,false,false,1,0,away,final,https://ukathletics.com/sports/msoc/schedule/2017,,,2017-10-25-Kentucky-Ohio-State,regular
wmt-2017-10-25-James-Madison-Penn-State,2017-10-25,James Madison,Penn State,false,false,1,2,away,final,https://gopsusports.com/sports/mens-soccer/schedule,https://gopsusports.com/boxscore/6102,https://jmusports.com/sports/mens-soccer/stats/2017/penn-state/boxscore/13928,2017-10-25-James-Madison-Penn-State,regular
sidearm-2017-10-25-Rutgers-Columbia,2017-10-25,Rutgers,Columbia University,false,false,2,0,home,final,,https://scarletknights.com/sports/mens-soccer/stats/2017/columbia/boxscore/4650,https://gocolumbialions.com/sports/mens-soccer/stats/2017/rutgers/boxscore/7153,2017-10-25-Columbia-University-Rutgers,regular
sidearm-2017-10-25-Cal-State-Fullerton-CSUN,2017-10-25,Cal State Fullerton,CSUN,false,false,1,0,unknown,final,,https://fullertontitans.com/sports/mens-soccer/stats/2017/csun/boxscore/2772,,2017-10-25-CSUN-Cal-State-Fullerton,regular
sidearm-2017-10-25-Sacramento-State-UC-Santa-Barbara,2017-10-25,Sacramento State,UC Santa Barbara,false,false,0,0,unknown,final,,https://hornetsports.com/sports/mens-soccer/stats/2017/uc-santa-barbara/boxscore/1883,https://ucsbgauchos.com/sports/mens-soccer/stats/2017/sacramento-state/boxscore/2155,2017-10-25-Sacramento-State-UC-Santa-Barbara,regular
sidearm-2017-10-25-UC-Riverside-UC-Irvine,2017-10-25,UC Riverside,UC Irvine,false,false,2,1,away,final,,https://ucirvinesports.com/sports/mens-soccer/stats/2017/uc-riverside/boxscore/4711,https://gohighlanders.com/sports/mens-soccer/stats/2017/uc-irvine/boxscore/11464,2017-10-25-UC-Irvine-UC-Riverside,regular
sidearm-2017-10-25-Monmouth-Fairfield,2017-10-25,Monmouth,Fairfield,false,false,1,2,unknown,final,,https://monmouthhawks.com/sports/mens-soccer/stats/2017/fairfield/boxscore/5075,https://fairfieldstags.com/sports/mens-soccer/stats/2017/monmouth/boxscore/5405,2017-10-25-Fairfield-Monmouth,regular
sidearm-2017-10-25-Detroit-Mercy-Michigan,2017-10-25,Detroit Mercy,Michigan,false,false,0,1,unknown,final,,https://detroittitans.com/sports/mens-soccer/stats/2017/michigan/boxscore/3914,,2017-10-25-Detroit-Mercy-Michigan,regular
sidearm-2017-10-25-IU-Indy-Eastern-Illinois,2017-10-25,IU Indy,Eastern Illinois,false,false,1,1,unknown,final,,https://iuindyjags.com/sports/mens-soccer/stats/2017/eastern-illinois/boxscore/6206,,2017-10-25-Eastern-Illinois-IU-Indy,regular
sidearm-2017-10-25-Canisius-Marist,2017-10-25,Canisius,Marist,false,false,4,2,home,final,,https://gogriffs.com/sports/mens-soccer/stats/2017/marist/boxscore/5583,https://goredfoxes.com/sports/mens-soccer/stats/2017/canisius-college/boxscore/8269,2017-10-25-Canisius-Marist,regular
sidearm-2017-10-25-Iona-Rider-(S),2017-10-25,Iona,Rider University,false,false,1,2,unknown,final,,https://ionagaels.com/sports/mens-soccer/stats/2017/riders-/boxscore/7854,https://gobroncs.com/sports/mens-soccer/stats/2017/iona-college/boxscore/4357,2017-10-25-Iona-Rider-University,regular
sidearm-2017-10-25-Manhattan-Niagara,2017-10-25,Manhattan,Niagara,false,false,1,0,home,final,,https://gojaspers.com/sports/mens-soccer/stats/2017/niagara/boxscore/5079,,2017-10-25-Manhattan-Niagara,regular
sidearm-2017-10-25-Siena-Quinnipiac,2017-10-25,Siena,Quinnipiac,false,false,0,2,away,final,,https://gobobcats.com/sports/mens-soccer/stats/2017/siena/boxscore/8300,,2017-10-25-Quinnipiac-Siena,regular
sidearm-2017-10-25-UC-Davis-Cal-Poly,2017-10-25,UC Davis,Cal Poly,false,false,2,1,home,final,,https://ucdavisaggies.com/sports/mens-soccer/stats/2017/cal-poly/boxscore/3580,https://gopoly.com/sports/mens-soccer/stats/2017/uc-davis/boxscore/1610,2017-10-25-Cal-Poly-UC-Davis,regular
sidearm-2017-10-25-Mercyhurst-California-University-of-Pennsylvania,2017-10-25,Mercyhurst,California University of Pennsylvania,false,false,2,1,unknown,final,,https://hurstathletics.com/sports/mens-soccer/stats/2017/california-university-of-pennsylvania/boxscore/9383,,2017-10-25-California-University-of-Pennsylvania-Mercyhurst,regular
sidearm-2017-10-25-Eastern-Illinois-IUPUI,2017-10-25,Eastern Illinois,IUPUI,false,false,1,1,unknown,final,,https://eiupanthers.com/sports/mens-soccer/stats/2017/iupui/boxscore/6372,,2017-10-25-Eastern-Illinois-IUPUI,regular
sidearm-2017-10-25-University-of-Southern-Indiana-McKendree-University,2017-10-25,University of Southern Indiana,McKendree University,false,false,2,1,unknown,final,,https://gousieagles.com/sports/mens-soccer/stats/2017/mckendree-university/boxscore/3773,,2017-10-25-McKendree-University-University-of-Southern-Indiana,regular
sidearm-2017-10-25-American-Loyola-(Md.),2017-10-25,American,Loyola (Md.),false,false,1,4,unknown,final,,https://aueagles.com/sports/mens-soccer/stats/2017/loyola-md-/boxscore/1623,,2017-10-25-American-Loyola-(Md.),regular
sidearm-2017-10-25-Army-Boston-University,2017-10-25,Army,Boston University,false,false,1,3,home,final,,https://goarmywestpoint.com/sports/mens-soccer/stats/2017/boston-university/boxscore/9982,https://goterriers.com/sports/mens-soccer/stats/2017/army-west-point/boxscore/7040,2017-10-25-Army-Boston-University,regular
sidearm-2017-10-25-Lafayette-Navy,2017-10-25,Lafayette,Navy,false,false,3,2,home,final,,https://navysports.com/sports/mens-soccer/stats/2017/lafayette/boxscore/6128,,2017-10-25-Lafayette-Navy,regular
sidearm-2017-10-25-Lehigh-Bucknell,2017-10-25,Lehigh,Bucknell,false,false,1,2,home,final,,https://lehighsports.com/sports/mens-soccer/stats/2017/bucknell/boxscore/10544,,2017-10-25-Bucknell-Lehigh,regular
sidearm-2017-10-25-Loyola-University-Maryland-American,2017-10-25,Loyola University Maryland,American,false,false,4,1,away,final,,https://loyolagreyhounds.com/sports/mens-soccer/stats/2017/american/boxscore/4724,,2017-10-25-American-Loyola-University-Maryland,regular
sidearm-2017-10-25-New-Mexico-Denver,2017-10-25,New Mexico,Denver,false,false,0,0,away,final,,https://denverpioneers.com/sports/mens-soccer/stats/2017/new-mexico/boxscore/2450,,2017-10-25-Denver-New-Mexico,regular
wmt-2017-10-26-Oregon-State-UCLA,2017-10-26,UCLA,Oregon State,false,false,5,0,home,final,https://uclabruins.com/sports/mens-soccer/schedule,https://uclabruins.com/boxscore/5180,https://osubeavers.com/sports/mens-soccer/stats/2017/ucla/boxscore/9109,2017-10-26-Oregon-State-UCLA,regular
sidearm-2017-10-26-San-Diego-State-Washington,2017-10-26,San Diego State,Washington,false,true,0,1,away,final,https://goaztecs.com/sports/mens-soccer/schedule,https://gohuskies.com/sports/mens-soccer/stats/2017/san-diego-state/boxscore/13175,,2017-10-26-San-Diego-State-Washington,regular
sidearm-2017-10-26-Utah-Tech-Fresno-Pacific,2017-10-26,Utah Tech,Fresno Pacific,false,false,1,3,unknown,final,,https://utahtechtrailblazers.com/sports/mens-soccer/stats/2017/fresno-pacific/boxscore/6979,,2017-10-26-Fresno-Pacific-Utah-Tech,regular
sidearm-2017-10-26-Houston-Christian-UT-Rio-Grande-Valley,2017-10-26,Houston Christian,UT Rio Grande Valley,false,false,1,3,away,final,,https://hcuhuskies.com/sports/mens-soccer/stats/2017/ut-rio-grande-valley/boxscore/3292,,2017-10-26-Houston-Christian-UT-Rio-Grande-Valley,regular
sidearm-2017-10-26-UTRGV-Houston-Baptist,2017-10-26,UTRGV,Houston Baptist,false,false,3,1,unknown,final,,https://goutrgv.com/sports/mens-soccer/stats/2017/houston-baptist/boxscore/24336,,2017-10-26-Houston-Baptist-UTRGV,regular
sidearm-2017-10-26-California-Baptist-Holy-Names,2017-10-26,California Baptist,Holy Names,false,false,4,0,home,final,,https://cbulancers.com/sports/mens-soccer/stats/2017/holy-names/boxscore/7956,,2017-10-26-California-Baptist-Holy-Names,regular
sidearm-2017-10-26-UC-San-Diego-Cal-State-East-Bay,2017-10-26,UC San Diego,Cal State East Bay,false,false,4,1,unknown,final,,https://ucsdtritons.com/sports/mens-soccer/stats/2017/cal-state-east-bay/boxscore/6240,,2017-10-26-Cal-State-East-Bay-UC-San-Diego,regular
sidearm-2017-10-27-No.-22-NC-State-Boston-College,2017-10-27,NC State,Boston College,true,false,0,0,away,final,,https://bceagles.com/sports/mens-soccer/stats/2017/nc-state/boxscore/15117,https://gopack.com/sports/mens-soccer/stats/2017/boston-college/boxscore/11371,2017-10-27-Boston-College-NC-State,regular
wmt-2017-10-27-Clemson-Louisville,2017-10-27,Clemson,Louisville,true,false,1,2,home,final,https://clemsontigers.com/sports/mens-soccer/schedule,https://clemsontigers.com/boxscore/3722,https://gocards.com/sports/mens-soccer/stats/2017/clemson/boxscore/14001,2017-10-27-Clemson-Louisville,regular
sidearm-2017-10-27-Duke-Virginia,2017-10-27,Duke,Virginia,false,false,1,0,home,final,https://virginiasports.com/sports/msoc/schedule,https://goduke.com/sports/mens-soccer/stats/2017/virginia/boxscore/1183,https://virginiasports.com/boxscore/4873,2017-10-27-Duke-Virginia,regular
wmt-2017-10-27-North-Carolina-Notre-Dame,2017-10-27,North Carolina,Notre Dame,true,false,3,0,away,final,https://fightingirish.com/sports/msoc/schedule,https://fightingirish.com/boxscore/12743,https://goheels.com/sports/mens-soccer/stats/2017/notre-dame/boxscore/15029,2017-10-27-North-Carolina-Notre-Dame,regular
sidearm-2017-10-27-Wake-Forest--Syracuse,2017-10-27,Wake Forest,Syracuse,false,false,0,0,away,final,,https://cuse.com/sports/mens-soccer/stats/2017/wake-forest/boxscore/7958,,2017-10-27-Syracuse-Wake-Forest,regular
wmt-2017-10-27-Pittsburgh-Virginia-Tech,2017-10-27,Pittsburgh,Virginia Tech,false,false,0,3,away,final,https://hokiesports.com/sports/mens-soccer/schedule,https://hokiesports.com/boxscore/10291,,2017-10-27-Pittsburgh-Virginia-Tech,regular
sidearm-2017-10-27-Bryant-Long-Island,2017-10-27,Bryant,Long Island,false,false,0,1,unknown,final,,https://bryantbulldogs.com/sports/mens-soccer/stats/2017/long-island/boxscore/7038,,2017-10-27-Bryant-Long-Island,regular
sidearm-2017-10-27-#25-West-Virginia-Akron,2017-10-27,West Virginia,Akron,true,false,0,4,away,final,,https://gozips.com/sports/mens-soccer/stats/2017/west-virginia/boxscore/5255,https://wvusports.com/sports/mens-soccer/stats/2017/akron/boxscore/3970,2017-10-27-Akron-West-Virginia,regular
sidearm-2017-10-27-Utah-Valley-UNLV,2017-10-27,Utah Valley,UNLV,false,false,3,2,unknown,final,,https://wolverinegreen.com/sports/mens-soccer/stats/2017/unlv/boxscore/6047,,2017-10-27-UNLV-Utah-Valley,regular
sidearm-2017-10-27-Merrimack-College-Assumption,2017-10-27,Merrimack College,Assumption,false,false,1,0,unknown,final,,https://merrimackathletics.com/sports/mens-soccer/stats/2017/assumption/boxscore/1918,,2017-10-27-Assumption-Merrimack-College,regular
sidearm-2017-10-27-Saint-Francis-U-Sacred-Heart,2017-10-27,Saint Francis U,Sacred Heart,false,false,2,0,away,final,,https://sacredheartpioneers.com/sports/mens-soccer/stats/2017/saint-francis-u/boxscore/3436,,2017-10-27-Sacred-Heart-Saint-Francis-U,regular
sidearm-2017-10-27-San-Jose-State-Air-Force,2017-10-27,San Jose State,Air Force,false,true,0,4,away,final,https://sjsuspartans.com/sports/mens-soccer/schedule,https://storage.googleapis.com/san-jose-state-prod/2023/06/28/56PB2n8bvz6xFsdEWUB2fezDMcs91J6qRbVzJNpE.pdf,,2017-10-27-Air-Force-San-Jose-State,regular
sidearm-2017-10-27-Grand-Canyon-#22-Seattle-U,2017-10-27,Grand Canyon,Seattle,false,true,1,1,home,final,https://goseattleu.com/sports/mens-soccer/schedule,https://gculopes.com/sports/mens-soccer/stats/2017/seattle-u/boxscore/9371,https://goseattleu.com/boxscore/2262,2017-10-27-Grand-Canyon-Seattle,regular
sidearm-2017-10-27-Le-Moyne-College-Bentley-University,2017-10-27,Le Moyne College,Bentley University,false,false,1,2,unknown,final,,https://lemoynedolphins.com/sports/mens-soccer/stats/2017/bentley-university/boxscore/9109,,2017-10-27-Bentley-University-Le-Moyne-College,regular
sidearm-2017-10-27-New-Haven-Saint-Rose,2017-10-27,New Haven,Saint Rose,false,false,1,3,unknown,final,,https://newhavenchargers.com/sports/mens-soccer/stats/2017/saint-rose/boxscore/7616,,2017-10-27-New-Haven-Saint-Rose,regular
sidearm-2017-10-27-Stonehill-College-Franklin-Pierce-University,2017-10-27,Stonehill College,Franklin Pierce University,false,false,1,3,unknown,final,,https://stonehillskyhawks.com/sports/mens-soccer/stats/2017/franklin-pierce-university/boxscore/2246,,2017-10-27-Franklin-Pierce-University-Stonehill-College,regular
sidearm-2017-10-27-Gonzaga-San-Francisco,2017-10-27,Gonzaga,San Francisco,false,false,1,3,home,final,,https://usfdons.com/sports/mens-soccer/stats/2017/gonzaga/boxscore/4674,,2017-10-27-Gonzaga-San-Francisco,regular
sidearm-2017-10-27-CSU-Bakersfield-Kansas-City,2017-10-27,CSU Bakersfield,Kansas City,false,false,2,1,away,final,,,,2017-10-27-CSU-Bakersfield-Kansas-City,regular
sidearm-2017-10-27-Loyola-Marymount-Saint-Mary's,2017-10-27,Loyola Marymount,Saint Mary's,false,false,0,5,away,final,,,,2017-10-27-Loyola-Marymount-Saint-Mary's,regular
sidearm-2017-10-27-Pacific-San-Diego,2017-10-27,Pacific,San Diego,false,false,3,1,home,final,,https://pacifictigers.com/sports/mens-soccer/stats/2017/san-diego/boxscore/1899,,2017-10-27-Pacific-San-Diego,regular
sidearm-2017-10-27-Portland-Santa-Clara,2017-10-27,Portland,Santa Clara,false,false,1,0,home,final,,https://portlandpilots.com/boxscore.aspx?id=13253,https://santaclarabroncos.com/sports/mens-soccer/stats/2017/portland/boxscore/2692,2017-10-27-Portland-Santa-Clara,regular
sidearm-2017-10-28-Binghamton-University-of-Vermont,2017-10-28,Binghamton,Vermont,false,false,0,2,away,final,,https://bubearcats.com/sports/mens-soccer/stats/2017/university-of-vermont/boxscore/8956,https://uvmathletics.com/sports/mens-soccer/stats/2017/binghamton/boxscore/2547,2017-10-28-Binghamton-Vermont,regular
sidearm-2017-10-28-Massachusetts-Lowell-New-Hampshire,2017-10-28,Massachusetts Lowell,New Hampshire,false,false,1,0,away,final,,https://unhwildcats.com/sports/mens-soccer/stats/2017/massachusetts-lowell/boxscore/5494,,2017-10-28-Massachusetts-Lowell-New-Hampshire,regular
sidearm-2017-10-28-NJIT-FGCU,2017-10-28,NJIT,FGCU,false,false,,,unknown,postponed,,,,2017-10-28-FGCU-NJIT,regular
sidearm-2017-10-28-UMass-Lowell-#17-New-Hampshire,2017-10-28,UMass Lowell,New Hampshire,false,true,1,0,home,final,,https://goriverhawks.com/sports/mens-soccer/stats/2017/new-hampshire/boxscore/5063,,2017-10-28-New-Hampshire-UMass-Lowell,regular
sidearm-2017-10-28-UMBC-Hartford,2017-10-28,UMBC,Hartford,false,false,0,1,unknown,final,,https://umbcretrievers.com/sports/mens-soccer/stats/2017/hartford/boxscore/2045,,2017-10-28-Hartford-UMBC,regular
sidearm-2017-10-28-New-Mexico-Charlotte,2017-10-28,New Mexico,Charlotte,false,false,0,0,away,final,,https://charlotte49ers.com/sports/mens-soccer/stats/2017/new-mexico/boxscore/7530,,2017-10-28-Charlotte-New-Mexico,regular
sidearm-2017-10-28-UConn-Memphis,2017-10-28,UConn,Memphis,false,false,1,2,away,final,,https://gotigersgo.com/sports/mens-soccer/stats/2017/uconn/boxscore/10731,,2017-10-28-Memphis-UConn,regular
sidearm-2017-10-28-Missouri-State-Loyola-Chicago,2017-10-28,Missouri State,Loyola Chicago,false,false,1,2,home,final,,https://missouristatebears.com/sports/mens-soccer/stats/2017/loyola-chicago/boxscore/3485,https://loyolaramblers.com/sports/mens-soccer/stats/2017/missouri-state/boxscore/4150,2017-10-28-Loyola-Chicago-Missouri-State,regular
sidearm-2017-10-28-UCF-Temple-University,2017-10-28,UCF,Temple University,false,false,1,0,away,final,https://ucfknights.com/sports/mens-soccer/schedule,https://owlsports.com/sports/mens-soccer/stats/2017/ucf/boxscore/6591,https://ucfknights.com/boxscore/3237,2017-10-28-Temple-University-UCF,regular
sidearm-2017-10-28-Tulsa-Cincinnati,2017-10-28,Tulsa,Cincinnati,false,false,1,0,home,final,,https://tulsahurricane.com/sports/mens-soccer/stats/2017/cincinnati/boxscore/8332,,2017-10-28-Cincinnati-Tulsa,regular
sidearm-2017-10-28-Marshall-UAB,2017-10-28,Marshall,UAB,false,false,2,1,away,final,,https://uabsports.com/sports/mens-soccer/stats/2017/marshall/boxscore/3377,,2017-10-28-Marshall-UAB,regular
sidearm-2017-10-28-Central-Arkansas-Bradley-University,2017-10-28,Central Arkansas,Bradley University,false,false,0,3,unknown,final,,https://ucasports.com/sports/mens-soccer/stats/2017/bradley-university/boxscore/3069,,2017-10-28-Bradley-University-Central-Arkansas,regular
sidearm-2017-10-28-Jacksonville-Lipscomb,2017-10-28,Jacksonville,Lipscomb,false,false,3,1,home,final,,https://judolphins.com/sports/mens-soccer/stats/2017/lipscomb/boxscore/1813,https://lipscombsports.com/sports/mens-soccer/stats/2017/jacksonville/boxscore/8006,2017-10-28-Jacksonville-Lipscomb,regular
sidearm-2017-10-28-North-Florida-USC-Upstate,2017-10-28,North Florida,USC Upstate,false,false,2,1,home,final,,https://unfospreys.com/sports/mens-soccer/stats/2017/usc-upstate/boxscore/12863,https://upstatespartans.com/sports/mens-soccer/stats/2017/north-florida/boxscore/1425,2017-10-28-North-Florida-USC-Upstate,regular
sidearm-2017-10-28-Dayton-Duquesne,2017-10-28,Dayton,Duquesne,false,false,1,0,away,final,,https://daytonflyers.com/sports/mens-soccer/stats/2017/duquesne/boxscore/6601,https://goduquesne.com/sports/mens-soccer/stats/2017/dayton/boxscore/1774,2017-10-28-Dayton-Duquesne,regular
sidearm-2017-10-28-Fordham-Saint-Louis,2017-10-28,Fordham,Saint Louis,false,false,1,2,unknown,final,,https://fordhamsports.com/sports/mens-soccer/stats/2017/saint-louis/boxscore/6285,https://slubillikens.com/sports/mens-soccer/stats/2017/fordham/boxscore/6564,2017-10-28-Fordham-Saint-Louis,regular
sidearm-2017-10-28-Saint-Joseph's-George-Washington,2017-10-28,Saint Joseph's,George Washington,false,false,1,3,away,final,,https://gwsports.com/sports/mens-soccer/stats/2017/saint-joseph-s/boxscore/4142,https://sjuhawks.com/sports/mens-soccer/stats/2017/george-washington/boxscore/2574,2017-10-28-George-Washington-Saint-Joseph's,regular
sidearm-2017-10-28-La-Salle-St.-Bonaventure,2017-10-28,La Salle,St. Bonaventure,false,false,1,2,away,final,,https://goexplorers.com/sports/mens-soccer/stats/2017/st-bonaventure/boxscore/6809,https://gobonnies.com/sports/mens-soccer/stats/2017/la-salle/boxscore/1847,2017-10-28-La-Salle-St.-Bonaventure,regular
sidearm-2017-10-28-Rhode-Island-VCU,2017-10-28,Rhode Island,VCU,false,false,1,2,unknown,final,,https://gorhody.com/sports/mens-soccer/stats/2017/vcu/boxscore/2818,https://vcuathletics.com/sports/mens-soccer/stats/2017/rhode-island/boxscore/1723,2017-10-28-Rhode-Island-VCU,regular
sidearm-2017-10-28-Butler-Marquette,2017-10-28,Butler,Marquette,false,false,2,1,away,final,,https://butlersports.com/sports/mens-soccer/stats/2017/marquette/boxscore/5299,https://gomarquette.com/sports/mens-soccer/stats/2017/butler/boxscore/2451,2017-10-28-Butler-Marquette,regular
sidearm-2017-10-28-Creighton-DePaul,2017-10-28,Creighton,DePaul,false,false,2,0,home,final,,https://gocreighton.com/sports/mens-soccer/stats/2017/depaul/boxscore/8769,,2017-10-28-Creighton-DePaul,regular
sidearm-2017-10-28-Georgetown-St.-John's,2017-10-28,Georgetown,St. John's,true,false,0,1,away,final,,https://redstormsports.com/sports/mens-soccer/stats/2017/no-10-georgetown/boxscore/2676,,2017-10-28-Georgetown-St.-John's,regular
sidearm-2017-10-28-Villanova-Providence,2017-10-28,Villanova,Providence,false,false,1,2,away,final,,https://friars.com/sports/mens-soccer/stats/2017/villanova/boxscore/2534,https://villanova.com/sports/mens-soccer/stats/2017/providence/boxscore/4105,2017-10-28-Providence-Villanova,regular
sidearm-2017-10-28-Xavier-Seton-Hall,2017-10-28,Xavier,Seton Hall,false,false,3,2,away,final,,https://shupirates.com/sports/mens-soccer/stats/2017/xavier/boxscore/2765,https://goxavier.com/sports/mens-soccer/stats/2017/seton-hall/boxscore/6855,2017-10-28-Seton-Hall-Xavier,regular
sidearm-2017-10-28-Gardner-Webb-Longwood,2017-10-28,Gardner-Webb,Longwood,false,false,2,1,home,final,,https://gwusports.com/sports/mens-soccer/stats/2017/longwood/boxscore/4867,https://longwoodlancers.com/sports/mens-soccer/stats/2017/gardner-webb/boxscore/5830,2017-10-28-Gardner-Webb-Longwood,regular
sidearm-2017-10-28-High-Point-Presbyterian-College,2017-10-28,High Point,Presbyterian,false,false,1,0,away,final,,https://highpointpanthers.com/sports/mens-soccer/stats/2017/presbyterian-college/boxscore/10569,,2017-10-28-High-Point-Presbyterian,regular
sidearm-2017-10-28-Winthrop-Liberty,2017-10-28,Winthrop,Liberty,false,false,0,1,home,final,,https://winthropeagles.com/sports/mens-soccer/stats/2017/liberty/boxscore/19343,https://libertyflames.com/sports/mens-soccer/stats/2017/winthrop/boxscore/10961,2017-10-28-Liberty-Winthrop,regular
sidearm-2017-10-28-Cal-State-Fullerton-UC-Irvine,2017-10-28,Cal State Fullerton,UC Irvine,false,false,1,2,away,final,,https://fullertontitans.com/sports/mens-soccer/stats/2017/uc-irvine/boxscore/2773,https://ucirvinesports.com/sports/mens-soccer/stats/2017/cal-state-fullerton/boxscore/4712,2017-10-28-Cal-State-Fullerton-UC-Irvine,regular
sidearm-2017-10-28-UC-Santa-Barbara-Cal-Poly,2017-10-28,UC Santa Barbara,Cal Poly,false,false,1,4,home,final,,https://ucsbgauchos.com/sports/mens-soccer/stats/2017/cal-poly/boxscore/2156,https://gopoly.com/sports/mens-soccer/stats/2017/uc-santa-barbara/boxscore/1611,2017-10-28-Cal-Poly-UC-Santa-Barbara,regular
sidearm-2017-10-28-Charleston-William-&-Mary,2017-10-28,Charleston,William & Mary,false,false,1,1,home,final,,https://cofcsports.com/sports/mens-soccer/stats/2017/william-mary/boxscore/7260,https://tribeathletics.com/sports/mens-soccer/stats/2017/charleston/boxscore/10087,2017-10-28-Charleston-William-&-Mary,regular
sidearm-2017-10-28-James-Madison-Drexel,2017-10-28,James Madison,Drexel,false,false,1,0,away,final,,https://drexeldragons.com/sports/mens-soccer/stats/2017/james-madison/boxscore/5839,https://jmusports.com/sports/mens-soccer/stats/2017/drexel/boxscore/13929,2017-10-28-Drexel-James-Madison,regular
sidearm-2017-10-28-Monmouth-Quinnipiac,2017-10-28,Monmouth,Quinnipiac,false,false,1,0,away,final,,https://monmouthhawks.com/sports/mens-soccer/stats/2017/quinnipiac/boxscore/5076,https://gobobcats.com/sports/mens-soccer/stats/2017/monmouth/boxscore/8301,2017-10-28-Monmouth-Quinnipiac,regular
sidearm-2017-10-28-Northeastern-UNCW,2017-10-28,Northeastern,UNC Wilmington,false,false,0,1,unknown,final,,https://nuhuskies.com/sports/mens-soccer/stats/2017/uncw/boxscore/7583,,2017-10-28-Northeastern-UNC-Wilmington,regular
sidearm-2017-10-28-Stony-Brook-Albany,2017-10-28,Stony Brook,Albany,false,false,0,0,unknown,final,,https://stonybrookathletics.com/sports/mens-soccer/stats/2017/albany/boxscore/7775,,2017-10-28-Albany-Stony-Brook,regular
sidearm-2017-10-28-Cleveland-State-Wright-State,2017-10-28,Cleveland State,Wright State,false,false,2,1,away,final,,https://csuvikings.com/sports/mens-soccer/stats/2017/wright-state/boxscore/10115,https://wsuraiders.com/sports/mens-soccer/stats/2017/cleveland-state/boxscore/4226,2017-10-28-Cleveland-State-Wright-State,regular
sidearm-2017-10-28-Detroit-Mercy-Northern-Kentucky,2017-10-28,Detroit Mercy,Northern Kentucky,false,false,0,1,away,final,,https://detroittitans.com/sports/mens-soccer/stats/2017/northern-kentucky/boxscore/3915,https://nkunorse.com/sports/mens-soccer/stats/2017/detroit-mercy/boxscore/4006,2017-10-28-Detroit-Mercy-Northern-Kentucky,regular
sidearm-2017-10-28-IU-Indy-Milwaukee,2017-10-28,IU Indy,Milwaukee,false,false,0,3,home,final,,https://iuindyjags.com/sports/mens-soccer/stats/2017/milwaukee/boxscore/6152,,2017-10-28-IU-Indy-Milwaukee,regular
sidearm-2017-10-28-Milwaukee-IUPUI,2017-10-28,Milwaukee,IUPUI,false,false,3,0,unknown,final,,https://mkepanthers.com/sports/mens-soccer/stats/2017/iupui/boxscore/7675,,2017-10-28-IUPUI-Milwaukee,regular
sidearm-2017-10-28-Oakland-UIC,2017-10-28,Oakland,UIC,false,false,0,1,home,final,,https://uicflames.com/sports/mens-soccer/stats/2017/oakland/boxscore/10493,,2017-10-28-Oakland-UIC,regular
sidearm-2017-10-28-Brown-Penn,2017-10-28,Brown,Penn,false,false,2,1,home,final,,https://brownbears.com/sports/mens-soccer/stats/2017/penn/boxscore/2371,https://pennathletics.com/sports/mens-soccer/stats/2017/brown/boxscore/6384,2017-10-28-Brown-Penn,regular
sidearm-2017-10-28-Cornell-Princeton-University,2017-10-28,Cornell,Princeton,false,false,1,2,away,final,,https://cornellbigred.com/sports/mens-soccer/stats/2017/princeton-university/boxscore/24097,https://goprincetontigers.com/sports/mens-soccer/stats/2017/cornell/boxscore/12429,2017-10-28-Cornell-Princeton,regular
sidearm-2017-10-28-Harvard-Dartmouth-College,2017-10-28,Harvard,Dartmouth College,false,true,0,1,away,final,,https://dartmouthsports.com/sports/mens-soccer/stats/2017/harvard/boxscore/8028,https://gocrimson.com/sports/mens-soccer/stats/2017/no-19-20-dartmouth/boxscore/10883,2017-10-28-Dartmouth-College-Harvard,regular
sidearm-2017-10-28-Canisius-Iona,2017-10-28,Canisius,Iona,false,false,0,0,away,final,,https://gogriffs.com/sports/mens-soccer/stats/2017/iona/boxscore/5584,https://ionagaels.com/sports/mens-soccer/stats/2017/canisius/boxscore/7855,2017-10-28-Canisius-Iona,regular
sidearm-2017-10-28-Fairfield-Niagara,2017-10-28,Fairfield,Niagara,false,false,2,1,away,final,,https://fairfieldstags.com/sports/mens-soccer/stats/2017/niagara/boxscore/5406,,2017-10-28-Fairfield-Niagara,regular
sidearm-2017-10-28-Marist-Rider-University,2017-10-28,Marist,Rider University,false,false,0,0,away,final,,https://goredfoxes.com/sports/mens-soccer/stats/2017/rider-university/boxscore/8270,https://gobroncs.com/sports/mens-soccer/stats/2017/marist-college/boxscore/4358,2017-10-28-Marist-Rider-University,regular
sidearm-2017-10-28-Saint-Peter's-Siena,2017-10-28,Saint Peter's,Siena,false,false,3,1,away,final,,https://saintpeterspeacocks.com/sports/mens-soccer/stats/2017/siena/boxscore/890,,2017-10-28-Saint-Peter's-Siena,regular
sidearm-2017-10-28-Belmont-University-Green-Bay,2017-10-28,Belmont University,Green Bay,false,false,0,1,unknown,final,,https://belmontbruins.com/sports/mens-soccer/stats/2017/green-bay/boxscore/1531,,2017-10-28-Belmont-University-Green-Bay,regular
sidearm-2017-10-28-Drake-Evansville,2017-10-28,Drake,University of Evansville,false,false,1,0,unknown,final,,https://godrakebulldogs.com/sports/mens-soccer/stats/2017/evansville/boxscore/7428,https://gopurpleaces.com/sports/mens-soccer/stats/2017/drake/boxscore/8183,2017-10-28-Drake-University-of-Evansville,regular
sidearm-2017-10-28-Western-Michigan-Southern-Illinois-University-Edwardsville,2017-10-28,Western Michigan,Southern Illinois University Edwardsville,false,false,1,0,unknown,final,,https://wmubroncos.com/sports/mens-soccer/stats/2017/southern-illinois-university-edwardsville/boxscore/6731,,2017-10-28-Southern-Illinois-University-Edwardsville-Western-Michigan,regular
sidearm-2017-10-28-Utah-Tech-Concordia-Irvine,2017-10-28,Utah Tech,Concordia-Irvine,false,false,3,4,unknown,final,,https://utahtechtrailblazers.com/sports/mens-soccer/stats/2017/concordia-irvine/boxscore/6980,,2017-10-28-Concordia-Irvine-Utah-Tech,regular
sidearm-2017-10-28-Howard-Georgia-Southern-University,2017-10-28,Howard,Georgia Southern,false,false,2,4,home,final,,https://hubison.com/sports/mens-soccer/stats/2017/georgia-southern-university/boxscore/5015,https://gseagles.com/sports/mens-soccer/stats/2017/howard/boxscore/5108,2017-10-28-Georgia-Southern-Howard,regular
sidearm-2017-10-28-Mercyhurst-East-Stroudsburg-University,2017-10-28,Mercyhurst,East Stroudsburg University,false,false,1,3,unknown,final,,https://hurstathletics.com/sports/mens-soccer/stats/2017/east-stroudsburg-university/boxscore/9384,,2017-10-28-East-Stroudsburg-University-Mercyhurst,regular
sidearm-2017-10-28-Western-Illinois-Oral-Roberts,2017-10-28,Western Illinois,Oral Roberts,false,false,1,0,unknown,final,,https://goleathernecks.com/sports/mens-soccer/stats/2017/oral-roberts/boxscore/5933,https://oruathletics.com/sports/mens-soccer/stats/2017/western-illinois/boxscore/2102,2017-10-28-Oral-Roberts-Western-Illinois,regular
sidearm-2017-10-28-California-Baptist-Academy-of-Art,2017-10-28,California Baptist,Academy of Art,false,false,3,0,home,final,,https://cbulancers.com/sports/mens-soccer/stats/2017/academy-of-art/boxscore/7957,,2017-10-28-Academy-of-Art-California-Baptist,regular
sidearm-2017-10-28-UC-Riverside-CSUN,2017-10-28,UC Riverside,CSUN,false,false,2,1,home,final,,https://gohighlanders.com/sports/mens-soccer/stats/2017/csun/boxscore/11465,,2017-10-28-CSUN-UC-Riverside,regular
sidearm-2017-10-28-UC-San-Diego-Cal-State-Monterey-Bay,2017-10-28,UC San Diego,Cal State Monterey Bay,false,false,0,0,unknown,final,,https://ucsdtritons.com/sports/mens-soccer/stats/2017/cal-state-monterey-bay/boxscore/6247,,2017-10-28-Cal-State-Monterey-Bay-UC-San-Diego,regular
sidearm-2017-10-28-American-Lafayette,2017-10-28,American,Lafayette,false,false,2,1,away,final,,https://aueagles.com/sports/mens-soccer/stats/2017/lafayette/boxscore/1624,,2017-10-28-American-Lafayette,regular
sidearm-2017-10-28-Bucknell--Boston-University,2017-10-28,Bucknell,Boston University,false,false,0,0,away,final,,https://goterriers.com/sports/mens-soccer/stats/2017/bucknell/boxscore/7041,,2017-10-28-Boston-University-Bucknell,regular
sidearm-2017-10-28-Lehigh-Loyola,2017-10-28,Lehigh,Loyola,false,false,4,2,home,final,,https://lehighsports.com/sports/mens-soccer/stats/2017/loyola/boxscore/10545,,2017-10-28-Lehigh-Loyola,regular
sidearm-2017-10-28-Loyola-University-Maryland-Lehigh,2017-10-28,Loyola University Maryland,Lehigh,false,false,2,4,home,final,,https://loyolagreyhounds.com/sports/mens-soccer/stats/2017/lehigh/boxscore/4725,,2017-10-28-Lehigh-Loyola-University-Maryland,regular
sidearm-2017-10-28-ETSU-Wofford,2017-10-28,ETSU,Wofford,false,false,4,1,unknown,final,,https://athletics.wofford.edu/sports/mens-soccer/stats/2017/east-tennessee-state-university/boxscore/3961,,2017-10-28-ETSU-Wofford,regular
sidearm-2017-10-28-VMI-Mercer,2017-10-28,VMI,Mercer,false,false,0,7,away,final,,https://mercerbears.com/sports/mens-soccer/stats/2017/vmi/boxscore/3892,https://vmikeydets.com/sports/mens-soccer/stats/2017/mercer/boxscore/3892,2017-10-28-Mercer-VMI,regular
sidearm-2017-10-28-Delaware-Elon,2017-10-28,Delaware,Elon,false,false,0,1,home,final,,,,2017-10-28-Delaware-Elon,regular
sidearm-2017-10-28-Denver-Omaha,2017-10-28,Denver,Omaha,false,false,2,1,away,final,,https://omavs.com/sports/mens-soccer/stats/2017/denver/boxscore/9813,https://denverpioneers.com/sports/mens-soccer/stats/2017/omaha/boxscore/2451,2017-10-28-Denver-Omaha,regular
sidearm-2017-10-28-Bethel-St.-Thomas,2017-10-28,Bethel,St. Thomas,false,false,0,1,away,final,,https://tommiesports.com/sports/msoc/stats/2017/bethel/boxscore/4824,,2017-10-28-Bethel-St.-Thomas,regular
sidearm-2017-10-28-George-Mason-UMass,2017-10-28,George Mason,UMass,false,false,1,4,away,final,,https://umassathletics.com/sports/mens-soccer/stats/2017/george-mason/boxscore/10346,,2017-10-28-George-Mason-UMass,regular
sidearm-2017-10-28-Coastal-Carolina-Appalachian-State,2017-10-28,Coastal Carolina,Appalachian State,false,false,4,0,home,final,,,,2017-10-28-Appalachian-State-Coastal-Carolina,regular
sidearm-2017-10-28-Georgia-State-Hartwick,2017-10-28,Georgia State,Hartwick,false,false,3,0,unknown,final,,https://georgiastatesports.com/news/2017/10/28/211675606.aspx,,2017-10-28-Georgia-State-Hartwick,regular
sidearm-2017-10-29-SMU-USF,2017-10-29,SMU,USF,false,false,0,0,unknown,final,,https://smumustangs.com/sports/mens-soccer/stats/2017/usf/boxscore/7690,,2017-10-29-SMU-USF,regular
sidearm-2017-10-29-NJIT-FGCU,2017-10-29,NJIT,FGCU,false,false,0,5,unknown,final,,https://njithighlanders.com/sports/mens-soccer/stats/2017/fgcu/boxscore/6235,https://fgcuathletics.com/sports/mens-soccer/stats/2017/njit/boxscore/6424,2017-10-29-FGCU-NJIT,regular
sidearm-2017-10-29-FIU-Kentucky,2017-10-29,FIU,Kentucky,false,false,2,2,home,final,https://ukathletics.com/sports/msoc/schedule/2017,https://fiusports.com/sports/mens-soccer/stats/2017/kentucky/boxscore/6224,,2017-10-29-FIU-Kentucky,regular
sidearm-2017-10-29-South-Florida-SMU,2017-10-29,South Florida,SMU,false,false,0,0,home,final,,https://gousfbulls.com/sports/mens-soccer/stats/2017/smu/boxscore/10112,,2017-10-29-SMU-South-Florida,regular
sidearm-2017-10-29-Bellarmine-University-of-Indianapolis,2017-10-29,Bellarmine,University of Indianapolis,false,false,1,2,unknown,final,,https://athletics.bellarmine.edu/sports/mens-soccer/stats/2017/university-of-indianapolis/boxscore/4701,,2017-10-29-Bellarmine-University-of-Indianapolis,regular
sidearm-2017-10-29-UNC-Asheville-Campbell,2017-10-29,UNC Asheville,Campbell,false,false,1,2,home,final,,https://uncabulldogs.com/sports/mens-soccer/stats/2017/campbell/boxscore/3688,https://gocamels.com/sports/mens-soccer/stats/2017/unc-asheville/boxscore/2105,2017-10-29-Campbell-UNC-Asheville,regular
sidearm-2017-10-29-#7-Michigan-State-Indiana,2017-10-29,Michigan State,Indiana,true,false,1,1,away,final,,https://iuhoosiers.com/sports/mens-soccer/stats/2017/michigan-state/boxscore/12371,https://msuspartans.com/sports/mens-soccer/stats/2017/indiana/boxscore/6281,2017-10-29-Indiana-Michigan-State,regular
sidearm-2017-10-29-Maryland-Michigan,2017-10-29,Maryland,Michigan,true,false,1,2,home,final,,https://umterps.com/sports/mens-soccer/stats/2017/michigan/boxscore/7485,https://mgoblue.com/sports/mens-soccer/stats/2017/maryland/boxscore/10817,2017-10-29-Maryland-Michigan,regular
wmt-2017-10-29-Northwestern-Penn-State,2017-10-29,Penn State,Northwestern,false,false,2,1,away,final,https://nusports.com/sports/mens-soccer/schedule,https://nusports.com/boxscore/5159,https://gopsusports.com/boxscore/6103,2017-10-29-Northwestern-Penn-State,regular
sidearm-2017-10-29-Ohio-State-Wisconsin,2017-10-29,Ohio State,Wisconsin,false,false,0,2,home,final,,https://uwbadgers.com/sports/mens-soccer/stats/2017/ohio-state/boxscore/8525,,2017-10-29-Ohio-State-Wisconsin,regular
wmt-2017-10-29-UCLA-Washington,2017-10-29,UCLA,Washington,false,false,0,1,home,final,https://uclabruins.com/sports/mens-soccer/schedule,https://uclabruins.com/boxscore/5181,https://gohuskies.com/sports/mens-soccer/stats/2017/ucla/boxscore/13176,2017-10-29-UCLA-Washington,regular
sidearm-2017-10-29-Sacramento-State-UC-Davis,2017-10-29,Sacramento State,UC Davis,false,false,0,3,unknown,final,,https://hornetsports.com/sports/mens-soccer/stats/2017/uc-davis/boxscore/1884,https://ucdavisaggies.com/sports/mens-soccer/stats/2017/sacramento-state/boxscore/3581,2017-10-29-Sacramento-State-UC-Davis,regular
sidearm-2017-10-29-Utah-Valley-Grand-Canyon,2017-10-29,Utah Valley,Grand Canyon,false,false,2,3,home,final,,https://wolverinegreen.com/sports/mens-soccer/stats/2017/grand-canyon/boxscore/6048,https://gculopes.com/sports/mens-soccer/stats/2017/utah-valley/boxscore/9372,2017-10-29-Grand-Canyon-Utah-Valley,regular
sidearm-2017-10-29-Robert-Morris-Sacred-Heart,2017-10-29,Robert Morris,Sacred Heart,false,false,1,0,away,final,,https://rmucolonials.com/sports/mens-soccer/stats/2017/sacred-heart/boxscore/5574,https://sacredheartpioneers.com/sports/mens-soccer/stats/2017/robert-morris/boxscore/3437,2017-10-29-Robert-Morris-Sacred-Heart,regular
sidearm-2017-10-29-Columbia-University-Yale,2017-10-29,Columbia University,Yale,false,false,1,0,home,final,,https://gocolumbialions.com/sports/mens-soccer/stats/2017/yale/boxscore/7154,https://yalebulldogs.com/sports/mens-soccer/stats/2017/columbia/boxscore/3282,2017-10-29-Columbia-University-Yale,regular
sidearm-2017-10-29-CSU-Bakersfield-Air-Force,2017-10-29,CSU Bakersfield,Air Force,false,false,1,2,away,final,,,,2017-10-29-Air-Force-CSU-Bakersfield,regular
wmt-2017-10-29-Kansas-City-San-Jose-State,2017-10-29,San Jose State,Kansas City,false,false,4,3,home,final,https://sjsuspartans.com/sports/mens-soccer/schedule,https://storage.googleapis.com/san-jose-state-prod/2023/06/07/I5a0HDYORhfvh5ISZa0pQpBcubq4j9gTyWIGIHnV.html,,2017-10-29-Kansas-City-San-Jose-State,regular
sidearm-2017-10-29-UNLV-Seattle,2017-10-29,UNLV,Seattle,false,false,2,1,away,final,https://goseattleu.com/sports/mens-soccer/schedule,https://goseattleu.com/boxscore/2261,,2017-10-29-Seattle-UNLV,regular
sidearm-2017-10-29-Houston-Christian-Incarnate-Word,2017-10-29,Houston Christian,Incarnate Word,false,false,1,2,unknown,final,,https://hcuhuskies.com/sports/mens-soccer/stats/2017/incarnate-word/boxscore/3293,,2017-10-29-Houston-Christian-Incarnate-Word,regular
sidearm-2017-10-29-Lindenwood-Fort-Hays-State-University,2017-10-29,Lindenwood,Fort Hays State University,false,false,0,1,unknown,final,,https://lindenwoodlions.com/sports/mens-soccer/stats/2017/fort-hays-state-university/boxscore/16171,,2017-10-29-Fort-Hays-State-University-Lindenwood,regular
sidearm-2017-10-29-University-of-Southern-Indiana-Maryville-University,2017-10-29,University of Southern Indiana,Maryville University,false,false,2,1,unknown,final,,https://gousieagles.com/sports/mens-soccer/stats/2017/maryville-university/boxscore/5048,,2017-10-29-Maryville-University-University-of-Southern-Indiana,regular
sidearm-2017-10-29-Gonzaga-Santa-Clara,2017-10-29,Gonzaga,Santa Clara,false,false,0,0,home,final,,https://santaclarabroncos.com/sports/mens-soccer/stats/2017/gonzaga/boxscore/2693,,2017-10-29-Gonzaga-Santa-Clara,regular
sidearm-2017-10-29-San-Diego-State-Oregon-State,2017-10-29,San Diego State,Oregon State,false,false,2,4,away,final,https://goaztecs.com/sports/mens-soccer/schedule,https://osubeavers.com/sports/mens-soccer/stats/2017/san-diego-state/boxscore/9110,,2017-10-29-Oregon-State-San-Diego-State,regular
sidearm-2017-10-29-Army-Holy-Cross,2017-10-29,Army,Holy Cross,false,false,0,0,home,final,,https://goarmywestpoint.com/sports/mens-soccer/stats/2017/holy-cross/boxscore/9983,,2017-10-29-Army-Holy-Cross,regular
sidearm-2017-10-29-Navy-Colgate,2017-10-29,Navy,Colgate,false,false,1,2,home,final,,https://navysports.com/sports/mens-soccer/stats/2017/colgate/boxscore/6129,,2017-10-29-Colgate-Navy,regular
sidearm-2017-10-29-Furman-UNCG,2017-10-29,Furman,UNC Greensboro,false,false,2,1,unknown,final,,https://furmanpaladins.com/sports/mens-soccer/stats/2017/uncg/boxscore/2436,https://uncgspartans.com/sports/mens-soccer/stats/2017/furman/boxscore/5161,2017-10-29-Furman-UNC-Greensboro,regular
wmt-2017-10-29-Old-Dominion-South-Carolina,2017-10-29,South Carolina,Old Dominion,false,false,3,2,away,final,https://odusports.com/sports/mens-soccer/schedule,https://odusports.com/boxscore/9208,https://gamecocksonline.com/boxscore/old-dominion-19/,2017-10-29-Old-Dominion-South-Carolina,regular
sidearm-2017-10-29-Loyola-Marymount-Pacific,2017-10-29,Loyola Marymount,Pacific,false,false,0,1,home,final,,https://pacifictigers.com/sports/mens-soccer/stats/2017/loyola-marymount/boxscore/1900,,2017-10-29-Loyola-Marymount-Pacific,regular
sidearm-2017-10-29-Portland-San-Francisco,2017-10-29,Portland,San Francisco,false,false,1,3,away,final,,https://portlandpilots.com/boxscore.aspx?id=13253,https://usfdons.com/sports/mens-soccer/stats/2017/portland/boxscore/4675,2017-10-29-Portland-San-Francisco,regular
sidearm-2017-10-29-Saint-Mary's-San-Diego,2017-10-29,Saint Mary's,San Diego,false,false,2,2,home,final,,,,2017-10-29-Saint-Mary's-San-Diego,regular
sidearm-2017-10-30-Bryant-St.-Francis-Brooklyn,2017-10-30,Bryant,St. Francis Brooklyn,false,false,0,1,unknown,final,,https://bryantbulldogs.com/sports/mens-soccer/stats/2017/st-francis-brooklyn/boxscore/7039,,2017-10-30-Bryant-St.-Francis-Brooklyn,regular
sidearm-2017-10-30-Eastern-Illinois-Valparaiso,2017-10-30,Eastern Illinois,Valparaiso,false,false,1,3,unknown,final,,https://eiupanthers.com/sports/mens-soccer/stats/2017/valparaiso/boxscore/6335,,2017-10-30-Eastern-Illinois-Valparaiso,regular
sidearm-2017-10-31-FAU-Florida-Gulf-Coast,2017-10-31,FAU,FGCU,false,false,0,3,home,final,,https://fausports.com/sports/mens-soccer/stats/2017/florida-gulf-coast/boxscore/3651,https://fgcuathletics.com/sports/mens-soccer/stats/2017/fau/boxscore/6425,2017-10-31-FAU-FGCU,regular
sidearm-2017-10-31-Central-Arkansas-Oral-Roberts-University,2017-10-31,Central Arkansas,Oral Roberts,false,false,6,1,away,final,,https://ucasports.com/sports/mens-soccer/stats/2017/oral-roberts-university/boxscore/3006,https://oruathletics.com/sports/mens-soccer/stats/2017/central-arkansas/boxscore/2103,2017-10-31-Central-Arkansas-Oral-Roberts,regular
sidearm-2017-10-31-Queens-Carson-Newman-College,2017-10-31,Queens,Carson-Newman College,false,false,3,2,unknown,final,,https://queensathletics.com/sports/mens-soccer/stats/2017/carson-newman-college/boxscore/6221,,2017-10-31-Carson-Newman-College-Queens,regular
sidearm-2017-10-31-UConn-Yale,2017-10-31,UConn,Yale,false,false,2,0,home,final,,https://yalebulldogs.com/sports/mens-soccer/stats/2017/connecticut/boxscore/3283,,2017-10-31-UConn-Yale,regular
sidearm-2017-10-31-Princeton-Drexel,2017-10-31,Princeton,Drexel,false,false,1,0,away,final,,https://drexeldragons.com/sports/mens-soccer/stats/2017/princeton/boxscore/5840,https://goprincetontigers.com/sports/mens-soccer/stats/2017/drexel/boxscore/12430,2017-10-31-Drexel-Princeton,regular
sidearm-2017-10-31-Hofstra-Brown-University,2017-10-31,Hofstra,Brown,false,false,1,0,away,final,,https://gohofstra.com/sports/mens-soccer/stats/2017/brown-university/boxscore/7948,https://brownbears.com/sports/mens-soccer/stats/2017/hofstra/boxscore/2372,2017-10-31-Brown-Hofstra,regular
sidearm-2017-10-31-IU-Indy-Fort-Wayne,2017-10-31,IU Indy,Fort Wayne,false,false,1,2,unknown,final,,https://iuindyjags.com/sports/mens-soccer/stats/2017/fort-wayne/boxscore/6153,,2017-10-31-Fort-Wayne-IU-Indy,regular
sidearm-2017-10-31-Northern-Kentucky-Evansville,2017-10-31,Northern Kentucky,University of Evansville,false,false,2,1,home,final,,https://nkunorse.com/sports/mens-soccer/stats/2017/evansville/boxscore/4007,https://gopurpleaces.com/sports/mens-soccer/stats/2017/northern-kentucky/boxscore/8184,2017-10-31-Northern-Kentucky-University-of-Evansville,regular
sidearm-2017-10-31-IUPUI-Purdue-Fort-Wayne,2017-10-31,IUPUI,Purdue Fort Wayne,false,false,1,2,away,final,,https://gomastodons.com/sports/mens-soccer/stats/2017/iupui/boxscore/11345,,2017-10-31-IUPUI-Purdue-Fort-Wayne,regular
sidearm-2017-10-31-Merrimack-College-Franklin-Pierce,2017-10-31,Merrimack College,Franklin Pierce,false,false,2,0,unknown,final,,https://merrimackathletics.com/sports/mens-soccer/stats/2017/franklin-pierce/boxscore/4819,,2017-10-31-Franklin-Pierce-Merrimack-College,regular
sidearm-2017-10-31-Le-Moyne-College-Southern-New-Hampshire-University,2017-10-31,Le Moyne College,Southern New Hampshire University,false,false,0,0,unknown,final,,https://lemoynedolphins.com/sports/mens-soccer/stats/2017/southern-new-hampshire-university/boxscore/9566,,2017-10-31-Le-Moyne-College-Southern-New-Hampshire-University,regular
sidearm-2017-10-31-Mercyhurst-East-Stroudsburg-University,2017-10-31,Mercyhurst,East Stroudsburg University,false,false,0,3,unknown,final,,https://hurstathletics.com/sports/mens-soccer/stats/2017/east-stroudsburg-university/boxscore/9772,,2017-10-31-East-Stroudsburg-University-Mercyhurst,regular
sidearm-2017-10-31-Western-Illinois-Bradley,2017-10-31,Western Illinois,Bradley,false,false,0,0,away,final,,https://goleathernecks.com/sports/mens-soccer/stats/2017/bradley/boxscore/5934,,2017-10-31-Bradley-Western-Illinois,regular
sidearm-2017-10-31-UC-San-Diego-SF-State-(First-Round),2017-10-31,UC San Diego,SF State,false,false,0,1,unknown,final,,https://ucsdtritons.com/sports/mens-soccer/stats/2017/sf-state-first-round-/boxscore/6250,,2017-10-31-SF-State-UC-San-Diego,regular
sidearm-2017-11-01-No.-16-Virginia-Boston-College,2017-11-01,Virginia,Boston College,true,false,4,0,away,final,https://virginiasports.com/sports/msoc/schedule,https://bceagles.com/sports/mens-soccer/stats/2017/virginia/boxscore/15467,https://virginiasports.com/boxscore/4813,2017-11-01-Boston-College-Virginia,regular
wmt-2017-11-01-Clemson-Syracuse---ACC-First-Round,2017-11-01,Clemson,Syracuse - ACC First Round,false,false,2,2,home,final,https://clemsontigers.com/sports/mens-soccer/schedule,https://clemsontigers.com/boxscore/3717,,2017-11-01-Clemson-Syracuse---ACC-First-Round,conference_tournament
sidearm-2017-11-01-NC-State-Virginia-Tech-(ACC-1st-Round),2017-11-01,NC State,Virginia Tech,false,false,0,1,home,final,https://hokiesports.com/sports/mens-soccer/schedule,https://gopack.com/sports/mens-soccer/stats/2017/virginia-tech-acc-1st-round-/boxscore/11376,https://hokiesports.com/boxscore/10292,2017-11-01-NC-State-Virginia-Tech,regular
wmt-2017-11-01-Notre-Dame-Pittsburgh,2017-11-01,Notre Dame,Pittsburgh,false,false,5,0,home,final,https://fightingirish.com/sports/msoc/schedule,https://fightingirish.com/boxscore/12745,,2017-11-01-Notre-Dame-Pittsburgh,regular
sidearm-2017-11-01-Clemson--Syracuse,2017-11-01,Clemson,Syracuse,false,false,2,2,away,final,,https://cuse.com/sports/mens-soccer/stats/2017/clemson/boxscore/7959,,2017-11-01-Clemson-Syracuse,regular
sidearm-2017-11-01-Binghamton-University-at-Albany,2017-11-01,Binghamton,University at Albany,false,false,0,2,home,final,,https://bubearcats.com/sports/mens-soccer/stats/2017/university-at-albany/boxscore/8957,,2017-11-01-Binghamton-University-at-Albany,regular
sidearm-2017-11-01-New-Hampshire-Vermont,2017-11-01,New Hampshire,Vermont,false,false,1,1,home,final,,https://unhwildcats.com/sports/mens-soccer/stats/2017/vermont/boxscore/5495,https://uvmathletics.com/sports/mens-soccer/stats/2017/new-hampshire/boxscore/2548,2017-11-01-New-Hampshire-Vermont,regular
sidearm-2017-11-01-Hartford-UMass-Lowell,2017-11-01,Hartford,UMass Lowell,false,false,0,2,away,final,,https://goriverhawks.com/sports/mens-soccer/stats/2017/hartford/boxscore/5064,,2017-11-01-Hartford-UMass-Lowell,regular
sidearm-2017-11-01-UMBC-Stony-Brook,2017-11-01,UMBC,Stony Brook,false,false,0,2,unknown,final,,https://umbcretrievers.com/sports/mens-soccer/stats/2017/stony-brook/boxscore/2046,https://stonybrookathletics.com/sports/mens-soccer/stats/2017/umbc/boxscore/7776,2017-11-01-Stony-Brook-UMBC,regular
sidearm-2017-11-01-Davidson-College-LA-SALLE,2017-11-01,Davidson College,La Salle,false,false,0,2,home,final,,https://davidsonwildcats.com/sports/mens-soccer/stats/2017/la-salle/boxscore/5108,https://goexplorers.com/sports/mens-soccer/stats/2017/davidson/boxscore/6810,2017-11-01-Davidson-College-La-Salle,regular
sidearm-2017-11-01-Dayton-George-Mason,2017-11-01,Dayton,George Mason,false,false,5,2,unknown,final,,https://daytonflyers.com/sports/mens-soccer/stats/2017/george-mason/boxscore/6602,,2017-11-01-Dayton-George-Mason,regular
sidearm-2017-11-01-Duquesne-Rhode-Island,2017-11-01,Duquesne,Rhode Island,false,false,1,2,home,final,,https://goduquesne.com/sports/mens-soccer/stats/2017/rhode-island/boxscore/1775,https://gorhody.com/sports/mens-soccer/stats/2017/duquesne/boxscore/2819,2017-11-01-Duquesne-Rhode-Island,regular
sidearm-2017-11-01-Fordham-Massachusetts,2017-11-01,Fordham,Massachusetts,false,false,3,2,unknown,final,,https://fordhamsports.com/sports/mens-soccer/stats/2017/massachusetts/boxscore/6287,,2017-11-01-Fordham-Massachusetts,regular
sidearm-2017-11-01-St.-Bonaventure-VCU,2017-11-01,St. Bonaventure,VCU,false,true,2,1,home,final,,https://gobonnies.com/sports/mens-soccer/stats/2017/-22-vcu/boxscore/1848,https://vcuathletics.com/sports/mens-soccer/stats/2017/st-bonaventure/boxscore/1724,2017-11-01-St.-Bonaventure-VCU,regular
sidearm-2017-11-01-Saint-Joseph's-Saint-Louis,2017-11-01,Saint Joseph's,Saint Louis,false,false,0,2,away,final,,https://sjuhawks.com/sports/mens-soccer/stats/2017/saint-louis/boxscore/2580,https://slubillikens.com/sports/mens-soccer/stats/2017/saint-joseph-s/boxscore/6568,2017-11-01-Saint-Joseph's-Saint-Louis,regular
sidearm-2017-11-01-Akron-Marshall,2017-11-01,Akron,Marshall,false,false,2,0,home,final,,https://gozips.com/sports/mens-soccer/stats/2017/marshall/boxscore/5256,,2017-11-01-Akron-Marshall,regular
sidearm-2017-11-01-Butler-Xavier,2017-11-01,Butler,Xavier,true,false,2,1,home,final,,https://butlersports.com/sports/mens-soccer/stats/2017/xavier/boxscore/5300,https://goxavier.com/sports/mens-soccer/stats/2017/-15-butler/boxscore/6856,2017-11-01-Butler-Xavier,regular
sidearm-2017-11-01-#18-Georgetown-Creighton,2017-11-01,Georgetown,Creighton,true,false,3,1,away,final,,https://gocreighton.com/sports/mens-soccer/stats/2017/georgetown/boxscore/8770,,2017-11-01-Creighton-Georgetown,regular
sidearm-2017-11-01-DePaul-Marquette,2017-11-01,DePaul,Marquette,false,false,3,1,home,final,,https://gomarquette.com/sports/mens-soccer/stats/2017/depaul/boxscore/2452,,2017-11-01-DePaul-Marquette,regular
sidearm-2017-11-01-Providence-St.-John's,2017-11-01,Providence,St. John's,false,false,0,0,home,final,,https://friars.com/sports/mens-soccer/stats/2017/st-john-s/boxscore/2535,https://redstormsports.com/sports/mens-soccer/stats/2017/providence/boxscore/2677,2017-11-01-Providence-St.-John's,regular
sidearm-2017-11-01-Seton-Hall-Villanova,2017-11-01,Seton Hall,Villanova,false,false,2,0,home,final,,https://shupirates.com/sports/mens-soccer/stats/2017/villanova/boxscore/2766,https://villanova.com/sports/mens-soccer/stats/2017/seton-hall/boxscore/4106,2017-11-01-Seton-Hall-Villanova,regular
sidearm-2017-11-01-Gardner-Webb-Winthrop,2017-11-01,Gardner-Webb,Winthrop,false,false,6,0,home,final,,https://gwusports.com/sports/mens-soccer/stats/2017/winthrop/boxscore/4868,https://winthropeagles.com/sports/mens-soccer/stats/2017/gardner-webb-university/boxscore/19344,2017-11-01-Gardner-Webb-Winthrop,regular
sidearm-2017-11-01-High-Point-Longwood,2017-11-01,High Point,Longwood,false,false,1,0,home,final,,https://highpointpanthers.com/sports/mens-soccer/stats/2017/longwood/boxscore/10570,https://longwoodlancers.com/sports/mens-soccer/stats/2017/high-point/boxscore/5831,2017-11-01-High-Point-Longwood,regular
sidearm-2017-11-01-Presbyterian-UNC-Asheville,2017-11-01,Presbyterian,UNC Asheville,false,false,2,2,home,final,,https://uncabulldogs.com/sports/mens-soccer/stats/2017/presbyterian/boxscore/3689,,2017-11-01-Presbyterian-UNC-Asheville,regular
sidearm-2017-11-01-Liberty-Radford,2017-11-01,Liberty,Radford,false,false,2,4,away,final,,https://radfordathletics.com/sports/mens-soccer/stats/2017/liberty/boxscore/8728,https://libertyflames.com/sports/mens-soccer/stats/2017/radford/boxscore/10962,2017-11-01-Liberty-Radford,regular
sidearm-2017-11-01-Sacramento-State-CSUN,2017-11-01,Sacramento State,CSUN,false,false,2,3,unknown,final,,https://hornetsports.com/sports/mens-soccer/stats/2017/csun/boxscore/1885,,2017-11-01-CSUN-Sacramento-State,regular
sidearm-2017-11-01-UC-Santa-Barbara-UC-Riverside,2017-11-01,UC Santa Barbara,UC Riverside,false,false,0,1,away,final,,https://ucsbgauchos.com/sports/mens-soccer/stats/2017/uc-riverside/boxscore/2157,https://gohighlanders.com/sports/mens-soccer/stats/2017/uc-santa-barbara-bwt-1st-rd-/boxscore/11494,2017-11-01-UC-Riverside-UC-Santa-Barbara,regular
sidearm-2017-11-01-Monmouth-Niagara,2017-11-01,Monmouth,Niagara,false,false,4,0,unknown,final,,https://monmouthhawks.com/sports/mens-soccer/stats/2017/niagara/boxscore/5078,,2017-11-01-Monmouth-Niagara,regular
sidearm-2017-11-01-Columbia-University-Sacred-Heart,2017-11-01,Columbia University,Sacred Heart,false,false,3,0,home,final,,https://gocolumbialions.com/sports/mens-soccer/stats/2017/sacred-heart/boxscore/7155,https://sacredheartpioneers.com/sports/mens-soccer/stats/2017/columbia/boxscore/3438,2017-11-01-Columbia-University-Sacred-Heart,regular
sidearm-2017-11-01-Canisius-Manhattan,2017-11-01,Canisius,Manhattan,false,false,1,1,unknown,final,,https://gogriffs.com/sports/mens-soccer/stats/2017/manhattan/boxscore/5585,https://gojaspers.com/sports/mens-soccer/stats/2017/canisius/boxscore/5080,2017-11-01-Canisius-Manhattan,regular
sidearm-2017-11-01-Fairfield-Rider,2017-11-01,Fairfield,Rider University,false,false,3,0,unknown,final,,https://fairfieldstags.com/sports/mens-soccer/stats/2017/rider/boxscore/5407,https://gobroncs.com/sports/mens-soccer/stats/2017/fairfield-university/boxscore/4359,2017-11-01-Fairfield-Rider-University,regular
sidearm-2017-11-01-Marist-Siena-College,2017-11-01,Marist,Siena,false,false,1,2,away,final,,https://goredfoxes.com/sports/mens-soccer/stats/2017/siena-college/boxscore/8271,,2017-11-01-Marist-Siena,regular
sidearm-2017-11-01-Quinnipiac-Saint-Peter's,2017-11-01,Quinnipiac,Saint Peter's,false,false,4,1,home,final,,https://gobobcats.com/sports/mens-soccer/stats/2017/saint-peter-s/boxscore/8302,https://saintpeterspeacocks.com/sports/mens-soccer/stats/2017/quinnipiac/boxscore/891,2017-11-01-Quinnipiac-Saint-Peter's,regular
sidearm-2017-11-01-Howard-Coastal-Carolina-University,2017-11-01,Howard,Coastal Carolina,false,false,1,2,away,final,,https://hubison.com/sports/mens-soccer/stats/2017/coastal-carolina-university/boxscore/5016,,2017-11-01-Coastal-Carolina-Howard,regular
sidearm-2017-11-01-St.-Thomas-Hamline,2017-11-01,St. Thomas,Hamline,false,false,3,0,home,final,,https://tommiesports.com/sports/msoc/stats/2017/hamline/boxscore/4825,,2017-11-01-Hamline-St.-Thomas,regular
sidearm-2017-11-01-UMass-Fordham,2017-11-01,UMass,Fordham,false,false,2,3,home,final,,https://umassathletics.com/sports/mens-soccer/stats/2017/fordham/boxscore/10347,,2017-11-01-Fordham-UMass,regular
sidearm-2017-11-02-California-San-Diego-State,2017-11-02,California,San Diego State,false,false,1,0,home,final,https://goaztecs.com/sports/mens-soccer/schedule,https://calbears.com/sports/mens-soccer/stats/2017/san-diego-state/boxscore/16971,,2017-11-02-California-San-Diego-State,regular
wmt-2017-11-02-Stanford-UCLA,2017-11-02,Stanford,UCLA,false,false,5,1,home,final,https://gostanford.com/sports/mens-soccer/schedule,https://gostanford.com/boxscore/7179,https://uclabruins.com/boxscore/5179,2017-11-02-Stanford-UCLA,regular
sidearm-2017-11-02-Dominican-California-Baptist,2017-11-02,Dominican,California Baptist,false,false,0,1,away,final,,https://cbulancers.com/sports/mens-soccer/stats/2017/dominican/boxscore/7958,,2017-11-02-California-Baptist-Dominican,regular
sidearm-2017-11-03-Bryant-Central-Connecticut,2017-11-03,Bryant,Central Connecticut,false,false,0,0,unknown,final,,https://bryantbulldogs.com/sports/mens-soccer/stats/2017/central-connecticut/boxscore/7040,,2017-11-03-Bryant-Central-Connecticut,regular
sidearm-2017-11-03-NJIT-Lipscomb-(ASUN-Quarterfinals),2017-11-03,NJIT,Lipscomb,false,true,3,3,neutral,final,,https://njithighlanders.com/sports/mens-soccer/stats/2017/-6-lipscomb-asun-quarterfinals-/boxscore/5918,https://lipscombsports.com/sports/mens-soccer/stats/2017/njit/boxscore/8311,2017-11-03-Lipscomb-NJIT,conference_tournament
sidearm-2017-11-03-UAB-South-Carolina,2017-11-03,UAB,South Carolina,false,false,0,1,home,final,https://gamecocksonline.com/sports/msoc/schedule/2017,https://uabsports.com/sports/mens-soccer/stats/2017/south-carolina/boxscore/3378,https://gamecocksonline.com/boxscore/uab-42/,2017-11-03-South-Carolina-UAB,regular
sidearm-2017-11-03-Jacksonville-North-Florida,2017-11-03,Jacksonville,North Florida,false,false,2,1,neutral,final,,https://judolphins.com/sports/mens-soccer/stats/2017/north-florida/boxscore/1814,https://unfospreys.com/sports/mens-soccer/stats/2017/jacksonville-asun-quarterfinals-/boxscore/12864,2017-11-03-Jacksonville-North-Florida,regular
sidearm-2017-11-03-Queens-Anderson-University-(SC),2017-11-03,Queens,Anderson University (SC),false,false,2,0,unknown,final,,https://queensathletics.com/sports/mens-soccer/stats/2017/anderson-university-sc-/boxscore/6222,,2017-11-03-Anderson-University-(SC)-Queens,regular
sidearm-2017-11-03-Stetson-Jacksonville-vs.-North-Florida,2017-11-03,Stetson,Jacksonville vs. North Florida,false,false,,,unknown,scheduled,,,,2017-11-03-Jacksonville-vs.-North-Florida-Stetson,regular
sidearm-2017-11-03-Cleveland-State-Detroit,2017-11-03,Cleveland State,Detroit,false,false,1,2,unknown,final,,https://csuvikings.com/sports/mens-soccer/stats/2017/detroit/boxscore/10116,,2017-11-03-Cleveland-State-Detroit,regular
sidearm-2017-11-03-Detroit-Mercy-Cleveland-State,2017-11-03,Detroit Mercy,Cleveland State,false,false,2,1,away,final,,https://detroittitans.com/sports/mens-soccer/stats/2017/cleveland-state/boxscore/3916,,2017-11-03-Cleveland-State-Detroit-Mercy,regular
sidearm-2017-11-03-IU-Indy-Wright-State,2017-11-03,IU Indy,Wright State,false,false,0,2,away,final,,https://iuindyjags.com/sports/mens-soccer/stats/2017/wright-state/boxscore/6154,,2017-11-03-IU-Indy-Wright-State,regular
sidearm-2017-11-03-Milwaukee-Oakland,2017-11-03,Milwaukee,Oakland,false,false,2,0,home,final,,https://mkepanthers.com/sports/mens-soccer/stats/2017/oakland/boxscore/7584,,2017-11-03-Milwaukee-Oakland,regular
sidearm-2017-11-03-Northern-Kentucky-Green-Bay,2017-11-03,Northern Kentucky,Green Bay,false,false,1,0,away,final,,https://nkunorse.com/sports/mens-soccer/stats/2017/green-bay/boxscore/4008,,2017-11-03-Green-Bay-Northern-Kentucky,regular
sidearm-2017-11-03-Robert-Morris-Saint-Francis-U,2017-11-03,Robert Morris,Saint Francis U,false,false,1,4,unknown,final,,https://rmucolonials.com/sports/mens-soccer/stats/2017/saint-francis-u/boxscore/5575,,2017-11-03-Robert-Morris-Saint-Francis-U,regular
sidearm-2017-11-03-Wright-State-IUPUI,2017-11-03,Wright State,IUPUI,false,false,2,0,home,final,,https://wsuraiders.com/sports/mens-soccer/stats/2017/iupui/boxscore/4227,,2017-11-03-IUPUI-Wright-State,regular
sidearm-2017-11-03-Merrimack-College-Southern-Conn.-St.,2017-11-03,Merrimack College,Southern Conn. St.,false,false,3,1,unknown,final,,https://merrimackathletics.com/sports/mens-soccer/stats/2017/southern-conn-st-/boxscore/4824,,2017-11-03-Merrimack-College-Southern-Conn.-St.,regular
sidearm-2017-11-03-Sacred-Heart-Fairleigh-Dickinson,2017-11-03,Sacred Heart,Fairleigh Dickinson,false,false,0,3,home,final,,https://sacredheartpioneers.com/sports/mens-soccer/stats/2017/fairleigh-dickinson/boxscore/3439,,2017-11-03-Fairleigh-Dickinson-Sacred-Heart,regular
sidearm-2017-11-03-Belmont-University-UIC,2017-11-03,Belmont University,UIC,false,false,0,2,home,final,,https://belmontbruins.com/sports/mens-soccer/stats/2017/uic/boxscore/1532,https://uicflames.com/sports/mens-soccer/stats/2017/belmont/boxscore/10494,2017-11-03-Belmont-University-UIC,regular
wmt-2017-11-03-CSU-Bakersfield-San-Jose-State,2017-11-03,San Jose State,CSU Bakersfield,false,false,1,0,home,final,https://sjsuspartans.com/sports/mens-soccer/schedule,https://storage.googleapis.com/san-jose-state-prod/2023/06/28/baqLMeuIB5r3mnENfD7c75pgGBXmdyrGJYh5GTYU.pdf,,2017-11-03-CSU-Bakersfield-San-Jose-State,regular
sidearm-2017-11-03-Le-Moyne-College-Bentley-University,2017-11-03,Le Moyne College,Bentley University,false,false,1,2,unknown,final,,https://lemoynedolphins.com/sports/mens-soccer/stats/2017/bentley-university/boxscore/9567,,2017-11-03-Bentley-University-Le-Moyne-College,regular
sidearm-2017-11-03-Lindenwood-Southwest-Baptist-University,2017-11-03,Lindenwood,Southwest Baptist University,false,false,5,0,unknown,final,,https://lindenwoodlions.com/sports/mens-soccer/stats/2017/southwest-baptist-university/boxscore/16172,,2017-11-03-Lindenwood-Southwest-Baptist-University,regular
sidearm-2017-11-03-University-of-Southern-Indiana-Lewis-University,2017-11-03,University of Southern Indiana,Lewis University,false,false,1,1,unknown,final,,https://gousieagles.com/sports/mens-soccer/stats/2017/lewis-university/boxscore/3775,,2017-11-03-Lewis-University-University-of-Southern-Indiana,regular
sidearm-2017-11-03-UC-San-Diego-Cal-Poly-Pomona-vs.-SF-State,2017-11-03,UC San Diego,Cal Poly Pomona vs. SF State,false,false,3,0,unknown,final,,,,2017-11-03-Cal-Poly-Pomona-vs.-SF-State-UC-San-Diego,regular
sidearm-2017-11-03-UC-San-Diego-Cal-State-Dominguez-Hills-vs.-Cal-State-LA,2017-11-03,UC San Diego,Cal State Dominguez Hills vs. Cal State LA,false,false,1,1,unknown,final,,,,2017-11-03-Cal-State-Dominguez-Hills-vs.-Cal-State-LA-UC-San-Diego,regular
sidearm-2017-11-03-Boston-University-Colgate,2017-11-03,Boston University,Colgate,false,false,0,4,home,final,,https://goterriers.com/sports/mens-soccer/stats/2017/colgate/boxscore/7042,,2017-11-03-Boston-University-Colgate,regular
wmt-2017-11-03-New-Mexico-Old-Dominion,2017-11-03,Old Dominion,New Mexico,false,false,1,0,home,final,https://odusports.com/sports/mens-soccer/schedule,https://odusports.com/boxscore/9209,,2017-11-03-New-Mexico-Old-Dominion,regular
sidearm-2017-11-03-San-Diego-San-Francisco,2017-11-03,San Diego,San Francisco,false,false,0,1,away,final,,https://usfdons.com/sports/mens-soccer/stats/2017/san-diego/boxscore/4676,,2017-11-03-San-Diego-San-Francisco,regular
sidearm-2017-11-04-SMU-Connecticut,2017-11-04,SMU,UConn,false,false,1,0,away,final,,https://smumustangs.com/sports/mens-soccer/stats/2017/connecticut/boxscore/7691,,2017-11-04-SMU-UConn,regular
sidearm-2017-11-04-New-Hampshire-Stony-Brook,2017-11-04,New Hampshire,Stony Brook,false,false,1,0,home,final,,https://unhwildcats.com/sports/mens-soccer/stats/2017/stony-brook/boxscore/5496,https://stonybrookathletics.com/sports/mens-soccer/stats/2017/new-hampshire/boxscore/8267,2017-11-04-New-Hampshire-Stony-Brook,regular
sidearm-2017-11-04-UMBC-UAlbany,2017-11-04,UMBC,UAlbany,false,false,1,1,unknown,final,,https://umbcretrievers.com/sports/mens-soccer/stats/2017/ualbany/boxscore/2047,,2017-11-04-UAlbany-UMBC,regular
sidearm-2017-11-04-Charlotte-Kentucky,2017-11-04,Charlotte,Kentucky,false,false,1,1,home,final,https://ukathletics.com/sports/msoc/schedule/2017,https://charlotte49ers.com/sports/mens-soccer/stats/2017/kentucky/boxscore/7531,,2017-11-04-Charlotte-Kentucky,regular
sidearm-2017-11-04-FAU-Marshall,2017-11-04,FAU,Marshall,false,false,2,1,home,final,,,,2017-11-04-FAU-Marshall,regular
sidearm-2017-11-04-Memphis-Tulsa,2017-11-04,Memphis,Tulsa,false,false,0,6,home,final,,https://gotigersgo.com/sports/mens-soccer/stats/2017/tulsa/boxscore/10732,https://tulsahurricane.com/sports/mens-soccer/stats/2017/memphis/boxscore/8333,2017-11-04-Memphis-Tulsa,regular
sidearm-2017-11-04-Drake-Missouri-State,2017-11-04,Drake,Missouri State,false,false,0,0,away,final,,https://missouristatebears.com/sports/mens-soccer/stats/2017/drake/boxscore/3505,https://godrakebulldogs.com/sports/mens-soccer/stats/2017/missouri-state/boxscore/7429,2017-11-04-Drake-Missouri-State,regular
sidearm-2017-11-04-Temple-South-Florida,2017-11-04,Temple University,South Florida,false,false,1,0,away,final,,https://gousfbulls.com/sports/mens-soccer/stats/2017/temple/boxscore/10135,,2017-11-04-South-Florida-Temple-University,regular
sidearm-2017-11-04-Temple-University-USF,2017-11-04,Temple University,USF,false,false,1,0,home,final,,https://owlsports.com/sports/mens-soccer/stats/2017/usf/boxscore/6592,,2017-11-04-Temple-University-USF,regular
sidearm-2017-11-04-Dayton-Fordham-(A-10-Quarterfinals),2017-11-04,Dayton,Fordham,false,false,2,3,unknown,final,,https://daytonflyers.com/sports/mens-soccer/stats/2017/fordham-a-10-quarterfinals-/boxscore/6603,https://fordhamsports.com/sports/mens-soccer/stats/2017/dayton/boxscore/6288,2017-11-04-Dayton-Fordham,conference_tournament
sidearm-2017-11-04-George-Washington-Rhode-Island,2017-11-04,George Washington,Rhode Island,false,false,0,1,home,final,,https://gwsports.com/sports/mens-soccer/stats/2017/rhode-island/boxscore/4143,https://gorhody.com/sports/mens-soccer/stats/2017/george-washington/boxscore/2820,2017-11-04-George-Washington-Rhode-Island,regular
sidearm-2017-11-04-Loyola-Chicago-Evansville,2017-11-04,Loyola Chicago,University of Evansville,false,false,0,1,unknown,final,,https://loyolaramblers.com/sports/mens-soccer/stats/2017/evansville/boxscore/4151,,2017-11-04-Loyola-Chicago-University-of-Evansville,regular
sidearm-2017-11-04-Akron-Northern-Illinois-,2017-11-04,Akron,Northern Illinois,false,false,4,0,home,final,,https://gozips.com/sports/mens-soccer/stats/2017/northern-illinois/boxscore/5257,,2017-11-04-Akron-Northern-Illinois,regular
sidearm-2017-11-04-(3)-St.-John's-Creighton,2017-11-04,St. John's,Creighton,true,false,3,1,away,final,,https://gocreighton.com/sports/mens-soccer/stats/2017/st-john-s/boxscore/8771,https://redstormsports.com/sports/mens-soccer/stats/2017/creighton/boxscore/2678,2017-11-04-Creighton-St.-John's,regular
sidearm-2017-11-04-Xavier-Providence,2017-11-04,Xavier,Providence,false,true,3,0,away,final,,https://friars.com/sports/mens-soccer/stats/2017/xavier/boxscore/2536,https://goxavier.com/sports/mens-soccer/stats/2017/no-5-providence/boxscore/6954,2017-11-04-Providence-Xavier,regular
wmt-2017-11-04-Northwestern-Rutgers,2017-11-04,Northwestern,Rutgers,false,true,3,2,neutral,final,https://nusports.com/sports/mens-soccer/schedule,https://nusports.com/boxscore/5161,https://scarletknights.com/sports/mens-soccer/stats/2017/northwestern/boxscore/6342,2017-11-04-Northwestern-Rutgers,regular
sidearm-2017-11-04-Cal-State-Fullerton-UC-Riverside,2017-11-04,Cal State Fullerton,UC Riverside,false,false,2,1,away,final,,https://fullertontitans.com/sports/mens-soccer/stats/2017/uc-riverside/boxscore/2774,https://gohighlanders.com/sports/mens-soccer/stats/2017/cal-state-fullerton-bwt-semifinals-/boxscore/11495,2017-11-04-Cal-State-Fullerton-UC-Riverside,regular
sidearm-2017-11-04-Utah-Valley-Seattle-U,2017-11-04,Utah Valley,Seattle,false,true,1,2,away,final,https://goseattleu.com/sports/mens-soccer/schedule,https://wolverinegreen.com/sports/mens-soccer/stats/2017/-23-seattle-u/boxscore/6049,https://goseattleu.com/boxscore/2260,2017-11-04-Seattle-Utah-Valley,regular
sidearm-2017-11-04-Charleston-#6-Elon,2017-11-04,Charleston,Elon,false,true,2,1,home,final,,https://cofcsports.com/sports/mens-soccer/stats/2017/elon/boxscore/7238,,2017-11-04-Charleston-Elon,regular
sidearm-2017-11-04-Hofstra-William-&-Mary---CAA-Quarterfinals,2017-11-04,Hofstra,William & Mary - CAA Quarterfinals,false,false,1,4,unknown,final,,https://gohofstra.com/sports/mens-soccer/stats/2017/william-mary-caa-quarterfinals/boxscore/7949,,2017-11-04-Hofstra-William-&-Mary---CAA-Quarterfinals,conference_tournament
sidearm-2017-11-04-William-&-Mary-Hofstra-(Quarterfinals),2017-11-04,William & Mary,Hofstra,false,false,4,1,unknown,final,,https://tribeathletics.com/sports/mens-soccer/stats/2017/hofstra-quarterfinals-/boxscore/10088,,2017-11-04-Hofstra-William-&-Mary,conference_tournament
sidearm-2017-11-04-Purdue-Fort-Wayne-Eastern-Illinois-,2017-11-04,Purdue Fort Wayne,Eastern Illinois,false,false,1,2,home,final,,https://gomastodons.com/sports/mens-soccer/stats/2017/eastern-illinois/boxscore/11346,,2017-11-04-Eastern-Illinois-Purdue-Fort-Wayne,regular
sidearm-2017-11-04-Yale-Brown,2017-11-04,Yale,Brown,false,false,0,0,away,final,,https://brownbears.com/sports/mens-soccer/stats/2017/yale/boxscore/2373,https://yalebulldogs.com/sports/mens-soccer/stats/2017/brown/boxscore/3284,2017-11-04-Brown-Yale,regular
sidearm-2017-11-04-Cornell-Dartmouth-College,2017-11-04,Cornell,Dartmouth College,false,false,0,1,home,final,,https://cornellbigred.com/sports/mens-soccer/stats/2017/dartmouth-college/boxscore/24098,https://dartmouthsports.com/sports/mens-soccer/stats/2017/cornell/boxscore/8030,2017-11-04-Cornell-Dartmouth-College,regular
sidearm-2017-11-04-Penn-Princeton,2017-11-04,Penn,Princeton,false,false,1,2,away,final,,https://goprincetontigers.com/sports/mens-soccer/stats/2017/penn/boxscore/12431,https://pennathletics.com/sports/mens-soccer/stats/2017/princeton/boxscore/9810,2017-11-04-Penn-Princeton,regular
sidearm-2017-11-04-University-of-Evansville-Loyola,2017-11-04,University of Evansville,Loyola,false,false,1,0,unknown,final,,https://gopurpleaces.com/sports/mens-soccer/stats/2017/loyola/boxscore/8185,,2017-11-04-Loyola-University-of-Evansville,regular
sidearm-2017-11-04-UMKC-Air-Force,2017-11-04,Kansas City,Air Force,false,true,1,2,away,final,,,,2017-11-04-Air-Force-Kansas-City,regular
sidearm-2017-11-04-UC-Davis-CSUN,2017-11-04,UC Davis,CSUN,false,false,4,2,unknown,final,,https://ucdavisaggies.com/sports/mens-soccer/stats/2017/csun/boxscore/3582,,2017-11-04-CSUN-UC-Davis,regular
sidearm-2017-11-04-UNLV-Grand-Canyon,2017-11-04,UNLV,Grand Canyon,false,false,4,1,away,final,,https://gculopes.com/sports/mens-soccer/stats/2017/unlv/boxscore/9373,,2017-11-04-Grand-Canyon-UNLV,regular
sidearm-2017-11-04-Utah-Tech-Azusa-Pacific,2017-11-04,Utah Tech,Azusa Pacific,false,false,5,2,unknown,final,,https://utahtechtrailblazers.com/sports/mens-soccer/stats/2017/azusa-pacific/boxscore/6981,,2017-11-04-Azusa-Pacific-Utah-Tech,regular
sidearm-2017-11-04-Howard-Hartwick-College,2017-11-04,Howard,Hartwick College,false,false,1,1,unknown,final,,https://hubison.com/sports/mens-soccer/stats/2017/hartwick-college/boxscore/5017,,2017-11-04-Hartwick-College-Howard,regular
sidearm-2017-11-04-Eastern-Illinois-Fort-Wayne,2017-11-04,Eastern Illinois,Fort Wayne,false,false,2,1,unknown,final,,https://eiupanthers.com/sports/mens-soccer/stats/2017/fort-wayne/boxscore/6317,,2017-11-04-Eastern-Illinois-Fort-Wayne,regular
sidearm-2017-11-04-Western-Illinois-Denver,2017-11-04,Western Illinois,Denver,false,false,0,1,away,final,,https://goleathernecks.com/sports/mens-soccer/stats/2017/denver/boxscore/5935,https://denverpioneers.com/sports/mens-soccer/stats/2017/western-illinois/boxscore/2452,2017-11-04-Denver-Western-Illinois,regular
sidearm-2017-11-04-UTRGV-Incarnate-Word,2017-11-04,UTRGV,Incarnate Word,false,false,2,1,unknown,final,,https://goutrgv.com/sports/mens-soccer/stats/2017/incarnate-word/boxscore/24337,,2017-11-04-Incarnate-Word-UTRGV,regular
sidearm-2017-11-04-Notre-Dame-de-Namur--California-Baptist,2017-11-04,Notre Dame de Namur,California Baptist,false,false,1,2,away,final,,https://cbulancers.com/sports/mens-soccer/stats/2017/notre-dame-de-namur/boxscore/7959,,2017-11-04-California-Baptist-Notre-Dame-de-Namur,regular
sidearm-2017-11-04-Portland-Gonzaga,2017-11-04,Portland,Gonzaga,false,false,1,0,away,final,,https://portlandpilots.com/boxscore.aspx?id=13253,,2017-11-04-Gonzaga-Portland,regular
sidearm-2017-11-04-American-Army-West-Point,2017-11-04,American,Army,false,false,2,3,away,final,,https://aueagles.com/sports/mens-soccer/stats/2017/army-west-point/boxscore/1625,https://goarmywestpoint.com/sports/mens-soccer/stats/2017/american/boxscore/9984,2017-11-04-American-Army,regular
sidearm-2017-11-04-Lafayette-Loyola-Maryland,2017-11-04,Lafayette,Loyola Maryland,false,false,0,1,unknown,final,,,,2017-11-04-Lafayette-Loyola-Maryland,regular
sidearm-2017-11-04-Holy-Cross-Lehigh,2017-11-04,Holy Cross,Lehigh,false,false,1,0,away,final,,https://lehighsports.com/sports/mens-soccer/stats/2017/holy-cross/boxscore/10546,,2017-11-04-Holy-Cross-Lehigh,regular
sidearm-2017-11-04-Loyola-University-Maryland-Lafayette,2017-11-04,Loyola University Maryland,Lafayette,false,false,1,0,away,final,,https://loyolagreyhounds.com/sports/mens-soccer/stats/2017/lafayette/boxscore/4726,,2017-11-04-Lafayette-Loyola-University-Maryland,regular
sidearm-2017-11-04-Navy-Bucknell,2017-11-04,Navy,Bucknell,false,false,0,1,away,final,,https://navysports.com/sports/mens-soccer/stats/2017/bucknell/boxscore/6130,,2017-11-04-Bucknell-Navy,regular
sidearm-2017-11-04-Furman-VMI,2017-11-04,Furman,VMI,false,false,7,1,unknown,final,,https://furmanpaladins.com/sports/mens-soccer/stats/2017/vmi/boxscore/2437,https://vmikeydets.com/sports/mens-soccer/stats/2017/furman/boxscore/3896,2017-11-04-Furman-VMI,regular
sidearm-2017-11-04-Mercer-#5-Wofford,2017-11-04,Mercer,Wofford,false,true,2,1,home,final,,https://mercerbears.com/sports/mens-soccer/stats/2017/-5-wofford/boxscore/3893,https://athletics.wofford.edu/sports/mens-soccer/stats/2017/mercer-university/boxscore/4167,2017-11-04-Mercer-Wofford,regular
sidearm-2017-11-04-Omaha-Oral-Roberts,2017-11-04,Omaha,Oral Roberts,false,false,2,0,home,final,,https://omavs.com/sports/mens-soccer/stats/2017/oral-roberts/boxscore/9814,https://oruathletics.com/sports/mens-soccer/stats/2017/omaha/boxscore/2104,2017-11-04-Omaha-Oral-Roberts,regular
sidearm-2017-11-04-St.-Thomas-Macalester,2017-11-04,St. Thomas,Macalester,false,false,5,2,home,final,,https://tommiesports.com/sports/msoc/stats/2017/macalester/boxscore/4826,,2017-11-04-Macalester-St.-Thomas,regular
sidearm-2017-11-04-Georgia-State-Coastal-Carolina,2017-11-04,Georgia State,Coastal Carolina,false,false,1,3,away,final,,https://georgiastatesports.com/news/2017/11/4/211676865.aspx,,2017-11-04-Coastal-Carolina-Georgia-State,regular
sidearm-2017-11-04-Appalachian-State-Georgia-Southern,2017-11-04,Appalachian State,Georgia Southern,false,false,0,2,away,final,,https://gseagles.com/sports/mens-soccer/stats/2017/appalachian-state/boxscore/5109,,2017-11-04-Appalachian-State-Georgia-Southern,regular
wmt-2017-11-04-Cincinnati-UCF,2017-11-04,Cincinnati,UCF,false,false,1,2,away,final,https://ucfknights.com/sports/mens-soccer/schedule,https://ucfknights.com/boxscore/3238,,2017-11-04-Cincinnati-UCF,regular
sidearm-2017-11-04-SIUE-West-Virginia,2017-11-04,SIUE,West Virginia,false,false,1,2,away,final,,https://wvusports.com/sports/mens-soccer/stats/2017/siue/boxscore/4046,,2017-11-04-SIUE-West-Virginia,regular
sidearm-2017-11-04-Pacific-Saint-Mary''s,2017-11-04,Pacific,Saint Mary's,false,false,0,0,home,final,,https://pacifictigers.com/sports/mens-soccer/stats/2017/saint-mary-s/boxscore/1901,,2017-11-04-Pacific-Saint-Mary's,regular
sidearm-2017-11-05-California-UCLA,2017-11-05,California,UCLA,false,false,3,2,home,final,https://uclabruins.com/sports/mens-soccer/schedule,https://calbears.com/sports/mens-soccer/stats/2017/ucla/boxscore/16972,https://uclabruins.com/boxscore/5182,2017-11-05-California-UCLA,regular
wmt-2017-11-05-Clemson-Duke---ACC-Quarterfinals,2017-11-05,Duke - ACC Quarterfinals,Clemson,false,false,0,1,away,final,https://clemsontigers.com/sports/mens-soccer/schedule,https://clemsontigers.com/boxscore/3712,,2017-11-05-Clemson-Duke---ACC-Quarterfinals,conference_tournament
sidearm-2017-11-05-Duke-Clemson-(ACC-Quarterfinal),2017-11-05,Duke,Clemson,false,false,0,1,home,final,,https://goduke.com/sports/mens-soccer/stats/2017/clemson-acc-quarterfinal-/boxscore/1184,,2017-11-05-Clemson-Duke,conference_tournament
sidearm-2017-11-05-Louisville-#16-VIRGINIA,2017-11-05,Louisville,Virginia,false,true,0,0,home,final,https://virginiasports.com/sports/msoc/schedule,https://gocards.com/sports/mens-soccer/stats/2017/virginia/boxscore/14003,https://virginiasports.com/boxscore/4759,2017-11-05-Louisville-Virginia,regular
wmt-2017-11-05-North-Carolina-Notre-Dame,2017-11-05,North Carolina,Notre Dame,true,false,1,2,away,final,https://fightingirish.com/sports/msoc/schedule,https://fightingirish.com/boxscore/12741,https://goheels.com/sports/mens-soccer/stats/2017/notre-dame/boxscore/15031,2017-11-05-North-Carolina-Notre-Dame,regular
wmt-2017-11-05-San-Diego-State-Stanford,2017-11-05,Stanford,San Diego State,true,false,4,0,home,final,https://gostanford.com/sports/mens-soccer/schedule,https://gostanford.com/boxscore/7180,,2017-11-05-San-Diego-State-Stanford,regular
wmt-2017-11-05-Virginia-Tech-Wake-Forest,2017-11-05,Wake Forest,Virginia Tech,false,false,3,0,away,final,https://hokiesports.com/sports/mens-soccer/schedule,https://hokiesports.com/boxscore/10293,,2017-11-05-Virginia-Tech-Wake-Forest,regular
sidearm-2017-11-05-FGCU-Lipscomb,2017-11-05,FGCU,Lipscomb,false,false,1,2,away,final,,https://fgcuathletics.com/sports/mens-soccer/stats/2017/lipscomb/boxscore/6427,https://lipscombsports.com/sports/mens-soccer/stats/2017/fgcu/boxscore/8312,2017-11-05-FGCU-Lipscomb,regular
sidearm-2017-11-05-Jacksonville-Stetson,2017-11-05,Jacksonville,Stetson,false,false,2,1,unknown,final,,https://judolphins.com/sports/mens-soccer/stats/2017/stetson/boxscore/1815,https://gohatters.com/sports/mens-soccer/stats/2017/jacksonville/boxscore/5453,2017-11-05-Jacksonville-Stetson,regular
sidearm-2017-11-05-Queens-Wingate-University,2017-11-05,Queens,Wingate University,false,false,1,2,unknown,final,,https://queensathletics.com/sports/mens-soccer/stats/2017/wingate-university/boxscore/6223,,2017-11-05-Queens-Wingate-University,regular
sidearm-2017-11-05-St.-Bonaventure-VCU,2017-11-05,St. Bonaventure,VCU,false,true,4,1,unknown,final,,https://gobonnies.com/sports/mens-soccer/stats/2017/no-22-vcu/boxscore/1849,https://vcuathletics.com/sports/mens-soccer/stats/2017/st-bonaventure/boxscore/1725,2017-11-05-St.-Bonaventure-VCU,regular
sidearm-2017-11-05-Saint-Louis-Massachusetts,2017-11-05,Saint Louis,Massachusetts,false,false,0,1,unknown,final,,https://slubillikens.com/sports/mens-soccer/stats/2017/massachusetts/boxscore/6571,,2017-11-05-Massachusetts-Saint-Louis,regular
sidearm-2017-11-05-Liberty-Gardner-Webb,2017-11-05,Liberty,Gardner-Webb,false,true,3,0,away,final,,https://gwusports.com/sports/mens-soccer/stats/2017/liberty/boxscore/4869,https://libertyflames.com/sports/mens-soccer/stats/2017/gardner-webb/boxscore/10963,2017-11-05-Gardner-Webb-Liberty,regular
sidearm-2017-11-05-Presbyterian-Campbell,2017-11-05,Presbyterian,Campbell,false,false,2,1,unknown,final,,https://gocamels.com/sports/mens-soccer/stats/2017/presbyterian-college/boxscore/2106,,2017-11-05-Campbell-Presbyterian,regular
sidearm-2017-11-05-Winthrop-Big-South-Quarterfinals,2017-11-05,Winthrop,Big South Quarterfinals,false,false,,,unknown,scheduled,,,,2017-11-05-Big-South-Quarterfinals-Winthrop,conference_tournament
sidearm-2017-11-05-Maryland-Wisconsin,2017-11-05,Maryland,Wisconsin,true,false,1,2,home,final,,https://umterps.com/sports/mens-soccer/stats/2017/wisconsin/boxscore/7486,https://uwbadgers.com/sports/mens-soccer/stats/2017/maryland/boxscore/8526,2017-11-05-Maryland-Wisconsin,regular
sidearm-2017-11-05-Michigan-Northwestern,2017-11-05,Michigan,Northwestern,true,false,4,1,home,final,https://nusports.com/sports/mens-soccer/schedule,https://mgoblue.com/sports/mens-soccer/stats/2017/northwestern/boxscore/10819,https://nusports.com/boxscore/5162,2017-11-05-Michigan-Northwestern,regular
sidearm-2017-11-05-Michigan-State-Ohio-State,2017-11-05,Michigan State,Ohio State,false,false,1,2,home,final,,https://msuspartans.com/sports/mens-soccer/stats/2017/ohio-state/boxscore/6282,https://ohiostatebuckeyes.com/sports/mens-soccer/stats/2017/michigan-state/boxscore/10185,2017-11-05-Michigan-State-Ohio-State,regular
sidearm-2017-11-05-Columbia-University-Harvard,2017-11-05,Columbia University,Harvard,true,false,6,0,home,final,,https://gocolumbialions.com/sports/mens-soccer/stats/2017/harvard/boxscore/7157,https://gocrimson.com/boxscore.aspx?id=33207,2017-11-05-Columbia-University-Harvard,regular
sidearm-2017-11-05-Canisius-Iona,2017-11-05,Canisius,Iona,false,false,1,0,unknown,final,,https://gogriffs.com/sports/mens-soccer/stats/2017/iona/boxscore/5586,https://ionagaels.com/sports/mens-soccer/stats/2017/canisius/boxscore/8090,2017-11-05-Canisius-Iona,regular
sidearm-2017-11-05-Manhattan-Quinnipiac,2017-11-05,Manhattan,Quinnipiac,true,false,0,1,away,final,,https://gojaspers.com/sports/mens-soccer/stats/2017/quinnipiac/boxscore/5081,https://gobobcats.com/sports/mens-soccer/stats/2017/manhattan/boxscore/8303,2017-11-05-Manhattan-Quinnipiac,regular
sidearm-2017-11-05-Merrimack-College-Bentley,2017-11-05,Merrimack College,Bentley,false,false,2,1,unknown,final,,https://merrimackathletics.com/sports/mens-soccer/stats/2017/bentley/boxscore/4825,,2017-11-05-Bentley-Merrimack-College,regular
sidearm-2017-11-05-Western-Michigan-Bowling-Green,2017-11-05,Western Michigan,Bowling Green,false,false,1,0,away,final,,https://wmubroncos.com/sports/mens-soccer/stats/2017/bowling-green/boxscore/6732,,2017-11-05-Bowling-Green-Western-Michigan,regular
sidearm-2017-11-05-Lindenwood-Northeastern-State-University,2017-11-05,Lindenwood,Northeastern State University,false,true,1,0,unknown,final,,https://lindenwoodlions.com/sports/mens-soccer/stats/2017/-25-northeastern-state-university/boxscore/16174,,2017-11-05-Lindenwood-Northeastern-State-University,regular
sidearm-2017-11-05-University-of-Southern-Indiana-University-of-Indianapolis,2017-11-05,University of Southern Indiana,University of Indianapolis,false,false,0,1,unknown,final,,https://gousieagles.com/sports/mens-soccer/stats/2017/university-of-indianapolis/boxscore/5066,,2017-11-05-University-of-Indianapolis-University-of-Southern-Indiana,regular
sidearm-2017-11-05-UC-San-Diego-Cal-Poly-Pomona-vs.-Cal-State-LA,2017-11-05,UC San Diego,Cal Poly Pomona vs. Cal State LA,false,false,2,0,unknown,final,,,,2017-11-05-Cal-Poly-Pomona-vs.-Cal-State-LA-UC-San-Diego,regular
sidearm-2017-11-05-UMass-#8-Saint-Louis,2017-11-05,UMass,Saint Louis,false,true,1,0,home,final,,https://umassathletics.com/sports/mens-soccer/stats/2017/saint-louis/boxscore/10701,,2017-11-05-Saint-Louis-UMass,regular
sidearm-2017-11-05-Loyola-Marymount-Santa-Clara,2017-11-05,Loyola Marymount,Santa Clara,false,false,2,1,away,final,,https://santaclarabroncos.com/sports/mens-soccer/stats/2017/loyola-marymount/boxscore/2694,,2017-11-05-Loyola-Marymount-Santa-Clara,regular
sidearm-2017-11-06-Indiana-Penn-State,2017-11-06,Indiana,Penn State,false,false,1,0,home,final,https://gopsusports.com/sports/mens-soccer/schedule,https://iuhoosiers.com/sports/mens-soccer/stats/2017/penn-state/boxscore/12372,https://gopsusports.com/boxscore/6104,2017-11-06-Indiana-Penn-State,regular
sidearm-2017-11-06-Cleveland-State-Wright-State,2017-11-06,Cleveland State,Wright State,false,false,4,0,home,final,,https://csuvikings.com/sports/mens-soccer/stats/2017/wright-state/boxscore/10117,https://wsuraiders.com/sports/mens-soccer/stats/2017/cleveland-state-first-round-/boxscore/4208,2017-11-06-Cleveland-State-Wright-State,regular
sidearm-2017-11-06-Detroit-Mercy-Milwaukee-(First-Round),2017-11-06,Detroit Mercy,Milwaukee,false,false,2,2,unknown,final,,https://detroittitans.com/sports/mens-soccer/stats/2017/milwaukee-first-round-/boxscore/3917,https://mkepanthers.com/sports/mens-soccer/stats/2017/detroit-mercy/boxscore/7585,2017-11-06-Detroit-Mercy-Milwaukee,conference_tournament
sidearm-2017-11-07-Drake-Valparaiso,2017-11-07,Drake,Valparaiso,false,false,4,2,unknown,final,,https://godrakebulldogs.com/sports/mens-soccer/stats/2017/valparaiso/boxscore/7431,,2017-11-07-Drake-Valparaiso,regular
sidearm-2017-11-07-Lehigh-#5-Holy-Cross,2017-11-07,Lehigh,Holy Cross,false,true,0,3,home,final,,https://lehighsports.com/sports/mens-soccer/stats/2017/holy-cross/boxscore/10547,,2017-11-07-Holy-Cross-Lehigh,regular
wmt-2017-11-08-Clemson-Wake-Forest---ACC-Semifinals,2017-11-08,Wake Forest - ACC Semifinals,Clemson,false,false,2,1,away,final,https://clemsontigers.com/sports/mens-soccer/schedule,https://clemsontigers.com/boxscore/3726,,2017-11-08-Clemson-Wake-Forest---ACC-Semifinals,conference_tournament
wmt-2017-11-08-Notre-Dame-Virginia,2017-11-08,Virginia,Notre Dame,true,false,2,1,away,final,https://fightingirish.com/sports/msoc/schedule,https://fightingirish.com/boxscore/12734,https://virginiasports.com/boxscore/4747,2017-11-08-Notre-Dame-Virginia,regular
sidearm-2017-11-08-Wake-Forest-Clemson,2017-11-08,Wake Forest,Clemson,false,false,2,1,home,final,,,,2017-11-08-Clemson-Wake-Forest,regular
sidearm-2017-11-08-University-of-Massachusetts-Lowell-New-Hampshire,2017-11-08,University of Massachusetts Lowell,New Hampshire,false,false,2,1,away,final,,https://unhwildcats.com/sports/mens-soccer/stats/2017/university-of-massachusetts-lowell/boxscore/5497,,2017-11-08-New-Hampshire-University-of-Massachusetts-Lowell,regular
sidearm-2017-11-08-UMass-Lowell-#3-New-Hampshire,2017-11-08,UMass Lowell,New Hampshire,false,true,2,1,home,final,,https://goriverhawks.com/sports/mens-soccer/stats/2017/new-hampshire/boxscore/5143,,2017-11-08-New-Hampshire-UMass-Lowell,regular
sidearm-2017-11-08-Vermont-Albany,2017-11-08,Vermont,Albany,false,false,1,0,unknown,final,,https://uvmathletics.com/sports/mens-soccer/stats/2017/albany/boxscore/2550,,2017-11-08-Albany-Vermont,regular
sidearm-2017-11-08-New-Mexico-Charlotte,2017-11-08,New Mexico,Charlotte,false,false,0,1,neutral,final,,https://charlotte49ers.com/sports/mens-soccer/stats/2017/new-mexico/boxscore/7532,,2017-11-08-Charlotte-New-Mexico,regular
sidearm-2017-11-08-Loyola-Chicago-Evansville-(Quarterfinals),2017-11-08,Loyola Chicago,University of Evansville,false,false,0,1,unknown,final,,https://loyolaramblers.com/sports/mens-soccer/stats/2017/evansville-quarterfinals-/boxscore/4153,,2017-11-08-Loyola-Chicago-University-of-Evansville,conference_tournament
sidearm-2017-11-08-Butler-Xavier-(Semifinals),2017-11-08,Butler,Xavier,true,false,2,2,away,final,,https://butlersports.com/sports/mens-soccer/stats/2017/xavier-semifinals-/boxscore/5311,https://goxavier.com/sports/mens-soccer/stats/2017/no-1-butler/boxscore/7017,2017-11-08-Butler-Xavier,conference_tournament
sidearm-2017-11-08-Georgetown-St.-John's,2017-11-08,Georgetown,St. John's,false,false,2,1,away,final,,https://redstormsports.com/sports/mens-soccer/stats/2017/georgetown/boxscore/2679,,2017-11-08-Georgetown-St.-John's,regular
sidearm-2017-11-08-High-Point-Liberty,2017-11-08,High Point,Liberty,true,false,3,1,away,final,,https://highpointpanthers.com/sports/mens-soccer/stats/2017/liberty/boxscore/10572,https://libertyflames.com/sports/mens-soccer/stats/2017/high-point/boxscore/10964,2017-11-08-High-Point-Liberty,regular
sidearm-2017-11-08-Presbyterian-Radford,2017-11-08,Presbyterian,Radford,true,false,5,3,home,final,,https://radfordathletics.com/sports/mens-soccer/stats/2017/presbyterian/boxscore/8730,,2017-11-08-Presbyterian-Radford,regular
sidearm-2017-11-08-Winthrop-Big-South-Semifinals,2017-11-08,Winthrop,Big South Semifinals,false,false,,,unknown,scheduled,,,,2017-11-08-Big-South-Semifinals-Winthrop,conference_tournament
sidearm-2017-11-08-Drake-Bradley,2017-11-08,Drake,Bradley,false,false,1,3,unknown,final,,https://godrakebulldogs.com/sports/mens-soccer/stats/2017/bradley/boxscore/7873,,2017-11-08-Bradley-Drake,regular
sidearm-2017-11-08-University-of-Evansville-Loyola,2017-11-08,University of Evansville,Loyola,false,false,1,0,unknown,final,,https://gopurpleaces.com/sports/mens-soccer/stats/2017/loyola/boxscore/8285,,2017-11-08-Loyola-University-of-Evansville,regular
sidearm-2017-11-08-Quarterfinals-Air-Force,2017-11-08,Quarterfinals,Air Force,false,false,,,neutral,scheduled,,,,2017-11-08-Air-Force-Quarterfinals,conference_tournament
wmt-2017-11-08-San-Jose-State-UTRGV,2017-11-08,San Jose State,UTRGV,true,false,2,0,neutral,final,https://sjsuspartans.com/sports/mens-soccer/schedule,https://goutrgv.com/sports/mens-soccer/stats/2017/no-4-san-jose-state/boxscore/24338,https://storage.googleapis.com/san-jose-state-prod/2023/06/28/4AnuG2d5eS11KW0DgYFQt2bhQwAY2uvRXP6khQKN.pdf,2017-11-08-San-Jose-State-UTRGV,regular
sidearm-2017-11-08-UNLV-Grand-Canyon-(WAC-First-Round),2017-11-08,UNLV,Grand Canyon,true,false,2,1,away,final,,https://gculopes.com/sports/mens-soccer/stats/2017/unlv/boxscore/9376,,2017-11-08-Grand-Canyon-UNLV,conference_tournament
wmtwp-2017-11-08-Kentucky-Marshall,2017-11-08,Kentucky,Marshall,false,false,0,1,neutral,final,https://ukathletics.com/sports/msoc/schedule/2017,,,2017-11-08-Kentucky-Marshall,regular
wmtwp-2017-11-08-Old-Dominion-South-Carolina,2017-11-08,Old Dominion,South Carolina,false,false,2,0,away,final,https://gamecocksonline.com/sports/msoc/schedule/2017,https://gamecocksonline.com/boxscore/old-dominion-20/,,2017-11-08-Old-Dominion-South-Carolina,regular
sidearm-2017-11-08-Pacific-San-Francisco,2017-11-08,Pacific,San Francisco,false,false,0,3,away,final,,https://pacifictigers.com/sports/mens-soccer/stats/2017/san-francisco/boxscore/1902,https://usfdons.com/sports/mens-soccer/stats/2017/pacific/boxscore/4672,2017-11-08-Pacific-San-Francisco,regular
sidearm-2017-11-09-Stanford-California,2017-11-09,Stanford,California,false,true,1,0,away,final,https://gostanford.com/sports/mens-soccer/schedule,https://calbears.com/sports/mens-soccer/stats/2017/stanford/boxscore/16973,https://gostanford.com/boxscore/7181,2017-11-09-California-Stanford,regular
sidearm-2017-11-09-Oregon-State-Washington,2017-11-09,Oregon State,Washington,false,true,4,3,away,final,,https://gohuskies.com/sports/mens-soccer/stats/2017/oregon-state/boxscore/13177,https://osubeavers.com/sports/mens-soccer/stats/2017/washington/boxscore/9111,2017-11-09-Oregon-State-Washington,regular
sidearm-2017-11-09-Cleveland-State-UIC,2017-11-09,Cleveland State,UIC,false,false,1,3,unknown,final,,https://csuvikings.com/sports/mens-soccer/stats/2017/uic/boxscore/10118,https://uicflames.com/sports/mens-soccer/stats/2017/cleveland-state/boxscore/10496,2017-11-09-Cleveland-State-UIC,regular
sidearm-2017-11-09-Detroit-Mercy-Green-Bay-(Semifinals),2017-11-09,Detroit Mercy,Green Bay (Semifinals),false,false,1,3,unknown,final,,https://detroittitans.com/sports/mens-soccer/stats/2017/green-bay-semifinals-/boxscore/3918,,2017-11-09-Detroit-Mercy-Green-Bay-(Semifinals),conference_tournament
sidearm-2017-11-09-Canisius-Rider,2017-11-09,Canisius,Rider University,false,false,1,3,unknown,final,,https://gogriffs.com/sports/mens-soccer/stats/2017/rider/boxscore/5643,https://gobroncs.com/sports/mens-soccer/stats/2017/canisius-college/boxscore/4361,2017-11-09-Canisius-Rider-University,regular
sidearm-2017-11-09-Fairfield-Quinnipiac,2017-11-09,Fairfield,Quinnipiac,true,false,0,0,away,final,,https://fairfieldstags.com/sports/mens-soccer/stats/2017/quinnipiac/boxscore/7793,https://gobobcats.com/sports/mens-soccer/stats/2017/fairfield/boxscore/8304,2017-11-09-Fairfield-Quinnipiac,regular
sidearm-2017-11-09-Merrimack-College-Goldey-Beacom-(at-Adelphi),2017-11-09,Merrimack College,Goldey-Beacom (at Adelphi),false,false,0,1,unknown,final,,https://merrimackathletics.com/sports/mens-soccer/stats/2017/goldey-beacom-at-adelphi-/boxscore/4873,,2017-11-09-Goldey-Beacom-(at-Adelphi)-Merrimack-College,regular
sidearm-2017-11-09-Eastern-Illinois-Denver,2017-11-09,Eastern Illinois,Denver,true,false,0,1,neutral,final,,https://eiupanthers.com/sports/mens-soccer/stats/2017/denver/boxscore/6318,https://denverpioneers.com/sports/mens-soccer/stats/2017/no-4-seed-eastern-illinois/boxscore/2453,2017-11-09-Denver-Eastern-Illinois,regular
sidearm-2017-11-09-University-of-Southern-Indiana-NCAA-First-&-Second-Rounds,2017-11-09,University of Southern Indiana,NCAA First & Second Rounds,false,false,,,unknown,scheduled,,,,2017-11-09-NCAA-First-&-Second-Rounds-University-of-Southern-Indiana,regular
sidearm-2017-11-09-Western-Illinois-Omaha,2017-11-09,Western Illinois,Omaha,false,false,0,2,home,final,,https://goleathernecks.com/sports/mens-soccer/stats/2017/omaha/boxscore/5968,https://omavs.com/sports/mens-soccer/stats/2017/western-illinois-no-2-seed-/boxscore/11101,2017-11-09-Omaha-Western-Illinois,regular
sidearm-2017-11-09-Denver-(No.-1-seed)-vs.-Eastern-Illinois-(No.-4-seed)-Omaha,2017-11-09,Denver (No. 1 seed) vs. Eastern Illinois (No. 4 seed),Omaha,false,false,,,neutral,scheduled,,,,2017-11-09-Denver-(No.-1-seed)-vs.-Eastern-Illinois-(No.-4-seed)-Omaha,regular
wmt-2017-11-09-Old-Dominion-South-Carolina,2017-11-09,Old Dominion,South Carolina,false,false,2,0,home,final,https://odusports.com/sports/mens-soccer/schedule,,,2017-11-09-Old-Dominion-South-Carolina,regular
wmt-2017-11-09-CSU-Bakersfield-Seattle,2017-11-09,Seattle,CSU Bakersfield,false,false,3,0,neutral,final,https://goseattleu.com/sports/mens-soccer/schedule,https://goseattleu.com/boxscore/2259,,2017-11-09-CSU-Bakersfield-Seattle,regular
sidearm-2017-11-10-SMU-Temple,2017-11-10,SMU,Temple University,false,false,4,0,neutral,final,,https://smumustangs.com/sports/mens-soccer/stats/2017/temple/boxscore/8849,https://owlsports.com/sports/mens-soccer/stats/2017/smu/boxscore/6593,2017-11-10-SMU-Temple-University,regular
sidearm-2017-11-10-#8-FIU-Charlotte,2017-11-10,FIU,Charlotte,true,false,1,3,neutral,final,,https://charlotte49ers.com/sports/mens-soccer/stats/2017/fiu/boxscore/7533,,2017-11-10-Charlotte-FIU,regular
sidearm-2017-11-10-FIU-4-Seed-Charlotte,2017-11-10,FIU,4-Seed Charlotte,false,false,1,3,unknown,final,,https://fiusports.com/sports/mens-soccer/stats/2017/4-seed-charlotte/boxscore/6225,,2017-11-10-4-Seed-Charlotte-FIU,regular
sidearm-2017-11-10-Evansville--Missouri-State,2017-11-10,University of Evansville,Missouri State,false,false,0,0,neutral,final,,https://missouristatebears.com/sports/mens-soccer/stats/2017/evansville/boxscore/3487,https://gopurpleaces.com/sports/mens-soccer/stats/2017/missouri-state/boxscore/8286,2017-11-10-Missouri-State-University-of-Evansville,regular
sidearm-2017-11-10-Central-Arkansas-Bradley-University,2017-11-10,Central Arkansas,Bradley University,false,false,1,1,unknown,final,,https://ucasports.com/sports/mens-soccer/stats/2017/bradley-university/boxscore/3008,,2017-11-10-Bradley-University-Central-Arkansas,regular
sidearm-2017-11-10-Dayton-Atlantic-10-Championship,2017-11-10,Dayton,Atlantic 10 Championship,false,false,,,unknown,scheduled,,,,2017-11-10-Atlantic-10-Championship-Dayton,conference_tournament
sidearm-2017-11-10-Fordham-Massachusetts,2017-11-10,Fordham,Massachusetts,false,false,0,1,unknown,final,,https://fordhamsports.com/sports/mens-soccer/stats/2017/massachusetts/boxscore/7808,,2017-11-10-Fordham-Massachusetts,regular
sidearm-2017-11-10-Rhode-Island-VCU,2017-11-10,Rhode Island,VCU,false,false,0,2,unknown,final,,https://gorhody.com/sports/mens-soccer/stats/2017/vcu/boxscore/2821,https://vcuathletics.com/sports/mens-soccer/stats/2017/rhode-island/boxscore/1726,2017-11-10-Rhode-Island-VCU,regular
sidearm-2017-11-10-SIU-Edwardsville-Akron,2017-11-10,SIU Edwardsville,Akron,false,false,1,2,neutral,final,,https://gozips.com/sports/mens-soccer/stats/2017/siu-edwardsville/boxscore/5258,,2017-11-10-Akron-SIU-Edwardsville,regular
sidearm-2017-11-10-UCF-UConn,2017-11-10,UCF,UConn,false,false,1,0,neutral,final,https://ucfknights.com/sports/mens-soccer/schedule,https://ucfknights.com/boxscore/3239,,2017-11-10-UCF-UConn,regular
sidearm-2017-11-10-Ohio-State-Indiana,2017-11-10,Ohio State,Indiana,false,false,0,4,neutral,final,,https://iuhoosiers.com/sports/mens-soccer/stats/2017/ohio-state/boxscore/12373,https://ohiostatebuckeyes.com/sports/mens-soccer/stats/2017/indiana/boxscore/10190,2017-11-10-Indiana-Ohio-State,regular
sidearm-2017-11-10-Wisconsin-Michigan,2017-11-10,Wisconsin,Michigan,false,true,4,0,neutral,final,,https://mgoblue.com/sports/mens-soccer/stats/2017/wisconsin/boxscore/10820,https://uwbadgers.com/sports/mens-soccer/stats/2017/michigan/boxscore/9039,2017-11-10-Michigan-Wisconsin,regular
sidearm-2017-11-10-#2-UNCW-Charleston,2017-11-10,UNC Wilmington,Charleston,true,false,2,1,neutral,final,,https://cofcsports.com/sports/mens-soccer/stats/2017/uncw/boxscore/8446,,2017-11-10-Charleston-UNC-Wilmington,regular
sidearm-2017-11-10-William-&-Mary-James-Madison-(Semifinals),2017-11-10,William & Mary,James Madison,true,false,1,0,home,final,,https://tribeathletics.com/sports/mens-soccer/stats/2017/james-madison-semifinals-/boxscore/10089,https://jmusports.com/sports/mens-soccer/stats/2017/william-mary/boxscore/14238,2017-11-10-James-Madison-William-&-Mary,conference_tournament
sidearm-2017-11-10-Robert-Morris-St.-Francis-Brooklyn,2017-11-10,Robert Morris,St. Francis Brooklyn,false,true,0,3,unknown,final,,https://rmucolonials.com/sports/mens-soccer/stats/2017/-1-st-francis-brooklyn/boxscore/5805,,2017-11-10-Robert-Morris-St.-Francis-Brooklyn,regular
sidearm-2017-11-10-Western-Michigan-West-Virginia-University,2017-11-10,Western Michigan,West Virginia,true,false,1,0,away,final,,https://wmubroncos.com/sports/mens-soccer/stats/2017/west-virginia-university/boxscore/6733,https://wvusports.com/sports/mens-soccer/stats/2017/western-michigan/boxscore/4551,2017-11-10-West-Virginia-Western-Michigan,regular
sidearm-2017-11-10-San-Jose-State-Air-Force,2017-11-10,San Jose State,Air Force,false,true,1,0,neutral,final,https://sjsuspartans.com/sports/mens-soccer/schedule,https://storage.googleapis.com/san-jose-state-prod/2023/06/28/XDvsdIq3uO5nEutFjx3atxg3RLZhiClM08ociUYy.pdf,,2017-11-10-Air-Force-San-Jose-State,regular
sidearm-2017-11-10-UNLV-Seattle-(Semifinals),2017-11-10,UNLV,Seattle,false,false,0,0,neutral,final,https://goseattleu.com/sports/mens-soccer/schedule,https://goseattleu.com/boxscore/2266,,2017-11-10-Seattle-UNLV,conference_tournament
sidearm-2017-11-10-Howard-Hartwick-College,2017-11-10,Howard,Hartwick College,false,false,1,0,unknown,final,,https://hubison.com/sports/mens-soccer/stats/2017/hartwick-college/boxscore/6187,,2017-11-10-Hartwick-College-Howard,regular
sidearm-2017-11-10-Holy-Cross-(PL-Semifinal)-Boston-University,2017-11-10,Holy Cross,Boston University,false,false,0,0,neutral,final,,https://goterriers.com/sports/mens-soccer/stats/2017/holy-cross-pl-semifinal-/boxscore/7045,,2017-11-10-Boston-University-Holy-Cross,conference_tournament
sidearm-2017-11-10-Loyola-University-Maryland-Colgate,2017-11-10,Loyola University Maryland,Colgate,false,false,2,3,unknown,final,,https://loyolagreyhounds.com/sports/mens-soccer/stats/2017/colgate/boxscore/4727,,2017-11-10-Colgate-Loyola-University-Maryland,regular
sidearm-2017-11-10-ETSU-Mercer,2017-11-10,ETSU,Mercer,true,true,0,0,neutral,final,,https://mercerbears.com/sports/mens-soccer/stats/2017/-1-etsu/boxscore/3894,,2017-11-10-ETSU-Mercer,regular
sidearm-2017-11-10-Furman-UNCG,2017-11-10,Furman,UNC Greensboro,false,false,2,3,unknown,final,,https://furmanpaladins.com/sports/mens-soccer/stats/2017/uncg/boxscore/2438,https://uncgspartans.com/sports/mens-soccer/stats/2017/furman-semifinal-/boxscore/5169,2017-11-10-Furman-UNC-Greensboro,regular
sidearm-2017-11-10-#5-Fordham-UMass,2017-11-10,Fordham,UMass,true,false,0,1,neutral,final,,https://umassathletics.com/sports/mens-soccer/stats/2017/fordham/boxscore/10702,,2017-11-10-Fordham-UMass,regular
sidearm-2017-11-10-Appalachian-State-Georgia-Southern,2017-11-10,Appalachian State,Georgia Southern,false,false,0,0,neutral,final,,https://gseagles.com/sports/mens-soccer/stats/2017/appalachian-state/boxscore/5110,,2017-11-10-Appalachian-State-Georgia-Southern,regular
sidearm-2017-11-10-Old-Dominion-Marshall,2017-11-10,Old Dominion,Marshall,false,false,1,0,neutral,final,,,,2017-11-10-Marshall-Old-Dominion,regular
sidearm-2017-11-11-Jacksonville-Lipscomb,2017-11-11,Jacksonville,Lipscomb,false,false,1,2,away,final,,https://judolphins.com/sports/mens-soccer/stats/2017/lipscomb/boxscore/1816,https://lipscombsports.com/sports/mens-soccer/stats/2017/jacksonville/boxscore/8313,2017-11-11-Jacksonville-Lipscomb,regular
sidearm-2017-11-11-Stetson-Atlantic-Sun-Conference,2017-11-11,Stetson,Atlantic Sun Conference,false,false,,,unknown,scheduled,,,,2017-11-11-Atlantic-Sun-Conference-Stetson,regular
wmt-2017-11-11-San-Diego-State-UCLA,2017-11-11,San Diego State,UCLA,false,false,4,0,away,final,https://uclabruins.com/sports/mens-soccer/schedule,https://uclabruins.com/boxscore/5183,,2017-11-11-San-Diego-State-UCLA,regular
sidearm-2017-11-11-Cal-State-Fullerton-UC-Davis,2017-11-11,Cal State Fullerton,UC Davis,false,false,0,0,unknown,final,,https://fullertontitans.com/sports/mens-soccer/stats/2017/uc-davis/boxscore/2775,https://ucdavisaggies.com/sports/mens-soccer/stats/2017/cal-state-fullerton/boxscore/3583,2017-11-11-Cal-State-Fullerton-UC-Davis,regular
sidearm-2017-11-11-Brown-Dartmouth,2017-11-11,Brown,Dartmouth College,false,false,0,1,home,final,,https://brownbears.com/sports/mens-soccer/stats/2017/dartmouth/boxscore/2374,https://dartmouthsports.com/sports/mens-soccer/stats/2017/brown/boxscore/8032,2017-11-11-Brown-Dartmouth-College,regular
sidearm-2017-11-11-Cornell-Columbia-University,2017-11-11,Cornell,Columbia University,false,false,0,2,away,final,,https://gocolumbialions.com/sports/mens-soccer/stats/2017/cornell/boxscore/7158,https://cornellbigred.com/sports/mens-soccer/stats/2017/columbia-university/boxscore/24093,2017-11-11-Columbia-University-Cornell,regular
sidearm-2017-11-11-Harvard-Penn,2017-11-11,Harvard,Penn,false,false,0,3,home,final,,https://gocrimson.com/boxscore.aspx?id=33207,https://pennathletics.com/sports/mens-soccer/stats/2017/harvard/boxscore/9815,2017-11-11-Harvard-Penn,regular
sidearm-2017-11-11-Princeton-Yale,2017-11-11,Princeton,Yale,false,false,0,1,home,final,,https://goprincetontigers.com/sports/mens-soccer/stats/2017/yale/boxscore/12432,https://yalebulldogs.com/sports/mens-soccer/stats/2017/princeton/boxscore/3285,2017-11-11-Princeton-Yale,regular
sidearm-2017-11-11-UIC-Green-Bay,2017-11-11,UIC,Green Bay,false,false,2,0,unknown,final,,https://uicflames.com/sports/mens-soccer/stats/2017/green-bay/boxscore/10497,,2017-11-11-Green-Bay-UIC,regular
sidearm-2017-11-11-Howard-Coastal-Carolina-University,2017-11-11,Howard,Coastal Carolina,false,false,1,2,home,final,,https://hubison.com/sports/mens-soccer/stats/2017/coastal-carolina-university/boxscore/6188,,2017-11-11-Coastal-Carolina-Howard,regular
sidearm-2017-11-11-Cal-State-Dominguez-Hills-California-Baptist,2017-11-11,Cal State Dominguez Hills,California Baptist,false,false,0,5,neutral,final,,https://cbulancers.com/sports/mens-soccer/stats/2017/cal-state-dominguez-hills/boxscore/8275,,2017-11-11-Cal-State-Dominguez-Hills-California-Baptist,regular
sidearm-2017-11-11-University-of-the-Pacific-Gonzaga,2017-11-11,Pacific,Gonzaga,false,false,3,1,away,final,,https://pacifictigers.com/sports/mens-soccer/stats/2017/gonzaga/boxscore/1903,,2017-11-11-Gonzaga-Pacific,regular
sidearm-2017-11-11-Omaha-Denver-(No.-1-seed),2017-11-11,Omaha,Denver,true,false,1,1,home,final,,https://omavs.com/sports/mens-soccer/stats/2017/denver-no-1-seed-/boxscore/11103,https://denverpioneers.com/sports/mens-soccer/stats/2017/no-3-seed-omaha/boxscore/2454,2017-11-11-Denver-Omaha,regular
sidearm-2017-11-11-St.-Thomas-UW-Superior,2017-11-11,St. Thomas,UW-Superior,false,false,4,3,home,final,,https://tommiesports.com/sports/msoc/stats/2017/uw-superior/boxscore/4827,,2017-11-11-St.-Thomas-UW-Superior,regular
sidearm-2017-11-11-Georgia-State-Georgia-Southern,2017-11-11,Georgia State,Georgia Southern,false,true,3,1,neutral,final,,https://gseagles.com/sports/mens-soccer/stats/2017/georgia-state/boxscore/5549,https://georgiastatesports.com/news/2017/11/11/211684928.aspx,2017-11-11-Georgia-Southern-Georgia-State,regular
wmt-2017-11-11-Marshall-Old-Dominion,2017-11-11,Old Dominion,Marshall,false,false,1,0,home,final,https://odusports.com/sports/mens-soccer/schedule,https://odusports.com/boxscore/9211,,2017-11-11-Marshall-Old-Dominion,regular
sidearm-2017-11-11-Loyola-Marymount-San-Francisco,2017-11-11,Loyola Marymount,San Francisco,false,false,1,2,home,final,,https://usfdons.com/sports/mens-soccer/stats/2017/loyola-marymount/boxscore/4677,,2017-11-11-Loyola-Marymount-San-Francisco,regular
sidearm-2017-11-11-Portland-Saint-Mary's,2017-11-11,Portland,Saint Mary's,false,false,2,3,home,final,,https://portlandpilots.com/boxscore.aspx?id=13253,,2017-11-11-Portland-Saint-Mary's,regular
sidearm-2017-11-11-San-Diego-Santa-Clara,2017-11-11,San Diego,Santa Clara,false,false,0,1,home,final,,https://santaclarabroncos.com/sports/mens-soccer/stats/2017/san-diego/boxscore/2695,,2017-11-11-San-Diego-Santa-Clara,regular
sidearm-2017-11-12-SMU-UCF,2017-11-12,SMU,UCF,false,false,2,1,neutral,final,https://ucfknights.com/sports/mens-soccer/schedule,https://smumustangs.com/sports/mens-soccer/stats/2017/ucf/boxscore/8850,https://ucfknights.com/boxscore/3240,2017-11-12-SMU-UCF,regular
wmt-2017-11-12-Virginia-Wake-Forest,2017-11-12,Virginia,Wake Forest,false,false,0,0,neutral,final,https://virginiasports.com/sports/msoc/schedule,https://virginiasports.com/boxscore/4685,,2017-11-12-Virginia-Wake-Forest,regular
sidearm-2017-11-12-UMass-Lowell-#4-UAlbany,2017-11-12,UMass Lowell,UAlbany,false,true,0,1,home,final,,https://goriverhawks.com/sports/mens-soccer/stats/2017/ualbany/boxscore/5144,,2017-11-12-UAlbany-UMass-Lowell,regular
sidearm-2017-11-12-Old-Dominion--Charlotte,2017-11-12,Old Dominion,Charlotte,false,false,1,0,away,final,https://odusports.com/sports/mens-soccer/schedule,https://charlotte49ers.com/sports/mens-soccer/stats/2017/old-dominion/boxscore/7534,https://odusports.com/boxscore/9212,2017-11-12-Charlotte-Old-Dominion,regular
sidearm-2017-11-12-Central-Arkansas--Missouri-State,2017-11-12,Central Arkansas,Missouri State,false,false,1,0,neutral,final,,https://missouristatebears.com/sports/mens-soccer/stats/2017/central-arkansas/boxscore/3752,https://ucasports.com/sports/mens-soccer/stats/2017/missouri-state-university/boxscore/3357,2017-11-12-Central-Arkansas-Missouri-State,regular
sidearm-2017-11-12-VCU-Massachusetts,2017-11-12,VCU,Massachusetts,false,false,1,3,unknown,final,,https://vcuathletics.com/sports/mens-soccer/stats/2017/massachusetts/boxscore/1727,,2017-11-12-Massachusetts-VCU,regular
sidearm-2017-11-12-No.-4-Western-Michigan-Akron,2017-11-12,Western Michigan,Akron,true,false,1,3,away,final,,https://gozips.com/sports/mens-soccer/stats/2017/western-michigan/boxscore/5259,https://wmubroncos.com/sports/mens-soccer/stats/2017/university-of-akron/boxscore/6734,2017-11-12-Akron-Western-Michigan,regular
sidearm-2017-11-12-Georgetown-Xavier,2017-11-12,Georgetown,Xavier,true,false,2,1,away,final,,https://goxavier.com/sports/mens-soccer/stats/2017/no-2-georgetown/boxscore/7018,,2017-11-12-Georgetown-Xavier,regular
sidearm-2017-11-12-High-Point-Presbyterian-College,2017-11-12,High Point,Presbyterian,false,false,0,0,unknown,final,,https://highpointpanthers.com/sports/mens-soccer/stats/2017/presbyterian-college/boxscore/10573,,2017-11-12-High-Point-Presbyterian,regular
sidearm-2017-11-12-Winthrop-Big-South-Championship-Game,2017-11-12,Winthrop,Big South Championship Game,false,false,,,unknown,scheduled,,,,2017-11-12-Big-South-Championship-Game-Winthrop,conference_tournament
sidearm-2017-11-12-#24-Wisconsin-Indiana,2017-11-12,Wisconsin,Indiana,true,false,0,0,neutral,final,,https://iuhoosiers.com/sports/mens-soccer/stats/2017/wisconsin/boxscore/12374,https://uwbadgers.com/sports/mens-soccer/stats/2017/indiana/boxscore/9040,2017-11-12-Indiana-Wisconsin,regular
sidearm-2017-11-12-William-&-Mary-UNCW-(Championship),2017-11-12,William & Mary,UNC Wilmington,false,false,4,2,unknown,final,,https://tribeathletics.com/sports/mens-soccer/stats/2017/uncw-championship-/boxscore/10090,,2017-11-12-UNC-Wilmington-William-&-Mary,conference_tournament
sidearm-2017-11-12-Fairfield-Rider,2017-11-12,Fairfield,Rider University,false,false,1,0,unknown,final,,https://fairfieldstags.com/sports/mens-soccer/stats/2017/rider/boxscore/8853,https://gobroncs.com/sports/mens-soccer/stats/2017/fairfield-university/boxscore/4362,2017-11-12-Fairfield-Rider-University,regular
wmt-2017-11-12-San-Jose-State-Seattle,2017-11-12,San Jose State,Seattle,false,true,1,2,neutral,final,https://sjsuspartans.com/sports/mens-soccer/schedule,https://goseattleu.com/boxscore/2265,https://storage.googleapis.com/san-jose-state-prod/2023/06/28/BHl36TOp3ps2B51nzjn2mqFVAXiHp288SOFRxwCG.pdf,2017-11-12-San-Jose-State-Seattle,regular
sidearm-2017-11-12-#2-UNCG-Mercer,2017-11-12,UNC Greensboro,Mercer,true,false,1,1,neutral,final,,https://mercerbears.com/sports/mens-soccer/stats/2017/-2-uncg/boxscore/5148,https://uncgspartans.com/sports/mens-soccer/stats/2017/mercer-final-/boxscore/5176,2017-11-12-Mercer-UNC-Greensboro,regular
sidearm-2017-11-12-St.-Thomas-Loras,2017-11-12,St. Thomas,Loras,false,false,1,0,home,final,,https://tommiesports.com/sports/msoc/stats/2017/loras/boxscore/4828,,2017-11-12-Loras-St.-Thomas,regular
sidearm-2017-11-12-#2-VCU-UMass,2017-11-12,VCU,UMass,true,false,1,3,neutral,final,,https://umassathletics.com/sports/mens-soccer/stats/2017/vcu/boxscore/10703,,2017-11-12-UMass-VCU,regular
sidearm-2017-11-12-Coastal-Carolina-Georgia-State,2017-11-12,Coastal Carolina,Georgia State,true,false,2,0,home,final,,https://georgiastatesports.com/news/2017/11/12/211685100.aspx,,2017-11-12-Coastal-Carolina-Georgia-State,regular
sidearm-2017-11-16-California-San-Francisco,2017-11-16,California,San Francisco,false,false,1,2,home,final,,https://calbears.com/sports/mens-soccer/stats/2017/san-francisco/boxscore/19785,https://usfdons.com/sports/mens-soccer/stats/2017/cal/boxscore/4916,2017-11-16-California-San-Francisco,regular
sidearm-2017-11-16-#25-Old-Dominion-(NCAA-1st-Round)-NC-State,2017-11-16,Old Dominion,NC State,true,false,2,0,away,final,,https://gopack.com/sports/mens-soccer/stats/2017/-25-old-dominion-ncaa-1st-round-/boxscore/13459,,2017-11-16-NC-State-Old-Dominion,regular
sidearm-2017-11-16-SMU-Central-Arkansas,2017-11-16,SMU,Central Arkansas,false,false,2,0,home,final,,https://smumustangs.com/sports/mens-soccer/stats/2017/central-arkansas/boxscore/8868,https://ucasports.com/sports/mens-soccer/stats/2017/southern-methodist-university/boxscore/3358,2017-11-16-Central-Arkansas-SMU,regular
wmt-2017-11-16-Air-Force-Virginia-Tech,2017-11-16,Virginia Tech,Air Force,false,false,2,0,home,final,https://hokiesports.com/sports/mens-soccer/schedule,https://hokiesports.com/boxscore/10294,,2017-11-16-Air-Force-Virginia-Tech,regular
sidearm-2017-11-16-New-Hampshire-Fairfield,2017-11-16,New Hampshire,Fairfield,false,false,3,0,home,final,,https://unhwildcats.com/sports/mens-soccer/stats/2017/fairfield/boxscore/5829,https://fairfieldstags.com/sports/mens-soccer/stats/2017/new-hampshire/boxscore/8854,2017-11-16-Fairfield-New-Hampshire,regular
sidearm-2017-11-16-FIU-Omaha,2017-11-16,FIU,Omaha,true,false,2,0,away,final,,https://fiusports.com/sports/mens-soccer/stats/2017/omaha/boxscore/7480,https://omavs.com/sports/mens-soccer/stats/2017/no-13-florida-international/boxscore/11106,2017-11-16-FIU-Omaha,regular
sidearm-2017-11-16-Butler-Lipscomb,2017-11-16,Butler,Lipscomb,false,false,2,0,away,final,,https://lipscombsports.com/sports/mens-soccer/stats/2017/butler/boxscore/8317,https://butlersports.com/sports/mens-soccer/stats/2017/lipscomb-first-round-/boxscore/7679,2017-11-16-Butler-Lipscomb,regular
sidearm-2017-11-16-Fordham-St.-Francis-Brooklyn,2017-11-16,Fordham,St. Francis Brooklyn,false,false,3,2,unknown,final,,https://fordhamsports.com/sports/mens-soccer/stats/2017/st-francis-brooklyn/boxscore/7813,,2017-11-16-Fordham-St.-Francis-Brooklyn,regular
sidearm-2017-11-16-Presbyterian-UNCW,2017-11-16,Presbyterian,UNC Wilmington,false,false,0,1,unknown,final,,https://gobluehose.com/news/2017/11/16/211685923.aspx,,2017-11-16-Presbyterian-UNC-Wilmington,regular
sidearm-2017-11-16-Maryland-Albany,2017-11-16,Maryland,Albany,false,false,0,0,home,final,,https://umterps.com/sports/mens-soccer/stats/2017/albany/boxscore/7487,,2017-11-16-Albany-Maryland,regular
sidearm-2017-11-16-Washington-Seattle,2017-11-16,Washington,Seattle,false,false,2,3,home,final,https://goseattleu.com/sports/mens-soccer/schedule,https://gohuskies.com/sports/mens-soccer/stats/2017/seattle/boxscore/14592,https://goseattleu.com/boxscore/2263,2017-11-16-Seattle-Washington,regular
sidearm-2017-11-16-Wisconsin-UIC,2017-11-16,Wisconsin,UIC,false,false,4,1,home,final,,https://uwbadgers.com/sports/mens-soccer/stats/2017/uic/boxscore/9042,https://uicflames.com/sports/mens-soccer/stats/2017/wisconsin/boxscore/11719,2017-11-16-UIC-Wisconsin,regular
sidearm-2017-11-16-Cal-State-Fullerton-Pacific,2017-11-16,Cal State Fullerton,Pacific,false,false,1,2,unknown,final,,https://fullertontitans.com/sports/mens-soccer/stats/2017/pacific/boxscore/2776,https://pacifictigers.com/sports/mens-soccer/stats/2017/cal-state-fullerton/boxscore/1904,2017-11-16-Cal-State-Fullerton-Pacific,regular
sidearm-2017-11-16-William-&-Mary-Columbia-(First-Round),2017-11-16,William & Mary,Columbia University,false,false,1,2,away,final,,https://tribeathletics.com/sports/mens-soccer/stats/2017/columbia-first-round-/boxscore/10604,https://gocolumbialions.com/sports/mens-soccer/stats/2017/william-mary/boxscore/7160,2017-11-16-Columbia-University-William-&-Mary,conference_tournament
sidearm-2017-11-16-University-of-Southern-Indiana-NCAA-Third-&-Fourth-Rounds,2017-11-16,University of Southern Indiana,NCAA Third & Fourth Rounds,false,false,,,unknown,scheduled,,,,2017-11-16-NCAA-Third-&-Fourth-Rounds-University-of-Southern-Indiana,regular
sidearm-2017-11-16-Cal-Poly-Pomona-California-Baptist,2017-11-16,Cal Poly Pomona,California Baptist,false,false,1,0,neutral,final,,https://cbulancers.com/sports/mens-soccer/stats/2017/cal-poly-pomona/boxscore/8277,,2017-11-16-Cal-Poly-Pomona-California-Baptist,regular
sidearm-2017-11-16-Coastal-Carolina-Mercer,2017-11-16,Coastal Carolina,Mercer,false,false,1,0,away,final,,https://mercerbears.com/sports/mens-soccer/stats/2017/coastal-carolina/boxscore/5149,,2017-11-16-Coastal-Carolina-Mercer,regular
sidearm-2017-11-16-UMass-Colgate,2017-11-16,UMass,Colgate,false,false,0,2,home,final,,https://umassathletics.com/sports/mens-soccer/stats/2017/colgate/boxscore/10704,,2017-11-16-Colgate-UMass,regular
wmt-2017-11-17-NC-State-Old-Dominion,2017-11-17,Old Dominion,NC State,false,false,2,0,home,final,https://odusports.com/sports/mens-soccer/schedule,https://odusports.com/boxscore/9213,,2017-11-17-NC-State-Old-Dominion,regular
sidearm-2017-11-18-Otterbein-St.-Thomas,2017-11-18,Otterbein,St. Thomas,false,false,0,3,neutral,final,,https://tommiesports.com/sports/msoc/stats/2017/otterbein/boxscore/4829,,2017-11-18-Otterbein-St.-Thomas,regular
wmt-2017-11-19-Clemson-Coastal-Carolina---NCAA-Second-Round,2017-11-19,Clemson,Coastal Carolina - NCAA Second Round,false,false,1,3,home,final,https://clemsontigers.com/sports/mens-soccer/schedule,https://clemsontigers.com/boxscore/3699,,2017-11-19-Clemson-Coastal-Carolina---NCAA-Second-Round,ncaa_tournament
sidearm-2017-11-19-Duke-FIU-(Second-Round),2017-11-19,Duke,FIU,false,false,2,1,home,final,,https://goduke.com/sports/mens-soccer/stats/2017/fiu-second-round-/boxscore/1185,https://fiusports.com/sports/mens-soccer/stats/2017/duke/boxscore/7500,2017-11-19-Duke-FIU,ncaa_tournament
sidearm-2017-11-19-Louisville-SAN-FRANCISCO,2017-11-19,Louisville,San Francisco,true,false,3,2,home,final,,https://gocards.com/sports/mens-soccer/stats/2017/san-francisco/boxscore/14526,https://usfdons.com/sports/mens-soccer/stats/2017/louisville/boxscore/4917,2017-11-19-Louisville-San-Francisco,regular
wmt-2017-11-19-Notre-Dame-Wisconsin,2017-11-19,Notre Dame,Wisconsin,true,true,0,1,home,final,https://fightingirish.com/sports/msoc/schedule,https://fightingirish.com/boxscore/12735,https://uwbadgers.com/sports/mens-soccer/stats/2017/notre-dame/boxscore/9043,2017-11-19-Notre-Dame-Wisconsin,regular
sidearm-2017-11-19-SMU-Georgetown,2017-11-19,SMU,Georgetown,false,false,2,1,unknown,final,,https://smumustangs.com/sports/mens-soccer/stats/2017/georgetown/boxscore/8869,,2017-11-19-Georgetown-SMU,regular
wmt-2017-11-19-Pacific-Stanford,2017-11-19,Stanford,Pacific,false,false,0,0,home,final,https://gostanford.com/sports/mens-soccer/schedule,https://gostanford.com/boxscore/7182,https://pacifictigers.com/sports/mens-soccer/stats/2017/stanford-ncaa-second-round-/boxscore/1905,2017-11-19-Pacific-Stanford,regular
sidearm-2017-11-19-North-Carolina-UNCW,2017-11-19,North Carolina,UNC Wilmington,false,false,2,1,home,final,,https://goheels.com/sports/mens-soccer/stats/2017/uncw/boxscore/15439,,2017-11-19-North-Carolina-UNC-Wilmington,regular
wmt-2017-11-19-Fordham-Virginia,2017-11-19,Virginia,Fordham,false,false,0,1,home,final,https://virginiasports.com/sports/msoc/schedule,https://virginiasports.com/boxscore/4617,https://fordhamsports.com/sports/mens-soccer/stats/2017/virginia/boxscore/7814,2017-11-19-Fordham-Virginia,regular
wmt-2017-11-19-Michigan-State-Virginia-Tech,2017-11-19,Michigan State,Virginia Tech,false,false,3,0,away,final,https://hokiesports.com/sports/mens-soccer/schedule,https://hokiesports.com/boxscore/10295,https://msuspartans.com/sports/mens-soccer/stats/2017/virginia-tech/boxscore/6283,2017-11-19-Michigan-State-Virginia-Tech,regular
sidearm-2017-11-19-Wake-Forest-Columbia,2017-11-19,Wake Forest,Columbia University,false,false,1,0,home,final,,https://gocolumbialions.com/sports/mens-soccer/stats/2017/wake-forest/boxscore/7161,,2017-11-19-Columbia-University-Wake-Forest,regular
sidearm-2017-11-19-#17-Dartmouth-College-New-Hampshire,2017-11-19,Dartmouth College,New Hampshire,true,true,0,0,away,final,,https://unhwildcats.com/sports/mens-soccer/stats/2017/dartmouth-college/boxscore/5830,https://dartmouthsports.com/sports/mens-soccer/stats/2017/new-hampshire/boxscore/8034,2017-11-19-Dartmouth-College-New-Hampshire,regular
sidearm-2017-11-19-VCU-Butler,2017-11-19,VCU,Butler,false,false,2,3,unknown,final,,https://vcuathletics.com/sports/mens-soccer/stats/2017/butler/boxscore/1728,https://butlersports.com/sports/mens-soccer/stats/2017/vcu-second-round-/boxscore/7680,2017-11-19-Butler-VCU,regular
sidearm-2017-11-19-Akron-No.-22-Seattle,2017-11-19,Akron,Seattle,false,true,3,0,home,final,https://goseattleu.com/sports/mens-soccer/schedule,https://gozips.com/sports/mens-soccer/stats/2017/seattle/boxscore/5495,https://goseattleu.com/boxscore/2264,2017-11-19-Akron-Seattle,regular
sidearm-2017-11-19-Indiana-#25-Old-Dominion,2017-11-19,Indiana,Old Dominion,false,true,3,0,home,final,https://odusports.com/sports/mens-soccer/schedule,https://iuhoosiers.com/sports/mens-soccer/stats/2017/old-dominion/boxscore/13761,https://odusports.com/boxscore/9214,2017-11-19-Indiana-Old-Dominion,regular
sidearm-2017-11-19-Michigan-Colgate,2017-11-19,Michigan,Colgate,false,false,2,3,home,final,,https://mgoblue.com/sports/mens-soccer/stats/2017/colgate/boxscore/12346,,2017-11-19-Colgate-Michigan,regular
sidearm-2017-11-19-Western-Michigan-Second-Round---Albany,2017-11-19,Western Michigan,Second Round - Albany,false,false,2,0,unknown,final,,https://wmubroncos.com/sports/mens-soccer/stats/2017/second-round-albany/boxscore/8028,,2017-11-19-Second-Round---Albany-Western-Michigan,ncaa_tournament
sidearm-2017-11-19-North-Park-St.-Thomas,2017-11-19,North Park,St. Thomas,false,false,1,0,away,final,,https://tommiesports.com/sports/msoc/stats/2017/north-park/boxscore/4830,,2017-11-19-North-Park-St.-Thomas,regular
sidearm-2017-11-19-#8-seed-Clemson-(2nd-Round)-Coastal-Carolina,2017-11-19,Clemson,Coastal Carolina,true,false,1,3,away,final,,,,2017-11-19-Clemson-Coastal-Carolina,regular
sidearm-2017-11-25-Duke-Fordham-(Third-Round),2017-11-25,Duke,Fordham,false,false,2,2,home,final,,https://goduke.com/sports/mens-soccer/stats/2017/fordham-third-round-/boxscore/1186,https://fordhamsports.com/sports/mens-soccer/stats/2017/duke/boxscore/7872,2017-11-25-Duke-Fordham,ncaa_tournament
sidearm-2017-11-25-SMU-Seed-North-Carolina,2017-11-25,SMU,Seed North Carolina,false,true,0,2,unknown,final,,https://smumustangs.com/sports/mens-soccer/stats/2017/-3-seed-north-carolina/boxscore/8870,,2017-11-25-SMU-Seed-North-Carolina,regular
sidearm-2017-11-25-North-Carolina-SMU,2017-11-25,North Carolina,SMU,false,false,2,0,home,final,,https://goheels.com/sports/mens-soccer/stats/2017/smu/boxscore/15484,,2017-11-25-North-Carolina-SMU,regular
sidearm-2017-11-25-#2-Indiana-New-Hampshire,2017-11-25,Indiana,New Hampshire,true,false,2,1,away,final,,https://unhwildcats.com/sports/mens-soccer/stats/2017/indiana/boxscore/5832,https://iuhoosiers.com/sports/mens-soccer/stats/2017/new-hampshire/boxscore/13763,2017-11-25-Indiana-New-Hampshire,regular
sidearm-2017-11-25-Akron-No.-13-Wisconsin,2017-11-25,Akron,Wisconsin,true,true,3,2,home,final,,https://gozips.com/sports/mens-soccer/stats/2017/wisconsin/boxscore/5541,https://uwbadgers.com/sports/mens-soccer/stats/2017/akron/boxscore/9050,2017-11-25-Akron-Wisconsin,regular
sidearm-2017-11-25-Michigan-State-Western-Michigan,2017-11-25,Michigan State,Western Michigan,false,false,2,1,home,final,,https://msuspartans.com/sports/mens-soccer/stats/2017/western-michigan/boxscore/6284,,2017-11-25-Michigan-State-Western-Michigan,regular
sidearm-2017-11-25-Western-Michigan-Third-Round---Michigan-State,2017-11-25,Western Michigan,Third Round - Michigan State,false,false,1,2,unknown,final,,https://wmubroncos.com/sports/mens-soccer/stats/2017/third-round-michigan-state/boxscore/8029,,2017-11-25-Third-Round---Michigan-State-Western-Michigan,ncaa_tournament
sidearm-2017-11-26-Louisville-COLGATE,2017-11-26,Louisville,COLGATE,false,false,2,0,home,final,,https://gocards.com/sports/mens-soccer/stats/2017/colgate/boxscore/14531,,2017-11-26-COLGATE-Louisville,regular
wmt-2017-11-26-Coastal-Carolina-Stanford,2017-11-26,Stanford,Coastal Carolina,true,false,2,0,home,final,https://gostanford.com/sports/mens-soccer/schedule,https://gostanford.com/boxscore/7183,,2017-11-26-Coastal-Carolina-Stanford,regular
sidearm-2017-11-26-Wake-Forest-Butler,2017-11-26,Wake Forest,Butler,false,false,2,0,home,final,,https://butlersports.com/sports/mens-soccer/stats/2017/wake-forest-third-round-/boxscore/7681,,2017-11-26-Butler-Wake-Forest,regular
sidearm-2017-11-30-University-of-Southern-Indiana-NCAA-Final-Four,2017-11-30,University of Southern Indiana,NCAA Final Four,false,false,,,unknown,scheduled,,,,2017-11-30-NCAA-Final-Four-University-of-Southern-Indiana,ncaa_tournament
sidearm-2017-12-01-Louisville-#5-AKRON,2017-12-01,Louisville,Akron,true,true,0,0,home,final,,https://gocards.com/sports/mens-soccer/stats/2017/akron/boxscore/14552,https://gozips.com/sports/mens-soccer/stats/2017/louisville/boxscore/5543,2017-12-01-Akron-Louisville,regular
sidearm-2017-12-01-Indiana-#7-Michigan-State,2017-12-01,Indiana,Michigan State,false,true,1,1,home,final,,https://iuhoosiers.com/sports/mens-soccer/stats/2017/michigan-state/boxscore/13762,https://msuspartans.com/sports/mens-soccer/stats/2017/indiana/boxscore/6285,2017-12-01-Indiana-Michigan-State,regular
wmt-2017-12-02-Stanford-Wake-Forest,2017-12-02,Wake Forest,Stanford,true,false,0,2,away,final,https://gostanford.com/sports/mens-soccer/schedule,https://gostanford.com/boxscore/7184,,2017-12-02-Stanford-Wake-Forest,regular
sidearm-2017-12-02-North-Carolina-Fordham,2017-12-02,North Carolina,Fordham,false,false,2,1,home,final,,https://goheels.com/sports/mens-soccer/stats/2017/fordham/boxscore/15485,https://fordhamsports.com/sports/mens-soccer/stats/2017/north-carolina/boxscore/7873,2017-12-02-Fordham-North-Carolina,regular
wmt-2017-12-08-Akron-Stanford,2017-12-08,Stanford,Akron,true,true,2,0,neutral,final,https://gostanford.com/sports/mens-soccer/schedule,https://gostanford.com/boxscore/7185,https://gozips.com/sports/mens-soccer/stats/2017/stanford/boxscore/5544,2017-12-08-Akron-Stanford,regular
sidearm-2017-12-08-Indiana-North-Carolina,2017-12-08,Indiana,North Carolina,false,true,1,0,neutral,final,,https://goheels.com/sports/mens-soccer/stats/2017/indiana/boxscore/15491,https://iuhoosiers.com/sports/mens-soccer/stats/2017/north-carolina/boxscore/12377,2017-12-08-Indiana-North-Carolina,regular
wmt-2017-12-10-Indiana-Stanford,2017-12-10,Stanford,Indiana,true,true,1,0,neutral,final,https://gostanford.com/sports/mens-soccer/schedule,https://gostanford.com/boxscore/7186,https://iuhoosiers.com/sports/mens-soccer/stats/2017/stanford/boxscore/12378,2017-12-10-Indiana-Stanford,regular
