identity,player_name,team,conference,season,jersey_number,games,minutes,goals,assists,shots,shots_on_goal,saves,goals_against,is_keeper,keeper_games,impact,impact_per90,opponent_strength,rating,qualified,division_one
Washington::ramseyzach,"Ramsey, Zach",Washington,Big Ten,2026,6,4,223,6,1,11,8,0,0.0,false,0,8.787,1.4246,1720,100,true,true
Louisville::zizzagiacomo,"Zizza, Giacomo",Louisville,ACC,2026,10,4,328,4,1,16,11,0,0.0,false,0,7.118,1.0392,1535,99.7,true,true
Duke::bjornssonulfur,"Bjornsson, Ulfur",Duke,ACC,2026,9,4,261,3,2,11,7,0,0.0,false,0,6.960,1.1171,1693,99.9,true,true
Indiana::mollerjensenoliver,"Moller-Jensen, Oliver",Indiana,Big Ten,2026,8,4,323,3,2,20,7,0,0.0,false,0,6.826,1.0119,1524,99.5,true,true
Quinnipiac::limtaehyeon,"Lim, Taehyeon",Quinnipiac,Metro,2026,10,3,254,4,2,11,7,0,0.0,false,0,6.610,1.0834,1551,99.7,true,true
Georgetown::bakermitchell,"Baker, Mitchell",Georgetown,Big East,2026,9,4,275,3,1,11,8,0,0.0,false,0,6.463,1.0339,1661,99.6,true,true
UC Irvine::lyonsgage,"Lyons, Gage",UC Irvine,Big West,2026,11,3,238,3,1,14,11,0,0.0,false,0,6.453,1.0882,1517,99.8,true,true
Washington::hallalex,"Hall, Alex",Washington,Big Ten,2026,7,4,305,1,3,11,5,0,0.0,false,0,6.164,0.9571,1720,99.2,true,true
Liberty::kpardehsamson,"Kpardeh, Samson",Liberty,Southern,2026,10,3,270,4,0,16,7,0,0.0,false,0,5.616,0.9352,1579,99.2,true,true
South Carolina::lopezangel,"Lopez, Angel",South Carolina,Sun Belt,2026,9,3,155,3,2,6,4,0,0.0,false,0,5.597,1.1101,1568,99.8,true,true
Vermont::ismaildavid,"Ismail, David",Vermont,America East,2026,13,3,242,3,1,10,8,0,0.0,false,0,5.504,0.9585,1544,99.3,true,true
Charlotte::noellarry,"Noel, Larry",Charlotte,American,2026,9,3,125,2,1,8,6,0,0.0,false,0,5.323,1.1251,1655,99.9,true,true
UConn::langfordelijah,"Langford, Elijah",UConn,Big East,2026,9,4,202,4,0,9,6,0,0.0,false,0,5.304,0.9895,1563,99.4,true,true
South Carolina::velazquezlopezalejandro,"Velazquez-Lopez, Alejandro",South Carolina,Sun Belt,2026,10,3,200,3,2,8,4,0,0.0,false,0,5.303,0.9924,1568,99.4,true,true
San Francisco::raphaeldavid,"Raphael, David",San Francisco,West Coast,2026,98,4,192,2,1,11,7,0,0.0,false,0,5.280,1.0017,1693,99.5,true,true
Providence::ventrellaangelo,"Ventrella, Angelo",Providence,Big East,2026,7,4,323,2,3,10,5,0,0.0,false,0,5.274,0.8312,1452,98.3,true,true
Oregon State::eisenbergmax,"Eisenberg, Max",Oregon State,Pac-12,2026,7,3,129,2,2,7,3,0,0.0,false,0,5.200,1.0981,1700,99.8,true,true
Michigan State::connehleo,"Conneh, Leo",Michigan State,Big Ten,2026,23,4,260,2,3,11,5,0,0.0,false,0,5.176,0.8925,1436,98.7,true,true
Northeastern::kokortay,"Koç, Kortay",Northeastern,CAA,2026,7,4,281,4,0,15,7,0,0.0,false,0,5.146,0.8633,1416,98.5,true,true
Wisconsin::hrvojevicmarkie,"Hrvojevic, Markie",Wisconsin,Big Ten,2026,9,4,249,3,1,10,8,0,0.0,false,0,5.138,0.9016,1482,98.8,true,true
Hofstra::carlmanbastian,"Carlman, Bastian",Hofstra,CAA,2026,7,3,206,3,1,9,7,0,0.0,false,0,5.117,0.9579,1505,99.3,true,true
Creighton::igwenmajordan,"Igwenma, Jordan",Creighton,Big East,2026,12,4,157,3,2,7,3,0,0.0,false,0,5.080,1.0298,1554,99.6,true,true
San Francisco::beasonbrayden,"Beason, Brayden",San Francisco,West Coast,2026,9,4,279,1,2,11,5,0,0.0,false,0,5.001,0.8476,1693,98.4,true,true
FGCU::martinezaron,"Martinez, Aron",FGCU,ASUN,2026,11,4,324,2,1,10,7,0,0.0,false,0,4.994,0.7975,1584,97.8,true,true
Stanford::pymmjack,"Pymm, Jack",Stanford,ACC,2026,8,4,286,2,0,17,7,0,0.0,false,0,4.944,0.8326,1693,98.3,true,true
Creighton::reedmatthew,"Reed, Matthew",Creighton,Big East,2026,2,4,289,3,1,6,6,0,0.0,false,0,4.925,0.8269,1554,98.2,true,true
Northeastern::duaxtate,"Duax, Tate",Northeastern,CAA,2026,32,4,207,2,4,3,3,0,0.0,false,0,4.923,0.9299,1416,99,true,true
SMU::mitchelljaylinn,"Mitchell, Jaylinn",SMU,ACC,2026,7,3,208,1,4,5,2,0,0.0,false,0,4.882,0.9228,1572,99,true,true
Longwood::bedollabrando,"Bedolla, Brando",Longwood,Big South,2026,10,2,119,2,3,6,5,0,0.0,false,0,4.784,1.0517,1360,99.7,true,true
Oregon State::borsowyatt,"Borso, Wyatt",Oregon State,Pac-12,2026,9,3,190,3,0,10,6,0,0.0,false,0,4.768,0.9328,1700,99.1,true,true
Oakland::kurzawacal,"Kurzawa, Cal",Oakland,Horizon,2026,12,3,204,3,1,7,6,0,0.0,false,0,4.692,0.9024,1532,98.8,true,true
Furman::hernandezdiego,"Hernandez, Diego",Furman,Southern,2026,10,4,274,3,0,9,7,0,0.0,false,0,4.678,0.8133,1584,98,true,true
Sacramento State::gileszac,"Giles, Zac",Sacramento State,Big West,2026,19,4,323,1,2,14,7,0,0.0,false,0,4.672,0.7611,1475,97.1,true,true
Michigan::elmquistgrayson,"Elmquist, Grayson",Michigan,Big Ten,2026,9,3,215,3,1,11,8,0,0.0,false,0,4.632,0.8794,1374,98.6,true,true
South Carolina::sanykongloic,"Sany Kong, Loic",South Carolina,Sun Belt,2026,11,3,177,3,1,9,4,0,0.0,false,0,4.615,0.9302,1568,99.1,true,true
Creighton::tavarescarter,"Tavares, Carter",Creighton,Big East,2026,11,3,134,2,2,9,4,0,0.0,false,0,4.575,0.9925,1567,99.5,true,true
Northeastern::schmidtwill,"Schmidt, Will",Northeastern,CAA,2026,16,4,298,2,1,14,8,0,0.0,false,0,4.558,0.7728,1416,97.3,true,true
Marquette::adewumitomiwa,"Adewumi, Tomiwa",Marquette,Big East,2026,21,4,252,4,1,8,4,0,0.0,false,0,4.550,0.8224,1473,98.2,true,true
Ohio State::chisolmisaiah,"Chisolm, Isaiah",Ohio State,Big Ten,2026,9,3,189,4,0,9,5,0,0.0,false,0,4.495,0.8958,1503,98.7,true,true
San Diego State::aguirregio,"Aguirre, Gio",San Diego State,Pac-12,2026,23,4,207,2,3,8,6,0,0.0,false,0,4.468,0.8676,1369,98.5,true,true
Princeton::hormozibardia,"Hormozi, Bardia",Princeton,Ivy,2026,14,2,136,1,2,9,5,0,0.0,false,0,4.441,0.9685,1610,99.3,true,true
Kansas City::kistmannraphael,"Kistmann, Raphael",Kansas City,Summit,2026,20,2,147,3,1,7,5,0,0.0,false,0,4.417,0.9471,1517,99.2,true,true
Duke::ottleyjack,"Ottley, Jack",Duke,ACC,2026,11,4,278,1,3,5,2,0,0.0,false,0,4.341,0.7673,1693,97.2,true,true
Charlotte::ogatanatsuki,"Ogata, Natsuki",Charlotte,American,2026,10,3,190,1,2,9,4,0,0.0,false,0,4.323,0.8702,1655,98.6,true,true
Western Michigan::geromelvitor,"Geromel, Vitor",Western Michigan,Missouri Valley,2026,10,4,347,3,0,8,5,0,0.0,false,0,4.312,0.6976,1632,95.3,true,true
Georgetown::ponceocampomateo,"Ponce Ocampo, Mateo",Georgetown,Big East,2026,10,4,208,1,2,7,4,0,0.0,false,0,4.301,0.8434,1661,98.4,true,true
Indiana::bogardeaston,"Bogard, Easton",Indiana,Big Ten,2026,14,4,272,3,0,9,6,0,0.0,false,0,4.235,0.7604,1524,97,true,true
Charleston::lenertmatt,"Lenert, Matt",Charleston,CAA,2026,11,3,210,3,1,7,5,0,0.0,false,0,4.222,0.8300,1467,98.2,true,true
Notre Dame::caprettomichael,"Capretto, Michael",Notre Dame,ACC,2026,15,4,227,2,1,8,4,0,0.0,false,0,4.184,0.8042,1677,98,true,true
La Salle::faustgabe,"Faust, Gabe",La Salle,Atlantic 10,2026,29,3,146,4,0,7,6,0,0.0,false,0,4.183,0.9133,1433,98.9,true,true
Stanford::tsopanogloulogan,"Tsopanoglou, Logan",Stanford,ACC,2026,20,4,150,3,0,6,5,0,0.0,false,0,4.153,0.9028,1693,98.8,true,true
San Diego::ramirezsteven,"Ramirez, Steven",San Diego,West Coast,2026,9,3,196,2,1,10,4,0,0.0,false,0,4.130,0.8352,1725,98.3,true,true
Boston College::torobryan,"Toro, Bryan",Boston College,ACC,2026,16,3,175,1,3,7,4,0,0.0,false,0,4.110,0.8604,1399,98.5,true,true
Siena::almeidalucas,"Almeida, Lucas",Siena,Metro,2026,7,3,241,3,1,6,5,0,0.0,false,0,4.036,0.7685,1429,97.2,true,true
VMI::mejiayeirin,"Mejia, Yeirin",VMI,Southern,2026,7,6,322,4,0,14,7,0,0.0,false,0,3.990,0.6826,1259,94.5,true,true
Michigan State::munsonbrandon,"Munson, Brandon",Michigan State,Big Ten,2026,5,4,276,2,2,6,3,0,0.0,false,0,3.970,0.7233,1436,96.1,true,true
Western Illinois::frostgeorge,"Frost, George",Western Illinois,Ohio Valley,2026,9,3,125,4,1,8,4,0,0.0,false,0,3.954,0.9108,1300,98.9,true,true
San Francisco::easleyisaiah,"Easley, Isaiah",San Francisco,West Coast,2026,10,4,221,2,1,7,3,0,0.0,false,0,3.953,0.7803,1693,97.6,true,true
Marquette::stokamateo,"Stoka, Mateo",Marquette,Big East,2026,6,4,314,1,4,3,1,0,0.0,false,0,3.952,0.6852,1473,94.6,true,true
Michigan State::darakdjianandrew,"Darakdjian, Andrew",Michigan State,Big Ten,2026,9,4,199,2,1,9,6,0,0.0,false,0,3.951,0.8065,1436,98,true,true
William & Mary::ruitenberggabe,"Ruitenberg, Gabe",William & Mary,CAA,2026,10,4,130,1,3,7,4,0,0.0,false,0,3.905,0.8953,1395,98.7,true,true
Old Dominion::rourkelewis,"Rourke, Lewis",Old Dominion,Sun Belt,2026,9,3,212,2,1,8,6,0,0.0,false,0,3.889,0.7823,1465,97.7,true,true
Clemson::sevianxander,"Sevian, Xander",Clemson,ACC,2026,28,3,212,2,1,7,4,0,0.0,false,0,3.879,0.7809,1539,97.6,true,true
Maryland::bernsteinhenry,"Bernstein, Henry",Maryland,Big Ten,2026,27,3,197,1,2,11,3,0,0.0,false,0,3.876,0.7986,1597,97.9,true,true
Memphis::syriorenan,"Syrio, Renan",Memphis,American,2026,9,4,258,2,2,3,2,0,0.0,false,0,3.844,0.7258,1549,96.2,true,true
NJIT::rebelodiogo,"Rebelo, Diogo",NJIT,America East,2026,10,3,217,1,1,15,7,0,0.0,false,0,3.817,0.7666,1404,97.2,true,true
FAU::koulaidj,"Koulai, DJ",FAU,American,2026,11,4,265,1,2,9,3,0,0.0,false,0,3.814,0.7149,1616,95.8,true,true
Oregon State::hernandezparraoliver,"Hernandez Parra, Oliver",Oregon State,Pac-12,2026,18,3,226,1,2,4,2,0,0.0,false,0,3.812,0.7558,1700,97,true,true
Michigan State::ludwigrichie,"Ludwig, Richie",Michigan State,Big Ten,2026,10,4,264,0,4,6,3,0,0.0,false,0,3.800,0.7141,1436,95.8,true,true
DePaul::hernandeznoeh,"Hernandez, Noeh",DePaul,Big East,2026,10,4,258,3,1,9,4,0,0.0,false,0,3.779,0.7174,1429,96,true,true
Oregon State::nescimichael,"Nesci, Michael",Oregon State,Pac-12,2026,14,3,169,0,3,6,2,0,0.0,false,0,3.772,0.8196,1700,98.1,true,true
Duquesne::rasmussenmarko,"Rasmussen, Marko",Duquesne,Atlantic 10,2026,11,4,240,3,0,10,5,0,0.0,false,0,3.771,0.7351,1396,96.5,true,true
Old Dominion::purksjason,"Purks, Jason",Old Dominion,Sun Belt,2026,18,3,96,3,0,5,4,0,0.0,false,0,3.766,0.9282,1465,99,true,true
San Diego State::hutcheonjaxson,"Hutcheon, Jaxson",San Diego State,Pac-12,2026,7,4,202,1,1,11,8,0,0.0,false,0,3.730,0.7723,1369,97.3,true,true
La Salle::sugiurakeiji,"Sugiura, Keiji",La Salle,Atlantic 10,2026,18,2,71,1,3,7,4,0,0.0,false,0,3.714,0.9638,1401,99.3,false,true
Memphis::mcintyreeben,"McIntyre, Eben",Memphis,American,2026,10,4,273,2,1,4,4,0,0.0,false,0,3.667,0.6887,1549,94.8,true,true
George Washington::dubonjaden,"Dubon, Jaden",George Washington,Atlantic 10,2026,8,3,172,3,1,4,3,0,0.0,false,0,3.654,0.7986,1426,97.8,true,true
FDU::peladejeremie,"Pelade, Jeremie",FDU,Other / Non-D1,2026,9,3,239,3,0,8,6,0,0.0,false,0,3.649,0.7203,1335,96,true,false
UC Santa Barbara::sessomsdonovan,"Sessoms, Donovan",UC Santa Barbara,Big West,2026,7,3,186,2,0,10,5,0,0.0,false,0,3.649,0.7803,1613,97.5,true,true
SMU::lopezmilton,"Lopez, Milton",SMU,ACC,2026,10,3,191,2,1,7,2,0,0.0,false,0,3.643,0.7734,1572,97.4,true,true
Lindenwood::bartoniluca,"Bartoni, Luca",Lindenwood,Ohio Valley,2026,11,4,289,4,0,10,7,0,0.0,false,0,3.637,0.6701,1189,94,true,true
Virginia::dossantosmarco,"Dos Santos, Marco",Virginia,ACC,2026,21,4,237,2,0,12,4,0,0.0,false,0,3.620,0.7186,1616,96,true,true
San Jose State::anwaryamir,"Anwary, Amir",San Jose State,Mountain West,2026,23,3,212,2,2,3,3,0,0.0,false,0,3.605,0.7437,1541,96.7,true,true
Army::bamgbalajubril,"Bamgbala, Jubril",Army,Patriot,2026,10,4,281,1,1,14,8,0,0.0,false,0,3.595,0.6722,1432,94,true,true
Virginia::lambebrendan,"Lambe, Brendan",Virginia,ACC,2026,8,4,324,0,3,6,2,0,0.0,false,0,3.572,0.6322,1616,92.7,true,true
Maryland::macklaurin,"Mack, Laurin",Maryland,Big Ten,2026,38,3,270,0,0,0,0,11,1.0,true,2,3.563,0.6785,1597,94.2,true,true
Northwestern::rieszpeter,"Riesz, Peter",Northwestern,Big Ten,2026,16,4,262,1,0,13,9,0,0.0,false,0,3.561,0.6859,1482,94.7,true,true
North Carolina::schelbjoschi,"Schelb, Joschi",North Carolina,ACC,2026,10,3,231,2,0,7,5,0,0.0,false,0,3.554,0.7162,1608,95.9,true,true
Gonzaga::pedersendrew,"Pedersen, Drew",Gonzaga,Pac-12,2026,9,4,212,2,1,11,7,0,0.0,false,0,3.525,0.7328,1485,96.4,true,true
Northwestern::mayerbryant,"Mayer, Bryant",Northwestern,Big Ten,2026,26,4,356,1,2,6,4,0,0.0,false,0,3.494,0.5984,1482,91.2,true,true
Vermont::houssniislam,"Houssni, Islam",Vermont,America East,2026,4,3,260,1,3,3,2,0,0.0,false,0,3.493,0.6793,1544,94.3,true,true
FAU::csatoxavi,"Csato, Xavi",FAU,American,2026,18,4,287,2,1,6,2,0,0.0,false,0,3.472,0.6517,1616,93.4,true,true
FAU::tentchoumichel,"Tentchou, Michel",FAU,American,2026,23,4,243,2,1,5,3,0,0.0,false,0,3.466,0.6923,1616,95,true,true
Providence::montaltosam,"Montalto, Sam",Providence,Big East,2026,9,4,178,2,0,11,6,0,0.0,false,0,3.462,0.7635,1452,97.1,true,true
Creighton::juarezallan,"Juarez, Allan",Creighton,Big East,2026,19,4,183,2,1,7,3,0,0.0,false,0,3.432,0.7531,1554,96.9,true,true
San Diego State::orthnik,"Orth, Nik",San Diego State,Pac-12,2026,17,4,196,3,0,9,6,0,0.0,false,0,3.427,0.7373,1369,96.5,true,true
Providence::maneiroalvaro,"Maneiro, Alvaro",Providence,Big East,2026,10,4,328,1,1,13,5,0,0.0,false,0,3.421,0.6115,1452,92,true,true
Georgetown::reynoldsterrance,"Reynolds, Terrance",Georgetown,Big East,2026,13,4,219,0,1,11,6,0,0.0,false,0,3.417,0.7105,1661,95.7,true,true
Mercyhurst::silvaalvar,"Silva, Alvar",Mercyhurst,NEC,2026,10,3,220,2,1,5,4,0,0.0,false,0,3.416,0.7094,1483,95.7,true,true
South Carolina::habelmika,"Habel, Mika",South Carolina,Sun Belt,2026,6,3,208,1,3,2,1,0,0.0,false,0,3.412,0.7217,1568,96,true,true
Tulsa::achermannstanfieldluc,"Achermann-Stanfield, Luc",Tulsa,American,2026,5,4,276,1,2,9,4,0,0.0,false,0,3.401,0.6528,1486,93.4,true,true
Kentucky::iliadiscosta,"Iliadis, Costa",Kentucky,Sun Belt,2026,22,3,205,1,2,7,2,0,0.0,false,0,3.391,0.7222,1585,96.1,true,true
Missouri State::realdiego,"Real, Diego",Missouri State,American,2026,10,3,191,2,2,6,3,0,0.0,false,0,3.390,0.7378,1273,96.5,true,true
Stanford::frintueric,"Frintu, Eric",Stanford,ACC,2026,28,4,179,1,1,8,4,0,0.0,false,0,3.386,0.7514,1693,96.8,true,true
DePaul::hickiewiczdaniel,"Hickiewicz, Daniel",DePaul,Big East,2026,27,4,190,0,4,8,1,0,0.0,false,0,3.384,0.7381,1429,96.6,true,true
Oregon State::wolffgavin,"Wolff, Gavin",Oregon State,Pac-12,2026,33,3,225,1,2,2,1,0,0.0,false,0,3.373,0.6985,1700,95.3,true,true
Wisconsin::vanheukelumluke,"van Heukelum, Luke",Wisconsin,Big Ten,2026,44,4,193,1,3,5,2,0,0.0,false,0,3.369,0.7326,1482,96.3,true,true
FGCU::laordenemerson,"LaOrden, Emerson",FGCU,ASUN,2026,22,4,229,2,1,4,4,0,0.0,false,0,3.363,0.6930,1584,95.1,true,true
Saint Mary's::schaeferluke,"Schaefer, Luke",Saint Mary's,West Coast,2026,23,4,221,1,1,10,5,0,0.0,false,0,3.357,0.7004,1485,95.4,true,true
UC Irvine::leemarcus,"Lee, Marcus",UC Irvine,Big West,2026,10,3,234,1,2,6,3,0,0.0,false,0,3.340,0.6849,1517,94.6,true,true
Rutgers::lukovicamer,"Lukovic, Amer",Rutgers,Big Ten,2026,19,3,195,0,2,13,3,0,0.0,false,0,3.340,0.7263,1598,96.3,true,true
San Francisco::ruiznico,"Ruiz, Nico",San Francisco,West Coast,2026,19,4,216,2,0,9,3,0,0.0,false,0,3.339,0.7033,1693,95.5,true,true
Michigan State::merrittmiles,"Merritt, Miles",Michigan State,Big Ten,2026,8,4,255,2,1,5,4,0,0.0,false,0,3.326,0.6627,1436,93.8,true,true
Michigan State::soudanpeter,"Soudan, Peter",Michigan State,Big Ten,2026,17,4,227,2,2,7,2,0,0.0,false,0,3.313,0.6883,1436,94.8,true,true
Seattle::notzkaalex,"Notzka, Alex",Seattle,West Coast,2026,13,3,117,3,0,4,4,0,0.0,false,0,3.305,0.8207,1619,98.1,true,true
Detroit Mercy::mitchelliiithero,"Mitchell III, Thero",Detroit Mercy,Horizon,2026,15,3,222,1,2,6,3,0,0.0,false,0,3.302,0.6921,1446,95,true,true
Wisconsin::zachemskimatthew,"Zachemski, Matthew",Wisconsin,Big Ten,2026,8,4,220,2,1,6,4,0,0.0,false,0,3.294,0.6931,1482,95.1,true,true
VCU::monteiromanuel,"Monteiro, Manuel",VCU,Atlantic 10,2026,13,3,270,0,0,0,0,11,1.0,true,2,3.293,0.6448,1684,93.2,true,true
Creighton::kokoszkaayden,"Kokoszka, Ayden",Creighton,Big East,2026,10,4,174,2,0,7,5,0,0.0,false,0,3.292,0.7438,1554,96.8,true,true
Wisconsin::portercristobal,"Porter, Cristobal",Wisconsin,Big Ten,2026,10,4,129,2,0,7,6,0,0.0,false,0,3.289,0.8012,1482,97.9,true,true
FAU::jesusdavid,"Jesus, David",FAU,American,2026,29,4,279,1,3,3,1,0,0.0,false,0,3.287,0.6360,1616,92.9,true,true
Xavier::okekeekene,"Okeke, Ekene",Xavier,Big East,2026,28,3,217,2,0,6,5,0,0.0,false,0,3.276,0.6937,1504,95.2,true,true
Marquette::konradhorgienmads,"Konrad Horgøien, Mads",Marquette,Big East,2026,9,4,334,2,2,3,2,0,0.0,false,0,3.268,0.5893,1473,90.6,true,true
Bowling Green::mccoytyson,"McCoy, Tyson",Bowling Green,Other / Non-D1,2026,9,4,346,1,1,14,7,0,0.0,false,0,3.260,0.5795,1407,89.8,true,false
Gonzaga::steindashiell,"Stein, Dashiell",Gonzaga,Pac-12,2026,23,4,132,2,1,10,6,0,0.0,false,0,3.259,0.7923,1485,97.7,true,true
Drake::carlsonevan,"Carlson, Evan",Drake,Missouri Valley,2026,11,4,201,3,0,5,4,0,0.0,false,0,3.238,0.7054,1437,95.5,true,true
Akron::agunbiaderemi,"Agunbiade, Remi",Akron,Big East,2026,13,3,183,1,1,10,3,0,0.0,false,0,3.228,0.7242,1581,96.2,true,true
Syracuse::mingsachiel,"Ming, Sachiel",Syracuse,ACC,2026,24,3,229,0,2,7,4,0,0.0,false,0,3.226,0.6748,1581,94.1,true,true
Stanford::chowalex,"Chow, Alex",Stanford,ACC,2026,10,4,297,1,2,3,2,0,0.0,false,0,3.222,0.6130,1693,92.1,true,true
Loyola Chicago::stewartseth,"Stewart, Seth",Loyola Chicago,Atlantic 10,2026,8,4,349,2,1,6,4,0,0.0,false,0,3.217,0.5724,1401,89.1,true,true
VMI::moorejaden,"Moore, Jaden",VMI,Southern,2026,18,6,340,2,1,14,5,0,0.0,false,0,3.205,0.5776,1259,89.6,true,true
UC Santa Barbara::bjornssonsteinar,"Bjornsson, Steinar",UC Santa Barbara,Big West,2026,10,3,175,0,1,14,4,0,0.0,false,0,3.203,0.7298,1613,96.3,true,true
Oral Roberts::hemphillroman,"Hemphill, Roman",Oral Roberts,Summit,2026,20,4,121,1,2,4,3,0,0.0,false,0,3.196,0.7977,1483,97.8,true,true
FAU::aiellofrancesco,"Aiello, Francesco",FAU,American,2026,10,4,185,1,1,5,4,0,0.0,false,0,3.194,0.7170,1616,95.9,true,true
UIC::khourysebastian,"Khoury, Sebastian",UIC,Missouri Valley,2026,22,4,218,0,1,13,8,0,0.0,false,0,3.189,0.6810,1434,94.3,true,true
Boston College::mafongdylan,"Mafong, Dylan",Boston College,ACC,2026,10,3,207,2,1,9,5,0,0.0,false,0,3.177,0.6907,1399,94.9,true,true
New Hampshire::mclarencabot,"McLaren , Cabot",New Hampshire,America East,2026,28,3,133,1,2,3,1,0,0.0,false,0,3.159,0.7756,1592,97.4,true,true
Vermont::fischerluis,"Fischer, Luis",Vermont,America East,2026,19,3,205,1,2,7,2,0,0.0,false,0,3.154,0.6896,1544,94.9,true,true
Georgia Southern::beorleguibroden,"Beorlegui, Broden",Georgia Southern,Sun Belt,2026,9,3,185,3,0,5,4,0,0.0,false,0,3.144,0.7100,1453,95.7,true,true
Pacific::yangyuorujosephat,"Yangyuoru, Josephat",Pacific,West Coast,2026,7,4,253,2,1,5,4,0,0.0,false,0,3.134,0.6400,1489,93,true,true
Louisville::escuderomartnandrs,"Escudero Martín, Andrés",Louisville,ACC,2026,9,4,170,2,0,5,4,0,0.0,false,0,3.127,0.7247,1535,96.2,true,true
Penn State::koneamadou,"Kone, Amadou",Penn State,Big Ten,2026,42,3,228,2,1,5,3,0,0.0,false,0,3.122,0.6620,1523,93.7,true,true
Maryland::nerirodrigo,"Neri, Rodrigo",Maryland,Big Ten,2026,9,3,224,1,0,12,5,0,0.0,false,0,3.110,0.6643,1597,93.8,true,true
Loyola Chicago::ivancicluka,"Ivancic, Luka",Loyola Chicago,Atlantic 10,2026,10,4,360,1,3,6,1,0,0.0,false,0,3.107,0.5524,1401,87.8,true,true
Stonehill College::dohertykillian,"Doherty, Killian",Stonehill College,NEC,2026,39,3,154,2,1,6,3,0,0.0,false,0,3.106,0.7407,1371,96.7,true,true
Boston College::asaremichael,"Asare, Michael",Boston College,ACC,2026,7,3,204,1,1,7,5,0,0.0,false,0,3.103,0.6837,1399,94.5,true,true
Eastern Illinois::misicsergej,"Misic, Sergej",Eastern Illinois,Ohio Valley,2026,7,3,192,2,0,11,6,0,0.0,false,0,3.100,0.6960,1337,95.3,true,true
Wake Forest::whitejeffrey,"White, Jeffrey",Wake Forest,ACC,2026,13,4,276,2,0,6,4,0,0.0,false,0,3.100,0.6155,1593,92.3,true,true
Creighton::lopezangel,"Lopez, Angel",Creighton,Big East,2026,9,4,158,2,1,4,2,0,0.0,false,0,3.087,0.7330,1554,96.4,true,true
Wake Forest::mednardjonah,"Mednard, Jonah",Wake Forest,ACC,2026,0,4,360,0,0,0,0,16,3.0,true,4,3.080,0.5495,1593,87.5,true,true
Syracuse::greyjordan,"Grey, Jordan",Syracuse,ACC,2026,18,3,128,2,1,2,2,0,0.0,false,0,3.073,0.7689,1581,97.3,true,true
Cal Poly::pearcecolin,"Pearce, Colin",Cal Poly,Pac-12,2026,6,4,323,1,2,4,1,0,0.0,false,0,3.064,0.5739,1576,89.2,true,true
Washington::akulovegor,"Akulov, Egor",Washington,Big Ten,2026,4,4,356,2,0,4,3,0,0.0,false,0,3.053,0.5492,1720,87.4,true,true
Syracuse::rodriguezbryson,"Rodriguez, Bryson",Syracuse,ACC,2026,11,3,135,1,2,3,2,0,0.0,false,0,3.048,0.7559,1581,97,true,true
UC Santa Barbara::brownpeleg,"Brown, Peleg",UC Santa Barbara,Big West,2026,8,3,176,0,2,5,3,0,0.0,false,0,3.046,0.7061,1613,95.5,true,true
SMU::emmanuelmukisa,"Emmanuel, Mukisa",SMU,ACC,2026,20,3,134,2,0,4,3,0,0.0,false,0,3.038,0.7556,1572,96.9,true,true
UCLA::castanodiego,"Castano, Diego",UCLA,Big Ten,2026,25,1,66,1,1,4,3,0,0.0,false,0,3.029,0.8537,1744,98.5,false,true
Michigan State::spadaforaluke,"Spadafora, Luke",Michigan State,Big Ten,2026,11,4,242,1,3,3,1,0,0.0,false,0,3.025,0.6360,1436,92.8,true,true
Michigan::pendletonnico,"Pendleton, Nico",Michigan,Big Ten,2026,7,3,178,1,2,8,3,0,0.0,false,0,3.024,0.7006,1374,95.4,true,true
Holy Cross::hatcherarchie,"Hatcher, Archie",Holy Cross,Other / Non-D1,2026,9,2,173,1,0,10,8,0,0.0,false,0,3.019,0.7055,1415,95.5,true,false
Longwood::campbelljoshwa,"Campbell, Joshwa",Longwood,Big South,2026,23,2,114,2,1,5,4,0,0.0,false,0,3.012,0.7782,1360,97.5,true,true
Clemson::wilsonduncan,"Wilson, Duncan",Clemson,ACC,2026,23,3,112,1,2,5,2,0,0.0,false,0,2.996,0.7784,1539,97.5,true,true
Michigan State::okeefeconner,"O'Keefe, Conner",Michigan State,Big Ten,2026,4,4,352,3,0,5,4,0,0.0,false,0,2.991,0.5449,1436,87.1,true,true
Dayton::lijewskicooper,"Lijewski, Cooper",Dayton,Atlantic 10,2026,12,4,283,2,0,7,5,0,0.0,false,0,2.984,0.5954,1507,91,true,true
Oregon State::wraymilo,"Wray, Milo",Oregon State,Pac-12,2026,12,3,106,2,0,6,3,0,0.0,false,0,2.978,0.7840,1700,97.7,true,true
Creighton::moralesedward,"Morales, Edward",Creighton,Big East,2026,22,4,179,1,2,3,2,0,0.0,false,0,2.973,0.6922,1554,95,true,true
Kentucky::schaereryasha,"Schaerer, Yasha",Kentucky,Sun Belt,2026,8,3,270,1,1,10,3,0,0.0,false,0,2.956,0.6026,1585,91.5,true,true
CSU Bakersfield::fosteroshea,"Foster, Oshea",CSU Bakersfield,Other / Non-D1,2026,23,3,270,2,0,7,4,0,0.0,false,0,2.954,0.6024,1542,91.5,true,false
Virginia Tech::dauzierdiego,"Dauzier, Diego",Virginia Tech,ACC,2026,25,3,251,0,0,0,0,11,1.0,true,3,2.926,0.6151,1462,92.3,true,true
Rutgers::kitchandrew,"Kitch, Andrew",Rutgers,Big Ten,2026,9,3,180,2,1,4,2,0,0.0,false,0,2.910,0.6821,1598,94.4,true,true
Clemson::gyanransford,"Gyan, Ransford",Clemson,ACC,2026,10,3,218,2,0,7,3,0,0.0,false,0,2.905,0.6426,1539,93,true,true
CCSU::marinsantiago,"Marin, Santiago",CCSU,Other / Non-D1,2026,10,2,151,1,1,9,6,0,0.0,false,0,2.896,0.7130,1336,95.8,true,false
Seton Hall::armstrongdevin,"Armstrong, Devin",Seton Hall,Big East,2026,1,3,270,0,0,0,0,17,4.0,true,3,2.892,0.5946,1580,91,true,true
West Virginia::recaldejulen,"Recalde, Julen",West Virginia,Sun Belt,2026,10,3,201,1,1,7,3,0,0.0,false,0,2.884,0.6565,1632,93.6,true,true
Cal Poly::hogancharlie,"Hogan, Charlie",Cal Poly,Pac-12,2026,24,4,127,1,1,5,3,0,0.0,false,0,2.874,0.7392,1576,96.6,true,true
Oral Roberts::tegbarusiem,"Tegbaru, Siem",Oral Roberts,Summit,2026,10,4,244,1,2,4,2,0,0.0,false,0,2.873,0.6145,1483,92.2,true,true
Wake Forest::lorentztate,"Lorentz, Tate",Wake Forest,ACC,2026,32,4,217,0,2,8,2,0,0.0,false,0,2.871,0.6390,1593,92.9,true,true
Virginia::smithaj,"Smith, AJ",Virginia,ACC,2026,9,4,249,2,1,5,2,0,0.0,false,0,2.868,0.6095,1616,91.9,true,true
Dayton::pintoantonio,"Pinto, Antonio",Dayton,Atlantic 10,2026,11,4,72,2,1,4,4,0,0.0,false,0,2.865,0.8156,1507,98.1,false,true
UC San Diego::namdarryan,"Namdar, Ryan",UC San Diego,Pac-12,2026,10,3,119,2,1,6,4,0,0.0,false,0,2.854,0.7464,1285,96.8,true,true
Utah Valley::graunil,"Grau, Nil",Utah Valley,Big West,2026,9,3,170,2,1,5,3,0,0.0,false,0,2.852,0.6848,1395,94.6,true,true
Siena::perezjordaalejandro,"Perez Jorda, Alejandro",Siena,Metro,2026,22,3,270,2,1,4,3,0,0.0,false,0,2.846,0.5889,1429,90.5,true,true
Charlotte::raggettmikey,"Raggett, Mikey",Charlotte,American,2026,19,2,90,2,0,5,3,0,0.0,false,0,2.846,0.7852,1553,97.7,false,true
Elon::flowersjahmir,"Flowers, Jahmir",Elon,Other / Non-D1,2026,23,3,146,2,1,8,4,0,0.0,false,0,2.837,0.7101,1343,95.7,true,false
Marquette::buchananjoey,"Buchanan, Joey",Marquette,Big East,2026,25,4,318,2,0,7,4,0,0.0,false,0,2.820,0.5490,1473,87.3,true,true
Wisconsin::martinezaidan,"Martinez, Aidan",Wisconsin,Big Ten,2026,19,4,272,1,1,10,3,0,0.0,false,0,2.819,0.5839,1482,90.2,true,true
Providence::casadodavid,"Casado, David",Providence,Big East,2026,21,4,168,1,1,6,4,0,0.0,false,0,2.817,0.6819,1452,94.4,true,true
UNC Asheville::barroslucca,"Barros, Lucca",UNC Asheville,Big South,2026,1,2,180,0,0,0,0,10,1.0,true,2,2.816,0.6687,1582,93.9,true,true
Le Moyne College::ludemannfelix,"Ludemann, Felix",Le Moyne College,NEC,2026,7,2,154,2,0,6,5,0,0.0,false,0,2.797,0.6946,1478,95.2,true,true
UC San Diego::stuppeloren,"Stuppel, Oren",UC San Diego,Pac-12,2026,18,3,143,3,0,7,5,0,0.0,false,0,2.795,0.7072,1285,95.6,true,true
FIU::possusanti,"Possu, Santi",FIU,American,2026,9,3,235,2,0,4,3,0,0.0,false,0,2.776,0.6098,1618,92,true,true
Villanova::martelliluke,"Martelli, Luke",Villanova,Big East,2026,31,3,165,1,1,6,4,0,0.0,false,0,2.772,0.6786,1449,94.2,true,true
Cal State Fullerton::valenzuelafernando,"Valenzuela, Fernando",Cal State Fullerton,Big West,2026,11,3,212,1,0,15,4,0,0.0,false,0,2.766,0.6296,1614,92.6,true,true
UC Davis::castagnolaluke,"Castagnola, Luke",UC Davis,Mountain West,2026,12,4,297,1,1,9,3,0,0.0,false,0,2.764,0.5577,1517,88.1,true,true
Temple University::rojascarlos,"Rojas, Carlos",Temple University,American,2026,23,3,154,1,0,10,6,0,0.0,false,0,2.762,0.6895,1505,94.8,true,true
Loyola Chicago::vegesackarvedvon,"Vegesack, Arved von",Loyola Chicago,Atlantic 10,2026,16,4,245,0,3,5,2,0,0.0,false,0,2.749,0.5975,1401,91.1,true,true
Bowling Green::brinkmanlucas,"Brinkman, Lucas",Bowling Green,Other / Non-D1,2026,24,4,295,1,1,8,5,0,0.0,false,0,2.748,0.5573,1407,88.1,true,false
Navy::galluccinick,"Gallucci, Nick",Navy,Patriot,2026,7,4,316,0,3,6,2,0,0.0,false,0,2.747,0.5419,1353,86.8,true,true
Queens::veramayorcaluis,"Vera Mayorca, Luis",Queens,ASUN,2026,10,3,206,2,0,8,3,0,0.0,false,0,2.744,0.6324,1505,92.8,true,true
Hofstra::keanesean,"Keane, Sean",Hofstra,CAA,2026,15,3,197,2,1,2,2,0,0.0,false,0,2.734,0.6398,1505,93,true,true
Gonzaga::hammondcarson,"Hammond, Carson",Gonzaga,Pac-12,2026,3,4,286,2,1,5,4,0,0.0,false,0,2.733,0.5622,1485,88.3,true,true
Ohio State::youtajosue,"Youta, Josue",Ohio State,Big Ten,2026,11,3,154,0,1,16,4,0,0.0,false,0,2.723,0.6837,1503,94.5,true,true
William & Mary::huffardbrown,"Huffard, Brown",William & Mary,CAA,2026,9,4,131,2,1,4,3,0,0.0,false,0,2.723,0.7107,1395,95.8,true,true
Providence::garciagilfernando,"Garcia Gil, Fernando",Providence,Big East,2026,8,4,279,2,0,10,3,0,0.0,false,0,2.720,0.5661,1452,88.6,true,true
FGCU::beemanbrooks,"Beeman, Brooks",FGCU,ASUN,2026,7,4,223,2,0,9,3,0,0.0,false,0,2.717,0.6128,1584,92.1,true,true
Central Connecticut State::marinsantiago,"Marin, Santiago",Central Connecticut State,Other / Non-D1,2026,10,1,73,2,0,9,7,0,0.0,false,0,2.697,0.7850,1233,97.7,false,false
Missouri State::rodriguezalex,"Rodriguez, Alex",Missouri State,American,2026,19,3,105,1,2,8,2,0,0.0,false,0,2.697,0.7397,1273,96.7,true,true
UNLV::scordomaxim,"Scordo, Maxim",UNLV,Mountain West,2026,9,3,180,2,0,5,4,0,0.0,false,0,2.695,0.6514,1542,93.3,true,true
DePaul::kutchmason,"Kutch, Mason",DePaul,Big East,2026,26,4,152,2,1,5,3,0,0.0,false,0,2.690,0.6810,1429,94.3,true,true
Wright State::nakazawakeiji,"Nakazawa, Keiji",Wright State,Horizon,2026,22,4,255,0,1,11,6,0,0.0,false,0,2.684,0.5807,1399,89.9,true,true
UC Irvine::powellisaac,"Powell, Isaac",UC Irvine,Big West,2026,18,3,224,1,1,7,3,0,0.0,false,0,2.683,0.6073,1517,91.7,true,true
UNC Greensboro::franciskeaviano,"Francis, Keaviano",UNC Greensboro,Southern,2026,20,3,221,2,0,5,3,0,0.0,false,0,2.671,0.6084,1613,91.8,true,true
Army::gilbertcollin,"Gilbert, Collin",Army,Patriot,2026,0,3,270,0,0,0,0,11,2.0,true,2,2.671,0.5670,1523,88.8,true,true
La Salle::zamaalexandru,"Zama, Alexandru",La Salle,Atlantic 10,2026,20,3,137,1,2,4,2,0,0.0,false,0,2.668,0.6951,1433,95.2,true,true
Detroit Mercy::stricklerjohnny,"Strickler, Johnny",Detroit Mercy,Horizon,2026,22,3,219,2,0,6,4,0,0.0,false,0,2.665,0.6095,1446,91.9,true,true
Old Dominion::dietzenoah,"Dietze, Noah",Old Dominion,Sun Belt,2026,5,3,256,2,0,4,4,0,0.0,false,0,2.664,0.5774,1465,89.6,true,true
Washington::bertosharrison,"Bertos, Harrison",Washington,Big Ten,2026,3,4,356,2,0,3,3,0,0.0,false,0,2.662,0.5055,1720,83.2,true,true
High Point::sarantakosnick,"Sarantakos, Nick",High Point,Big South,2026,7,2,65,1,1,2,2,0,0.0,false,0,2.660,0.7907,1789,97.7,false,true
Cal Poly::marmionpeyton,"Marmion, Peyton",Cal Poly,Pac-12,2026,17,4,255,1,1,3,3,0,0.0,false,0,2.653,0.5768,1576,89.5,true,true
Stony Brook::oliverfinlay,"Oliver, Finlay",Stony Brook,CAA,2026,11,3,228,0,1,7,5,0,0.0,false,0,2.653,0.5998,1542,91.3,true,true
Indiana::bargeralex,"Barger, Alex",Indiana,Big Ten,2026,13,4,360,0,2,5,3,0,0.0,false,0,2.652,0.5019,1524,83,true,true
UIC::nakazonosota,"Nakazono, Sota",UIC,Missouri Valley,2026,3,4,301,1,0,8,7,0,0.0,false,0,2.651,0.5412,1434,86.6,true,true
Coastal Carolina::obrienpearse,"O'Brien, Pearse",Coastal Carolina,Sun Belt,2026,19,3,248,0,3,4,2,0,0.0,false,0,2.648,0.5819,1523,90,true,true
Creighton::braggbrady,"Bragg, Brady",Creighton,Big East,2026,20,4,207,0,3,2,0,0,0.0,false,0,2.631,0.6159,1554,92.4,true,true
Indiana::heuercharlie,"Heuer, Charlie",Indiana,Big Ten,2026,16,4,264,1,0,12,5,0,0.0,false,0,2.631,0.5667,1524,88.7,true,true
Longwood::saribekyanlevon,"Saribekyan, Levon",Longwood,Big South,2026,18,2,88,1,2,4,2,0,0.0,false,0,2.627,0.7514,1360,96.9,false,true
William & Mary::garrisonalex,"Garrison, Alex",William & Mary,CAA,2026,13,4,52,2,1,7,4,0,0.0,false,0,2.611,0.8026,1395,98,false,true
La Salle::lynchbaileykyrese,"Lynch-Bailey, Kyrese",La Salle,Atlantic 10,2026,10,3,163,2,0,7,4,0,0.0,false,0,2.602,0.6558,1433,93.6,true,true
Creighton::tavaresrochecarter,"Tavares-Roche, Carter",Creighton,Big East,2026,11,1,52,1,2,2,1,0,0.0,false,0,2.601,0.8008,1514,97.9,false,true
Washington::cruzcameron,"Cruz, Cameron",Washington,Big Ten,2026,17,4,267,0,2,5,1,0,0.0,false,0,2.601,0.5606,1720,88.2,true,true
Santa Clara::guandiquejosmar,"Guandique, Josmar",Santa Clara,West Coast,2026,19,4,198,2,0,8,3,0,0.0,false,0,2.592,0.6190,1518,92.5,true,true
Colgate::kelloggchristian,"Kellogg, Christian",Colgate,Other / Non-D1,2026,1,2,180,0,0,0,0,8,0.0,true,1,2.581,0.6351,1688,92.8,true,false
Grand Canyon::alhassanalhassan,"Alhassan, Alhassan",Grand Canyon,Mountain West,2026,16,2,146,0,1,11,3,0,0.0,false,0,2.560,0.6683,1625,93.8,true,true
IU Indy::herrerajoseantonio,"Herrera, Jose Antonio",IU Indy,Horizon,2026,7,3,256,2,0,7,3,0,0.0,false,0,2.559,0.5640,1480,88.5,true,true
Drake::anyamalachi,"Anya, Malachi",Drake,Missouri Valley,2026,17,4,198,0,3,1,1,0,0.0,false,0,2.557,0.6141,1437,92.2,true,true
St. Thomas::nokkenjacob,"Nokken, Jacob",St. Thomas,Summit,2026,16,4,164,1,2,7,5,0,0.0,false,0,2.548,0.6469,1208,93.2,true,true
Le Moyne College::weisserlouis,"Weisser, Louis",Le Moyne College,NEC,2026,25,4,309,2,1,3,3,0,0.0,false,0,2.536,0.5218,1348,84.9,true,true
West Virginia::pozospablo,"Pozos, Pablo",West Virginia,Sun Belt,2026,9,3,226,1,0,7,4,0,0.0,false,0,2.532,0.5854,1632,90.3,true,true
San Diego State::morenogreyson,"Moreno, Greyson",San Diego State,Pac-12,2026,21,4,260,1,2,7,3,0,0.0,false,0,2.519,0.5557,1369,88,true,true
UC Davis::sanchezgabe,"Sanchez, Gabe",UC Davis,Mountain West,2026,15,3,156,3,0,5,3,0,0.0,false,0,2.516,0.6506,1595,93.3,true,true
Duke::congletonethan,"Congleton, Ethan",Duke,ACC,2026,23,4,277,1,1,4,2,0,0.0,false,0,2.514,0.5421,1693,86.8,true,true
Milwaukee::zunigadominic,"Zuniga, Dominic",Milwaukee,Horizon,2026,2,3,197,0,4,3,1,0,0.0,false,0,2.509,0.6085,1194,91.8,true,true
Rhode Island::harristheo,"Harris, Theo",Rhode Island,Atlantic 10,2026,18,3,218,2,1,6,3,0,0.0,false,0,2.507,0.5890,1432,90.5,true,true
Kansas City::beunzamariano,"Beunza, Mariano",Kansas City,Summit,2026,11,3,207,1,0,10,5,0,0.0,false,0,2.506,0.5987,1495,91.3,true,true
Northeastern::flowersbryce,"Flowers, Bryce",Northeastern,CAA,2026,11,4,208,2,0,5,4,0,0.0,false,0,2.504,0.5976,1416,91.2,true,true
FGCU::ndiwenimichael,"Ndiweni, Michael",FGCU,ASUN,2026,9,3,169,1,0,6,4,0,0.0,false,0,2.496,0.6341,1639,92.8,true,true
Notre Dame::walentvlad,"Walent, Vlad",Notre Dame,ACC,2026,19,4,360,2,0,4,2,0,0.0,false,0,2.493,0.4843,1677,81.1,true,true
VMI::leejesse,"Lee, Jesse",VMI,Southern,2026,17,6,393,2,1,10,3,0,0.0,false,0,2.491,0.4650,1259,78.7,true,true
Harvard::poliakovadam,"Poliakov, Adam",Harvard,Ivy,2026,17,2,104,1,0,5,5,0,0.0,false,0,2.488,0.7073,1606,95.6,true,true
Seton Hall::lejbowiczmikkel,"Lejbowicz, Mikkel",Seton Hall,Big East,2026,11,3,149,2,0,6,3,0,0.0,false,0,2.482,0.6531,1580,93.5,true,true
Clemson::kaeckjohannes,"Kaeck, Johannes",Clemson,ACC,2026,9,1,70,1,0,5,4,0,0.0,false,0,2.475,0.7511,1740,96.8,false,true
James Madison::lolasmanuel,"Lolas, Manuel",James Madison,Sun Belt,2026,20,2,146,2,0,9,3,0,0.0,false,0,2.458,0.6528,1383,93.5,true,true
Jacksonville::tobonmatias,"Tobon, Matias",Jacksonville,ASUN,2026,7,3,165,2,1,2,2,0,0.0,false,0,2.448,0.6311,1451,92.7,true,true
George Mason::godinhojaime,"Godinho, Jaime",George Mason,Atlantic 10,2026,11,2,74,2,0,5,4,0,0.0,false,0,2.430,0.7378,1591,96.6,false,true
NC State::berkorussell,"Berko, Russell",NC State,ACC,2026,7,4,212,2,0,5,3,0,0.0,false,0,2.430,0.5840,1485,90.2,true,true
Georgetown::vanhornmatthew,"Van Horn, Matthew",Georgetown,Big East,2026,8,4,234,1,1,4,2,0,0.0,false,0,2.430,0.5651,1661,88.6,true,true
Northeastern::kangethan,"Kang, Ethan",Northeastern,CAA,2026,10,4,274,0,3,2,1,0,0.0,false,0,2.423,0.5330,1416,86,true,true
Memphis::mancusothomas,"Mancuso, Thomas",Memphis,American,2026,14,4,197,0,3,2,1,0,0.0,false,0,2.419,0.5960,1549,91.1,true,true
UCF::fujitatakahiro,"Fujita, Takahiro",UCF,Sun Belt,2026,29,3,249,2,0,4,3,0,0.0,false,0,2.401,0.5493,1561,87.4,true,true
Northwestern::barretttre,"Barrett, Tre",Northwestern,Big Ten,2026,17,4,139,1,2,2,1,0,0.0,false,0,2.399,0.6515,1482,93.3,true,true
Robert Morris::cottonriley,"Cotton, Riley",Robert Morris,Horizon,2026,24,4,280,1,1,7,3,0,0.0,false,0,2.397,0.5255,1330,85.4,true,true
Sacred Heart::poorbrady,"Poor, Brady",Sacred Heart,Metro,2026,21,3,188,1,1,5,2,0,0.0,false,0,2.396,0.6010,1567,91.4,true,true
Virginia Tech::perezalex,"Perez, Alex",Virginia Tech,ACC,2026,9,3,211,0,3,6,2,0,0.0,false,0,2.393,0.5797,1462,89.8,true,true
NC State::gordonjosh,"Gordon, Josh",NC State,ACC,2026,2,4,360,1,0,7,4,0,0.0,false,0,2.390,0.4727,1485,79.8,true,true
Elon::kozakmartin,"Kozak, Martin",Elon,Other / Non-D1,2026,10,3,146,1,2,7,2,0,0.0,false,0,2.388,0.6422,1343,93,true,false
James Madison::niblockchris,"Niblock, Chris",James Madison,Sun Belt,2026,11,3,236,0,2,7,1,0,0.0,false,0,2.380,0.5569,1356,88,true,true
Harvard::kellyben,"Kelly, Ben",Harvard,Ivy,2026,10,2,104,1,1,3,2,0,0.0,false,0,2.368,0.6877,1606,94.7,true,true
Fairfield::carloscristiano,"Carlos, Cristiano",Fairfield,Metro,2026,23,2,119,2,0,2,2,0,0.0,false,0,2.367,0.6695,1684,93.9,true,true
Duquesne::micheljameson,"Michel, Jameson",Duquesne,Atlantic 10,2026,13,4,215,2,0,8,4,0,0.0,false,0,2.367,0.5727,1396,89.1,true,true
Belmont University::claesnielsenpaul,"Claes Nielsen, Paul",Belmont University,Missouri Valley,2026,7,3,220,2,0,8,5,0,0.0,false,0,2.363,0.5679,1330,89,true,true
Maryland::eleyssamisaid,"El Eyssami, Said",Maryland,Big Ten,2026,99,3,89,2,0,3,2,0,0.0,false,0,2.360,0.7056,1597,95.5,false,true
Fairfield::chomowevan,"Chomow, Evan",Fairfield,Metro,2026,1,2,180,0,1,0,0,4,0.0,true,1,2.355,0.6029,1684,91.5,true,true
UAB::schulzethan,"Schulz, Ethan",UAB,American,2026,1,3,270,0,1,0,0,8,1.0,true,2,2.354,0.5274,1394,85.5,true,true
UC Davis::matiellorafael,"Matiello, Rafael",UC Davis,Mountain West,2026,10,4,196,1,0,10,2,0,0.0,false,0,2.351,0.5874,1517,90.4,true,true
St. John's::birkelundeiebrage,"Birkelund Eie, Brage",St. John's,Big East,2026,20,2,140,2,1,4,2,0,0.0,false,0,2.349,0.6429,1419,93.1,true,true
Oregon State::hoffmantim,"Hoffman, Tim",Oregon State,Pac-12,2026,10,3,127,1,1,3,1,0,0.0,false,0,2.347,0.6570,1700,93.7,true,true
UC Davis::collinsnico,"Collins, Nico",UC Davis,Mountain West,2026,17,4,293,1,1,6,2,0,0.0,false,0,2.341,0.5095,1517,83.9,true,true
Charlotte::beckeirikur,"Beck, Eirikur",Charlotte,American,2026,14,3,257,0,2,2,2,0,0.0,false,0,2.341,0.5354,1655,86.2,true,true
Ohio State::wurschmidtmartin,"Wurschmidt, Martin",Ohio State,Big Ten,2026,5,3,270,1,0,8,5,0,0.0,false,0,2.339,0.5255,1503,85.4,true,true
NJIT::klingerjeremy,"Klinger, Jeremy",NJIT,America East,2026,11,3,211,1,1,6,4,0,0.0,false,0,2.338,0.5723,1404,89.1,true,true
Wake Forest::perezjose,"Perez, Jose",Wake Forest,ACC,2026,12,4,255,1,1,5,1,0,0.0,false,0,2.337,0.5364,1593,86.3,true,true
Syracuse::gullipedro,"Gulli, Pedro",Syracuse,ACC,2026,9,3,76,1,0,7,4,0,0.0,false,0,2.332,0.7181,1581,96,false,true
Omaha::fowlkesamari,"Fowlkes, Amari",Omaha,Summit,2026,8,3,177,2,1,3,3,0,0.0,false,0,2.328,0.6019,1348,91.5,true,true
Winthrop::jelacateo,"Jelaca, Teo",Winthrop,Big South,2026,28,2,107,1,2,3,2,0,0.0,false,0,2.328,0.6776,1391,94.1,true,true
UMass::wadasthomas,"Wadas, Thomas",UMass,Summit,2026,10,1,83,2,0,2,2,0,0.0,false,0,2.326,0.7077,1663,95.7,false,true
Lindenwood::vibergrasmussenphilip,"Viberg Rasmussen, Philip",Lindenwood,Ohio Valley,2026,9,4,189,1,2,7,3,0,0.0,false,0,2.316,0.5889,1189,90.5,true,true
Delaware::widrickeric,"Widrick, Eric",Delaware,Summit,2026,1,3,270,0,0,0,0,9,1.0,true,2,2.314,0.5224,1424,85,true,true
Memphis::lashleemiller,"Lashlee, Miller",Memphis,American,2026,7,4,252,2,0,6,3,0,0.0,false,0,2.314,0.5357,1549,86.3,true,true
New Hampshire::daviladavid,"Davila, David",New Hampshire,America East,2026,9,3,185,1,1,4,1,0,0.0,false,0,2.310,0.5918,1592,90.7,true,true
Michigan State::hudsonkayden,"Hudson, Kayden",Michigan State,Big Ten,2026,20,4,165,1,1,7,2,0,0.0,false,0,2.307,0.6105,1436,92,true,true
Jacksonville::wrightdante,"Wright, Dante",Jacksonville,ASUN,2026,11,2,122,1,1,5,4,0,0.0,false,0,2.295,0.6546,1378,93.5,true,true
UNC Wilmington::gyamfiosei,"Gyamfi, Osei",UNC Wilmington,CAA,2026,10,3,258,1,0,9,3,0,0.0,false,0,2.289,0.5281,1589,85.6,true,true
Virginia::oulouheusamuel,"Oulouheu, Samuel",Virginia,ACC,2026,11,2,82,1,1,1,1,0,0.0,false,0,2.288,0.7026,1796,95.5,false,true
UTRGV::pouyemouhamed,"Pouye, Mouhamed",UTRGV,Ohio Valley,2026,7,2,180,1,1,8,4,0,0.0,false,0,2.285,0.5929,1367,90.8,true,true
Bucknell::snyderchayse,"Snyder, Chayse",Bucknell,Patriot,2026,16,3,173,1,0,6,3,0,0.0,false,0,2.279,0.5987,1620,91.3,true,true
Coastal Carolina::caridemateo,"Caride, Mateo",Coastal Carolina,Sun Belt,2026,9,3,223,1,0,7,5,0,0.0,false,0,2.276,0.5538,1523,87.8,true,true
Kentucky::leemichael,"Lee, Michael",Kentucky,Sun Belt,2026,14,3,222,1,1,4,2,0,0.0,false,0,2.275,0.5544,1585,87.9,true,true
Indiana::kinsellanolan,"Kinsella, Nolan",Indiana,Big Ten,2026,2,4,307,0,2,3,2,0,0.0,false,0,2.268,0.4914,1524,81.8,true,true
Iona::manzanaresignacio,"Manzanares, Ignacio",Iona,Metro,2026,7,3,163,2,0,5,3,0,0.0,false,0,2.267,0.6067,1580,91.6,true,true
UCLA::nixonshakir,"Nixon, Shakir",UCLA,Big Ten,2026,2,3,176,1,1,2,1,0,0.0,false,0,2.259,0.5929,1643,90.9,true,true
Syracuse::fortierkristjan,"Fortier, Kristjan",Syracuse,ACC,2026,26,3,223,1,1,4,2,0,0.0,false,0,2.258,0.5514,1581,87.7,true,true
Bryant::gehobrady,"Geho, Brady",Bryant,America East,2026,20,2,126,1,1,6,2,0,0.0,false,0,2.254,0.6436,1445,93.1,true,true
Quinnipiac::tellebenjamin,"Telle, Benjamin",Quinnipiac,Metro,2026,27,3,182,0,2,7,1,0,0.0,false,0,2.253,0.5865,1551,90.3,true,true
California::salamaadam,"Salama				, Adam",California,ACC,2026,24,2,180,0,0,0,0,6,0.0,true,2,2.248,0.5875,1685,90.4,true,true
North Carolina::lockermannnick,"Lockermann, Nick",North Carolina,ACC,2026,5,3,270,1,1,3,2,0,0.0,false,0,2.247,0.5140,1608,84.3,true,true
Washington::enabuleleosato,"Enabulele, Osato",Washington,Big Ten,2026,21,4,194,1,0,5,3,0,0.0,false,0,2.234,0.5728,1720,89.2,true,true
Rider University::danadokieneemmanuel,"Dan-Adokiene , Emmanuel",Rider University,Metro,2026,9,3,149,2,0,7,4,0,0.0,false,0,2.232,0.6155,1404,92.3,true,true
Harvard::telladodylan,"Tellado, Dylan",Harvard,Ivy,2026,7,2,112,1,1,5,1,0,0.0,false,0,2.231,0.6560,1606,93.6,true,true
Merrimack College::zanisalvatore,"Zani, Salvatore",Merrimack College,Metro,2026,28,3,242,0,2,5,4,0,0.0,false,0,2.225,0.5319,1363,85.8,true,true
Cleveland State::ruggierodomenic,"Ruggiero, Domenic",Cleveland State,Horizon,2026,24,2,95,2,0,5,3,0,0.0,false,0,2.220,0.6746,1391,94,true,true
San Jose State::tortelldalyjordi,"Tortell Daly, Jordi",San Jose State,Mountain West,2026,11,3,181,1,1,6,2,0,0.0,false,0,2.217,0.5822,1541,90.1,true,true
Le Moyne College::palmermyles,"Palmer, Myles",Le Moyne College,NEC,2026,9,3,134,1,1,3,3,0,0.0,false,0,2.214,0.6286,1406,92.6,true,true
Memphis::banhamcarson,"Banham, Carson",Memphis,American,2026,12,4,140,2,0,4,2,0,0.0,false,0,2.213,0.6220,1549,92.5,true,true
Boston College::brownrussell,"Brown, Russell",Boston College,ACC,2026,17,3,92,2,0,4,3,0,0.0,false,0,2.212,0.6771,1399,94.1,true,true
Seattle::leonedgar,"Leon, Edgar",Seattle,West Coast,2026,28,3,196,1,1,3,2,0,0.0,false,0,2.205,0.5671,1619,88.8,true,true
Clemson::hinelinecooper,"Hineline, Cooper",Clemson,ACC,2026,14,3,119,2,0,4,3,0,0.0,false,0,2.203,0.6434,1539,93.1,true,true
Vermont::schmidtkephilipp,"Schmidtke, Philipp",Vermont,America East,2026,9,3,153,1,1,5,2,0,0.0,false,0,2.200,0.6068,1544,91.6,true,true
Akron::searslonden,"Sears, Londen",Akron,Big East,2026,26,3,179,1,1,3,1,0,0.0,false,0,2.194,0.5808,1581,89.9,true,true
Saint Louis::andersontanner,"Anderson, Tanner",Saint Louis,Atlantic 10,2026,9,3,151,2,0,2,2,0,0.0,false,0,2.193,0.6077,1671,91.7,true,true
University of Evansville::calvetepablo,"Calvete, Pablo",University of Evansville,Missouri Valley,2026,6,3,270,2,0,4,2,0,0.0,false,0,2.192,0.5072,1612,83.7,true,true
NJIT::tavareshugo,"Tavares, Hugo",NJIT,America East,2026,6,3,208,1,0,10,5,0,0.0,false,0,2.190,0.5547,1404,87.9,true,true
Ohio State::waynejack,"Wayne, Jack",Ohio State,Big Ten,2026,18,3,129,1,1,4,2,0,0.0,false,0,2.189,0.6302,1503,92.6,true,true
Saint Peter's::mcerlainconnall,"McErlain, Connall",Saint Peter's,Metro,2026,7,3,220,2,0,9,3,0,0.0,false,0,2.186,0.5442,1427,87.1,true,true
Bowling Green::ramoscaue,"Ramos, Caue",Bowling Green,Other / Non-D1,2026,6,4,356,1,0,11,5,0,0.0,false,0,2.183,0.4521,1407,77,true,false
Iona::vivocalderonricardo,"Vivo Calderon, Ricardo",Iona,Metro,2026,9,3,179,1,0,7,4,0,0.0,false,0,2.181,0.5790,1580,89.8,true,true
Xavier::haleegun,"Ha Lee, Gun",Xavier,Big East,2026,11,3,195,0,1,8,3,0,0.0,false,0,2.181,0.5646,1504,88.5,true,true
Duke::monizlogan,"Moniz, Logan",Duke,ACC,2026,14,4,282,1,1,3,1,0,0.0,false,0,2.181,0.4975,1693,82.6,true,true
LIU::robinsonnic,"Robinson, Nic",LIU,Other / Non-D1,2026,8,1,90,2,0,2,2,0,0.0,false,0,2.171,0.6727,1586,94,false,false
Virginia::popsebastian,"Pop, Sebastian",Virginia,ACC,2026,16,4,351,1,1,4,1,0,0.0,false,0,2.170,0.4534,1616,77.1,true,true
SIUE::bastianonicolin,"Bastianoni, Colin",SIUE,Other / Non-D1,2026,19,3,147,1,0,6,3,0,0.0,false,0,2.161,0.6070,1675,91.7,true,false
UNC Asheville::waretyler,"Ware, Tyler",UNC Asheville,Big South,2026,9,2,136,1,0,5,4,0,0.0,false,0,2.158,0.6180,1582,92.4,true,true
Iona::sofioadriano,"Sofio, Adriano",Iona,Metro,2026,32,2,90,0,0,0,0,6,0.0,true,1,2.157,0.6704,1663,94,false,true
Portland::hjalmarssonanton,"Hjalmarsson, Anton",Portland,West Coast,2026,11,3,172,1,0,4,3,0,0.0,false,0,2.154,0.5816,1772,90,true,true
Drake::kittsbarrett,"Kitts, Barrett",Drake,Missouri Valley,2026,19,4,279,0,3,1,0,0,0.0,false,0,2.151,0.4958,1437,82.4,true,true
NC State::defrancescofrank,"DeFrancesco, Frank",NC State,ACC,2026,11,4,232,0,2,2,1,0,0.0,false,0,2.134,0.5277,1485,85.5,true,true
FAU::mikkelsenalfred,"Mikkelsen, Alfred",FAU,American,2026,1,4,360,0,0,0,0,13,3.0,true,4,2.133,0.4442,1616,76.1,true,true
Missouri State::souzadaniel,"Souza, Daniel",Missouri State,American,2026,7,3,221,2,0,9,3,0,0.0,false,0,2.128,0.5356,1273,86.3,true,true
Bryant::depradosantiago,"de Prado , Santiago",Bryant,America East,2026,22,2,173,1,1,4,2,0,0.0,false,0,2.126,0.5766,1445,89.4,true,true
Northern Kentucky::pearsoncaleb,"Pearson, Caleb",Northern Kentucky,Horizon,2026,30,3,270,0,0,0,0,10,1.0,true,1,2.116,0.4976,1325,82.6,true,true
Michigan::concepcionkian,"Concepcion, Kian",Michigan,Big Ten,2026,32,3,171,1,2,2,1,0,0.0,false,0,2.113,0.5766,1374,89.4,true,true
Georgetown::demarcocharlie,"DeMarco, Charlie",Georgetown,Big East,2026,1,4,360,0,0,0,0,10,2.0,true,4,2.111,0.4417,1661,75.8,true,true
Le Moyne College::allportrhys,"Allport, Rhys",Le Moyne College,NEC,2026,19,4,303,1,1,5,4,0,0.0,false,0,2.104,0.4744,1348,80,true,true
Marquette::maldonadofreiemilio,"Maldonado Frei, Emilio",Marquette,Big East,2026,12,4,310,0,2,4,2,0,0.0,false,0,2.102,0.4698,1473,79.2,true,true
Virginia::dukechase,"Duke, Chase",Virginia,ACC,2026,13,4,168,0,2,3,2,0,0.0,false,0,2.101,0.5776,1616,89.6,true,true
Mercyhurst::beechmax,"Beech, Max",Mercyhurst,NEC,2026,16,3,161,1,1,3,2,0,0.0,false,0,2.098,0.5837,1483,90.1,true,true
Longwood::garciapau,"Garcia, Pau",Longwood,Big South,2026,6,2,79,1,2,2,1,0,0.0,false,0,2.093,0.6733,1360,94,false,true
Missouri State::wachowiczvictor,"Wachowicz, Victor",Missouri State,American,2026,2,3,221,1,1,4,3,0,0.0,false,0,2.090,0.5305,1273,85.7,true,true
Saint Louis::heckenlaibleandrew,"Heckenlaible, Andrew",Saint Louis,Atlantic 10,2026,17,3,167,1,1,3,1,0,0.0,false,0,2.081,0.5757,1671,89.3,true,true
Dayton::martinezpablo,"Martinez, Pablo",Dayton,Atlantic 10,2026,7,4,285,0,2,2,2,0,0.0,false,0,2.075,0.4825,1507,80.9,true,true
Gonzaga::potterchase,"Potter, Chase",Gonzaga,Pac-12,2026,17,4,228,1,1,6,3,0,0.0,false,0,2.075,0.5230,1485,85,true,true
Utah Valley::martinmontealegrejoseluis,"Martin Montealegre, Jose Luis",Utah Valley,Big West,2026,7,3,214,1,1,8,2,0,0.0,false,0,2.070,0.5334,1395,86,true,true
UNC Greensboro::dahllasse,"Dahl, Lasse",UNC Greensboro,Southern,2026,7,3,229,0,1,5,3,0,0.0,false,0,2.064,0.5208,1613,84.6,true,true
Seattle::fongaidan,"Fong, Aidan",Seattle,West Coast,2026,8,3,89,2,0,3,2,0,0.0,false,0,2.063,0.6559,1619,93.6,false,true
Northern Illinois::vasicluka,"Vasic, Luka",Northern Illinois,Other / Non-D1,2026,4,4,324,2,0,4,2,0,0.0,false,0,2.061,0.4565,1451,77.5,true,false
Wisconsin::kisseemile,"Kisse, Emile",Wisconsin,Big Ten,2026,11,4,223,2,0,5,2,0,0.0,false,0,2.058,0.5246,1482,85.2,true,true
Wright State::burkettbrian,"Burkett, Brian",Wright State,Horizon,2026,19,4,255,1,1,3,2,0,0.0,false,0,2.055,0.5005,1399,82.9,true,true
Northern Illinois::creartobias,"Crear, Tobias",Northern Illinois,Other / Non-D1,2026,7,4,209,2,0,5,2,0,0.0,false,0,2.050,0.5347,1451,86.2,true,false
Boston University::alexanderben,"Alexander, Ben",Boston University,Patriot,2026,1,3,270,0,0,0,0,10,2.0,true,2,2.049,0.4893,1583,81.5,true,true
NC State::cruzervin,"Cruz, Ervin",NC State,ACC,2026,19,4,204,1,0,8,3,0,0.0,false,0,2.044,0.5380,1485,86.4,true,true
Sacred Heart::istamboulidanny,"Istambouli, Danny",Sacred Heart,Metro,2026,11,3,262,1,0,7,3,0,0.0,false,0,2.039,0.4935,1567,82.2,true,true
Princeton::hammerschmidtnoah,"Hammerschmidt, Noah",Princeton,Ivy,2026,17,2,83,1,1,2,1,0,0.0,false,0,2.039,0.6592,1610,93.7,false,true
Campbell::squillaceaugustus,"Squillace, Augustus",Campbell,CAA,2026,20,2,74,0,2,1,1,0,0.0,false,0,2.034,0.6697,1628,94,false,true
Western Illinois::schweringjack,"Schwering, Jack",Western Illinois,Ohio Valley,2026,7,3,126,0,3,1,1,0,0.0,false,0,2.030,0.6087,1300,91.8,true,true
Maryland::ayelladominic,"Ayella, Dominic",Maryland,Big Ten,2026,10,3,168,1,1,6,1,0,0.0,false,0,2.026,0.5667,1597,88.8,true,true
UC Santa Barbara::standishkaden,"Standish, Kaden",UC Santa Barbara,Big West,2026,11,3,172,1,0,7,3,0,0.0,false,0,2.023,0.5626,1613,88.4,true,true
Bellarmine::mackeycolin,"Mackey, Colin",Bellarmine,ASUN,2026,3,3,159,1,1,2,2,0,0.0,false,0,2.019,0.5740,1497,89.3,true,true
Vermont::adjashalom,"Adja, Shalom",Vermont,America East,2026,12,3,191,1,0,6,3,0,0.0,false,0,2.018,0.5452,1544,87.2,true,true
Presbyterian::alahmadmo,"Alahmad, Mo",Presbyterian,Big South,2026,29,4,194,1,1,6,3,0,0.0,false,0,2.016,0.5423,1280,86.9,true,true
Western Michigan::yessensahel,"Yessen, Sahel",Western Michigan,Missouri Valley,2026,9,4,292,0,2,4,0,0,0.0,false,0,2.013,0.4704,1632,79.4,true,true
UCLA::neulszachary,"Neuls, Zachary",UCLA,Big Ten,2026,12,3,224,1,0,6,2,0,0.0,false,0,2.012,0.5177,1643,84.5,true,true
Bradley::coughlonmitch,"Coughlon, Mitch",Bradley,Other / Non-D1,2026,33,3,195,1,0,6,5,0,0.0,false,0,2.004,0.5399,1379,86.5,true,false
Siena::vicenteantonio,"Vicente, Antonio",Siena,Metro,2026,10,3,263,0,2,7,1,0,0.0,false,0,2.004,0.4884,1429,81.5,true,true
Quinnipiac::ferreirafrancisco,"Ferreira, Francisco",Quinnipiac,Metro,2026,19,3,194,1,0,7,4,0,0.0,false,0,1.994,0.5393,1551,86.5,true,true
VMI::dowdysam,"Dowdy, Sam",VMI,Southern,2026,15,6,490,0,3,1,1,0,0.0,false,0,1.990,0.3691,1259,60.3,true,true
Sacramento State::yanghiroshi,"Yang, Hiroshi",Sacramento State,Big West,2026,10,4,340,1,0,8,3,0,0.0,false,0,1.985,0.4386,1475,75,true,true
Charleston::takanashimichiharu,"Takanashi, Michiharu",Charleston,CAA,2026,9,3,214,2,0,4,2,0,0.0,false,0,1.980,0.5212,1467,84.8,true,true
UIC::montoyamartin,"Montoya, Martin",UIC,Missouri Valley,2026,19,4,180,1,0,8,4,0,0.0,false,0,1.977,0.5488,1434,87.3,true,true
Seattle::sayeblegayjrallen,"Saye Blegay Jr, Allen",Seattle,West Coast,2026,7,3,131,0,1,6,3,0,0.0,false,0,1.974,0.5948,1619,91,true,true
Pittsburgh::tallmamadou,"Tall, Mamadou",Pittsburgh,ACC,2026,12,3,185,1,0,6,2,0,0.0,false,0,1.973,0.5439,1590,87,true,true
Butler::cunninghambrendan,"Cunningham, Brendan",Butler,Big East,2026,9,4,332,0,1,12,2,0,0.0,false,0,1.971,0.4415,1510,75.6,true,true
Quincy University::cannleo,"Cann, Leo",Quincy University,Other / Non-D1,2026,23,1,90,2,0,7,3,0,0.0,false,0,1.968,0.6389,1265,92.9,false,false
UCLA::aguilaradrian,"Aguilar, Adrian",UCLA,Big Ten,2026,28,3,242,0,2,1,1,0,0.0,false,0,1.967,0.4984,1643,82.7,true,true
Houston Christian::okerayiryan,"Okerayi, Ryan",Houston Christian,Ohio Valley,2026,24,3,270,1,0,7,4,0,0.0,false,0,1.967,0.4790,1439,80.6,true,true
Navy::nancecohen,"Nance, Cohen",Navy,Patriot,2026,23,4,235,2,0,7,2,0,0.0,false,0,1.956,0.5020,1353,83.1,true,true
Army::zhaironald,"Zhai, Ronald",Army,Patriot,2026,21,4,237,1,1,5,2,0,0.0,false,0,1.954,0.5003,1432,82.8,true,true
Furman::campbelltrip,"Campbell, Trip",Furman,Southern,2026,17,4,130,0,2,2,0,0,0.0,false,0,1.953,0.5924,1584,90.8,true,true
Furman::wagnerryan,"Wagner, Ryan",Furman,Southern,2026,5,4,345,1,0,4,3,0,0.0,false,0,1.952,0.4322,1584,73.7,true,true
UC Irvine::treinenbrady,"Treinen, Brady",UC Irvine,Big West,2026,19,3,270,0,2,4,1,0,0.0,false,0,1.951,0.4770,1517,80.3,true,true
Xavier::dettyely,"Detty, Ely",Xavier,Big East,2026,27,3,209,1,1,3,1,0,0.0,false,0,1.949,0.5209,1504,84.7,true,true
Winthrop::perezjorge,"Perez, Jorge",Winthrop,Big South,2026,23,2,127,2,0,5,2,0,0.0,false,0,1.946,0.5944,1391,90.9,true,true
Iona::borlafrancesco,"Borla, Francesco",Iona,Metro,2026,11,3,173,0,2,2,2,0,0.0,false,0,1.937,0.5493,1580,87.5,true,true
Louisville::quintosryan,"Quintos, Ryan",Louisville,ACC,2026,13,4,360,0,1,5,3,0,0.0,false,0,1.934,0.4221,1535,71.9,true,true
Furman::travisgrayson,"Travis, Grayson",Furman,Southern,2026,16,4,181,1,0,4,3,0,0.0,false,0,1.928,0.5411,1584,86.6,true,true
Merrimack College::kratzjonathan,"Kratz, Jonathan",Merrimack College,Metro,2026,11,3,244,2,0,5,3,0,0.0,false,0,1.928,0.4919,1363,81.9,true,true
Cleveland State::mertztom,"Mertz, Tom",Cleveland State,Horizon,2026,6,2,180,0,1,6,3,0,0.0,false,0,1.928,0.5418,1391,86.8,true,true
Virginia Tech::belatracheyanis,"Belatrache, Yanis",Virginia Tech,ACC,2026,5,3,211,2,0,4,2,0,0.0,false,0,1.926,0.5162,1462,84.4,true,true
Seton Hall::kauschketil,"Kauschke, Til",Seton Hall,Big East,2026,13,3,253,0,1,4,3,0,0.0,false,0,1.926,0.4853,1580,81.1,true,true
UConn::straitbrayden,"Strait, Brayden",UConn,Big East,2026,2,4,315,0,2,1,1,0,0.0,false,0,1.924,0.4458,1563,76.4,true,true
Loyola Chicago::okekechimnosoh,"Okeke, Chimnosoh",Loyola Chicago,Atlantic 10,2026,12,4,313,0,2,4,1,0,0.0,false,0,1.921,0.4466,1401,76.4,true,true
Villanova::vazquezkarson,"Vazquez, Karson",Villanova,Big East,2026,10,3,167,0,1,8,3,0,0.0,false,0,1.915,0.5514,1449,87.7,true,true
Utah Tech::taylorzach,"Taylor, Zach",Utah Tech,Mountain West,2026,8,4,168,1,1,4,3,0,0.0,false,0,1.913,0.5502,1353,87.6,true,true
San Diego State::caffolucas,"Caffo, Lucas",San Diego State,Pac-12,2026,30,3,98,2,0,4,4,0,0.0,false,0,1.913,0.6205,1363,92.5,true,true
Syracuse::whitedario,"White, Dario",Syracuse,ACC,2026,12,3,90,0,1,5,3,0,0.0,false,0,1.906,0.6286,1581,92.6,false,true
Tulsa::pedrolafortunyarnau,"Pedrola Fortuny, Arnau",Tulsa,American,2026,7,4,126,1,0,8,4,0,0.0,false,0,1.906,0.5892,1486,90.6,true,true
Omaha::perkinsmaguire,"Perkins, Maguire",Omaha,Summit,2026,2,3,174,1,0,5,5,0,0.0,false,0,1.905,0.5438,1348,87,true,true
Furman::stoutconnor,"Stout, Connor",Furman,Southern,2026,24,4,287,0,1,3,3,0,0.0,false,0,1.905,0.4604,1584,78,true,true
DePaul::bedwellquinn,"Bedwell, Quinn",DePaul,Big East,2026,21,4,137,1,1,3,2,0,0.0,false,0,1.905,0.5780,1429,89.7,true,true
Portland::highfieldjoe,"Highfield, Joe",Portland,West Coast,2026,7,3,241,0,1,6,1,0,0.0,false,0,1.899,0.4902,1772,81.6,true,true
UCLA::ratoviztamir,"Ratoviz, Tamir",UCLA,Big Ten,2026,8,2,85,1,0,3,3,0,0.0,false,0,1.897,0.6329,1555,92.8,false,true
George Washington::kosichwebb,"Kosich, Webb",George Washington,Atlantic 10,2026,27,3,123,0,2,3,2,0,0.0,false,0,1.896,0.5908,1426,90.6,true,true
UConn::sheppelaaidan,"Sheppela, Aidan",UConn,Big East,2026,11,4,235,0,1,8,2,0,0.0,false,0,1.895,0.4940,1563,82.3,true,true
Campbell::almendarezcastrojayco,"Almendarez Castro, Jayco",Campbell,CAA,2026,17,1,68,1,0,4,3,0,0.0,false,0,1.894,0.6532,1624,93.5,false,true
Virginia Tech::polkparker,"Polk, Parker",Virginia Tech,ACC,2026,12,3,151,1,1,3,2,0,0.0,false,0,1.894,0.5630,1462,88.4,true,true
New Haven::talebali,"Taleb, Ali",New Haven,NEC,2026,9,3,183,1,0,3,3,0,0.0,false,0,1.893,0.5343,1630,86.2,true,true
Santa Clara::mazonasgabrielius,"Mazonas, Gabrielius",Santa Clara,West Coast,2026,9,4,195,1,0,7,3,0,0.0,false,0,1.890,0.5239,1518,85.2,true,true
Georgetown::urrutiadavid,"Urrutia, David",Georgetown,Big East,2026,11,4,286,0,2,1,0,0,0.0,false,0,1.887,0.4588,1661,77.8,true,true
Northern Illinois::angulonico,"Angulo, Nico",Northern Illinois,Other / Non-D1,2026,20,4,267,0,2,4,1,0,0.0,false,0,1.881,0.4702,1451,79.4,true,false
Yale::meachamsven,"Meacham, Sven",Yale,Ivy,2026,5,2,174,0,2,3,1,0,0.0,false,0,1.880,0.5402,1420,86.5,true,true
Ohio State::hannoshryan,"Hannosh, Ryan",Ohio State,Big Ten,2026,14,3,198,1,0,8,3,0,0.0,false,0,1.877,0.5197,1503,84.6,true,true
Charleston::bendvoldstian,"Bendvold, Stian",Charleston,CAA,2026,15,3,216,1,1,5,1,0,0.0,false,0,1.876,0.5056,1467,83.3,true,true
Pittsburgh::grabfeldercaden,"Grabfelder, Caden",Pittsburgh,ACC,2026,11,3,270,1,0,5,3,0,0.0,false,0,1.875,0.4675,1590,78.9,true,true
Lindenwood::holmesryan,"Holmes, Ryan",Lindenwood,Ohio Valley,2026,7,4,133,1,1,6,3,0,0.0,false,0,1.874,0.5772,1189,89.5,true,true
Indiana::maherjosh,"Maher, Josh",Indiana,Big Ten,2026,4,4,360,0,1,4,3,0,0.0,false,0,1.867,0.4146,1524,70.2,true,true
Old Dominion::bisongotu,"Bisong, Otu",Old Dominion,Sun Belt,2026,11,3,163,0,1,5,5,0,0.0,false,0,1.865,0.5476,1465,87.2,true,true
Syracuse::oksanengabriel,"Oksanen, Gabriel",Syracuse,ACC,2026,3,3,58,1,0,3,3,0,0.0,false,0,1.864,0.6607,1581,93.7,false,true
Manhattan::dahanziv,"Dahan, Ziv",Manhattan,Metro,2026,9,2,150,2,0,4,4,0,0.0,false,0,1.863,0.5593,1225,88.2,true,true
Clemson::bakkenmartin,"Bakken, Martin",Clemson,ACC,2026,7,3,143,0,1,4,2,0,0.0,false,0,1.862,0.5656,1539,88.6,true,true
San Diego State::mccuskerkian,"McCusker, Kian",San Diego State,Pac-12,2026,11,4,117,0,3,1,1,0,0.0,false,0,1.860,0.5913,1369,90.7,true,true
Elon::dalandtonnes,"Daland, Tonnes",Elon,Other / Non-D1,2026,15,3,142,1,1,1,1,0,0.0,false,0,1.859,0.5662,1343,88.7,true,false
Seton Hall::rubionico,"Rubio, Nico",Seton Hall,Big East,2026,17,3,179,0,2,2,1,0,0.0,false,0,1.857,0.5326,1580,85.9,true,true
CCSU::wilkinsonbenmartin,"Wilkinson, Ben-Martin",CCSU,Other / Non-D1,2026,9,2,117,1,0,5,5,0,0.0,false,0,1.851,0.5899,1336,90.6,true,false
Denver::kellykeegan,"Kelly, Keegan",Denver,West Coast,2026,18,3,213,1,0,3,3,0,0.0,false,0,1.849,0.5042,1734,83.1,true,true
Duke::racajari,"Racaj, Ari",Duke,ACC,2026,15,4,104,1,0,3,3,0,0.0,false,0,1.849,0.6034,1693,91.6,true,true
Liberty::ochiengjavan,"Ochieng, Javan",Liberty,Southern,2026,8,3,209,0,2,1,0,0,0.0,false,0,1.848,0.5071,1579,83.7,true,true
Kansas City::ramarolamark,"Ramarola, Mark",Kansas City,Summit,2026,2,3,188,0,2,3,1,0,0.0,false,0,1.846,0.5235,1495,85.1,true,true
UTRGV::jadidsammy,"Jadid, Sammy",UTRGV,Ohio Valley,2026,8,2,76,1,1,2,2,0,0.0,false,0,1.842,0.6343,1367,92.8,false,true
FIU::capriatipasquale,"Capriati, Pasquale",FIU,American,2026,20,4,130,1,1,2,1,0,0.0,false,0,1.842,0.5752,1561,89.3,true,true
Wisconsin::caponecaleb,"Capone, Caleb",Wisconsin,Big Ten,2026,24,4,94,0,2,2,1,0,0.0,false,0,1.840,0.6130,1482,92.1,true,true
Sacramento State::battistessasean,"Battistessa, Sean",Sacramento State,Big West,2026,11,4,207,1,0,7,3,0,0.0,false,0,1.840,0.5076,1475,83.8,true,true
UNC Greensboro::matosfilipe,"Matos, Filipe",UNC Greensboro,Southern,2026,28,3,140,1,1,1,1,0,0.0,false,0,1.839,0.5650,1613,88.5,true,true
Dayton::ogundarefarouq,"Ogundare, Farouq",Dayton,Atlantic 10,2026,8,3,189,1,1,6,2,0,0.0,false,0,1.839,0.5216,1420,84.8,true,true
St. John's::abeijonxavi,"Abeijon, Xavi",St. John's,Big East,2026,11,2,105,0,2,6,1,0,0.0,false,0,1.837,0.6003,1419,91.4,true,true
James Madison::jasperserik,"Jaspers, Erik",James Madison,Sun Belt,2026,1,3,270,0,0,0,0,9,2.0,true,2,1.836,0.4626,1356,78.3,true,true
Drexel::moerckvictor,"Moerck, Victor",Drexel,CAA,2026,7,3,170,2,0,4,2,0,0.0,false,0,1.832,0.5366,1362,86.4,true,true
Grand Canyon::hannisabri,"Hanni, Sabri",Grand Canyon,Mountain West,2026,11,3,207,1,0,6,2,0,0.0,false,0,1.831,0.5063,1528,83.4,true,true
Cal Poly::beningdevin,"Bening, Devin",Cal Poly,Pac-12,2026,23,4,79,1,1,3,1,0,0.0,false,0,1.824,0.6276,1576,92.6,false,true
Colgate::rameycole,"Ramey, Cole",Colgate,Other / Non-D1,2026,9,2,135,1,0,4,3,0,0.0,false,0,1.823,0.5674,1688,88.9,true,false
Omaha::johnsonderek,"Johnson, Derek",Omaha,Summit,2026,19,3,122,1,1,6,2,0,0.0,false,0,1.821,0.5800,1348,89.8,true,true
Lindenwood::magalhaesdavid,"Magalhaes, David",Lindenwood,Ohio Valley,2026,10,4,145,2,0,5,3,0,0.0,false,0,1.820,0.5574,1189,88.1,true,true
Wisconsin::torresjoaquin,"Torres, Joaquin",Wisconsin,Big Ten,2026,14,4,341,1,1,1,1,0,0.0,false,0,1.820,0.4193,1482,71.2,true,true
Winthrop::restrepodaniel,"Restrepo, Daniel",Winthrop,Big South,2026,12,2,120,1,1,3,3,0,0.0,false,0,1.814,0.5809,1391,90,true,true
Seattle::baziaalex,"Bazia, Alex",Seattle,West Coast,2026,11,3,104,1,1,2,1,0,0.0,false,0,1.813,0.5975,1619,91.1,true,true
Pacific::singhfateh,"Singh, Fateh",Pacific,West Coast,2026,27,3,134,2,0,2,2,0,0.0,false,0,1.810,0.5664,1498,88.7,true,true
Providence::loperasteban,"Lopera, Steban",Providence,Big East,2026,2,4,330,0,2,4,1,0,0.0,false,0,1.807,0.4238,1452,72.1,true,true
Virginia Tech::uwimananoe,"Uwimana, Noe",Virginia Tech,ACC,2026,21,3,251,2,0,2,2,0,0.0,false,0,1.807,0.4715,1462,79.6,true,true
Pacific::erfanimassimo,"Erfani, Massimo",Pacific,West Coast,2026,11,4,282,1,0,8,3,0,0.0,false,0,1.804,0.4511,1489,76.9,true,true
Washington::hestadasher,"Hestad, Asher",Washington,Big Ten,2026,5,4,316,0,1,4,2,0,0.0,false,0,1.801,0.4307,1720,73.4,true,true
Georgia State::yedmelkenny,"Yedmel, Kenny",Georgia State,Sun Belt,2026,4,3,248,1,1,3,1,0,0.0,false,0,1.799,0.4725,1372,79.7,true,true
Cal State Fullerton::gradoulises,"Grado, Ulises",Cal State Fullerton,Big West,2026,23,3,188,0,1,11,1,0,0.0,false,0,1.794,0.5162,1614,84.4,true,true
Saint Louis::soaresalander,"Soares, Alander",Saint Louis,Atlantic 10,2026,7,3,111,0,1,5,2,0,0.0,false,0,1.792,0.5867,1671,90.3,true,true
Akron::sullivanjack,"Sullivan, Jack",Akron,Big East,2026,19,3,129,1,0,6,2,0,0.0,false,0,1.792,0.5684,1581,89,true,true
Lipscomb::secairamateo,"Secaira, Mateo",Lipscomb,ASUN,2026,18,2,135,1,0,4,3,0,0.0,false,0,1.789,0.5622,1562,88.3,true,true
Pittsburgh::cartergrayson,"Carter, Grayson",Pittsburgh,ACC,2026,20,3,105,1,1,2,1,0,0.0,false,0,1.788,0.5923,1590,90.8,true,true
FIU::benjellounjad,"Benjelloun, Jad",FIU,American,2026,7,4,225,1,1,2,1,0,0.0,false,0,1.785,0.4867,1561,81.3,true,true
UIC::grinblatartem,"Grinblat, Artem",UIC,Missouri Valley,2026,12,4,295,0,1,5,4,0,0.0,false,0,1.779,0.4402,1434,75.4,true,true
Stetson::restrepomauricio,"Restrepo, Mauricio",Stetson,ASUN,2026,19,3,176,1,0,5,2,0,0.0,false,0,1.777,0.5237,1545,85.1,true,true
Harvard::desouzagil,"de Souza, Gil",Harvard,Ivy,2026,24,2,76,1,0,3,3,0,0.0,false,0,1.774,0.6227,1606,92.6,false,true
University of Southern Indiana::murphytony,"Murphy, Tony",University of Southern Indiana,Ohio Valley,2026,7,2,81,0,2,2,1,0,0.0,false,0,1.771,0.6163,1392,92.4,false,true
Cal Poly::mascottparker,"Mascott, Parker",Cal Poly,Pac-12,2026,28,4,77,1,1,1,1,0,0.0,false,0,1.770,0.6209,1576,92.5,false,true
UNC Wilmington::miralriobryan,"Miralrio, Bryan",UNC Wilmington,CAA,2026,14,3,203,1,0,7,3,0,0.0,false,0,1.768,0.5007,1589,82.9,true,true
North Carolina::nikolailuca,"Nikolai, Luca",North Carolina,ACC,2026,13,3,269,0,1,3,2,0,0.0,false,0,1.768,0.4547,1608,77.2,true,true
UC Davis::hobbsjake,"Hobbs, Jake",UC Davis,Mountain West,2026,19,4,228,0,2,2,0,0,0.0,false,0,1.767,0.4821,1517,80.9,true,true
Lindenwood::tonksgabriel,"Tonks, Gabriel",Lindenwood,Ohio Valley,2026,2,4,282,1,1,5,3,0,0.0,false,0,1.763,0.4461,1189,76.4,true,true
Virginia Tech::chantackjaden,"Chan Tack, Jaden",Virginia Tech,ACC,2026,24,3,251,2,0,4,3,0,0.0,false,0,1.763,0.4657,1462,78.8,true,true
Notre Dame::spicernolan,"Spicer, Nolan",Notre Dame,ACC,2026,10,4,313,0,1,5,2,0,0.0,false,0,1.757,0.4272,1677,72.8,true,true
UNLV::legendrenick,"Legendre, Nick",UNLV,Mountain West,2026,13,3,202,1,1,3,1,0,0.0,false,0,1.756,0.4999,1542,82.8,true,true
Mercer::nezianyachris,"Nezianya, Chris",Mercer,Southern,2026,20,4,273,1,0,4,3,0,0.0,false,0,1.755,0.4507,1548,76.8,true,true
Providence::carneyryan,"Carney, Ryan",Providence,Big East,2026,1,4,360,0,0,0,0,21,7.0,true,4,1.751,0.4018,1452,67.6,true,true
Notre Dame::tropeanotristan,"Tropeano, Tristan",Notre Dame,ACC,2026,13,4,229,1,0,4,2,0,0.0,false,0,1.748,0.4790,1677,80.6,true,true
Virginia Tech::ruizmateosalvaro,"Ruiz-Mateos, Alvaro",Virginia Tech,ACC,2026,18,3,174,0,2,1,0,0,0.0,false,0,1.747,0.5210,1462,84.7,true,true
Belmont University::mcdowelljohn,"McDowell, John",Belmont University,Missouri Valley,2026,14,3,243,1,1,6,2,0,0.0,false,0,1.747,0.4691,1330,79.1,true,true
UC Irvine::smuckzac,"Smuck, Zac",UC Irvine,Big West,2026,9,3,170,0,2,3,1,0,0.0,false,0,1.740,0.5233,1517,85.1,true,true
Omaha::rungejeppe,"Runge, Jeppe",Omaha,Summit,2026,21,3,189,0,1,5,4,0,0.0,false,0,1.733,0.5068,1348,83.6,true,true
San Jose State::fregosobautistadaniel,"Fregoso Bautista, Daniel",San Jose State,Mountain West,2026,13,3,165,1,1,2,1,0,0.0,false,0,1.729,0.5259,1541,85.5,true,true
Utah Tech::cinellijacob,"Cinelli, Jacob",Utah Tech,Mountain West,2026,17,4,331,1,0,8,4,0,0.0,false,0,1.727,0.4139,1353,70,true,true
Bowling Green::terrytrace,"Terry, Trace",Bowling Green,Other / Non-D1,2026,21,2,73,2,0,3,3,0,0.0,false,0,1.723,0.6174,1447,92.4,false,false
NC State::tolentinocaden,"Tolentino, Caden",NC State,ACC,2026,17,4,235,1,1,3,1,0,0.0,false,0,1.717,0.4706,1485,79.4,true,true
Marist::diopmani,"Diop, Mani",Marist,Metro,2026,18,3,223,1,0,7,2,0,0.0,false,0,1.715,0.4788,1483,80.5,true,true
Liberty::matavelepablo,"Matavele, Pablo",Liberty,Southern,2026,22,3,192,1,1,2,1,0,0.0,false,0,1.714,0.5018,1579,83,true,true
Stanford::fitzgeraldboesjayden,"Fitzgerald Boes, Jayden",Stanford,ACC,2026,14,4,180,0,1,6,1,0,0.0,false,0,1.714,0.5113,1693,84.1,true,true
Washington::lofyconnor,"Lofy, Connor",Washington,Big Ten,2026,26,4,323,0,1,4,2,0,0.0,false,0,1.714,0.4167,1720,70.6,true,true
Loyola Marymount::uriosteguilopezaxel,"Uriostegui Lopez, Axel",Loyola Marymount,West Coast,2026,18,4,255,1,0,4,2,0,0.0,false,0,1.711,0.4565,1695,77.4,true,true
James Madison::rakehakon,"Rake, Hakon",James Madison,Sun Belt,2026,23,3,135,1,0,8,2,0,0.0,false,0,1.709,0.5498,1356,87.5,true,true
Boston College::henzefynn,"Henze, Fynn",Boston College,ACC,2026,23,3,220,1,1,1,1,0,0.0,false,0,1.708,0.4800,1399,80.8,true,true
Gonzaga::golesisnico,"Golesis, Nico",Gonzaga,Pac-12,2026,21,1,62,1,0,9,4,0,0.0,false,0,1.707,0.6280,1256,92.6,false,true
Virginia::matshaziarnold,"Matshazi, Arnold",Virginia,ACC,2026,7,2,102,1,0,2,2,0,0.0,false,0,1.705,0.5821,1796,90.1,true,true
Furman::reidryan,"Reid, Ryan",Furman,Southern,2026,20,4,203,1,0,4,2,0,0.0,false,0,1.703,0.4918,1584,81.9,true,true
UC San Diego::cashtyler,"Cash, Tyler",UC San Diego,Pac-12,2026,12,3,127,2,0,3,2,0,0.0,false,0,1.702,0.5563,1285,88,true,true
St. John's::porucznikandrew,"Porucznik, Andrew",St. John's,Big East,2026,19,2,170,1,1,3,1,0,0.0,false,0,1.700,0.5175,1419,84.4,true,true
Rider University::azurunwachiemeka,"Azurunwa, Chiemeka",Rider University,Metro,2026,12,3,168,1,1,6,1,0,0.0,false,0,1.698,0.5190,1404,84.5,true,true
Old Dominion::menendezmiguel,"Menendez, Miguel",Old Dominion,Sun Belt,2026,17,3,164,1,0,5,2,0,0.0,false,0,1.698,0.5223,1465,84.9,true,true
Wright State::duranalessandro,"Duran, Alessandro",Wright State,Horizon,2026,11,4,142,1,0,5,3,0,0.0,false,0,1.696,0.5414,1399,86.7,true,true
Campbell::dubekana,"Dube, Kana",Campbell,CAA,2026,13,2,104,1,0,5,2,0,0.0,false,0,1.695,0.5783,1628,89.7,true,true
Northwestern::silvamarco,"Silva, Marco",Northwestern,Big Ten,2026,11,4,217,0,2,4,1,0,0.0,false,0,1.695,0.4803,1482,80.8,true,true
Coastal Carolina::devinewill,"Devine, Will",Coastal Carolina,Sun Belt,2026,30,3,270,0,0,0,0,4,0.0,true,1,1.693,0.4447,1523,76.1,true,true
La Salle::millisockdavin,"Millisock, Davin",La Salle,Atlantic 10,2026,34,3,144,0,2,3,1,0,0.0,false,0,1.690,0.5386,1433,86.5,true,true
High Point::lugodaniel,"Lugo, Daniel",High Point,Big South,2026,9,2,154,1,0,2,2,0,0.0,false,0,1.690,0.5297,1789,85.6,true,true
High Point::morrisonaidan,"Morrison, Aidan",High Point,Big South,2026,24,2,159,1,0,2,2,0,0.0,false,0,1.690,0.5253,1789,85.3,true,true
Kansas City::francismakhi,"Francis, Makhi",Kansas City,Summit,2026,16,3,88,0,1,5,3,0,0.0,false,0,1.688,0.5944,1495,90.9,false,true
Wisconsin::jonesellis,"Jones, Ellis",Wisconsin,Big Ten,2026,25,4,344,0,0,6,5,0,0.0,false,0,1.687,0.4026,1482,67.7,true,true
California Baptist::jonesliam,"Jones, Liam",California Baptist,Pac-12,2026,7,2,79,1,0,6,2,0,0.0,false,0,1.682,0.6035,1617,91.6,false,true
NJIT::marciniakmateusz,"Marciniak, Mateusz",NJIT,America East,2026,18,3,137,1,0,9,3,0,0.0,false,0,1.680,0.5436,1404,87,true,true
Loyola Chicago::drazekmateusz,"Drazek, Mateusz",Loyola Chicago,Atlantic 10,2026,23,4,172,1,1,1,1,0,0.0,false,0,1.679,0.5128,1401,84.2,true,true
Wake Forest::youngchandler,"Young, Chandler",Wake Forest,ACC,2026,23,4,182,1,0,8,2,0,0.0,false,0,1.677,0.5044,1593,83.2,true,true
FDU::kopayryan,"Kopay, Ryan",FDU,Other / Non-D1,2026,12,3,217,0,2,2,1,0,0.0,false,0,1.676,0.4778,1335,80.4,true,false
UCLA::halllogan,"Hall, Logan",UCLA,Big Ten,2026,23,3,111,1,0,3,2,0,0.0,false,0,1.674,0.5677,1643,88.9,true,true
Northwestern::smythgabe,"Smyth, Gabe",Northwestern,Big Ten,2026,8,2,160,0,1,6,2,0,0.0,false,0,1.671,0.5218,1449,84.8,true,true
Western Illinois::prestamarco,"Presta, Marco",Western Illinois,Ohio Valley,2026,4,3,191,1,1,3,2,0,0.0,false,0,1.669,0.4961,1300,82.5,true,true
Hofstra::pollhenri,"Poll, Henri",Hofstra,CAA,2026,20,3,147,0,1,6,2,0,0.0,false,0,1.663,0.5318,1505,85.8,true,true
Providence::garrepybrian,"Garrepy, Brian",Providence,Big East,2026,26,4,81,2,0,2,2,0,0.0,false,0,1.660,0.5975,1452,91.1,false,true
Yale::otterbergethan,"Otterberg, Ethan",Yale,Ivy,2026,21,2,77,1,1,2,1,0,0.0,false,0,1.660,0.6019,1420,91.5,false,true
Furman::hutzellluke,"Hutzell, Luke",Furman,Southern,2026,6,4,335,0,1,4,2,0,0.0,false,0,1.652,0.4032,1584,67.9,true,true
Old Dominion::viciniludovico,"Vicini, Ludovico",Old Dominion,Sun Belt,2026,3,3,252,0,2,1,0,0,0.0,false,0,1.651,0.4508,1465,76.9,true,true
University of Evansville::turaalex,"Tura, Alex",University of Evansville,Missouri Valley,2026,27,3,205,0,0,7,4,0,0.0,false,0,1.650,0.4830,1612,81,true,true
Washington::goettingjake,"Goetting, Jake",Washington,Big Ten,2026,19,4,114,0,0,8,3,0,0.0,false,0,1.650,0.5609,1720,88.3,true,true
NC State::payneaidan,"Payne, Aidan",NC State,ACC,2026,15,4,258,0,1,8,2,0,0.0,false,0,1.650,0.4468,1485,76.5,true,true
UC San Diego::mctaguesean,"McTague, Sean",UC San Diego,Pac-12,2026,7,3,148,1,1,5,2,0,0.0,false,0,1.650,0.5290,1285,85.6,true,true
Vermont::bjorknoel,"Bjork, Noel",Vermont,America East,2026,20,3,107,0,2,1,0,0,0.0,false,0,1.648,0.5677,1544,88.9,true,true
Oakland::gilbertstephen,"Gilbert, Stephen",Oakland,Horizon,2026,9,3,146,0,2,2,0,0,0.0,false,0,1.643,0.5298,1532,85.7,true,true
Wofford::ricebear,"Rice, Bear",Wofford,Southern,2026,8,2,97,1,0,4,2,0,0.0,false,0,1.642,0.5770,1534,89.5,true,true
West Virginia::ishiikanta,"Ishii, Kanta",West Virginia,Sun Belt,2026,7,3,254,0,1,4,2,0,0.0,false,0,1.640,0.4482,1632,76.7,true,true
St. Thomas::voilesednilson,"Voiles, Ednilson",St. Thomas,Summit,2026,11,3,105,2,0,4,3,0,0.0,false,0,1.637,0.5678,1189,89,true,true
North Florida::netogeraldo,"Neto, Geraldo",North Florida,ASUN,2026,9,3,192,1,0,3,3,0,0.0,false,0,1.635,0.4907,1512,81.8,true,true
American::sullivanchris,"Sullivan, Chris",American,Patriot,2026,7,3,219,0,0,6,4,0,0.0,false,0,1.625,0.4696,1708,79.2,true,true
Duquesne::ervinjaxon,"Ervin, Jaxon",Duquesne,Atlantic 10,2026,17,4,226,0,2,6,0,0,0.0,false,0,1.622,0.4643,1396,78.6,true,true
Xavier::silvestrinialejandro,"Silvestrini, Alejandro",Xavier,Big East,2026,16,3,262,0,2,1,0,0,0.0,false,0,1.610,0.4393,1504,75.3,true,true
Wake Forest::garciaronnie,"Garcia, Ronnie",Wake Forest,ACC,2026,33,4,190,0,1,3,2,0,0.0,false,0,1.607,0.4882,1593,81.4,true,true
UAB::nordinlucas,"Nordin, Lucas",UAB,American,2026,16,3,166,1,0,6,3,0,0.0,false,0,1.605,0.5070,1394,83.6,true,true
George Washington::lamitommaso,"Lami, Tommaso",George Washington,Atlantic 10,2026,14,3,166,0,2,1,1,0,0.0,false,0,1.603,0.5067,1426,83.6,true,true
Dayton::seelbraden,"Seel, Braden",Dayton,Atlantic 10,2026,10,4,360,1,1,5,1,0,0.0,false,0,1.602,0.3853,1507,64,true,true
Kansas City::fernandezmiguel,"Fernandez, Miguel",Kansas City,Summit,2026,6,3,260,0,2,1,0,0,0.0,false,0,1.599,0.4391,1495,75.2,true,true
Radford::borehamjackson,"Boreham, Jackson",Radford,Big South,2026,4,2,180,1,0,4,3,0,0.0,false,0,1.597,0.4946,1400,82.4,true,true
Mercyhurst::wakelinronny,"Wakelin, Ronny",Mercyhurst,NEC,2026,6,3,160,0,1,3,3,0,0.0,false,0,1.596,0.5106,1483,84,true,true
Le Moyne College::patoneanthony,"Patone, Anthony",Le Moyne College,NEC,2026,8,4,211,0,1,4,3,0,0.0,false,0,1.594,0.4709,1348,79.4,true,true
Seton Hall::herleycharlie,"Herley, Charlie",Seton Hall,Big East,2026,20,3,260,1,0,3,2,0,0.0,false,0,1.593,0.4383,1580,75,true,true
Northern Kentucky::mercecarlos,"Merce, Carlos",Northern Kentucky,Horizon,2026,7,2,162,1,0,8,2,0,0.0,false,0,1.592,0.5084,1408,83.8,true,true
UC Irvine::kaemerleshane,"Kaemerle, Shane",UC Irvine,Big West,2026,22,3,112,0,1,4,1,0,0.0,false,0,1.591,0.5535,1517,87.8,true,true
Santa Clara::wiersdorfwill,"Wiersdorf, Will",Santa Clara,West Coast,2026,17,4,360,0,1,6,2,0,0.0,false,0,1.587,0.3836,1518,63.4,true,true
South Florida::aubyjakob,"Auby, Jakob",South Florida,American,2026,12,3,209,1,1,4,2,0,0.0,false,0,1.586,0.4713,1383,79.5,true,true
Siena::horjaemmy,"Horja, Emmy",Siena,Metro,2026,2,3,63,1,1,2,1,0,0.0,false,0,1.584,0.6051,1429,91.6,false,true
High Point::caronjosh,"Caron, Josh",High Point,Big South,2026,1,2,180,0,1,0,0,8,3.0,true,2,1.583,0.4926,1789,82.1,true,true
Kentucky::kellertom,"Keller, Tom",Kentucky,Sun Belt,2026,21,3,82,1,0,4,2,0,0.0,false,0,1.578,0.5824,1585,90.1,false,true
UNC Greensboro::linbergtrym,"Linberg, Trym",UNC Greensboro,Southern,2026,22,3,264,0,2,0,0,0,0.0,false,0,1.576,0.4337,1613,74.1,true,true
Rutgers::poncedeleonrafael,"Ponce de Leon, Rafael",Rutgers,Big Ten,2026,1,3,269,0,0,0,0,11,3.0,true,3,1.575,0.4306,1598,73.4,true,true
Duke::wolfjonah,"Wolf, Jonah",Duke,ACC,2026,6,4,313,0,1,5,1,0,0.0,false,0,1.575,0.4057,1693,68.3,true,true
Virginia::burnsluke,"Burns, Luke",Virginia,ACC,2026,10,4,88,0,1,5,2,0,0.0,false,0,1.570,0.5747,1616,89.3,false,true
Pacific::morenoandradeedwin,"Moreno-Andrade, Edwin",Pacific,West Coast,2026,18,4,228,1,1,1,1,0,0.0,false,0,1.565,0.4554,1489,77.3,true,true
Western Michigan::stevanovicbraden,"Stevanovic, Braden",Western Michigan,Missouri Valley,2026,12,4,257,0,1,6,1,0,0.0,false,0,1.563,0.4364,1632,74.7,true,true
St. John's::fargnoliluca,"Fargnoli, Luca",St. John's,Big East,2026,16,2,110,1,0,6,3,0,0.0,false,0,1.563,0.5509,1419,87.6,true,true
Virginia::abanfoprince,"Abanfo, Prince",Virginia,ACC,2026,12,4,155,1,0,4,2,0,0.0,false,0,1.563,0.5099,1616,83.9,true,true
Drexel::bartellraphael,"Bartell, Raphael",Drexel,CAA,2026,0,3,270,0,1,0,0,8,2.0,true,3,1.560,0.4282,1362,72.9,true,true
North Carolina::zellefrowryan,"Zellefrow, Ryan",North Carolina,ACC,2026,27,3,267,0,0,8,4,0,0.0,false,0,1.558,0.4297,1608,73.2,true,true
Central Arkansas::bamballinoa,"Bamballi, Noa",Central Arkansas,ASUN,2026,23,3,91,0,1,5,2,0,0.0,false,0,1.556,0.5692,1507,89.1,false,true
Gonzaga::olsonmorgan,"Olson, Morgan",Gonzaga,Pac-12,2026,31,4,285,0,1,6,3,0,0.0,false,0,1.554,0.4187,1485,71.1,true,true
Xavier::mennelljonny,"Mennell, Jonny",Xavier,Big East,2026,1,3,270,0,1,0,0,9,3.0,true,2,1.549,0.4267,1504,72.7,true,true
Boston College::borakandrej,"Borak, Andrej",Boston College,ACC,2026,1,3,270,0,0,0,0,10,2.0,true,3,1.548,0.4267,1399,72.7,true,true
Jacksonville::mjaavatnmathias,"Mjaavatn, Mathias",Jacksonville,ASUN,2026,22,3,116,1,1,1,1,0,0.0,false,0,1.548,0.5427,1451,86.9,true,true
Stonehill College::hineschris,"Hines, Chris",Stonehill College,NEC,2026,10,3,204,1,0,6,3,0,0.0,false,0,1.545,0.4693,1371,79.1,true,true
Georgia State::dallagnolvirgil,"Dall'Agnol, Virgil",Georgia State,Sun Belt,2026,10,3,233,0,1,6,2,0,0.0,false,0,1.543,0.4491,1372,76.8,true,true
Clemson::jimenezmason,"Jimenez, Mason",Clemson,ACC,2026,16,3,270,1,0,5,1,0,0.0,false,0,1.540,0.4257,1539,72.6,true,true
Northwestern::mahlmeisterseth,"Mahlmeister, Seth",Northwestern,Big Ten,2026,25,3,79,0,1,4,2,0,0.0,false,0,1.540,0.5794,1447,89.8,false,true
UMBC::kamaraabdul,"Kamara, Abdul",UMBC,America East,2026,10,2,99,2,0,3,2,0,0.0,false,0,1.538,0.5579,1286,88.1,true,true
Purdue Fort Wayne::razobrandon,"Razo, Brandon",Purdue Fort Wayne,Horizon,2026,27,2,127,1,0,3,2,0,0.0,false,0,1.537,0.5307,1566,85.8,true,true
SMU::hickamlandon,"Hickam, Landon",SMU,ACC,2026,16,3,189,0,1,5,1,0,0.0,false,0,1.536,0.4791,1572,80.6,true,true
California Baptist::ojojustin,"Ojo, Justin",California Baptist,Pac-12,2026,18,2,106,1,0,2,2,0,0.0,false,0,1.536,0.5505,1617,87.6,true,true
Furman::bustamantewilfer,"Bustamante, Wilfer",Furman,Southern,2026,9,4,179,0,1,5,1,0,0.0,false,0,1.532,0.4860,1584,81.2,true,true
SMU::landspergvillads,"Landsperg, Villads",SMU,ACC,2026,3,3,270,0,2,1,0,0,0.0,false,0,1.531,0.4245,1572,72.3,true,true
West Florida::rodriguezalzatenikolas,"Rodriguez Alzate, Nikolas",West Florida,Other / Non-D1,2026,17,4,355,0,1,3,3,0,0.0,false,0,1.529,0.3795,1416,62.6,true,false
Pittsburgh::scretchencannon,"Scretchen, Cannon",Pittsburgh,ACC,2026,22,3,221,1,0,4,2,0,0.0,false,0,1.527,0.4550,1590,77.3,true,true
Drake::shalitjudah,"Shalit, Judah",Drake,Missouri Valley,2026,27,3,85,0,1,4,3,0,0.0,false,0,1.526,0.5705,1475,89.1,false,true
Columbia University::zielinskiluke,"Zielinski, Luke",Columbia University,Ivy,2026,8,1,73,0,2,2,0,0,0.0,false,0,1.526,0.5835,1435,90.1,false,true
La Salle::demeismael,"Deme, Ismael",La Salle,Atlantic 10,2026,17,3,55,2,0,2,2,0,0.0,false,0,1.525,0.6042,1433,91.6,false,true
Stony Brook::fleuryalex,"Fleury, Alex",Stony Brook,CAA,2026,21,3,270,1,0,6,2,0,0.0,false,0,1.524,0.4236,1542,72,true,true
Cornell::zapatasergio,"Zapata, Sergio",Cornell,Ivy,2026,9,1,73,0,2,1,1,0,0.0,false,0,1.524,0.5832,1342,90.1,false,true
Harvard::savvaandreas,"Savva, Andreas",Harvard,Ivy,2026,11,2,113,0,1,2,2,0,0.0,false,0,1.524,0.5417,1606,86.7,true,true
West Florida::rodriguezadrian,"Rodriguez, Adrian",West Florida,Other / Non-D1,2026,10,4,306,1,0,4,3,0,0.0,false,0,1.523,0.4034,1416,68,true,false
UC Davis::oroscodiego,"Orosco, Diego",UC Davis,Mountain West,2026,11,3,63,1,0,5,3,0,0.0,false,0,1.520,0.5939,1402,90.9,false,true
CSU Bakersfield::velasquezjoey,"Velasquez, Joey",CSU Bakersfield,Other / Non-D1,2026,7,3,267,0,1,5,1,0,0.0,false,0,1.519,0.4248,1542,72.4,true,false
St. Thomas::jaconlorenzo,"Jacon, Lorenzo",St. Thomas,Summit,2026,17,4,220,1,1,6,2,0,0.0,false,0,1.518,0.4544,1208,77.2,true,true
Saint Mary's::kobeycameron,"Kobey, Cameron",Saint Mary's,West Coast,2026,10,4,283,1,0,4,2,0,0.0,false,0,1.517,0.4153,1485,70.4,true,true
Penn State::sowinskiluca,"Sowinski, Luca",Penn State,Big Ten,2026,7,3,187,1,0,4,2,0,0.0,false,0,1.515,0.4775,1523,80.4,true,true
UCF::vogelhugo,"Vogel, Hugo",UCF,Sun Belt,2026,17,3,248,0,0,8,4,0,0.0,false,0,1.514,0.4358,1561,74.5,true,true
Jacksonville::davicsantosleonardo,"Davi C Santos, Leonardo",Jacksonville,ASUN,2026,12,3,146,1,0,3,3,0,0.0,false,0,1.514,0.5102,1451,83.9,true,true
Navy::cawlfieldwill,"Cawlfield, Will",Navy,Patriot,2026,3,4,296,0,2,1,1,0,0.0,false,0,1.507,0.4068,1353,68.6,true,true
Villanova::lahrsenfynn,"Lahrsen, Fynn",Villanova,Big East,2026,29,3,165,1,0,5,4,0,0.0,false,0,1.505,0.4932,1449,82.2,true,true
UC Riverside::martinezeric,"Martinez, Eric",UC Riverside,Pac-12,2026,33,3,186,1,0,2,2,0,0.0,false,0,1.505,0.4769,1564,80.3,true,true
DePaul::iaccinoluca,"Iaccino, Luca",DePaul,Big East,2026,23,4,127,1,1,2,1,0,0.0,false,0,1.503,0.5253,1429,85.3,true,true
Michigan State::huertaoscar,"Huerta, Oscar",Michigan State,Big Ten,2026,15,4,119,0,1,4,3,0,0.0,false,0,1.501,0.5323,1436,85.9,true,true
Niagara::rauchtill,"Rauch, Till",Niagara,Metro,2026,3,3,270,1,0,3,2,0,0.0,false,0,1.500,0.4206,1599,71.6,true,true
William & Mary::tmteam,"TM 
                                            TEAM",William & Mary,CAA,2026,TM,1,0,2,0,0,0,0,0.0,false,0,1.499,0.6728,1250,94,false,true
Utah Valley::knechtowen,"Knecht, Owen",Utah Valley,Big West,2026,99,3,185,0,2,2,0,0,0.0,false,0,1.497,0.4765,1395,80.2,true,true
Maryland::koehlleon,"Koehl, Leon",Maryland,Big Ten,2026,6,3,256,1,1,2,1,0,0.0,false,0,1.495,0.4284,1597,73,true,true
Cal Poly::mahoneyquinn,"Mahoney, Quinn",Cal Poly,Pac-12,2026,19,3,71,1,0,3,2,0,0.0,false,0,1.494,0.5803,1617,89.9,false,true
Notre Dame::dunphystevie,"Dunphy, Stevie",Notre Dame,ACC,2026,23,4,131,1,0,3,2,0,0.0,false,0,1.494,0.5203,1677,84.6,true,true
Penn State::sheridanjoseph,"Sheridan, Joseph",Penn State,Big Ten,2026,5,3,270,1,0,5,3,0,0.0,false,0,1.490,0.4194,1523,71.3,true,true
Cal State Fullerton::delatorrejose,"de la Torre, Jose",Cal State Fullerton,Big West,2026,10,3,231,0,0,10,3,0,0.0,false,0,1.490,0.4434,1614,76,true,true
Winthrop::ortegapablo,"Ortega, Pablo",Winthrop,Big South,2026,20,2,76,2,0,3,2,0,0.0,false,0,1.490,0.5741,1391,89.3,false,true
USC Upstate::cromedyjacob,"Cromedy, Jacob",USC Upstate,Big South,2026,15,3,146,0,2,1,1,0,0.0,false,0,1.490,0.5066,1382,83.5,true,true
Boston University::romierilapo,"Romieri, Lapo",Boston University,Patriot,2026,12,3,181,1,0,3,3,0,0.0,false,0,1.487,0.4781,1583,80.4,true,true
Le Moyne College::paganoantonino,"Pagano, Antonino",Le Moyne College,NEC,2026,21,4,135,0,2,3,1,0,0.0,false,0,1.481,0.5147,1348,84.3,true,true
South Florida::martinalexis,"Martin, Alexis",South Florida,American,2026,32,3,270,0,0,0,0,15,5.0,true,3,1.477,0.4177,1383,70.9,true,true
Portland::akyiremdenzel,"Akyirem, Denzel",Portland,West Coast,2026,20,3,161,0,1,1,1,0,0.0,false,0,1.476,0.4921,1772,82,true,true
West Florida::gjesdahltobias,"Gjesdahl, Tobias",West Florida,Other / Non-D1,2026,9,4,249,1,0,3,3,0,0.0,false,0,1.472,0.4297,1416,73.2,true,false
St. Thomas::hauswaldquentin,"Hauswald, Quentin",St. Thomas,Summit,2026,8,4,227,0,1,5,4,0,0.0,false,0,1.472,0.4436,1208,76,true,true
San Diego::dillondevin,"Dillon, Devin",San Diego,West Coast,2026,29,3,270,1,0,2,1,0,0.0,false,0,1.470,0.4169,1725,70.7,true,true
Northern Illinois::hernandezjoe,"Hernandez, Joe",Northern Illinois,Other / Non-D1,2026,8,4,360,1,0,5,2,0,0.0,false,0,1.461,0.3696,1451,60.4,true,false
William & Mary::gatchellaidan,"Gatchell, Aidan",William & Mary,CAA,2026,7,4,164,1,1,3,2,0,0.0,false,0,1.461,0.4875,1395,81.3,true,true
Davidson College::frinkcharles,"Frink, Charles",Davidson College,Atlantic 10,2026,30,2,103,1,0,4,2,0,0.0,false,0,1.461,0.5413,1538,86.6,true,true
Marshall::apolinariothiago,"Apolinario, Thiago",Marshall,Sun Belt,2026,4,2,95,1,0,3,2,0,0.0,false,0,1.459,0.5490,1518,87.3,true,true
UCF::parteraalex,"Partera, Alex",UCF,Sun Belt,2026,11,3,201,0,1,3,2,0,0.0,false,0,1.457,0.4593,1561,77.9,true,true
California Baptist::dagostinoblake,"D'Agostino, Blake",California Baptist,Pac-12,2026,9,2,135,1,0,4,2,0,0.0,false,0,1.456,0.5109,1617,84.1,true,true
Marshall::nugentjoshua,"Nugent, Joshua",Marshall,Sun Belt,2026,13,2,119,0,0,6,4,0,0.0,false,0,1.454,0.5250,1518,85.3,true,true
Bellarmine::nissenliejohan,"Nissen-Lie, Johan",Bellarmine,ASUN,2026,11,3,182,0,1,4,2,0,0.0,false,0,1.454,0.4727,1497,79.8,true,true
Lindenwood::sandersonomar,"Sanderson, Omar",Lindenwood,Ohio Valley,2026,27,3,165,1,0,11,2,0,0.0,false,0,1.454,0.4857,1264,81.2,true,true
Northern Illinois::khelaroman,"Khela, Roman",Northern Illinois,Other / Non-D1,2026,2,4,360,0,2,0,0,0,0.0,false,0,1.453,0.3687,1451,60.3,true,false
FIU::piedeleumartin,"Piedeleu, Martin",FIU,American,2026,10,4,180,0,1,4,1,0,0.0,false,0,1.449,0.4734,1561,79.9,true,true
Marist::marquesevan,"Marques, Evan",Marist,Metro,2026,6,3,270,0,1,3,2,0,0.0,false,0,1.448,0.4142,1483,70.1,true,true
UNC Greensboro::torrepablo,"Torre, Pablo",UNC Greensboro,Southern,2026,17,3,199,1,0,3,2,0,0.0,false,0,1.445,0.4591,1613,77.9,true,true
Saint Louis::delkusjackson,"Delkus, Jackson",Saint Louis,Atlantic 10,2026,22,3,108,1,0,2,2,0,0.0,false,0,1.444,0.5336,1671,86.1,true,true
UC Riverside::sagredogiancarlo,"Sagredo, Giancarlo",UC Riverside,Pac-12,2026,0,3,270,0,0,0,0,10,3.0,true,3,1.443,0.4135,1564,69.8,true,true
Central Arkansas::schwartzkyle,"Schwartz, Kyle",Central Arkansas,ASUN,2026,13,3,186,0,1,6,1,0,0.0,false,0,1.442,0.4679,1507,78.9,true,true
Stony Brook::farrryan,"Farr, Ryan",Stony Brook,CAA,2026,10,3,203,0,0,9,3,0,0.0,false,0,1.441,0.4557,1542,77.4,true,true
Temple University::stefanerlukas,"Stefaner , Lukas",Temple University,American,2026,18,3,214,0,1,4,2,0,0.0,false,0,1.440,0.4480,1505,76.6,true,true
UCF::hebertmatisse,"Hebert, Matisse",UCF,Sun Belt,2026,13,3,270,0,0,0,0,4,0.0,true,2,1.440,0.4131,1561,69.6,true,true
Gonzaga::mckennadamoni,"McKenna, Damoni",Gonzaga,Pac-12,2026,4,4,258,1,1,3,1,0,0.0,false,0,1.438,0.4199,1485,71.4,true,true
Milwaukee::huwilerfelix,"Huwiler, Felix",Milwaukee,Horizon,2026,18,3,106,1,0,4,3,0,0.0,false,0,1.429,0.5333,1194,86,true,true
Monmouth::jaruseviciusrokas,"Jarusevicius, Rokas",Monmouth,CAA,2026,28,2,75,0,1,3,2,0,0.0,false,0,1.429,0.5647,1501,88.5,false,true
California::parkjunhwan,"Park, Junhwan",California,ACC,2026,7,2,67,1,0,2,2,0,0.0,false,0,1.429,0.5734,1685,89.2,false,true
Colgate::schachterlucas,"Schachter, Lucas",Colgate,Other / Non-D1,2026,15,2,35,1,0,2,1,0,0.0,false,0,1.422,0.6100,1688,92,false,false
Robert Morris::fazaljoaquin,"Fazal, Joaquin",Robert Morris,Horizon,2026,19,4,247,1,0,9,2,0,0.0,false,0,1.422,0.4245,1330,72.2,true,true
Cal Poly::firouznamrylan,"Firouznam, Rylan",Cal Poly,Pac-12,2026,10,4,313,0,1,6,1,0,0.0,false,0,1.421,0.3876,1576,64.6,true,true
CSU Bakersfield::wangusijesse,"Wangusi, Jesse",CSU Bakersfield,Other / Non-D1,2026,10,3,199,1,0,5,2,0,0.0,false,0,1.421,0.4557,1542,77.4,true,false
Longwood::shafeiyoussef,"Shafei, Youssef",Longwood,Big South,2026,11,2,93,1,0,7,3,0,0.0,false,0,1.420,0.5444,1360,87.1,true,true
Fordham::flickingergavin,"Flickinger, Gavin",Fordham,Atlantic 10,2026,11,3,176,0,0,7,4,0,0.0,false,0,1.419,0.4721,1509,79.6,true,true
SMU::soghomonianstephan,"Soghomonian, Stephan",SMU,ACC,2026,30,3,174,1,0,4,2,0,0.0,false,0,1.418,0.4735,1572,79.9,true,true
West Florida::vandenessenjip,"van den Essen, Jip",West Florida,Other / Non-D1,2026,11,4,315,1,0,4,2,0,0.0,false,0,1.416,0.3861,1416,64.2,true,false
Stony Brook::drummondsebastian,"Drummond, Sebastian",Stony Brook,CAA,2026,28,3,210,1,0,3,1,0,0.0,false,0,1.416,0.4474,1542,76.6,true,true
Wake Forest::sullivanmason,"Sullivan, Mason",Wake Forest,ACC,2026,24,4,332,0,1,4,2,0,0.0,false,0,1.416,0.3776,1593,62.4,true,true
UConn::arredondoalfonso,"Arredondo, Alfonso",UConn,Big East,2026,18,4,44,0,1,2,2,0,0.0,false,0,1.413,0.5973,1563,91.1,false,true
Winthrop::kawagoeshota,"Kawagoe, Shota",Winthrop,Big South,2026,19,2,150,0,2,1,1,0,0.0,false,0,1.410,0.4913,1391,81.8,true,true
Northwestern::tarletonbaraka,"Tarleton, Baraka",Northwestern,Big Ten,2026,13,4,360,1,0,2,2,0,0.0,false,0,1.410,0.3639,1482,59,true,true
San Diego::eaglestontaj,"Eagleston, Taj",San Diego,West Coast,2026,8,3,270,1,0,1,1,0,0.0,false,0,1.410,0.4094,1725,69.1,true,true
Navy::sullivanduncan,"Sullivan, Duncan",Navy,Patriot,2026,14,4,343,0,0,10,4,0,0.0,false,0,1.404,0.3710,1353,61.2,true,true
George Mason::dejesusmatias,"de Jesus, Matias",George Mason,Atlantic 10,2026,10,2,62,1,0,4,3,0,0.0,false,0,1.404,0.5746,1591,89.3,false,true
Detroit Mercy::lafayetteclayton,"Lafayette, Clayton",Detroit Mercy,Horizon,2026,12,3,237,1,0,4,3,0,0.0,false,0,1.402,0.4280,1446,72.9,true,true
Kansas City::nkumukevin,"Nkumu, Kevin",Kansas City,Summit,2026,32,3,113,0,2,0,0,0,0.0,false,0,1.402,0.5223,1495,84.9,true,true
Western Michigan::lindewirthalex,"Lindewirth, Alex",Western Michigan,Missouri Valley,2026,29,4,270,0,0,0,0,6,1.0,true,1,1.401,0.4082,1632,69,true,true
UCLA::richtermathis,"Richter, Mathis",UCLA,Big Ten,2026,5,3,270,0,1,2,1,0,0.0,false,0,1.400,0.4081,1643,68.9,true,true
Washington::hernandezkevin,"Hernandez, Kevin",Washington,Big Ten,2026,13,4,178,0,1,4,1,0,0.0,false,0,1.397,0.4674,1720,78.8,true,true
Omaha::perkinsbrett,"Perkins, Brett",Omaha,Summit,2026,14,3,263,1,1,1,1,0,0.0,false,0,1.396,0.4117,1348,69.5,true,true
Northern Illinois::drazekjakub,"Drazek, Jakub",Northern Illinois,Other / Non-D1,2026,6,4,284,0,1,3,2,0,0.0,false,0,1.395,0.3998,1451,67.1,true,false
Cal State Fullerton::bengardaiden,"Bengard, Aiden",Cal State Fullerton,Big West,2026,8,3,231,1,0,3,2,0,0.0,false,0,1.395,0.4309,1614,73.5,true,true
Ferrum::mcintosholiver,"McIntosh, Oliver",Ferrum,Other / Non-D1,2026,22,1,47,1,0,4,3,0,0.0,false,0,1.393,0.5900,1327,90.6,false,false
Portland::kaufmannoskar,"Kaufmann, Oskar",Portland,West Coast,2026,24,3,51,1,0,1,1,0,0.0,false,0,1.392,0.5852,1772,90.3,false,true
CSUN::monfaredkayvon,"Monfared, Kayvon",CSUN,Other / Non-D1,2026,24,2,124,1,0,3,2,0,0.0,false,0,1.392,0.5107,1473,84,true,false
Duke::suberjulius,"Suber, Julius",Duke,ACC,2026,18,4,281,0,1,3,1,0,0.0,false,0,1.391,0.4009,1693,67.3,true,true
Louisville::petrusojohnny,"Petruso, Johnny",Louisville,ACC,2026,17,4,136,1,0,4,2,0,0.0,false,0,1.391,0.5001,1535,82.8,true,true
Syracuse::darkolandon,"Darko, Landon",Syracuse,ACC,2026,17,3,120,1,0,2,2,0,0.0,false,0,1.390,0.5140,1581,84.3,true,true
Stonehill College::rusieckimaciej,"Rusiecki, Maciej",Stonehill College,NEC,2026,20,3,99,1,0,6,2,0,0.0,false,0,1.390,0.5336,1371,86.1,true,true
UConn::pickeringevan,"Pickering, Evan",UConn,Big East,2026,12,4,147,1,0,2,2,0,0.0,false,0,1.388,0.4904,1563,81.7,true,true
FIU::barnettowen,"Barnett, Owen",FIU,American,2026,8,4,183,1,0,2,1,0,0.0,false,0,1.386,0.4623,1561,78.2,true,true
Memphis::cruzhenrique,"Cruz, Henrique",Memphis,American,2026,6,4,329,0,1,3,1,0,0.0,false,0,1.386,0.3756,1549,62,true,true
UIC::alonsoalan,"Alonso, Alan",UIC,Missouri Valley,2026,6,4,341,1,0,3,2,0,0.0,false,0,1.384,0.3697,1434,60.5,true,true
Rider University::rojekpatryk,"Rojek, Patryk",Rider University,Metro,2026,17,3,98,1,0,4,2,0,0.0,false,0,1.384,0.5336,1404,86.1,true,true
San Diego::bauermathias,"Bauer, Mathias",San Diego,West Coast,2026,35,3,270,0,2,0,0,0,0.0,false,0,1.383,0.4060,1725,68.4,true,true
St. Thomas::marshallowen,"Marshall, Owen",St. Thomas,Summit,2026,21,4,184,0,2,4,0,0,0.0,false,0,1.378,0.4604,1208,78,true,true
Bellarmine::mccrerytate,"McCrery, Tate",Bellarmine,ASUN,2026,12,3,270,0,1,3,2,0,0.0,false,0,1.376,0.4052,1497,68.2,true,true
UMass Lowell::amoritz,"Aé, Moritz",UMass Lowell,America East,2026,0,3,180,0,0,0,0,10,2.0,true,2,1.376,0.4630,1310,78.3,true,true
Santa Clara::ozburnjackson,"Ozburn, Jackson",Santa Clara,West Coast,2026,99,4,360,0,0,0,0,6,1.0,true,1,1.371,0.3596,1518,57.8,true,true
UCLA::piefinot,"Pie, Finot",UCLA,Big Ten,2026,17,3,126,0,1,3,1,0,0.0,false,0,1.371,0.5056,1643,83.4,true,true
Stanford::zirncalder,"Zirn, Calder",Stanford,ACC,2026,26,3,21,1,0,1,1,0,0.0,false,0,1.367,0.6176,1693,92.4,false,true
Georgetown::lampmantate,"Lampman, Tate",Georgetown,Big East,2026,25,4,360,1,0,3,1,0,0.0,false,0,1.366,0.3590,1661,57.7,true,true
Wake Forest::biskupskiphilip,"Biskupski, Philip",Wake Forest,ACC,2026,7,4,151,1,0,4,1,0,0.0,false,0,1.365,0.4837,1593,81,true,true
Loyola Chicago::mcfeelyjack,"McFeely, Jack",Loyola Chicago,Atlantic 10,2026,11,4,190,1,0,5,2,0,0.0,false,0,1.362,0.4538,1401,77.1,true,true
Villanova::mazzolaluca,"Mazzola, Luca",Villanova,Big East,2026,8,3,162,1,0,5,3,0,0.0,false,0,1.361,0.4744,1449,80,true,true
NJIT::sadlochaeric,"Sadlocha, Eric",NJIT,America East,2026,4,3,270,1,0,3,3,0,0.0,false,0,1.358,0.4029,1404,67.8,true,true
Washington::meierzack,"Meier, Zack",Washington,Big Ten,2026,16,4,316,0,1,2,1,0,0.0,false,0,1.358,0.3787,1720,62.5,true,true
Rider University::heildrew,"Heil, Drew",Rider University,Metro,2026,11,3,232,0,0,13,3,0,0.0,false,0,1.358,0.4253,1404,72.5,true,true
DePaul::flowerstyler,"Flowers, Tyler",DePaul,Big East,2026,8,4,281,1,0,4,2,0,0.0,false,0,1.355,0.3964,1429,66.4,true,true
Utah Valley::arousadem,"Arous, Adem",Utah Valley,Big West,2026,17,3,122,0,0,6,5,0,0.0,false,0,1.354,0.5066,1395,83.4,true,true
Charlotte::raggettmichael,"Raggett, Michael",Charlotte,American,2026,19,1,54,0,0,4,3,0,0.0,false,0,1.353,0.5747,1860,89.3,false,true
Brown::amarallorenzo,"Amaral, Lorenzo",Brown,Ivy,2026,10,1,63,1,0,4,3,0,0.0,false,0,1.353,0.5646,1303,88.5,false,true
Quinnipiac::saputojoey,"Saputo, Joey",Quinnipiac,Metro,2026,9,3,67,1,0,4,1,0,0.0,false,0,1.352,0.5600,1551,88.2,false,true
Missouri State::estebanadrin,"Esteban, Adrián",Missouri State,American,2026,8,3,250,0,2,2,0,0,0.0,false,0,1.351,0.4135,1273,69.8,true,true
Santa Clara::arenasalejandro,"Arenas, Alejandro",Santa Clara,West Coast,2026,3,4,360,1,0,3,2,0,0.0,false,0,1.350,0.3572,1518,57.2,true,true
UC Irvine::gallocristian,"Gallo, Cristian",UC Irvine,Big West,2026,6,3,54,1,0,2,1,0,0.0,false,0,1.349,0.5740,1517,89.3,false,true
Colgate::catesconnor,"Cates, Connor",Colgate,Other / Non-D1,2026,2,2,140,0,0,4,3,0,0.0,false,0,1.349,0.4903,1688,81.7,true,false
Fordham::cantalapiedramarco,"Cantalapiedra, Marco",Fordham,Atlantic 10,2026,30,3,159,1,0,3,2,0,0.0,false,0,1.348,0.4749,1509,80.1,true,true
Delaware::jeffreysfreddy,"Jeffreys, Freddy",Delaware,Summit,2026,10,3,165,1,0,5,3,0,0.0,false,0,1.347,0.4701,1424,79.3,true,true
Lipscomb::morejonjorge,"Morejon, Jorge",Lipscomb,ASUN,2026,14,2,130,1,0,5,1,0,0.0,false,0,1.346,0.4983,1562,82.7,true,true
Radford::zimbevanoel,"Zimbeva, Noel",Radford,Big South,2026,10,2,137,1,0,3,2,0,0.0,false,0,1.346,0.4923,1400,82,true,true
Charlotte::pucilowskiwiktor,"Pucilowski, Wiktor",Charlotte,American,2026,17,3,125,0,1,1,1,0,0.0,false,0,1.344,0.5022,1655,83.1,true,true
UNLV::madridmikah,"Madrid, Mikah",UNLV,Mountain West,2026,15,3,227,1,0,3,2,0,0.0,false,0,1.343,0.4265,1542,72.7,true,true
Utah Valley::poguenoah,"Pogue, Noah",Utah Valley,Big West,2026,15,3,125,0,2,2,0,0,0.0,false,0,1.339,0.5014,1395,82.9,true,true
Le Moyne College::karbownikoli,"Karbownik, Oli",Le Moyne College,NEC,2026,12,4,257,0,1,5,2,0,0.0,false,0,1.336,0.4075,1348,68.9,true,true
Loyola Chicago::kehayovnico,"Kehayov, Nico",Loyola Chicago,Atlantic 10,2026,14,2,137,1,0,6,2,0,0.0,false,0,1.333,0.4903,1341,81.7,true,true
Temple University::atkinsongavin,"Atkinson, Gavin",Temple University,American,2026,1,3,270,0,0,0,0,11,3.0,true,3,1.332,0.3996,1505,67.1,true,true
Rhode Island::krauseluca,"Krause, Luca",Rhode Island,Atlantic 10,2026,7,3,172,0,1,4,2,0,0.0,false,0,1.332,0.4625,1432,78.3,true,true
Creighton::gilchristgrady,"Gilchrist, Grady",Creighton,Big East,2026,18,4,63,0,0,5,4,0,0.0,false,0,1.329,0.5604,1554,88.2,false,true
San Diego::jamesnoah,"James, Noah",San Diego,West Coast,2026,23,3,263,1,0,4,2,0,0.0,false,0,1.328,0.4031,1725,67.9,true,true
Marist::hoggronan,"Hogg, Ronan",Marist,Metro,2026,14,3,164,0,1,4,2,0,0.0,false,0,1.327,0.4678,1483,78.9,true,true
Monmouth::losajavier,"Losa, Javier",Monmouth,CAA,2026,8,1,58,1,0,2,2,0,0.0,false,0,1.325,0.5651,1511,88.6,false,true
UC San Diego::thielenic,"Thiele, Nic",UC San Diego,Pac-12,2026,00,3,257,0,0,0,0,6,0.0,true,1,1.325,0.4060,1285,68.5,true,true
Syracuse::scottnathan,"Scott, Nathan",Syracuse,ACC,2026,7,3,163,0,1,2,1,0,0.0,false,0,1.325,0.4683,1581,79,true,true
Bryant::blascomarcos,"Blasco , Marcos",Bryant,America East,2026,6,2,159,1,0,4,2,0,0.0,false,0,1.323,0.4712,1445,79.5,true,true
Rhode Island::kuemmritzliam,"Kuemmritz, Liam",Rhode Island,Atlantic 10,2026,14,3,176,0,1,4,3,0,0.0,false,0,1.323,0.4584,1432,77.7,true,true
UC Riverside::hamidehtarek,"Hamideh, Tarek",UC Riverside,Pac-12,2026,10,3,236,1,0,3,1,0,0.0,false,0,1.320,0.4179,1564,70.9,true,true
UIC::turciosdarrell,"Turcios, Darrell",UIC,Missouri Valley,2026,8,4,278,0,0,6,4,0,0.0,false,0,1.320,0.3937,1434,65.7,true,true
Denver::willoughbybryce,"Willoughby, Bryce",Denver,West Coast,2026,34,3,211,1,0,1,1,0,0.0,false,0,1.319,0.4336,1734,74,true,true
Oral Roberts::aydinemre,"Aydin, Emre",Oral Roberts,Summit,2026,19,4,198,1,0,3,2,0,0.0,false,0,1.319,0.4422,1483,75.9,true,true
Rutgers::collinsnick,"Collins, Nick",Rutgers,Big Ten,2026,4,3,225,1,0,2,2,0,0.0,false,0,1.319,0.4245,1598,72.3,true,true
Oakland::jeanlgerchristopher,"Jean Léger, Christopher",Oakland,Horizon,2026,7,1,64,1,0,2,2,0,0.0,false,0,1.315,0.5568,1504,88,false,true
UConn::alessiopreston,"Alessio, Preston",UConn,Big East,2026,23,4,328,0,0,7,3,0,0.0,false,0,1.313,0.3676,1563,59.9,true,true
Omaha::stukenholtzmikey,"Stukenholtz, Mikey",Omaha,Summit,2026,7,3,182,1,0,5,3,0,0.0,false,0,1.313,0.4525,1348,77,true,true
Ohio State::mclaughlinpatrick,"McLaughlin, Patrick",Ohio State,Big Ten,2026,1,3,270,0,0,0,0,4,0.0,true,3,1.312,0.3972,1503,66.5,true,true
Boston University::ghajarryan,"Ghajar, Ryan",Boston University,Patriot,2026,34,3,82,1,0,4,1,0,0.0,false,0,1.312,0.5374,1583,86.4,false,true
Drake::kirschjackson,"Kirsch, Jackson",Drake,Missouri Valley,2026,8,4,313,1,0,4,2,0,0.0,false,0,1.311,0.3747,1437,61.7,true,true
Wright State::neptunetedrick,"Neptune, Tedrick",Wright State,Horizon,2026,21,4,267,1,0,4,2,0,0.0,false,0,1.311,0.3987,1399,66.8,true,true
Northwestern::addimandiitalo,"Addimandi, Italo",Northwestern,Big Ten,2026,23,4,177,1,0,5,2,0,0.0,false,0,1.311,0.4559,1482,77.4,true,true
Delaware::monathrichard,"Monath, Richard",Delaware,Summit,2026,2,2,155,0,0,13,4,0,0.0,false,0,1.310,0.4724,1237,79.7,true,true
FAU::laustenemil,"Lausten, Emil",FAU,American,2026,16,4,292,0,1,3,1,0,0.0,false,0,1.309,0.3850,1616,63.9,true,true
Detroit Mercy::speensamuel,"Speen, Samuel",Detroit Mercy,Horizon,2026,14,3,227,0,1,3,1,0,0.0,false,0,1.309,0.4220,1446,71.8,true,true
Jacksonville::kosterquinten,"Koster, Quinten",Jacksonville,ASUN,2026,25,3,135,1,0,5,2,0,0.0,false,0,1.309,0.4883,1451,81.4,true,true
Merrimack College::cassidykeller,"Cassidy, Keller",Merrimack College,Metro,2026,36,3,151,1,0,4,3,0,0.0,false,0,1.309,0.4753,1363,80.1,true,true
UC San Diego::allegaertgavin,"Allegaert, Gavin",UC San Diego,Pac-12,2026,9,3,150,0,0,7,5,0,0.0,false,0,1.309,0.4760,1285,80.2,true,true
Princeton::kelleykevin,"Kelley, Kevin",Princeton,Ivy,2026,7,2,130,1,0,2,1,0,0.0,false,0,1.308,0.4924,1610,82.1,true,true
La Salle::bremsstamovluca,"Brems-Stamov, Luca",La Salle,Atlantic 10,2026,26,3,211,0,1,2,2,0,0.0,false,0,1.305,0.4317,1433,73.6,true,true
Furman::peacockmason,"Peacock, Mason",Furman,Southern,2026,23,3,129,0,1,2,1,0,0.0,false,0,1.304,0.4927,1544,82.1,true,true
Penn State::doranpeter,"Doran, Peter",Penn State,Big Ten,2026,41,3,114,0,1,4,1,0,0.0,false,0,1.303,0.5056,1523,83.3,true,true
Missouri State::kinoshitakei,"Kinoshita, Kei",Missouri State,American,2026,14,3,107,1,0,6,1,0,0.0,false,0,1.302,0.5117,1273,84.1,true,true
Lindenwood::baronclement,"Baron, Clement",Lindenwood,Ohio Valley,2026,14,4,227,0,1,4,3,0,0.0,false,0,1.301,0.4209,1189,71.6,true,true
Pacific::maldonadocarlos,"Maldonado, Carlos",Pacific,West Coast,2026,21,4,319,1,0,3,2,0,0.0,false,0,1.301,0.3705,1489,60.9,true,true
Western Michigan::biggersliam,"Biggers, Liam",Western Michigan,Missouri Valley,2026,6,4,221,1,0,3,1,0,0.0,false,0,1.300,0.4245,1632,72.2,true,true
New Hampshire::sotogonzalezmiguel,"Soto Gonzalez , Miguel",New Hampshire,America East,2026,11,3,239,1,0,3,1,0,0.0,false,0,1.298,0.4132,1592,69.7,true,true
Mount St. Mary's::bauerlincoln,"Bauer, Lincoln",Mount St. Mary's,Metro,2026,30,2,168,0,1,3,2,0,0.0,false,0,1.298,0.4606,1428,78.1,true,true
New Hampshire::preusslaurin,"Preuss, Laurin",New Hampshire,America East,2026,13,3,270,1,0,2,1,0,0.0,false,0,1.295,0.3950,1592,66.2,true,true
Georgia Southern::holtzlior,"Holtz, Lior",Georgia Southern,Sun Belt,2026,5,3,259,1,0,2,2,0,0.0,false,0,1.294,0.4010,1453,67.3,true,true
UNC Wilmington::goodingbenjamin,"Gooding, Benjamin",UNC Wilmington,CAA,2026,22,3,231,0,1,2,1,0,0.0,false,0,1.294,0.4174,1589,70.8,true,true
Rutgers::kitchcharlie,"Kitch, Charlie",Rutgers,Big Ten,2026,5,3,58,1,0,1,1,0,0.0,false,0,1.290,0.5591,1598,88.2,false,true
Michigan::ramosjoaopaulo,"Ramos, Joao Paulo",Michigan,Big Ten,2026,17,3,206,0,1,8,1,0,0.0,false,0,1.288,0.4326,1374,73.8,true,true
Furman::coxgabe,"Cox, Gabe",Furman,Southern,2026,33,4,193,0,1,2,1,0,0.0,false,0,1.288,0.4414,1584,75.5,true,true
Elon::renzdominik,"Renz, Dominik",Elon,Other / Non-D1,2026,9,3,135,1,0,4,3,0,0.0,false,0,1.287,0.4849,1343,81.1,true,false
Georgia State::martinsjorgedavid,"Martins Jorge, David",Georgia State,Sun Belt,2026,20,3,243,1,0,5,2,0,0.0,false,0,1.287,0.4093,1372,69.1,true,true
Akron::paivamatthew,"Paiva, Matthew",Akron,Big East,2026,6,3,261,0,1,3,1,0,0.0,false,0,1.286,0.3989,1581,66.9,true,true
Jacksonville::cappelloemanuel,"Cappello, Emanuel",Jacksonville,ASUN,2026,18,3,160,0,1,3,2,0,0.0,false,0,1.284,0.4647,1451,78.7,true,true
Louisville::sellersbraydon,"Sellers, Braydon",Louisville,ACC,2026,7,4,268,1,0,6,1,0,0.0,false,0,1.284,0.3947,1535,66.1,true,true
New Haven::garbarinolorenzo,"Garbarino, Lorenzo",New Haven,NEC,2026,16,3,164,1,0,1,1,0,0.0,false,0,1.284,0.4616,1630,78.1,true,true
New Hampshire::derozaxahvi,"DeRoza  , Xahvi",New Hampshire,America East,2026,7,3,121,0,1,3,1,0,0.0,false,0,1.282,0.4961,1592,82.5,true,true
Ohio State::hurgeaaron,"Hurge, Aaron",Ohio State,Big Ten,2026,10,3,197,1,0,2,2,0,0.0,false,0,1.282,0.4377,1503,74.9,true,true
Omaha::hostymatt,"Hosty, Matt",Omaha,Summit,2026,25,3,256,1,0,3,3,0,0.0,false,0,1.280,0.4009,1348,67.2,true,true
Bellarmine::franketeddy,"Franke, Teddy",Bellarmine,ASUN,2026,9,3,120,1,0,3,2,0,0.0,false,0,1.277,0.4962,1497,82.6,true,true
NC State::catontyler,"Caton, Tyler",NC State,ACC,2026,12,4,360,1,0,8,1,0,0.0,false,0,1.275,0.3490,1485,54.7,true,true
VCU::pettersenjonas,"Pettersen, Jonas",VCU,Atlantic 10,2026,19,3,36,1,0,2,1,0,0.0,false,0,1.274,0.5813,1684,90,false,true
Purdue Fort Wayne::rodgersjordan,"Rodgers, Jordan",Purdue Fort Wayne,Horizon,2026,2,2,101,1,0,2,2,0,0.0,false,0,1.273,0.5126,1566,84.2,true,true
Wofford::takamobradley,"Takamo, Bradley",Wofford,Southern,2026,10,2,106,0,2,0,0,0,0.0,false,0,1.273,0.5079,1534,83.8,true,true
FGCU::munterhugo,"Munter, Hugo",FGCU,ASUN,2026,3,4,332,0,1,1,1,0,0.0,false,0,1.272,0.3610,1584,58.2,true,true
Iona::sjobergcalle,"Sjoberg, Calle",Iona,Metro,2026,8,3,215,1,0,3,2,0,0.0,false,0,1.272,0.4245,1580,72.4,true,true
Vermont::bultmanpieter,"Bultman, Pieter",Vermont,America East,2026,24,3,121,1,0,2,1,0,0.0,false,0,1.272,0.4944,1544,82.3,true,true
Bellarmine::crowegavin,"Crowe, Gavin",Bellarmine,ASUN,2026,4,3,255,1,0,4,1,0,0.0,false,0,1.270,0.4002,1497,67.2,true,true
SMU::balchryder,"Balch, Ryder",SMU,ACC,2026,27,3,64,0,1,5,1,0,0.0,false,0,1.269,0.5487,1572,87.3,false,true
Boston University::bagshawben,"Bagshaw, Ben",Boston University,Patriot,2026,16,3,139,0,0,8,3,0,0.0,false,0,1.267,0.4786,1583,80.5,true,true
Old Dominion::chapmandavid,"Chapman, David",Old Dominion,Sun Belt,2026,4,3,270,1,0,2,1,0,0.0,false,0,1.264,0.3911,1465,65.3,true,true
Kansas City::colebrevyn,"Cole, Brevyn",Kansas City,Summit,2026,3,3,157,1,0,2,2,0,0.0,false,0,1.264,0.4639,1495,78.6,true,true
Lindenwood::neelyluke,"Neely, Luke",Lindenwood,Ohio Valley,2026,4,4,311,0,2,4,0,0,0.0,false,0,1.263,0.3700,1189,60.5,true,true
South Carolina::febleshugo,"Febles, Hugo",South Carolina,Sun Belt,2026,7,3,46,0,2,0,0,0,0.0,false,0,1.263,0.5675,1568,88.9,false,true
Winthrop::jumabaden,"Juma, Baden",Winthrop,Big South,2026,11,1,53,1,1,1,1,0,0.0,false,0,1.262,0.5596,1221,88.2,false,true
UC Riverside::guerraryan,"Guerra, Ryan",UC Riverside,Pac-12,2026,17,3,191,0,1,2,1,0,0.0,false,0,1.262,0.4391,1564,75.1,true,true
South Florida::richardsontyler,"Richardson, Tyler",South Florida,American,2026,13,3,264,0,2,1,1,0,0.0,false,0,1.261,0.3941,1383,65.8,true,true
Maryland::ritaritarocket,"Ritarita, Rocket",Maryland,Big Ten,2026,11,3,156,0,1,5,2,0,0.0,false,0,1.260,0.4642,1597,78.6,true,true
UC Riverside::gonzalezethan,"Gonzalez, Ethan",UC Riverside,Pac-12,2026,16,3,221,0,1,1,1,0,0.0,false,0,1.259,0.4191,1564,71.2,true,true
Bryant::garcianacho,"Garcia, Nacho",Bryant,America East,2026,4,2,173,1,0,2,2,0,0.0,false,0,1.257,0.4511,1445,76.9,true,true
Central Arkansas::kozenyvaclav,"Kozeny, Vaclav",Central Arkansas,ASUN,2026,10,3,214,1,0,5,1,0,0.0,false,0,1.257,0.4231,1507,72,true,true
Yale::roysebi,"Roy, Sebi",Yale,Ivy,2026,9,2,100,1,0,4,2,0,0.0,false,0,1.256,0.5107,1420,84,true,true
Elon::wilsonjordin,"Wilson, Jordin",Elon,Other / Non-D1,2026,7,3,49,1,0,5,1,0,0.0,false,0,1.256,0.5629,1343,88.4,false,false
Manhattan::vanhaarentycho,"van Haaren, Tycho",Manhattan,Metro,2026,7,2,133,1,1,1,1,0,0.0,false,0,1.254,0.4815,1225,80.8,true,true
Quinnipiac::karlssonsixten,"Karlsson, Sixten",Quinnipiac,Metro,2026,23,3,259,1,0,3,1,0,0.0,false,0,1.254,0.3959,1551,66.3,true,true
Indiana::mchenrynick,"McHenry, Nick",Indiana,Big Ten,2026,5,4,353,1,0,3,2,0,0.0,false,0,1.253,0.3495,1524,54.8,true,true
Oral Roberts::lechuerbaptiste,"Lechuer, Baptiste",Oral Roberts,Summit,2026,18,3,187,1,0,2,2,0,0.0,false,0,1.253,0.4405,1474,75.4,true,true
Iona::bolurenbiya,"Bolur, Enbiya",Iona,Metro,2026,10,3,141,0,1,2,2,0,0.0,false,0,1.252,0.4746,1580,80.1,true,true
SIUE::forestierelliott,"Forestier, Elliott",SIUE,Other / Non-D1,2026,3,3,246,0,1,1,1,0,0.0,false,0,1.252,0.4030,1675,67.9,true,false
Life Pacific::ballesterosangel,"Ballesteros, Angel",Life Pacific,Other / Non-D1,2026,19,1,49,1,0,2,2,0,0.0,false,0,1.251,0.5621,1455,88.3,false,false
Rutgers::piercewilliam,"Pierce, William",Rutgers,Big Ten,2026,8,3,137,0,1,4,0,0,0.0,false,0,1.251,0.4777,1598,80.4,true,true
Loyola Chicago::firsdaniel,"Firs, Daniel",Loyola Chicago,Atlantic 10,2026,4,4,360,1,0,2,2,0,0.0,false,0,1.249,0.3460,1401,53.5,true,true
Notre Dame::flanaganjack,"Flanagan, Jack",Notre Dame,ACC,2026,11,4,179,0,0,6,3,0,0.0,false,0,1.248,0.4455,1677,76.3,true,true
San Francisco::afsarikaleb,"Afsari, Kaleb",San Francisco,West Coast,2026,21,4,225,0,1,1,1,0,0.0,false,0,1.248,0.4151,1693,70.3,true,true
Creighton::edelmanbrian,"Edelman, Brian",Creighton,Big East,2026,3,4,353,0,1,2,1,0,0.0,false,0,1.248,0.3489,1554,54.6,true,true
Boston University::oterosebastian,"Otero, Sebastian",Boston University,Patriot,2026,10,3,122,0,1,2,1,0,0.0,false,0,1.245,0.4893,1583,81.6,true,true
Fordham::happiemagamarcalexandre,"Happi Emaga, Marc-Alexandre",Fordham,Atlantic 10,2026,32,2,103,1,0,5,1,0,0.0,false,0,1.242,0.5056,1514,83.3,true,true
Bucknell::permyashkinviktor,"Permyashkin, Viktor",Bucknell,Patriot,2026,7,3,186,0,1,4,0,0,0.0,false,0,1.237,0.4389,1620,75.1,true,true
Akron::kaminskibrett,"Kaminski, Brett",Akron,Big East,2026,1,3,270,0,1,0,0,1,0.0,true,1,1.236,0.3876,1581,64.6,true,true
South Carolina::malarteyvan,"Malarte, Yvan",South Carolina,Sun Belt,2026,20,3,207,1,0,3,1,0,0.0,false,0,1.235,0.4247,1568,72.4,true,true
La Salle::alajajianmardig,"Alajajian, Mardig",La Salle,Atlantic 10,2026,11,1,19,1,0,3,3,0,0.0,false,0,1.235,0.5949,1263,91,false,true
New Hampshire::dougaldgraham,"Dougald, Graham",New Hampshire,America East,2026,14,3,16,1,0,2,1,0,0.0,false,0,1.235,0.5988,1592,91.3,false,true
FAU::sundlihardigjonas,"Sundli-Hardig, Jonas",FAU,American,2026,37,4,344,1,0,4,1,0,0.0,false,0,1.233,0.3512,1616,55.6,true,true
Pittsburgh::bordoyanders,"Bordoy, Anders",Pittsburgh,ACC,2026,26,3,202,1,0,4,1,0,0.0,false,0,1.232,0.4275,1590,72.8,true,true
Elon::jonkeweston,"Jonke, Weston",Elon,Other / Non-D1,2026,6,3,170,0,1,4,2,0,0.0,false,0,1.231,0.4494,1343,76.8,true,false
VMI::osortomiguel,"Osorto, Miguel",VMI,Southern,2026,20,5,442,1,0,6,2,0,0.0,false,0,1.229,0.3121,1299,43.5,true,true
UCLA::marticorenaander,"Marticorena, Ander",UCLA,Big Ten,2026,20,3,190,0,0,3,3,0,0.0,false,0,1.226,0.4347,1643,74.2,true,true
LIU::levytal,"Levy, Tal",LIU,Other / Non-D1,2026,9,1,74,0,1,2,1,0,0.0,false,0,1.222,0.5302,1586,85.7,false,false
Saint Mary's::insalacoandre,"Insalaco, Andre",Saint Mary's,West Coast,2026,9,4,156,1,0,4,2,0,0.0,false,0,1.220,0.4582,1485,77.6,true,true
St. Bonaventure::helledaniel,"Helle, Daniel",St. Bonaventure,Atlantic 10,2026,9,3,158,0,1,2,2,0,0.0,false,0,1.220,0.4566,1437,77.5,true,true
UCF::boudinaryounes,"Boudinar, Younes",UCF,Sun Belt,2026,5,3,270,0,1,3,1,0,0.0,false,0,1.217,0.3853,1561,64,true,true
UCF::muellerjoey,"Mueller, Joey",UCF,Sun Belt,2026,6,3,225,0,1,3,1,0,0.0,false,0,1.214,0.4106,1561,69.3,true,true
California::lewiscallen,"Lewis, Callen",California,ACC,2026,23,2,121,0,0,4,3,0,0.0,false,0,1.214,0.4853,1685,81.1,true,true
North Carolina::rygaardhansenbertil,"Rygaard Hansen, Bertil",North Carolina,ACC,2026,19,3,218,0,0,6,3,0,0.0,false,0,1.212,0.4146,1608,70.2,true,true
Wright State::trollipcole,"Trollip, Cole",Wright State,Horizon,2026,28,4,89,1,1,1,1,0,0.0,false,0,1.208,0.5132,1399,84.3,false,true
Cal State Fullerton::ibessainetarek,"Ibessaine, Tarek",Cal State Fullerton,Big West,2026,13,2,96,1,0,3,1,0,0.0,false,0,1.208,0.5066,1540,83.5,true,true
IU Indy::sanchezsantiago,"Sanchez, Santiago",IU Indy,Horizon,2026,10,3,255,0,1,4,1,0,0.0,false,0,1.208,0.3923,1480,65.4,true,true
Cal Poly::linasfinn,"Linas, Finn",Cal Poly,Pac-12,2026,7,4,248,0,0,7,3,0,0.0,false,0,1.206,0.3960,1576,66.4,true,true
Loyola Marymount::vagenasalexander,"Vagenas, Alexander",Loyola Marymount,West Coast,2026,12,3,54,0,1,1,1,0,0.0,false,0,1.205,0.5483,1642,87.3,false,true
Charlotte::asantetate,"Asante, Tate",Charlotte,American,2026,27,3,175,1,0,3,2,0,0.0,false,0,1.204,0.4419,1655,75.8,true,true
UAB::kimtony,"Kim, Tony",UAB,American,2026,10,3,230,1,0,6,1,0,0.0,false,0,1.201,0.4058,1394,68.4,true,true
UC Santa Barbara::carvalhomateos,"Carvalho, Mateos",UC Santa Barbara,Big West,2026,21,2,36,1,0,2,1,0,0.0,false,0,1.200,0.5676,1546,88.9,false,true
Oregon State::rodriguezdiego,"Rodriguez, Diego",Oregon State,Pac-12,2026,8,3,52,0,1,2,1,0,0.0,false,0,1.197,0.5491,1700,87.4,false,true
Robert Morris::samwaysnicholas,"Samways, Nicholas",Robert Morris,Horizon,2026,27,4,223,1,0,2,2,0,0.0,false,0,1.196,0.4094,1330,69.2,true,true
La Salle::esquivelmezaalbertototo,"Esquivel Meza, Alberto ""Toto""",La Salle,Atlantic 10,2026,8,3,138,1,0,4,1,0,0.0,false,0,1.196,0.4685,1433,79,true,true
Seattle::floresleonardo,"Flores, Leonardo",Seattle,West Coast,2026,27,3,236,0,1,3,1,0,0.0,false,0,1.196,0.4016,1619,67.4,true,true
Bradley::healeyliam,"Healey, Liam",Bradley,Other / Non-D1,2026,6,3,193,1,0,3,2,0,0.0,false,0,1.193,0.4280,1379,72.9,true,false
Sacred Heart::pinedadiazdaniel,"Pineda Diaz, Daniel",Sacred Heart,Metro,2026,23,3,210,0,0,6,3,0,0.0,false,0,1.192,0.4169,1567,70.7,true,true
Harvard::lonerganshane,"Lonergan, Shane",Harvard,Ivy,2026,20,2,76,1,0,2,1,0,0.0,false,0,1.191,0.5229,1606,85,false,true
Monmouth::bottinijasen,"Bottini, Jasen",Monmouth,CAA,2026,10,2,149,1,0,4,1,0,0.0,false,0,1.188,0.4587,1501,77.8,true,true
Loyola Marymount::cluttonlewis,"Clutton, Lewis",Loyola Marymount,West Coast,2026,10,4,249,0,0,4,3,0,0.0,false,0,1.186,0.3929,1695,65.6,true,true
New Haven::botapol,"Bota, Pol",New Haven,NEC,2026,21,3,123,0,1,3,0,0,0.0,false,0,1.186,0.4792,1630,80.7,true,true
Drexel::salvinobrian,"Salvino, Brian",Drexel,CAA,2026,18,3,108,1,0,2,2,0,0.0,false,0,1.185,0.4919,1362,81.9,true,true
Loyola Marymount::boyadjiananthony,"Boyadjian, Anthony",Loyola Marymount,West Coast,2026,7,4,258,0,0,4,3,0,0.0,false,0,1.185,0.3877,1695,64.7,true,true
Denver::kallaydominic,"Kallay, Dominic",Denver,West Coast,2026,5,3,175,1,0,2,1,0,0.0,false,0,1.184,0.4391,1734,75.2,true,true
Davidson College::mcglonebrady,"McGlone, Brady",Davidson College,Atlantic 10,2026,15,2,166,0,0,6,3,0,0.0,false,0,1.183,0.4454,1538,76.3,true,true
SIUE::spainrobbie,"Spain, Robbie",SIUE,Other / Non-D1,2026,12,3,180,1,0,1,1,0,0.0,false,0,1.181,0.4352,1675,74.3,true,false
Virginia Tech::vazquezchase,"Vazquez, Chase",Virginia Tech,ACC,2026,8,3,179,1,0,4,2,0,0.0,false,0,1.179,0.4356,1462,74.4,true,true
Kansas City::witishughesian,"Witis-Hughes, Ian",Kansas City,Summit,2026,21,3,21,1,0,2,1,0,0.0,false,0,1.178,0.5816,1495,90,false,true
CSU Bakersfield::hartzenden,"Hart, Zenden",CSU Bakersfield,Other / Non-D1,2026,1,2,180,0,0,0,0,5,1.0,true,1,1.177,0.4346,1592,74.2,true,false
Niagara::fujishirotetsunari,"Fujishiro, Tetsunari",Niagara,Metro,2026,22,3,183,1,0,1,1,0,0.0,false,0,1.176,0.4325,1599,73.8,true,true
VMI::moualennox,"Moua, Lennox",VMI,Southern,2026,23,6,446,0,2,2,0,0,0.0,false,0,1.175,0.3054,1259,39.8,true,true
St. Bonaventure::steeljack,"Steel, Jack",St. Bonaventure,Atlantic 10,2026,23,3,243,1,0,2,2,0,0.0,false,0,1.171,0.3944,1437,65.9,true,true
San Francisco::waltersjaedyn,"Walters, Jaedyn",San Francisco,West Coast,2026,28,4,334,0,0,4,3,0,0.0,false,0,1.171,0.3485,1693,54.5,true,true
Creighton::thompsonamari,"Thompson, Amari",Creighton,Big East,2026,30,3,180,0,0,0,0,8,2.0,true,2,1.171,0.4337,1567,74,true,true
Army::cooperkelly,"Cooper, Kelly",Army,Patriot,2026,5,4,360,1,0,2,2,0,0.0,false,0,1.170,0.3372,1432,51.2,true,true
Duke::smithtucker,"Smith, Tucker",Duke,ACC,2026,29,4,139,1,0,1,1,0,0.0,false,0,1.168,0.4635,1693,78.4,true,true
Western Michigan::villagomezgabe,"Villagomez, Gabe",Western Michigan,Missouri Valley,2026,7,4,144,0,1,1,1,0,0.0,false,0,1.168,0.4596,1632,77.9,true,true
Kentucky::nielsenthomas,"Nielsen, Thomas",Kentucky,Sun Belt,2026,9,3,200,0,0,5,3,0,0.0,false,0,1.168,0.4200,1585,71.5,true,true
Dayton::madsenmikkel,"Madsen, Mikkel",Dayton,Atlantic 10,2026,6,3,221,1,0,2,1,0,0.0,false,0,1.168,0.4068,1549,68.7,true,true
Charlotte::zanardicaue,"Zanardi, Caue",Charlotte,American,2026,11,3,85,0,1,2,0,0,0.0,false,0,1.167,0.5100,1655,83.9,false,true
Charlotte::svetanoffalex,"Svetanoff, Alex",Charlotte,American,2026,1,3,168,0,0,0,0,3,0.0,true,1,1.167,0.4415,1655,75.6,true,true
Army::desimonejack,"De Simone, Jack",Army,Patriot,2026,19,4,208,1,0,3,2,0,0.0,false,0,1.166,0.4146,1432,70.2,true,true
Northwestern::fisherevrit,"Fisher, Evrit",Northwestern,Big Ten,2026,29,4,347,1,0,3,1,0,0.0,false,0,1.163,0.3420,1482,52.6,true,true
UMass::marcodylan,"Marco, Dylan",UMass,Summit,2026,15,1,90,1,0,1,1,0,0.0,false,0,1.163,0.5047,1663,83.2,false,true
Northern Illinois::mukukakatai,"Mukuka, Katai",Northern Illinois,Other / Non-D1,2026,40,4,122,1,0,4,1,0,0.0,false,0,1.162,0.4762,1451,80.2,true,false
Akron::testanoa,"Testa, Noa",Akron,Big East,2026,24,3,22,1,0,1,1,0,0.0,false,0,1.159,0.5766,1581,89.5,false,true
Bellarmine::gribblesawyer,"Gribble, Sawyer",Bellarmine,ASUN,2026,13,3,270,1,0,2,1,0,0.0,false,0,1.155,0.3775,1497,62.4,true,true
Bellarmine::boydryan,"Boyd, Ryan",Bellarmine,ASUN,2026,41,1,30,1,0,2,1,0,0.0,false,0,1.155,0.5663,1584,88.7,false,true
Lindenwood::legaimaxime,"Legai, Maxime",Lindenwood,Ohio Valley,2026,15,4,99,1,0,5,2,0,0.0,false,0,1.154,0.4950,1189,82.4,true,true
Lehigh::braunvito,"Braun, Vito",Lehigh,Patriot,2026,32,2,107,0,0,8,3,0,0.0,false,0,1.153,0.4876,1505,81.4,true,true
Northern Illinois::sheffieldvance,"Sheffield, Vance",Northern Illinois,Other / Non-D1,2026,10,4,292,1,0,5,1,0,0.0,false,0,1.153,0.3660,1451,59.6,true,false
UIC::delgadoantonio,"Delgado, Antonio",UIC,Missouri Valley,2026,9,4,207,1,0,2,2,0,0.0,false,0,1.152,0.4134,1434,69.7,true,true
La Salle::devriesjulius,"de Vries, Julius",La Salle,Atlantic 10,2026,9,3,168,0,1,4,1,0,0.0,false,0,1.152,0.4394,1433,75.3,true,true
Mercyhurst::santosluisfelipe,"Santos, Luis Felipe",Mercyhurst,NEC,2026,7,3,189,0,0,7,3,0,0.0,false,0,1.152,0.4249,1483,72.4,true,true
Missouri State::mooneyfionn,"Mooney, Fionn",Missouri State,American,2026,9,3,163,1,0,5,3,0,0.0,false,0,1.151,0.4428,1273,75.9,true,true
UNC Wilmington::leeryan,"Lee, Ryan",UNC Wilmington,CAA,2026,13,1,16,1,0,1,1,0,0.0,false,0,1.146,0.5816,1646,90,false,true
UMass Lowell::somorrostrosantiago,"Somorrostro, Santiago",UMass Lowell,America East,2026,14,3,134,1,0,3,2,0,0.0,false,0,1.145,0.4639,1310,78.5,true,true
Wright State::defilippisedoardo,"De Filippis, Edoardo",Wright State,Horizon,2026,3,4,350,1,0,4,1,0,0.0,false,0,1.144,0.3385,1399,51.5,true,true
Army::minzeykasem,"Minzey, Kasem",Army,Patriot,2026,2,4,224,0,1,4,1,0,0.0,false,0,1.143,0.4017,1432,67.5,true,true
Oral Roberts::deniganbrice,"Denigan, Brice",Oral Roberts,Summit,2026,13,4,98,1,0,3,1,0,0.0,false,0,1.141,0.4938,1483,82.3,true,true
CSUN::antwimessiah,"Antwi, Messiah",CSUN,Other / Non-D1,2026,28,2,133,0,1,2,1,0,0.0,false,0,1.138,0.4636,1473,78.5,true,false
UC Santa Barbara::ferrierisimone,"Ferrieri, Simone",UC Santa Barbara,Big West,2026,23,3,170,1,0,1,1,0,0.0,false,0,1.137,0.4358,1613,74.5,true,true
UConn::nacifjoffrerashid,"Nacif Joffre, Rashid",UConn,Big East,2026,10,4,220,0,0,6,3,0,0.0,false,0,1.137,0.4032,1563,67.9,true,true
Eastern Illinois::greenkeidin,"Green, Keidin",Eastern Illinois,Ohio Valley,2026,18,2,104,1,0,5,2,0,0.0,false,0,1.136,0.4875,1304,81.3,true,true
Bucknell::whitmirecade,"Whitmire, Cade",Bucknell,Patriot,2026,21,3,76,1,0,1,1,0,0.0,false,0,1.136,0.5134,1620,84.3,false,true
Pittsburgh::bertranmiguel,"Bertran, Miguel",Pittsburgh,ACC,2026,10,3,242,1,0,3,1,0,0.0,false,0,1.135,0.3901,1590,65.1,true,true
UAlbany::gissurarsonivarorri,"Gissurarson, Ivar Orri",UAlbany,Other / Non-D1,2026,7,1,47,1,0,2,1,0,0.0,false,0,1.133,0.5430,1563,87,false,false
Pittsburgh::oliverlogan,"Oliver, Logan",Pittsburgh,ACC,2026,6,3,254,0,1,1,1,0,0.0,false,0,1.131,0.3830,1590,63.1,true,true
FDU::ayazluke,"Ayaz, Luke",FDU,Other / Non-D1,2026,10,3,202,1,0,6,1,0,0.0,false,0,1.130,0.4135,1335,69.8,true,false
George Washington::torresyago,"Torres, Yago",George Washington,Atlantic 10,2026,17,3,169,1,0,3,1,0,0.0,false,0,1.130,0.4355,1426,74.3,true,true
UNC Greensboro::schmidtbautista,"Schmidt, Bautista",UNC Greensboro,Southern,2026,3,3,257,1,0,2,1,0,0.0,false,0,1.127,0.3808,1613,62.7,true,true
Charleston::watsonryan,"Watson, Ryan",Charleston,CAA,2026,17,3,270,0,1,2,1,0,0.0,false,0,1.126,0.3738,1467,61.6,true,true
Ohio State::robertsandre,"Roberts, Andre",Ohio State,Big Ten,2026,8,3,196,0,1,3,1,0,0.0,false,0,1.124,0.4165,1503,70.6,true,true
New Haven::lazoandres,"Lazo, Andres",New Haven,NEC,2026,11,3,141,1,0,1,1,0,0.0,false,0,1.123,0.4550,1630,77.3,true,true
Duquesne::matthassonhkondagur,"Matthíasson, Hákon Dagur",Duquesne,Atlantic 10,2026,7,4,270,0,1,3,1,0,0.0,false,0,1.122,0.3734,1396,61.5,true,true
Quinnipiac::holumwilliam,"Holum, William",Quinnipiac,Metro,2026,7,3,184,1,0,1,1,0,0.0,false,0,1.122,0.4240,1551,72.1,true,true
Drexel::limabittencourttiago,"Lima-Bittencourt, Tiago",Drexel,CAA,2026,10,3,154,0,0,7,3,0,0.0,false,0,1.121,0.4450,1362,76.2,true,true
USC Upstate::zawlockijosh,"Zawlocki, Josh",USC Upstate,Big South,2026,13,3,99,1,0,5,2,0,0.0,false,0,1.120,0.4894,1382,81.6,true,true
Georgia State::rabarivonysandro,"Rabarivony, Sandro",Georgia State,Sun Belt,2026,14,3,210,0,0,4,4,0,0.0,false,0,1.120,0.4071,1372,68.7,true,true
Central Arkansas::sheenkovmaxim,"Sheenkov, Maxim",Central Arkansas,ASUN,2026,9,3,160,1,0,2,1,0,0.0,false,0,1.117,0.4400,1507,75.4,true,true
Radford::romanhugo,"Roman, Hugo",Radford,Big South,2026,8,2,165,1,0,3,2,0,0.0,false,0,1.117,0.4365,1400,74.7,true,true
Seton Hall::sansonesammy,"Sansone, Sammy",Seton Hall,Big East,2026,25,2,74,1,0,3,1,0,0.0,false,0,1.116,0.5120,1516,84.2,false,true
Wright State::arnoldrowen,"Arnold, Rowen",Wright State,Horizon,2026,23,4,220,0,1,4,1,0,0.0,false,0,1.115,0.4003,1399,67.2,true,true
Saint Joseph's::mazzonimark,"Mazzoni, Mark",Saint Joseph's,Atlantic 10,2026,12,3,214,1,0,4,2,0,0.0,false,0,1.115,0.4039,1255,68.1,true,true
St. Thomas::agogliatigiovanni,"Agogliati, Giovanni",St. Thomas,Summit,2026,18,4,112,0,1,2,2,0,0.0,false,0,1.114,0.4771,1208,80.3,true,true
Ohio State::waughnyle,"Waugh, Nyle",Ohio State,Big Ten,2026,19,3,81,1,0,2,2,0,0.0,false,0,1.113,0.5047,1503,83.2,false,true
Air Force::kerntucker,"Kern, Tucker",Air Force,Mountain West,2026,12,3,233,1,0,4,1,0,0.0,false,0,1.110,0.3921,1418,65.4,true,true
Northwestern::glassbergtyler,"Glassberg, Tyler",Northwestern,Big Ten,2026,7,4,108,1,0,2,1,0,0.0,false,0,1.110,0.4799,1482,80.7,true,true
UMBC::banksnico,"Banks, Nico",UMBC,America East,2026,5,2,164,1,0,4,2,0,0.0,false,0,1.109,0.4360,1286,74.6,true,true
Duquesne::feneridissergios,"Feneridis, Sergios",Duquesne,Atlantic 10,2026,2,4,259,0,1,7,0,0,0.0,false,0,1.107,0.3773,1396,62.3,true,true
Saint Louis::gomesguilherme,"Gomes, Guilherme",Saint Louis,Atlantic 10,2026,16,3,119,1,0,1,1,0,0.0,false,0,1.107,0.4701,1671,79.3,true,true
Utah Tech::powderseth,"Powder, Seth",Utah Tech,Mountain West,2026,11,3,196,0,0,6,4,0,0.0,false,0,1.104,0.4136,1367,69.9,true,true
Cornell::milesandrew,"Miles, Andrew",Cornell,Ivy,2026,18,1,19,1,0,2,2,0,0.0,false,0,1.103,0.5695,1342,89.1,false,true
Saint Joseph's::krupskieddie,"Krupski, Eddie",Saint Joseph's,Atlantic 10,2026,9,3,104,1,0,3,2,0,0.0,false,0,1.102,0.4820,1255,80.9,true,true
Seattle::coughlintommy,"Coughlin, Tommy",Seattle,West Coast,2026,6,3,209,0,1,5,0,0,0.0,false,0,1.101,0.4051,1619,68.2,true,true
Old Dominion::lanejake,"Lane, Jake",Old Dominion,Sun Belt,2026,13,3,199,1,0,7,1,0,0.0,false,0,1.101,0.4113,1465,69.4,true,true
St. John's::thompsontravis,"Thompson, Travis",St. John's,Big East,2026,13,2,49,1,0,2,1,0,0.0,false,0,1.100,0.5349,1419,86.2,false,true
Stony Brook::fahrelars,"Fahre, Lars",Stony Brook,CAA,2026,27,3,270,1,0,2,2,0,0.0,false,0,1.100,0.3707,1542,61,true,true
Merrimack College::barakatziad,"Barakat, Ziad",Merrimack College,Metro,2026,20,3,246,0,1,2,2,0,0.0,false,0,1.100,0.3834,1363,63.4,true,true
Marist::douglasmiles,"Douglas, Miles",Marist,Metro,2026,8,3,270,1,0,2,1,0,0.0,false,0,1.100,0.3706,1483,60.9,true,true
San Diego State::ocamponavarroyahir,"Ocampo-Navarro, Yahir",San Diego State,Pac-12,2026,10,3,125,0,2,0,0,0,0.0,false,0,1.099,0.4639,1363,78.5,true,true
Fordham::delgadosam,"Delgado, Sam",Fordham,Atlantic 10,2026,15,3,132,0,1,2,1,0,0.0,false,0,1.097,0.4580,1509,77.6,true,true
Providence::yriondocameron,"Yriondo, Cameron",Providence,Big East,2026,17,4,90,0,1,1,1,0,0.0,false,0,1.093,0.4930,1452,82.2,false,true
Seattle::team,TEAM,Seattle,West Coast,2026,TM,1,0,1,0,0,0,0,0.0,false,0,1.092,0.5914,1592,90.7,false,true
South Carolina::seedorffemil,"Seedorff, Emil",South Carolina,Sun Belt,2026,14,3,64,0,1,1,1,0,0.0,false,0,1.091,0.5176,1568,84.5,false,true
Navy::illigjack,"Illig, Jack",Navy,Patriot,2026,16,4,310,1,0,3,1,0,0.0,false,0,1.090,0.3500,1353,55.2,true,true
James Madison::frasierbrock,"Frasier, Brock",James Madison,Sun Belt,2026,3,3,270,0,1,2,1,0,0.0,false,0,1.089,0.3693,1356,60.4,true,true
Oakland::bilousandriy,"Bilous, Andriy",Oakland,Horizon,2026,27,3,225,0,1,5,0,0,0.0,false,0,1.085,0.3934,1532,65.6,true,true
Rhode Island::gogliaeverson,"Goglia, Everson",Rhode Island,Atlantic 10,2026,11,3,240,1,0,4,2,0,0.0,false,0,1.084,0.3847,1432,63.8,true,true
FAU::rabotenzo,"Rabot, Enzo",FAU,American,2026,20,4,321,0,1,2,0,0,0.0,false,0,1.083,0.3442,1616,53,true,true
SMU::villagomezjoseluis,"Villagomez, Joseluis",SMU,ACC,2026,19,3,55,1,0,3,1,0,0.0,false,0,1.081,0.5250,1572,85.3,false,true
Ohio State::bishopelijah,"Bishop, Elijah",Ohio State,Big Ten,2026,25,3,180,0,1,1,1,0,0.0,false,0,1.079,0.4206,1503,71.6,true,true
Georgetown::ahmedzayan,"Ahmed, Zayan",Georgetown,Big East,2026,21,4,27,1,0,1,1,0,0.0,false,0,1.079,0.5555,1661,88,false,true
Mercer::griffithbryce,"Griffith, Bryce",Mercer,Southern,2026,7,4,241,0,0,5,3,0,0.0,false,0,1.078,0.3833,1548,63.3,true,true
Dayton::buabengfelix,"Buabeng, Felix",Dayton,Atlantic 10,2026,34,4,263,0,0,7,3,0,0.0,false,0,1.077,0.3714,1507,61.3,true,true
Incarnate Word::padillagiovanni,"Padilla, Giovanni",Incarnate Word,Other / Non-D1,2026,34,2,160,1,0,2,1,0,0.0,false,0,1.077,0.4341,1460,74.1,true,false
UCLA::amarojaime,"Amaro, Jaime",UCLA,Big Ten,2026,10,1,68,0,1,1,0,0,0.0,false,0,1.076,0.5110,1819,84.1,false,true
Providence::williamscaleb,"Williams, Caleb",Providence,Big East,2026,11,4,264,0,0,7,3,0,0.0,false,0,1.074,0.3704,1452,60.8,true,true
Drake::viscontidalton,"Visconti, Dalton",Drake,Missouri Valley,2026,20,3,62,1,0,2,2,0,0.0,false,0,1.072,0.5162,1475,84.4,false,true
West Virginia::redenforsjacob,"Redenfors, Jacob",West Virginia,Sun Belt,2026,17,3,167,0,1,2,0,0,0.0,false,0,1.071,0.4282,1632,73,true,true
Coastal Carolina::kolanopatrick,"Kolano, Patrick",Coastal Carolina,Sun Belt,2026,3,3,220,1,0,2,2,0,0.0,false,0,1.071,0.3943,1523,65.9,true,true
California Baptist::coopenicholas,"Coope, Nicholas",California Baptist,Pac-12,2026,20,2,45,0,1,1,1,0,0.0,false,0,1.070,0.5337,1617,86.2,false,true
Eastern Illinois::boykinadam,"Boykin, Adam",Eastern Illinois,Ohio Valley,2026,9,3,163,1,0,4,1,0,0.0,false,0,1.070,0.4310,1337,73.6,true,true
Memphis::chaoukisaad,"Chaouki, Saad",Memphis,American,2026,8,4,181,1,0,2,1,0,0.0,false,0,1.070,0.4186,1549,71.1,true,true
Seton Hall::brizuelajoaquin,"Brizuela, Joaquin",Seton Hall,Big East,2026,9,2,155,0,0,5,3,0,0.0,false,0,1.067,0.4362,1516,74.6,true,true
North Carolina::rutkowskialan,"Rutkowski, Alan",North Carolina,ACC,2026,1,3,270,0,0,0,0,11,4.0,true,3,1.066,0.3664,1608,59.7,true,true
Mercyhurst::dudleyharrison,"Dudley, Harrison",Mercyhurst,NEC,2026,17,3,126,0,1,2,1,0,0.0,false,0,1.066,0.4580,1483,77.6,true,true
Dartmouth College::baldvinssoneidur,"Baldvinsson, Eidur",Dartmouth College,Ivy,2026,19,1,77,1,0,1,1,0,0.0,false,0,1.065,0.5005,1565,82.9,false,true
San Diego::wagneriain,"Wagner, Iain",San Diego,West Coast,2026,13,3,210,0,1,2,1,0,0.0,false,0,1.065,0.3996,1725,67.1,true,true
UAlbany::kimatayuta,"Kimata, Yuta",UAlbany,Other / Non-D1,2026,15,1,43,1,0,1,1,0,0.0,false,0,1.063,0.5346,1563,86.2,false,false
Stanford::kahoaliitj,"Kahoalii, TJ",Stanford,ACC,2026,13,4,303,0,1,2,0,0,0.0,false,0,1.063,0.3500,1693,55.2,true,true
UTRGV::mandiangmalang,"Mandiang, Malang",UTRGV,Ohio Valley,2026,13,2,107,1,0,3,2,0,0.0,false,0,1.063,0.4731,1367,79.8,true,true
Robert Morris::eubanksbrady,"Eubanks, Brady",Robert Morris,Horizon,2026,4,3,61,1,0,3,2,0,0.0,false,0,1.062,0.5155,1389,84.4,false,true
Georgetown::staffordoliver,"Stafford, Oliver",Georgetown,Big East,2026,4,4,228,0,1,2,0,0,0.0,false,0,1.062,0.3885,1661,64.7,true,true
Syracuse::honeywoodbuster,"Honeywood, Buster",Syracuse,ACC,2026,4,3,235,1,0,1,1,0,0.0,false,0,1.062,0.3845,1581,63.7,true,true
Incarnate Word::elizaldecesar,"Elizalde, Cesar",Incarnate Word,Other / Non-D1,2026,23,2,95,0,1,2,1,0,0.0,false,0,1.061,0.4832,1460,81,true,false
SMU::panozzoenzo,"Panozzo , Enzo",SMU,ACC,2026,14,3,270,1,0,2,1,0,0.0,false,0,1.060,0.3657,1572,59.5,true,true
Winthrop::hayashishion,"Hayashi, Shion",Winthrop,Big South,2026,10,1,72,1,0,1,1,0,0.0,false,0,1.060,0.5044,1560,83.2,false,true
UConn::depinholucas,"DePinho, Lucas",UConn,Big East,2026,21,4,51,1,0,1,1,0,0.0,false,0,1.060,0.5254,1563,85.4,false,true
College of the Holy Cross::jakesmckayjude,"Jakes-McKay, Jude",College of the Holy Cross,Other / Non-D1,2026,10,1,57,0,2,0,0,0,0.0,false,0,1.060,0.5192,1206,84.6,false,false
Akron::dreasmatt,"Dreas, Matt",Akron,Big East,2026,22,2,180,0,0,5,3,0,0.0,false,0,1.058,0.4175,1534,70.9,true,true
UNLV::gulbrandsenthomas,"Gulbrandsen, Thomas",UNLV,Mountain West,2026,18,3,257,0,1,2,1,0,0.0,false,0,1.057,0.3720,1542,61.4,true,true
Fordham::cellerinobruno,"Cellerino, Bruno",Fordham,Atlantic 10,2026,21,3,223,0,0,5,3,0,0.0,false,0,1.056,0.3907,1509,65.2,true,true
New Hampshire::voigtmax,"Voigt, Max",New Hampshire,America East,2026,2,3,260,0,1,2,0,0,0.0,false,0,1.053,0.3700,1592,60.5,true,true
High Point::milesashton,"Miles, Ashton",High Point,Big South,2026,5,2,177,0,1,1,0,0,0.0,false,0,1.053,0.4189,1789,71.1,true,true
High Point::baafialfred,"Baafi, Alfred",High Point,Big South,2026,18,2,156,0,1,1,0,0,0.0,false,0,1.053,0.4334,1789,73.9,true,true
Mercer::taylorwill,"Taylor, Will",Mercer,Southern,2026,11,4,351,0,0,8,2,0,0.0,false,0,1.053,0.3279,1548,48.6,true,true
Wofford::astrupclemens,"Astrup, Clemens",Wofford,Southern,2026,20,2,67,0,1,2,0,0,0.0,false,0,1.050,0.5075,1534,83.8,false,true
FDU::bartelsjoshua,"Bartels, Joshua",FDU,Other / Non-D1,2026,19,2,116,0,1,3,1,0,0.0,false,0,1.049,0.4634,1401,78.4,true,false
Bryant::rodriguezfermin,"Rodriguez, Fermin",Bryant,America East,2026,10,2,142,0,1,2,1,0,0.0,false,0,1.048,0.4429,1445,75.9,true,true
SIUE::clausenmathias,"Clausen, Mathias",SIUE,Other / Non-D1,2026,20,3,170,0,1,2,0,0,0.0,false,0,1.048,0.4229,1675,72,true,false
Belmont University::meffordnate,"Mefford, Nate",Belmont University,Missouri Valley,2026,5,3,247,1,0,3,2,0,0.0,false,0,1.048,0.3761,1330,62.2,true,true
Boston University::williamsdylan,"Williams, Dylan",Boston University,Patriot,2026,22,3,136,0,0,4,3,0,0.0,false,0,1.046,0.4471,1583,76.5,true,true
North Carolina::ramanifaraji,"Ramani, Faraji",North Carolina,ACC,2026,14,3,226,0,1,1,1,0,0.0,false,0,1.044,0.3874,1608,64.5,true,true
Robert Morris::dennisgiovanni,"Dennis, Giovanni",Robert Morris,Horizon,2026,10,4,296,0,1,6,1,0,0.0,false,0,1.044,0.3510,1330,55.5,true,true
UMass::lindendean,"Linden, Dean",UMass,Summit,2026,0,1,90,0,0,0,0,5,1.0,true,1,1.044,0.4848,1663,81.1,false,true
USC Upstate::kellyoscar,"Kelly, Oscar",USC Upstate,Big South,2026,10,3,215,0,1,5,1,0,0.0,false,0,1.043,0.3936,1382,65.7,true,true
USC Upstate::moorejalen,"Moore, Jalen",USC Upstate,Big South,2026,12,3,195,0,1,5,1,0,0.0,false,0,1.043,0.4058,1382,68.4,true,true
Stony Brook::reynosonelson,"Reynoso, Nelson",Stony Brook,CAA,2026,6,3,270,0,1,3,1,0,0.0,false,0,1.041,0.3632,1542,58.9,true,true
UC Riverside::smithxavier,"Smith, Xavier",UC Riverside,Pac-12,2026,34,3,207,0,0,3,3,0,0.0,false,0,1.040,0.3980,1564,66.7,true,true
Louisville::parhamnicholas,"Parham, Nicholas",Louisville,ACC,2026,19,4,274,0,0,9,2,0,0.0,false,0,1.040,0.3611,1535,58.3,true,true
Georgia State::romerogarmendiapavel,"Romero-Garmendia, Pavel",Georgia State,Sun Belt,2026,17,3,169,1,0,4,1,0,0.0,false,0,1.040,0.4223,1372,71.9,true,true
Northern Kentucky::merccarlos,"Mercé, Carlos",Northern Kentucky,Horizon,2026,7,1,81,1,0,6,2,0,0.0,false,0,1.039,0.4922,1160,82,false,true
Michigan State::donodom,"Dono, Dom",Michigan State,Big Ten,2026,14,4,52,0,1,2,1,0,0.0,false,0,1.038,0.5205,1436,84.6,false,true
NJIT::thompsonzain,"Thompson, Zain",NJIT,America East,2026,27,3,127,0,1,4,1,0,0.0,false,0,1.038,0.4529,1404,77,true,true
St. Thomas::corrisoliver,"Corris, Oliver",St. Thomas,Summit,2026,13,3,133,1,0,3,1,0,0.0,false,0,1.036,0.4478,1189,76.6,true,true
West Florida::lawallfelipe,"Lawall, Felipe",West Florida,Other / Non-D1,2026,15,4,145,0,0,6,3,0,0.0,false,0,1.036,0.4387,1416,75.1,true,false
Sacred Heart::almuzararomeroalex,"Almuzara Romero, Alex",Sacred Heart,Metro,2026,10,3,147,1,0,1,1,0,0.0,false,0,1.035,0.4372,1567,74.9,true,true
Delaware::pennyliam,"Penny, Liam",Delaware,Summit,2026,14,3,171,1,0,4,2,0,0.0,false,0,1.034,0.4201,1424,71.5,true,true
UNC Asheville::granzowlennart,"Granzow, Lennart",UNC Asheville,Big South,2026,5,2,180,1,0,2,1,0,0.0,false,0,1.034,0.4141,1582,70.1,true,true
FGCU::choutejob,"Choute, Job",FGCU,ASUN,2026,26,4,259,0,1,1,0,0,0.0,false,0,1.033,0.3679,1584,60,true,true
Memphis::grudkoanthony,"Grudko, Anthony",Memphis,American,2026,16,4,105,0,1,2,1,0,0.0,false,0,1.033,0.4700,1549,79.3,true,true
Pittsburgh::porteropablo,"Portero, Pablo",Pittsburgh,ACC,2026,21,3,270,0,1,1,0,0,0.0,false,0,1.033,0.3622,1590,58.6,true,true
Lindenwood::lekgethothato,"Lekgetho, Thato",Lindenwood,Ohio Valley,2026,29,4,221,0,0,6,4,0,0.0,false,0,1.030,0.3883,1189,64.7,true,true
Purdue Fort Wayne::tiscarenoantonio,"Tiscareno, Antonio",Purdue Fort Wayne,Horizon,2026,19,2,69,0,1,1,1,0,0.0,false,0,1.030,0.5020,1566,83.1,false,true
NC State::moloneyriley,"Moloney, Riley",NC State,ACC,2026,3,4,338,0,0,8,2,0,0.0,false,0,1.029,0.3305,1485,49.2,true,true
Tulsa::team,TEAM,Tulsa,American,2026,TM,1,0,1,0,0,0,0,0.0,false,0,1.029,0.5788,1529,89.8,false,true
George Washington::braysonjoe,"Brayson, Joe",George Washington,Atlantic 10,2026,9,3,198,1,0,3,2,0,0.0,false,0,1.029,0.4019,1426,67.6,true,true
UC Irvine::yoohunny,"Yoo, Hunny",UC Irvine,Big West,2026,7,3,120,1,0,2,1,0,0.0,false,0,1.028,0.4568,1517,77.5,true,true
Marist::cavaletticaio,"Cavaletti, Caio",Marist,Metro,2026,7,3,227,0,0,6,3,0,0.0,false,0,1.027,0.3845,1483,63.7,true,true
Virginia::parvualex,"Parvu, Alex",Virginia,ACC,2026,4,4,257,0,1,2,1,0,0.0,false,0,1.027,0.3681,1616,60.1,true,true
Mount St. Mary's::kyriacouchristian,"Kyriacou, Christian",Mount St. Mary's,Metro,2026,3,2,128,1,0,3,1,0,0.0,false,0,1.026,0.4502,1428,76.8,true,true
UCF::muendokenn,"Muendo, Kenn",UCF,Sun Belt,2026,28,3,190,1,0,1,1,0,0.0,false,0,1.024,0.4063,1561,68.6,true,true
UC Riverside::richtermatti,"Richter, Matti",UC Riverside,Pac-12,2026,5,3,219,1,0,1,1,0,0.0,false,0,1.024,0.3886,1564,64.8,true,true
UC San Diego::nishimotojack,"Nishimoto, Jack",UC San Diego,Pac-12,2026,17,3,138,1,0,2,2,0,0.0,false,0,1.023,0.4420,1285,75.8,true,true
Charleston::fukudakira,"Fukuda, Kira",Charleston,CAA,2026,7,3,208,0,1,2,1,0,0.0,false,0,1.023,0.3950,1467,66.1,true,true
Memphis::stajnkomarko,"Stajnko, Marko",Memphis,American,2026,15,4,313,0,1,2,1,0,0.0,false,0,1.020,0.3403,1549,52.1,true,true
Siena::humiennyjacob,"Humienny, Jacob",Siena,Metro,2026,23,3,270,0,0,5,3,0,0.0,false,0,1.017,0.3603,1429,58,true,true
Georgia Southern::picksleymitch,"Picksley, Mitch",Georgia Southern,Sun Belt,2026,7,3,252,1,0,3,1,0,0.0,false,0,1.017,0.3695,1453,60.4,true,true
Cal Poly::anastroman,"Anast, Roman",Cal Poly,Pac-12,2026,9,4,187,1,0,2,1,0,0.0,false,0,1.015,0.4070,1576,68.7,true,true
SMU::philibbosianandre,"Philibbosian, Andre",SMU,ACC,2026,21,3,81,1,0,2,1,0,0.0,false,0,1.015,0.4882,1572,81.4,false,true
St. Thomas::beaumaleeliot,"Beaumale, Eliot",St. Thomas,Summit,2026,7,4,227,1,0,5,2,0,0.0,false,0,1.015,0.3829,1208,63.1,true,true
Duquesne::imparatomiles,"Imparato, Miles",Duquesne,Atlantic 10,2026,10,4,145,0,1,4,1,0,0.0,false,0,1.015,0.4356,1396,74.4,true,true
Oakland::clarkeroothamethan,"Clarke-Rootham, Ethan",Oakland,Horizon,2026,23,3,45,1,0,2,1,0,0.0,false,0,1.015,0.5236,1532,85.1,false,true
Longwood::rodamesfin,"Roda, Mesfin",Longwood,Big South,2026,19,2,115,1,0,2,1,0,0.0,false,0,1.014,0.4587,1360,77.8,true,true
Mercyhurst::buckleybenjamin,"Buckley, Benjamin",Mercyhurst,NEC,2026,23,3,215,1,0,2,1,0,0.0,false,0,1.013,0.3896,1483,65,true,true
Xavier::lorentegerard,"Lorente, Gerard",Xavier,Big East,2026,34,3,200,1,0,3,1,0,0.0,false,0,1.013,0.3985,1504,66.8,true,true
Navy::stewartnate,"Stewart, Nate",Navy,Patriot,2026,15,4,360,0,1,2,1,0,0.0,false,0,1.012,0.3196,1353,46.3,true,true
Kansas City::kodamashotaro,"Kodama, Shotaro",Kansas City,Summit,2026,17,3,88,1,0,2,1,0,0.0,false,0,1.012,0.4812,1495,80.8,false,true
Rutgers::carlsondylan,"Carlson, Dylan",Rutgers,Big Ten,2026,16,3,32,1,0,1,1,0,0.0,false,0,1.011,0.5369,1598,86.4,false,true
Penn State::mcintoshgrant,"McIntosh, Grant",Penn State,Big Ten,2026,23,3,224,0,1,2,1,0,0.0,false,0,1.009,0.3838,1523,63.5,true,true
Cleveland State::eldembora,"Eldem, Bora",Cleveland State,Horizon,2026,31,2,61,0,1,1,1,0,0.0,false,0,1.009,0.5061,1391,83.4,false,true
University of Southern Indiana::weidnerisaac,"Weidner, Isaac",University of Southern Indiana,Ohio Valley,2026,15,2,60,1,0,2,1,0,0.0,false,0,1.006,0.5067,1392,83.6,false,true
University of Southern Indiana::novillobrian,"Novillo, Brian",University of Southern Indiana,Ohio Valley,2026,14,1,18,1,0,2,1,0,0.0,false,0,1.006,0.5522,1444,87.8,false,true
Wake Forest::kruegerdaniel,"Krueger, Daniel",Wake Forest,ACC,2026,5,4,327,0,1,2,0,0,0.0,false,0,1.005,0.3325,1593,49.9,true,true
Sacramento State::strangionick,"Strangio, Nick",Sacramento State,Big West,2026,5,4,295,1,0,2,1,0,0.0,false,0,1.005,0.3467,1475,53.8,true,true
UCLA::bonsufrancis,"Bonsu, Francis",UCLA,Big Ten,2026,21,3,100,1,0,3,1,0,0.0,false,0,1.003,0.4694,1643,79.1,true,true
UC Irvine::ferreirabraden,"Ferreira, Braden",UC Irvine,Big West,2026,21,3,218,0,1,1,0,0,0.0,false,0,1.003,0.3865,1517,64.2,true,true
FGCU::dangeloflavio,"D'Angelo, Flavio",FGCU,ASUN,2026,8,2,91,1,0,2,1,0,0.0,false,0,1.002,0.4770,1599,80.3,false,true
Milwaukee::ogwupraise,"Ogwu, Praise",Milwaukee,Horizon,2026,15,3,157,1,0,5,2,0,0.0,false,0,1.002,0.4250,1194,72.5,true,true
Butler::kleinmax,"Klein, Max",Butler,Big East,2026,18,4,360,1,0,1,1,0,0.0,false,0,0.999,0.3182,1510,45.8,true,true
Clemson::okunlolaremi,"Okunlola, Remi",Clemson,ACC,2026,30,3,260,0,1,1,0,0,0.0,false,0,0.999,0.3630,1539,58.8,true,true
Milwaukee::bauschben,"Bausch, Ben",Milwaukee,Horizon,2026,14,3,255,1,0,3,2,0,0.0,false,0,0.998,0.3654,1194,59.4,true,true
Villanova::yagudayevalex,"Yagudayev, Alex",Villanova,Big East,2026,1,3,270,0,0,0,0,4,0.0,true,1,0.997,0.3578,1449,57.3,true,true
Columbia University::myrvanghenning,"Myrvang, Henning",Columbia University,Ivy,2026,9,1,61,1,0,2,1,0,0.0,false,0,0.997,0.5040,1435,83.1,false,true
Columbia University::heywardethan,"Heyward, Ethan",Columbia University,Ivy,2026,21,1,40,1,0,2,1,0,0.0,false,0,0.997,0.5256,1435,85.5,false,true
Marshall::ngoranadam,"NGoran, Adam",Marshall,Sun Belt,2026,77,2,109,1,0,2,1,0,0.0,false,0,0.996,0.4607,1518,78.1,true,true
CSUN::tankoudaveryan,"Tankou, Dave-Ryan",CSUN,Other / Non-D1,2026,13,2,107,1,0,2,1,0,0.0,false,0,0.996,0.4623,1473,78.3,true,false
William & Mary::dioriomichael,"DiOrio, Michael",William & Mary,CAA,2026,23,4,93,0,1,3,2,0,0.0,false,0,0.996,0.4742,1395,79.9,true,true
Liberty::gormanronnie,"Gorman, Ronnie",Liberty,Southern,2026,30,3,244,0,1,3,0,0,0.0,false,0,0.994,0.3708,1579,61,true,true
Central Arkansas::andersondalton,"Anderson, Dalton",Central Arkansas,ASUN,2026,25,1,45,1,0,1,1,0,0.0,false,0,0.994,0.5198,1494,84.6,false,true
South Florida::cadoregiovanni,"Cadore, Giovanni",South Florida,American,2026,9,3,116,0,1,2,1,0,0.0,false,0,0.991,0.4541,1383,77.1,true,true
Northern Kentucky::hoenderkampdiego,"Hoenderkamp, Diego",Northern Kentucky,Horizon,2026,18,3,135,0,2,0,0,0,0.0,false,0,0.991,0.4393,1325,75.3,true,true
Memphis::samuelskynu,"Samuels, Kynu",Memphis,American,2026,17,4,95,0,1,1,0,0,0.0,false,0,0.990,0.4715,1549,79.6,true,true
Dayton::jacksonchase,"Jackson, Chase",Dayton,Atlantic 10,2026,32,4,338,1,0,4,1,0,0.0,false,0,0.990,0.3261,1507,48.3,true,true
Boston College::diaismail,"Dia, Ismail",Boston College,ACC,2026,5,3,138,1,0,3,2,0,0.0,false,0,0.986,0.4364,1399,74.6,true,true
Belmont University::pierpointaiden,"Pierpoint, Aiden",Belmont University,Missouri Valley,2026,19,3,59,1,0,2,2,0,0.0,false,0,0.986,0.5042,1330,83.1,false,true
North Carolina::donawajace,"Donawa, Jace",North Carolina,ACC,2026,7,3,39,1,0,1,1,0,0.0,false,0,0.985,0.5246,1608,85.3,false,true
Clemson::correiabreno,"Correia, Breno",Clemson,ACC,2026,19,3,192,0,1,1,0,0,0.0,false,0,0.985,0.3995,1539,67,true,true
William & Mary::rabushevan,"Rabush, Evan",William & Mary,CAA,2026,16,4,170,1,0,5,1,0,0.0,false,0,0.985,0.4137,1395,69.9,true,true
Queens::carewiker,"Carew, Iker",Queens,ASUN,2026,21,1,90,0,1,0,0,0,0.0,false,0,0.983,0.4747,1811,80.1,false,true
Stanford::fortiertimothy,"Fortier, Timothy",Stanford,ACC,2026,17,4,256,0,0,4,2,0,0.0,false,0,0.983,0.3631,1693,58.9,true,true
Wisconsin::kuhrjulian,"Kuhr, Julian",Wisconsin,Big Ten,2026,4,4,270,1,0,3,1,0,0.0,false,0,0.980,0.3556,1482,56.8,true,true
Milwaukee::wildaj,"Wild, AJ",Milwaukee,Horizon,2026,6,3,270,1,0,5,2,0,0.0,false,0,0.980,0.3556,1194,56.7,true,true
Wisconsin::eisaroman,"Eisa, Roman",Wisconsin,Big Ten,2026,16,4,104,1,0,3,1,0,0.0,false,0,0.978,0.4620,1482,78.2,true,true
Presbyterian::carvalhogabe,"Carvalho, Gabe",Presbyterian,Big South,2026,24,4,293,1,0,1,1,0,0.0,false,0,0.977,0.3443,1280,53,true,true
Yale::zhuangelo,"Zhu, Angelo",Yale,Ivy,2026,10,1,87,0,1,2,1,0,0.0,false,0,0.975,0.4761,1367,80.2,false,true
Le Moyne College::kreuzpaintnervito,"Kreuzpaintner, Vito",Le Moyne College,NEC,2026,2,4,310,0,1,1,1,0,0.0,false,0,0.974,0.3362,1348,51,true,true
Mercyhurst::giraldosantiago,"Giraldo, Santiago",Mercyhurst,NEC,2026,19,3,215,0,0,4,3,0,0.0,false,0,0.973,0.3842,1483,63.5,true,true
Kansas City::moratopablo,"Morato, Pablo",Kansas City,Summit,2026,19,3,107,0,0,7,2,0,0.0,false,0,0.973,0.4586,1495,77.7,true,true
Yale::harmonnathan,"Harmon, Nathan",Yale,Ivy,2026,12,2,123,1,0,1,1,0,0.0,false,0,0.972,0.4456,1420,76.3,true,true
Yale::leintusalif,"Leintu, Salif",Yale,Ivy,2026,11,1,21,1,0,1,1,0,0.0,false,0,0.972,0.5421,1472,86.9,false,true
College of the Holy Cross::hatcherarchie,"Hatcher, Archie",College of the Holy Cross,Other / Non-D1,2026,9,1,90,1,0,3,2,0,0.0,false,0,0.972,0.4728,1206,79.8,false,false
College of the Holy Cross::fiedlerjack,"Fiedler, Jack",College of the Holy Cross,Other / Non-D1,2026,26,1,50,1,0,3,2,0,0.0,false,0,0.972,0.5106,1206,84,false,false
FIU::wattbenjamin,"Watt, Benjamin",FIU,American,2026,14,3,162,0,1,2,0,0,0.0,false,0,0.971,0.4171,1618,70.7,true,true
Utah Tech::cuevassami,"Cuevas, Sami",Utah Tech,Mountain West,2026,9,1,51,1,0,4,1,0,0.0,false,0,0.969,0.5092,1310,83.9,false,true
Georgetown::helfrichmatthew,"Helfrich, Matthew",Georgetown,Big East,2026,20,4,360,0,1,2,0,0,0.0,false,0,0.968,0.3148,1661,44.4,true,true
Cal Poly::jimenezgutierrezkevin,"Jimenez Gutierrez, Kevin",Cal Poly,Pac-12,2026,21,4,48,0,1,0,0,0,0.0,false,0,0.965,0.5114,1576,84.1,false,true
Georgetown::millikencasey,"Milliken, Casey",Georgetown,Big East,2026,12,4,133,0,1,2,0,0,0.0,false,0,0.965,0.4368,1661,74.8,true,true
UC Irvine::team,TEAM,UC Irvine,Big West,2026,TM,1,0,1,0,0,0,0,0.0,false,0,0.964,0.5659,1464,88.6,false,true
Michigan::reynajoah,"Reyna, Joah",Michigan,Big Ten,2026,13,3,127,1,0,4,1,0,0.0,false,0,0.963,0.4412,1374,75.5,true,true
New Haven::delmastrovalerio,"Del Mastro, Valerio",New Haven,NEC,2026,5,3,180,0,1,0,0,0,0.0,false,0,0.963,0.4040,1630,68.1,true,true
San Diego State::okoroduduadam,"Okorodudu, Adam",San Diego State,Pac-12,2026,13,4,135,1,0,2,2,0,0.0,false,0,0.959,0.4345,1369,74.2,true,true
Coastal Carolina::hurtbaxter,"Hurt, Baxter",Coastal Carolina,Sun Belt,2026,22,3,206,1,0,1,1,0,0.0,false,0,0.959,0.3875,1523,64.5,true,true
Green Bay::radekenoah,"Radeke, Noah",Green Bay,Other / Non-D1,2026,20,3,172,1,0,2,1,0,0.0,false,0,0.957,0.4083,1457,69,true,false
Wake Forest::nguemadavid,"Nguema, David",Wake Forest,ACC,2026,8,4,285,0,1,1,0,0,0.0,false,0,0.955,0.3454,1593,53.3,true,true
FIU::sticklermateo,"Stickler, Mateo",FIU,American,2026,15,4,284,0,1,1,1,0,0.0,false,0,0.954,0.3456,1561,53.4,true,true
Queens::andersonjaiden,"Anderson, Jaiden",Queens,ASUN,2026,17,3,202,1,0,2,1,0,0.0,false,0,0.954,0.3891,1505,64.9,true,true
Maryland::popovicljubomir,"Popovic, Ljubomir",Maryland,Big Ten,2026,5,3,220,0,1,1,0,0,0.0,false,0,0.953,0.3785,1597,62.5,true,true
North Florida::keisemikhail,"Keise, Mikhail",North Florida,ASUN,2026,21,3,205,1,0,1,1,0,0.0,false,0,0.952,0.3871,1512,64.4,true,true
Yale::laytoncaleb,"Layton, Caleb",Yale,Ivy,2026,22,2,180,0,1,1,1,0,0.0,false,0,0.951,0.4023,1420,67.7,true,true
Michigan::gimplealex,"Gimple, Alex",Michigan,Big Ten,2026,24,3,142,0,1,5,0,0,0.0,false,0,0.950,0.4280,1374,72.9,true,true
Hofstra::schulzben,"Schulz, Ben",Hofstra,CAA,2026,23,3,248,0,1,3,0,0,0.0,false,0,0.948,0.3628,1505,58.8,true,true
Missouri State::furlongben,"Furlong, Ben",Missouri State,American,2026,17,3,136,1,0,3,1,0,0.0,false,0,0.948,0.4321,1273,73.7,true,true
Duke::heckerian,"Hecker, Ian",Duke,ACC,2026,19,4,258,0,1,1,0,0,0.0,false,0,0.946,0.3573,1693,57.2,true,true
Washington::lewiswyatt,"Lewis, Wyatt",Washington,Big Ten,2026,32,4,287,0,1,0,0,0,0.0,false,0,0.945,0.3432,1720,52.8,true,true
Winthrop::humphreyalfie,"Humphrey, Alfie",Winthrop,Big South,2026,15,2,93,1,0,2,2,0,0.0,false,0,0.945,0.4657,1391,78.8,true,true
Colgate::schachterryan,"Schachter, Ryan",Colgate,Other / Non-D1,2026,17,2,112,0,1,2,0,0,0.0,false,0,0.943,0.4497,1688,76.8,true,false
Loyola Chicago::wrightbraeden,"Wright, Braeden",Loyola Chicago,Atlantic 10,2026,2,2,95,1,0,1,1,0,0.0,false,0,0.941,0.4635,1462,78.4,true,true
Bowling Green::filipematheus,"Filipe, Matheus",Bowling Green,Other / Non-D1,2026,15,4,360,0,1,3,1,0,0.0,false,0,0.941,0.3118,1407,43.5,true,false
Hofstra::citrondavid,"Citron, David",Hofstra,CAA,2026,17,3,158,0,1,3,0,0,0.0,false,0,0.941,0.4153,1505,70.4,true,true
UNC Wilmington::radkekieran,"Radke, Kieran",UNC Wilmington,CAA,2026,6,3,223,0,1,1,0,0,0.0,false,0,0.938,0.3749,1589,61.9,true,true
University of Evansville::tmteam,"TM 
                                            TEAM",University of Evansville,Missouri Valley,2026,TM,1,0,1,0,0,0,0,0.0,false,0,0.938,0.5606,1438,88.2,false,true
USC Upstate::rumleymatiwos,"Rumley, Matiwos",USC Upstate,Big South,2026,5,3,134,1,0,2,1,0,0.0,false,0,0.938,0.4319,1382,73.6,true,true
IU Indy::weinrichthomas,"Weinrich, Thomas",IU Indy,Horizon,2026,11,1,31,1,0,1,1,0,0.0,false,0,0.937,0.5242,1437,85.2,false,true
Saint Mary's::suarezrafael,"Suarez, Rafael",Saint Mary's,West Coast,2026,12,4,307,0,1,2,0,0,0.0,false,0,0.936,0.3331,1485,50.2,true,true
Drexel::worsfoldgreggmorgan,"Worsfold-Gregg, Morgan",Drexel,CAA,2026,8,3,180,1,0,4,1,0,0.0,false,0,0.936,0.4002,1362,67.1,true,true
UC Santa Barbara::gerbertobi,"Gerber, Tobi",UC Santa Barbara,Big West,2026,18,3,138,0,1,1,0,0,0.0,false,0,0.935,0.4286,1613,73.1,true,true
Creighton::derksencarter,"Derksen, Carter",Creighton,Big East,2026,8,4,274,0,1,1,0,0,0.0,false,0,0.934,0.3479,1554,54.2,true,true
Stonehill College::xhokaxhiuhayden,"Xhokaxhiu, Hayden",Stonehill College,NEC,2026,13,3,81,0,1,4,0,0,0.0,false,0,0.933,0.4743,1371,80,false,true
Princeton::ferreiralucas,"Ferreira, Lucas",Princeton,Ivy,2026,32,2,56,0,1,0,0,0,0.0,false,0,0.933,0.4977,1610,82.7,false,true
Gonzaga::blayperry,"Blay, Perry",Gonzaga,Pac-12,2026,2,4,276,0,0,3,3,0,0.0,false,0,0.932,0.3467,1485,53.9,true,true
William & Mary::harrisbeckham,"Harris, Beckham",William & Mary,CAA,2026,8,4,171,0,0,9,2,0,0.0,false,0,0.931,0.4052,1395,68.3,true,true
Wofford::celikadam,"Celik, Adam",Wofford,Southern,2026,15,2,180,1,0,2,1,0,0.0,false,0,0.929,0.3991,1534,66.9,true,true
Waynesburg University::smithjosh,"Smith, Josh",Waynesburg University,Other / Non-D1,2026,9,1,41,1,0,1,1,0,0.0,false,0,0.928,0.5119,1428,84.2,false,false
Chicago State::mutalibovalexander,"Mutalibov, Alexander",Chicago State,NEC,2026,32,2,125,1,0,3,1,0,0.0,false,0,0.927,0.4370,1494,74.8,true,true
Chicago State::bhagentsangkarma,"Bhagentsang , Karma",Chicago State,NEC,2026,13,4,275,0,1,1,1,0,0.0,false,0,0.927,0.3466,1464,53.8,true,true
Bucknell::handzelnoah,"Handzel, Noah",Bucknell,Patriot,2026,13,3,119,0,1,1,0,0,0.0,false,0,0.926,0.4415,1620,75.7,true,true
South Florida::faifepedro,"Faife, Pedro",South Florida,American,2026,8,3,270,1,0,4,1,0,0.0,false,0,0.926,0.3489,1383,54.7,true,true
UConn::paredesmatias,"Paredes, Matias",UConn,Big East,2026,7,4,133,0,1,2,0,0,0.0,false,0,0.926,0.4309,1563,73.5,true,true
Mercer::herreraanthony,"Herrera, Anthony",Mercer,Southern,2026,21,4,159,0,0,6,2,0,0.0,false,0,0.926,0.4124,1548,69.6,true,true
Seattle::kapciakaleksander,"Kapciak, Aleksander",Seattle,West Coast,2026,24,2,180,0,0,0,0,7,2.0,true,1,0.924,0.3984,1546,66.7,true,true
FIU::helanjohan,"Helan, Johan",FIU,American,2026,17,3,92,0,1,1,0,0,0.0,false,0,0.923,0.4630,1618,78.4,true,true
Marshall::machadogoncalo,"Machado, Goncalo",Marshall,Sun Belt,2026,28,2,130,1,0,1,1,0,0.0,false,0,0.923,0.4327,1518,73.9,true,true
Xavier::dursoryan,"D'urso, Ryan",Xavier,Big East,2026,5,3,270,0,1,1,0,0,0.0,false,0,0.922,0.3484,1504,54.4,true,true
Oakland::mateergrant,"Mateer, Grant",Oakland,Horizon,2026,21,3,206,0,1,3,0,0,0.0,false,0,0.921,0.3822,1532,62.9,true,true
VMI::ndakprigabriel,"N'Dakpri, Gabriel",VMI,Southern,2026,9,6,293,1,0,3,2,0,0.0,false,0,0.920,0.3373,1259,51.2,true,true
Bowling Green::perezcernudaluciano,"Perez-Cernuda, Luciano",Bowling Green,Other / Non-D1,2026,25,4,281,0,0,7,2,0,0.0,false,0,0.919,0.3427,1407,52.8,true,false
Fairfield::albrittonsean,"Albritton, Sean",Fairfield,Metro,2026,10,2,109,0,1,1,0,0,0.0,false,0,0.918,0.4481,1684,76.7,true,true
Kansas City::munozguille,"Munoz, Guille",Kansas City,Summit,2026,4,3,80,1,0,1,1,0,0.0,false,0,0.918,0.4726,1495,79.8,false,true
Northwestern::millarandrew,"Millar, Andrew",Northwestern,Big Ten,2026,6,4,266,1,0,3,1,0,0.0,false,0,0.918,0.3498,1482,55.1,true,true
Elon::jacobsenmagnus,"Jacobsen, Magnus",Elon,Other / Non-D1,2026,4,3,180,1,0,3,1,0,0.0,false,0,0.916,0.3973,1343,66.5,true,false
UC Santa Barbara::odegaardoesthagenmartin,"Odegaard Oesthagen, Martin",UC Santa Barbara,Big West,2026,22,3,53,0,1,1,0,0,0.0,false,0,0.916,0.4976,1613,82.6,false,true
Santa Clara::almontesmoises,"Almontes, Moises",Santa Clara,West Coast,2026,15,4,261,0,0,6,2,0,0.0,false,0,0.914,0.3518,1518,55.7,true,true
Oregon State::aranazzarzuelagonzalo,"Aranaz Zarzuela, Gonzalo",Oregon State,Pac-12,2026,23,3,154,0,0,6,2,0,0.0,false,0,0.914,0.4141,1700,70.1,true,true
UCF::vazquezerik,"Vazquez, Erik",UCF,Sun Belt,2026,23,3,112,0,1,2,0,0,0.0,false,0,0.913,0.4448,1561,76.2,true,true
Wofford::hinterschusterpepe,"Hinterschuster, Pepe",Wofford,Southern,2026,1,2,158,0,0,0,0,4,0.8,true,1,0.912,0.4111,1534,69.4,true,true
Harvard::palacioalejandro,"Palacio, Alejandro",Harvard,Ivy,2026,27,2,163,0,1,1,0,0,0.0,false,0,0.911,0.4076,1606,68.9,true,true
St. Bonaventure::macfarlanekyle,"Macfarlane, Kyle",St. Bonaventure,Atlantic 10,2026,22,3,254,1,0,3,1,0,0.0,false,0,0.911,0.3548,1437,56.5,true,true
Kansas City::rossdorferjonas,"Rossdorfer, Jonas",Kansas City,Summit,2026,13,2,26,0,1,1,0,0,0.0,false,0,0.910,0.5248,1517,85.3,false,true
Denver::orchardethan,"Orchard, Ethan",Denver,West Coast,2026,6,3,169,0,1,1,0,0,0.0,false,0,0.909,0.4034,1734,68,true,true
Incarnate Word::chimeziecharles,"Chimezie, Charles",Incarnate Word,Other / Non-D1,2026,3,2,180,1,0,1,1,0,0.0,false,0,0.909,0.3962,1460,66.4,true,false
Michigan State::ngaboinnocent,"Ngabo, Innocent",Michigan State,Big Ten,2026,13,4,49,1,0,1,1,0,0.0,false,0,0.907,0.5000,1436,82.8,false,true
Utah Valley::odehnaime,"Odeh, Naime",Utah Valley,Big West,2026,10,3,171,1,0,3,1,0,0.0,false,0,0.907,0.4017,1395,67.4,true,true
Jacksonville::spailierromain,"Spailier, Romain",Jacksonville,ASUN,2026,6,3,229,1,0,2,1,0,0.0,false,0,0.906,0.3673,1451,59.8,true,true
Lehigh::tmteam,"TM 
                                            TEAM",Lehigh,Patriot,2026,TM,1,0,1,0,0,0,0,0.0,false,0,0.906,0.5542,1406,87.9,false,true
Stetson::millswilliam,"Mills, William",Stetson,ASUN,2026,29,2,66,1,0,1,1,0,0.0,false,0,0.906,0.4833,1411,81,false,true
Rider University::schmitzcarter,"Schmitz, Carter",Rider University,Metro,2026,21,3,270,0,1,2,1,0,0.0,false,0,0.905,0.3462,1404,53.6,true,true
North Florida::mansourikaiss,"Mansouri, Kaiss",North Florida,ASUN,2026,7,3,239,0,0,6,2,0,0.0,false,0,0.904,0.3618,1512,58.5,true,true
Grand Canyon::lopezjorge,"Lopez, Jorge",Grand Canyon,Mountain West,2026,10,3,214,0,0,8,1,0,0.0,false,0,0.904,0.3753,1528,62,true,true
Quinnipiac::daeumlerlinus,"Daeumler, Linus",Quinnipiac,Metro,2026,21,3,215,0,0,5,2,0,0.0,false,0,0.903,0.3746,1551,61.7,true,true
UNC Asheville::orthodoxouorthodoxos,"Orthodoxou, Orthodoxos",UNC Asheville,Big South,2026,7,2,53,0,0,3,3,0,0.0,false,0,0.902,0.4951,1582,82.4,false,true
UNC Asheville::salkeldlouie,"Salkeld, Louie",UNC Asheville,Big South,2026,15,2,180,0,0,3,3,0,0.0,false,0,0.902,0.3953,1582,66.2,true,true
San Diego State::fischerluke,"Fischer, Luke",San Diego State,Pac-12,2026,4,4,347,0,0,4,4,0,0.0,false,0,0.902,0.3124,1369,43.6,true,true
Louisville::team,TEAM,Louisville,ACC,2026,TM,1,0,1,0,0,0,0,0.0,false,0,0.897,0.5525,1397,87.8,false,true
Chicago State::okumubill,"Okumu, Bill",Chicago State,NEC,2026,10,4,334,1,0,1,1,0,0.0,false,0,0.897,0.3171,1464,45.4,true,true
Cornell::schabanadam,"Schaban, Adam",Cornell,Ivy,2026,10,1,62,1,0,2,1,0,0.0,false,0,0.897,0.4856,1342,81.2,false,true
Cornell::mayliam,"May, Liam",Cornell,Ivy,2026,11,1,77,1,0,2,1,0,0.0,false,0,0.897,0.4717,1342,79.6,false,true
William & Mary::garciarenadiego,"Garciarena, Diego",William & Mary,CAA,2026,1,4,180,0,1,0,0,4,1.0,true,1,0.897,0.3946,1395,65.9,true,true
Xavier::bricenolan,"Brice, Nolan",Xavier,Big East,2026,3,3,270,1,0,1,1,0,0.0,false,0,0.896,0.3451,1504,53.3,true,true
Missouri State::gonzlezdani,"González, Dani",Missouri State,American,2026,23,3,77,1,0,3,2,0,0.0,false,0,0.894,0.4712,1273,79.5,false,true
UC Riverside::elliottbrady,"Elliott, Brady",UC Riverside,Pac-12,2026,12,3,207,0,1,0,0,0,0.0,false,0,0.891,0.3776,1564,62.4,true,true
FIU::gonzalezezequiel,"Gonzalez, Ezequiel",FIU,American,2026,19,2,57,1,0,1,1,0,0.0,false,0,0.890,0.4891,1602,81.5,false,true
USC Upstate::leitnerbennett,"Leitner, Bennett",USC Upstate,Big South,2026,20,3,119,1,0,4,1,0,0.0,false,0,0.890,0.4358,1382,74.4,true,true
NC State::terranovasamuel,"Terranova, Samuel",NC State,ACC,2026,1,4,180,0,0,0,0,3,0.0,true,1,0.889,0.3935,1485,65.7,true,true
San Diego State::kawamurajonah,"Kawamura, Jonah",San Diego State,Pac-12,2026,19,4,331,1,0,1,1,0,0.0,false,0,0.888,0.3173,1369,45.5,true,true
Michigan::tatchjake,"Tatch, Jake",Michigan,Big Ten,2026,21,3,59,0,1,4,0,0,0.0,false,0,0.888,0.4868,1374,81.3,false,true
USC Upstate::lundjohannes,"Lund, Johannes",USC Upstate,Big South,2026,18,3,211,0,1,2,1,0,0.0,false,0,0.888,0.3748,1382,61.8,true,true
VCU::scottkimarly,"Scott, Kimarly",VCU,Atlantic 10,2026,22,3,159,0,0,4,2,0,0.0,false,0,0.888,0.4068,1684,68.6,true,true
UMBC::nistadjonas,"Nistad, Jonas",UMBC,America East,2026,13,2,80,0,1,3,1,0,0.0,false,0,0.887,0.4674,1286,78.8,false,true
UC San Diego::dunbaradam,"Dunbar, Adam",UC San Diego,Pac-12,2026,23,3,122,0,1,2,1,0,0.0,false,0,0.887,0.4330,1285,73.9,true,true
George Mason::thomeliergabin,"Thomelier, Gabin",George Mason,Atlantic 10,2026,9,1,0,0,1,1,1,0,0.0,false,0,0.883,0.5496,1333,87.5,false,true
Dayton::tmteam,"TM 
                                            TEAM",Dayton,Atlantic 10,2026,TM,1,0,1,0,0,0,0,0.0,false,0,0.882,0.5494,1382,87.5,false,true
ETSU::manrodfrank,"Manrod, Frank",ETSU,Southern,2026,2,2,180,1,0,1,1,0,0.0,false,0,0.881,0.3923,1567,65.5,true,true
Le Moyne College::cardjackson,"Card, Jackson",Le Moyne College,NEC,2026,10,2,57,0,1,3,1,0,0.0,false,0,0.881,0.4874,1218,81.3,false,true
Michigan::craigandrew,"Craig, Andrew",Michigan,Big Ten,2026,15,3,269,0,0,4,3,0,0.0,false,0,0.881,0.3437,1374,52.9,true,true
Siena::stalkercampbell,"Stalker, Campbell",Siena,Metro,2026,12,3,259,1,0,2,1,0,0.0,false,0,0.879,0.3483,1429,54.3,true,true
Syracuse::kistkameron,"Kist, Kameron",Syracuse,ACC,2026,21,3,53,0,1,2,0,0,0.0,false,0,0.876,0.4905,1581,81.8,false,true
Monmouth::orendacbrady,"Orendac, Brady",Monmouth,CAA,2026,23,2,124,0,1,2,0,0,0.0,false,0,0.874,0.4295,1501,73.2,true,true
UIC::zepedadaniel,"Zepeda, Daniel",UIC,Missouri Valley,2026,17,4,337,0,0,7,2,0,0.0,false,0,0.874,0.3132,1434,43.9,true,true
UMass::streetdavid,"Street, David",UMass,Summit,2026,7,1,62,0,1,0,0,0,0.0,false,0,0.872,0.4812,1663,80.8,false,true
UMass::hutchinsonhenry,"Hutchinson, Henry",UMass,Summit,2026,14,1,49,0,1,0,0,0,0.0,false,0,0.872,0.4937,1663,82.3,false,true
Robert Morris::krugjohn,"Krug, John",Robert Morris,Horizon,2026,11,3,145,0,1,1,1,0,0.0,false,0,0.869,0.4136,1389,69.9,true,true
Robert Morris::geikejonah,"Geike, Jonah",Robert Morris,Horizon,2026,16,4,225,0,1,1,1,0,0.0,false,0,0.869,0.3646,1330,59.2,true,true
Lipscomb::saserejames,"Sasere, James",Lipscomb,ASUN,2026,11,2,130,0,1,1,0,0,0.0,false,0,0.869,0.4243,1562,72.1,true,true
New Hampshire::kucalukas,"Kuca, Lukas",New Hampshire,America East,2026,6,3,173,0,1,0,0,0,0.0,false,0,0.869,0.3950,1592,66.1,true,true
William & Mary::fengkai,"Feng, Kai",William & Mary,CAA,2026,12,4,133,1,0,3,1,0,0.0,false,0,0.869,0.4221,1395,71.9,true,true
Drake::bengelandon,"Benge, Landon",Drake,Missouri Valley,2026,7,4,138,0,0,5,3,0,0.0,false,0,0.868,0.4183,1437,71,true,true
UAlbany::clausseluca,"Clausse, Luca",UAlbany,Other / Non-D1,2026,23,1,39,0,1,1,0,0,0.0,false,0,0.867,0.5029,1563,83.1,false,false
Yale::mccammonteague,"McCammon, Teague",Yale,Ivy,2026,6,2,180,1,0,1,1,0,0.0,false,0,0.867,0.3902,1420,65.2,true,true
Duquesne::bravopepo,"Bravo, Pepo",Duquesne,Atlantic 10,2026,26,4,252,0,0,8,2,0,0.0,false,0,0.864,0.3499,1396,55.1,true,true
Wright State::albadawidjafar,"Albadawi, Djafar",Wright State,Horizon,2026,14,4,121,0,1,2,1,0,0.0,false,0,0.864,0.4301,1399,73.3,true,true
Rhode Island::barriguinhatiago,"Barriguinha, Tiago",Rhode Island,Atlantic 10,2026,8,3,254,1,0,2,1,0,0.0,false,0,0.863,0.3488,1432,54.5,true,true
Western Illinois::duaxty,"Duax, Ty",Western Illinois,Ohio Valley,2026,21,2,44,1,0,2,1,0,0.0,false,0,0.860,0.4964,1320,82.6,false,true
Northeastern::rgerjulius,"Rüger, Julius",Northeastern,CAA,2026,8,4,134,0,1,1,0,0,0.0,false,0,0.859,0.4198,1416,71.4,true,true
ETSU::edwardselliot,"Edwards, Elliot",ETSU,Southern,2026,28,2,121,0,1,3,0,0,0.0,false,0,0.859,0.4293,1567,73.1,true,true
Northern Illinois::ljubicicstevan,"Ljubicic, Stevan",Northern Illinois,Other / Non-D1,2026,9,3,82,0,1,2,0,0,0.0,false,0,0.858,0.4607,1467,78.1,false,false
St. John's::milleraryeh,"Miller, Aryeh",St. John's,Big East,2026,99,2,171,1,0,2,1,0,0.0,false,0,0.858,0.3946,1419,66,true,true
Notre Dame::zimmermannnate,"Zimmermann, Nate",Notre Dame,ACC,2026,7,3,57,0,0,3,2,0,0.0,false,0,0.857,0.4833,1693,81,false,true
Virginia Tech::kettanimehdi,"Kettani, Mehdi",Virginia Tech,ACC,2026,23,3,108,1,0,4,1,0,0.0,false,0,0.856,0.4389,1462,75.1,true,true
Brown::turiacesawyer,"Turiace, Sawyer",Brown,Ivy,2026,24,1,58,1,0,2,1,0,0.0,false,0,0.855,0.4820,1303,80.9,false,true
Saint Peter's::garveytiernan,"Garvey, Tiernan",Saint Peter's,Metro,2026,8,3,250,0,0,6,2,0,0.0,false,0,0.855,0.3497,1427,55,true,true
San Diego::rhoadesoliver,"Rhoades, Oliver",San Diego,West Coast,2026,7,3,194,0,0,2,2,0,0.0,false,0,0.853,0.3798,1725,62.6,true,true
Memphis::ruguaruryan,"Ruguaru, Ryan",Memphis,American,2026,13,4,25,1,0,1,1,0,0.0,false,0,0.852,0.5149,1549,84.4,false,true
Bucknell::findlaycolin,"Findlay, Colin",Bucknell,Patriot,2026,9,3,104,0,1,0,0,0,0.0,false,0,0.852,0.4414,1620,75.6,true,true
South Florida::becerramatheo,"Becerra, Matheo",South Florida,American,2026,18,3,100,1,0,3,1,0,0.0,false,0,0.851,0.4445,1383,76.1,true,true
Elon::kallonmohamed,"Kallon, Mohamed",Elon,Other / Non-D1,2026,20,2,28,0,1,1,0,0,0.0,false,0,0.851,0.5113,1441,84.1,false,false
Duquesne::dacody,"Da, Cody",Duquesne,Atlantic 10,2026,19,4,134,1,0,4,1,0,0.0,false,0,0.850,0.4184,1396,71,true,true
Wofford::byronsamuel,"Byron, Samuel",Wofford,Southern,2026,7,2,112,1,0,1,1,0,0.0,false,0,0.848,0.4345,1534,74.1,true,true
Wofford::spiresfranklin,"Spires, Franklin",Wofford,Southern,2026,17,2,77,1,0,1,1,0,0.0,false,0,0.848,0.4634,1534,78.4,false,true
UMBC::tadesseaidom,"Tadesse, Aidom",UMBC,America East,2026,14,2,103,1,0,3,1,0,0.0,false,0,0.848,0.4415,1286,75.7,true,true
Notre Dame::mcdowdsean,"McDowd, Sean",Notre Dame,ACC,2026,3,2,163,0,1,0,0,0,0.0,false,0,0.847,0.3982,1691,66.7,true,true
Niagara::pratasantonio,"Pratas, Antonio",Niagara,Metro,2026,11,3,117,0,1,0,0,0,0.0,false,0,0.845,0.4302,1599,73.3,true,true
Campbell::jenkinjames,"Jenkin, James",Campbell,CAA,2026,4,2,180,0,1,0,0,0,0.0,false,0,0.843,0.3869,1628,64.4,true,true
Robert Morris::dominguezmiguel,"Dominguez, Miguel",Robert Morris,Horizon,2026,3,3,136,0,1,2,1,0,0.0,false,0,0.843,0.4159,1286,70.5,true,true
Portland::ajagbedavid,"Ajagbe, David",Portland,West Coast,2026,19,3,207,0,0,3,2,0,0.0,false,0,0.842,0.3709,1772,61.1,true,true
CCSU::gonzalezpecharromanmiguel,"Gonzalez Pecharroman, Miguel",CCSU,Other / Non-D1,2026,13,2,180,1,0,2,1,0,0.0,false,0,0.841,0.3867,1336,64.3,true,false
UCLA::delaviboradavid,"de la Vibora, David",UCLA,Big Ten,2026,11,3,195,0,0,4,2,0,0.0,false,0,0.840,0.3775,1643,62.3,true,true
Stony Brook::burguenoelliot,"Burgueno, Elliot",Stony Brook,CAA,2026,17,3,61,1,0,1,1,0,0.0,false,0,0.840,0.4764,1542,80.2,false,true
UC San Diego::mcelderrycael,"McElderry, Cael",UC San Diego,Pac-12,2026,28,3,130,0,1,1,1,0,0.0,false,0,0.838,0.4195,1285,71.3,true,true
Cornell::donahueblake,"Donahue, Blake",Cornell,Ivy,2026,13,1,58,0,0,4,3,0,0.0,false,0,0.838,0.4789,1342,80.6,false,true
UAB::zackrissongael,"Zackrisson, Gael",UAB,American,2026,8,3,228,0,1,3,0,0,0.0,false,0,0.836,0.3585,1394,57.6,true,true
Stanford::groenevelddylan,"Groeneveld, Dylan",Stanford,ACC,2026,4,4,360,0,0,4,2,0,0.0,false,0,0.835,0.3000,1693,36.6,true,true
Grand Canyon::animgodson,"Anim, Godson",Grand Canyon,Mountain West,2026,19,3,127,1,0,1,1,0,0.0,false,0,0.835,0.4212,1528,71.7,true,true
Tulsa::chukwujoses,"Chukwu, Joses",Tulsa,American,2026,18,4,174,0,0,5,2,0,0.0,false,0,0.834,0.3893,1486,65,true,true
Saint Peter's::deeliasmarcos,"De Elias, Marcos",Saint Peter's,Metro,2026,17,3,234,0,0,5,2,0,0.0,false,0,0.833,0.3551,1427,56.6,true,true
Navy::strothkampbraedy,"Strothkamp, Braedy",Navy,Patriot,2026,12,4,235,0,1,2,1,0,0.0,false,0,0.833,0.3545,1353,56.5,true,true
Western Illinois::reinigeradam,"Reiniger, Adam",Western Illinois,Ohio Valley,2026,11,2,68,1,0,1,1,0,0.0,false,0,0.833,0.4687,1297,79.1,false,true
Colgate::bourneotto,"Bourne, Otto",Colgate,Other / Non-D1,2026,4,2,130,0,1,1,0,0,0.0,false,0,0.832,0.4185,1688,71.1,true,false
Saint Louis::schrammnick,"Schramm, Nick",Saint Louis,Atlantic 10,2026,23,3,240,0,1,0,0,0,0.0,false,0,0.830,0.3516,1671,55.7,true,true
Sacramento State::heddenhenry,"Hedden, Henry",Sacramento State,Big West,2026,14,4,228,0,1,1,0,0,0.0,false,0,0.830,0.3577,1475,57.3,true,true
Randolph::cortesmarcus,"Cortes, Marcus",Randolph,Other / Non-D1,2026,21,1,64,1,0,3,1,0,0.0,false,0,0.829,0.4718,1233,79.6,false,false
Saint Mary's::tmteam,"TM 
                                            TEAM",Saint Mary's,West Coast,2026,TM,1,0,1,0,0,0,0,0.0,false,0,0.829,0.5387,1329,86.5,false,true
Siena::wustluca,"Wust, Luca",Siena,Metro,2026,3,3,214,0,1,2,0,0,0.0,false,0,0.829,0.3651,1429,59.3,true,true
Davidson College::wilkensgarrett,"Wilkens, Garrett",Davidson College,Atlantic 10,2026,14,2,105,0,1,1,0,0,0.0,false,0,0.828,0.4368,1538,74.7,true,true
Virginia Tech::traustasondagur,"Traustason, Dagur",Virginia Tech,ACC,2026,13,3,107,1,0,4,1,0,0.0,false,0,0.828,0.4352,1462,74.3,true,true
Creighton::gbeange,"Gbe, Ange",Creighton,Big East,2026,16,4,221,0,1,1,0,0,0.0,false,0,0.827,0.3611,1554,58.3,true,true
Creighton::leonardsamuel,"Leonard, Samuel",Creighton,Big East,2026,27,2,16,0,1,1,0,0,0.0,false,0,0.827,0.5199,1517,84.6,false,true
Michigan::beanalen,"Bean, Alen",Michigan,Big Ten,2026,28,3,270,0,0,0,0,9,3.0,true,3,0.826,0.3364,1374,51.1,true,true
Denver::collinserik,"Collins, Erik",Denver,West Coast,2026,20,3,142,0,1,0,0,0,0.0,false,0,0.825,0.4089,1734,69.1,true,true
Loyola Chicago::roenicholas,"Roe, Nicholas",Loyola Chicago,Atlantic 10,2026,7,2,180,1,0,1,1,0,0.0,false,0,0.825,0.3843,1341,63.7,true,true
Rutgers::stopekdevon,"Stopek, Devon",Rutgers,Big Ten,2026,3,3,266,0,1,1,0,0,0.0,false,0,0.823,0.3379,1598,51.3,true,true
Kentucky::andersenmarcus,"Andersen, Marcus",Kentucky,Sun Belt,2026,18,3,176,0,1,0,0,0,0.0,false,0,0.822,0.3863,1585,64.2,true,true
Green Bay::lecheltnoah,"Lechelt, Noah",Green Bay,Other / Non-D1,2026,14,3,201,0,0,6,2,0,0.0,false,0,0.822,0.3715,1457,61.4,true,false
UC Irvine::bedollaverajavier,"Bedolla Vera, Javier",UC Irvine,Big West,2026,20,3,23,1,0,1,1,0,0.0,false,0,0.821,0.5110,1517,84.1,false,true
South Florida::kiefermax,"Kiefer, Max",South Florida,American,2026,11,3,178,0,1,4,0,0,0.0,false,0,0.820,0.3847,1383,63.8,true,true
Wright State::banfimaximilian,"Banfi, Maximilian",Wright State,Horizon,2026,2,4,261,0,0,6,2,0,0.0,false,0,0.819,0.3398,1399,52,true,true
California::bellbrendan,"Bell, Brendan",California,ACC,2026,18,2,102,0,1,0,0,0,0.0,false,0,0.818,0.4375,1685,74.9,true,true
Drake::sowmamadou,"Sow, Mamadou",Drake,Missouri Valley,2026,16,3,37,1,0,1,1,0,0.0,false,0,0.818,0.4959,1433,82.5,false,true
South Florida::vecchiarelligianluca,"Vecchiarelli, Gianluca",South Florida,American,2026,21,3,155,0,1,2,1,0,0.0,false,0,0.817,0.3990,1383,66.9,true,true
Duquesne::badlerroni,"Badler, Roni",Duquesne,Atlantic 10,2026,9,4,126,0,0,9,1,0,0.0,false,0,0.816,0.4189,1396,71.2,true,true
Western Michigan::piersonkyle,"Pierson, Kyle",Western Michigan,Missouri Valley,2026,11,4,178,0,1,0,0,0,0.0,false,0,0.816,0.3842,1632,63.5,true,true
Loyola Marymount::alvarezadrian,"Alvarez, Adrian",Loyola Marymount,West Coast,2026,21,4,149,0,0,3,2,0,0.0,false,0,0.815,0.4027,1695,67.7,true,true
Seattle::thompsonobasi,"Thompson, Obasi",Seattle,West Coast,2026,23,3,222,0,1,1,0,0,0.0,false,0,0.815,0.3589,1619,57.7,true,true
Saint Louis::francatheo,"Franca, Theo",Saint Louis,Atlantic 10,2026,18,2,105,0,1,0,0,0,0.0,false,0,0.815,0.4345,1703,74.1,true,true
Gonzaga::dahlinsam,"Dahlin, Sam",Gonzaga,Pac-12,2026,6,4,312,1,0,1,1,0,0.0,false,0,0.814,0.3165,1485,45.2,true,true
Northwestern::pereiradominic,"Pereira, Dominic",Northwestern,Big Ten,2026,1,3,270,0,0,0,0,13,5.0,true,3,0.814,0.3349,1447,50.7,true,true
Adrian College::sambedoudou,"Sambe, Doudou",Adrian College,Other / Non-D1,2026,6,1,78,1,0,1,1,0,0.0,false,0,0.813,0.4566,1313,77.5,false,false
Adrian College::millernick,"Miller, Nick",Adrian College,Other / Non-D1,2026,22,1,50,1,0,1,1,0,0.0,false,0,0.813,0.4821,1313,80.9,false,false
Bellarmine::jonesjackson,"Jones, Jackson",Bellarmine,ASUN,2026,14,3,246,0,1,0,0,0,0.0,false,0,0.813,0.3463,1497,53.6,true,true
Bellarmine::raulstonjack,"Raulston, Jack",Bellarmine,ASUN,2026,19,3,63,0,1,0,0,0,0.0,false,0,0.813,0.4698,1497,79.3,false,true
Tulsa::saunderscale,"Saunders, Cale",Tulsa,American,2026,4,4,360,1,0,1,1,0,0.0,false,0,0.813,0.2975,1486,34.9,true,true
Stetson::casasandre,"Casas, Andre",Stetson,ASUN,2026,2,3,184,0,0,4,2,0,0.0,false,0,0.811,0.3799,1545,62.7,true,true
Saint Mary's::rochelletalan,"Rochelle, Talan",Saint Mary's,West Coast,2026,7,4,290,0,1,3,0,0,0.0,false,0,0.811,0.3254,1485,48,true,true
Hofstra::benhamjack,"Benham, Jack",Hofstra,CAA,2026,6,3,270,0,1,1,0,0,0.0,false,0,0.810,0.3343,1505,50.5,true,true
Tulsa::sukatikgodiso,"Sukati, Kgodiso",Tulsa,American,2026,9,4,149,0,0,9,1,0,0.0,false,0,0.809,0.4017,1486,67.5,true,true
Notre Dame::greendiego,"Green, Diego",Notre Dame,ACC,2026,26,3,58,0,1,0,0,0,0.0,false,0,0.808,0.4736,1653,79.9,false,true
Western Illinois::bessingernathan,"Bessinger, Nathan",Western Illinois,Ohio Valley,2026,17,3,214,1,0,1,1,0,0.0,false,0,0.807,0.3621,1300,58.5,true,true
UCF::wingsternaespetter,"Wingsternaes, Petter",UCF,Sun Belt,2026,8,3,49,0,0,3,2,0,0.0,false,0,0.806,0.4818,1561,80.9,false,true
UMass Lowell::medranoalvaro,"Medrano, Alvaro",UMass Lowell,America East,2026,1,3,90,0,0,0,0,5,1.0,true,1,0.806,0.4452,1310,76.3,false,true
Old Dominion::saulbarrett,"Saul, Barrett",Old Dominion,Sun Belt,2026,8,3,178,0,1,1,1,0,0.0,false,0,0.806,0.3828,1465,63,true,true
Yale::pousseudavid,"Pousseu, David",Yale,Ivy,2026,17,2,57,0,0,3,3,0,0.0,false,0,0.805,0.4741,1420,79.9,false,true
St. Bonaventure::holtryan,"Holt, Ryan",St. Bonaventure,Atlantic 10,2026,10,3,166,0,0,4,3,0,0.0,false,0,0.805,0.3901,1437,65.1,true,true
Sacred Heart::tiernoalejandro,"Tierno, Alejandro",Sacred Heart,Metro,2026,2,3,270,0,1,0,0,0,0.0,false,0,0.804,0.3336,1567,50.4,true,true
Sacred Heart::zeberioguerenoaxier,"Zeberio Guereno, Axier",Sacred Heart,Metro,2026,22,3,108,0,1,0,0,0,0.0,false,0,0.804,0.4305,1567,73.4,true,true
Sacramento State::castrencezach,"Castrence, Zach",Sacramento State,Big West,2026,3,3,234,0,1,1,0,0,0.0,false,0,0.804,0.3512,1490,55.5,true,true
Longwood::diazdiego,"Diaz, Diego",Longwood,Big South,2026,30,1,60,1,0,2,1,0,0.0,false,0,0.804,0.4710,1254,79.5,false,true
USC Upstate::cookchristian,"Cook, Christian",USC Upstate,Big South,2026,11,3,120,1,0,2,1,0,0.0,false,0,0.801,0.4210,1382,71.7,true,true
Utah Valley::kuelojeremie,"Kuelo, Jeremie",Utah Valley,Big West,2026,2,3,125,0,1,0,0,0,0.0,false,0,0.801,0.4173,1395,70.8,true,true
West Florida::estevesrafael,"Esteves, Rafael",West Florida,Other / Non-D1,2026,8,4,309,0,0,5,2,0,0.0,false,0,0.801,0.3161,1416,45,true,false
UIC::ibrahimshafi,"Ibrahim, Shafi",UIC,Missouri Valley,2026,11,3,179,0,0,5,2,0,0.0,false,0,0.801,0.3814,1451,62.8,true,true
UMBC::pantaleoadamo,"Pantaleo, Adamo",UMBC,America East,2026,3,2,160,1,0,2,1,0,0.0,false,0,0.799,0.3931,1286,65.6,true,true
UNLV::roblesandres,"Robles, Andres",UNLV,Mountain West,2026,6,3,216,0,1,1,0,0,0.0,false,0,0.799,0.3600,1542,58,true,true
Georgia Southern::daleharry,"Dale, Harry",Georgia Southern,Sun Belt,2026,11,3,231,0,1,2,0,0,0.0,false,0,0.798,0.3519,1453,55.8,true,true
UAlbany::vallancecaleb,"Vallance, Caleb",UAlbany,Other / Non-D1,2026,8,1,59,0,1,0,0,0,0.0,false,0,0.798,0.4708,1563,79.4,false,false
VMI::millerjack,"Miller, Jack",VMI,Southern,2026,3,2,175,1,0,1,1,0,0.0,false,0,0.797,0.3833,1258,63.3,true,true
VMI::loyajaime,"Loya, Jaime",VMI,Southern,2026,14,5,216,1,0,1,1,0,0.0,false,0,0.797,0.3597,1175,57.9,true,true
High Point::behrmannnoah,"Behrmann, Noah",High Point,Big South,2026,16,2,152,0,0,2,2,0,0.0,false,0,0.797,0.3979,1789,66.6,true,true
South Florida::wilsondominic,"Wilson, Dominic",South Florida,American,2026,16,3,112,1,0,2,1,0,0.0,false,0,0.795,0.4261,1383,72.6,true,true
Stonehill College::marquisethan,"Marquis, Ethan",Stonehill College,NEC,2026,19,2,50,0,0,4,3,0,0.0,false,0,0.795,0.4788,1329,80.6,false,true
UConn::depinhomateo,"DePinho, Mateo",UConn,Big East,2026,25,4,53,0,1,0,0,0,0.0,false,0,0.795,0.4759,1563,80.2,false,true
Lipscomb::walzpatrick,"Walz, Patrick",Lipscomb,ASUN,2026,19,2,160,0,1,0,0,0,0.0,false,0,0.794,0.3923,1562,65.5,true,true
UC Davis::wouterstristan,"Wouters, Tristan",UC Davis,Mountain West,2026,7,3,107,0,0,4,3,0,0.0,false,0,0.793,0.4296,1483,73.2,true,true
Grand Canyon::camaoarnau,"Camaño, Arnau",Grand Canyon,Mountain West,2026,18,3,195,0,0,5,2,0,0.0,false,0,0.793,0.3708,1528,61.1,true,true
Indiana::paskusgrant,"Paskus, Grant",Indiana,Big Ten,2026,12,2,65,0,1,0,0,0,0.0,false,0,0.792,0.4644,1568,78.7,false,true
NJIT::vilatelmo,"Vila, Telmo",NJIT,America East,2026,25,3,76,0,0,6,2,0,0.0,false,0,0.792,0.4546,1404,77.2,false,true
Army::boozercurtis,"Boozer, Curtis",Army,Patriot,2026,24,4,360,0,1,2,0,0,0.0,false,0,0.791,0.2951,1432,33.7,true,true
Central Arkansas::smithlogan,"Smith, Logan",Central Arkansas,ASUN,2026,22,3,161,0,1,0,0,0,0.0,false,0,0.789,0.3910,1507,65.2,true,true
Santa Clara::jalleaudiego,"Jalleau, Diego",Santa Clara,West Coast,2026,16,4,111,0,1,1,0,0,0.0,false,0,0.788,0.4257,1518,72.6,true,true
Pacific::baltzerluca,"Baltzer, Luca",Pacific,West Coast,2026,10,2,90,0,1,1,0,0,0.0,false,0,0.788,0.4422,1575,75.9,false,true
Queens::chromeyisaac,"Chromey, Isaac",Queens,ASUN,2026,33,3,124,0,1,2,0,0,0.0,false,0,0.788,0.4159,1505,70.5,true,true
Loyola Marymount::wrightskyler,"Wright, Skyler",Loyola Marymount,West Coast,2026,14,4,188,0,0,3,2,0,0.0,false,0,0.788,0.3742,1695,61.7,true,true
George Washington::sosamiguel,"Sosa, Miguel",George Washington,Atlantic 10,2026,26,2,64,0,1,0,0,0,0.0,false,0,0.787,0.4643,1393,78.6,false,true
Tulsa::mezaschristian,"Mezas, Christian",Tulsa,American,2026,2,4,205,0,0,4,2,0,0.0,false,0,0.786,0.3643,1486,59.1,true,true
Central Connecticut State::wilkinsonbenmartin,"Wilkinson, Ben-Martin",Central Connecticut State,Other / Non-D1,2026,9,1,60,1,0,2,1,0,0.0,false,0,0.781,0.4669,1233,78.8,false,false
Belmont University::johnelijah,"John, Elijah",Belmont University,Missouri Valley,2026,23,3,218,1,0,2,1,0,0.0,false,0,0.780,0.3564,1330,57,true,true
Life Pacific::pitallacruzjesus,"Pitalla-Cruz, Jesus",Life Pacific,Other / Non-D1,2026,10,1,85,0,1,1,0,0,0.0,false,0,0.779,0.4448,1455,76.2,false,false
DePaul::clagettejordan,"Clagette, Jordan",DePaul,Big East,2026,22,3,75,0,1,2,0,0,0.0,false,0,0.777,0.4530,1416,77.1,false,true
North Carolina::loebusnico,"Loebus, Nico",North Carolina,ACC,2026,8,3,270,0,1,0,0,0,0.0,false,0,0.777,0.3302,1608,49.1,true,true
Air Force::andersonhunter,"Anderson, Hunter",Air Force,Mountain West,2026,1,3,270,0,0,0,0,7,2.0,true,2,0.777,0.3302,1418,49,true,true
Central Connecticut State::canellasdiego,"Canellas, Diego",Central Connecticut State,Other / Non-D1,2026,15,1,30,0,1,1,1,0,0.0,false,0,0.777,0.4953,1233,82.4,false,false
Coastal Carolina::valdimarssonrobert,"Valdimarsson, Robert",Coastal Carolina,Sun Belt,2026,23,3,103,1,0,1,1,0,0.0,false,0,0.773,0.4294,1523,73.1,true,true
Howard::simmonszach,"Simmons, Zach",Howard,NEC,2026,16,3,172,0,0,3,3,0,0.0,false,0,0.773,0.3817,1531,62.9,true,true
Saint Louis::dimariajack,"DiMaria, Jack",Saint Louis,Atlantic 10,2026,10,3,196,0,0,3,2,0,0.0,false,0,0.773,0.3675,1671,59.9,true,true
Georgia State::marchisenfinn,"Marchisen, Finn",Georgia State,Sun Belt,2026,30,3,180,0,0,0,0,5,1.0,true,1,0.770,0.3765,1372,62.2,true,true
Boston University::diblasioandrea,"Di Blasio, Andrea",Boston University,Patriot,2026,7,3,206,0,0,4,2,0,0.0,false,0,0.769,0.3614,1583,58.4,true,true
Saint Joseph's::clairconor,"Clair, Conor",Saint Joseph's,Atlantic 10,2026,8,3,190,0,0,9,2,0,0.0,false,0,0.769,0.3704,1255,60.8,true,true
Air Force::zaalogan,"Zaa, Logan",Air Force,Mountain West,2026,10,3,159,0,0,5,2,0,0.0,false,0,0.768,0.3891,1418,64.9,true,true
Grand Canyon::gonalinhojoo,"Gonçalinho, João",Grand Canyon,Mountain West,2026,6,3,220,0,1,2,0,0,0.0,false,0,0.767,0.3536,1528,56.3,true,true
Rhode Island::martincollin,"Martin, Collin",Rhode Island,Atlantic 10,2026,2,3,67,0,0,2,2,0,0.0,false,0,0.766,0.4580,1432,77.6,false,true
Virginia::tandjigorabacary,"Tandjigora, Bacary",Virginia,ACC,2026,17,4,351,0,0,3,2,0,0.0,false,0,0.765,0.2955,1616,33.8,true,true
Creighton::deppeaaron,"Deppe, Aaron",Creighton,Big East,2026,14,4,127,0,1,0,0,0,0.0,false,0,0.764,0.4101,1554,69.2,true,true
CSUN::blevinsmichael,"Blevins, Michael",CSUN,Other / Non-D1,2026,9,2,50,0,0,4,2,0,0.0,false,0,0.763,0.4731,1473,79.9,false,false
La Salle::tmteam,"TM 
                                            TEAM",La Salle,Atlantic 10,2026,TM,1,0,1,0,0,0,0,0.0,false,0,0.763,0.5255,1263,85.5,false,true
La Salle::tamenemmanuel,"Tamen, Emmanuel",La Salle,Atlantic 10,2026,35,3,94,1,0,1,1,0,0.0,false,0,0.763,0.4347,1433,74.2,true,true
UTRGV::gorebiemmanuel,"Gore Bi, Emmanuel",UTRGV,Ohio Valley,2026,4,2,179,1,0,1,1,0,0.0,false,0,0.763,0.3760,1367,62.1,true,true
Brown::pfaffmanmax,"Pfaffman, Max",Brown,Ivy,2026,1,1,90,0,0,0,0,3,0.0,true,1,0.762,0.4378,1303,75,false,true
West Florida::thorsenmiller,"Thorsen, Miller",West Florida,Other / Non-D1,2026,26,2,32,0,1,0,0,0,0.0,false,0,0.761,0.4904,1419,81.7,false,false
Creighton::ferruzzidiego,"Ferruzzi, Diego",Creighton,Big East,2026,13,4,97,0,1,0,0,0,0.0,false,0,0.760,0.4320,1554,73.7,true,true
Creighton::narazakitoraji,"Narazaki, Toraji",Creighton,Big East,2026,17,4,89,0,1,0,0,0,0.0,false,0,0.760,0.4384,1554,75,false,true
Liberty::vandenbergfinn,"van den Berg, Finn",Liberty,Southern,2026,4,3,188,0,1,0,0,0,0.0,false,0,0.759,0.3701,1579,60.6,true,true
Liberty::kopkehugo,"Kopke, Hugo",Liberty,Southern,2026,23,3,124,0,1,0,0,0,0.0,false,0,0.759,0.4114,1579,69.4,true,true
FGCU::santanamarco,"Santana, Marco",FGCU,ASUN,2026,4,3,208,0,1,0,0,0,0.0,false,0,0.757,0.3587,1519,57.6,true,true
California Baptist::hardindrew,"Hardin, Drew",California Baptist,Pac-12,2026,10,2,37,0,1,0,0,0,0.0,false,0,0.757,0.4846,1617,81.1,false,true
Waynesburg University::norrissam,"Norris, Sam",Waynesburg University,Other / Non-D1,2026,19,1,67,0,1,1,0,0,0.0,false,0,0.757,0.4564,1428,77.4,false,false
Mercer::bannistereli,"Bannister, Eli",Mercer,Southern,2026,2,4,344,0,0,4,2,0,0.0,false,0,0.756,0.2971,1548,34.7,true,true
Quinnipiac::dasilvazachary,"DaSilva, Zachary",Quinnipiac,Metro,2026,11,3,90,0,0,4,2,0,0.0,false,0,0.755,0.4367,1551,74.7,false,true
West Virginia::cormieraurlien,"Cormier, Aurélien",West Virginia,Sun Belt,2026,3,3,270,0,1,0,0,0,0.0,false,0,0.755,0.3275,1632,48.5,true,true
Dayton::bonhammiles,"Bonham, Miles",Dayton,Atlantic 10,2026,17,4,360,0,0,4,2,0,0.0,false,0,0.754,0.2910,1507,31.5,true,true
Marshall::holmesryan,"Holmes, Ryan",Marshall,Sun Belt,2026,5,1,90,0,1,1,0,0,0.0,false,0,0.753,0.4364,1423,74.6,false,true
Marshall::pakhomovnikita,"Pakhomov, Nikita",Marshall,Sun Belt,2026,8,2,109,0,1,1,0,0,0.0,false,0,0.753,0.4215,1518,71.7,true,true
Kansas City::outmanbryce,"Outman, Bryce",Kansas City,Summit,2026,7,3,192,0,0,4,2,0,0.0,false,0,0.753,0.3670,1495,59.8,true,true
Oral Roberts::morganbenjamin,"Morgan, Benjamin",Oral Roberts,Summit,2026,7,4,165,0,1,0,0,0,0.0,false,0,0.752,0.3830,1483,63.2,true,true
Oral Roberts::jonessamuel,"Jones, Samuel",Oral Roberts,Summit,2026,17,3,165,0,1,0,0,0,0.0,false,0,0.752,0.3830,1489,63.2,true,true
San Diego::salcedomatteo,"Salcedo, Matteo",San Diego,West Coast,2026,14,2,64,0,1,1,0,0,0.0,false,0,0.752,0.4582,1666,77.7,false,true
San Diego::favaluca,"Fava, Luca",San Diego,West Coast,2026,24,3,216,0,1,1,0,0,0.0,false,0,0.752,0.3536,1725,56.3,true,true
Manhattan::mascarellpau,"Mascarell, Pau",Manhattan,Metro,2026,11,2,118,0,1,2,1,0,0.0,false,0,0.752,0.4146,1225,70.3,true,true
Bellarmine::skorupandavid,"Skorupan, David",Bellarmine,ASUN,2026,16,3,89,0,1,1,0,0,0.0,false,0,0.751,0.4368,1497,74.8,false,true
Omaha::foremanlucas,"Foreman, Lucas",Omaha,Summit,2026,4,3,263,0,1,2,0,0,0.0,false,0,0.751,0.3302,1348,49,true,true
William & Mary::burneydamen,"Burney, Damen",William & Mary,CAA,2026,3,4,19,1,0,1,1,0,0.0,false,0,0.750,0.5017,1395,83,false,true
Butler::moranfinn,"Moran, Finn",Butler,Big East,2026,20,4,180,0,1,0,0,0,0.0,false,0,0.749,0.3735,1510,61.5,true,true
Kansas City::goschbryson,"Gosch, Bryson",Kansas City,Summit,2026,5,3,261,0,1,1,0,0,0.0,false,0,0.749,0.3309,1495,49.3,true,true
UMass Lowell::agyaredansoethan,"Agyare-Danso, Ethan",UMass Lowell,America East,2026,99,3,139,1,0,2,1,0,0.0,false,0,0.747,0.3991,1310,67,true,true
Siena::osarobruno,"Osaro, Bruno",Siena,Metro,2026,16,3,110,0,0,4,2,0,0.0,false,0,0.746,0.4197,1429,71.4,true,true
Lafayette::biegonroy,"Biegon, Roy",Lafayette,Patriot,2026,29,2,150,0,0,3,2,0,0.0,false,0,0.746,0.3916,1572,65.3,true,true
Bradley::chesterconnor,"Chester, Connor",Bradley,Other / Non-D1,2026,20,3,136,0,1,2,0,0,0.0,false,0,0.744,0.4007,1379,67.2,true,false
Holy Cross::rosatoadric,"Rosato, Adric",Holy Cross,Other / Non-D1,2026,2,2,71,0,1,1,0,0,0.0,false,0,0.743,0.4506,1415,76.8,false,false
Villanova::margitajoseph,"Margita, Joseph",Villanova,Big East,2026,21,3,126,0,1,3,0,0,0.0,false,0,0.742,0.4074,1449,68.8,true,true
Saint Mary's::gutierreztate,"Gutierrez, Tate",Saint Mary's,West Coast,2026,18,3,197,0,0,3,2,0,0.0,false,0,0.742,0.3627,1536,58.7,true,true
Wake Forest::reidjoby,"Reid, Joby",Wake Forest,ACC,2026,14,4,217,0,0,4,2,0,0.0,false,0,0.742,0.3518,1593,55.7,true,true
Radford::sellatigabriele,"Sellati, Gabriele",Radford,Big South,2026,6,2,67,0,1,0,0,0,0.0,false,0,0.740,0.4535,1400,77.1,false,true
UC Santa Barbara::siebenlistzac,"Siebenlist, Zac",UC Santa Barbara,Big West,2026,33,3,140,0,0,2,2,0,0.0,false,0,0.739,0.3973,1613,66.5,true,true
Saint Joseph's::myrickrob,"Myrick, Rob",Saint Joseph's,Atlantic 10,2026,6,3,270,1,0,2,1,0,0.0,false,0,0.738,0.3254,1255,48,true,true
George Washington::poolejake,"Poole, Jake",George Washington,Atlantic 10,2026,12,3,270,1,0,1,1,0,0.0,false,0,0.736,0.3251,1426,47.8,true,true
NJIT::grenharodrigo,"Grenha, Rodrigo",NJIT,America East,2026,3,2,120,0,0,3,2,0,0.0,false,0,0.734,0.4104,1481,69.3,true,true
Princeton::papezdash,"Papez, Dash",Princeton,Ivy,2026,23,2,180,0,1,0,0,0,0.0,false,0,0.731,0.3709,1610,61.2,true,true
Davidson College::maadirayman,"Maadir, Ayman",Davidson College,Atlantic 10,2026,3,2,156,0,0,3,2,0,0.0,false,0,0.730,0.3854,1538,64,true,true
Navy::gallowayalex,"Galloway, Alex",Navy,Patriot,2026,17,3,141,1,0,1,1,0,0.0,false,0,0.730,0.3951,1311,66.2,true,true
Navy::smithwill,"Smith, Will",Navy,Patriot,2026,22,2,35,1,0,1,1,0,0.0,false,0,0.730,0.4815,1261,80.8,false,true
American::parrareyes,"Parra, Reyes",American,Patriot,2026,10,3,180,0,0,2,2,0,0.0,false,0,0.728,0.3704,1708,60.7,true,true
UNC Asheville::saitokairi,"Saito, Kairi",UNC Asheville,Big South,2026,18,2,42,0,1,0,0,0,0.0,false,0,0.728,0.4743,1582,80,false,true
Robert Morris::eckersallmatthew,"Eckersall, Matthew",Robert Morris,Horizon,2026,6,4,70,0,1,1,1,0,0.0,false,0,0.725,0.4482,1330,76.8,false,true
Wright State::gottinggabe,"Gotting, Gabe",Wright State,Horizon,2026,8,4,119,0,1,0,0,0,0.0,false,0,0.724,0.4095,1399,69.2,true,true
Longwood::gramajobaltazar,"Gramajo, Baltazar",Longwood,Big South,2026,8,1,60,0,1,0,0,0,0.0,false,0,0.723,0.4568,1465,77.6,false,true
Cal State Fullerton::damatogianluca,"D'Amato, Gianluca",Cal State Fullerton,Big West,2026,21,2,76,0,0,2,2,0,0.0,false,0,0.722,0.4426,1665,75.9,false,true
Winthrop::lindstruplucas,"Lindstrup, Lucas",Winthrop,Big South,2026,8,2,130,1,0,1,1,0,0.0,false,0,0.721,0.4013,1391,67.4,true,true
Northern Illinois::omoregieosagie,"Omoregie, Osagie",Northern Illinois,Other / Non-D1,2026,18,4,303,0,0,4,2,0,0.0,false,0,0.721,0.3091,1451,41.9,true,false
UCLA::ciaurrizvictor,"Ciaurriz, Victor",UCLA,Big Ten,2026,4,3,270,0,0,8,1,0,0.0,false,0,0.721,0.3232,1643,47.6,true,true
Army::berardinicholas,"Berardi, Nicholas",Army,Patriot,2026,18,4,360,0,1,1,0,0,0.0,false,0,0.721,0.2873,1432,29.4,true,true
Dayton::gyauransford,"Gyau, Ransford",Dayton,Atlantic 10,2026,16,2,75,0,1,1,0,0,0.0,false,0,0.720,0.4431,1575,76,false,true
UCLA::tiltackryan,"Tiltack, Ryan",UCLA,Big Ten,2026,22,3,270,0,0,0,0,4,1.0,true,2,0.719,0.3230,1643,47.5,true,true
UMass Lowell::godboutgaronjustin,"Godbout-Garon, Justin",UMass Lowell,America East,2026,9,3,160,0,1,4,0,0,0.0,false,0,0.718,0.3812,1310,62.8,true,true
Marquette::hamlerclayton,"Hamler, Clayton",Marquette,Big East,2026,22,4,360,0,1,0,0,0,0.0,false,0,0.718,0.2871,1473,29.2,true,true
Northern Kentucky::pirachaibrahim,"Piracha, Ibrahim",Northern Kentucky,Horizon,2026,14,3,150,0,0,5,2,0,0.0,false,0,0.718,0.3875,1325,64.5,true,true
University of Evansville::shepherddevin,"Shepherd, Devin",University of Evansville,Missouri Valley,2026,2,3,242,0,0,4,2,0,0.0,false,0,0.717,0.3358,1612,50.8,true,true
Boston College::burkhardtjack,"Burkhardt, Jack",Boston College,ACC,2026,6,3,122,1,0,1,1,0,0.0,false,0,0.717,0.4063,1399,68.5,true,true
Stonehill College::brubakergriffith,"Brubaker, Griffith",Stonehill College,NEC,2026,21,2,112,0,1,0,0,0,0.0,false,0,0.716,0.4133,1330,69.7,true,true
FDU::calheiraryan,"Calheira, Ryan",FDU,Other / Non-D1,2026,11,3,65,0,1,0,0,0,0.0,false,0,0.715,0.4510,1335,76.9,false,false
Stonehill College::bilbieandrew,"Bilbie, Andrew",Stonehill College,NEC,2026,7,3,142,0,1,0,0,0,0.0,false,0,0.715,0.3922,1371,65.4,true,true
Penn State::buckleyjoseph,"Buckley, Joseph",Penn State,Big Ten,2026,22,2,97,0,0,3,3,0,0.0,false,0,0.715,0.4245,1460,72.2,true,true
SMU::harshawnick,"Harshaw, Nick",SMU,ACC,2026,15,3,82,0,1,0,0,0,0.0,false,0,0.715,0.4364,1572,74.6,false,true
Kansas City::bauchermathias,"Baucher, Mathias",Kansas City,Summit,2026,8,3,201,0,1,0,0,0,0.0,false,0,0.713,0.3565,1495,57,true,true
George Mason::eliudajames,"Eliuda, James",George Mason,Atlantic 10,2026,8,2,90,0,1,1,0,0,0.0,false,0,0.713,0.4297,1591,73.3,false,true
Memphis::stavrosdino,"Stavros, Dino",Memphis,American,2026,26,4,196,0,1,1,0,0,0.0,false,0,0.713,0.3591,1549,57.8,true,true
Omaha::guardierosimon,"Guardiero, Simon",Omaha,Summit,2026,22,2,83,1,0,1,1,0,0.0,false,0,0.712,0.4351,1288,74.3,false,true
Marist::verheulchris,"Verheul, Chris",Marist,Metro,2026,9,3,252,0,0,4,3,0,0.0,false,0,0.712,0.3303,1483,49.1,true,true
Drexel::diallomo,"Diallo, Mo",Drexel,CAA,2026,15,3,60,0,1,0,0,0,0.0,false,0,0.711,0.4546,1362,77.2,false,true
Pacific::lunaramirezerick,"Luna Ramirez, Erick",Pacific,West Coast,2026,14,4,127,0,1,1,0,0,0.0,false,0,0.711,0.4018,1489,67.6,true,true
St. Thomas::salamancalopezrodrigo,"Salamanca Lopez, Rodrigo",St. Thomas,Summit,2026,12,4,273,0,0,5,3,0,0.0,false,0,0.710,0.3206,1208,46.7,true,true
Iona::oboylebrayden,"O'Boyle, Brayden",Iona,Metro,2026,23,3,77,0,0,3,2,0,0.0,false,0,0.710,0.4398,1580,75.4,false,true
San Jose State::cookcameron,"Cook, Cameron",San Jose State,Mountain West,2026,8,2,133,0,1,0,0,0,0.0,false,0,0.710,0.3975,1507,66.6,true,true
SIUE::faupelanthony,"Faupel, Anthony",SIUE,Other / Non-D1,2026,23,3,151,0,0,2,2,0,0.0,false,0,0.710,0.3856,1675,64.1,true,false
Xavier::williamsbeckham,"Williams, Beckham",Xavier,Big East,2026,19,3,219,0,0,3,2,0,0.0,false,0,0.710,0.3464,1504,53.7,true,true
St. John's::boumsongcamron,"Boumsong, Camron",St. John's,Big East,2026,6,2,170,0,1,2,0,0,0.0,false,0,0.710,0.3737,1419,61.6,true,true
DePaul::selboronan,"Selbo, Ronan",DePaul,Big East,2026,4,4,329,0,1,2,0,0,0.0,false,0,0.707,0.2972,1429,34.8,true,true
CSU Bakersfield::haghighatarmon,"Haghighat, Armon",CSU Bakersfield,Other / Non-D1,2026,3,3,267,0,1,0,0,0,0.0,false,0,0.707,0.3229,1542,47.5,true,false
Marist::verheulgijs,"Verheul, Gijs",Marist,Metro,2026,4,3,262,0,0,5,2,0,0.0,false,0,0.707,0.3251,1483,47.9,true,true
Georgetown::godinhoaidan,"Godinho, Aidan",Georgetown,Big East,2026,6,4,246,0,0,2,2,0,0.0,false,0,0.706,0.3325,1661,50,true,true
UMBC::fabiyilangston,"Fabiyi, Langston",UMBC,America East,2026,7,2,54,0,0,7,2,0,0.0,false,0,0.706,0.4592,1286,77.9,false,true
Akron::mcguirenolan,"McGuire, Nolan",Akron,Big East,2026,2,3,270,0,0,3,2,0,0.0,false,0,0.705,0.3213,1581,47,true,true
FIU::gilleardsorianoalfonso,"Gilleard-Soriano, Alfonso",FIU,American,2026,5,3,185,0,0,3,2,0,0.0,false,0,0.705,0.3643,1618,59.1,true,true
UMBC::bahurabdi,"Bahur, Abdi",UMBC,America East,2026,11,2,112,0,1,3,0,0,0.0,false,0,0.705,0.4116,1286,69.5,true,true
Stonehill College::sohaljordan,"Sohal, Jordan",Stonehill College,NEC,2026,5,3,270,1,0,1,1,0,0.0,false,0,0.705,0.3213,1371,46.8,true,true
Northern Kentucky::borgmansilas,"Borgman, Silas",Northern Kentucky,Horizon,2026,8,2,110,1,0,2,1,0,0.0,false,0,0.704,0.4129,1257,69.6,true,true
West Virginia::walkersammie,"Walker, Sammie",West Virginia,Sun Belt,2026,27,3,116,0,0,3,2,0,0.0,false,0,0.703,0.4084,1632,69,true,true
Duquesne::hardyblaize,"Hardy, Blaize",Duquesne,Atlantic 10,2026,3,3,225,0,1,0,0,0,0.0,false,0,0.703,0.3424,1462,52.7,true,true
UNC Wilmington::robertsjake,"Roberts, Jake",UNC Wilmington,CAA,2026,29,3,270,0,0,3,2,0,0.0,false,0,0.701,0.3208,1589,46.7,true,true
Robert Morris::doyletraverscallum,"Doyle-Travers, Callum",Robert Morris,Horizon,2026,26,4,303,1,0,2,1,0,0.0,false,0,0.701,0.3067,1330,40.5,true,true
UMass Lowell::straubejonah,"Straube, Jonah",UMass Lowell,America East,2026,5,3,244,1,0,1,1,0,0.0,false,0,0.701,0.3327,1310,50.1,true,true
San Jose State::fernandezangel,"Fernandez, Angel",San Jose State,Mountain West,2026,7,3,270,0,0,3,2,0,0.0,false,0,0.699,0.3205,1541,46.5,true,true
Green Bay::nicholsonluke,"Nicholson, Luke",Green Bay,Other / Non-D1,2026,7,3,183,0,0,8,1,0,0.0,false,0,0.698,0.3644,1457,59.2,true,false
CSUN::garibayfrancisco,"Garibay, Francisco",CSUN,Other / Non-D1,2026,6,2,41,0,1,0,0,0,0.0,false,0,0.697,0.4696,1473,79.2,false,false
Northeastern::kapilarohin,"Kapila, Rohin",Northeastern,CAA,2026,2,3,264,0,1,1,0,0,0.0,false,0,0.693,0.3225,1370,47.4,true,true
Missouri State::veliciconicolae,"Velicico, Nicolae",Missouri State,American,2026,64,3,34,1,0,2,1,0,0.0,false,0,0.693,0.4756,1273,80.2,false,true
Vermont::liquorithaddeus,"Liquori, Thaddeus",Vermont,America East,2026,10,2,28,0,1,0,0,0,0.0,false,0,0.693,0.4816,1470,80.9,false,true
Wofford::hernandezmikey,"Hernandez, Mikey",Wofford,Southern,2026,23,2,180,0,1,1,0,0,0.0,false,0,0.692,0.3653,1534,59.4,true,true
Saint Mary's::seemullerbrett,"Seemuller, Brett",Saint Mary's,West Coast,2026,31,4,148,0,0,3,2,0,0.0,false,0,0.692,0.3848,1485,63.9,true,true
San Diego::findlayjaxson,"Findlay, Jaxson",San Diego,West Coast,2026,16,3,47,0,1,0,0,0,0.0,false,0,0.691,0.4629,1725,78.3,false,true
UC Davis::horiodeclan,"Horio, Declan",UC Davis,Mountain West,2026,6,2,65,0,1,2,0,0,0.0,false,0,0.691,0.4467,1294,76.5,false,true
Wright State::dunawaynick,"Dunaway, Nick",Wright State,Horizon,2026,27,4,59,1,0,1,1,0,0.0,false,0,0.690,0.4519,1399,77,false,true
Hofstra::rubenaxel,"Ruben, Axel",Hofstra,CAA,2026,24,2,72,0,0,3,2,0,0.0,false,0,0.690,0.4405,1509,75.5,false,true
Oral Roberts::mesidorjeff,"Mesidor, Jeff",Oral Roberts,Summit,2026,22,4,288,0,0,3,2,0,0.0,false,0,0.689,0.3115,1483,43.3,true,true
Elon::mertschhenry,"Mertsch, Henry",Elon,Other / Non-D1,2026,17,1,9,0,1,1,1,0,0.0,false,0,0.689,0.5008,1149,82.9,false,false
Boston University::harperanthony,"Harper, Anthony",Boston University,Patriot,2026,18,3,256,0,1,0,0,0,0.0,false,0,0.689,0.3255,1583,48.1,true,true
Kansas City::millerjrbrice,"Miller Jr., Brice",Kansas City,Summit,2026,29,3,95,0,1,0,0,0,0.0,false,0,0.689,0.4217,1495,71.8,true,true
Drexel::ketbacheaamir,"Ketbache, Aamir",Drexel,CAA,2026,4,3,180,0,1,2,0,0,0.0,false,0,0.688,0.3647,1362,59.2,true,true
Bradley::bormanisdavis,"Bormanis, Davis",Bradley,Other / Non-D1,2026,3,3,263,0,1,1,0,0,0.0,false,0,0.687,0.3222,1379,47.3,true,false
Holy Cross::jakesmckayjude,"Jakes-McKay, Jude",Holy Cross,Other / Non-D1,2026,10,2,105,0,0,4,2,0,0.0,false,0,0.687,0.4139,1415,70,true,false
Tulsa::membrilaaimar,"Membrila, Aimar",Tulsa,American,2026,21,4,103,0,1,1,0,0,0.0,false,0,0.687,0.4153,1486,70.4,true,true
Monmouth::anderssonvictor,"Andersson, Victor",Monmouth,CAA,2026,9,2,105,0,0,3,2,0,0.0,false,0,0.687,0.4138,1501,70,true,true
Quinnipiac::baroneremy,"Barone, Remy",Quinnipiac,Metro,2026,22,3,241,0,0,6,1,0,0.0,false,0,0.686,0.3322,1551,49.8,true,true
Saint Joseph's::mazzottamatteo,"Mazzotta, Matteo",Saint Joseph's,Atlantic 10,2026,16,3,140,0,0,6,2,0,0.0,false,0,0.684,0.3889,1255,64.8,true,true
West Florida::hunnicuttkyle,"Hunnicutt, Kyle",West Florida,Other / Non-D1,2026,13,2,96,0,0,3,2,0,0.0,false,0,0.683,0.4200,1419,71.5,true,false
George Mason::mamboyannick,"Mambo, Yannick",George Mason,Atlantic 10,2026,26,2,42,0,1,1,0,0,0.0,false,0,0.679,0.4655,1591,78.8,false,true
Eastern Illinois::montoyasantiago,"Montoya, Santiago",Eastern Illinois,Ohio Valley,2026,5,3,216,0,1,0,0,0,0.0,false,0,0.679,0.3438,1337,52.9,true,true
Providence::teixeiravasco,"Teixeira, Vasco",Providence,Big East,2026,23,4,358,0,0,3,2,0,0.0,false,0,0.678,0.2833,1452,26.6,true,true
Eastern Illinois::damicomiguel,"D'Amico, Miguel",Eastern Illinois,Ohio Valley,2026,4,3,185,0,1,0,0,0,0.0,false,0,0.677,0.3603,1337,58.1,true,true
CSU Bakersfield::knightonjustin,"Knighton, Justin",CSU Bakersfield,Other / Non-D1,2026,12,3,164,0,0,4,2,0,0.0,false,0,0.677,0.3726,1542,61.5,true,false
Stanford::kikuchiyujin,"Kikuchi, Yujin",Stanford,ACC,2026,22,4,185,0,0,5,1,0,0.0,false,0,0.674,0.3598,1693,58,true,true
Green Bay::mouanathan,"Moua, Nathan",Green Bay,Other / Non-D1,2026,11,3,156,0,1,0,0,0,0.0,false,0,0.673,0.3770,1457,62.3,true,false
Louisville::deblasisnoah,"De Blasis, Noah",Louisville,ACC,2026,4,4,360,0,1,0,0,0,0.0,false,0,0.673,0.2820,1535,25.8,true,true
Georgia Southern::chapmansamuel,"Chapman, Samuel",Georgia Southern,Sun Belt,2026,3,3,146,0,1,0,0,0,0.0,false,0,0.672,0.3831,1453,63.2,true,true
St. John's::nagaivar,"Nå Aga, Ivar",St. John's,Big East,2026,12,2,180,0,1,1,0,0,0.0,false,0,0.672,0.3624,1419,58.7,true,true
West Florida::gentilandrey,"Gentil, Andrey",West Florida,Other / Non-D1,2026,6,4,304,0,1,0,0,0,0.0,false,0,0.671,0.3028,1416,38,true,false
Lindenwood::rowsantiago,"Row, Santiago",Lindenwood,Ohio Valley,2026,6,3,218,0,1,2,0,0,0.0,false,0,0.670,0.3416,1264,52.3,true,true
UNLV::lemoshugo,"Lemos, Hugo",UNLV,Mountain West,2026,1,3,270,0,1,0,0,0,0.0,false,0,0.670,0.3168,1542,45.2,true,true
UC Davis::banksnami,"Banks, Nami",UC Davis,Mountain West,2026,21,4,350,0,0,5,2,0,0.0,false,0,0.668,0.2850,1517,27.7,true,true
Quinnipiac::monteserinandrew,"Monteserin, Andrew",Quinnipiac,Metro,2026,20,3,3,0,1,0,0,0,0.0,false,0,0.666,0.5029,1551,83.1,false,true
San Francisco::krausewilliam,"Krause, William",San Francisco,West Coast,2026,13,3,90,0,0,0,0,6,2.0,true,1,0.664,0.4216,1682,71.8,false,true
Delaware::jonesluke,"Jones, Luke",Delaware,Summit,2026,18,3,139,0,1,3,0,0,0.0,false,0,0.664,0.3865,1424,64.3,true,true
Grand Canyon::vazquezraul,"Vazquez, Raul",Grand Canyon,Mountain West,2026,2,3,190,0,0,2,2,0,0.0,false,0,0.664,0.3556,1528,56.9,true,true
Bowling Green::ramirezdiego,"Ramirez, Diego",Bowling Green,Other / Non-D1,2026,20,4,163,0,1,2,0,0,0.0,false,0,0.663,0.3712,1407,61.2,true,false
Missouri State::boavidajoo,"Boavida, João",Missouri State,American,2026,27,3,11,0,0,3,3,0,0.0,false,0,0.662,0.4934,1273,82.2,false,true
Utah Tech::williamsmitch,"Williams, Mitch",Utah Tech,Mountain West,2026,22,1,51,0,1,1,0,0,0.0,false,0,0.661,0.4537,1310,77.1,false,true
Stanford::schneblyrowan,"Schnebly, Rowan",Stanford,ACC,2026,1,4,360,0,0,0,0,6,2.0,true,3,0.660,0.2805,1693,25.2,true,true
Air Force::brophyben,"Brophy, Ben",Air Force,Mountain West,2026,20,3,108,0,0,3,2,0,0.0,false,0,0.660,0.4072,1418,68.8,true,true
Charleston::walkerhogan,"Walker, Hogan",Charleston,CAA,2026,18,3,203,0,1,0,0,0,0.0,false,0,0.659,0.3478,1467,54.1,true,true
Charleston::boerhenrik,"Boer, Henrik",Charleston,CAA,2026,21,3,204,0,1,0,0,0,0.0,false,0,0.659,0.3473,1467,54,true,true
Western Illinois::beltranalexis,"Beltran, Alexis",Western Illinois,Ohio Valley,2026,27,2,9,0,1,1,0,0,0.0,false,0,0.658,0.4947,1320,82.4,false,true
Georgia State::burrelljackson,"Burrell, Jackson",Georgia State,Sun Belt,2026,33,2,90,0,0,0,0,2,0.0,true,1,0.658,0.4205,1449,71.6,false,true
Butler::ellisanden,"Ellis, Anden",Butler,Big East,2026,22,4,230,0,0,4,2,0,0.0,false,0,0.657,0.3339,1510,50.4,true,true
Boston College::vastictin,"Vastic, Tin",Boston College,ACC,2026,70,3,56,0,1,2,0,0,0.0,false,0,0.656,0.4485,1399,76.8,false,true
Army::guestgunnar,"Guest, Gunnar",Army,Patriot,2026,15,4,360,1,0,1,1,0,0.0,false,0,0.656,0.2801,1432,24.9,true,true
CSU Bakersfield::chambersjackson,"Chambers, Jackson",CSU Bakersfield,Other / Non-D1,2026,5,3,270,0,1,0,0,0,0.0,false,0,0.654,0.3149,1542,44.5,true,false
Portland::akintobiayo,"Akintobi, Ayo",Portland,West Coast,2026,2,3,173,0,0,4,1,0,0.0,false,0,0.651,0.3634,1772,59,true,true
DePaul::jorgensonkai,"Jorgenson, Kai",DePaul,Big East,2026,29,4,73,0,1,1,0,0,0.0,false,0,0.651,0.4329,1429,73.9,false,true
Presbyterian::burkeaiden,"Burke, Aiden",Presbyterian,Big South,2026,34,4,175,0,1,3,0,0,0.0,false,0,0.650,0.3622,1280,58.6,true,true
Yale::adjakplesimon,"Adjakple, Simon",Yale,Ivy,2026,23,2,94,0,1,0,0,0,0.0,false,0,0.650,0.4161,1420,70.6,true,true
DePaul::goddenscott,"Godden, Scott",DePaul,Big East,2026,3,4,318,0,1,0,0,0,0.0,false,0,0.648,0.2945,1429,33.4,true,true
Omaha::htehjeremiah,"Hteh, Jeremiah",Omaha,Summit,2026,23,1,7,0,1,0,0,0,0.0,false,0,0.647,0.4947,1363,82.4,false,true
Missouri State::rosatimarco,"Rosati, Marco",Missouri State,American,2026,20,3,232,0,0,4,3,0,0.0,false,0,0.647,0.3315,1273,49.5,true,true
Liberty::saloroope,"Salo, Roope",Liberty,Southern,2026,20,3,199,0,0,3,2,0,0.0,false,0,0.647,0.3483,1579,54.3,true,true
Eastern Illinois::hanelbernardo,"Hanel, Bernardo",Eastern Illinois,Ohio Valley,2026,22,3,86,0,1,2,0,0,0.0,false,0,0.647,0.4217,1337,71.8,false,true
Queens::erazoiker,"Erazo, Iker",Queens,ASUN,2026,21,2,137,0,0,4,2,0,0.0,false,0,0.647,0.3851,1352,63.9,true,true
Queens::resendeenzo,"Resende, Enzo",Queens,ASUN,2026,25,3,158,0,0,4,2,0,0.0,false,0,0.647,0.3718,1505,61.4,true,true
Penn State::marshallmorgan,"Marshall, Morgan",Penn State,Big Ten,2026,14,3,148,0,0,3,2,0,0.0,false,0,0.645,0.3778,1523,62.5,true,true
Michigan::davisdylan,"Davis, Dylan",Michigan,Big Ten,2026,27,3,111,0,1,1,0,0,0.0,false,0,0.645,0.4027,1374,67.8,true,true
Penn State::mcnishsheridan,"McNish, Sheridan",Penn State,Big Ten,2026,16,3,253,0,0,3,2,0,0.0,false,0,0.645,0.3214,1523,47,true,true
Virginia::mercenariemiliano,"Mercenari, Emiliano",Virginia,ACC,2026,27,2,81,0,0,3,2,0,0.0,false,0,0.645,0.4254,1436,72.6,false,true
Cal State Fullerton::bjorkmanbenjamin,"Bjorkman, Benjamin",Cal State Fullerton,Big West,2026,6,3,118,0,0,2,2,0,0.0,false,0,0.644,0.3976,1614,66.6,true,true
Wisconsin::smithwill,"Smith, Will",Wisconsin,Big Ten,2026,23,4,344,0,1,0,0,0,0.0,false,0,0.643,0.2843,1482,27.1,true,true
Gardner-Webb::wengoliver,"Weng, Oliver",Gardner-Webb,Big South,2026,1,2,180,0,0,0,0,6,2.0,true,2,0.643,0.3583,1497,57.5,true,true
Indiana::matthewsalex,"Matthews, Alex",Indiana,Big Ten,2026,6,4,270,0,1,0,0,0,0.0,false,0,0.642,0.3134,1524,44,true,true
Loyola Chicago::ionitamaxwell,"Ionita, Maxwell",Loyola Chicago,Atlantic 10,2026,0,4,360,0,1,0,0,0,0.0,false,0,0.642,0.2786,1401,24.2,true,true
Memphis::baderkeanan,"Bader, Keanan",Memphis,American,2026,11,4,273,0,0,5,1,0,0.0,false,0,0.639,0.3117,1549,43.4,true,true
Navy::clarksam,"Clark, Sam",Navy,Patriot,2026,1,3,198,0,0,0,0,7,2.4,true,2,0.638,0.3477,1333,54,true,true
NC State::muozadri,"Muñoz, Adrià",NC State,ACC,2026,22,4,52,0,1,0,0,0,0.0,false,0,0.638,0.4487,1485,76.8,false,true
William & Mary::kochellalex,"Kochell, Alex",William & Mary,CAA,2026,4,4,87,0,1,1,0,0,0.0,false,0,0.637,0.4194,1395,71.3,false,true
Furman::johnsoncaleb,"Johnson, Caleb",Furman,Southern,2026,11,4,186,0,0,5,1,0,0.0,false,0,0.637,0.3541,1584,56.4,true,true
Saint Mary's::shafiecyrus,"Shafie, Cyrus",Saint Mary's,West Coast,2026,19,4,140,0,0,3,2,0,0.0,false,0,0.636,0.3815,1485,62.9,true,true
Iona::romanjaime,"Roman, Jaime",Iona,Metro,2026,24,3,231,0,0,2,2,0,0.0,false,0,0.635,0.3305,1580,49.2,true,true
Georgia State::grahambrandon,"Graham, Brandon",Georgia State,Sun Belt,2026,16,3,82,0,0,3,2,0,0.0,false,0,0.635,0.4230,1372,72,false,true
Monmouth::tanseybrendan,"Tansey, Brendan",Monmouth,CAA,2026,19,2,84,0,0,6,1,0,0.0,false,0,0.634,0.4211,1501,71.7,false,true
San Francisco::norrisben,"Norris, Ben",San Francisco,West Coast,2026,8,4,320,0,0,8,0,0,0.0,false,0,0.633,0.2920,1693,32.1,true,true
Green Bay::ariasjustin,"Arias, Justin",Green Bay,Other / Non-D1,2026,21,3,159,0,0,3,2,0,0.0,false,0,0.632,0.3690,1457,60.3,true,false
Bradley::saladinstephen,"Saladin, Stephen",Bradley,Other / Non-D1,2026,7,1,51,0,1,0,0,0,0.0,false,0,0.632,0.4485,1342,76.8,false,false
Utah Tech::vazquezdiego,"Vazquez, Diego",Utah Tech,Mountain West,2026,19,3,131,0,0,5,2,0,0.0,false,0,0.632,0.3867,1367,64.3,true,true
San Diego State::bowersbrecken,"Bowers, Brecken",San Diego State,Pac-12,2026,25,4,165,0,1,2,0,0,0.0,false,0,0.631,0.3653,1369,59.4,true,true
Coastal Carolina::murphysammy,"Murphy, Sammy",Coastal Carolina,Sun Belt,2026,7,3,189,0,1,1,0,0,0.0,false,0,0.631,0.3515,1523,55.6,true,true
Vermont::tsangjeremy,"Tsang, Jeremy",Vermont,America East,2026,31,3,78,0,0,2,2,0,0.0,false,0,0.630,0.4253,1544,72.5,false,true
Seton Hall::brysiakhubert,"Brysiak, Hubert",Seton Hall,Big East,2026,2,3,226,0,0,2,2,0,0.0,false,0,0.629,0.3321,1580,49.6,true,true
Longwood::serraldeezrah,"Serralde, Ezrah",Longwood,Big South,2026,7,2,104,0,1,1,0,0,0.0,false,0,0.629,0.4052,1360,68.2,true,true
Holy Cross::yeboahderek,"Yeboah, Derek",Holy Cross,Other / Non-D1,2026,15,2,92,0,0,3,2,0,0.0,false,0,0.627,0.4139,1415,70,true,false
Howard::kabandaniil,"Kaban, Daniil",Howard,NEC,2026,33,3,255,0,0,5,1,0,0.0,false,0,0.626,0.3181,1531,45.7,true,true
Wisconsin::micheljudewellin,"Michel, Judewellin",Wisconsin,Big Ten,2026,31,4,360,0,0,0,0,4,1.0,true,3,0.626,0.2768,1482,23.2,true,true
Cleveland State::carusomassimo,"Caruso, Massimo",Cleveland State,Horizon,2026,16,2,180,0,1,1,0,0,0.0,false,0,0.626,0.3559,1391,56.9,true,true
Clemson::markovicmateja,"Markovic, Mateja",Clemson,ACC,2026,20,1,43,0,1,0,0,0,0.0,false,0,0.626,0.4547,1334,77.2,false,true
George Mason::serenomartim,"Sereno, Martim",George Mason,Atlantic 10,2026,28,2,58,0,1,0,0,0,0.0,false,0,0.625,0.4411,1591,75.5,false,true
UMass Lowell::kailaysaihaj,"Kailay, Saihaj",UMass Lowell,America East,2026,16,3,242,0,1,0,0,0,0.0,false,0,0.624,0.3237,1310,47.6,true,true
Bucknell::krumovdavid,"Krumov, David",Bucknell,Patriot,2026,15,3,185,0,0,4,1,0,0.0,false,0,0.624,0.3527,1620,56.1,true,true
Drake::mendezjonathan,"Mendez, Jonathan",Drake,Missouri Valley,2026,22,4,162,0,0,7,1,0,0.0,false,0,0.622,0.3658,1437,59.5,true,true
Lindenwood::hudsoncallum,"Hudson, Callum",Lindenwood,Ohio Valley,2026,5,4,169,0,1,1,0,0,0.0,false,0,0.622,0.3617,1189,58.5,true,true
La Salle::danieljonathan,"Daniel, Jonathan",La Salle,Atlantic 10,2026,15,1,19,0,1,1,0,0,0.0,false,0,0.622,0.4773,1263,80.4,false,true
Saint Mary's::abebesurafel,"Abebe, Surafel",Saint Mary's,West Coast,2026,4,4,345,0,1,0,0,0,0.0,false,0,0.621,0.2815,1485,25.6,true,true
UNC Wilmington::keaycameron,"Keay, Cameron",UNC Wilmington,CAA,2026,9,3,117,0,0,6,1,0,0.0,false,0,0.621,0.3947,1589,66,true,true
Western Illinois::morraandrea,"Morra, Andrea",Western Illinois,Ohio Valley,2026,18,3,144,0,1,1,0,0,0.0,false,0,0.620,0.3766,1300,62.2,true,true
Lindenwood::adoboemiguel,"Adoboe, Miguel",Lindenwood,Ohio Valley,2026,8,2,76,0,1,1,0,0,0.0,false,0,0.620,0.4252,1246,72.5,false,true
St. John's::gonzalezander,"Gonzalez, Ander",St. John's,Big East,2026,10,2,132,0,0,4,2,0,0.0,false,0,0.620,0.3842,1419,63.6,true,true
Drexel::parkleon,"Park, Leon",Drexel,CAA,2026,22,3,255,0,0,7,1,0,0.0,false,0,0.619,0.3171,1362,45.3,true,true
Ohio State::arnesenwill,"Arnesen, Will",Ohio State,Big Ten,2026,7,3,123,0,0,5,1,0,0.0,false,0,0.618,0.3900,1503,65.1,true,true
UMass Lowell::musielaklinus,"Musielak, Linus",UMass Lowell,America East,2026,7,3,153,0,1,2,0,0,0.0,false,0,0.618,0.3706,1310,60.9,true,true
Delaware::schroederjan,"Schroeder, Jan",Delaware,Summit,2026,3,3,160,0,0,2,2,0,0.0,false,0,0.618,0.3663,1424,59.6,true,true
Gonzaga::farrelljackson,"Farrell, Jackson",Gonzaga,Pac-12,2026,27,4,56,0,1,1,0,0,0.0,false,0,0.617,0.4414,1485,75.6,false,true
New Hampshire::pulkkinenmikael,"Pulkkinen, Mikael",New Hampshire,America East,2026,5,3,103,0,0,3,2,0,0.0,false,0,0.615,0.4036,1592,68,true,true
Merrimack College::vallocchianicolo,"Vallocchia, Nicolo",Merrimack College,Metro,2026,10,3,249,0,1,1,0,0,0.0,false,0,0.614,0.3192,1363,46.1,true,true
Drake::schragecole,"Schrage, Cole",Drake,Missouri Valley,2026,3,4,289,0,1,0,0,0,0.0,false,0,0.614,0.3019,1437,37.5,true,true
Radford::gaisfordowen,"Gaisford, Owen",Radford,Big South,2026,21,2,113,0,0,3,2,0,0.0,false,0,0.611,0.3958,1400,66.3,true,true
Gonzaga::dalhartisaac,"Dalhart, Isaac",Gonzaga,Pac-12,2026,15,4,196,0,1,0,0,0,0.0,false,0,0.611,0.3449,1485,53.1,true,true
Belmont University::arandaemmanuel,"Aranda, Emmanuel",Belmont University,Missouri Valley,2026,25,3,58,0,1,1,0,0,0.0,false,0,0.611,0.4386,1330,75.1,false,true
ETSU::carrillojaime,"Carrillo, Jaime",ETSU,Southern,2026,10,2,159,0,0,4,1,0,0.0,false,0,0.610,0.3658,1567,59.5,true,true
Adrian College::kerbawycarter,"Kerbawy, Carter",Adrian College,Other / Non-D1,2026,29,1,46,0,1,0,0,0,0.0,false,0,0.610,0.4491,1313,76.8,false,false
Pittsburgh::thorsenalbert,"Thorsen, Albert",Pittsburgh,ACC,2026,9,3,179,0,0,2,2,0,0.0,false,0,0.610,0.3542,1590,56.4,true,true
Radford::paigebryce,"Paige, Bryce",Radford,Big South,2026,3,2,74,0,1,0,0,0,0.0,false,0,0.609,0.4250,1400,72.5,false,true
UMBC::shvartshteinshawn,"Shvartshtein, Shawn",UMBC,America East,2026,16,2,72,0,1,1,0,0,0.0,false,0,0.607,0.4263,1286,72.7,false,true
Maryland::ndrenikaalbi,"Ndrenika, Albi",Maryland,Big Ten,2026,8,3,266,0,0,4,1,0,0.0,false,0,0.606,0.3106,1597,43,true,true
St. John's::romerozander,"Romero, Zander",St. John's,Big East,2026,18,2,87,0,1,0,0,0,0.0,false,0,0.604,0.4138,1419,70,false,true
Maryland::kalanzidennis,"Kalanzi, Dennis",Maryland,Big Ten,2026,25,3,100,0,1,0,0,0,0.0,false,0,0.603,0.4039,1597,68.1,true,true
Oral Roberts::parmacameron,"Parma, Cameron",Oral Roberts,Summit,2026,29,4,360,0,0,0,0,2,0.0,true,1,0.603,0.2743,1483,21.9,true,true
St. Bonaventure::seyerjosh,"Seyer, Josh",St. Bonaventure,Atlantic 10,2026,4,3,243,0,1,0,0,0,0.0,false,0,0.603,0.3205,1437,46.6,true,true
UC San Diego::carlsongavin,"Carlson, Gavin",UC San Diego,Pac-12,2026,20,3,270,0,1,1,0,0,0.0,false,0,0.603,0.3085,1285,41.5,true,true
Brown::treesemarshall,"Treese, Marshall",Brown,Ivy,2026,7,1,83,0,1,0,0,0,0.0,false,0,0.602,0.4166,1303,70.6,false,true
Brown::markdonovan,"Mark, Donovan",Brown,Ivy,2026,17,1,6,0,1,0,0,0,0.0,false,0,0.602,0.4869,1303,81.3,false,true
Brown::rabelethan,"Rabel, Ethan",Brown,Ivy,2026,20,1,27,0,1,0,0,0,0.0,false,0,0.602,0.4655,1303,78.8,false,true
Brown::smithcarter,"Smith, Carter",Brown,Ivy,2026,28,1,73,0,1,0,0,0,0.0,false,0,0.602,0.4246,1303,72.4,false,true
Houston Christian::fernandesnoah,"Fernandes, Noah",Houston Christian,Ohio Valley,2026,11,3,110,0,0,2,2,0,0.0,false,0,0.602,0.3965,1439,66.4,true,true
UC San Diego::barbierilalo,"Barbieri, Lalo",UC San Diego,Pac-12,2026,13,3,153,0,1,1,0,0,0.0,false,0,0.600,0.3679,1285,60,true,true
UC Santa Barbara::rahbekkalle,"Rahbek, Kalle",UC Santa Barbara,Big West,2026,6,3,244,0,0,4,1,0,0.0,false,0,0.599,0.3195,1613,46.2,true,true
Central Connecticut State::rautrevor,"Rau, Trevor",Central Connecticut State,Other / Non-D1,2026,3,1,64,0,1,1,0,0,0.0,false,0,0.598,0.4312,1233,73.6,false,false
Central Connecticut State::washingtonnick,"Washington, Nick",Central Connecticut State,Other / Non-D1,2026,14,1,64,0,1,1,0,0,0.0,false,0,0.598,0.4312,1233,73.6,false,false
Cleveland State::denittisalex,"De Nittis, Alex",Cleveland State,Horizon,2026,7,2,124,0,0,4,2,0,0.0,false,0,0.597,0.3861,1391,64.2,true,true
Boston College::funkjonah,"Funk, Jonah",Boston College,ACC,2026,27,3,82,0,1,1,0,0,0.0,false,0,0.596,0.4164,1399,70.6,false,true
FIU::perellosergio,"Perello, Sergio",FIU,American,2026,22,4,180,0,0,4,1,0,0.0,false,0,0.592,0.3510,1561,55.5,true,true
Milwaukee::wagnerjack,"Wagner, Jack",Milwaukee,Horizon,2026,27,3,270,0,0,4,2,0,0.0,false,0,0.592,0.3071,1194,40.9,true,true
Bucknell::ojedasernamarcelo,"Ojeda Serna, Marcelo",Bucknell,Patriot,2026,6,1,57,0,0,2,2,0,0.0,false,0,0.591,0.4359,1453,74.6,false,true
Bowling Green::gilenzo,"Gil, Enzo",Bowling Green,Other / Non-D1,2026,1,4,360,0,0,0,0,8,3.0,true,2,0.591,0.2729,1407,21.2,true,false
Central Arkansas::dugganrico,"Duggan, Rico",Central Arkansas,ASUN,2026,8,3,213,0,0,5,1,0,0.0,false,0,0.590,0.3333,1507,50.3,true,true
Michigan State::norkettcharlie,"Norkett, Charlie",Michigan State,Big Ten,2026,6,4,346,0,1,0,0,0,0.0,false,0,0.590,0.2776,1436,23.6,true,true
CSU Bakersfield::bernauerjacob,"Bernauer, Jacob",CSU Bakersfield,Other / Non-D1,2026,14,3,270,0,0,6,1,0,0.0,false,0,0.588,0.3067,1542,40.5,true,false
UTRGV::deoliveiraeduardo,"De Oliveira, Eduardo",UTRGV,Ohio Valley,2026,10,2,146,0,0,3,2,0,0.0,false,0,0.587,0.3703,1367,60.7,true,true
Utah Valley::medinajackson,"Medina, Jackson",Utah Valley,Big West,2026,30,2,180,0,1,0,0,0,0.0,false,0,0.586,0.3502,1425,55.3,true,true
Lehigh::kinnunenanton,"Kinnunen, Anton",Lehigh,Patriot,2026,1,2,180,0,0,0,0,6,2.0,true,1,0.585,0.3500,1505,55.2,true,true
Columbia University::kapranovstepan,"Kapranov, Stepan",Columbia University,Ivy,2026,18,1,44,0,0,2,2,0,0.0,false,0,0.579,0.4454,1435,76.3,false,true
Penn State::frsternoah,"Förster, Noah",Penn State,Big Ten,2026,6,3,248,0,1,0,0,0,0.0,false,0,0.577,0.3149,1523,44.4,true,true
UAB::siddallrylie,"Siddall, Rylie",UAB,American,2026,7,3,221,0,0,6,1,0,0.0,false,0,0.575,0.3273,1394,48.5,true,true
Le Moyne College::krzeminskimichael,"Krzeminski, Michael",Le Moyne College,NEC,2026,15,4,237,0,0,3,2,0,0.0,false,0,0.574,0.3195,1348,46.2,true,true
Quincy University::whiteriley,"White, Riley",Quincy University,Other / Non-D1,2026,17,1,52,0,1,0,0,0,0.0,false,0,0.574,0.4373,1265,74.9,false,false
Drexel::combschristian,"Combs, Christian",Drexel,CAA,2026,11,3,154,0,1,0,0,0,0.0,false,0,0.573,0.3632,1362,58.9,true,true
La Salle::gubisebastian,"Gubi, Sebastian",La Salle,Atlantic 10,2026,28,3,157,0,1,0,0,0,0.0,false,0,0.572,0.3613,1433,58.4,true,true
La Salle::carterajahni,"Carter, Ajahni",La Salle,Atlantic 10,2026,16,3,135,0,1,0,0,0,0.0,false,0,0.572,0.3749,1433,61.9,true,true
UNC Greensboro::campostiago,"Campos, Tiago",UNC Greensboro,Southern,2026,6,3,264,0,0,4,1,0,0.0,false,0,0.572,0.3072,1613,41,true,true
Georgia Southern::neviletoby,"Nevile, Toby",Georgia Southern,Sun Belt,2026,6,3,270,0,0,2,2,0,0.0,false,0,0.571,0.3045,1453,39.1,true,true
Northeastern::pradojaden,"Prado, Jaden",Northeastern,CAA,2026,6,4,318,0,0,3,2,0,0.0,false,0,0.570,0.2854,1416,27.9,true,true
Loyola Chicago::chavarriabenji,"Chavarria, Benji",Loyola Chicago,Atlantic 10,2026,19,3,69,0,0,2,2,0,0.0,false,0,0.570,0.4223,1388,71.9,false,true
San Jose State::ruizneo,"Ruiz, Neo",San Jose State,Mountain West,2026,10,3,171,0,0,5,1,0,0.0,false,0,0.569,0.3527,1541,56,true,true
High Point::ramirezanthony,"Ramirez, Anthony",High Point,Big South,2026,10,2,118,0,0,3,1,0,0.0,false,0,0.567,0.3854,1789,64.1,true,true
Gonzaga::cantafiodylan,"Cantafio, Dylan",Gonzaga,Pac-12,2026,8,2,30,0,1,0,0,0,0.0,false,0,0.567,0.4560,1568,77.4,false,true
Holy Cross::raphaelgabe,"Raphael, Gabe",Holy Cross,Other / Non-D1,2026,22,2,134,0,0,2,2,0,0.0,false,0,0.567,0.3748,1415,61.8,true,false
Notre Dame::shaulian,"Shaul, Ian",Notre Dame,ACC,2026,6,4,281,0,0,4,1,0,0.0,false,0,0.566,0.2993,1677,36.2,true,true
Longwood::rivassteven,"Rivas, Steven",Longwood,Big South,2026,12,1,66,0,1,0,0,0,0.0,false,0,0.566,0.4240,1254,72.1,false,true
Navy::mcbridegavin,"McBride, Gavin",Navy,Patriot,2026,20,3,75,0,0,2,2,0,0.0,false,0,0.565,0.4166,1394,70.6,false,true
Virginia Tech::cornejoeduardo,"Cornejo, Eduardo",Virginia Tech,ACC,2026,29,3,74,0,0,5,2,0,0.0,false,0,0.565,0.4174,1462,70.8,false,true
Kentucky::smithbains,"Smith, Bains",Kentucky,Sun Belt,2026,16,3,197,0,0,4,1,0,0.0,false,0,0.565,0.3380,1585,51.4,true,true
Indiana::mrozmichal,"Mroz, Michal",Indiana,Big Ten,2026,31,4,360,0,0,0,0,6,2.0,true,3,0.563,0.2698,1524,20,true,true
Incarnate Word::rieraandres,"Riera, Andres",Incarnate Word,Other / Non-D1,2026,17,2,19,0,0,2,2,0,0.0,false,0,0.563,0.4659,1460,78.8,false,false
Akron::alemignacio,"Alem, Ignacio",Akron,Big East,2026,17,2,28,0,0,2,2,0,0.0,false,0,0.563,0.4571,1534,77.6,false,true
Butler::dawberoscar,"Dawber, Oscar",Butler,Big East,2026,2,2,37,0,0,2,2,0,0.0,false,0,0.558,0.4478,1450,76.6,false,true
Gonzaga::golesisnicolas,"Golesis, Nicolas",Gonzaga,Pac-12,2026,21,2,35,0,0,3,2,0,0.0,false,0,0.558,0.4497,1597,76.8,false,true
Elon::tonidandeloscar,"Tonidandel, Oscar",Elon,Other / Non-D1,2026,12,3,157,0,1,1,0,0,0.0,false,0,0.557,0.3592,1343,57.8,true,false
James Madison::griesbauerjonas,"Griesbauer, Jonas",James Madison,Sun Belt,2026,7,3,59,0,0,4,2,0,0.0,false,0,0.557,0.4282,1356,73,false,true
James Madison::ossadiego,"Ossa, Diego",James Madison,Sun Belt,2026,17,3,39,0,0,4,2,0,0.0,false,0,0.557,0.4457,1356,76.4,false,true
Georgia State::wynnegeorge,"Wynne, George",Georgia State,Sun Belt,2026,3,3,103,0,0,3,2,0,0.0,false,0,0.556,0.3941,1372,65.8,true,true
New Hampshire::firekdaniel,"Firek, Daniel",New Hampshire,America East,2026,8,3,248,0,0,2,2,0,0.0,false,0,0.556,0.3122,1592,43.5,true,true
Syracuse::jonkedakota,"Jonke, Dakota",Syracuse,ACC,2026,14,3,66,0,0,4,1,0,0.0,false,0,0.555,0.4221,1581,71.9,false,true
William & Mary::cartwrightlandon,"Cartwright, Landon",William & Mary,CAA,2026,6,4,119,0,1,1,0,0,0.0,false,0,0.555,0.3828,1395,63,true,true
Furman::dunhambraden,"Dunham, Braden",Furman,Southern,2026,25,4,360,0,0,5,1,0,0.0,false,0,0.551,0.2684,1584,19.3,true,true
NJIT::rubisjake,"Rubis, Jake",NJIT,America East,2026,23,3,260,0,0,6,1,0,0.0,false,0,0.551,0.3062,1404,40.2,true,true
FGCU::lopezbrian,"Lopez, Brian",FGCU,ASUN,2026,10,4,238,0,0,4,1,0,0.0,false,0,0.551,0.3160,1584,44.9,true,true
Belmont University::mccloudjudah,"McCloud, Judah",Belmont University,Missouri Valley,2026,4,3,239,0,1,0,0,0,0.0,false,0,0.549,0.3153,1330,44.6,true,true
Belmont University::elliottaj,"Elliott, AJ",Belmont University,Missouri Valley,2026,17,3,31,0,1,0,0,0,0.0,false,0,0.549,0.4517,1330,77,false,true
Le Moyne College::morellinoah,"Morelli, Noah",Le Moyne College,NEC,2026,28,4,135,0,1,1,0,0,0.0,false,0,0.549,0.3714,1348,61.3,true,true
Army::nguyenjacob,"Nguyen, Jacob",Army,Patriot,2026,12,4,142,0,1,1,0,0,0.0,false,0,0.549,0.3670,1432,59.7,true,true
VMI::choirowen,"Choi, Rowen",VMI,Southern,2026,11,5,196,0,0,3,2,0,0.0,false,0,0.547,0.3361,1304,51,true,true
Saint Peter's::covalleo,"Coval, Leo",Saint Peter's,Metro,2026,10,3,240,0,0,5,1,0,0.0,false,0,0.547,0.3146,1427,44.3,true,true
Akron::romanjack,"Roman, Jack",Akron,Big East,2026,10,3,205,0,0,8,0,0,0.0,false,0,0.546,0.3313,1581,49.4,true,true
Cal Poly::baumgaertelmichael,"Baumgaertel, Michael",Cal Poly,Pac-12,2026,26,4,360,0,0,3,1,0,0.0,false,0,0.546,0.2679,1576,19.1,true,true
Furman::heilerjonas,"Heiler, Jonas",Furman,Southern,2026,18,3,43,0,0,2,2,0,0.0,false,0,0.545,0.4400,1609,75.4,false,true
Stanford::islamtrevor,"Islam, Trevor",Stanford,ACC,2026,9,4,190,0,0,4,1,0,0.0,false,0,0.542,0.3386,1693,51.6,true,true
Winthrop::willisdominic,"Willis, Dominic",Winthrop,Big South,2026,33,2,31,0,1,0,0,0,0.0,false,0,0.541,0.4502,1391,76.8,false,true
Notre Dame::baquerokarson,"Baquero, Karson",Notre Dame,ACC,2026,21,4,116,0,0,3,1,0,0.0,false,0,0.541,0.3825,1677,63,true,true
Marshall::pierrelouisramado,"Pierre-Louis, Ramado",Marshall,Sun Belt,2026,18,2,109,0,0,4,1,0,0.0,false,0,0.539,0.3871,1518,64.4,true,true
Georgia State::ogwangjoseph,"Ogwang, Joseph",Georgia State,Sun Belt,2026,26,3,270,0,0,4,2,0,0.0,false,0,0.538,0.3004,1372,37,true,true
UC Davis::chacingisaac,"Chacing, Isaac",UC Davis,Mountain West,2026,25,4,125,0,0,3,2,0,0.0,false,0,0.537,0.3760,1517,62.1,true,true
Fairfield::gerbercameron,"Gerber, Cameron",Fairfield,Metro,2026,12,2,150,0,0,3,1,0,0.0,false,0,0.533,0.3597,1684,57.9,true,true
Princeton::tsunehararoka,"Tsunehara, Roka",Princeton,Ivy,2026,2,2,180,0,0,3,1,0,0.0,false,0,0.531,0.3423,1610,52.7,true,true
College of the Holy Cross::heneghanliam,"Heneghan, Liam",College of the Holy Cross,Other / Non-D1,2026,18,1,47,0,1,0,0,0,0.0,false,0,0.530,0.4337,1206,74,false,false
Grand Canyon::nkabuife,"Nkabu, Ife",Grand Canyon,Mountain West,2026,9,3,104,0,0,3,1,0,0.0,false,0,0.529,0.3889,1528,64.9,true,true
Stonehill College::walshdylan,"Walsh, Dylan",Stonehill College,NEC,2026,3,3,195,0,1,0,0,0,0.0,false,0,0.529,0.3340,1371,50.5,true,true
Houston Christian::garciaricardo,"Garcia, Ricardo",Houston Christian,Ohio Valley,2026,6,3,252,0,0,5,1,0,0.0,false,0,0.528,0.3068,1439,40.5,true,true
Clemson::garciagaizka,"Garcia, Gaizka",Clemson,ACC,2026,0,1,90,0,0,0,0,2,0.0,true,1,0.527,0.3988,1334,66.9,false,true
Georgia State::seguradamian,"Segura, Damian",Georgia State,Sun Belt,2026,27,3,146,0,0,5,1,0,0.0,false,0,0.527,0.3613,1372,58.4,true,true
Mount St. Mary's::moralessilvadaniel,"Morales Silva, Daniel",Mount St. Mary's,Metro,2026,10,2,165,0,0,5,1,0,0.0,false,0,0.524,0.3496,1428,55,true,true
UC San Diego::uedasean,"Ueda, Sean",UC San Diego,Pac-12,2026,8,3,242,0,1,0,0,0,0.0,false,0,0.524,0.3107,1285,43,true,true
La Salle::bradydominic,"Brady, Dominic",La Salle,Atlantic 10,2026,21,2,68,0,0,3,2,0,0.0,false,0,0.523,0.4149,1380,70.3,false,true
Delaware::smithsean,"Smith, Sean",Delaware,Summit,2026,19,3,241,0,1,0,0,0,0.0,false,0,0.522,0.3109,1424,43.1,true,true
Western Illinois::samsonasjokubas,"Samsonas, Jokubas",Western Illinois,Ohio Valley,2026,8,3,151,0,0,3,2,0,0.0,false,0,0.521,0.3574,1300,57.2,true,true
VCU::salmeronandrey,"Salmeron, Andrey",VCU,Atlantic 10,2026,10,3,142,0,0,3,1,0,0.0,false,0,0.521,0.3627,1684,58.7,true,true
UC Irvine::williamsscott,"Williams, Scott",UC Irvine,Big West,2026,0,3,90,0,0,0,0,2,0.0,true,1,0.519,0.3973,1517,66.6,false,true
Virginia Tech::morenochuy,"Moreno, Chuy",Virginia Tech,ACC,2026,17,1,19,0,1,0,0,0,0.0,false,0,0.519,0.4574,1192,77.6,false,true
Portland::emojongisaac,"Emojong, Isaac",Portland,West Coast,2026,12,3,172,0,0,2,1,0,0.0,false,0,0.518,0.3448,1772,53.1,true,true
Northern Kentucky::gerakbennett,"Gerak, Bennett",Northern Kentucky,Horizon,2026,25,3,222,0,0,5,1,0,0.0,false,0,0.517,0.3190,1325,46.1,true,true
UIC::razmansemin,"Razman, Semin",UIC,Missouri Valley,2026,18,4,144,0,0,5,1,0,0.0,false,0,0.516,0.3608,1434,58.2,true,true
Saint Joseph's::tveitreffsgaardherman,"Tveit-Reffsgaard, Herman",Saint Joseph's,Atlantic 10,2026,22,1,60,0,1,0,0,0,0.0,false,0,0.516,0.4201,1187,71.5,false,true
New Hampshire::miyataryo,"Miyata, Ryo",New Hampshire,America East,2026,10,3,231,0,0,4,1,0,0.0,false,0,0.514,0.3145,1592,44.3,true,true
Pacific::cisnerosxavier,"Cisneros, Xavier",Pacific,West Coast,2026,9,4,325,0,0,5,1,0,0.0,false,0,0.514,0.2763,1489,23,true,true
Fordham::goncalvesjoel,"Goncalves, Joel",Fordham,Atlantic 10,2026,8,3,68,0,0,4,1,0,0.0,false,0,0.511,0.4128,1509,69.6,false,true
San Jose State::gutierrezangel,"Gutierrez, Angel",San Jose State,Mountain West,2026,14,3,104,0,0,4,1,0,0.0,false,0,0.509,0.3857,1541,64.1,true,true
Iona::gentilemanuel,"Gentile, Manuel",Iona,Metro,2026,6,3,234,0,0,3,1,0,0.0,false,0,0.508,0.3123,1580,43.6,true,true
Santa Clara::robersonbradley,"Roberson, Bradley",Santa Clara,West Coast,2026,23,4,130,0,0,4,1,0,0.0,false,0,0.508,0.3682,1518,60.2,true,true
Niagara::talsmajeremy,"Talsma, Jeremy",Niagara,Metro,2026,21,3,164,0,0,3,1,0,0.0,false,0,0.507,0.3477,1599,54.1,true,true
Elon::thompsondiego,"Thompson, Diego",Elon,Other / Non-D1,2026,16,3,78,0,0,7,1,0,0.0,false,0,0.507,0.4044,1343,68.2,false,false
Georgetown::sadapazjordi,"Sada-Paz, Jordi",Georgetown,Big East,2026,7,4,34,0,0,3,1,0,0.0,false,0,0.507,0.4410,1661,75.5,false,true
George Mason::montavajavier,"Montava, Javier",George Mason,Atlantic 10,2026,23,1,90,0,0,2,1,0,0.0,false,0,0.507,0.3953,1849,66.3,false,true
Bowling Green::flandersaidan,"Flanders, Aidan",Bowling Green,Other / Non-D1,2026,3,4,350,0,0,3,1,0,0.0,false,0,0.507,0.2668,1407,18.7,true,false
Duke::steelmanmax,"Steelman, Max",Duke,ACC,2026,7,4,200,0,0,3,1,0,0.0,false,0,0.505,0.3282,1693,48.7,true,true
Loyola Marymount::djehasamirmohamed,"Djeha, Samir-Mohamed",Loyola Marymount,West Coast,2026,9,4,237,0,0,3,1,0,0.0,false,0,0.505,0.3105,1695,43,true,true
Western Michigan::mchaledan,"McHale, Dan",Western Michigan,Missouri Valley,2026,5,4,303,0,0,3,1,0,0.0,false,0,0.505,0.2832,1632,26.6,true,true
Western Michigan::minjoseph,"Min, Joseph",Western Michigan,Missouri Valley,2026,15,4,175,0,0,3,1,0,0.0,false,0,0.504,0.3412,1632,52.2,true,true
Oral Roberts::quintanaenoedis,"Quintana, Enoedis",Oral Roberts,Summit,2026,11,4,160,0,0,4,1,0,0.0,false,0,0.504,0.3495,1483,54.9,true,true
Portland::rosasdiego,"Rosas, Diego",Portland,West Coast,2026,10,3,228,0,0,3,1,0,0.0,false,0,0.504,0.3145,1772,44.2,true,true
Manhattan::daoudkhaled,"Daoud, Khaled",Manhattan,Metro,2026,20,2,126,0,1,0,0,0,0.0,false,0,0.501,0.3697,1225,60.4,true,true
Queens::baptistellivitor,"Baptistelli, Vitor",Queens,ASUN,2026,12,3,239,0,0,5,1,0,0.0,false,0,0.500,0.3089,1505,41.9,true,true
Western Michigan::nicholsonjoshua,"Nicholson, Joshua",Western Michigan,Missouri Valley,2026,4,4,249,0,0,3,1,0,0.0,false,0,0.500,0.3045,1632,39.1,true,true
University of Evansville::faganpatrik,"Fagan, Patrik",University of Evansville,Missouri Valley,2026,9,3,183,0,0,3,1,0,0.0,false,0,0.499,0.3361,1612,51,true,true
Boston College::ponscharlie,"Pons, Charlie",Boston College,ACC,2026,22,3,166,0,0,2,2,0,0.0,false,0,0.499,0.3454,1399,53.3,true,true
Virginia Tech::hamelluke,"Hamel, Luke",Virginia Tech,ACC,2026,15,3,173,0,0,6,1,0,0.0,false,0,0.497,0.3413,1462,52.3,true,true
UNC Asheville::campinadovaledwayne,"Campina Do Vale, Dwayne",UNC Asheville,Big South,2026,8,2,91,0,0,3,1,0,0.0,false,0,0.497,0.3930,1582,65.6,false,true
Denver::stewartchase,"Stewart, Chase",Denver,West Coast,2026,22,3,54,0,0,2,1,0,0.0,false,0,0.495,0.4215,1734,71.7,false,true
University of Evansville::redondoizan,"Redondo, Izan",University of Evansville,Missouri Valley,2026,26,3,237,0,0,3,1,0,0.0,false,0,0.495,0.3092,1612,42.2,true,true
California::zalayetmalcolm,"Zalayet, Malcolm",California,ACC,2026,9,2,108,0,0,3,1,0,0.0,false,0,0.494,0.3805,1685,62.7,true,true
UMass Lowell::takahashikanata,"Takahashi, Kanata",UMass Lowell,America East,2026,10,3,132,0,0,3,2,0,0.0,false,0,0.493,0.3647,1310,59.2,true,true
Charleston::gilllennon,"Gill, Lennon",Charleston,CAA,2026,10,3,63,0,0,4,1,0,0.0,false,0,0.491,0.4134,1467,69.8,false,true
Michigan::strohmeyerlandon,"Strohmeyer, Landon",Michigan,Big Ten,2026,18,3,108,0,0,2,2,0,0.0,false,0,0.490,0.3799,1374,62.6,true,true
Robert Morris::bernklauwostlaiden,"Bernklau-Wostl, Aiden",Robert Morris,Horizon,2026,13,4,209,0,0,3,2,0,0.0,false,0,0.488,0.3214,1330,47,true,true
VMI::joyaian,"Joya, Ian",VMI,Southern,2026,6,3,157,0,1,0,0,0,0.0,false,0,0.488,0.3488,1131,54.6,true,true
VMI::chensaul,"Chen, Saul",VMI,Southern,2026,21,2,26,0,1,0,0,0,0.0,false,0,0.488,0.4448,1161,76.2,false,true
VMI::effordharrison,"Efford, Harrison",VMI,Southern,2026,26,3,38,0,1,0,0,0,0.0,false,0,0.488,0.4339,1206,74.1,false,true
Clemson::kackjohannes,"Kack, Johannes",Clemson,ACC,2026,9,2,101,0,0,4,1,0,0.0,false,0,0.487,0.3842,1438,63.6,true,true
High Point::adaganiprosper,"Adagani, Prosper",High Point,Big South,2026,14,2,127,0,0,2,1,0,0.0,false,0,0.485,0.3665,1789,59.7,true,true
Gardner-Webb::knochetitus,"Knoche, Titus",Gardner-Webb,Big South,2026,46,2,125,0,0,4,1,0,0.0,false,0,0.484,0.3677,1497,59.9,true,true
IU Indy::aschlimantyson,"Aschliman, Tyson",IU Indy,Horizon,2026,22,3,148,0,0,4,1,0,0.0,false,0,0.481,0.3531,1480,56.1,true,true
Georgetown::howarderic,"Howard, Eric",Georgetown,Big East,2026,3,4,357,0,0,3,1,0,0.0,false,0,0.481,0.2616,1661,14.8,true,true
FGCU::brownjavier,"Brown, Javier",FGCU,ASUN,2026,24,4,207,0,0,2,1,0,0.0,false,0,0.480,0.3213,1584,46.9,true,true
Tulsa::aguilarjared,"Aguilar, Jared",Tulsa,American,2026,6,4,252,0,0,3,1,0,0.0,false,0,0.478,0.3004,1486,36.9,true,true
Radford::hallbrice,"Hall, Brice",Radford,Big South,2026,17,2,160,0,0,5,1,0,0.0,false,0,0.477,0.3455,1400,53.4,true,true
Sacred Heart::morcilloivan,"Morcillo, Ivan",Sacred Heart,Metro,2026,9,3,84,0,0,3,1,0,0.0,false,0,0.475,0.3944,1567,65.9,false,true
Bowling Green::peacockgus,"Peacock, Gus",Bowling Green,Other / Non-D1,2026,2,4,360,0,0,5,1,0,0.0,false,0,0.474,0.2599,1407,14.3,true,false
La Salle::torresyordan,"Torres, Yordan",La Salle,Atlantic 10,2026,6,1,16,0,0,2,2,0,0.0,false,0,0.473,0.4515,1263,77,false,true
La Salle::mcclintockandy,"McClintock, Andy",La Salle,Atlantic 10,2026,33,2,23,0,0,2,2,0,0.0,false,0,0.473,0.4448,1380,76.2,false,true
Liberty::castroalecx,"Castro, Alecx",Liberty,Southern,2026,7,3,110,0,0,3,1,0,0.0,false,0,0.470,0.3752,1579,61.9,true,true
Louisville::thoremil,"Thor, Emil",Louisville,ACC,2026,23,4,156,0,0,5,1,0,0.0,false,0,0.469,0.3467,1535,53.8,true,true
Houston Christian::onutcezar,"Onut, Cezar",Houston Christian,Ohio Valley,2026,10,3,221,0,0,4,1,0,0.0,false,0,0.468,0.3130,1439,43.7,true,true
UNLV::lopezalsclaudio,"Lopez Alós, Claudio",UNLV,Mountain West,2026,20,3,74,0,0,2,1,0,0.0,false,0,0.468,0.4007,1542,67.2,false,true
Rutgers::karstendan,"Karsten, Dan",Rutgers,Big Ten,2026,10,3,146,0,0,2,1,0,0.0,false,0,0.466,0.3520,1598,55.9,true,true
Stetson::fontainevalentin,"Fontaine, Valentin",Stetson,ASUN,2026,8,3,201,0,0,4,1,0,0.0,false,0,0.463,0.3219,1545,47.2,true,true
Louisville::dammsilas,"Damm, Silas",Louisville,ACC,2026,2,4,270,0,0,3,1,0,0.0,false,0,0.462,0.2909,1535,31.4,true,true
Rhode Island::schwabbrett,"Schwab, Brett",Rhode Island,Atlantic 10,2026,21,2,135,0,0,2,2,0,0.0,false,0,0.462,0.3581,1491,57.4,true,true
St. Thomas::joensenjohann,"Joensen, Johann",St. Thomas,Summit,2026,19,4,115,0,0,7,1,0,0.0,false,0,0.460,0.3703,1208,60.7,true,true
Lehigh::gonzalezaiden,"Gonzalez, Aiden",Lehigh,Patriot,2026,30,2,42,0,0,4,1,0,0.0,false,0,0.459,0.4252,1505,72.5,false,true
Ohio State::skubisnick,"Skubis, Nick",Ohio State,Big Ten,2026,6,3,187,0,0,3,1,0,0.0,false,0,0.457,0.3281,1503,48.7,true,true
Belmont University::sucherbrody,"Sucher, Brody",Belmont University,Missouri Valley,2026,0,3,247,0,0,0,0,8,2.7,true,2,0.457,0.2999,1330,36.6,true,true
South Carolina::feoliadolfo,"Feoli, Adolfo",South Carolina,Sun Belt,2026,17,2,45,0,0,3,1,0,0.0,false,0,0.454,0.4216,1475,71.8,false,true
West Virginia::martineznacho,"Martinez, Nacho",West Virginia,Sun Belt,2026,5,3,239,0,0,2,1,0,0.0,false,0,0.454,0.3029,1632,38,true,true
Stanford::partaljoshua,"Partal, Joshua",Stanford,ACC,2026,6,3,139,0,0,2,1,0,0.0,false,0,0.453,0.3542,1635,56.5,true,true
Omaha::lacoursierejamal,"Lacoursiere, Jamal",Omaha,Summit,2026,28,3,163,0,0,4,1,0,0.0,false,0,0.452,0.3401,1348,52,true,true
Saint Joseph's::smithalex,"Smith, Alex",Saint Joseph's,Atlantic 10,2026,0,3,270,0,0,0,0,4,1.0,true,1,0.451,0.2895,1255,30.4,true,true
Cal State Fullerton::alvaradoadan,"Alvarado, Adan",Cal State Fullerton,Big West,2026,9,3,180,0,0,3,1,0,0.0,false,0,0.450,0.3307,1614,49.3,true,true
Princeton::millerchase,"Miller, Chase",Princeton,Ivy,2026,20,2,71,0,0,2,1,0,0.0,false,0,0.449,0.3998,1610,67.1,false,true
Indiana::njikestephane,"Njike, Stephane",Indiana,Big Ten,2026,9,3,136,0,0,4,1,0,0.0,false,0,0.449,0.3554,1498,56.7,true,true
Villanova::netanelbar,"Netanel, Bar",Villanova,Big East,2026,20,3,180,0,0,2,2,0,0.0,false,0,0.449,0.3306,1449,49.3,true,true
Duke::ainakai,"Aina, Kai",Duke,ACC,2026,16,4,91,0,0,2,1,0,0.0,false,0,0.448,0.3848,1693,63.9,false,true
Presbyterian::gritzbraden,"Gritz, Braden",Presbyterian,Big South,2026,18,3,64,0,0,2,2,0,0.0,false,0,0.447,0.4048,1307,68.2,false,true
Monmouth::rodriguesaaron,"Rodrigues, Aaron",Monmouth,CAA,2026,14,2,172,0,0,3,1,0,0.0,false,0,0.446,0.3344,1501,50.6,true,true
Saint Mary's::lauridsencarlemil,"Lauridsen, Carl Emil",Saint Mary's,West Coast,2026,3,4,184,0,0,4,1,0,0.0,false,0,0.446,0.3281,1485,48.6,true,true
ETSU::garciamateo,"Garcia, Mateo",ETSU,Southern,2026,30,2,54,0,0,2,1,0,0.0,false,0,0.446,0.4126,1567,69.6,false,true
California Baptist::ezekwukafelix,"Ezekwuka, Felix",California Baptist,Pac-12,2026,22,2,105,0,0,3,1,0,0.0,false,0,0.446,0.3747,1617,61.8,true,true
California Baptist::khasimmustapha,"Khasim, Mustapha",California Baptist,Pac-12,2026,6,2,145,0,0,2,1,0,0.0,false,0,0.445,0.3495,1617,54.8,true,true
UC Santa Barbara::rentoncolby,"Renton, Colby",UC Santa Barbara,Big West,2026,2,3,127,0,0,3,1,0,0.0,false,0,0.445,0.3603,1613,58.1,true,true
FAU::santosfelipe,"Santos, Felipe",FAU,American,2026,21,4,92,0,0,2,1,0,0.0,false,0,0.445,0.3836,1616,63.4,true,true
FAU::bangurajustin,"Bangura, Justin",FAU,American,2026,30,4,91,0,0,3,1,0,0.0,false,0,0.445,0.3843,1616,63.7,false,true
Georgia State::amedeemmanuel,"Amede, Emmanuel",Georgia State,Sun Belt,2026,9,3,108,0,0,2,2,0,0.0,false,0,0.444,0.3725,1372,61.4,true,true
Delaware::arguetagerman,"Argueta, German",Delaware,Summit,2026,8,3,188,0,0,6,1,0,0.0,false,0,0.444,0.3257,1424,48.1,true,true
Hofstra::mattonlewis,"Matton, Lewis",Hofstra,CAA,2026,31,3,174,0,0,3,1,0,0.0,false,0,0.442,0.3327,1505,50.1,true,true
Akron::thumaustin,"Thum, Austin",Akron,Big East,2026,15,3,23,0,0,2,1,0,0.0,false,0,0.442,0.4389,1581,75.1,false,true
Saint Peter's::hughescaleb,"Hughes, Caleb",Saint Peter's,Metro,2026,27,3,125,0,0,3,1,0,0.0,false,0,0.441,0.3610,1427,58.2,true,true
NC State::comasoriol,"Comas, Oriol",NC State,ACC,2026,5,4,154,0,0,3,1,0,0.0,false,0,0.439,0.3434,1485,52.8,true,true
UIC::nevarezcarlos,"Nevarez, Carlos",UIC,Missouri Valley,2026,21,4,351,0,0,4,1,0,0.0,false,0,0.439,0.2588,1434,13.8,true,true
Cleveland State::granadosfefo,"Granados, Fefo",Cleveland State,Horizon,2026,18,2,134,0,0,3,1,0,0.0,false,0,0.439,0.3550,1391,56.6,true,true
Lindenwood::wallsethan,"Walls, Ethan",Lindenwood,Ohio Valley,2026,23,4,163,0,0,2,2,0,0.0,false,0,0.438,0.3381,1189,51.5,true,true
San Diego::gardenhourconner,"Gardenhour, Conner",San Diego,West Coast,2026,5,2,45,0,0,1,1,0,0.0,false,0,0.437,0.4185,1666,71.1,false,true
UMass::weitlanersebastian,"Weitlaner, Sebastian",UMass,Summit,2026,11,1,47,0,0,2,1,0,0.0,false,0,0.437,0.4168,1663,70.7,false,true
Oregon State::marquezaidan,"Marquez, Aidan",Oregon State,Pac-12,2026,11,2,27,0,0,1,1,0,0.0,false,0,0.437,0.4343,1788,74.1,false,true
UCF::onoseiryu,"Ono, Seiryu",UCF,Sun Belt,2026,7,3,141,0,0,3,1,0,0.0,false,0,0.436,0.3505,1561,55.4,true,true
Cal Poly::civittsjack,"Civitts, Jack",Cal Poly,Pac-12,2026,11,4,221,0,0,3,1,0,0.0,false,0,0.436,0.3087,1576,41.8,true,true
Georgia Southern::votelcharlie,"Votel, Charlie",Georgia Southern,Sun Belt,2026,23,3,85,0,0,3,1,0,0.0,false,0,0.436,0.3871,1453,64.4,false,true
Duquesne::menonashwin,"Menon, Ashwin",Duquesne,Atlantic 10,2026,23,4,253,0,0,3,1,0,0.0,false,0,0.434,0.2943,1396,33.2,true,true
UCF::hatleychristian,"Hatley, Christian",UCF,Sun Belt,2026,9,3,31,0,0,3,1,0,0.0,false,0,0.434,0.4301,1561,73.3,false,true
Mercer::aimiuwuehi,"Aimiuwu, Ehi",Mercer,Southern,2026,13,4,304,0,0,2,1,0,0.0,false,0,0.433,0.2743,1548,22.1,true,true
Mercyhurst::tedaldijaime,"Tedaldi, Jaime",Mercyhurst,NEC,2026,00,3,270,0,0,0,0,12,5.0,true,2,0.433,0.2872,1483,29.3,true,true
Xavier::gourleyjohnny,"Gourley, Johnny",Xavier,Big East,2026,20,3,61,0,0,2,1,0,0.0,false,0,0.432,0.4046,1504,68.2,false,true
UConn::hameljohan,"Hamel, Johan",UConn,Big East,2026,22,4,330,0,0,3,1,0,0.0,false,0,0.432,0.2650,1563,16.1,true,true
UCF::kyeijoachim,"Kyei, Joachim",UCF,Sun Belt,2026,14,3,50,0,0,2,1,0,0.0,false,0,0.432,0.4134,1561,69.8,false,true
Louisville::olsoncooper,"Olson, Cooper",Louisville,ACC,2026,35,4,27,0,0,2,1,0,0.0,false,0,0.431,0.4333,1535,73.9,false,true
FIU::consolonileonardo,"Consoloni, Leonardo",FIU,American,2026,6,4,261,0,0,3,1,0,0.0,false,0,0.431,0.2907,1561,31.2,true,true
Sacramento State::reyneveldeli,"Reyneveld, Eli",Sacramento State,Big West,2026,7,4,230,0,0,3,1,0,0.0,false,0,0.431,0.3039,1475,38.8,true,true
San Francisco::harrisoscar,"Harris, Oscar",San Francisco,West Coast,2026,29,4,100,0,0,2,1,0,0.0,false,0,0.430,0.3756,1693,62,true,true
Gardner-Webb::biaggiadrian,"Biaggi, Adrian",Gardner-Webb,Big South,2026,6,2,160,0,0,3,1,0,0.0,false,0,0.430,0.3386,1497,51.7,true,true
IU Indy::dindiyaljai,"Dindiyal, Jai",IU Indy,Horizon,2026,12,3,270,0,0,3,1,0,0.0,false,0,0.428,0.2866,1480,28.5,true,true
Fordham::tchemmounrayane,"Tchemmoun, Rayane",Fordham,Atlantic 10,2026,7,3,165,0,0,3,1,0,0.0,false,0,0.428,0.3355,1509,50.8,true,true
Army::davidyockjustin,"Davidyock, Justin",Army,Patriot,2026,16,4,155,0,0,4,1,0,0.0,false,0,0.426,0.3408,1432,52.2,true,true
American::tubbsevan,"Tubbs, Evan",American,Patriot,2026,1,3,270,0,0,0,0,10,4.0,true,2,0.424,0.2862,1708,28.3,true,true
Campbell::martinxander,"Martin, Xander",Campbell,CAA,2026,10,2,123,0,0,2,1,0,0.0,false,0,0.424,0.3596,1628,57.9,true,true
Western Michigan::smithliam,"Smith, Liam",Western Michigan,Missouri Valley,2026,13,4,284,0,0,2,1,0,0.0,false,0,0.424,0.2807,1632,25.2,true,true
Fairfield::ortizcristian,"Ortiz, Cristian",Fairfield,Metro,2026,20,2,101,0,0,2,1,0,0.0,false,0,0.423,0.3737,1684,61.5,true,true
Mercer::pamaaj,"Pama, AJ",Mercer,Southern,2026,4,4,360,0,0,2,1,0,0.0,false,0,0.423,0.2542,1548,11.9,true,true
Gardner-Webb::mansurbashir,"Mansur, Bashir",Gardner-Webb,Big South,2026,7,2,83,0,0,3,1,0,0.0,false,0,0.422,0.3862,1497,64.2,false,true
California::oppenheimkai,"Oppenheim, Kai",California,ACC,2026,13,2,65,0,0,2,1,0,0.0,false,0,0.422,0.3997,1685,67.1,false,true
Bryant::perezangel,"Perez, Angel",Bryant,America East,2026,21,2,89,0,0,3,1,0,0.0,false,0,0.422,0.3819,1445,62.9,false,true
New Haven::guimaraesmatheus,"Guimaraes, Matheus",New Haven,NEC,2026,10,3,171,0,0,2,1,0,0.0,false,0,0.422,0.3314,1630,49.5,true,true
Stonehill College::monteironate,"Monteiro, Nate",Stonehill College,NEC,2026,28,3,179,0,0,3,1,0,0.0,false,0,0.421,0.3271,1371,48.4,true,true
Bucknell::pielakasper,"Piela, Kasper",Bucknell,Patriot,2026,10,3,190,0,0,3,1,0,0.0,false,0,0.421,0.3214,1620,47.1,true,true
Air Force::espinozaxidane,"Espinoza, Xidane",Air Force,Mountain West,2026,17,3,132,0,0,3,1,0,0.0,false,0,0.421,0.3535,1418,56.2,true,true
Xavier::onwudiweosi,"Onwudiwe, Osi",Xavier,Big East,2026,21,3,85,0,0,2,1,0,0.0,false,0,0.420,0.3844,1504,63.7,false,true
Villanova::bogdanovgleb,"Bogdanov, Gleb",Villanova,Big East,2026,25,3,137,0,0,3,1,0,0.0,false,0,0.419,0.3503,1449,55.3,true,true
Northeastern::blalockjulian,"Blalock, Julian",Northeastern,CAA,2026,19,4,109,0,0,4,1,0,0.0,false,0,0.419,0.3678,1416,60,true,true
FIU::vogelmats,"Vogel, Mats",FIU,American,2026,3,3,167,0,0,2,1,0,0.0,false,0,0.419,0.3332,1606,50.2,true,true
Loyola Marymount::diazjacob,"Diaz, Jacob",Loyola Marymount,West Coast,2026,26,4,148,0,0,2,1,0,0.0,false,0,0.416,0.3433,1695,52.8,true,true
Saint Louis::cortezjc,"Cortez, JC",Saint Louis,Atlantic 10,2026,5,3,236,0,0,2,1,0,0.0,false,0,0.416,0.2992,1671,36.2,true,true
Santa Clara::starekjona,"Starek, Jona",Santa Clara,West Coast,2026,25,4,318,0,0,2,1,0,0.0,false,0,0.415,0.2672,1518,18.8,true,true
Coastal Carolina::butterworththeo,"Butterworth, Theo",Coastal Carolina,Sun Belt,2026,4,3,266,0,0,1,1,0,0.0,false,0,0.415,0.2866,1523,28.4,true,true
Indiana::carnevalewestin,"Carnevale, Westin",Indiana,Big Ten,2026,23,3,262,0,0,2,1,0,0.0,false,0,0.414,0.2881,1513,29.8,true,true
Chicago State::leonjorge,"Leon , Jorge",Chicago State,NEC,2026,21,4,191,0,0,3,1,0,0.0,false,0,0.414,0.3200,1464,46.5,true,true
Chicago State::bridgeseamon,"Bridges , Eamon",Chicago State,NEC,2026,22,4,247,0,0,3,1,0,0.0,false,0,0.413,0.2942,1464,33.1,true,true
Kentucky::skilbergfredrik,"Skilberg, Fredrik",Kentucky,Sun Belt,2026,15,3,76,0,0,2,1,0,0.0,false,0,0.412,0.3896,1585,65,false,true
Kentucky::renmangustav,"Renman, Gustav",Kentucky,Sun Belt,2026,12,3,121,0,0,2,1,0,0.0,false,0,0.412,0.3589,1585,57.7,true,true
Robert Morris::bechoscar,"Bech, Oscar",Robert Morris,Horizon,2026,12,4,301,0,0,3,1,0,0.0,false,0,0.411,0.2727,1330,21.2,true,true
San Diego State::diananic,"Diana, Nic",San Diego State,Pac-12,2026,1,3,270,0,0,0,0,11,5.0,true,3,0.411,0.2845,1415,27.2,true,true
University of Southern Indiana::bellokadiri,"Bello, Kadiri",University of Southern Indiana,Ohio Valley,2026,20,2,106,0,0,3,1,0,0.0,false,0,0.410,0.3682,1392,60.2,true,true
California::jacobsadrian,"Jacobs, Adrian",California,ACC,2026,12,2,124,0,0,2,1,0,0.0,false,0,0.410,0.3567,1685,57,true,true
UCLA::wrighttre,"Wright, Tre",UCLA,Big Ten,2026,3,3,264,0,0,1,1,0,0.0,false,0,0.409,0.2866,1643,28.5,true,true
Stanford::logandillon,"Logan, Dillon",Stanford,ACC,2026,21,4,151,0,0,5,0,0,0.0,false,0,0.408,0.3405,1693,52.1,true,true
Stanford::stonejude,"Stone, Jude",Stanford,ACC,2026,7,4,145,0,0,5,0,0,0.0,false,0,0.408,0.3439,1693,53,true,true
LIU::leuemika,"Leue, Mika",LIU,Other / Non-D1,2026,10,1,90,0,0,2,1,0,0.0,false,0,0.408,0.3788,1586,62.6,false,false
Marshall::stevanatogabriel,"Stevanato, Gabriel",Marshall,Sun Belt,2026,9,2,61,0,0,3,1,0,0.0,false,0,0.407,0.4002,1518,67.2,false,true
Penn State::hasannehan,"Hasan, Nehan",Penn State,Big Ten,2026,17,3,154,0,0,2,1,0,0.0,false,0,0.407,0.3385,1523,51.6,true,true
Colgate::sammsmalik,"Samms, Malik",Colgate,Other / Non-D1,2026,3,2,145,0,0,2,1,0,0.0,false,0,0.405,0.3434,1688,52.9,true,false
Seton Hall::ryssdalsnessivert,"Ryssdalsnes, Sivert",Seton Hall,Big East,2026,8,3,100,0,0,2,1,0,0.0,false,0,0.405,0.3714,1580,61.2,true,true
Houston Christian::lopezaidan,"Lopez, Aidan",Houston Christian,Ohio Valley,2026,17,3,201,0,0,3,1,0,0.0,false,0,0.404,0.3137,1439,44.1,true,true
Lehigh::sheelertrey,"Sheeler, Trey",Lehigh,Patriot,2026,4,2,151,0,0,2,1,0,0.0,false,0,0.402,0.3394,1505,51.8,true,true
Cal State Fullerton::quatelachlan,"Quate, Lachlan",Cal State Fullerton,Big West,2026,22,2,72,0,0,2,1,0,0.0,false,0,0.401,0.3907,1665,65.2,false,true
UAB::garciamatthew,"Garcia, Matthew",UAB,American,2026,21,3,79,0,0,3,1,0,0.0,false,0,0.401,0.3855,1394,64.1,false,true
Boston University::grossmanjack,"Grossman, Jack",Boston University,Patriot,2026,8,3,136,0,0,2,1,0,0.0,false,0,0.401,0.3480,1583,54.2,true,true
Stetson::mastroiannidaniele,"Mastroianni, Daniele",Stetson,ASUN,2026,15,3,163,0,0,3,1,0,0.0,false,0,0.400,0.3326,1545,50,true,true
Stetson::perezmatthew,"Perez, Matthew",Stetson,ASUN,2026,23,2,123,0,0,3,1,0,0.0,false,0,0.400,0.3558,1411,56.9,true,true
Dartmouth College::spicerolly,"Spicer, Olly",Dartmouth College,Ivy,2026,8,1,58,0,0,2,1,0,0.0,false,0,0.400,0.4013,1565,67.4,false,true
Dartmouth College::grandaeli,"Granda, Eli",Dartmouth College,Ivy,2026,18,1,90,0,0,2,1,0,0.0,false,0,0.400,0.3775,1565,62.4,false,true
Cal Poly::rhodeskeagan,"Rhodes, Keagan",Cal Poly,Pac-12,2026,2,3,137,0,0,1,1,0,0.0,false,0,0.399,0.3471,1570,53.9,true,true
High Point::rekkaenzo,"Rekka, Enzo",High Point,Big South,2026,11,2,119,0,0,1,1,0,0.0,false,0,0.398,0.3580,1789,57.4,true,true
Santa Clara::sullivanandrew,"Sullivan, Andrew",Santa Clara,West Coast,2026,29,4,253,0,0,6,0,0,0.0,false,0,0.398,0.2897,1518,30.5,true,true
Saint Peter's::rudjordsamuel,"Rudjord, Samuel",Saint Peter's,Metro,2026,5,3,264,0,0,2,1,0,0.0,false,0,0.398,0.2852,1427,27.8,true,true
Denver::lundgrant,"Lund, Grant",Denver,West Coast,2026,4,3,270,0,0,1,1,0,0.0,false,0,0.398,0.2829,1734,26.3,true,true
Denver::mackayryan,"Mackay, Ryan",Denver,West Coast,2026,33,3,270,0,0,1,1,0,0.0,false,0,0.398,0.2829,1734,26.3,true,true
Queens::salavuovalter,"Salavuo, Valter",Queens,ASUN,2026,20,3,267,0,0,3,1,0,0.0,false,0,0.398,0.2840,1505,26.8,true,true
UAB::melendezalan,"Melendez, Alan",UAB,American,2026,14,3,247,0,0,3,1,0,0.0,false,0,0.397,0.2921,1394,32.1,true,true
Cal State Fullerton::lugoalex,"Lugo, Alex",Cal State Fullerton,Big West,2026,99,3,149,0,0,2,1,0,0.0,false,0,0.396,0.3398,1614,51.9,true,true
American::ezzahirmoad,"Ezzahir, Moad",American,Patriot,2026,12,2,68,0,0,1,1,0,0.0,false,0,0.395,0.3927,1679,65.6,false,true
American::obrienfinn,"O'Brien, Finn",American,Patriot,2026,13,3,270,0,0,1,1,0,0.0,false,0,0.395,0.2826,1708,26.2,true,true
SIUE::gibbsryley,"Gibbs, Ryley",SIUE,Other / Non-D1,2026,21,3,164,0,0,5,0,0,0.0,false,0,0.395,0.3313,1675,49.5,true,false
UNLV::eisenbergjoaquin,"Eisenberg, Joaquin",UNLV,Mountain West,2026,8,3,155,0,0,3,1,0,0.0,false,0,0.394,0.3361,1542,50.9,true,true
Bucknell::hidalgokiko,"Hidalgo, Kiko",Bucknell,Patriot,2026,25,3,270,0,0,1,1,0,0.0,false,0,0.394,0.2824,1620,26.2,true,true
Princeton::samuelsandrew,"Samuels, Andrew",Princeton,Ivy,2026,1,2,180,0,0,0,0,1,0.0,true,1,0.393,0.3226,1610,47.5,true,true
Navy::brownkeane,"Brown, Keane",Navy,Patriot,2026,2,4,315,0,0,4,1,0,0.0,false,0,0.393,0.2657,1353,16.3,true,true
American::obriencolin,"O'Brien, Colin",American,Patriot,2026,9,3,161,0,0,1,1,0,0.0,false,0,0.392,0.3325,1708,50,true,true
University of Evansville::rickerchase,"Ricker, Chase",University of Evansville,Missouri Valley,2026,8,2,98,0,0,1,1,0,0.0,false,0,0.392,0.3708,1603,61,true,true
Pittsburgh::kopaycarter,"Kopay, Carter",Pittsburgh,ACC,2026,18,3,122,0,0,1,1,0,0.0,false,0,0.392,0.3552,1590,56.7,true,true
UC Irvine::nordstrommario,"Nordstrom, Mario",UC Irvine,Big West,2026,4,3,263,0,0,1,1,0,0.0,false,0,0.392,0.2849,1517,27.4,true,true
Quinnipiac::hansenalexander,"Hansen, Alexander",Quinnipiac,Metro,2026,1,3,270,0,0,0,0,12,5.0,true,2,0.392,0.2821,1551,25.9,true,true
Virginia Tech::fergusonfreddy,"Ferguson, Freddy",Virginia Tech,ACC,2026,32,2,16,0,0,2,1,0,0.0,false,0,0.391,0.4358,1404,74.5,false,true
Northwestern::johnsonandrew,"Johnson, Andrew",Northwestern,Big Ten,2026,3,4,316,0,0,2,1,0,0.0,false,0,0.390,0.2650,1482,16.1,true,true
George Washington::zunigaluciano,"Zuniga, Luciano",George Washington,Atlantic 10,2026,23,3,39,0,0,2,1,0,0.0,false,0,0.390,0.4151,1426,70.4,false,true
Seton Hall::valentinetim,"Valentine, Tim",Seton Hall,Big East,2026,15,2,90,0,0,2,1,0,0.0,false,0,0.390,0.3758,1516,62.1,false,true
Charlotte::carmelitom,"Carmeli, Tom",Charlotte,American,2026,25,2,101,0,0,0,0,1,0.0,true,1,0.389,0.3682,1553,60.2,true,true
USC Upstate::santosxande,"Santos, Xande",USC Upstate,Big South,2026,6,3,176,0,0,3,1,0,0.0,false,0,0.388,0.3240,1382,47.7,true,true
Providence::munozjeremy,"Munoz, Jeremy",Providence,Big East,2026,6,4,346,0,0,3,1,0,0.0,false,0,0.388,0.2547,1452,12.3,true,true
Mercyhurst::bencomojero,"Bencomo, Jero",Mercyhurst,NEC,2026,21,2,40,0,0,2,1,0,0.0,false,0,0.387,0.4137,1501,70,false,true
Gonzaga::ervinnoah,"Ervin, Noah",Gonzaga,Pac-12,2026,14,3,85,0,0,4,1,0,0.0,false,0,0.387,0.3789,1483,62.6,false,true
Boston College::scuroryan,"Scuro, Ryan",Boston College,ACC,2026,21,3,125,0,0,4,1,0,0.0,false,0,0.387,0.3524,1399,56,true,true
North Carolina::klinkdan,"Klink, Dan",North Carolina,ACC,2026,9,3,50,0,0,2,1,0,0.0,false,0,0.386,0.4051,1608,68.2,false,true
Princeton::lacherjulien,"Lacher, Julien",Princeton,Ivy,2026,25,2,67,0,0,1,1,0,0.0,false,0,0.385,0.3918,1610,65.4,false,true
Louisville::wilsonquinton,"Wilson, Quinton",Louisville,ACC,2026,18,4,42,0,0,3,1,0,0.0,false,0,0.384,0.4115,1535,69.5,false,true
Lafayette::amankulornoah,"Amankulor, Noah",Lafayette,Patriot,2026,12,2,122,0,0,1,1,0,0.0,false,0,0.384,0.3539,1572,56.4,true,true
Cal State Fullerton::greenjosiah,"Green, Josiah",Cal State Fullerton,Big West,2026,16,2,61,0,0,2,1,0,0.0,false,0,0.384,0.3961,1540,66.4,false,true
Saint Joseph's::murrayfinn,"Murray, Finn",Saint Joseph's,Atlantic 10,2026,14,3,192,0,0,4,1,0,0.0,false,0,0.384,0.3152,1255,44.5,true,true
Merrimack College::zunecbor,"Zunec, Bor",Merrimack College,Metro,2026,8,3,130,0,0,2,1,0,0.0,false,0,0.383,0.3489,1363,54.7,true,true
UMBC::holdemflynn,"Holdem, Flynn",UMBC,America East,2026,19,2,104,0,0,4,1,0,0.0,false,0,0.383,0.3652,1286,59.3,true,true
DePaul::waskijayden,"Waski, Jayden",DePaul,Big East,2026,31,4,193,0,0,3,1,0,0.0,false,0,0.383,0.3146,1429,44.3,true,true
Wake Forest::oseirooney,"Osei, Rooney",Wake Forest,ACC,2026,19,4,56,0,0,2,1,0,0.0,false,0,0.383,0.3998,1593,67.1,false,true
Saint Mary's::shojidrew,"Shoji, Drew",Saint Mary's,West Coast,2026,11,4,142,0,0,2,1,0,0.0,false,0,0.382,0.3417,1485,52.3,true,true
Seattle::sasakitakashi,"Sasaki, Takashi",Seattle,West Coast,2026,29,3,226,0,0,2,1,0,0.0,false,0,0.381,0.2991,1619,35.8,true,true
San Francisco::solomisalex,"Solomis, Alex",San Francisco,West Coast,2026,6,4,157,0,0,1,1,0,0.0,false,0,0.380,0.3329,1693,50.2,true,true
Monmouth::livignimarco,"Li Vigni, Marco",Monmouth,CAA,2026,20,2,96,0,0,2,1,0,0.0,false,0,0.380,0.3700,1501,60.6,true,true
SMU::salvoalex,"Salvo, Alex",SMU,ACC,2026,6,3,189,0,0,5,0,0,0.0,false,0,0.379,0.3161,1572,44.9,true,true
California Baptist::lawsonwilliam,"Lawson, William",California Baptist,Pac-12,2026,5,2,180,0,0,1,1,0,0.0,false,0,0.379,0.3206,1617,46.6,true,true
SUNY Polytechnic Institute::colemarcus,"Cole, Marcus",SUNY Polytechnic Institute,Other / Non-D1,2026,11,1,77,0,0,4,1,0,0.0,false,0,0.378,0.3831,1245,63.2,false,false
New Hampshire::fukudomekohsuke,"Fukudome, Kohsuke",New Hampshire,America East,2026,3,1,90,0,0,1,1,0,0.0,false,0,0.378,0.3738,1719,61.6,false,true
Memphis::cookethan,"Cook, Ethan",Memphis,American,2026,5,4,309,0,0,1,1,0,0.0,false,0,0.376,0.2658,1549,16.4,true,true
UCLA::arnoldcameron,"Arnold, Cameron",UCLA,Big Ten,2026,29,3,152,0,0,5,0,0,0.0,false,0,0.374,0.3347,1643,50.6,true,true
Furman::villavicenciodavid,"Villavicencio, David",Furman,Southern,2026,3,4,73,0,0,1,1,0,0.0,false,0,0.373,0.3852,1584,64,false,true
La Salle::amadoupedro,"Amadou, Pedro",La Salle,Atlantic 10,2026,24,3,122,0,0,3,1,0,0.0,false,0,0.373,0.3521,1433,55.9,true,true
DePaul::tinocosam,"Tinoco, Sam",DePaul,Big East,2026,7,4,147,0,0,2,1,0,0.0,false,0,0.372,0.3372,1429,51.1,true,true
Northwestern::nimrodiyuval,"Nimrodi, Yuval",Northwestern,Big Ten,2026,10,4,89,0,0,2,1,0,0.0,false,0,0.371,0.3734,1482,61.5,false,true
VCU::garitafabian,"Garita, Fabian",VCU,Atlantic 10,2026,3,3,270,0,0,1,1,0,0.0,false,0,0.370,0.2794,1684,24.6,true,true
Vermont::carnieraleksei,"Carnier, Aleksei",Vermont,America East,2026,14,3,70,0,0,1,1,0,0.0,false,0,0.370,0.3868,1544,64.4,false,true
UNC Asheville::lingjoe,"Ling, Joe",UNC Asheville,Big South,2026,16,2,133,0,0,1,1,0,0.0,false,0,0.370,0.3450,1582,53.2,true,true
NC State::antoinenakai,"Antoine, Nakai",NC State,ACC,2026,4,4,241,0,0,1,1,0,0.0,false,0,0.369,0.2910,1485,31.5,true,true
NC State::bushaustin,"Bush, Austin",NC State,ACC,2026,13,4,131,0,0,1,1,0,0.0,false,0,0.369,0.3461,1485,53.5,true,true
San Diego State::mairmax,"Mair, Max",San Diego State,Pac-12,2026,20,3,99,0,0,3,1,0,0.0,false,0,0.369,0.3662,1415,59.6,true,true
UC Davis::gaultjoshua,"Gault, Joshua",UC Davis,Mountain West,2026,4,4,266,0,0,3,1,0,0.0,false,0,0.368,0.2807,1517,25.3,true,true
Old Dominion::maldonadoalessandro,"Maldonado, Alessandro",Old Dominion,Sun Belt,2026,7,3,216,0,0,1,1,0,0.0,false,0,0.367,0.3017,1465,37.5,true,true
Western Illinois::porrasdiego,"Porras, Diego",Western Illinois,Ohio Valley,2026,10,3,125,0,0,3,1,0,0.0,false,0,0.367,0.3494,1300,54.8,true,true
Pacific::descotojoaquin,"d'Escoto, Joaquin",Pacific,West Coast,2026,3,4,346,0,0,1,1,0,0.0,false,0,0.366,0.2523,1489,11.5,true,true
VCU::dobzyniakbrendan,"Dobzyniak, Brendan",VCU,Atlantic 10,2026,2,3,155,0,0,1,1,0,0.0,false,0,0.366,0.3319,1684,49.6,true,true
Dayton::koffiuri,"Koffi, Uri",Dayton,Atlantic 10,2026,28,4,145,0,0,5,0,0,0.0,false,0,0.366,0.3375,1507,51.3,true,true
Western Illinois::mcintyrejoel,"McIntyre, Joel",Western Illinois,Ohio Valley,2026,6,3,191,0,0,3,1,0,0.0,false,0,0.366,0.3132,1300,43.9,true,true
Akron::hayesbraxton,"Hayes, Braxton",Akron,Big East,2026,23,3,41,0,0,1,1,0,0.0,false,0,0.364,0.4087,1581,69.1,false,true
UTRGV::tajelias,"Taj, Elias",UTRGV,Ohio Valley,2026,9,2,83,0,0,2,1,0,0.0,false,0,0.364,0.3764,1367,62.2,false,true
Duquesne::brickmathieu,"Brick, Mathieu",Duquesne,Atlantic 10,2026,6,4,195,0,0,2,1,0,0.0,false,0,0.364,0.3110,1396,43.2,true,true
Rider University::vaubelryan,"Vaubel, Ryan",Rider University,Metro,2026,2,2,90,0,0,2,1,0,0.0,false,0,0.364,0.3715,1327,61.4,false,true
Bowling Green::ptacekaiden,"Ptacek, Aiden",Bowling Green,Other / Non-D1,2026,10,4,360,0,0,6,0,0,0.0,false,0,0.363,0.2476,1407,10.2,true,false
Mercyhurst::prextyler,"Prex, Tyler",Mercyhurst,NEC,2026,31,2,59,0,0,2,1,0,0.0,false,0,0.363,0.3939,1458,65.8,false,true
Chicago State::jaimejaden,"Jaime, Jaden",Chicago State,NEC,2026,27,1,60,0,0,1,1,0,0.0,false,0,0.362,0.3930,1668,65.6,false,true
Duke::arbibsol,"Arbib, Sol",Duke,ACC,2026,31,4,93,0,0,1,1,0,0.0,false,0,0.362,0.3691,1693,60.3,true,true
Lafayette::hadjimitsisnikolas,"Hadjimitsis, Nikolas",Lafayette,Patriot,2026,23,2,46,0,0,2,1,0,0.0,false,0,0.361,0.4040,1572,68.2,false,true
Northern Illinois::bensonoliver,"Benson, Oliver",Northern Illinois,Other / Non-D1,2026,3,4,156,0,0,2,1,0,0.0,false,0,0.361,0.3305,1451,49.2,true,false
Houston Christian::maynezsantiago,"Maynez, Santiago",Houston Christian,Ohio Valley,2026,2,3,264,0,0,2,1,0,0.0,false,0,0.360,0.2805,1439,25.1,true,true
Temple University::holmanwilson,"Holman, Wilson",Temple University,American,2026,7,3,56,0,0,2,1,0,0.0,false,0,0.360,0.3958,1505,66.3,false,true
UMass::gayletaylon,"Gayle, Taylon",UMass,Summit,2026,4,1,28,0,0,1,1,0,0.0,false,0,0.360,0.4190,1663,71.2,false,true
Coastal Carolina::schumacherbrady,"Schumacher, Brady",Coastal Carolina,Sun Belt,2026,21,3,205,0,0,2,1,0,0.0,false,0,0.360,0.3058,1523,40,true,true
Marquette::goldbergaiden,"Goldberg, Aiden",Marquette,Big East,2026,16,4,117,0,0,2,1,0,0.0,false,0,0.360,0.3532,1473,56.2,true,true
Virginia::ehrenpreiszachary,"Ehrenpreis, Zachary",Virginia,ACC,2026,18,4,277,0,0,2,1,0,0.0,false,0,0.360,0.2754,1616,22.6,true,true
Robert Morris::johansenstorm,"Johansen, Storm",Robert Morris,Horizon,2026,7,4,178,0,0,2,1,0,0.0,false,0,0.360,0.3188,1330,46,true,true
Purdue Fort Wayne::terneskarsten,"Ternes, Karsten",Purdue Fort Wayne,Horizon,2026,5,2,180,0,0,1,1,0,0.0,false,0,0.359,0.3178,1566,45.7,true,true
Rhode Island::monteirojulian,"Monteiro, Julian",Rhode Island,Atlantic 10,2026,31,3,67,0,0,3,1,0,0.0,false,0,0.359,0.3872,1432,64.5,false,true
UMBC::millergunder,"Miller, Gunder",UMBC,America East,2026,6,2,94,0,0,3,1,0,0.0,false,0,0.359,0.3680,1286,60.1,true,true
Akron::kossehassefreddy,"Kossehasse, Freddy",Akron,Big East,2026,4,3,270,0,0,1,1,0,0.0,false,0,0.359,0.2780,1581,23.9,true,true
Duke::frimpongemmanuel,"Frimpong, Emmanuel",Duke,ACC,2026,22,4,336,0,0,1,1,0,0.0,false,0,0.359,0.2547,1693,12.2,true,true
North Florida::romanomark,"Romano, Mark",North Florida,ASUN,2026,8,3,85,0,0,2,1,0,0.0,false,0,0.357,0.3739,1512,61.7,false,true
North Florida::mcmanusjrbrian,"McManus Jr., Brian",North Florida,ASUN,2026,15,3,188,0,0,2,1,0,0.0,false,0,0.357,0.3135,1512,44,true,true
Detroit Mercy::covelligiovanni,"Covelli, Giovanni",Detroit Mercy,Horizon,2026,17,1,16,0,0,1,1,0,0.0,false,0,0.357,0.4292,1653,73.1,false,true
Boston University::petricapharis,"Petrica, Pharis",Boston University,Patriot,2026,6,3,135,0,0,2,1,0,0.0,false,0,0.357,0.3418,1583,52.5,true,true
Georgetown::caldwellwill,"Caldwell, Will",Georgetown,Big East,2026,5,4,135,0,0,1,1,0,0.0,false,0,0.356,0.3417,1661,52.4,true,true
Bowling Green::saavedrajoshua,"Saavedra, Joshua",Bowling Green,Other / Non-D1,2026,8,3,116,0,0,1,1,0,0.0,false,0,0.356,0.3531,1408,56.2,true,false
CSU Bakersfield::boumanlorimer,"Bouman, Lorimer",CSU Bakersfield,Other / Non-D1,2026,11,2,36,0,0,2,1,0,0.0,false,0,0.354,0.4110,1408,69.4,false,false
Xavier::valutadatilsefraims,"Valutadatils, Efraims",Xavier,Big East,2026,6,3,162,0,0,2,1,0,0.0,false,0,0.353,0.3262,1504,48.3,true,true
Gardner-Webb::trigueronico,"Triguero, Nico",Gardner-Webb,Big South,2026,11,1,24,0,0,2,1,0,0.0,false,0,0.353,0.4212,1440,71.7,false,true
Houston Christian::sainrimatclarenns,"Sainrimat, Clarenns",Houston Christian,Ohio Valley,2026,14,3,121,0,0,2,1,0,0.0,false,0,0.352,0.3495,1439,54.9,true,true
Bucknell::sullivancollin,"Sullivan, Collin",Bucknell,Patriot,2026,12,3,241,0,0,1,1,0,0.0,false,0,0.352,0.2888,1620,30.1,true,true
Bucknell::lillismason,"Lillis, Mason",Bucknell,Patriot,2026,26,3,166,0,0,1,1,0,0.0,false,0,0.352,0.3239,1620,47.7,true,true
Columbia University::hiltoniiandrew,"Hilton II, Andrew",Columbia University,Ivy,2026,27,1,66,0,0,2,1,0,0.0,false,0,0.351,0.3866,1435,64.3,false,true
UTRGV::riveradiego,"Rivera, Diego",UTRGV,Ohio Valley,2026,21,2,64,0,0,2,1,0,0.0,false,0,0.351,0.3880,1367,64.7,false,true
UNC Greensboro::watsonkirky,"Watson, Kirky",UNC Greensboro,Southern,2026,9,3,71,0,0,1,1,0,0.0,false,0,0.351,0.3827,1613,63,false,true
UNC Greensboro::borneocaleb,"Borneo, Caleb",UNC Greensboro,Southern,2026,21,3,132,0,0,1,1,0,0.0,false,0,0.351,0.3426,1613,52.7,true,true
University of Evansville::iglesiascarlos,"Iglesias, Carlos",University of Evansville,Missouri Valley,2026,7,2,16,0,0,1,1,0,0.0,false,0,0.350,0.4279,1699,72.9,false,true
Campbell::moraandrey,"Mora, Andrey",Campbell,CAA,2026,9,1,63,0,0,1,1,0,0.0,false,0,0.350,0.3887,1631,64.8,false,true
Saint Peter's::smithtoby,"Smith, Toby",Saint Peter's,Metro,2026,11,3,262,0,0,2,1,0,0.0,false,0,0.350,0.2799,1427,24.8,true,true
FAU::wergelandanders,"Wergeland, Anders",FAU,American,2026,17,4,11,0,0,2,1,0,0.0,false,0,0.349,0.4322,1616,73.8,false,true
Fairfield::nanasinkammarques,"Nana-Sinkam, Marques",Fairfield,Metro,2026,4,2,180,0,0,1,1,0,0.0,false,0,0.349,0.3163,1684,45,true,true
Kentucky::berteottithomas,"Berteotti, Thomas",Kentucky,Sun Belt,2026,11,3,48,0,0,1,1,0,0.0,false,0,0.349,0.4001,1585,67.1,false,true
Campbell::morabravoandrey,"Mora Bravo, Andrey",Campbell,CAA,2026,9,1,43,0,0,1,1,0,0.0,false,0,0.348,0.4041,1624,68.2,false,true
Bryant::rodriguezjorge,"Rodriguez, Jorge",Bryant,America East,2026,18,2,78,0,0,2,1,0,0.0,false,0,0.348,0.3772,1445,62.3,false,true
Marshall::tanedaharuhi,"Taneda, Haruhi",Marshall,Sun Belt,2026,10,1,44,0,0,2,1,0,0.0,false,0,0.347,0.4030,1423,67.9,false,true
UC Davis::parkergunner,"Parker, Gunner",UC Davis,Mountain West,2026,2,3,82,0,0,1,1,0,0.0,false,0,0.347,0.3742,1402,61.7,false,true
Howard::sharpxavier,"Sharp, Xavier",Howard,NEC,2026,25,3,149,0,0,1,1,0,0.0,false,0,0.347,0.3323,1531,49.9,true,true
Delaware::richardsjoe,"Richards, Joe",Delaware,Summit,2026,22,3,156,0,0,3,1,0,0.0,false,0,0.347,0.3285,1424,48.8,true,true
Harvard::wootenphoenix,"Wooten, Phoenix",Harvard,Ivy,2026,8,2,149,0,0,1,1,0,0.0,false,0,0.346,0.3322,1606,49.8,true,true
San Diego::ramireztony,"Ramirez, Tony",San Diego,West Coast,2026,27,2,20,0,0,2,1,0,0.0,false,0,0.346,0.4234,1666,72,false,true
USC Upstate::burthenry,"Burt, Henry",USC Upstate,Big South,2026,8,3,119,0,0,3,1,0,0.0,false,0,0.346,0.3497,1382,55,true,true
CCSU::kapetanovicalen,"Kapetanovic, Alen",CCSU,Other / Non-D1,2026,8,2,157,0,0,3,1,0,0.0,false,0,0.346,0.3278,1336,48.6,true,false
Canisius::baumslagnoah,"Baumslag, Noah",Canisius,Metro,2026,23,2,155,0,0,3,1,0,0.0,false,0,0.345,0.3288,1323,48.8,true,true
Temple University::vanroijquint,"Van Roij , Quint",Temple University,American,2026,6,3,263,0,0,2,1,0,0.0,false,0,0.345,0.2790,1505,24.4,true,true
Rider University::griderdaniel,"Grider, Daniel",Rider University,Metro,2026,18,3,154,0,0,2,1,0,0.0,false,0,0.345,0.3294,1404,49,true,true
Kansas City::santuarigabriel,"Santuari, Gabriel",Kansas City,Summit,2026,23,3,114,0,0,2,1,0,0.0,false,0,0.345,0.3526,1495,56,true,true
Holy Cross::ferrarojames,"Ferraro, James",Holy Cross,Other / Non-D1,2026,16,2,58,0,0,2,1,0,0.0,false,0,0.344,0.3914,1415,65.3,false,false
Georgia Southern::moralestomas,"Morales, Tomas",Georgia Southern,Sun Belt,2026,19,3,85,0,0,2,1,0,0.0,false,0,0.344,0.3717,1453,61.4,false,true
San Jose State::moodietiko,"Moodie, Tiko",San Jose State,Mountain West,2026,5,3,270,0,0,1,1,0,0.0,false,0,0.344,0.2761,1541,22.9,true,true
San Jose State::corcoranryan,"Corcoran, Ryan",San Jose State,Mountain West,2026,18,2,63,0,0,1,1,0,0.0,false,0,0.344,0.3875,1528,64.5,false,true
Utah Tech::polyukhalex,"Polyukh, Alex",Utah Tech,Mountain West,2026,6,4,284,0,0,3,1,0,0.0,false,0,0.344,0.2708,1353,20.5,true,true
North Florida::khelilanton,"Khelil, Anton",North Florida,ASUN,2026,10,3,231,0,0,2,1,0,0.0,false,0,0.343,0.2919,1512,31.8,true,true
Saint Louis::mcnealjacksen,"McNeal, Jacksen",Saint Louis,Atlantic 10,2026,21,1,21,0,0,1,1,0,0.0,false,0,0.343,0.4219,1607,71.8,false,true
San Diego State::prestodylan,"Presto, Dylan",San Diego State,Pac-12,2026,15,4,221,0,0,3,1,0,0.0,false,0,0.343,0.2961,1369,34.4,true,true
Mount St. Mary's::marquettecamden,"Marquette, Camden",Mount St. Mary's,Metro,2026,14,2,77,0,0,2,1,0,0.0,false,0,0.343,0.3770,1428,62.3,false,true
Lehigh::smajlajpaul,"Smajlaj, Paul",Lehigh,Patriot,2026,8,2,163,0,0,1,1,0,0.0,false,0,0.342,0.3241,1505,47.8,true,true
Lehigh::baltesbridger,"Baltes, Bridger",Lehigh,Patriot,2026,19,2,116,0,0,1,1,0,0.0,false,0,0.342,0.3510,1505,55.4,true,true
North Florida::mondealex,"Monde, Alex",North Florida,ASUN,2026,11,3,59,0,0,2,1,0,0.0,false,0,0.340,0.3899,1512,65.1,false,true
Clemson::leibmatthias,"Leib, Matthias",Clemson,ACC,2026,18,2,69,0,0,2,1,0,0.0,false,0,0.340,0.3824,1537,63,false,true
Jacksonville::vallesdiego,"Valles, Diego",Jacksonville,ASUN,2026,8,3,200,0,0,1,1,0,0.0,false,0,0.340,0.3053,1451,39.8,true,true
Georgia Southern::corfitzenemil,"Corfitzen, Emil",Georgia Southern,Sun Belt,2026,21,2,114,0,0,2,1,0,0.0,false,0,0.340,0.3518,1421,55.8,true,true
Eastern Illinois::bellocarmelo,"Bello, Carmelo",Eastern Illinois,Ohio Valley,2026,8,3,121,0,0,2,1,0,0.0,false,0,0.339,0.3474,1337,54,true,true
Sacred Heart::sarromatthew,"Sarro, Matthew",Sacred Heart,Metro,2026,3,3,236,0,0,1,1,0,0.0,false,0,0.339,0.2891,1567,30.2,true,true
FGCU::garciaeduard,"Garcia, Eduard",FGCU,ASUN,2026,29,1,90,0,0,0,0,3,1.0,true,1,0.339,0.3673,1779,59.8,false,true
Queens::canovasrodrigo,"Canovas, Rodrigo",Queens,ASUN,2026,22,3,145,0,0,2,1,0,0.0,false,0,0.338,0.3333,1505,50.3,true,true
California::reynoldsfinley,"Reynolds				, Finley",California,ACC,2026,22,2,15,0,0,1,1,0,0.0,false,0,0.338,0.4264,1685,72.7,false,true
Gonzaga::suzukisenshin,"Suzuki, Senshin",Gonzaga,Pac-12,2026,19,4,217,0,0,3,1,0,0.0,false,0,0.337,0.2972,1485,34.8,true,true
USC Upstate::reynoldscaedon,"Reynolds, Caedon",USC Upstate,Big South,2026,99,3,66,0,0,3,1,0,0.0,false,0,0.337,0.3841,1382,63.5,false,true
Maryland::quistthersonkenny,"Quist-Therson, Kenny",Maryland,Big Ten,2026,17,3,129,0,0,2,1,0,0.0,false,0,0.337,0.3423,1597,52.6,true,true
Saint Joseph's::perezgasibasebastian,"Perez-Gasiba, Sebastian",Saint Joseph's,Atlantic 10,2026,7,2,66,0,0,3,1,0,0.0,false,0,0.337,0.3840,1232,63.5,false,true
UAB::robersonsam,"Roberson, Sam",UAB,American,2026,27,3,103,0,0,2,1,0,0.0,false,0,0.337,0.3583,1394,57.5,true,true
Le Moyne College::grangeraiden,"Granger, Aiden",Le Moyne College,NEC,2026,14,4,94,0,0,3,1,0,0.0,false,0,0.337,0.3642,1348,59,true,true
Bellarmine::saflysam,"Safly, Sam",Bellarmine,ASUN,2026,27,3,262,0,0,1,1,0,0.0,false,0,0.336,0.2782,1497,23.9,true,true
Bellarmine::niebauernicholas,"Niebauer, Nicholas",Bellarmine,ASUN,2026,33,2,36,0,0,1,1,0,0.0,false,0,0.336,0.4076,1535,68.9,false,true
Syracuse::martinezbastidasjuan,"Martinez-Bastidas, Juan",Syracuse,ACC,2026,40,3,90,0,0,0,0,1,0.0,true,1,0.336,0.3668,1581,59.7,false,true
American::snowdonoliver,"Snowdon, Oliver",American,Patriot,2026,6,3,199,0,0,1,1,0,0.0,false,0,0.335,0.3051,1708,39.5,true,true
Canisius::mataglodie,"Mata, Glodie",Canisius,Metro,2026,11,2,129,0,0,2,1,0,0.0,false,0,0.333,0.3417,1323,52.4,true,true
Sacred Heart::morenoalvaro,"Moreno, Alvaro",Sacred Heart,Metro,2026,17,3,257,0,0,1,1,0,0.0,false,0,0.332,0.2797,1567,24.6,true,true
Dartmouth College::arveskardouglas,"Arveskar, Douglas",Dartmouth College,Ivy,2026,9,1,24,0,0,1,1,0,0.0,false,0,0.330,0.4168,1565,70.7,false,true
Syracuse::cophyemmanuel,"Cophy, Emmanuel",Syracuse,ACC,2026,15,3,22,0,0,1,1,0,0.0,false,0,0.329,0.4183,1581,71,false,true
Fordham::mojabikamran,"Mojabi, Kamran",Fordham,Atlantic 10,2026,3,3,270,0,0,1,1,0,0.0,false,0,0.328,0.2741,1509,21.9,true,true
Fordham::betancourtelias,"Betancourt, Elias",Fordham,Atlantic 10,2026,14,3,105,0,0,1,1,0,0.0,false,0,0.328,0.3556,1509,56.8,true,true
CSU Bakersfield::arrasfilip,"Arras, Filip",CSU Bakersfield,Other / Non-D1,2026,16,1,90,0,0,2,1,0,0.0,false,0,0.328,0.3655,1372,59.5,false,false
Presbyterian::akimotokenshin,"Akimoto, Kenshin",Presbyterian,Big South,2026,9,4,201,0,0,3,1,0,0.0,false,0,0.328,0.3031,1280,38.3,true,true
Green Bay::hennessymichael,"Hennessy, Michael",Green Bay,Other / Non-D1,2026,10,3,180,0,0,5,0,0,0.0,false,0,0.327,0.3132,1457,43.8,true,false
Loyola Marymount::scottsam,"Scott, Sam",Loyola Marymount,West Coast,2026,17,4,140,0,0,1,1,0,0.0,false,0,0.327,0.3344,1695,50.5,true,true
Rider University::kozasawyer,"Koza, Sawyer",Rider University,Metro,2026,23,3,193,0,0,3,1,0,0.0,false,0,0.327,0.3068,1404,40.6,true,true
Charleston::jordheimjulian,"Jordheim, Julian",Charleston,CAA,2026,3,2,153,0,0,1,1,0,0.0,false,0,0.326,0.3271,1511,48.5,true,true
San Diego::adamslucca,"Adams, Lucca",San Diego,West Coast,2026,1,3,270,0,0,0,0,5,2.0,true,2,0.326,0.2739,1725,21.7,true,true
Seton Hall::cvoricmilomir,"Cvoric, Milomir",Seton Hall,Big East,2026,5,3,225,0,0,1,1,0,0.0,false,0,0.325,0.2920,1580,32.1,true,true
UMass Lowell::abdelaaladam,"Abdelaal, Adam",UMass Lowell,America East,2026,19,3,56,0,0,2,1,0,0.0,false,0,0.324,0.3894,1310,65,false,true
Liberty::eguchikyohei,"Eguchi, Kyohei",Liberty,Southern,2026,24,3,100,0,0,2,1,0,0.0,false,0,0.324,0.3581,1579,57.5,true,true
Clemson::daoudamalick,"Daouda, Malick",Clemson,ACC,2026,6,1,47,0,0,1,1,0,0.0,false,0,0.323,0.3962,1542,66.4,false,true
Cleveland State::parejalukas,"Pareja, Lukas",Cleveland State,Horizon,2026,13,2,40,0,0,1,1,0,0.0,false,0,0.321,0.4016,1391,67.4,false,true
Grand Canyon::lualamartin,"Luala, Martin",Grand Canyon,Mountain West,2026,8,3,265,0,0,2,1,0,0.0,false,0,0.321,0.2751,1528,22.4,true,true
Virginia::martinezethan,"Martinez, Ethan",Virginia,ACC,2026,6,3,162,0,0,4,0,0,0.0,false,0,0.320,0.3213,1694,46.9,true,true
Northwest::prtenjacacharlie,"Prtenjaca, Charlie",Northwest,Other / Non-D1,2026,1,1,6,0,0,0,0,2,0.5,true,1,0.319,0.4311,1519,73.6,false,false
IU Indy::eldridgemicah,"Eldridge, Micah",IU Indy,Horizon,2026,19,3,67,0,0,1,1,0,0.0,false,0,0.318,0.3800,1480,62.7,false,true
Oregon State::catlettsava,"Catlett, Sava",Oregon State,Pac-12,2026,25,3,270,0,0,1,1,0,0.0,false,0,0.317,0.2728,1700,21.2,true,true
Merrimack College::diturifrancesco,"Di Turi, Francesco",Merrimack College,Metro,2026,6,3,192,0,0,1,1,0,0.0,false,0,0.316,0.3058,1363,40.1,true,true
Colgate::yatescharlie,"Yates, Charlie",Colgate,Other / Non-D1,2026,14,2,38,0,0,1,1,0,0.0,false,0,0.316,0.4023,1688,67.7,false,false
Northwest::brendlesamuel,"Brendle, Samuel",Northwest,Other / Non-D1,2026,17,1,48,0,0,1,1,0,0.0,false,0,0.316,0.3941,1519,65.9,false,false
University of Southern Indiana::martialkristopher,"Martial, Kristopher",University of Southern Indiana,Ohio Valley,2026,3,2,166,0,0,2,1,0,0.0,false,0,0.315,0.3185,1392,45.9,true,true
University of Southern Indiana::grahamian,"Graham, Ian",University of Southern Indiana,Ohio Valley,2026,2,2,105,0,0,2,1,0,0.0,false,0,0.315,0.3535,1392,56.2,true,true
University of Southern Indiana::churcholiver,"Church, Oliver",University of Southern Indiana,Ohio Valley,2026,30,2,66,0,0,2,1,0,0.0,false,0,0.315,0.3803,1392,62.7,false,true
Iona::curtisebastian,"Curti, Sebastian",Iona,Metro,2026,17,3,207,0,0,5,0,0,0.0,false,0,0.315,0.2987,1580,35.6,true,true
Vermont::palominodaniel,"Palomino, Daniel",Vermont,America East,2026,18,2,19,0,0,1,1,0,0.0,false,0,0.315,0.4183,1470,71,false,true
Omaha::jenkinsitalo,"Jenkins, Italo",Omaha,Summit,2026,9,3,107,0,0,3,1,0,0.0,false,0,0.314,0.3521,1348,55.9,true,true
Cal State Fullerton::eatonhughie,"Eaton, Hughie",Cal State Fullerton,Big West,2026,20,3,98,0,0,1,1,0,0.0,false,0,0.313,0.3578,1614,57.4,true,true
Liberty::middletonlachlan,"Middleton, Lachlan",Liberty,Southern,2026,19,2,54,0,0,1,1,0,0.0,false,0,0.313,0.3890,1688,64.9,false,true
Incarnate Word::kraenzelevan,"Kraenzel, Evan",Incarnate Word,Other / Non-D1,2026,7,2,40,0,0,1,1,0,0.0,false,0,0.313,0.4001,1460,67.1,false,false
Monmouth::seierstadjohnsenherman,"Seierstad Johnsen, Herman",Monmouth,CAA,2026,1,1,90,0,0,0,0,1,0.0,true,1,0.313,0.3630,1490,58.9,false,true
Georgia State::gonzalezjoel,"Gonzalez, Joel",Georgia State,Sun Belt,2026,5,3,257,0,0,2,1,0,0.0,false,0,0.313,0.2773,1372,23.4,true,true
Furman::travisjack,"Travis, Jack",Furman,Southern,2026,15,4,131,0,0,1,1,0,0.0,false,0,0.313,0.3373,1584,51.2,true,true
Utah Valley::abdellamason,"Abdella, Mason",Utah Valley,Big West,2026,8,3,238,0,0,2,1,0,0.0,false,0,0.312,0.2848,1395,27.4,true,true
Oakland::wienerroithermarkus,"Wienerroither, Markus",Oakland,Horizon,2026,2,3,194,0,0,1,1,0,0.0,false,0,0.311,0.3041,1532,39,true,true
Detroit Mercy::karjianmano,"Karjian, Mano",Detroit Mercy,Horizon,2026,10,3,230,0,0,5,0,0,0.0,false,0,0.311,0.2880,1446,29.7,true,true
Ferrum::hooperben,"Hooper, Ben",Ferrum,Other / Non-D1,2026,10,1,59,0,0,2,1,0,0.0,false,0,0.310,0.3847,1327,63.8,false,false
Ferrum::brooksjadon,"Brooks, Jadon",Ferrum,Other / Non-D1,2026,18,1,47,0,0,2,1,0,0.0,false,0,0.310,0.3940,1327,65.8,false,false
Ferrum::ottchristian,"Ott, Christian",Ferrum,Other / Non-D1,2026,41,1,28,0,0,2,1,0,0.0,false,0,0.310,0.4096,1327,69.2,false,false
St. Thomas::bernardesangelo,"Bernardes, Angelo",St. Thomas,Summit,2026,7,1,33,0,0,1,1,0,0.0,false,0,0.310,0.4053,1501,68.3,false,true
North Florida::bertelliugo,"Bertelli, Ugo",North Florida,ASUN,2026,99,3,63,0,0,4,0,0,0.0,false,0,0.309,0.3815,1512,62.9,false,true
SIUE::lockergrant,"Locker, Grant",SIUE,Other / Non-D1,2026,24,3,171,0,0,4,0,0,0.0,false,0,0.309,0.3151,1675,44.5,true,false
Bowling Green::pedersenjoshua,"Pedersen, Joshua",Bowling Green,Other / Non-D1,2026,12,4,335,0,0,5,0,0,0.0,false,0,0.309,0.2493,1407,10.9,true,false
Mercer::tiradomartinezdavid,"Tirado Martinez, David",Mercer,Southern,2026,8,4,139,0,0,1,1,0,0.0,false,0,0.308,0.3321,1548,49.7,true,true
Western Illinois::gagnonxavier,"Gagnon, Xavier",Western Illinois,Ohio Valley,2026,12,2,117,0,0,2,1,0,0.0,false,0,0.308,0.3449,1297,53.2,true,true
Niagara::mittelstadttommy,"Mittelstadt, Tommy",Niagara,Metro,2026,7,3,140,0,0,1,1,0,0.0,false,0,0.308,0.3315,1599,49.5,true,true
Gonzaga::luandemichael,"Luande, Michael",Gonzaga,Pac-12,2026,12,3,81,0,0,1,1,0,0.0,false,0,0.307,0.3681,1542,60.1,false,true
Virginia::gozdieskichase,"Gozdieski, Chase",Virginia,ACC,2026,23,2,48,0,0,1,1,0,0.0,false,0,0.306,0.3924,1436,65.6,false,true
Utah Tech::downeyace,"Downey, Ace",Utah Tech,Mountain West,2026,25,4,182,0,0,2,1,0,0.0,false,0,0.306,0.3092,1353,42.2,true,true
Akron::orourkethomas,"O'Rourke, Thomas",Akron,Big East,2026,7,3,224,0,0,4,0,0,0.0,false,0,0.306,0.2899,1581,30.6,true,true
UNLV::allredbryce,"Allred, Bryce",UNLV,Mountain West,2026,14,3,193,0,0,1,1,0,0.0,false,0,0.306,0.3038,1542,38.7,true,true
Milwaukee::jarvisbreon,"Jarvis, Breon",Milwaukee,Horizon,2026,16,3,237,0,0,1,1,0,0.0,false,0,0.305,0.2843,1194,27,true,true
New Haven::fernandessalvador,"Fernandes, Salvador",New Haven,NEC,2026,17,2,29,0,0,1,1,0,0.0,false,0,0.305,0.4077,1634,68.9,false,true
Utah Tech::bassouchakib,"Bassou, Chakib",Utah Tech,Mountain West,2026,12,4,186,0,0,2,1,0,0.0,false,0,0.304,0.3070,1353,40.9,true,true
Michigan::suaustin,"Su, Austin",Michigan,Big Ten,2026,19,3,97,0,0,2,1,0,0.0,false,0,0.304,0.3568,1374,57.1,true,true
NJIT::sardinhahenrique,"Sardinha, Henrique",NJIT,America East,2026,20,3,61,0,0,2,1,0,0.0,false,0,0.303,0.3818,1404,62.9,false,true
IU Indy::isomnathaniel,"Isom, Nathaniel",IU Indy,Horizon,2026,15,3,182,0,0,1,1,0,0.0,false,0,0.302,0.3086,1480,41.7,true,true
Belmont University::woltherslucas,"Wolthers, Lucas",Belmont University,Missouri Valley,2026,11,3,185,0,0,2,1,0,0.0,false,0,0.302,0.3072,1330,41,true,true
Maryland::affanyifranklin,"Affanyi, Franklin",Maryland,Big Ten,2026,88,3,270,0,0,2,1,0,0.0,false,0,0.302,0.2709,1597,20.6,true,true
St. Bonaventure::sutherlandneshawn,"Sutherland, Neshawn",St. Bonaventure,Atlantic 10,2026,17,1,33,0,0,2,1,0,0.0,false,0,0.302,0.4038,1304,68.1,false,true
Brown::browncarlo,"Brown, Carlo",Brown,Ivy,2026,9,1,53,0,0,2,1,0,0.0,false,0,0.301,0.3877,1303,64.7,false,true
James Madison::aguilarjeffrey,"Aguilar, Jeffrey",James Madison,Sun Belt,2026,15,3,125,0,0,2,1,0,0.0,false,0,0.301,0.3391,1356,51.7,true,true
Yale::fosudijon,"Fosu, Dijon",Yale,Ivy,2026,19,2,157,0,0,1,1,0,0.0,false,0,0.301,0.3212,1420,46.8,true,true
Purdue Fort Wayne::palushajjozef,"Palushaj, Jozef",Purdue Fort Wayne,Horizon,2026,17,2,109,0,0,1,1,0,0.0,false,0,0.301,0.3488,1566,54.5,true,true
Purdue Fort Wayne::theardtrey,"Theard, Trey",Purdue Fort Wayne,Horizon,2026,21,1,86,0,0,1,1,0,0.0,false,0,0.301,0.3637,1472,59,false,true
UNC Asheville::nogamitaichi,"Nogami, Taichi",UNC Asheville,Big South,2026,6,2,124,0,0,1,1,0,0.0,false,0,0.301,0.3396,1582,51.9,true,true
UNC Asheville::woodcharlie,"Wood, Charlie",UNC Asheville,Big South,2026,10,2,169,0,0,1,1,0,0.0,false,0,0.301,0.3149,1582,44.5,true,true
Wright State::duartecairo,"Duarte, Cairo",Wright State,Horizon,2026,12,4,134,0,0,1,1,0,0.0,false,0,0.299,0.3335,1399,50.3,true,true
Tulsa::rodriguezheztli,"Rodriguez, Heztli",Tulsa,American,2026,12,4,155,0,0,4,0,0,0.0,false,0,0.299,0.3219,1486,47.3,true,true
Longwood::hansenmagnus,"Hansen, Magnus",Longwood,Big South,2026,20,1,90,0,0,1,1,0,0.0,false,0,0.299,0.3607,1465,58.2,false,true
Michigan State::arcecolin,"Arce, Colin",Michigan State,Big Ten,2026,16,4,192,0,0,1,1,0,0.0,false,0,0.299,0.3034,1436,38.5,true,true
Air Force::skevingtonkyle,"Skevington, Kyle",Air Force,Mountain West,2026,5,2,74,0,0,1,1,0,0.0,false,0,0.298,0.3715,1447,61.4,false,true
Air Force::odlesean,"Odle, Sean",Air Force,Mountain West,2026,7,2,26,0,0,1,1,0,0.0,false,0,0.298,0.4090,1447,69.1,false,true
Notre Dame::schroederwill,"Schroeder, Will",Notre Dame,ACC,2026,5,4,360,0,0,4,0,0,0.0,false,0,0.298,0.2404,1677,7.8,true,true
Elon::frakescaleb,"Frakes, Caleb",Elon,Other / Non-D1,2026,2,3,144,0,0,3,1,0,0.0,false,0,0.298,0.3277,1343,48.6,true,false
William & Mary::cartersullivan,"Carter, Sullivan",William & Mary,CAA,2026,15,4,66,0,0,3,1,0,0.0,false,0,0.297,0.3772,1395,62.3,false,true
Temple University::brownnathan,"Brown, Nathan",Temple University,American,2026,20,3,147,0,0,1,1,0,0.0,false,0,0.297,0.3260,1505,48.2,true,true
Coastal Carolina::blancohector,"Blanco, Hector",Coastal Carolina,Sun Belt,2026,5,3,165,0,0,1,1,0,0.0,false,0,0.297,0.3164,1523,45.1,true,true
Coastal Carolina::depinaalvin,"Depina, Alvin",Coastal Carolina,Sun Belt,2026,13,3,11,0,0,1,1,0,0.0,false,0,0.297,0.4221,1523,71.9,false,true
Elon::mccarthydaire,"McCarthy, Daire",Elon,Other / Non-D1,2026,8,3,145,0,0,2,1,0,0.0,false,0,0.297,0.3270,1343,48.4,true,false
Life Pacific::nolascooidorangel,"Nolasco-Oidor, Angel",Life Pacific,Other / Non-D1,2026,3,1,26,0,0,1,1,0,0.0,false,0,0.296,0.4086,1455,69.1,false,false
FDU::valenzueladominic,"Valenzuela, Dominic",FDU,Other / Non-D1,2026,16,1,5,0,0,1,1,0,0.0,false,0,0.296,0.4274,1454,72.8,false,false
Oral Roberts::usseryaiden,"Ussery, Aiden",Oral Roberts,Summit,2026,2,4,360,0,0,1,1,0,0.0,false,0,0.296,0.2401,1483,7.7,true,true
Kansas City::kohoutekales,"Kohoutek, Ales",Kansas City,Summit,2026,12,3,197,0,0,1,1,0,0.0,false,0,0.295,0.3004,1495,37,true,true
Mount St. Mary's::alschnerfelix,"Alschner, Felix",Mount St. Mary's,Metro,2026,28,2,153,0,0,1,1,0,0.0,false,0,0.295,0.3223,1428,47.3,true,true
Utah Tech::portaledominic,"Portale, Dominic",Utah Tech,Mountain West,2026,3,4,327,0,0,2,1,0,0.0,false,0,0.295,0.2502,1353,11,true,true
SMU::koduatweneboabingo,"Kodua, Tweneboa (Bingo)",SMU,ACC,2026,8,3,263,0,0,4,0,0,0.0,false,0,0.295,0.2726,1572,21.1,true,true
St. Thomas::canaleschamizoignacio,"Canales Chamizo, Ignacio",St. Thomas,Summit,2026,32,4,182,0,0,1,1,0,0.0,false,0,0.294,0.3074,1208,41.1,true,true
Manhattan::asplinrowleymax,"Asplin-Rowley, Max",Manhattan,Metro,2026,3,2,179,0,0,2,1,0,0.0,false,0,0.294,0.3089,1225,41.8,true,true
Georgia Southern::steelefinn,"Steele, Finn",Georgia Southern,Sun Belt,2026,17,3,218,0,0,1,1,0,0.0,false,0,0.293,0.2908,1453,31.3,true,true
Mercyhurst::andersonjacob,"Anderson, Jacob",Mercyhurst,NEC,2026,4,3,270,0,0,1,1,0,0.0,false,0,0.293,0.2698,1483,19.9,true,true
Mercyhurst::chinchillajoe,"Chinchilla, Joe",Mercyhurst,NEC,2026,11,3,55,0,0,1,1,0,0.0,false,0,0.293,0.3846,1483,63.8,false,true
University of Southern Indiana::morrisgarrett,"Morris, Garrett",University of Southern Indiana,Ohio Valley,2026,22,2,87,0,0,1,1,0,0.0,false,0,0.293,0.3616,1392,58.5,false,true
CSU Bakersfield::jacksonmpawenayo,"Jackson, Mpawenayo",CSU Bakersfield,Other / Non-D1,2026,21,1,3,0,0,1,1,0,0.0,false,0,0.292,0.4286,1443,73.1,false,false
CSU Bakersfield::cazarescharlie,"Cazares, Charlie",CSU Bakersfield,Other / Non-D1,2026,24,1,19,0,0,1,1,0,0.0,false,0,0.292,0.4140,1443,70.1,false,false
Loyola Chicago::janjicpetar,"Janjic, Petar",Loyola Chicago,Atlantic 10,2026,9,2,30,0,0,1,1,0,0.0,false,0,0.292,0.4044,1399,68.2,false,true
Grand Canyon::salamatoto,"Salama, Toto",Grand Canyon,Mountain West,2026,21,2,110,0,0,1,1,0,0.0,false,0,0.291,0.3466,1388,53.7,true,true
Detroit Mercy::crookszander,"Crooks, Zander",Detroit Mercy,Horizon,2026,8,3,270,0,0,2,1,0,0.0,false,0,0.291,0.2696,1446,19.8,true,true
Gardner-Webb::luengohugo,"Luengo, Hugo",Gardner-Webb,Big South,2026,5,1,30,0,0,1,1,0,0.0,false,0,0.291,0.4043,1440,68.2,false,true
Gardner-Webb::gravelaxelambroise,"Gravel, Axel-Ambroise",Gardner-Webb,Big South,2026,10,2,66,0,0,1,1,0,0.0,false,0,0.291,0.3761,1497,62.2,false,true
University of Evansville::ravellietienne,"Ravelli, Etienne",University of Evansville,Missouri Valley,2026,5,3,261,0,0,1,1,0,0.0,false,0,0.291,0.2729,1612,21.2,true,true
University of Evansville::timnlvaro,"Timón, Álvaro",University of Evansville,Missouri Valley,2026,10,3,107,0,0,1,1,0,0.0,false,0,0.291,0.3483,1612,54.3,true,true
Columbia University::changpeter,"Chang, Peter",Columbia University,Ivy,2026,25,1,30,0,0,1,1,0,0.0,false,0,0.290,0.4040,1435,68.2,false,true
Columbia University::milsteinben,"Milstein, Ben",Columbia University,Ivy,2026,12,1,33,0,0,1,1,0,0.0,false,0,0.290,0.4015,1435,67.4,false,true
Penn State::granttoby,"Grant, Toby",Penn State,Big Ten,2026,19,3,270,0,0,2,1,0,0.0,false,0,0.289,0.2692,1523,19.7,true,true
Penn State::lasoggarecketienne,"Lasogga-Reck, Etienne",Penn State,Big Ten,2026,32,2,139,0,0,2,1,0,0.0,false,0,0.289,0.3291,1460,48.9,true,true
Air Force::grubbsaidan,"Grubbs, Aidan",Air Force,Mountain West,2026,13,3,128,0,0,1,1,0,0.0,false,0,0.289,0.3353,1418,50.7,true,true
Air Force::gonimarcos,"Goni, Marcos",Air Force,Mountain West,2026,24,2,8,0,0,1,1,0,0.0,false,0,0.289,0.4232,1447,72,false,true
West Florida::simkinssawyer,"Simkins, Sawyer",West Florida,Other / Non-D1,2026,19,3,73,0,0,1,1,0,0.0,false,0,0.288,0.3706,1423,60.9,false,false
West Florida::suareznicolas,"Suarez, Nicolas",West Florida,Other / Non-D1,2026,20,3,72,0,0,1,1,0,0.0,false,0,0.288,0.3713,1423,61.2,false,false
West Florida::christiansendane,"Christiansen, Dane",West Florida,Other / Non-D1,2026,24,4,266,0,0,1,1,0,0.0,false,0,0.288,0.2707,1416,20.3,true,false
FAU::rogersmitchell,"Rogers, Mitchell",FAU,American,2026,28,4,58,0,0,1,1,0,0.0,false,0,0.288,0.3814,1616,62.9,false,true
Sacramento State::romualdomateus,"Romualdo, Mateus",Sacramento State,Big West,2026,20,2,76,0,0,1,1,0,0.0,false,0,0.287,0.3683,1555,60.3,false,true
Michigan State::grekowiczjake,"Grekowicz, Jake",Michigan State,Big Ten,2026,1,4,352,0,0,0,0,1,0.0,true,1,0.287,0.2415,1436,8.4,true,true
Milwaukee::bretzmannjack,"Bretzmann, Jack",Milwaukee,Horizon,2026,20,2,47,0,0,3,1,0,0.0,false,0,0.287,0.3897,1050,65.1,false,true
Houston Christian::heepsharvey,"Heeps, Harvey",Houston Christian,Ohio Valley,2026,1,3,270,0,0,0,0,1,0.0,true,1,0.287,0.2690,1439,19.5,true,true
Lindenwood::hammesalexander,"Hammes, Alexander",Lindenwood,Ohio Valley,2026,20,2,21,0,0,2,1,0,0.0,false,0,0.287,0.4111,1246,69.4,false,true
La Salle::parksgrayson,"Parks, Grayson",La Salle,Atlantic 10,2026,13,3,135,0,0,2,1,0,0.0,false,0,0.286,0.3310,1433,49.4,true,true
Presbyterian::lesliegabriel,"Leslie, Gabriel",Presbyterian,Big South,2026,7,4,140,0,0,2,1,0,0.0,false,0,0.286,0.3281,1280,48.7,true,true
Presbyterian::belaidaylan,"Belaid, Aylan",Presbyterian,Big South,2026,16,4,90,0,0,2,1,0,0.0,false,0,0.286,0.3585,1280,57.6,false,true
Jacksonville::potterspencer,"Potter, Spencer",Jacksonville,ASUN,2026,16,3,218,0,0,1,1,0,0.0,false,0,0.286,0.2898,1451,30.5,true,true
Jacksonville::tamashirokai,"Tamashiro, Kai",Jacksonville,ASUN,2026,17,3,126,0,0,1,1,0,0.0,false,0,0.286,0.3361,1451,50.9,true,true
Bellarmine::smithbrady,"Smith, Brady",Bellarmine,ASUN,2026,5,3,139,0,0,1,1,0,0.0,false,0,0.285,0.3286,1497,48.8,true,true
Boston University::robinsonchinelo,"Robinson, Chinelo",Boston University,Patriot,2026,13,3,82,0,0,1,1,0,0.0,false,0,0.284,0.3636,1583,59,false,true
UConn::emerhigrant,"Emerhi, Grant",UConn,Big East,2026,17,4,187,0,0,1,1,0,0.0,false,0,0.284,0.3036,1563,38.6,true,true
Bryant::mayapablo,"Maya, Pablo",Bryant,America East,2026,19,2,92,0,0,1,1,0,0.0,false,0,0.284,0.3568,1445,57.1,true,true
Marquette::mullinsdrew,"Mullins, Drew",Marquette,Big East,2026,23,4,105,0,0,1,1,0,0.0,false,0,0.283,0.3484,1473,54.4,true,true
Longwood::martinezvicent,"Martinez, Vicent",Longwood,Big South,2026,17,2,66,0,0,2,1,0,0.0,false,0,0.283,0.3747,1360,61.8,false,true
Iona::becerraandres,"Becerra, Andres",Iona,Metro,2026,2,3,144,0,0,1,1,0,0.0,false,0,0.283,0.3255,1580,48,true,true
Iona::schuttflorian,"Schutt, Florian",Iona,Metro,2026,5,3,258,0,0,1,1,0,0.0,false,0,0.283,0.2731,1580,21.4,true,true
Holy Cross::moodeynoah,"Moodey, Noah",Holy Cross,Other / Non-D1,2026,24,2,114,0,0,1,1,0,0.0,false,0,0.282,0.3427,1415,52.8,true,false
Temple University::sullivanaaron,"Sullivan , Aaron",Temple University,American,2026,34,3,270,0,0,1,1,0,0.0,false,0,0.282,0.2684,1505,19.2,true,true
Presbyterian::burdettebryce,"Burdette, Bryce",Presbyterian,Big South,2026,17,4,344,0,0,2,1,0,0.0,false,0,0.282,0.2434,1280,9,true,true
NJIT::davisriley,"Davis, Riley",NJIT,America East,2026,13,3,223,0,0,2,1,0,0.0,false,0,0.282,0.2871,1404,29.2,true,true
NJIT::takesadaharusumi,"Takesada, Harusumi",NJIT,America East,2026,21,3,115,0,0,2,1,0,0.0,false,0,0.282,0.3420,1404,52.5,true,true
Incarnate Word::ordonezdaniel,"Ordonez, Daniel",Incarnate Word,Other / Non-D1,2026,8,2,23,0,0,1,1,0,0.0,false,0,0.282,0.4084,1460,69.1,false,false
Incarnate Word::longzion,"Long, Zion",Incarnate Word,Other / Non-D1,2026,11,2,77,0,0,1,1,0,0.0,false,0,0.282,0.3666,1460,59.7,false,false
Incarnate Word::gardidorian,"Gardi, Dorian",Incarnate Word,Other / Non-D1,2026,19,2,90,0,0,1,1,0,0.0,false,0,0.282,0.3578,1460,57.3,false,false
Houston Christian::lezahans,"Leza, Hans",Houston Christian,Ohio Valley,2026,26,2,162,0,0,1,1,0,0.0,false,0,0.281,0.3156,1439,44.7,true,true
Winthrop::brindleyeuan,"Brindley, Euan",Winthrop,Big South,2026,1,2,180,0,0,0,0,3,1.0,true,1,0.281,0.3066,1391,40.4,true,true
North Florida::schachererpaul,"Schacherer, Paul",North Florida,ASUN,2026,5,3,212,0,0,1,1,0,0.0,false,0,0.281,0.2917,1512,31.7,true,true
Lehigh::robertsonthomas,"Robertson, Thomas",Lehigh,Patriot,2026,10,2,118,0,0,1,1,0,0.0,false,0,0.281,0.3400,1505,52,true,true
Bowling Green::lindhmichael,"Lindh, Michael",Bowling Green,Other / Non-D1,2026,18,4,10,0,0,1,1,0,0.0,false,0,0.280,0.4197,1407,71.4,false,false
Mount St. Mary's::cherifabou,"Cherif, Abou",Mount St. Mary's,Metro,2026,9,1,74,0,0,1,1,0,0.0,false,0,0.280,0.3684,1404,60.3,false,true
USC Upstate::montgomeryjayden,"Montgomery, Jayden",USC Upstate,Big South,2026,25,3,100,0,0,2,1,0,0.0,false,0,0.279,0.3509,1382,55.4,true,true
Butler::watsonadam,"Watson, Adam",Butler,Big East,2026,10,4,136,0,0,1,1,0,0.0,false,0,0.279,0.3293,1510,48.9,true,true
New Hampshire::mcconnochiearturo,"McConnochie, Arturo",New Hampshire,America East,2026,17,3,56,0,0,1,1,0,0.0,false,0,0.278,0.3812,1592,62.8,false,true
New Hampshire::corinoromeo,"Corino, Romeo",New Hampshire,America East,2026,23,3,19,0,0,1,1,0,0.0,false,0,0.278,0.4113,1592,69.4,false,true
Detroit Mercy::kadiudaniel,"Kadiu, Daniel",Detroit Mercy,Horizon,2026,6,3,234,0,0,2,1,0,0.0,false,0,0.278,0.2820,1446,25.8,true,true
Wake Forest::kuiselwill,"Kuisel, Will",Wake Forest,ACC,2026,15,4,164,0,0,4,0,0,0.0,false,0,0.278,0.3141,1593,44.1,true,true
Wright State::panaitdaniel,"Panait, Daniel",Wright State,Horizon,2026,15,4,197,0,0,2,1,0,0.0,false,0,0.278,0.2981,1399,35.3,true,true
Georgia Southern::orrasonthengill,"Orrason, Thengill",Georgia Southern,Sun Belt,2026,4,3,270,0,0,1,1,0,0.0,false,0,0.278,0.2678,1453,19.1,true,true
UNLV::mondijose,"Mondi, Jose",UNLV,Mountain West,2026,21,1,19,0,0,1,1,0,0.0,false,0,0.277,0.4110,1393,69.4,false,true
George Washington::dicksonaxel,"Dickson, Axel",George Washington,Atlantic 10,2026,7,2,74,0,0,2,1,0,0.0,false,0,0.276,0.3678,1393,60,false,true
Randolph::conboynick,"Conboy, Nick",Randolph,Other / Non-D1,2026,11,1,77,0,0,2,1,0,0.0,false,0,0.275,0.3655,1233,59.5,false,false
CCSU::gallaghercaden,"Gallagher, Caden",CCSU,Other / Non-D1,2026,19,2,120,0,0,1,1,0,0.0,false,0,0.275,0.3379,1336,51.3,true,false
Missouri State::cullumdanny,"Cullum, Danny",Missouri State,American,2026,1,3,90,0,0,0,0,3,1.0,true,1,0.275,0.3566,1273,57,false,true
Charlotte::francousamuel,"Francou, Samuel",Charlotte,American,2026,8,3,159,0,0,1,1,0,0.0,false,0,0.271,0.3157,1655,44.8,true,true
Rider University::lucasaxel,"Lucas, Axel",Rider University,Metro,2026,7,3,270,0,0,5,0,0,0.0,false,0,0.268,0.2667,1404,18.5,true,true
DePaul::egermatt,"Eger, Matt",DePaul,Big East,2026,25,4,277,0,0,1,1,0,0.0,false,0,0.268,0.2640,1429,15.7,true,true
Liberty::swinehartdylan,"Swinehart, Dylan",Liberty,Southern,2026,18,3,46,0,0,1,1,0,0.0,false,0,0.267,0.3869,1579,64.4,false,true
Liberty::ramosjayden,"Ramos, Jayden",Liberty,Southern,2026,12,3,52,0,0,1,1,0,0.0,false,0,0.267,0.3822,1579,62.9,false,true
Delaware::floresedwin,"Flores, Edwin",Delaware,Summit,2026,29,3,248,0,0,2,1,0,0.0,false,0,0.267,0.2749,1424,22.2,true,true
Butler::demiguelnacho,"de Miguel, Nacho",Butler,Big East,2026,8,3,152,0,0,1,1,0,0.0,false,0,0.266,0.3185,1419,46,true,true
Lehigh::coughlinshea,"Coughlin, Shea",Lehigh,Patriot,2026,7,2,157,0,0,4,0,0,0.0,false,0,0.264,0.3157,1505,44.8,true,true
Saint Joseph's::sullivandeclan,"Sullivan, Declan",Saint Joseph's,Atlantic 10,2026,33,3,241,0,0,2,1,0,0.0,false,0,0.264,0.2773,1255,23.5,true,true
Ohio State::townhillryan,"Townhill, Ryan",Ohio State,Big Ten,2026,15,2,31,0,0,1,1,0,0.0,false,0,0.263,0.3982,1434,66.7,false,true
Ohio State::trivisonnosam,"Trivisonno, Sam",Ohio State,Big Ten,2026,16,2,19,0,0,1,1,0,0.0,false,0,0.263,0.4084,1434,69,false,true
Bradley::knottsluke,"Knotts, Luke",Bradley,Other / Non-D1,2026,26,1,10,0,0,1,1,0,0.0,false,0,0.261,0.4160,1342,70.6,false,false
South Carolina::nickersongabriel,"Nickerson, Gabriel",South Carolina,Sun Belt,2026,30,2,52,0,0,1,1,0,0.0,false,0,0.261,0.3811,1549,62.8,false,true
University of Southern Indiana::stevensnolan,"Stevens, Nolan",University of Southern Indiana,Ohio Valley,2026,12,2,103,0,0,1,1,0,0.0,false,0,0.260,0.3458,1392,53.5,true,true
University of Southern Indiana::nakamaeahiro,"Nakamae, Ahiro",University of Southern Indiana,Ohio Valley,2026,16,2,180,0,0,1,1,0,0.0,false,0,0.260,0.3036,1392,38.6,true,true
Grand Canyon::hermittealan,"Hermitte, Alan",Grand Canyon,Mountain West,2026,12,3,43,0,0,1,1,0,0.0,false,0,0.259,0.3877,1528,64.7,false,true
Jacksonville::holtantobias,"Holtan, Tobias",Jacksonville,ASUN,2026,10,2,31,0,0,1,1,0,0.0,false,0,0.258,0.3973,1466,66.6,false,true
UC Riverside::walkerethan,"Walker, Ethan",UC Riverside,Pac-12,2026,13,3,270,0,0,4,0,0,0.0,false,0,0.258,0.2654,1564,16.2,true,true
Ferrum::szikszaikaspar,"Szikszai, Kaspar",Ferrum,Other / Non-D1,2026,9,1,47,0,0,1,1,0,0.0,false,0,0.256,0.3841,1327,63.5,false,false
Ferrum::laframboisemax,"LaFramboise, Max",Ferrum,Other / Non-D1,2026,30,1,52,0,0,1,1,0,0.0,false,0,0.256,0.3803,1327,62.7,false,false
West Florida::castilloismael,"Castillo, Ismael",West Florida,Other / Non-D1,2026,14,2,56,0,0,1,1,0,0.0,false,0,0.255,0.3770,1419,62.3,false,false
Drake::kipnusupreston,"Kipnusu, Preston",Drake,Missouri Valley,2026,14,2,29,0,0,1,1,0,0.0,false,0,0.255,0.3983,1491,66.7,false,true
Belmont University::schlegelethan,"Schlegel, Ethan",Belmont University,Missouri Valley,2026,27,3,216,0,0,1,1,0,0.0,false,0,0.254,0.2864,1330,28.3,true,true
Merrimack College::grigoryanvlad,"Grigoryan, Vlad",Merrimack College,Metro,2026,21,2,17,0,0,1,1,0,0.0,false,0,0.254,0.4084,1421,69,false,true
Merrimack College::plantzbaischpedro,"Plantz Baisch, Pedro",Merrimack College,Metro,2026,23,1,57,0,0,1,1,0,0.0,false,0,0.254,0.3762,1320,62.2,false,true
St. Bonaventure::shillingtoncallum,"Shillington, Callum",St. Bonaventure,Atlantic 10,2026,6,3,267,0,0,1,1,0,0.0,false,0,0.254,0.2660,1437,16.5,true,true
St. Bonaventure::mcfallalistair,"McFall, Alistair",St. Bonaventure,Atlantic 10,2026,7,3,112,0,0,1,1,0,0.0,false,0,0.254,0.3393,1437,51.8,true,true
Elon::whartonalex,"Wharton, Alex",Elon,Other / Non-D1,2026,11,2,6,0,0,1,1,0,0.0,false,0,0.254,0.4182,1441,71,false,false
Cleveland State::rameesuzman,"Ramees, Uzman",Cleveland State,Horizon,2026,11,2,86,0,0,4,0,0,0.0,false,0,0.254,0.3557,1391,56.9,false,true
Belmont University::fergusonnathan,"Ferguson, Nathan",Belmont University,Missouri Valley,2026,9,3,173,0,0,5,0,0,0.0,false,0,0.252,0.3059,1330,40.1,true,true
CSUN::fuentessebastian,"Fuentes, Sebastian",CSUN,Other / Non-D1,2026,2,2,131,0,0,4,0,0,0.0,false,0,0.250,0.3277,1473,48.6,true,false
Western Illinois::hufnaglejason,"Hufnagle, Jason",Western Illinois,Ohio Valley,2026,19,3,161,0,0,1,1,0,0.0,false,0,0.250,0.3115,1300,43.4,true,true
Western Illinois::kingbrodie,"King, Brodie",Western Illinois,Ohio Valley,2026,23,2,9,0,0,1,1,0,0.0,false,0,0.250,0.4147,1320,70.3,false,true
St. John's::wilhelmsenaron,"Wilhelmsen, Aron",St. John's,Big East,2026,7,2,78,0,0,1,1,0,0.0,false,0,0.249,0.3604,1419,58.2,false,true
St. Bonaventure::lustigethan,"Lustig, Ethan",St. Bonaventure,Atlantic 10,2026,19,3,61,0,0,1,1,0,0.0,false,0,0.249,0.3724,1437,61.4,false,true
Brown::pereyramateo,"Pereyra, Mateo",Brown,Ivy,2026,14,1,37,0,0,1,1,0,0.0,false,0,0.249,0.3906,1303,65.2,false,true
Northern Kentucky::jervieriitre,"Jervier II, Tre",Northern Kentucky,Horizon,2026,28,1,75,0,0,2,1,0,0.0,false,0,0.248,0.3623,1160,58.7,false,true
North Florida::riosrafa,"Rios, Rafa",North Florida,ASUN,2026,4,3,270,0,0,4,0,0,0.0,false,0,0.244,0.2637,1512,15.7,true,true
VMI::benjaminamari,"Benjamin, Amari",VMI,Southern,2026,8,6,393,0,0,2,1,0,0.0,false,0,0.244,0.2252,1259,3.9,true,true
Regent::houseknechtjack,"Houseknecht, Jack",Regent,Other / Non-D1,2026,8,1,72,0,0,2,1,0,0.0,false,0,0.244,0.3637,1145,59,false,false
Regent::penningtoncollin,"Pennington, Collin",Regent,Other / Non-D1,2026,14,1,49,0,0,2,1,0,0.0,false,0,0.244,0.3804,1145,62.7,false,false
UC Davis::bullochmichael,"Bulloch, Michael",UC Davis,Mountain West,2026,23,4,244,0,0,1,1,0,0.0,false,0,0.243,0.2734,1517,21.4,true,true
Northeastern::ibeanuuba,"Ibeanu, Uba",Northeastern,CAA,2026,12,4,335,0,0,1,1,0,0.0,false,0,0.243,0.2417,1416,8.5,true,true
CCSU::lockekaden,"Locke, Kaden",CCSU,Other / Non-D1,2026,11,2,62,0,0,1,1,0,0.0,false,0,0.243,0.3705,1336,60.9,false,false
Manhattan::donadionicolo,"Donadio, Nicolo",Manhattan,Metro,2026,4,2,180,0,0,1,1,0,0.0,false,0,0.242,0.3010,1225,37.3,true,true
Utah Tech::reginomiguel,"Regino, Miguel",Utah Tech,Mountain West,2026,2,4,291,0,0,1,1,0,0.0,false,0,0.240,0.2556,1353,12.5,true,true
Gonzaga::dovalematthew,"Dovale, Matthew",Gonzaga,Pac-12,2026,0,2,45,0,0,0,0,1,0.0,true,1,0.239,0.3826,1568,63,false,true
Green Bay::swancuttdrew,"Swancutt, Drew",Green Bay,Other / Non-D1,2026,1,3,270,0,0,0,0,3,1.0,true,1,0.238,0.2629,1457,15.4,true,false
Drexel::santanagustavo,"Santana, Gustavo",Drexel,CAA,2026,3,3,270,0,0,1,1,0,0.0,false,0,0.237,0.2627,1362,15.3,true,true
Lindenwood::kreitzjosh,"Kreitz, Josh",Lindenwood,Ohio Valley,2026,24,2,33,0,0,1,1,0,0.0,false,0,0.236,0.3916,1246,65.3,false,true
Le Moyne College::michittigiuliano,"Michitti, Giuliano",Le Moyne College,NEC,2026,11,4,281,0,0,1,1,0,0.0,false,0,0.236,0.2587,1348,13.7,true,true
Le Moyne College::martinezdiego,"Martinez, Diego",Le Moyne College,NEC,2026,5,2,21,0,0,1,1,0,0.0,false,0,0.236,0.4015,1400,67.4,false,true
Presbyterian::pedrosogui,"Pedroso, Gui",Presbyterian,Big South,2026,14,4,98,0,0,1,1,0,0.0,false,0,0.236,0.3451,1280,53.2,true,true
Western Illinois::harrisbruce,"Harris, Bruce",Western Illinois,Ohio Valley,2026,22,3,174,0,0,1,1,0,0.0,false,0,0.236,0.3030,1300,38.1,true,true
Milwaukee::stevensriley,"Stevens, Riley",Milwaukee,Horizon,2026,11,3,180,0,0,5,0,0,0.0,false,0,0.236,0.3001,1194,36.7,true,true
Milwaukee::nozawaroy,"Nozawa, Roy",Milwaukee,Horizon,2026,23,3,93,0,0,5,0,0,0.0,false,0,0.236,0.3482,1194,54.2,true,true
University of Illinois Springfield::lemkebergsethrobin,"Lemke Bergseth, Robin",University of Illinois Springfield,Other / Non-D1,2026,9,1,70,0,0,1,1,0,0.0,false,0,0.235,0.3635,1259,59,false,false
Delaware::fieldbeckett,"Field, Beckett",Delaware,Summit,2026,26,3,144,0,0,5,0,0,0.0,false,0,0.234,0.3181,1424,45.7,true,true
Longwood::gaertnerbenjamin,"Gaertner, Benjamin",Longwood,Big South,2026,21,1,44,0,0,1,1,0,0.0,false,0,0.234,0.3824,1254,63,false,true
Northern Kentucky::robertsnate,"Roberts, Nate",Northern Kentucky,Horizon,2026,6,3,248,0,0,4,0,0,0.0,false,0,0.233,0.2706,1325,20.3,true,true
UNC Wilmington::coatesjacob,"Coates, Jacob",UNC Wilmington,CAA,2026,18,3,95,0,0,3,0,0,0.0,false,0,0.233,0.3465,1589,53.7,true,true
Bucknell::coughlinnate,"Coughlin, Nate",Bucknell,Patriot,2026,22,3,185,0,0,3,0,0,0.0,false,0,0.233,0.2973,1620,34.8,true,true
VCU::ibrahimmohammed,"Ibrahim, Mohammed",VCU,Atlantic 10,2026,14,3,76,0,0,3,0,0,0.0,false,0,0.232,0.3589,1684,57.7,false,true
Stetson::hausermaurice,"Hauser, Maurice",Stetson,ASUN,2026,9,3,132,0,0,3,0,0,0.0,false,0,0.232,0.3243,1545,47.8,true,true
Rhode Island::frobergconnor,"Froberg, Connor",Rhode Island,Atlantic 10,2026,20,3,135,0,0,1,1,0,0.0,false,0,0.231,0.3225,1432,47.4,true,true
Cleveland State::bozovicognjen,"Bozovic, Ognjen",Cleveland State,Horizon,2026,8,2,144,0,0,1,1,0,0.0,false,0,0.230,0.3175,1391,45.6,true,true
Cleveland State::bravosanchezadrian,"Bravo-Sanchez, Adrian",Cleveland State,Horizon,2026,23,2,169,0,0,1,1,0,0.0,false,0,0.230,0.3047,1391,39.4,true,true
UC Irvine::arteagajames,"Arteaga, James",UC Irvine,Big West,2026,14,3,65,0,0,3,0,0,0.0,false,0,0.230,0.3661,1517,59.6,false,true
Army::cullumriley,"Cullum, Riley",Army,Patriot,2026,7,4,117,0,0,3,0,0,0.0,false,0,0.228,0.3323,1432,49.8,true,true
NJIT::leejunee,"Lee, Junee",NJIT,America East,2026,24,3,107,0,0,4,0,0,0.0,false,0,0.228,0.3381,1404,51.5,true,true
Randolph::colesmichael,"Coles, Michael",Randolph,Other / Non-D1,2026,31,1,6,0,0,1,1,0,0.0,false,0,0.227,0.4129,1233,69.6,false,false
Belmont University::stokesjaxon,"Stokes, Jaxon",Belmont University,Missouri Valley,2026,12,3,186,0,0,1,1,0,0.0,false,0,0.227,0.2960,1330,34.1,true,true
Bradley::heronarchie,"Heron, Archie",Bradley,Other / Non-D1,2026,18,3,250,0,0,4,0,0,0.0,false,0,0.227,0.2689,1379,19.5,true,false
Villanova::cramptonbrody,"Crampton, Brody",Villanova,Big East,2026,4,3,270,0,0,1,1,0,0.0,false,0,0.224,0.2612,1449,14.6,true,true
Boston College::bejarchristian,"Bejar, Christian",Boston College,ACC,2026,3,3,255,0,0,4,0,0,0.0,false,0,0.224,0.2667,1399,18.6,true,true
Seton Hall::mattssonloke,"Mattsson, Loke",Seton Hall,Big East,2026,7,3,266,0,0,3,0,0,0.0,false,0,0.224,0.2625,1580,15.1,true,true
Winthrop::storylogan,"Story, Logan",Winthrop,Big South,2026,14,2,104,0,0,1,1,0,0.0,false,0,0.223,0.3393,1391,51.8,true,true
Winthrop::morganbrandon,"Morgan, Brandon",Winthrop,Big South,2026,26,2,22,0,0,1,1,0,0.0,false,0,0.223,0.3982,1391,66.7,false,true
Georgia State::jaukovicleo,"Jaukovic, Leo",Georgia State,Sun Belt,2026,24,3,84,0,0,1,1,0,0.0,false,0,0.222,0.3518,1372,55.7,false,true
San Diego State::ballaghcarson,"Ballagh, Carson",San Diego State,Pac-12,2026,8,4,312,0,0,1,1,0,0.0,false,0,0.221,0.2464,1369,9.8,true,true
West Virginia::londonozapatatyler,"Londono Zapata, Tyler",West Virginia,Sun Belt,2026,8,3,224,0,0,3,0,0,0.0,false,0,0.221,0.2785,1632,24.2,true,true
UConn::adorabel,"Ador, Abel",UConn,Big East,2026,6,4,268,0,0,3,0,0,0.0,false,0,0.220,0.2614,1563,14.7,true,true
Omaha::silvaian,"Silva, Ian",Omaha,Summit,2026,10,3,89,0,0,1,1,0,0.0,false,0,0.220,0.3482,1348,54.3,false,true
UC Santa Barbara::methvinjakob,"Methvin, Jakob",UC Santa Barbara,Big West,2026,16,3,78,0,0,3,0,0,0.0,false,0,0.220,0.3553,1613,56.7,false,true
Portland::mendozachristian,"Mendoza, Christian",Portland,West Coast,2026,6,3,220,0,0,3,0,0,0.0,false,0,0.219,0.2800,1772,24.9,true,true
New Hampshire::cashreed,"Cash, Reed",New Hampshire,America East,2026,22,3,178,0,0,3,0,0,0.0,false,0,0.219,0.2987,1592,35.8,true,true
Virginia Tech::ledinleo,"Ledin, Leo",Virginia Tech,ACC,2026,1,1,19,0,0,0,0,1,0.0,true,1,0.219,0.3999,1192,67.1,false,true
Stonehill College::sullivanethan,"Sullivan, Ethan",Stonehill College,NEC,2026,14,3,177,0,0,1,1,0,0.0,false,0,0.218,0.2991,1371,35.9,true,true
Johnson & Wales (N.C.)::ramirezalan,"Ramirez, Alan",Johnson & Wales (N.C.),Other / Non-D1,2026,10,1,38,0,0,1,1,0,0.0,false,0,0.218,0.3841,1203,63.5,false,false
FDU::giraudothomas,"Giraudo, Thomas",FDU,Other / Non-D1,2026,6,3,213,0,0,1,1,0,0.0,false,0,0.218,0.2827,1335,26.3,true,false
Presbyterian::furumotohayate,"Furumoto, Hayate",Presbyterian,Big South,2026,3,2,108,0,0,1,1,0,0.0,false,0,0.217,0.3359,1339,50.8,true,true
Rutgers::diponziofrancesco,"Di Ponzio, Francesco",Rutgers,Big Ten,2026,22,3,114,0,0,3,0,0,0.0,false,0,0.217,0.3322,1598,49.7,true,true
Loyola Marymount::dadekymani,"Dade, Ky Mani",Loyola Marymount,West Coast,2026,22,4,315,0,0,0,0,7,3.0,true,2,0.217,0.2449,1695,9.4,true,true
Stony Brook::hansentobias,"Hansen, Tobias",Stony Brook,CAA,2026,9,3,221,0,0,3,0,0,0.0,false,0,0.216,0.2792,1542,24.4,true,true
Notre Dame::bartlettnico,"Bartlett, Nico",Notre Dame,ACC,2026,8,3,98,0,0,3,0,0,0.0,false,0,0.216,0.3418,1653,52.5,true,true
Sacred Heart::losfablosdaniel,"Losfablos, Daniel",Sacred Heart,Metro,2026,8,3,262,0,0,3,0,0,0.0,false,0,0.214,0.2628,1567,15.4,true,true
Niagara::tezukareon,"Tezuka, Reon",Niagara,Metro,2026,9,3,233,0,0,3,0,0,0.0,false,0,0.213,0.2739,1599,21.7,true,true
Akron::morcktyler,"Morck, Tyler",Akron,Big East,2026,8,3,261,0,0,3,0,0,0.0,false,0,0.213,0.2631,1581,15.4,true,true
New Haven::henryrichard,"Henry, Richard",New Haven,NEC,2026,23,3,108,0,0,3,0,0,0.0,false,0,0.212,0.3351,1630,50.7,true,true
Vermont::bangurahalim,"Bangura, Halim",Vermont,America East,2026,17,3,239,0,0,3,0,0,0.0,false,0,0.212,0.2713,1544,20.8,true,true
Indiana::muradorclay,"Murador, Clay",Indiana,Big Ten,2026,20,4,166,0,0,3,0,0,0.0,false,0,0.211,0.3034,1524,38.5,true,true
Marist::coulangesrafael,"Coulanges, Rafael",Marist,Metro,2026,15,2,44,0,0,1,1,0,0.0,false,0,0.211,0.3781,1448,62.5,false,true
Lipscomb::valcarcemarinalejandro,"Valcarce Marin, Alejandro",Lipscomb,ASUN,2026,20,2,176,0,0,3,0,0,0.0,false,0,0.210,0.2983,1562,35.5,true,true
Purdue Fort Wayne::habibisep,"Habibi, Sep",Purdue Fort Wayne,Horizon,2026,1,2,180,0,0,0,0,5,2.0,true,1,0.208,0.2961,1566,34.3,true,true
Davidson College::thissellmatthew,"Thissell, Matthew",Davidson College,Atlantic 10,2026,11,2,150,0,0,3,0,0,0.0,false,0,0.207,0.3107,1538,43.1,true,true
Drake::delongsam,"DeLong, Sam",Drake,Missouri Valley,2026,5,4,350,0,0,3,0,0,0.0,false,0,0.206,0.2330,1437,4.5,true,true
Rhode Island::kalinamaksim,"Kalina, Maksim",Rhode Island,Atlantic 10,2026,5,3,270,0,0,4,0,0,0.0,false,0,0.205,0.2588,1432,13.8,true,true
Clemson::scottchristian,"Scott, Christian",Clemson,ACC,2026,8,3,128,0,0,3,0,0,0.0,false,0,0.205,0.3223,1539,47.3,true,true
George Washington::macauleytom,"Macauley, Tom",George Washington,Atlantic 10,2026,1,2,180,0,0,0,0,8,3.0,true,2,0.205,0.2957,1393,34,true,true
South Florida::zujovicluka,"Zujovic, Luka",South Florida,American,2026,6,3,237,0,0,1,1,0,0.0,false,0,0.204,0.2710,1383,20.7,true,true
James Madison::nnawuchiikenna,"Nnawuchi, Ikenna",James Madison,Sun Belt,2026,14,3,270,0,0,1,1,0,0.0,false,0,0.202,0.2584,1356,13.5,true,true
Missouri State::cliftwill,"Clift, Will",Missouri State,American,2026,21,3,41,0,0,1,1,0,0.0,false,0,0.201,0.3788,1273,62.6,false,true
Lindenwood::rodriguezivan,"Rodriguez, Ivan",Lindenwood,Ohio Valley,2026,19,2,21,0,0,1,1,0,0.0,false,0,0.201,0.3949,1096,66.1,false,true
St. Thomas::deslongchampszachary,"Deslongchamps, Zachary",St. Thomas,Summit,2026,15,3,99,0,0,1,1,0,0.0,false,0,0.201,0.3388,1128,51.7,true,true
Milwaukee::courseyphoenix,"Coursey, Phoenix",Milwaukee,Horizon,2026,22,3,178,0,0,1,1,0,0.0,false,0,0.201,0.2962,1194,34.4,true,true
Milwaukee::goodmanmitch,"Goodman, Mitch",Milwaukee,Horizon,2026,25,3,270,0,0,1,1,0,0.0,false,0,0.201,0.2583,1194,13.5,true,true
Regent::fergusonjones,"Ferguson, Jones",Regent,Other / Non-D1,2026,7,1,90,0,0,1,1,0,0.0,false,0,0.201,0.3444,1145,53.1,false,false
Regent::rizornathan,"Rizor, Nathan",Regent,Other / Non-D1,2026,19,1,52,0,0,1,1,0,0.0,false,0,0.201,0.3705,1145,60.9,false,false
Milwaukee::salasmax,"Salas, Max",Milwaukee,Horizon,2026,10,2,50,0,0,1,1,0,0.0,false,0,0.201,0.3720,1221,61.4,false,true
Oakland::abdulrazzakkinan,"Abdulrazzak, Kinan",Oakland,Horizon,2026,19,3,100,0,0,3,0,0,0.0,false,0,0.200,0.3380,1532,51.3,true,true
UNC Wilmington::stewartgrant,"Stewart, Grant",UNC Wilmington,CAA,2026,7,3,195,0,0,3,0,0,0.0,false,0,0.200,0.2881,1589,29.8,true,true
George Washington::perezrocky,"Perez, Rocky",George Washington,Atlantic 10,2026,25,3,242,0,0,3,0,0,0.0,false,0,0.199,0.2685,1426,19.3,true,true
Northern Kentucky::kapicalen,"Kapic, Alen",Northern Kentucky,Horizon,2026,11,2,95,0,0,4,0,0,0.0,false,0,0.199,0.3409,1257,52.2,true,true
West Virginia::smithbraedon,"Smith, Braedon",West Virginia,Sun Belt,2026,19,3,112,0,0,3,0,0,0.0,false,0,0.198,0.3305,1632,49.2,true,true
San Jose State::duartefernando,"Duarte, Fernando",San Jose State,Mountain West,2026,6,3,262,0,0,3,0,0,0.0,false,0,0.197,0.2607,1541,14.4,true,true
Hofstra::yorkjames,"York, James",Hofstra,CAA,2026,8,3,270,0,0,3,0,0,0.0,false,0,0.195,0.2575,1505,13.3,true,true
Lindenwood::clossonquinn,"Closson, Quinn",Lindenwood,Ohio Valley,2026,1,4,327,0,0,0,0,3,1.0,true,1,0.193,0.2384,1189,7.1,true,true
Saint Joseph's::rossjake,"Ross, Jake",Saint Joseph's,Atlantic 10,2026,2,2,134,0,0,4,0,0,0.0,false,0,0.192,0.3171,1232,45.3,true,true
Wright State::kolotasgeorgios,"Kolotas, Georgios",Wright State,Horizon,2026,20,4,107,0,0,3,0,0,0.0,false,0,0.191,0.3322,1399,49.7,true,true
Temple University::osullivanaiden,"O'Sullivan, Aiden",Temple University,American,2026,16,3,89,0,0,3,0,0,0.0,false,0,0.189,0.3430,1505,52.8,false,true
UIC::gilhector,"Gil, Hector",UIC,Missouri Valley,2026,5,4,310,0,0,3,0,0,0.0,false,0,0.188,0.2431,1434,9,true,true
NC State::soabdoumagib,"So, Abdou-Magib",NC State,ACC,2026,6,4,167,0,0,3,0,0,0.0,false,0,0.185,0.2990,1485,35.8,true,true
Drake::divissam,"Divis, Sam",Drake,Missouri Valley,2026,12,4,80,0,0,3,0,0,0.0,false,0,0.184,0.3480,1437,54.2,false,true
Wisconsin::delprioregianluca,"Del Priore, Gianluca",Wisconsin,Big Ten,2026,22,4,155,0,0,3,0,0,0.0,false,0,0.184,0.3048,1482,39.5,true,true
Indiana::odurocollins,"Oduro, Collins",Indiana,Big Ten,2026,11,3,76,0,0,3,0,0,0.0,false,0,0.184,0.3505,1498,55.4,false,true
Temple University::selakmarin,"Selak, Marin",Temple University,American,2026,8,3,270,0,0,3,0,0,0.0,false,0,0.183,0.2560,1505,12.7,true,true
Campbell::skorodumovdavid,"Skorodumov, David",Campbell,CAA,2026,1,2,180,0,0,0,0,7,3.0,true,1,0.182,0.2925,1628,32.4,true,true
Virginia Tech::alvarezbeltran,"Alvarez, Beltran",Virginia Tech,ACC,2026,4,2,59,0,0,4,0,0,0.0,false,0,0.182,0.3619,1385,58.5,false,true
Wofford::morrisevan,"Morris, Evan",Wofford,Southern,2026,32,1,22,0,0,0,0,1,0.2,true,1,0.182,0.3903,1719,65.2,false,true
Air Force::beckeroliver,"Becker, Oliver",Air Force,Mountain West,2026,6,3,138,0,0,3,0,0,0.0,false,0,0.181,0.3132,1418,43.8,true,true
NC State::wingatetom,"Wingate, Tom",NC State,ACC,2026,9,4,91,0,0,3,0,0,0.0,false,0,0.181,0.3403,1485,52.1,false,true
DePaul::gordonethan,"Gordon, Ethan",DePaul,Big East,2026,5,4,275,0,0,3,0,0,0.0,false,0,0.179,0.2537,1429,11.9,true,true
Rider University::faracchiogavin,"Faracchio, Gavin",Rider University,Metro,2026,24,3,221,0,0,3,0,0,0.0,false,0,0.178,0.2741,1404,21.8,true,true
Northwestern::penderstoryn,"Penders, Toryn",Northwestern,Big Ten,2026,15,3,94,0,0,3,0,0,0.0,false,0,0.178,0.3380,1462,51.4,true,true
Air Force::gehringbraedon,"Gehring, Braedon",Air Force,Mountain West,2026,21,3,140,0,0,3,0,0,0.0,false,0,0.176,0.3114,1418,43.3,true,true
Army::gilbertcolin,"Gilbert, Colin",Army,Patriot,2026,0,1,90,0,0,0,0,3,1.0,true,1,0.174,0.3398,1156,52,false,true
UAB::jessenole,"Jessen, Ole",UAB,American,2026,2,3,230,0,0,3,0,0,0.0,false,0,0.173,0.2698,1394,19.9,true,true
Stetson::keitaibrahima,"Keita, Ibrahima",Stetson,ASUN,2026,13,3,154,0,0,2,0,0,0.0,false,0,0.173,0.3036,1545,38.7,true,true
Butler::hancockjaden,"Hancock, Jaden",Butler,Big East,2026,13,4,202,0,0,3,0,0,0.0,false,0,0.172,0.2812,1510,25.5,true,true
Virginia::sloanparker,"Sloan, Parker",Virginia,ACC,2026,5,4,231,0,0,2,0,0,0.0,false,0,0.172,0.2692,1616,19.6,true,true
Delaware::monathrich,"Monath, Rich",Delaware,Summit,2026,2,1,90,0,0,2,0,0,0.0,false,0,0.171,0.3393,1798,51.8,false,true
Air Force::ajyemanmenes,"Ajyeman, Menes",Air Force,Mountain West,2026,11,3,175,0,0,3,0,0,0.0,false,0,0.170,0.2930,1418,32.8,true,true
New Haven::fiscellaluke,"Fiscella, Luke",New Haven,NEC,2026,3,3,270,0,0,2,0,0,0.0,false,0,0.169,0.2542,1630,11.9,true,true
James Madison::kondicleon,"Kondic, Leon",James Madison,Sun Belt,2026,10,3,175,0,0,3,0,0,0.0,false,0,0.169,0.2929,1356,32.5,true,true
California::guimaraeslucca,"Guimaraes, Lucca",California,ACC,2026,16,2,122,0,0,2,0,0,0.0,false,0,0.168,0.3199,1685,46.4,true,true
Kentucky::rasmussenbenjamin,"Rasmussen, Benjamin",Kentucky,Sun Belt,2026,24,2,180,0,0,0,0,7,3.0,true,1,0.168,0.2904,1565,30.9,true,true
University of Evansville::taylormiles,"Taylor, Miles",University of Evansville,Missouri Valley,2026,18,2,44,0,0,2,0,0,0.0,false,0,0.167,0.3701,1603,60.7,false,true
UC Irvine::gutierrezisaiahs,"Gutierrez, Isaiahs",UC Irvine,Big West,2026,8,3,134,0,0,2,0,0,0.0,false,0,0.166,0.3131,1517,43.8,true,true
Louisville::lewisjack,"Lewis, Jack",Louisville,ACC,2026,24,4,297,0,0,3,0,0,0.0,false,0,0.165,0.2446,1535,9.3,true,true
Wake Forest::smithjrtravis,"Smith Jr., Travis",Wake Forest,ACC,2026,3,4,205,0,0,2,0,0,0.0,false,0,0.160,0.2783,1593,24,true,true
UMBC::galiciaalberto,"Galicia, Alberto",UMBC,America East,2026,8,2,133,0,0,3,0,0,0.0,false,0,0.158,0.3122,1286,43.5,true,true
Stanford::nystrommaximo,"Nystrom, Maximo",Stanford,ACC,2026,16,4,145,0,0,2,0,0,0.0,false,0,0.157,0.3058,1693,40.1,true,true
Utah Valley::mckaydan,"McKay, Dan",Utah Valley,Big West,2026,6,3,231,0,0,3,0,0,0.0,false,0,0.154,0.2669,1395,18.7,true,true
Memphis::kasinnoah,"Kasin, Noah",Memphis,American,2026,00,4,360,0,0,0,0,11,5.0,true,3,0.154,0.2243,1549,3.8,true,true
Akron::ngongangfarrel,"Ngongang, Farrel",Akron,Big East,2026,9,3,70,0,0,2,0,0,0.0,false,0,0.154,0.3494,1581,54.8,false,true
UMass::gaineyliam,"Gainey, Liam",UMass,Summit,2026,9,1,90,0,0,2,0,0,0.0,false,0,0.153,0.3363,1663,51.1,false,true
UNC Greensboro::eikenessveraassigurd,"Eikenes Sæveraas, Sigurd",UNC Greensboro,Southern,2026,10,2,68,0,0,2,0,0,0.0,false,0,0.152,0.3505,1644,55.4,false,true
Detroit Mercy::peleskaevan,"Peleska, Evan",Detroit Mercy,Horizon,2026,26,3,252,0,0,2,0,0,0.0,false,0,0.152,0.2585,1446,13.6,true,true
Niagara::uemuraeita,"Uemura, Eita",Niagara,Metro,2026,27,2,40,0,0,2,0,0,0.0,false,0,0.151,0.3704,1652,60.7,false,true
Wake Forest::subachanethan,"Subachan, Ethan",Wake Forest,ACC,2026,21,4,36,0,0,2,0,0,0.0,false,0,0.151,0.3734,1593,61.5,false,true
Georgetown::brownjack,"Brown, Jack",Georgetown,Big East,2026,16,4,154,0,0,2,0,0,0.0,false,0,0.151,0.3004,1661,37,true,true
Georgia State::wynnalexander,"Wynn, Alexander",Georgia State,Sun Belt,2026,11,3,159,0,0,3,0,0,0.0,false,0,0.151,0.2979,1372,35.1,true,true
SIUE::mcdonnellarchie,"McDonnell, Archie",SIUE,Other / Non-D1,2026,5,3,257,0,0,2,0,0,0.0,false,0,0.151,0.2566,1675,12.9,true,false
North Carolina::petzoldjarle,"Petzold, Jarle",North Carolina,ACC,2026,34,3,66,0,0,2,0,0,0.0,false,0,0.150,0.3516,1608,55.7,false,true
Quinnipiac::brookscameron,"Brooks, Cameron",Quinnipiac,Metro,2026,13,3,128,0,0,2,0,0,0.0,false,0,0.150,0.3138,1551,44.1,true,true
Loyola University Maryland::laffeynick,"Laffey, Nick",Loyola University Maryland,Patriot,2026,25,1,9,0,0,2,0,0,0.0,false,0,0.150,0.3951,1641,66.2,false,true
Clemson::magnasonlukas,"Magnason, Lukas",Clemson,ACC,2026,2,3,193,0,0,2,0,0,0.0,false,0,0.150,0.2821,1539,25.9,true,true
University of Evansville::fernandezalejandro,"Fernandez, Alejandro",University of Evansville,Missouri Valley,2026,29,2,45,0,0,2,0,0,0.0,false,0,0.149,0.3661,1699,59.6,false,true
University of Evansville::bassuenerparker,"Bassuener, Parker",University of Evansville,Missouri Valley,2026,36,2,12,0,0,2,0,0,0.0,false,0,0.149,0.3923,1699,65.6,false,true
Loyola Marymount::nievesismail,"Nieves, Ismail",Loyola Marymount,West Coast,2026,11,4,349,0,0,2,0,0,0.0,false,0,0.148,0.2268,1695,4,true,true
Grand Canyon::abongabildad,"Abonga, Bildad",Grand Canyon,Mountain West,2026,33,3,270,0,0,2,0,0,0.0,false,0,0.148,0.2516,1528,11.4,true,true
Western Michigan::heyralneo,"Heyral, Neo",Western Michigan,Missouri Valley,2026,20,4,117,0,0,2,0,0,0.0,false,0,0.147,0.3194,1632,46.2,true,true
SMU::clantonpimentelryan,"Clanton-Pimentel, Ryan",SMU,ACC,2026,2,3,206,0,0,2,0,0,0.0,false,0,0.147,0.2761,1572,22.9,true,true
USC Upstate::fabamifobeetolu,"Fabamifobee, Tolu",USC Upstate,Big South,2026,19,3,162,0,0,3,0,0,0.0,false,0,0.147,0.2958,1382,34,true,true
West Virginia::dejesusferreiracivan,"de Jesus Ferreira, Civan",West Virginia,Sun Belt,2026,25,3,212,0,0,2,0,0,0.0,false,0,0.146,0.2734,1632,21.5,true,true
Queens::pumpiancole,"Pumpian, Cole",Queens,ASUN,2026,7,3,241,0,0,2,0,0,0.0,false,0,0.145,0.2619,1505,15,true,true
Tulsa::applegatewill,"Applegate, Will",Tulsa,American,2026,25,4,180,0,0,2,0,0,0.0,false,0,0.145,0.2871,1486,29.3,true,true
Gonzaga::onentiageremi,"Onentia, Geremi",Gonzaga,Pac-12,2026,7,4,157,0,0,2,0,0,0.0,false,0,0.144,0.2979,1485,35.2,true,true
Oregon State::koutelierisjohn,"Koutelieris, John",Oregon State,Pac-12,2026,19,3,255,0,0,2,0,0,0.0,false,0,0.144,0.2565,1700,12.9,true,true
Mercer::ellisoncolton,"Ellison, Colton",Mercer,Southern,2026,12,4,121,0,0,2,0,0,0.0,false,0,0.144,0.3167,1548,45.2,true,true
West Virginia::pusztahegyitristan,"Pusztahegyi, Tristan",West Virginia,Sun Belt,2026,4,3,270,0,0,2,0,0,0.0,false,0,0.143,0.2511,1632,11.3,true,true
Northwestern::oreillyaaron,"O'Reilly, Aaron",Northwestern,Big Ten,2026,18,2,34,0,0,2,0,0,0.0,false,0,0.143,0.3734,1538,61.5,false,true
LIU::juszczakalex,"Juszczak, Alex",LIU,Other / Non-D1,2026,20,1,49,0,0,2,0,0,0.0,false,0,0.143,0.3621,1586,58.5,false,false
UC Davis::melgozaronaldo,"Melgoza, Ronaldo",UC Davis,Mountain West,2026,24,3,197,0,0,2,0,0,0.0,false,0,0.142,0.2792,1483,24.5,true,true
Dayton::dikkoadebayo,"Dikko, Adebayo",Dayton,Atlantic 10,2026,33,4,360,0,0,2,0,0,0.0,false,0,0.141,0.2229,1507,3.6,true,true
UConn::masonjacques,"Mason, Jacques",UConn,Big East,2026,16,4,123,0,0,2,0,0,0.0,false,0,0.141,0.3150,1563,44.5,true,true
Purdue Fort Wayne::ariasdaven,"Arias, Daven",Purdue Fort Wayne,Horizon,2026,18,2,145,0,0,2,0,0,0.0,false,0,0.140,0.3033,1566,38.4,true,true
Purdue Fort Wayne::hallereason,"Haller, Eason",Purdue Fort Wayne,Horizon,2026,20,2,51,0,0,2,0,0,0.0,false,0,0.140,0.3602,1566,58,false,true
Kentucky::buccibernardo,"Bucci, Bernardo",Kentucky,Sun Belt,2026,5,3,198,0,0,2,0,0,0.0,false,0,0.140,0.2785,1585,24.1,true,true
Lipscomb::evangelistaenzo,"Evangelista, Enzo",Lipscomb,ASUN,2026,2,2,180,0,0,2,0,0,0.0,false,0,0.140,0.2864,1562,28.3,true,true
Furman::munsonluke,"Munson, Luke",Furman,Southern,2026,27,3,168,0,0,2,0,0,0.0,false,0,0.140,0.2920,1609,32,true,true
Syracuse::laghjibibadr,"Laghjibi, Badr",Syracuse,ACC,2026,19,3,75,0,0,2,0,0,0.0,false,0,0.140,0.3437,1581,52.9,false,true
Niagara::kyodoharuhi,"Kyodo, Haruhi",Niagara,Metro,2026,26,3,119,0,0,2,0,0,0.0,false,0,0.139,0.3171,1599,45.3,true,true
UConn::tupayalex,"Tupay, Alex",UConn,Big East,2026,5,4,304,0,0,2,0,0,0.0,false,0,0.139,0.2393,1563,7.4,true,true
New Hampshire::amoomensahtyson,"Amoo-Mensah, Tyson",New Hampshire,America East,2026,18,3,192,0,0,2,0,0,0.0,false,0,0.139,0.2810,1592,25.4,true,true
Temple University::hallerluc,"Haller , Luc",Temple University,American,2026,17,3,239,0,0,2,0,0,0.0,false,0,0.138,0.2617,1505,14.9,true,true
Tulsa::haleaiden,"Hale, Aiden",Tulsa,American,2026,17,4,109,0,0,2,0,0,0.0,false,0,0.138,0.3225,1486,47.5,true,true
Wisconsin::hanjoon,"Han, Joon",Wisconsin,Big Ten,2026,17,4,104,0,0,2,0,0,0.0,false,0,0.137,0.3252,1482,47.9,true,true
Davidson College::boudroaiden,"Boudro, Aiden",Davidson College,Atlantic 10,2026,21,2,121,0,0,2,0,0,0.0,false,0,0.136,0.3155,1538,44.6,true,true
Wofford::bowentaylor,"Bowen, Taylor",Wofford,Southern,2026,9,2,106,0,0,2,0,0,0.0,false,0,0.136,0.3239,1534,47.7,true,true
Fordham::tristanicosimo,"Tristani, Cosimo",Fordham,Atlantic 10,2026,5,3,50,0,0,2,0,0,0.0,false,0,0.135,0.3601,1509,58,false,true
New Hampshire::fukodomekohsuke,"Fukodome, Kohsuke",New Hampshire,America East,2026,3,2,161,0,0,2,0,0,0.0,false,0,0.135,0.2946,1528,33.5,true,true
Rhode Island::bruningsinan,"Bruning, Sinan",Rhode Island,Atlantic 10,2026,10,3,134,0,0,2,0,0,0.0,false,0,0.135,0.3082,1432,41.5,true,true
FIU::carrascoral,"Carrasco, Raúl",FIU,American,2026,13,4,130,0,0,2,0,0,0.0,false,0,0.134,0.3102,1561,42.9,true,true
Ohio State::baumgartnerchristian,"Baumgartner, Christian",Ohio State,Big Ten,2026,2,3,270,0,0,2,0,0,0.0,false,0,0.134,0.2499,1503,10.9,true,true
Kansas City::gallucciogabriele,"Galluccio, Gabriele",Kansas City,Summit,2026,10,3,111,0,0,2,0,0,0.0,false,0,0.134,0.3207,1495,46.7,true,true
CSUN::sosajustin,"Sosa, Justin",CSUN,Other / Non-D1,2026,3,2,139,0,0,2,0,0,0.0,false,0,0.134,0.3054,1473,39.8,true,false
Marquette::simpsoncameron,"Simpson, Cameron",Marquette,Big East,2026,1,4,360,0,0,0,0,15,7.0,true,4,0.133,0.2220,1473,3.5,true,true
West Virginia::scheerisaac,"Scheer, Isaac",West Virginia,Sun Belt,2026,21,3,227,0,0,2,0,0,0.0,false,0,0.132,0.2655,1632,16.2,true,true
Iona::bellsjosh,"Bells, Josh",Iona,Metro,2026,1,3,180,0,0,0,0,9,4.0,true,1,0.132,0.2853,1580,27.8,true,true
UCF::hewlettjem,"Hewlett, Jem",UCF,Sun Belt,2026,4,3,254,0,0,2,0,0,0.0,false,0,0.132,0.2553,1561,12.5,true,true
Stony Brook::taieric,"Tai, Eric",Stony Brook,CAA,2026,23,2,179,0,0,2,0,0,0.0,false,0,0.132,0.2857,1644,28,true,true
Sacramento State::aldulaimimohammed,"Aldulaimi, Mohammed",Sacramento State,Big West,2026,4,4,101,0,0,2,0,0,0.0,false,0,0.132,0.3262,1475,48.3,true,true
Rutgers::montgomerybraxton,"Montgomery, Braxton",Rutgers,Big Ten,2026,34,3,118,0,0,2,0,0,0.0,false,0,0.132,0.3164,1598,45,true,true
Northern Kentucky::askirajibreel,"Askira, Jibreel",Northern Kentucky,Horizon,2026,21,3,217,0,0,3,0,0,0.0,false,0,0.130,0.2692,1325,19.6,true,true
Drake::wakefieldchase,"Wakefield, Chase",Drake,Missouri Valley,2026,2,4,248,0,0,2,0,0,0.0,false,0,0.130,0.2573,1437,13.2,true,true
South Florida::brachailay,"Bracha, Ilay",South Florida,American,2026,22,3,28,0,0,3,0,0,0.0,false,0,0.130,0.3756,1383,62,false,true
Siena::bitonben,"Biton, Ben",Siena,Metro,2026,17,3,186,0,0,2,0,0,0.0,false,0,0.130,0.2823,1429,26.1,true,true
New Haven::peggtrevor,"Pegg, Trevor",New Haven,NEC,2026,30,3,31,0,0,2,0,0,0.0,false,0,0.129,0.3732,1630,61.5,false,true
UC Riverside::martinezjona,"Martinez, Jona",UC Riverside,Pac-12,2026,8,3,179,0,0,2,0,0,0.0,false,0,0.129,0.2853,1564,27.8,true,true
Maryland::harriszack,"Harris, Zack",Maryland,Big Ten,2026,16,3,46,0,0,2,0,0,0.0,false,0,0.129,0.3618,1597,58.5,false,true
Tulsa::cooklucas,"Cook, Lucas",Tulsa,American,2026,23,4,189,0,0,2,0,0,0.0,false,0,0.129,0.2808,1486,25.3,true,true
Oral Roberts::condleygraham,"Condley, Graham",Oral Roberts,Summit,2026,23,4,188,0,0,2,0,0,0.0,false,0,0.129,0.2812,1483,25.6,true,true
South Carolina::ortizcristian,"Ortiz, Cristian",South Carolina,Sun Belt,2026,12,3,88,0,0,2,0,0,0.0,false,0,0.128,0.3334,1568,50.3,false,true
Houston Christian::sebagabosamuel,"Sebagabo, Samuel",Houston Christian,Ohio Valley,2026,8,2,54,0,0,2,0,0,0.0,false,0,0.128,0.3558,1439,56.9,false,true
Wake Forest::mitchellpariss,"Mitchell, Pariss",Wake Forest,ACC,2026,9,4,100,0,0,2,0,0,0.0,false,0,0.127,0.3260,1593,48.2,true,true
SMU::holmstrmnoah,"Holmstrøm, Noah",SMU,ACC,2026,5,3,270,0,0,2,0,0,0.0,false,0,0.127,0.2490,1572,10.7,true,true
Northern Illinois::ladasniko,"Ladas, Niko",Northern Illinois,Other / Non-D1,2026,25,4,137,0,0,2,0,0,0.0,false,0,0.127,0.3054,1451,39.8,true,false
Northern Illinois::gomezsotomateo,"Gomez-Soto, Mateo",Northern Illinois,Other / Non-D1,2026,23,3,63,0,0,2,0,0,0.0,false,0,0.127,0.3494,1443,54.8,false,false
UC Davis::brownkota,"Brown, Kota",UC Davis,Mountain West,2026,27,3,100,0,0,2,0,0,0.0,false,0,0.126,0.3259,1595,48.2,true,true
IU Indy::kummrownoah,"Kummrow, Noah",IU Indy,Horizon,2026,5,3,270,0,0,2,0,0,0.0,false,0,0.126,0.2488,1480,10.7,true,true
Life Pacific::sanchezjosue,"Sanchez, Josue",Life Pacific,Other / Non-D1,2026,12,1,78,0,0,2,0,0,0.0,false,0,0.126,0.3393,1455,51.8,false,false
USC Upstate::marinluke,"Marin, Luke",USC Upstate,Big South,2026,14,3,144,0,0,2,0,0,0.0,false,0,0.125,0.3015,1382,37.4,true,true
Drexel::mohammedsharif,"Mohammed, Sharif",Drexel,CAA,2026,13,3,270,0,0,2,0,0,0.0,false,0,0.125,0.2487,1362,10.6,true,true
Air Force::farrelldoran,"Farrell, Doran",Air Force,Mountain West,2026,3,3,270,0,0,2,0,0,0.0,false,0,0.124,0.2487,1418,10.6,true,true
Air Force::tothattila,"Toth, Attila",Air Force,Mountain West,2026,9,3,85,0,0,2,0,0,0.0,false,0,0.124,0.3347,1418,50.6,false,true
Mercyhurst::bustamantesantiago,"Bustamante, Santiago",Mercyhurst,NEC,2026,8,3,226,0,0,2,0,0,0.0,false,0,0.124,0.2649,1483,16,true,true
Bryant::willemsjaiden,"Willems, Jaiden",Bryant,America East,2026,2,2,159,0,0,2,0,0,0.0,false,0,0.124,0.2940,1445,33.1,true,true
Siena::somuyiwatito,"Somuyiwa, Tito",Siena,Metro,2026,9,3,84,0,0,2,0,0,0.0,false,0,0.124,0.3352,1429,50.7,false,true
Gardner-Webb::philipphohmannluk,"Philipp Hohmann, Luk",Gardner-Webb,Big South,2026,8,1,90,0,0,2,0,0,0.0,false,0,0.124,0.3314,1440,49.5,false,true
IU Indy::esquivelbali,"Esquivel, Bali",IU Indy,Horizon,2026,8,3,178,0,0,2,0,0,0.0,false,0,0.123,0.2849,1480,27.5,true,true
Columbia University::sosajoshua,"Sosa, Joshua",Columbia University,Ivy,2026,15,1,57,0,0,2,0,0,0.0,false,0,0.123,0.3529,1435,56.1,false,true
UNC Wilmington::siikalalucas,"Siikala, Lucas",UNC Wilmington,CAA,2026,11,3,170,0,0,2,0,0,0.0,false,0,0.121,0.2883,1589,29.9,true,true
Stetson::makowemdaniel,"Makowem, Daniel",Stetson,ASUN,2026,14,1,65,0,0,2,0,0,0.0,false,0,0.120,0.3470,1416,53.9,false,true
Holy Cross::fiedlerjack,"Fiedler, Jack",Holy Cross,Other / Non-D1,2026,26,2,114,0,0,2,0,0,0.0,false,0,0.120,0.3168,1415,45.2,true,false
Utah Tech::navaerik,"Nava, Erik",Utah Tech,Mountain West,2026,10,3,73,0,0,2,0,0,0.0,false,0,0.120,0.3416,1367,52.3,false,true
Green Bay::perkinsty,"Perkins, Ty",Green Bay,Other / Non-D1,2026,6,3,238,0,0,2,0,0,0.0,false,0,0.120,0.2596,1457,14.2,true,false
Eastern Illinois::ayelomarcos,"Ayelo, Marcos",Eastern Illinois,Ohio Valley,2026,25,3,197,0,0,2,0,0,0.0,false,0,0.119,0.2760,1337,22.8,true,true
Pacific::careymontgomery,"Carey, Montgomery",Pacific,West Coast,2026,16,4,86,0,0,2,0,0,0.0,false,0,0.119,0.3332,1489,50.2,false,true
Mount St. Mary's::majcherczykmaciej,"Majcherczyk, Maciej",Mount St. Mary's,Metro,2026,19,2,105,0,0,2,0,0,0.0,false,0,0.119,0.3217,1428,47.2,true,true
Virginia Tech::arielyamir,"Ariely, Amir",Virginia Tech,ACC,2026,2,3,251,0,0,2,0,0,0.0,false,0,0.119,0.2547,1462,12.2,true,true
Lafayette::martinriley,"Martin, Riley",Lafayette,Patriot,2026,22,2,22,0,0,2,0,0,0.0,false,0,0.119,0.3783,1572,62.5,false,true
Queens::tozzinathan,"Tozzi, Nathan",Queens,ASUN,2026,13,3,227,0,0,2,0,0,0.0,false,0,0.118,0.2637,1505,15.7,true,true
Air Force::orozcohector,"Orozco, Hector",Air Force,Mountain West,2026,8,3,114,0,0,2,0,0,0.0,false,0,0.118,0.3164,1418,45.1,true,true
FIU::gelabertmiquel,"Gelabert, Miquel",FIU,American,2026,11,4,148,0,0,2,0,0,0.0,false,0,0.117,0.2983,1561,35.5,true,true
Saint Mary's::laamaneneemil,"Laamanen, Eemil",Saint Mary's,West Coast,2026,35,4,351,0,0,2,0,0,0.0,false,0,0.116,0.2226,1485,3.5,true,true
Siena::deanoscar,"Dean, Oscar",Siena,Metro,2026,15,3,91,0,0,2,0,0,0.0,false,0,0.116,0.3295,1429,49,false,true
DePaul::mullinsliam,"Mullins, Liam",DePaul,Big East,2026,9,4,153,0,0,2,0,0,0.0,false,0,0.115,0.2955,1429,33.9,true,true
Rider University::hollidaymichael,"Holliday, Michael",Rider University,Metro,2026,5,3,270,0,0,2,0,0,0.0,false,0,0.115,0.2475,1404,10.2,true,true
UCLA::rinconsebastian,"Rincon, Sebastian",UCLA,Big Ten,2026,16,1,33,0,0,2,0,0,0.0,false,0,0.114,0.3687,1365,60.3,false,true
Ohio State::evanscole,"Evans, Cole",Ohio State,Big Ten,2026,26,2,19,0,0,2,0,0,0.0,false,0,0.112,0.3793,1434,62.6,false,true
George Mason::janssenkelly,"Janssen, Kelly",George Mason,Atlantic 10,2026,27,2,32,0,0,2,0,0,0.0,false,0,0.110,0.3687,1591,60.3,false,true
Howard::jamescorey,"James, Corey",Howard,NEC,2026,7,3,192,0,0,2,0,0,0.0,false,0,0.109,0.2768,1531,23.2,true,true
Stonehill College::mayhewbryan,"Mayhew, Bryan",Stonehill College,NEC,2026,15,3,221,0,0,2,0,0,0.0,false,0,0.109,0.2648,1371,15.9,true,true
Saint Mary's::firestoneryan,"Firestone, Ryan",Saint Mary's,West Coast,2026,26,4,248,0,0,2,0,0,0.0,false,0,0.109,0.2545,1485,12.1,true,true
DePaul::dionnechristian,"Dionne, Christian",DePaul,Big East,2026,11,4,138,0,0,2,0,0,0.0,false,0,0.108,0.3020,1429,37.8,true,true
Elon::sasakikosei,"Sasaki, Kosei",Elon,Other / Non-D1,2026,14,3,65,0,0,2,0,0,0.0,false,0,0.108,0.3448,1343,53.1,false,false
Drake::bochenskicody,"Bochenski, Cody",Drake,Missouri Valley,2026,6,4,194,0,0,2,0,0,0.0,false,0,0.108,0.2757,1437,22.7,true,true
Siena::maralee,"Mara, Lee",Siena,Metro,2026,11,3,184,0,0,2,0,0,0.0,false,0,0.107,0.2800,1429,24.9,true,true
Radford::paganojayce,"Pagano, Jayce",Radford,Big South,2026,22,2,126,0,0,2,0,0,0.0,false,0,0.107,0.3081,1400,41.4,true,true
San Diego State::tsipenasami,"Tsipena, Sami",San Diego State,Pac-12,2026,14,4,176,0,0,2,0,0,0.0,false,0,0.107,0.2835,1369,26.7,true,true
Utah Tech::valladaresgriffin,"Valladares, Griffin",Utah Tech,Mountain West,2026,15,4,135,0,0,2,0,0,0.0,false,0,0.106,0.3033,1353,38.4,true,true
Maryland::wrightmarco,"Wright, Marco",Maryland,Big Ten,2026,19,3,93,0,0,2,0,0,0.0,false,0,0.106,0.3267,1597,48.4,true,true
Saint Joseph's::csapomason,"Csapo, Mason",Saint Joseph's,Atlantic 10,2026,5,3,102,0,0,2,0,0,0.0,false,0,0.105,0.3213,1255,46.8,true,true
Saint Joseph's::undorfcharlie,"Undorf, Charlie",Saint Joseph's,Atlantic 10,2026,30,2,49,0,0,2,0,0,0.0,false,0,0.105,0.3554,1289,56.7,false,true
UMass Lowell::moenfredrik,"Moen, Fredrik",UMass Lowell,America East,2026,13,3,172,0,0,2,0,0,0.0,false,0,0.105,0.2851,1310,27.7,true,true
Belmont University::kipleymiles,"Kipley, Miles",Belmont University,Missouri Valley,2026,1,2,23,0,0,0,0,1,0.3,true,1,0.104,0.3746,1335,61.7,false,true
UC Davis::sanchezgabriel,"Sanchez, Gabriel",UC Davis,Mountain West,2026,15,1,50,0,0,2,0,0,0.0,false,0,0.103,0.3543,1284,56.5,false,true
Western Illinois::ishibwamirashidi,"Ishibwami, Rashidi",Western Illinois,Ohio Valley,2026,24,2,91,0,0,2,0,0,0.0,false,0,0.103,0.3274,1284,48.5,false,true
CCSU::wrightcolin,"Wright, Colin",CCSU,Other / Non-D1,2026,7,2,99,0,0,2,0,0,0.0,false,0,0.103,0.3226,1336,47.5,true,false
Utah Valley::testerbrayden,"Tester, Brayden",Utah Valley,Big West,2026,5,3,189,0,0,2,0,0,0.0,false,0,0.103,0.2772,1395,23.4,true,true
FDU::leguengabriel,"Le Guen, Gabriel",FDU,Other / Non-D1,2026,5,3,270,0,0,2,0,0,0.0,false,0,0.102,0.2459,1335,9.7,true,false
Quincy University::kurkcolin,"Kurk, Colin",Quincy University,Other / Non-D1,2026,4,1,59,0,0,2,0,0,0.0,false,0,0.101,0.3476,1265,54,false,false
Drexel::wellerben,"Weller, Ben",Drexel,CAA,2026,20,3,151,0,0,2,0,0,0.0,false,0,0.100,0.2943,1362,33.3,true,true
La Salle::lainsburydaniel,"Lainsbury, Daniel",La Salle,Atlantic 10,2026,23,1,19,0,0,2,0,0,0.0,false,0,0.100,0.3771,1263,62.3,false,true
Army::mcgeereef,"McGee, Reef",Army,Patriot,2026,8,4,187,0,0,2,0,0,0.0,false,0,0.100,0.2776,1432,23.7,true,true
Army::perversibruno,"Perversi, Bruno",Army,Patriot,2026,11,4,140,0,0,2,0,0,0.0,false,0,0.100,0.2997,1432,36.4,true,true
Northern Kentucky::boaghebranistesteven,"Boaghe Braniste, Steven",Northern Kentucky,Horizon,2026,3,3,270,0,0,2,0,0,0.0,false,0,0.100,0.2456,1325,9.7,true,true
Gonzaga::murillopavoncarlos,"Murillo Pavon, Carlos",Gonzaga,Pac-12,2026,22,3,31,0,0,2,0,0,0.0,false,0,0.099,0.3676,1483,59.9,false,true
Longwood::carrollxavier,"Carroll, Xavier",Longwood,Big South,2026,29,1,31,0,0,2,0,0,0.0,false,0,0.099,0.3675,1254,59.9,false,true
NJIT::barbotomaximus,"Barboto, Maximus",NJIT,America East,2026,8,1,41,0,0,2,0,0,0.0,false,0,0.099,0.3599,1250,58,false,true
Rhode Island::muellerluca,"Mueller, Luca",Rhode Island,Atlantic 10,2026,16,3,254,0,0,2,0,0,0.0,false,0,0.098,0.2510,1432,11.3,true,true
Bowling Green::christensenmads,"Christensen, Mads",Bowling Green,Other / Non-D1,2026,5,2,90,0,0,2,0,0,0.0,false,0,0.098,0.3272,1447,48.5,false,false
Detroit Mercy::gaetinohayden,"Gaetino, Hayden",Detroit Mercy,Horizon,2026,3,2,34,0,0,2,0,0,0.0,false,0,0.097,0.3649,1343,59.3,false,true
UC San Diego::helmowen,"Helm, Owen",UC San Diego,Pac-12,2026,15,3,210,0,0,2,0,0,0.0,false,0,0.097,0.2676,1285,18.9,true,true
Elon::taylorjoe,"Taylor, Joe",Elon,Other / Non-D1,2026,3,3,90,0,0,2,0,0,0.0,false,0,0.097,0.3269,1343,48.4,false,false
Central Connecticut State::duplannicholas,"Duplan, Nicholas",Central Connecticut State,Other / Non-D1,2026,16,1,26,0,0,2,0,0,0.0,false,0,0.096,0.3709,1233,61.2,false,false
San Diego State::boldrinimattia,"Boldrini, Mattia",San Diego State,Pac-12,2026,3,4,350,0,0,2,0,0,0.0,false,0,0.096,0.2207,1369,3.3,true,true
Presbyterian::merghemiali,"Merghemi, Ali",Presbyterian,Big South,2026,11,4,192,0,0,2,0,0,0.0,false,0,0.096,0.2749,1280,22.3,true,true
Manhattan::abbatiellopaul,"Abbatiello, Paul",Manhattan,Metro,2026,19,2,57,0,0,2,0,0,0.0,false,0,0.095,0.3480,1225,54.2,false,true
Villanova::klannmatthew,"Klann, Matthew",Villanova,Big East,2026,19,3,133,0,0,2,0,0,0.0,false,0,0.095,0.3026,1449,38,true,true
College of the Holy Cross::ferrarojames,"Ferraro, James",College of the Holy Cross,Other / Non-D1,2026,16,1,33,0,0,2,0,0,0.0,false,0,0.093,0.3648,1206,59.3,false,false
VMI::glodaiden,"Glod, Aiden",VMI,Southern,2026,28,2,53,0,0,2,0,0,0.0,false,0,0.093,0.3503,1161,55.4,false,true
Oregon State::fecteaupaul,"Fecteau, Paul",Oregon State,Pac-12,2026,29,3,89,0,0,1,0,0,0.0,false,0,0.093,0.3269,1700,48.4,false,true
FDU::giraldomatt,"Giraldo, Matt",FDU,Other / Non-D1,2026,15,2,76,0,0,2,0,0,0.0,false,0,0.092,0.3349,1275,50.7,false,false
Duquesne::bayersteel,"Bayer, Steel",Duquesne,Atlantic 10,2026,12,4,317,0,0,2,0,0,0.0,false,0,0.092,0.2296,1396,4.2,true,true
Portland::heldkruz,"Held, Kruz",Portland,West Coast,2026,22,3,20,0,0,1,0,0,0.0,false,0,0.092,0.3747,1772,61.8,false,true
Delaware::kershneremmett,"Kershner, Emmett",Delaware,Summit,2026,17,3,133,0,0,2,0,0,0.0,false,0,0.091,0.3020,1424,37.8,true,true
Saint Joseph's::delacruzsebastian,"Delacruz, Sebastian",Saint Joseph's,Atlantic 10,2026,32,3,201,0,0,2,0,0,0.0,false,0,0.090,0.2703,1255,20.2,true,true
Presbyterian::acreeaj,"Acree, AJ",Presbyterian,Big South,2026,22,4,236,0,0,2,0,0,0.0,false,0,0.090,0.2564,1280,12.9,true,true
Loyola Marymount::contrerasfelix,"Contreras, Felix",Loyola Marymount,West Coast,2026,20,4,249,0,0,1,0,0,0.0,false,0,0.089,0.2516,1695,11.5,true,true
Colgate::pipkinblake,"Pipkin, Blake",Colgate,Other / Non-D1,2026,11,2,150,0,0,1,0,0,0.0,false,0,0.089,0.2931,1688,32.8,true,false
Colgate::osbornespencer,"Osborne, Spencer",Colgate,Other / Non-D1,2026,16,2,59,0,0,1,0,0,0.0,false,0,0.089,0.3455,1688,53.4,false,false
George Mason::garciadavid,"Garcia, David",George Mason,Atlantic 10,2026,14,2,90,0,0,1,0,0,0.0,false,0,0.089,0.3256,1591,48.1,false,true
San Diego::kanaansamy,"Kanaan, Samy",San Diego,West Coast,2026,10,3,162,0,0,1,0,0,0.0,false,0,0.088,0.2873,1725,29.4,true,true
Coastal Carolina::idiakhoadaniel,"Idiakhoa, Daniel",Coastal Carolina,Sun Belt,2026,8,2,175,0,0,1,0,0,0.0,false,0,0.088,0.2812,1556,25.5,true,true
Manhattan::riveragiovanni,"Rivera, Giovanni",Manhattan,Metro,2026,28,2,147,0,0,2,0,0,0.0,false,0,0.088,0.2944,1225,33.3,true,true
Washington::fernandezgabe,"Fernandez, Gabe",Washington,Big Ten,2026,44,4,117,0,0,1,0,0,0.0,false,0,0.088,0.3100,1720,42.8,true,true
Maryland::cissefarouk,"Cisse, Farouk",Maryland,Big Ten,2026,90,3,231,0,0,1,0,0,0.0,false,0,0.088,0.2581,1597,13.4,true,true
Saint Louis::leathermancarlos,"Leatherman, Carlos",Saint Louis,Atlantic 10,2026,2,2,107,0,0,1,0,0,0.0,false,0,0.087,0.3154,1713,44.6,true,true
Saint Louis::adamsluke,"Adams, Luke",Saint Louis,Atlantic 10,2026,14,3,262,0,0,1,0,0,0.0,false,0,0.087,0.2467,1671,10,true,true
Saint Louis::jaegerkai,"Jaeger, Kai",Saint Louis,Atlantic 10,2026,13,3,157,0,0,1,0,0,0.0,false,0,0.087,0.2894,1671,30.3,true,true
Stetson::donatobenjamin,"Donato, Benjamin",Stetson,ASUN,2026,6,3,222,0,0,1,0,0,0.0,false,0,0.086,0.2613,1545,14.6,true,true
Portland::arorefetobo,"Aror, Efetobo",Portland,West Coast,2026,8,3,238,0,0,1,0,0,0.0,false,0,0.086,0.2553,1772,12.4,true,true
St. Thomas::herreraenrique,"Herrera, Enrique",St. Thomas,Summit,2026,10,3,85,0,0,2,0,0,0.0,false,0,0.085,0.3281,1222,48.7,false,true
Milwaukee::irizarlekuehur,"Irizar Lekue, Hur",Milwaukee,Horizon,2026,21,1,46,0,0,2,0,0,0.0,false,0,0.085,0.3539,1141,56.4,false,true
Delaware::kellycolin,"Kelly, Colin",Delaware,Summit,2026,21,3,65,0,0,1,0,0,0.0,false,0,0.085,0.3408,1424,52.2,false,true
Delaware::stennermarius,"Stenner, Marius",Delaware,Summit,2026,11,2,62,0,0,1,0,0,0.0,false,0,0.085,0.3428,1539,52.8,false,true
Delaware::boozmason,"Booz, Mason",Delaware,Summit,2026,25,2,53,0,0,1,0,0,0.0,false,0,0.085,0.3490,1539,54.8,false,true
SMU::nielsendunes,"Nielsen, Dunes",SMU,ACC,2026,17,1,6,0,0,1,0,0,0.0,false,0,0.085,0.3848,1787,63.9,false,true
Stony Brook::aarflotkristoffer,"Aarflot, Kristoffer",Stony Brook,CAA,2026,8,3,167,0,0,1,0,0,0.0,false,0,0.084,0.2844,1542,27.2,true,true
Virginia::mwakutuyaisaac,"Mwakutuya, Isaac",Virginia,ACC,2026,3,3,173,0,0,1,0,0,0.0,false,0,0.084,0.2816,1658,25.7,true,true
Denver::kingwill,"King, Will",Denver,West Coast,2026,3,3,270,0,0,1,0,0,0.0,false,0,0.084,0.2437,1734,9.1,true,true
FGCU::barsoelucas,"Barsoe, Lucas",FGCU,ASUN,2026,16,2,95,0,0,1,0,0,0.0,false,0,0.084,0.3219,1599,47.2,true,true
American::keomanykobe,"Keomany, Kobe",American,Patriot,2026,5,3,210,0,0,1,0,0,0.0,false,0,0.084,0.2658,1708,16.4,true,true
American::boahenhenrick,"Boahen, Henrick",American,Patriot,2026,17,3,51,0,0,1,0,0,0.0,false,0,0.084,0.3501,1708,55.3,false,true
Dayton::acheampongkingsford,"Acheampong, Kingsford",Dayton,Atlantic 10,2026,4,3,160,0,0,1,0,0,0.0,false,0,0.083,0.2875,1477,29.6,true,true
Dayton::acquahdaniel,"Acquah, Daniel",Dayton,Atlantic 10,2026,19,1,22,0,0,1,0,0,0.0,false,0,0.083,0.3715,1767,61.4,false,true
Cal State Fullerton::mestremati,"Mestre, Mati",Cal State Fullerton,Big West,2026,4,3,83,0,0,1,0,0,0.0,false,0,0.083,0.3289,1614,48.9,false,true
Cal State Fullerton::carbajalsebastian,"Carbajal, Sebastian",Cal State Fullerton,Big West,2026,7,1,13,0,0,1,0,0,0.0,false,0,0.083,0.3787,1762,62.5,false,true
South Carolina::whittakerfrancisisaiah,"Whittaker-Francis, Isaiah",South Carolina,Sun Belt,2026,8,3,98,0,0,1,0,0,0.0,false,0,0.083,0.3199,1568,46.3,true,true
South Carolina::perezyoni,"Perez, Yoni",South Carolina,Sun Belt,2026,19,3,207,0,0,1,0,0,0.0,false,0,0.083,0.2668,1568,18.6,true,true
South Carolina::vigormatt,"Vigor, Matt",South Carolina,Sun Belt,2026,22,3,119,0,0,1,0,0,0.0,false,0,0.083,0.3081,1568,41.4,true,true
South Carolina::langdaniel,"Lang, Daniel",South Carolina,Sun Belt,2026,26,3,200,0,0,1,0,0,0.0,false,0,0.083,0.2697,1568,19.9,true,true
San Francisco::judkinsjaggar,"Judkins, Jaggar",San Francisco,West Coast,2026,17,4,53,0,0,1,0,0,0.0,false,0,0.082,0.3485,1693,54.5,false,true
San Francisco::rabyjameson,"Raby, Jameson",San Francisco,West Coast,2026,25,3,130,0,0,1,0,0,0.0,false,0,0.082,0.3022,1682,37.8,true,true
ETSU::atolagbekhalifah,"Atolagbe, Khalifah",ETSU,Southern,2026,27,2,166,0,0,1,0,0,0.0,false,0,0.082,0.2845,1567,27.3,true,true
ETSU::baejunyoung,"Bae, Junyoung",ETSU,Southern,2026,17,1,45,0,0,1,0,0,0.0,false,0,0.082,0.3541,1752,56.4,false,true
Notre Dame::scalaethan,"Scala, Ethan",Notre Dame,ACC,2026,12,4,135,0,0,1,0,0,0.0,false,0,0.082,0.2996,1677,36.3,true,true
UC Santa Barbara::middletonjack,"Middleton, Jack",UC Santa Barbara,Big West,2026,20,3,121,0,0,1,0,0,0.0,false,0,0.082,0.3069,1613,40.8,true,true
UCLA::naefphilip,"Naef, Philip",UCLA,Big Ten,2026,7,1,25,0,0,1,0,0,0.0,false,0,0.082,0.3689,1744,60.3,false,true
Clemson::basinetjake,"Basinet, Jake",Clemson,ACC,2026,25,2,23,0,0,1,0,0,0.0,false,0,0.082,0.3704,1537,60.7,false,true
Lafayette::durlinganthony,"Durling, Anthony",Lafayette,Patriot,2026,6,2,153,0,0,1,0,0,0.0,false,0,0.081,0.2905,1572,31.2,true,true
Lafayette::seyhoonkaz,"Seyhoon, Kaz",Lafayette,Patriot,2026,32,1,13,0,0,1,0,0,0.0,false,0,0.081,0.3784,1740,62.5,false,true
SIUE::rodasjuan,"Rodas, Juan",SIUE,Other / Non-D1,2026,6,3,221,0,0,1,0,0,0.0,false,0,0.081,0.2610,1675,14.5,true,false
Boston University::vilaametllerguillem,"Vila Ametller, Guillem",Boston University,Patriot,2026,4,3,225,0,0,1,0,0,0.0,false,0,0.081,0.2595,1583,14.1,true,true
Boston University::croftslouis,"Crofts, Louis",Boston University,Patriot,2026,9,3,50,0,0,1,0,0,0.0,false,0,0.081,0.3503,1583,55.4,false,true
Charlotte::evangelouandreas,"Evangelou, Andreas",Charlotte,American,2026,4,3,182,0,0,1,0,0,0.0,false,0,0.081,0.2771,1655,23.4,true,true
Charlotte::manuforsamuel,"Manufor, Samuel",Charlotte,American,2026,12,3,270,0,0,1,0,0,0.0,false,0,0.081,0.2432,1655,9,true,true
San Francisco::brodyben,"Brody, Ben",San Francisco,West Coast,2026,5,4,311,0,0,1,0,0,0.0,false,0,0.081,0.2301,1693,4.3,true,true
California Baptist::borreroluis,"Borrero, Luis",California Baptist,Pac-12,2026,11,2,71,0,0,1,0,0,0.0,false,0,0.080,0.3361,1617,51,false,true
California Baptist::aboueidryan,"Abou Eid, Ryan",California Baptist,Pac-12,2026,13,2,73,0,0,1,0,0,0.0,false,0,0.080,0.3348,1617,50.7,false,true
California Baptist::marsliadam,"Marsli, Adam",California Baptist,Pac-12,2026,25,1,53,0,0,1,0,0,0.0,false,0,0.080,0.3481,1723,54.2,false,true
Wofford::holmespete,"Holmes, Pete",Wofford,Southern,2026,22,2,125,0,0,1,0,0,0.0,false,0,0.080,0.3045,1534,39.1,true,true
Marist::velingsgijs,"Velings, Gijs",Marist,Metro,2026,21,3,209,0,0,1,0,0,0.0,false,0,0.080,0.2656,1483,16.3,true,true
West Virginia::bowethomas,"Bowe, Thomas",West Virginia,Sun Belt,2026,20,3,97,0,0,1,0,0,0.0,false,0,0.080,0.3200,1632,46.5,true,true
Seton Hall::brizuelajoaqun,"Brizuela, Joaquín",Seton Hall,Big East,2026,9,1,70,0,0,1,0,0,0.0,false,0,0.079,0.3366,1709,51.1,false,true
Loyola Marymount::maciasnacho,"Macias, Nacho",Loyola Marymount,West Coast,2026,23,4,266,0,0,1,0,0,0.0,false,0,0.079,0.2443,1695,9.2,true,true
Loyola Marymount::wilsonnicholas,"Wilson, Nicholas",Loyola Marymount,West Coast,2026,4,2,135,0,0,1,0,0,0.0,false,0,0.079,0.2991,1685,35.9,true,true
VCU::leaveydavid,"Leavey, David",VCU,Atlantic 10,2026,26,3,186,0,0,1,0,0,0.0,false,0,0.079,0.2750,1684,22.3,true,true
VCU::sheaemmett,"Shea, Emmett",VCU,Atlantic 10,2026,21,3,71,0,0,1,0,0,0.0,false,0,0.079,0.3358,1684,50.8,false,true
UConn::sandovaljorge,"Sandoval, Jorge",UConn,Big East,2026,14,4,60,0,0,1,0,0,0.0,false,0,0.078,0.3430,1563,52.8,false,true
Vermont::fikerstepan,"Fiker, Stepan",Vermont,America East,2026,3,3,225,0,0,1,0,0,0.0,false,0,0.078,0.2591,1544,14,true,true
Vermont::widmanezra,"Widman, Ezra",Vermont,America East,2026,6,3,94,0,0,1,0,0,0.0,false,0,0.078,0.3215,1544,47.1,true,true
NC State::rangonmalcolm,"Rangon, Malcolm",NC State,ACC,2026,23,4,180,0,0,1,0,0,0.0,false,0,0.078,0.2776,1485,23.7,true,true
UC Riverside::esquiveldiego,"Esquivel, Diego",UC Riverside,Pac-12,2026,20,3,85,0,0,1,0,0,0.0,false,0,0.078,0.3269,1564,48.4,false,true
Syracuse::omezechimere,"Omeze, Chimere",Syracuse,ACC,2026,2,3,149,0,0,1,0,0,0.0,false,0,0.078,0.2920,1581,32,true,true
Pacific::lomeliangel,"Lomeli, Angel",Pacific,West Coast,2026,30,4,226,0,0,1,0,0,0.0,false,0,0.078,0.2587,1489,13.7,true,true
Sacramento State::rattiganronan,"Rattigan, Ronan",Sacramento State,Big West,2026,22,4,129,0,0,1,0,0,0.0,false,0,0.078,0.3020,1475,37.7,true,true
SIUE::bartonidom,"Bartoni, Dom",SIUE,Other / Non-D1,2026,7,3,91,0,0,1,0,0,0.0,false,0,0.078,0.3232,1675,47.6,false,false
UCF::hansendrew,"Hansen, Drew",UCF,Sun Belt,2026,18,3,186,0,0,1,0,0,0.0,false,0,0.077,0.2749,1561,22.2,true,true
VCU::whitelucas,"White, Lucas",VCU,Atlantic 10,2026,17,2,150,0,0,1,0,0,0.0,false,0,0.077,0.2914,1679,31.6,true,true
Akron::moranaleonardo,"Morana, Leonardo",Akron,Big East,2026,11,2,9,0,0,1,0,0,0.0,false,0,0.077,0.3809,1668,62.8,false,true
Tulsa::reichjake,"Reich, Jake",Tulsa,American,2026,24,4,360,0,0,1,0,0,0.0,false,0,0.077,0.2158,1486,2.8,true,true
Loyola Marymount::sacristanmatthew,"Sacristan, Matthew",Loyola Marymount,West Coast,2026,6,4,265,0,0,1,0,0,0.0,false,0,0.077,0.2445,1695,9.3,true,true
Chicago State::abiodunjayden,"Abiodun, Jayden",Chicago State,NEC,2026,9,2,60,0,0,1,0,0,0.0,false,0,0.077,0.3427,1494,52.8,false,true
Chicago State::ramirezerick,"Ramirez, Erick",Chicago State,NEC,2026,26,1,19,0,0,1,0,0,0.0,false,0,0.077,0.3726,1668,61.5,false,true
Oregon State::carlockevan,"Carlock, Evan",Oregon State,Pac-12,2026,21,3,228,0,0,1,0,0,0.0,false,0,0.077,0.2578,1700,13.4,true,true
UMass::theisssamuel,"Theiss, Samuel",UMass,Summit,2026,17,1,41,0,0,1,0,0,0.0,false,0,0.076,0.3559,1663,57,false,true
UMass::mulherinrian,"Mulherin, Rian",UMass,Summit,2026,33,1,71,0,0,1,0,0,0.0,false,0,0.076,0.3354,1663,50.8,false,true
Purdue Fort Wayne::hissrichben,"Hissrich, Ben",Purdue Fort Wayne,Horizon,2026,6,2,82,0,0,1,0,0,0.0,false,0,0.076,0.3284,1566,48.8,false,true
UNC Greensboro::dancymason,"Dancy, Mason",UNC Greensboro,Southern,2026,19,3,270,0,0,1,0,0,0.0,false,0,0.076,0.2426,1613,8.8,true,true
Mercer::adeyemitolu,"Adeyemi, Tolu",Mercer,Southern,2026,16,3,155,0,0,1,0,0,0.0,false,0,0.076,0.2887,1565,30.1,true,true
Mercer::masellewilson,"Maselle, Wilson",Mercer,Southern,2026,26,4,339,0,0,1,0,0,0.0,false,0,0.076,0.2214,1548,3.4,true,true
Penn State::brownbeckham,"Brown, Beckham",Penn State,Big Ten,2026,24,3,199,0,0,1,0,0,0.0,false,0,0.076,0.2691,1523,19.6,true,true
Xavier::pedrojose,"Pedro, Jose",Xavier,Big East,2026,23,3,161,0,0,1,0,0,0.0,false,0,0.076,0.2859,1504,28.1,true,true
Louisville::ndiayemamadououmar,"Ndiaye, Mamadou Oumar",Louisville,ACC,2026,6,4,98,0,0,1,0,0,0.0,false,0,0.076,0.3187,1535,46,true,true
Louisville::surricchiojacopo,"Surricchio, Jacopo",Louisville,ACC,2026,8,4,103,0,0,1,0,0,0.0,false,0,0.076,0.3158,1535,44.8,true,true
Louisville::sanchezfernando,"Sanchez, Fernando",Louisville,ACC,2026,22,4,166,0,0,1,0,0,0.0,false,0,0.076,0.2835,1535,26.7,true,true
Niagara::wylesgrant,"Wyles, Grant",Niagara,Metro,2026,1,3,225,0,0,0,0,11,5.0,true,2,0.075,0.2587,1599,13.7,true,true
UNC Wilmington::carmichaelgavin,"Carmichael, Gavin",UNC Wilmington,CAA,2026,3,3,270,0,0,1,0,0,0.0,false,0,0.075,0.2426,1589,8.7,true,true
San Francisco::maldonadochris,"Maldonado, Chris",San Francisco,West Coast,2026,11,4,312,0,0,1,0,0,0.0,false,0,0.075,0.2292,1693,4.2,true,true
San Francisco::killeenmarci,"Killeen, Marci",San Francisco,West Coast,2026,7,4,102,0,0,1,0,0,0.0,false,0,0.075,0.3164,1693,45,true,true
Creighton::savicandrija,"Savic, Andrija",Creighton,Big East,2026,4,4,342,0,0,1,0,0,0.0,false,0,0.075,0.2205,1554,3.3,true,true
Loyola University Maryland::hallsoscar,"Halls, Oscar",Loyola University Maryland,Patriot,2026,5,1,90,0,0,1,0,0,0.0,false,0,0.075,0.3234,1641,47.6,false,true
Loyola University Maryland::venezianino,"Venezia, Nino",Loyola University Maryland,Patriot,2026,9,1,50,0,0,1,0,0,0.0,false,0,0.075,0.3492,1641,54.8,false,true
Loyola University Maryland::flynntyler,"Flynn, Tyler",Loyola University Maryland,Patriot,2026,11,1,54,0,0,1,0,0,0.0,false,0,0.075,0.3465,1641,53.7,false,true
Loyola University Maryland::mcguirejeremiah,"McGuire, Jeremiah",Loyola University Maryland,Patriot,2026,12,1,90,0,0,1,0,0,0.0,false,0,0.075,0.3234,1641,47.6,false,true
Oakland::knestrictmiller,"Knestrict, Miller",Oakland,Horizon,2026,14,3,111,0,0,1,0,0,0.0,false,0,0.075,0.3112,1532,43.2,true,true
Ohio State::demianjoel,"Demian, Joel",Ohio State,Big Ten,2026,3,3,37,0,0,1,0,0,0.0,false,0,0.075,0.3585,1503,57.6,false,true
Iona::benavidesmatthew,"Benavides, Matthew",Iona,Metro,2026,21,2,66,0,0,1,0,0,0.0,false,0,0.075,0.3383,1663,51.5,false,true
Iona::riosliam,"Rios, Liam",Iona,Metro,2026,30,2,10,0,0,1,0,0,0.0,false,0,0.075,0.3795,1663,62.6,false,true
Bucknell::thomasjacob,"Thomas, Jacob",Bucknell,Patriot,2026,20,3,248,0,0,1,0,0,0.0,false,0,0.075,0.2501,1620,11,true,true
Bucknell::elderzain,"Elder, Zain",Bucknell,Patriot,2026,8,3,80,0,0,1,0,0,0.0,false,0,0.075,0.3294,1620,49,false,true
Campbell::castrojayco,"Castro, Jayco",Campbell,CAA,2026,17,1,63,0,0,1,0,0,0.0,false,0,0.074,0.3403,1631,52.1,false,true
Campbell::morosioannis,"Moros, Ioannis",Campbell,CAA,2026,3,2,54,0,0,1,0,0,0.0,false,0,0.074,0.3463,1628,53.7,false,true
Notre Dame::hildenbrady,"Hilden, Brady",Notre Dame,ACC,2026,20,4,316,0,0,1,0,0,0.0,false,0,0.074,0.2279,1677,4.1,true,true
FGCU::spernerlucas,"Sperner, Lucas",FGCU,ASUN,2026,15,4,209,0,0,1,0,0,0.0,false,0,0.074,0.2648,1584,16,true,true
FGCU::alexandroualex,"Alexandrou, Alex",FGCU,ASUN,2026,14,2,67,0,0,1,0,0,0.0,false,0,0.074,0.3376,1569,51.3,false,true
Fairfield::mcelderryliam,"McElderry, Liam",Fairfield,Metro,2026,2,1,11,0,0,1,0,0,0.0,false,0,0.074,0.3786,1626,62.5,false,true
Kentucky::nguepissicianole,"Nguepissi, Cianole",Kentucky,Sun Belt,2026,6,3,248,0,0,1,0,0,0.0,false,0,0.074,0.2500,1585,10.9,true,true
Campbell::naguibxander,"Naguib, Xander",Campbell,CAA,2026,8,2,180,0,0,1,0,0,0.0,false,0,0.074,0.2770,1628,23.3,true,true
New Haven::ribeirokauan,"Ribeiro, Kauan",New Haven,NEC,2026,12,3,12,0,0,1,0,0,0.0,false,0,0.074,0.3777,1630,62.5,false,true
Quinnipiac::swideraleksander,"Swider, Aleksander",Quinnipiac,Metro,2026,14,3,37,0,0,1,0,0,0.0,false,0,0.074,0.3583,1551,57.5,false,true
UC Davis::kellettcaelan,"Kellett, Caelan",UC Davis,Mountain West,2026,22,3,246,0,0,1,0,0,0.0,false,0,0.074,0.2507,1595,11.2,true,true
Harvard::cortellessamikey,"Cortellessa, Mikey",Harvard,Ivy,2026,2,2,171,0,0,1,0,0,0.0,false,0,0.073,0.2809,1606,25.4,true,true
Virginia Tech::peraltatito,"Peralta, Tito",Virginia Tech,ACC,2026,22,3,236,0,0,1,0,0,0.0,false,0,0.073,0.2543,1462,12,true,true
Marshall::carvalhojoao,"Carvalho, Joao",Marshall,Sun Belt,2026,6,2,58,0,0,1,0,0,0.0,false,0,0.073,0.3434,1518,52.8,false,true
James Madison::bunkdaniel,"Bunk, Daniel",James Madison,Sun Belt,2026,5,3,201,0,0,1,0,0,0.0,false,0,0.073,0.2680,1356,19.2,true,true
James Madison::salvesenchrister,"Salvesen, Christer",James Madison,Sun Belt,2026,8,3,250,0,0,1,0,0,0.0,false,0,0.073,0.2492,1356,10.8,true,true
James Madison::khoryashton,"Khory, Ashton",James Madison,Sun Belt,2026,13,3,35,0,0,1,0,0,0.0,false,0,0.073,0.3597,1356,57.9,false,true
SIUE::boumnlendamos,"Boum Nlend, Amos",SIUE,Other / Non-D1,2026,27,3,133,0,0,1,0,0,0.0,false,0,0.073,0.2992,1675,36,true,false
Lehigh::junqueraalex,"Junquera, Alex",Lehigh,Patriot,2026,20,2,99,0,0,1,0,0,0.0,false,0,0.073,0.3177,1505,45.6,true,true
Lehigh::talaricomassimo,"Talarico, Massimo",Lehigh,Patriot,2026,23,2,98,0,0,1,0,0,0.0,false,0,0.073,0.3182,1505,45.8,true,true
Indiana::sloanowen,"Sloan, Owen",Indiana,Big Ten,2026,24,3,75,0,0,1,0,0,0.0,false,0,0.072,0.3322,1580,49.7,false,true
Boston University::ramseymarkus,"Ramsey, Markus",Boston University,Patriot,2026,19,3,81,0,0,1,0,0,0.0,false,0,0.072,0.3284,1583,48.8,false,true
Boston University::tuckermancharlie,"Tuckerman, Charlie",Boston University,Patriot,2026,24,2,107,0,0,1,0,0,0.0,false,0,0.072,0.3130,1666,43.8,true,true
Jacksonville::skorveiver,"Skorve, Iver",Jacksonville,ASUN,2026,21,3,218,0,0,1,0,0,0.0,false,0,0.072,0.2610,1451,14.5,true,true
Sacred Heart::shawtyler,"Shaw, Tyler",Sacred Heart,Metro,2026,26,2,13,0,0,1,0,0,0.0,false,0,0.072,0.3765,1583,62.2,false,true
Cal Poly::amancole,"Aman, Cole",Cal Poly,Pac-12,2026,3,4,360,0,0,1,0,0,0.0,false,0,0.072,0.2152,1576,2.8,true,true
Seattle::batrescesar,"Batres, Cesar",Seattle,West Coast,2026,12,3,136,0,0,1,0,0,0.0,false,0,0.072,0.2975,1619,34.9,true,true
Seattle::leonaaron,"Leon, Aaron",Seattle,West Coast,2026,17,2,113,0,0,1,0,0,0.0,false,0,0.072,0.3096,1679,42.3,true,true
California::brackenserrakieran,"Bracken Serra, Kieran",California,ACC,2026,8,2,153,0,0,1,0,0,0.0,false,0,0.072,0.2891,1685,30.2,true,true
California::moralesnoe,"Morales, Noe",California,ACC,2026,11,2,79,0,0,1,0,0,0.0,false,0,0.072,0.3295,1685,49,false,true
LIU::colondiego,"Colon, Diego",LIU,Other / Non-D1,2026,13,1,36,0,0,1,0,0,0.0,false,0,0.071,0.3586,1586,57.6,false,false
LIU::duffyjoe,"Duffy, Joe",LIU,Other / Non-D1,2026,19,1,76,0,0,1,0,0,0.0,false,0,0.071,0.3313,1586,49.5,false,false
American::chivukularohan,"Chivukula, Rohan",American,Patriot,2026,29,3,136,0,0,1,0,0,0.0,false,0,0.071,0.2974,1708,34.9,true,true
Indiana::resichdempsey,"Resich, Dempsey",Indiana,Big Ten,2026,18,4,47,0,0,1,0,0,0.0,false,0,0.071,0.3506,1524,55.4,false,true
Notre Dame::limevan,"Lim, Evan",Notre Dame,ACC,2026,24,4,342,0,0,1,0,0,0.0,false,0,0.071,0.2200,1677,3.3,true,true
Wartburg::mmungaalima,"Mmunga, Alima",Wartburg,Other / Non-D1,2026,15,1,83,0,0,1,0,0,0.0,false,0,0.070,0.3268,1571,48.4,false,false
Wartburg::kaycarson,"Kay, Carson",Wartburg,Other / Non-D1,2026,18,1,90,0,0,1,0,0,0.0,false,0,0.070,0.3226,1571,47.5,false,false
NJIT::kierzkowskipatrick,"Kierzkowski, Patrick",NJIT,America East,2026,5,1,80,0,0,1,0,0,0.0,false,0,0.070,0.3287,1571,48.8,false,true
NJIT::lichtenheimstefan,"Lichtenheim, Stefan",NJIT,America East,2026,17,3,195,0,0,1,0,0,0.0,false,0,0.070,0.2701,1404,20.1,true,true
Utah Valley::wattsoliver,"Watts, Oliver",Utah Valley,Big West,2026,20,2,48,0,0,1,0,0,0.0,false,0,0.070,0.3498,1425,55.1,false,true
Cal State Fullerton::schroderkaj,"Schroder, Kaj",Cal State Fullerton,Big West,2026,31,3,243,0,0,1,0,0,0.0,false,0,0.070,0.2513,1614,11.4,true,true
Lipscomb::franchiyohan,"Franchi, Yohan",Lipscomb,ASUN,2026,17,2,115,0,0,1,0,0,0.0,false,0,0.070,0.3083,1562,41.5,true,true
Lipscomb::rodriguezrobert,"Rodriguez, Robert",Lipscomb,ASUN,2026,25,2,91,0,0,1,0,0,0.0,false,0,0.070,0.3219,1562,47.3,false,true
Dartmouth College::huneaualexis,"Huneau, Alexis",Dartmouth College,Ivy,2026,2,1,90,0,0,1,0,0,0.0,false,0,0.070,0.3225,1565,47.5,false,true
Dartmouth College::kohlerhudson,"Kohler, Hudson",Dartmouth College,Ivy,2026,22,1,90,0,0,1,0,0,0.0,false,0,0.070,0.3225,1565,47.5,false,true
Davidson College::wardpatrick,"Ward, Patrick",Davidson College,Atlantic 10,2026,12,2,143,0,0,1,0,0,0.0,false,0,0.070,0.2937,1538,32.9,true,true
Davidson College::linzoainpablo,"Linzoain, Pablo",Davidson College,Atlantic 10,2026,22,2,95,0,0,1,0,0,0.0,false,0,0.070,0.3196,1538,46.3,true,true
Davidson College::champagnebijan,"Champagne, Bijan",Davidson College,Atlantic 10,2026,25,2,114,0,0,1,0,0,0.0,false,0,0.070,0.3088,1538,41.8,true,true
Syracuse::irinimbabaziivan,"Irinimbabazi, Ivan",Syracuse,ACC,2026,6,3,258,0,0,1,0,0,0.0,false,0,0.070,0.2460,1581,9.7,true,true
Saint Peter's::etiennedarrell,"Etienne, Darrell",Saint Peter's,Metro,2026,6,3,234,0,0,1,0,0,0.0,false,0,0.070,0.2546,1427,12.1,true,true
Lipscomb::sosatobiasmisael,"Sosa, Tobias Misael",Lipscomb,ASUN,2026,10,2,75,0,0,1,0,0,0.0,false,0,0.070,0.3317,1562,49.6,false,true
Fordham::mizunoarata,"Mizuno, Arata",Fordham,Atlantic 10,2026,23,3,88,0,0,1,0,0,0.0,false,0,0.070,0.3236,1509,47.6,false,true
Fordham::michaelisarne,"Michaelis, Arne",Fordham,Atlantic 10,2026,4,3,224,0,0,1,0,0,0.0,false,0,0.070,0.2583,1509,13.5,true,true
Saint Mary's::owusuantwimax,"Owusu-Antwi, Max",Saint Mary's,West Coast,2026,29,3,62,0,0,1,0,0,0.0,false,0,0.070,0.3401,1536,52,false,true
Indiana::carnevalewes,"Carnevale, Wes",Indiana,Big Ten,2026,23,1,69,0,0,1,0,0,0.0,false,0,0.069,0.3355,1556,50.8,false,true
Gardner-Webb::hofmannkyle,"Hofmann, Kyle",Gardner-Webb,Big South,2026,4,2,45,0,0,1,0,0,0.0,false,0,0.069,0.3517,1497,55.7,false,true
Gardner-Webb::hohmannlukphilipp,"Hohmann, Luk Philipp",Gardner-Webb,Big South,2026,8,1,90,0,0,1,0,0,0.0,false,0,0.069,0.3224,1554,47.4,false,true
Charleston::buttsaiden,"Butts, Aiden",Charleston,CAA,2026,31,1,3,0,0,1,0,0,0.0,false,0,0.069,0.3843,1553,63.7,false,true
Green Bay::nyembwerayme,"Nyembwe, Rayme",Green Bay,Other / Non-D1,2026,4,3,270,0,0,1,0,0,0.0,false,0,0.069,0.2418,1457,8.5,true,false
Green Bay::arroyooscar,"Arroyo, Oscar",Green Bay,Other / Non-D1,2026,5,3,270,0,0,1,0,0,0.0,false,0,0.069,0.2418,1457,8.5,true,false
Central Arkansas::hindsjaxon,"Hinds, Jaxon",Central Arkansas,ASUN,2026,24,1,59,0,0,1,0,0,0.0,false,0,0.069,0.3420,1552,52.6,false,true
Central Arkansas::walenchokmichael,"Walenchok, Michael",Central Arkansas,ASUN,2026,30,3,110,0,0,1,0,0,0.0,false,0,0.069,0.3109,1507,43.1,true,true
George Washington::prendergastcolin,"Prendergast, Colin",George Washington,Atlantic 10,2026,4,3,97,0,0,1,0,0,0.0,false,0,0.069,0.3182,1426,45.8,true,true
George Washington::savillelouis,"Saville, Louis",George Washington,Atlantic 10,2026,11,2,21,0,0,1,0,0,0.0,false,0,0.069,0.3696,1393,60.4,false,true
Notre Dame::kellyblake,"Kelly, Blake",Notre Dame,ACC,2026,1,4,360,0,0,0,0,9,4.0,true,2,0.068,0.2148,1677,2.7,true,true
La Salle::leathermanpascal,"Leatherman, Pascal",La Salle,Atlantic 10,2026,2,3,121,0,0,1,0,0,0.0,false,0,0.068,0.3047,1433,39.4,true,true
Le Moyne College::priestmanjakob,"Priestman, Jakob",Le Moyne College,NEC,2026,22,1,3,0,0,1,0,0,0.0,false,0,0.068,0.3841,1536,63.5,false,true
North Carolina::bergeriley,"Berge, Riley",North Carolina,ACC,2026,33,3,270,0,0,1,0,0,0.0,false,0,0.068,0.2416,1608,8.5,true,true
Kentucky::nashben,"Nash, Ben",Kentucky,Sun Belt,2026,2,3,225,0,0,1,0,0,0.0,false,0,0.068,0.2577,1585,13.3,true,true
Kentucky::schradermax,"Schrader, Max",Kentucky,Sun Belt,2026,19,3,213,0,0,1,0,0,0.0,false,0,0.068,0.2624,1585,15.1,true,true
Hofstra::santipietro,"Santi, Pietro",Hofstra,CAA,2026,16,3,268,0,0,1,0,0,0.0,false,0,0.068,0.2422,1505,8.7,true,true
UCF::ariastimothy,"Arias, Timothy",UCF,Sun Belt,2026,16,3,140,0,0,1,0,0,0.0,false,0,0.067,0.2948,1561,33.5,true,true
UCF::morenogerman,"Moreno, German",UCF,Sun Belt,2026,32,3,49,0,0,1,0,0,0.0,false,0,0.067,0.3485,1561,54.5,false,true
USC Upstate::grassologan,"Grasso, Logan",USC Upstate,Big South,2026,30,3,57,0,0,1,0,0,0.0,false,0,0.067,0.3430,1382,52.8,false,true
FAU::robertsdavid,"Roberts, David",FAU,American,2026,4,4,68,0,0,1,0,0,0.0,false,0,0.067,0.3357,1616,50.8,false,true
Colgate::kraussgavin,"Krauss, Gavin",Colgate,Other / Non-D1,2026,12,2,47,0,0,1,0,0,0.0,false,0,0.067,0.3499,1688,55.1,false,false
Colgate::wnekwill,"Wnek, Will",Colgate,Other / Non-D1,2026,29,2,35,0,0,1,0,0,0.0,false,0,0.067,0.3585,1688,57.6,false,false
Wake Forest::kurnikoliver,"Kurnik, Oliver",Wake Forest,ACC,2026,29,4,52,0,0,1,0,0,0.0,false,0,0.067,0.3464,1593,53.7,false,true
CSUN::garciadaniel,"Garcia, Daniel",CSUN,Other / Non-D1,2026,4,2,180,0,0,1,0,0,0.0,false,0,0.067,0.2760,1473,22.8,true,false
CSUN::solorzanojorge,"Solorzano, Jorge",CSUN,Other / Non-D1,2026,7,2,142,0,0,1,0,0,0.0,false,0,0.067,0.2937,1473,33,true,false
CSUN::jonesadrian,"Jones, Adrian",CSUN,Other / Non-D1,2026,27,2,130,0,0,1,0,0,0.0,false,0,0.067,0.2998,1473,36.6,true,false
CSUN::baltierradamien,"Baltierra, Damien",CSUN,Other / Non-D1,2026,22,1,12,0,0,1,0,0,0.0,false,0,0.067,0.3763,1516,62.2,false,false
Creighton::rossibautista,"Rossi, Bautista",Creighton,Big East,2026,7,4,55,0,0,1,0,0,0.0,false,0,0.067,0.3443,1554,53,false,true
Memphis::saintjustejunior,"Saint Juste, Junior",Memphis,American,2026,4,4,344,0,0,1,0,0,0.0,false,0,0.067,0.2190,1549,3,true,true
Memphis::krohnstadmathias,"Krohnstad, Mathias",Memphis,American,2026,28,4,57,0,0,1,0,0,0.0,false,0,0.067,0.3429,1549,52.8,false,true
Cal State Fullerton::borjajulian,"Borja, Julian",Cal State Fullerton,Big West,2026,5,3,243,0,0,1,0,0,0.0,false,0,0.067,0.2509,1614,11.2,true,true
Liberty::sousagoncalo,"Sousa, Goncalo",Liberty,Southern,2026,2,3,200,0,0,1,0,0,0.0,false,0,0.066,0.2674,1579,18.9,true,true
Liberty::vitorinomanuel,"Vitorino, Manuel",Liberty,Southern,2026,17,3,57,0,0,1,0,0,0.0,false,0,0.066,0.3429,1579,52.8,false,true
Monmouth::zontaleo,"Zonta, Leo",Monmouth,CAA,2026,4,2,175,0,0,1,0,0,0.0,false,0,0.066,0.2781,1501,23.9,true,true
Monmouth::cadigansean,"Cadigan, Sean",Monmouth,CAA,2026,6,2,148,0,0,1,0,0,0.0,false,0,0.066,0.2907,1501,31.3,true,true
Monmouth::bichlerjessy,"Bichler, Jessy",Monmouth,CAA,2026,11,2,154,0,0,1,0,0,0.0,false,0,0.066,0.2878,1501,29.6,true,true
Davidson College::ibetobe,"Ibe, Tobe",Davidson College,Atlantic 10,2026,9,2,96,0,0,1,0,0,0.0,false,0,0.066,0.3184,1538,45.9,true,true
Davidson College::musecohen,"Muse, Cohen",Davidson College,Atlantic 10,2026,18,2,79,0,0,1,0,0,0.0,false,0,0.066,0.3286,1538,48.8,false,true
Incarnate Word::monrrealjuan,"Monrreal, Juan",Incarnate Word,Other / Non-D1,2026,10,2,44,0,0,1,0,0,0.0,false,0,0.066,0.3519,1460,55.9,false,false
Incarnate Word::rioserick,"Rios, Erick",Incarnate Word,Other / Non-D1,2026,16,2,115,0,0,1,0,0,0.0,false,0,0.066,0.3077,1460,41.1,true,false
Rutgers::mastrodimoszach,"Mastrodimos, Zach",Rutgers,Big Ten,2026,7,3,185,0,0,1,0,0,0.0,false,0,0.066,0.2738,1598,21.6,true,true
Rutgers::bryjakjeffrey,"Bryjak, Jeffrey",Rutgers,Big Ten,2026,23,3,171,0,0,1,0,0,0.0,false,0,0.066,0.2799,1598,24.8,true,true
FGCU::rossiemilio,"Rossi, Emilio",FGCU,ASUN,2026,2,4,249,0,0,1,0,0,0.0,false,0,0.066,0.2487,1584,10.5,true,true
California Baptist::charalampousstavros,"Charalampous, Stavros",California Baptist,Pac-12,2026,8,2,153,0,0,1,0,0,0.0,false,0,0.066,0.2883,1617,29.8,true,true
Mercer::sewardandrew,"Seward, Andrew",Mercer,Southern,2026,27,3,17,0,0,1,0,0,0.0,false,0,0.066,0.3722,1565,61.4,false,true
Washington::sovdechad,"Sovde, Chad",Washington,Big Ten,2026,33,4,130,0,0,1,0,0,0.0,false,0,0.066,0.2996,1720,36.3,true,true
Oral Roberts::abdulaiabdulmalik,"Abdulai, Abdul-Malik",Oral Roberts,Summit,2026,6,3,216,0,0,1,0,0,0.0,false,0,0.066,0.2609,1489,14.4,true,true
Stony Brook::jeanlouisjustin,"Jean-Louis, Justin",Stony Brook,CAA,2026,12,3,150,0,0,1,0,0,0.0,false,0,0.066,0.2897,1542,30.4,true,true
St. Thomas::osadchyimaksym,"Osadchyi, Maksym",St. Thomas,Summit,2026,26,1,76,0,0,1,0,0,0.0,false,0,0.066,0.3304,1501,49.2,false,true
St. Thomas::labordejulien,"Laborde, Julien",St. Thomas,Summit,2026,77,1,61,0,0,1,0,0,0.0,false,0,0.066,0.3401,1501,52,false,true
St. Thomas::herstadellef,"Herstad, Ellef",St. Thomas,Summit,2026,18,1,43,0,0,1,0,0,0.0,false,0,0.066,0.3525,1501,56,false,true
Fordham::linaresnico,"Linares, Nico",Fordham,Atlantic 10,2026,20,3,214,0,0,1,0,0,0.0,false,0,0.066,0.2617,1509,14.9,true,true
Butler::ferreresmanolo,"Ferreres, Manolo",Butler,Big East,2026,4,1,90,0,0,1,0,0,0.0,false,0,0.066,0.3218,1499,47.2,false,true
Butler::sextonalec,"Sexton, Alec",Butler,Big East,2026,16,2,24,0,0,1,0,0,0.0,false,0,0.066,0.3666,1428,59.7,false,true
Seattle::wiskelnico,"Wiskel, Nico",Seattle,West Coast,2026,10,3,67,0,0,1,0,0,0.0,false,0,0.066,0.3361,1619,51,false,true
Rutgers::gorczowskisimon,"Gorczowski, Simon",Rutgers,Big Ten,2026,2,3,160,0,0,1,0,0,0.0,false,0,0.065,0.2848,1598,27.4,true,true
Rutgers::jeromejoshua,"Jerome, Joshua",Rutgers,Big Ten,2026,18,3,106,0,0,1,0,0,0.0,false,0,0.065,0.3125,1598,43.7,true,true
Central Arkansas::wolfegarner,"Wolfe, Garner",Central Arkansas,ASUN,2026,6,3,160,0,0,1,0,0,0.0,false,0,0.065,0.2848,1507,27.3,true,true
Central Arkansas::helletopias,"Helle, Topias",Central Arkansas,ASUN,2026,7,1,34,0,0,1,0,0,0.0,false,0,0.065,0.3590,1494,57.8,false,true
Syracuse::dacostakelvin,"Da Costa, Kelvin",Syracuse,ACC,2026,22,3,104,0,0,1,0,0,0.0,false,0,0.065,0.3136,1581,44,true,true
George Washington::bangurafoday,"Bangura, Foday",George Washington,Atlantic 10,2026,5,3,184,0,0,1,0,0,0.0,false,0,0.065,0.2740,1426,21.8,true,true
George Washington::mcgovernben,"McGovern, Ben",George Washington,Atlantic 10,2026,15,3,163,0,0,1,0,0,0.0,false,0,0.065,0.2834,1426,26.6,true,true
Santa Clara::hassonyarin,"Hasson, Yarin",Santa Clara,West Coast,2026,8,4,360,0,0,1,0,0,0.0,false,0,0.065,0.2145,1518,2.7,true,true
Santa Clara::berkovitzniv,"Berkovitz, Niv",Santa Clara,West Coast,2026,10,2,20,0,0,1,0,0,0.0,false,0,0.065,0.3696,1561,60.4,false,true
Utah Tech::watkinsmichael,"Watkins, Michael",Utah Tech,Mountain West,2026,7,3,74,0,0,1,0,0,0.0,false,0,0.065,0.3315,1358,49.6,false,true
Utah Tech::coystetson,"Coy, Stetson",Utah Tech,Mountain West,2026,36,1,47,0,0,1,0,0,0.0,false,0,0.065,0.3495,1491,54.9,false,true
Gonzaga::hjaltasonjon,"Hjaltason, Jon",Gonzaga,Pac-12,2026,13,3,110,0,0,1,0,0,0.0,false,0,0.065,0.3102,1542,42.8,true,true
UNLV::vazquezmanolo,"Vazquez, Manolo",UNLV,Mountain West,2026,5,2,143,0,0,1,0,0,0.0,false,0,0.065,0.2929,1440,32.6,true,true
UNLV::mirandajacob,"Miranda, Jacob",UNLV,Mountain West,2026,23,3,250,0,0,1,0,0,0.0,false,0,0.065,0.2481,1542,10.3,true,true
Wisconsin::brownsamperisaac,"Brown-Samper, Isaac",Wisconsin,Big Ten,2026,3,4,275,0,0,1,0,0,0.0,false,0,0.065,0.2396,1482,7.5,true,true
North Carolina::maitrebenjamin,"Maitre, Benjamin",North Carolina,ACC,2026,21,3,46,0,0,1,0,0,0.0,false,0,0.065,0.3502,1608,55.3,false,true
Duquesne::posadaalex,"Posada, Alex",Duquesne,Atlantic 10,2026,33,4,360,0,0,1,0,0,0.0,false,0,0.065,0.2144,1396,2.7,true,true
New Haven::morganrenford,"Morgan, Renford",New Haven,NEC,2026,34,2,45,0,0,1,0,0,0.0,false,0,0.065,0.3509,1634,55.4,false,true
New Haven::gabrieldarsein,"Gabriel, Darsein",New Haven,NEC,2026,37,2,29,0,0,1,0,0,0.0,false,0,0.065,0.3626,1634,58.7,false,true
UCF::martinezalbiolizan,"Martinez Albiol, Izan",UCF,Sun Belt,2026,19,3,72,0,0,1,0,0,0.0,false,0,0.065,0.3327,1561,50.1,false,true
Seton Hall::ottossonhannes,"Ottosson, Hannes",Seton Hall,Big East,2026,18,2,8,0,0,1,0,0,0.0,false,0,0.065,0.3792,1516,62.6,false,true
UC Riverside::diazadrian,"Diaz, Adrian",UC Riverside,Pac-12,2026,11,3,75,0,0,1,0,0,0.0,false,0,0.064,0.3308,1564,49.3,false,true
UC Riverside::pontingwyatt,"Ponting, Wyatt",UC Riverside,Pac-12,2026,21,3,64,0,0,1,0,0,0.0,false,0,0.064,0.3379,1564,51.3,false,true
Presbyterian::restreposebastian,"Restrepo, Sebastian",Presbyterian,Big South,2026,2,4,174,0,0,1,0,0,0.0,false,0,0.064,0.2783,1280,24,true,true
Presbyterian::shermeralbert,"Shermer, Albert",Presbyterian,Big South,2026,8,4,214,0,0,1,0,0,0.0,false,0,0.064,0.2615,1280,14.7,true,true
Tulsa::sayloncarlito,"Saylon, Carlito",Tulsa,American,2026,0,4,360,0,0,0,0,16,7.0,true,4,0.064,0.2144,1486,2.6,true,true
IU Indy::quezadajayden,"Quezada, Jayden",IU Indy,Horizon,2026,2,3,226,0,0,1,0,0,0.0,false,0,0.064,0.2568,1480,13,true,true
IU Indy::nielsenchristian,"Nielsen, Christian",IU Indy,Horizon,2026,9,3,145,0,0,1,0,0,0.0,false,0,0.064,0.2918,1480,31.8,true,true
Northern Illinois::slawektomasz,"Slawek, Tomasz",Northern Illinois,Other / Non-D1,2026,17,4,292,0,0,1,0,0,0.0,false,0,0.064,0.2340,1451,6.5,true,false
Princeton::kelleykristian,"Kelley, Kristian",Princeton,Ivy,2026,6,2,124,0,0,1,0,0,0.0,false,0,0.064,0.3025,1610,38,true,true
Princeton::martinjackson,"Martin, Jackson",Princeton,Ivy,2026,16,2,60,0,0,1,0,0,0.0,false,0,0.064,0.3404,1610,52.1,false,true
Bryant::fernandezpaco,"Fernandez, Paco",Bryant,America East,2026,16,1,18,0,0,1,0,0,0.0,false,0,0.064,0.3710,1474,61.2,false,true
Wright State::petoussisgiorgos,"Petoussis, Giorgos",Wright State,Horizon,2026,6,4,209,0,0,1,0,0,0.0,false,0,0.064,0.2634,1399,15.6,true,true
Omaha::willinghamdylan,"Willingham, Dylan",Omaha,Summit,2026,18,3,88,0,0,1,0,0,0.0,false,0,0.064,0.3227,1348,47.5,false,true
Mercyhurst::hubertharrison,"Hubert, Harrison",Mercyhurst,NEC,2026,13,3,235,0,0,1,0,0,0.0,false,0,0.064,0.2534,1483,11.8,true,true
UNC Asheville::mbambakayoum,"M'Bamba, Kayoum",UNC Asheville,Big South,2026,23,2,66,0,0,1,0,0,0.0,false,0,0.064,0.3364,1582,51.1,false,true
Chicago State::mutalibovalex,"Mutalibov, Alex",Chicago State,NEC,2026,32,2,74,0,0,1,0,0,0.0,false,0,0.064,0.3313,1434,49.5,false,true
Wright State::noziljosyah,"Nozil, Josyah",Wright State,Horizon,2026,36,4,165,0,0,1,0,0,0.0,false,0,0.064,0.2823,1399,26.1,true,true
Fordham::swearengenleevi,"Swearengen, Leevi",Fordham,Atlantic 10,2026,2,3,246,0,0,1,0,0,0.0,false,0,0.064,0.2494,1509,10.9,true,true
Saint Peter's::dunncurtis,"Dunn, Curtis",Saint Peter's,Metro,2026,4,3,206,0,0,1,0,0,0.0,false,0,0.064,0.2646,1427,15.8,true,true
Saint Peter's::garciabryan,"Garcia, Bryan",Saint Peter's,Metro,2026,20,2,13,0,0,1,0,0,0.0,false,0,0.064,0.3749,1361,61.9,false,true
Saint Peter's::ramirezchristian,"Ramirez, Christian",Saint Peter's,Metro,2026,21,3,29,0,0,1,0,0,0.0,false,0,0.064,0.3624,1427,58.7,false,true
Saint Peter's::nigliomatteo,"Niglio, Matteo",Saint Peter's,Metro,2026,19,2,8,0,0,1,0,0,0.0,false,0,0.064,0.3790,1514,62.6,false,true
DePaul::paduamax,"Padua, Max",DePaul,Big East,2026,6,4,202,0,0,1,0,0,0.0,false,0,0.064,0.2662,1429,16.5,true,true
Santa Clara::tengisaiah,"Teng, Isaiah",Santa Clara,West Coast,2026,28,4,264,0,0,1,0,0,0.0,false,0,0.064,0.2431,1518,8.9,true,true
Pacific::andrewjames,"Andrew, James",Pacific,West Coast,2026,2,4,146,0,0,1,0,0,0.0,false,0,0.063,0.2912,1489,31.6,true,true
Wright State::conleykeegan,"Conley, Keegan",Wright State,Horizon,2026,13,4,181,0,0,1,0,0,0.0,false,0,0.063,0.2751,1399,22.4,true,true
Longwood::kamdjinaristhid,"Kamdjin, Aristhid",Longwood,Big South,2026,2,2,120,0,0,1,0,0,0.0,false,0,0.063,0.3045,1360,39.2,true,true
UC Irvine::gonzalezgustavo,"Gonzalez, Gustavo",UC Irvine,Big West,2026,5,3,270,0,0,1,0,0,0.0,false,0,0.063,0.2411,1517,8.2,true,true
UC Irvine::rizzopierce,"Rizzo, Pierce",UC Irvine,Big West,2026,28,3,182,0,0,1,0,0,0.0,false,0,0.063,0.2746,1517,22.2,true,true
Pacific::odipojoseph,"Odipo, Joseph",Pacific,West Coast,2026,28,4,111,0,0,1,0,0,0.0,false,0,0.063,0.3093,1489,42.3,true,true
Temple University::esserchase,"Esser , Chase",Temple University,American,2026,27,3,127,0,0,1,0,0,0.0,false,0,0.063,0.3008,1505,37.1,true,true
Coastal Carolina::shawpatrick,"Shaw, Patrick",Coastal Carolina,Sun Belt,2026,11,3,116,0,0,1,0,0,0.0,false,0,0.063,0.3066,1523,40.4,true,true
Life Pacific::gedeonkabiso,"Gedeon, Kabiso",Life Pacific,Other / Non-D1,2026,27,1,64,0,0,1,0,0,0.0,false,0,0.063,0.3376,1455,51.3,false,false
Life Pacific::haleydavid,"Haley, David",Life Pacific,Other / Non-D1,2026,8,1,61,0,0,1,0,0,0.0,false,0,0.063,0.3395,1455,51.9,false,false
Life Pacific::marindavid,"Marin, David",Life Pacific,Other / Non-D1,2026,7,1,79,0,0,1,0,0,0.0,false,0,0.063,0.3280,1455,48.6,false,false
Providence::ajayimayowa,"Ajayi, Mayowa",Providence,Big East,2026,24,4,169,0,0,1,0,0,0.0,false,0,0.063,0.2803,1452,25.1,true,true
FDU::colethomas,"Cole, Thomas",FDU,Other / Non-D1,2026,4,3,194,0,0,1,0,0,0.0,false,0,0.063,0.2694,1335,19.7,true,false
Oral Roberts::waeschhagen,"Waesch, Hagen",Oral Roberts,Summit,2026,8,3,88,0,0,1,0,0,0.0,false,0,0.063,0.3225,1489,47.4,false,true
Stonehill College::kampejack,"Kampe, Jack",Stonehill College,NEC,2026,33,3,46,0,0,1,0,0,0.0,false,0,0.063,0.3498,1371,55.1,false,true
Oakland::pecharjarrett,"Pechar, Jarrett",Oakland,Horizon,2026,5,3,150,0,0,1,0,0,0.0,false,0,0.063,0.2892,1532,30.3,true,true
Oakland::pinheirojayden,"Pinheiro, Jayden",Oakland,Horizon,2026,25,2,143,0,0,1,0,0,0.0,false,0,0.063,0.2926,1547,32.5,true,true
North Florida::manekemax,"Maneke, Max",North Florida,ASUN,2026,77,3,173,0,0,1,0,0,0.0,false,0,0.063,0.2785,1512,24.1,true,true
Mount St. Mary's::brownoliver,"Brown, Oliver",Mount St. Mary's,Metro,2026,11,2,56,0,0,1,0,0,0.0,false,0,0.063,0.3429,1428,52.8,false,true
Old Dominion::mairegeorge,"Maire, George",Old Dominion,Sun Belt,2026,10,3,114,0,0,1,0,0,0.0,false,0,0.062,0.3076,1465,41.1,true,true
San Jose State::garciaemmanuel,"Garcia, Emmanuel",San Jose State,Mountain West,2026,25,1,7,0,0,1,0,0,0.0,false,0,0.062,0.3796,1446,62.6,false,true
Georgia Southern::barkerowen,"Barker, Owen",Georgia Southern,Sun Belt,2026,14,3,200,0,0,1,0,0,0.0,false,0,0.062,0.2669,1453,18.7,true,true
Blackburn::parraluis,"Parra, Luis",Blackburn,Other / Non-D1,2026,17,1,62,0,0,1,0,0,0.0,false,0,0.062,0.3388,1446,51.7,false,false
Detroit Mercy::nkassatom,"Nkassa, Tom",Detroit Mercy,Horizon,2026,4,3,254,0,0,1,0,0,0.0,false,0,0.062,0.2464,1446,9.9,true,true
Detroit Mercy::ahearncharlie,"Ahearn, Charlie",Detroit Mercy,Horizon,2026,25,2,13,0,0,1,0,0,0.0,false,0,0.062,0.3746,1343,61.7,false,true
University of Southern Indiana::naessenszach,"Naessens, Zach",University of Southern Indiana,Ohio Valley,2026,5,2,180,0,0,1,0,0,0.0,false,0,0.062,0.2753,1392,22.6,true,true
Stanford::reillyaidan,"Reilly, Aidan",Stanford,ACC,2026,24,4,264,0,0,1,0,0,0.0,false,0,0.062,0.2429,1693,8.9,true,true
CSU Bakersfield::estradakevin,"Estrada, Kevin",CSU Bakersfield,Other / Non-D1,2026,17,3,237,0,0,1,0,0,0.0,false,0,0.062,0.2525,1542,11.6,true,false
CSU Bakersfield::mileycurtis,"Miley, Curtis",CSU Bakersfield,Other / Non-D1,2026,19,3,270,0,0,1,0,0,0.0,false,0,0.062,0.2409,1542,8.2,true,false
Grand Canyon::jokubaitismatas,"Jokubaitis, Matas",Grand Canyon,Mountain West,2026,5,3,261,0,0,1,0,0,0.0,false,0,0.062,0.2439,1528,9.2,true,true
Grand Canyon::oberwaditzerfelix,"Oberwaditzer, Felix",Grand Canyon,Mountain West,2026,4,3,160,0,0,1,0,0,0.0,false,0,0.062,0.2843,1528,27.1,true,true
Grand Canyon::rahmanmutebiabdul,"Rahman Mutebi, Abdul",Grand Canyon,Mountain West,2026,20,1,36,0,0,1,0,0,0.0,false,0,0.062,0.3568,1441,57.2,false,true
Siena::kelleyquinnleon,"Kelley-Quinn, Leon",Siena,Metro,2026,4,2,19,0,0,1,0,0,0.0,false,0,0.062,0.3698,1486,60.5,false,true
Siena::fogartybenjamin,"Fogarty, Benjamin",Siena,Metro,2026,44,3,132,0,0,1,0,0,0.0,false,0,0.062,0.2980,1429,35.2,true,true
Gardner-Webb::samaripachristian,"Samaripa, Christian",Gardner-Webb,Big South,2026,15,2,92,0,0,1,0,0,0.0,false,0,0.062,0.3200,1497,46.4,true,true
Houston Christian::calderben,"Calder, Ben",Houston Christian,Ohio Valley,2026,16,3,35,0,0,1,0,0,0.0,false,0,0.062,0.3575,1439,57.3,false,true
Houston Christian::mooremarcos,"Moore, Marcos",Houston Christian,Ohio Valley,2026,18,3,55,0,0,1,0,0,0.0,false,0,0.062,0.3434,1439,52.8,false,true
University of Evansville::zecben,"Zec, Ben",University of Evansville,Missouri Valley,2026,11,3,113,0,0,1,0,0,0.0,false,0,0.062,0.3080,1612,41.3,true,true
University of Evansville::kimberlingkyle,"Kimberling, Kyle",University of Evansville,Missouri Valley,2026,14,3,57,0,0,1,0,0,0.0,false,0,0.062,0.3420,1612,52.6,false,true
NC State::bentbrandon,"Bent, Brandon",NC State,ACC,2026,25,4,89,0,0,1,0,0,0.0,false,0,0.062,0.3217,1485,47.2,false,true
Duquesne::katotyler,"Kato, Tyler",Duquesne,Atlantic 10,2026,22,2,40,0,0,1,0,0,0.0,false,0,0.062,0.3539,1317,56.4,false,true
IU Indy::huitrondivinci,"Huitron, Divinci",IU Indy,Horizon,2026,29,2,11,0,0,1,0,0,0.0,false,0,0.062,0.3761,1482,62.2,false,true
Columbia University::mcdaidjoe,"McDaid, Joe",Columbia University,Ivy,2026,2,1,90,0,0,1,0,0,0.0,false,0,0.061,0.3211,1435,46.8,false,true
Columbia University::mcdaidjack,"McDaid, Jack",Columbia University,Ivy,2026,10,1,76,0,0,1,0,0,0.0,false,0,0.061,0.3296,1435,49,false,true
Columbia University::konefadel,"Kone, Fadel",Columbia University,Ivy,2026,14,1,29,0,0,1,0,0,0.0,false,0,0.061,0.3620,1435,58.5,false,true
Columbia University::kinnersage,"Kinner, Sage",Columbia University,Ivy,2026,22,1,90,0,0,1,0,0,0.0,false,0,0.061,0.3211,1435,46.8,false,true
CSUN::oyewotito,"Oyewo, Tito",CSUN,Other / Non-D1,2026,5,2,165,0,0,1,0,0,0.0,false,0,0.061,0.2819,1473,25.8,true,false
CSUN::homerisaac,"Homer, Isaac",CSUN,Other / Non-D1,2026,14,2,78,0,0,1,0,0,0.0,false,0,0.061,0.3283,1473,48.8,false,false
Waynesburg University::engeljohn,"Engel, John",Waynesburg University,Other / Non-D1,2026,17,1,86,0,0,1,0,0,0.0,false,0,0.061,0.3234,1428,47.6,false,false
Tulsa::floresomar,"Flores, Omar",Tulsa,American,2026,19,4,200,0,0,1,0,0,0.0,false,0,0.061,0.2667,1486,18.6,true,true
FIU::bauensfinn,"Bauens, Finn",FIU,American,2026,2,3,257,0,0,1,0,0,0.0,false,0,0.061,0.2452,1542,9.5,true,true
Marshall::martinspedro,"Martins, Pedro",Marshall,Sun Belt,2026,19,2,86,0,0,1,0,0,0.0,false,0,0.061,0.3234,1518,47.6,false,true
Marshall::armstrongandrew,"Armstrong, Andrew",Marshall,Sun Belt,2026,22,2,99,0,0,1,0,0,0.0,false,0,0.061,0.3157,1518,44.7,true,true
Canisius::diashenrique,"Dias, Henrique",Canisius,Metro,2026,4,2,180,0,0,1,0,0,0.0,false,0,0.061,0.2751,1323,22.4,true,true
Canisius::zarconeaj,"Zarcone, AJ",Canisius,Metro,2026,6,2,161,0,0,1,0,0,0.0,false,0,0.061,0.2837,1323,26.8,true,true
Green Bay::drendeldylan,"Drendel, Dylan",Green Bay,Other / Non-D1,2026,17,3,270,0,0,1,0,0,0.0,false,0,0.061,0.2407,1457,8.1,true,false
San Diego::zachrydevin,"Zachry, Devin",San Diego,West Coast,2026,11,3,96,0,0,1,0,0,0.0,false,0,0.061,0.3174,1725,45.5,true,true
San Diego::lunaissak,"Luna, Issak",San Diego,West Coast,2026,15,3,66,0,0,1,0,0,0.0,false,0,0.061,0.3359,1725,50.9,false,true
UNC Wilmington::austincormac,"Austin, Cormac",UNC Wilmington,CAA,2026,16,3,202,0,0,1,0,0,0.0,false,0,0.061,0.2658,1589,16.4,true,true
Bellarmine::newmanreed,"Newman, Reed",Bellarmine,ASUN,2026,15,3,66,0,0,1,0,0,0.0,false,0,0.061,0.3359,1497,50.9,false,true
Bellarmine::tairakanata,"Taira, Kanata",Bellarmine,ASUN,2026,20,1,29,0,0,1,0,0,0.0,false,0,0.061,0.3618,1421,58.5,false,true
Le Moyne College::hussmaximilian,"Huss, Maximilian",Le Moyne College,NEC,2026,24,4,315,0,0,1,0,0,0.0,false,0,0.060,0.2265,1348,4,true,true
Kansas City::schaeferethan,"Schaefer, Ethan",Kansas City,Summit,2026,18,2,35,0,0,1,0,0,0.0,false,0,0.060,0.3573,1517,57.2,false,true
UC San Diego::mottmatias,"Mott, Matias",UC San Diego,Pac-12,2026,2,2,91,0,0,1,0,0,0.0,false,0,0.060,0.3203,1308,46.5,false,true
Stetson::bullarddesmond,"Bullard, Desmond",Stetson,ASUN,2026,35,3,214,0,0,1,0,0,0.0,false,0,0.060,0.2610,1545,14.4,true,true
Stetson::avalloneryan,"Avallone, Ryan",Stetson,ASUN,2026,17,1,14,0,0,1,0,0,0.0,false,0,0.060,0.3734,1416,61.5,false,true
UConn::furutaniyotaro,"Furutani , Yotaro",UConn,Big East,2026,15,4,212,0,0,1,0,0,0.0,false,0,0.060,0.2617,1563,14.9,true,true
Marquette::costabileantonio,"Costabile, Antonio",Marquette,Big East,2026,7,4,127,0,0,1,0,0,0.0,false,0,0.060,0.3003,1473,36.9,true,true
Iona::ortigosaaritz,"Ortigosa, Aritz",Iona,Metro,2026,3,3,165,0,0,1,0,0,0.0,false,0,0.060,0.2817,1580,25.7,true,true
Iona::nowakbrian,"Nowak, Brian",Iona,Metro,2026,27,3,46,0,0,1,0,0,0.0,false,0,0.060,0.3493,1580,54.8,false,true
Navy::parkerluke,"Parker, Luke",Navy,Patriot,2026,6,4,327,0,0,1,0,0,0.0,false,0,0.060,0.2230,1353,3.7,true,true
Incarnate Word::roblesdiego,"Robles, Diego",Incarnate Word,Other / Non-D1,2026,28,2,134,0,0,1,0,0,0.0,false,0,0.060,0.2966,1460,34.6,true,false
Akron::bunchsam,"Bunch, Sam",Akron,Big East,2026,21,3,233,0,0,1,0,0,0.0,false,0,0.060,0.2536,1581,11.8,true,true
UAB::dansletfrederik,"Danslet, Frederik",UAB,American,2026,4,3,224,0,0,1,0,0,0.0,false,0,0.060,0.2570,1394,13,true,true
UAB::dohhumphrey,"Doh, Humphrey",UAB,American,2026,11,3,38,0,0,1,0,0,0.0,false,0,0.060,0.3550,1394,56.6,false,true
Houston Christian::krossnico,"Kross, Nico",Houston Christian,Ohio Valley,2026,15,3,246,0,0,1,0,0,0.0,false,0,0.060,0.2489,1439,10.7,true,true
Houston Christian::nivencallum,"Niven, Callum",Houston Christian,Ohio Valley,2026,9,3,79,0,0,1,0,0,0.0,false,0,0.060,0.3275,1439,48.5,false,true
Houston Christian::degenaersjess,"Degenaers, Jess",Houston Christian,Ohio Valley,2026,19,3,145,0,0,1,0,0,0.0,false,0,0.060,0.2911,1439,31.6,true,true
Stetson::condeafonso,"Conde, Afonso",Stetson,ASUN,2026,7,3,124,0,0,1,0,0,0.0,false,0,0.060,0.3018,1545,37.5,true,true
Mount St. Mary's::albangarrett,"Alban, Garrett",Mount St. Mary's,Metro,2026,22,2,53,0,0,1,0,0,0.0,false,0,0.059,0.3443,1428,53.1,false,true
Lafayette::clarkthomas,"Clark, Thomas",Lafayette,Patriot,2026,19,2,46,0,0,1,0,0,0.0,false,0,0.059,0.3492,1572,54.8,false,true
Lafayette::maglionecade,"Maglione, Cade",Lafayette,Patriot,2026,3,1,57,0,0,1,0,0,0.0,false,0,0.059,0.3416,1404,52.3,false,true
Queens::gustafssonotto,"Gustafsson, Otto",Queens,ASUN,2026,3,3,270,0,0,1,0,0,0.0,false,0,0.059,0.2405,1505,8,true,true
UMass Lowell::champagnealex,"Champagne, Alex",UMass Lowell,America East,2026,20,3,188,0,0,1,0,0,0.0,false,0,0.059,0.2714,1310,20.8,true,true
UMass Lowell::correajuanpablo,"Correa, Juan-Pablo",UMass Lowell,America East,2026,77,3,63,0,0,1,0,0,0.0,false,0,0.059,0.3376,1310,51.3,false,true
Green Bay::pituchaleks,"Pituch, Aleks",Green Bay,Other / Non-D1,2026,19,3,98,0,0,1,0,0,0.0,false,0,0.059,0.3160,1457,44.9,true,false
UAB::bricecarson,"Brice, Carson",UAB,American,2026,3,3,270,0,0,1,0,0,0.0,false,0,0.059,0.2405,1394,8,true,true
Boston College::gibsonconnor,"Gibson, Connor",Boston College,ACC,2026,8,3,159,0,0,1,0,0,0.0,false,0,0.059,0.2843,1399,27.1,true,true
Michigan::noblesnick,"Nobles, Nick",Michigan,Big Ten,2026,6,3,146,0,0,1,0,0,0.0,false,0,0.058,0.2905,1374,31.1,true,true
Quinnipiac::corsettigiovanni,"Corsetti, Giovanni",Quinnipiac,Metro,2026,17,3,270,0,0,1,0,0,0.0,false,0,0.058,0.2404,1551,7.9,true,true
CCSU::washingtonnick,"Washington, Nick",CCSU,Other / Non-D1,2026,14,2,150,0,0,1,0,0,0.0,false,0,0.058,0.2885,1336,30.1,true,false
Dayton::adeboyejoemmanuel,"Adeboyejo, Emmanuel",Dayton,Atlantic 10,2026,13,1,39,0,0,1,0,0,0.0,false,0,0.058,0.3539,1382,56.4,false,true
ETSU::dickgavin,"Dick, Gavin",ETSU,Southern,2026,9,2,128,0,0,1,0,0,0.0,false,0,0.058,0.2994,1567,36.3,true,true
ETSU::chunuwegeorge,"Chunuwe, George",ETSU,Southern,2026,23,2,154,0,0,1,0,0,0.0,false,0,0.058,0.2865,1567,28.4,true,true
UAB::rizzolucas,"Rizzo, Lucas",UAB,American,2026,9,3,200,0,0,1,0,0,0.0,false,0,0.058,0.2662,1394,16.6,true,true
UAB::jiwonhan,"Jiwon, Han",UAB,American,2026,24,3,46,0,0,1,0,0,0.0,false,0,0.058,0.3489,1394,54.7,false,true
Drexel::fryedaniel,"Frye, Daniel",Drexel,CAA,2026,16,3,109,0,0,1,0,0,0.0,false,0,0.058,0.3096,1362,42.3,true,true
Charlotte::brunskogvilmer,"Brunskog, Vilmer",Charlotte,American,2026,5,3,260,0,0,1,0,0,0.0,false,0,0.058,0.2437,1655,9.1,true,true
Yale::leidldavid,"Leidl, David",Yale,Ivy,2026,33,2,53,0,0,1,0,0,0.0,false,0,0.057,0.3439,1420,53,false,true
Omaha::kaiseraustin,"Kaiser, Austin",Omaha,Summit,2026,11,3,51,0,0,1,0,0,0.0,false,0,0.057,0.3452,1348,53.3,false,true
Bradley::drummondkael,"Drummond, Kael",Bradley,Other / Non-D1,2026,5,3,148,0,0,1,0,0,0.0,false,0,0.057,0.2892,1379,30.3,true,false
Bradley::misseybraden,"Missey, Braden",Bradley,Other / Non-D1,2026,13,3,169,0,0,1,0,0,0.0,false,0,0.057,0.2794,1379,24.6,true,false
Butler::nealehayden,"Neale, Hayden",Butler,Big East,2026,12,4,100,0,0,1,0,0,0.0,false,0,0.056,0.3144,1510,44.2,true,true
Northern Kentucky::dickersonshaun,"Dickerson, Shaun",Northern Kentucky,Horizon,2026,29,3,75,0,0,1,0,0,0.0,false,0,0.056,0.3294,1325,49,false,true
Memphis::mulrooneyben,"Mulrooney, Ben",Memphis,American,2026,29,4,38,0,0,1,0,0,0.0,false,0,0.056,0.3543,1549,56.5,false,true
NC State::takayamahayato,"Takayama, Hayato",NC State,ACC,2026,20,4,71,0,0,1,0,0,0.0,false,0,0.056,0.3318,1485,49.6,false,true
Ohio State::labitevictor,"Labite, Victor",Ohio State,Big Ten,2026,4,3,211,0,0,1,0,0,0.0,false,0,0.056,0.2615,1503,14.8,true,true
Ohio State::samwaysmathew,"Samways, Mathew",Ohio State,Big Ten,2026,17,2,25,0,0,1,0,0,0.0,false,0,0.056,0.3640,1434,59,false,true
Bradley::manzelmannmax,"Manzelmann, Max",Bradley,Other / Non-D1,2026,10,3,152,0,0,1,0,0,0.0,false,0,0.055,0.2871,1379,29.3,true,false
Bradley::sigurjonssonfjolnir,"Sigurjonsson, Fjolnir",Bradley,Other / Non-D1,2026,15,3,170,0,0,1,0,0,0.0,false,0,0.055,0.2788,1379,24.2,true,false
Cornell::harringtonlennon,"Harrington, Lennon",Cornell,Ivy,2026,4,1,81,0,0,1,0,0,0.0,false,0,0.055,0.3255,1342,48.1,false,true
Cornell::kolbldominik,"Kolbl, Dominik",Cornell,Ivy,2026,6,1,90,0,0,1,0,0,0.0,false,0,0.055,0.3201,1342,46.5,false,true
Cornell::eckgriffin,"Eck, Griffin",Cornell,Ivy,2026,14,1,73,0,0,1,0,0,0.0,false,0,0.055,0.3305,1342,49.2,false,true
Cornell::millerconnor,"Miller, Connor",Cornell,Ivy,2026,35,1,90,0,0,1,0,0,0.0,false,0,0.055,0.3201,1342,46.5,false,true
Cornell::hovannate,"Hovan, Nate",Cornell,Ivy,2026,17,1,22,0,0,1,0,0,0.0,false,0,0.055,0.3662,1342,59.6,false,true
South Carolina::robbanaomar,"Robbana, Omar",South Carolina,Sun Belt,2026,3,3,238,0,0,1,0,0,0.0,false,0,0.055,0.2512,1568,11.4,true,true
South Carolina::adalsteinssonarnar,"Adalsteinsson, Arnar",South Carolina,Sun Belt,2026,4,3,69,0,0,1,0,0,0.0,false,0,0.055,0.3330,1568,50.2,false,true
South Carolina::dejiannematthew,"DeJianne, Matthew",South Carolina,Sun Belt,2026,16,2,33,0,0,1,0,0,0.0,false,0,0.055,0.3578,1475,57.4,false,true
University of Southern Indiana::rotundochristian,"Rotundo, Christian",University of Southern Indiana,Ohio Valley,2026,8,2,107,0,0,1,0,0,0.0,false,0,0.055,0.3103,1392,42.9,true,true
University of Southern Indiana::murphyjimmy,"Murphy, Jimmy",University of Southern Indiana,Ohio Valley,2026,11,2,87,0,0,1,0,0,0.0,false,0,0.055,0.3218,1392,47.2,false,true
Missouri State::harlockjared,"Harlock, Jared",Missouri State,American,2026,6,3,169,0,0,1,0,0,0.0,false,0,0.055,0.2792,1273,24.4,true,true
Utah Valley::amtruptoke,"Amtrup, Toke",Utah Valley,Big West,2026,4,3,270,0,0,1,0,0,0.0,false,0,0.055,0.2400,1395,7.6,true,true
Utah Valley::mangataljordan,"Mangatal, Jordan",Utah Valley,Big West,2026,26,3,79,0,0,1,0,0,0.0,false,0,0.055,0.3267,1395,48.4,false,true
Grand Canyon::rousedamon,"Rouse, Damon",Grand Canyon,Mountain West,2026,14,2,17,0,0,1,0,0,0.0,false,0,0.055,0.3700,1388,60.6,false,true
Grand Canyon::cruzcruzeiro,"Cruz, Cruzeiro",Grand Canyon,Mountain West,2026,22,2,35,0,0,1,0,0,0.0,false,0,0.055,0.3563,1388,57,false,true
George Mason::balkeyjohn,"Balkey, John",George Mason,Atlantic 10,2026,12,2,48,0,0,1,0,0,0.0,false,0,0.055,0.3470,1591,53.9,false,true
Ferrum::ginocchidaniel,"Ginocchi, Daniel",Ferrum,Other / Non-D1,2026,4,1,45,0,0,1,0,0,0.0,false,0,0.054,0.3490,1327,54.8,false,false
Ferrum::blancogabriel,"Blanco, Gabriel",Ferrum,Other / Non-D1,2026,6,1,47,0,0,1,0,0,0.0,false,0,0.054,0.3476,1327,54,false,false
Ferrum::asfhafili,"Asfha, Fili",Ferrum,Other / Non-D1,2026,8,1,53,0,0,1,0,0,0.0,false,0,0.054,0.3434,1327,52.9,false,false
Ferrum::harriganjoshua,"Harrigan, Joshua",Ferrum,Other / Non-D1,2026,21,1,45,0,0,1,0,0,0.0,false,0,0.054,0.3490,1327,54.8,false,false
UMBC::robesontrae,"Robeson, Trae",UMBC,America East,2026,4,2,160,0,0,1,0,0,0.0,false,0,0.054,0.2832,1286,26.5,true,true
Loyola Chicago::odonoghueliam,"O'Donoghue, Liam",Loyola Chicago,Atlantic 10,2026,27,3,137,0,0,1,0,0,0.0,false,0,0.054,0.2943,1374,33.2,true,true
Southern Virginia::gorringejackson,"Gorringe, Jackson",Southern Virginia,Other / Non-D1,2026,5,1,43,0,0,1,0,0,0.0,false,0,0.054,0.3503,1322,55.4,false,false
Southern Virginia::lifferthlandon,"Lifferth, Landon",Southern Virginia,Other / Non-D1,2026,18,1,47,0,0,1,0,0,0.0,false,0,0.054,0.3475,1322,54,false,false
Southern Virginia::whitlockporter,"Whitlock, Porter",Southern Virginia,Other / Non-D1,2026,24,1,57,0,0,1,0,0,0.0,false,0,0.054,0.3407,1322,52.2,false,false
Southern Virginia::millerdallin,"Miller, Dallin",Southern Virginia,Other / Non-D1,2026,8,1,29,0,0,1,0,0,0.0,false,0,0.054,0.3606,1322,58.2,false,false
Drake::alvarezcrew,"Alvarez, Crew",Drake,Missouri Valley,2026,9,3,145,0,0,1,0,0,0.0,false,0,0.054,0.2903,1477,30.9,true,true
Belmont University::biggarnzuhri,"Biggar, Nzuhri",Belmont University,Missouri Valley,2026,10,3,146,0,0,1,0,0,0.0,false,0,0.054,0.2898,1330,30.6,true,true
Merrimack College::delgiudicerocco,"DelGiudice, Rocco",Merrimack College,Metro,2026,5,3,269,0,0,1,0,0,0.0,false,0,0.054,0.2402,1363,7.8,true,true
Elon::madoreben,"Madore, Ben",Elon,Other / Non-D1,2026,27,2,16,0,0,1,0,0,0.0,false,0,0.054,0.3706,1441,60.9,false,false
Drake::gagannicholas,"Gagan, Nicholas",Drake,Missouri Valley,2026,13,3,126,0,0,1,0,0,0.0,false,0,0.054,0.2998,1475,36.6,true,true
Gonzaga::chaviraroblesscott,"Chavira Robles, Scott",Gonzaga,Pac-12,2026,18,4,228,0,0,1,0,0,0.0,false,0,0.054,0.2547,1485,12.2,true,true
Adrian College::bakerbyan,"Baker, Byan",Adrian College,Other / Non-D1,2026,14,1,44,0,0,1,0,0,0.0,false,0,0.053,0.3495,1313,55,false,false
Adrian College::goekeryan,"Goeke, Ryan",Adrian College,Other / Non-D1,2026,25,1,71,0,0,1,0,0,0.0,false,0,0.053,0.3314,1313,49.5,false,false
Radford::floresseth,"Flores, Seth",Radford,Big South,2026,15,2,5,0,0,1,0,0,0.0,false,0,0.053,0.3795,1400,62.6,false,true
Radford::simpsonamir,"Simpson, Amir",Radford,Big South,2026,18,2,134,0,0,1,0,0,0.0,false,0,0.053,0.2957,1400,33.9,true,true
Utah Tech::jeanfreauvincenzo,"Jeanfreau, Vincenzo",Utah Tech,Mountain West,2026,13,4,176,0,0,1,0,0,0.0,false,0,0.053,0.2758,1353,22.7,true,true
Western Illinois::wrobleskiryan,"Wrobleski, Ryan",Western Illinois,Ohio Valley,2026,2,3,270,0,0,1,0,0,0.0,false,0,0.053,0.2398,1300,7.6,true,true
Western Illinois::kasperiskifabrizio,"Kasperiski, Fabrizio",Western Illinois,Ohio Valley,2026,16,3,152,0,0,1,0,0,0.0,false,0,0.053,0.2868,1300,28.6,true,true
St. Bonaventure::landamanex,"Landa, Manex",St. Bonaventure,Atlantic 10,2026,32,3,119,0,0,1,0,0,0.0,false,0,0.053,0.3034,1437,38.5,true,true
Queens::alejandroduenascamachogabriel,"Alejandro Duenas Camacho, Gabriel",Queens,ASUN,2026,16,2,34,0,0,1,0,0,0.0,false,0,0.053,0.3566,1352,57,false,true
UC Davis::ghoddousikasra,"Ghoddousi, Kasra",UC Davis,Mountain West,2026,14,4,163,0,0,1,0,0,0.0,false,0,0.053,0.2816,1517,25.6,true,true
James Madison::tilahunhenok,"Tilahun, Henok",James Madison,Sun Belt,2026,24,3,187,0,0,1,0,0,0.0,false,0,0.053,0.2710,1356,20.6,true,true
Saint Joseph's::sullivanronan,"Sullivan, Ronan",Saint Joseph's,Atlantic 10,2026,23,3,192,0,0,1,0,0,0.0,false,0,0.053,0.2688,1255,19.5,true,true
VMI::mullinsben,"Mullins, Ben",VMI,Southern,2026,12,6,419,0,0,1,0,0,0.0,false,0,0.052,0.1986,1259,1.4,true,true
VMI::pateanthony,"Pate, Anthony",VMI,Southern,2026,22,5,332,0,0,1,0,0,0.0,false,0,0.052,0.2207,1304,3.4,true,true
Michigan::otoolepatrick,"O'Toole, Patrick",Michigan,Big Ten,2026,2,3,216,0,0,1,0,0,0.0,false,0,0.052,0.2591,1374,13.9,true,true
Michigan State::rensingdrew,"Rensing, Drew",Michigan State,Big Ten,2026,27,4,88,0,0,1,0,0,0.0,false,0,0.052,0.3207,1436,46.7,false,true
Sacramento State::battistessaevan,"Battistessa, Evan",Sacramento State,Big West,2026,2,4,346,0,0,1,0,0,0.0,false,0,0.052,0.2167,1475,2.9,true,true
UC Davis::ogieriakhivictor,"Ogieriakhi, Victor",UC Davis,Mountain West,2026,20,3,104,0,0,1,0,0,0.0,false,0,0.052,0.3114,1588,43.3,true,true
Northeastern::schurzchristoph,"Schurz, Christoph",Northeastern,CAA,2026,29,4,315,0,0,1,0,0,0.0,false,0,0.052,0.2255,1416,3.9,true,true
Dayton::dubinskiryl,"Dubins, Kiryl",Dayton,Atlantic 10,2026,23,4,339,0,0,1,0,0,0.0,false,0,0.051,0.2186,1507,3,true,true
DePaul::hassfurtherchase,"Hassfurther , Chase",DePaul,Big East,2026,24,3,37,0,0,1,0,0,0.0,false,0,0.051,0.3542,1416,56.5,false,true
Manhattan::asmundssonbjorn,"Asmundsson, Bjorn",Manhattan,Metro,2026,8,2,165,0,0,1,0,0,0.0,false,0,0.051,0.2805,1225,25.1,true,true
Manhattan::bozmandoug,"Bozman, Doug",Manhattan,Metro,2026,34,2,48,0,0,1,0,0,0.0,false,0,0.051,0.3464,1225,53.7,false,true
Utah Valley::correiaedgar,"Correia, Edgar",Utah Valley,Big West,2026,13,2,173,0,0,1,0,0,0.0,false,0,0.051,0.2769,1309,23.2,true,true
Saint Joseph's::courtneycarter,"Courtney, Carter",Saint Joseph's,Atlantic 10,2026,38,2,53,0,0,1,0,0,0.0,false,0,0.051,0.3428,1232,52.8,false,true
Saint Joseph's::reffsgaardherman,"Reffsgaard, Herman",Saint Joseph's,Atlantic 10,2026,22,2,87,0,0,1,0,0,0.0,false,0,0.051,0.3211,1289,46.8,false,true
Quincy University::perezjose,"Perez, Jose",Quincy University,Other / Non-D1,2026,18,1,90,0,0,1,0,0,0.0,false,0,0.050,0.3192,1265,46.2,false,false
La Salle::zieglermichael,"Ziegler, Michael",La Salle,Atlantic 10,2026,37,2,38,0,0,1,0,0,0.0,false,0,0.050,0.3532,1380,56.2,false,true
La Salle::pickettreed,"Pickett, Reed",La Salle,Atlantic 10,2026,19,3,102,0,0,1,0,0,0.0,false,0,0.050,0.3123,1433,43.6,true,true
Robert Morris::jeppesenfilip,"Jeppesen, Filip",Robert Morris,Horizon,2026,5,4,129,0,0,1,0,0,0.0,false,0,0.050,0.2977,1330,35.1,true,true
Le Moyne College::lundstromsvahnqvistkarl,"Lundstrom Svahnqvist, Karl",Le Moyne College,NEC,2026,3,4,300,0,0,1,0,0,0.0,false,0,0.050,0.2298,1348,4.3,true,true
UTRGV::minkalexander,"Mink, Alexander",UTRGV,Ohio Valley,2026,5,2,93,0,0,1,0,0,0.0,false,0,0.050,0.3174,1367,45.5,true,true
UTRGV::arreguinmauricio,"Arreguin, Mauricio",UTRGV,Ohio Valley,2026,23,1,54,0,0,1,0,0,0.0,false,0,0.050,0.3420,1263,52.6,false,true
Le Moyne College::reynoldsrey,"Reynolds, Rey",Le Moyne College,NEC,2026,26,1,16,0,0,1,0,0,0.0,false,0,0.050,0.3699,1263,60.5,false,true
Old Dominion::zivkovicmile,"Zivkovic, Mile",Old Dominion,Sun Belt,2026,12,2,30,0,0,1,0,0,0.0,false,0,0.050,0.3591,1355,57.8,false,true
Old Dominion::eberlemichael,"Eberle, Michael",Old Dominion,Sun Belt,2026,30,2,20,0,0,1,0,0,0.0,false,0,0.050,0.3667,1355,59.7,false,true
University of Illinois Springfield::soboajdin,"Sobo, Ajdin",University of Illinois Springfield,Other / Non-D1,2026,11,1,46,0,0,1,0,0,0.0,false,0,0.050,0.3475,1259,54,false,false
University of Illinois Springfield::rojasalejandro,"Rojas, Alejandro",University of Illinois Springfield,Other / Non-D1,2026,17,1,17,0,0,1,0,0,0.0,false,0,0.050,0.3691,1259,60.3,false,false
South Florida::zemenfesabeselom,"Zemenfes, Abeselom",South Florida,American,2026,25,3,188,0,0,1,0,0,0.0,false,0,0.049,0.2701,1383,20.2,true,true
NJIT::lazojaluan,"Lazoja , Luan",NJIT,America East,2026,2,2,150,0,0,1,0,0,0.0,false,0,0.049,0.2872,1321,29.3,true,true
NJIT::sofferitay,"Soffer, Itay",NJIT,America East,2026,19,2,65,0,0,1,0,0,0.0,false,0,0.049,0.3346,1321,50.6,false,true
William & Mary::cartwrightclem,"Cartwright, Clem",William & Mary,CAA,2026,17,4,61,0,0,1,0,0,0.0,false,0,0.049,0.3372,1395,51.1,false,true
Bowling Green::wilbankssawyer,"Wilbanks, Sawyer",Bowling Green,Other / Non-D1,2026,16,4,48,0,0,1,0,0,0.0,false,0,0.049,0.3459,1407,53.5,false,false
SUNY Polytechnic Institute::harizinazim,"Harizi, Nazim",SUNY Polytechnic Institute,Other / Non-D1,2026,4,1,90,0,0,1,0,0,0.0,false,0,0.049,0.3190,1245,46.1,false,false
SUNY Polytechnic Institute::casimirjael,"Casimir, Jael",SUNY Polytechnic Institute,Other / Non-D1,2026,10,1,60,0,0,1,0,0,0.0,false,0,0.049,0.3378,1245,51.3,false,false
UMBC::krugmoritz,"Krug, Moritz",UMBC,America East,2026,22,2,120,0,0,1,0,0,0.0,false,0,0.049,0.3022,1286,37.9,true,true
UMBC::valerebert,"Valer, Ebert",UMBC,America East,2026,18,1,16,0,0,1,0,0,0.0,false,0,0.049,0.3697,1245,60.4,false,true
UMBC::lentznick,"Lentz, Nick",UMBC,America East,2026,30,1,20,0,0,1,0,0,0.0,false,0,0.049,0.3665,1245,59.7,false,true
Cleveland State::hecklennart,"Heck, Lennart",Cleveland State,Horizon,2026,5,2,180,0,0,1,0,0,0.0,false,0,0.049,0.2734,1391,21.6,true,true
USC Upstate::haugsrudola,"Haugsrud, Ola",USC Upstate,Big South,2026,17,3,161,0,0,1,0,0,0.0,false,0,0.049,0.2819,1382,25.8,true,true
Detroit Mercy::floydlincoln,"Floyd, Lincoln",Detroit Mercy,Horizon,2026,11,3,113,0,0,1,0,0,0.0,false,0,0.049,0.3059,1446,40.2,true,true
Detroit Mercy::kamugunganick,"Kamugunga, Nick",Detroit Mercy,Horizon,2026,18,1,41,0,0,1,0,0,0.0,false,0,0.049,0.3508,1240,55.4,false,true
UC San Diego::braunkeenai,"Braun, Keenai",UC San Diego,Pac-12,2026,5,3,251,0,0,1,0,0,0.0,false,0,0.049,0.2457,1285,9.7,true,true
George Washington::robertsfinn,"Roberts, Finn",George Washington,Atlantic 10,2026,10,3,93,0,0,1,0,0,0.0,false,0,0.048,0.3171,1426,45.4,true,true
Randolph::samueleyouel,"Samuel, Eyouel",Randolph,Other / Non-D1,2026,8,1,55,0,0,1,0,0,0.0,false,0,0.048,0.3410,1233,52.2,false,false
Randolph::dombrovkissage,"Dombrovkis, Sage",Randolph,Other / Non-D1,2026,22,1,68,0,0,1,0,0,0.0,false,0,0.048,0.3324,1233,49.9,false,false
Randolph::richardsontyler,"Richardson, Tyler",Randolph,Other / Non-D1,2026,33,1,64,0,0,1,0,0,0.0,false,0,0.048,0.3350,1233,50.7,false,false
Randolph::yeboahlance,"Yeboah, Lance",Randolph,Other / Non-D1,2026,13,1,29,0,0,1,0,0,0.0,false,0,0.048,0.3595,1233,57.8,false,false
Randolph::quinterosfernando,"Quinteros, Fernando",Randolph,Other / Non-D1,2026,19,1,14,0,0,1,0,0,0.0,false,0,0.048,0.3711,1233,61.2,false,false
Central Connecticut State::wrightcolin,"Wright, Colin",Central Connecticut State,Other / Non-D1,2026,7,1,62,0,0,1,0,0,0.0,false,0,0.048,0.3363,1233,51.1,false,false
San Diego State::mairdylan,"Mair, Dylan",San Diego State,Pac-12,2026,27,2,10,0,0,1,0,0,0.0,false,0,0.048,0.3743,1438,61.7,false,true
Navy::skandalisryan,"Skandalis, Ryan",Navy,Patriot,2026,32,3,115,0,0,1,0,0,0.0,false,0,0.048,0.3047,1311,39.5,true,true
Lindenwood::millsjavaun,"Mills, Javaun",Lindenwood,Ohio Valley,2026,16,1,75,0,0,1,0,0,0.0,false,0,0.048,0.3279,1228,48.6,false,true
Canisius::nicolazzoromero,"Nicolazzo, Romero",Canisius,Metro,2026,10,2,114,0,0,1,0,0,0.0,false,0,0.048,0.3052,1323,39.7,true,true
Winthrop::murrayjosh,"Murray, Josh",Winthrop,Big South,2026,16,2,158,0,0,1,0,0,0.0,false,0,0.047,0.2831,1391,26.5,true,true
Winthrop::deerowen,"Deer, Owen",Winthrop,Big South,2026,25,2,84,0,0,1,0,0,0.0,false,0,0.047,0.3223,1391,47.3,false,true
Winthrop::tuckerjalen,"Tucker, Jalen",Winthrop,Big South,2026,27,2,22,0,0,1,0,0,0.0,false,0,0.047,0.3647,1391,59.2,false,true
Winthrop::tubioloevan,"Tubiolo, Evan",Winthrop,Big South,2026,29,2,13,0,0,1,0,0,0.0,false,0,0.047,0.3718,1391,61.4,false,true
Boston College::gundelachmoritz,"Gundelach, Moritz",Boston College,ACC,2026,4,3,261,0,0,1,0,0,0.0,false,0,0.047,0.2421,1399,8.6,true,true
Boston College::karalisalexi,"Karalis, Alexi",Boston College,ACC,2026,18,3,111,0,0,1,0,0,0.0,false,0,0.047,0.3068,1399,40.5,true,true
Georgia State::williamsnolan,"Williams, Nolan",Georgia State,Sun Belt,2026,12,3,204,0,0,1,0,0,0.0,false,0,0.047,0.2631,1372,15.5,true,true
College of the Holy Cross::myersluke,"Myers, Luke",College of the Holy Cross,Other / Non-D1,2026,3,1,90,0,0,1,0,0,0.0,false,0,0.046,0.3186,1206,46,false,false
College of the Holy Cross::penzonegavin,"Penzone, Gavin",College of the Holy Cross,Other / Non-D1,2026,14,1,50,0,0,1,0,0,0.0,false,0,0.046,0.3441,1206,53,false,false
College of the Holy Cross::moodeynoah,"Moodey, Noah",College of the Holy Cross,Other / Non-D1,2026,24,1,90,0,0,1,0,0,0.0,false,0,0.046,0.3186,1206,46,false,false
College of the Holy Cross::rosatoadric,"Rosato, Adric",College of the Holy Cross,Other / Non-D1,2026,2,1,28,0,0,1,0,0,0.0,false,0,0.046,0.3599,1206,58,false,false
Eastern Illinois::osilajapatrick,"Osilaja, Patrick",Eastern Illinois,Ohio Valley,2026,2,3,204,0,0,1,0,0,0.0,false,0,0.046,0.2630,1337,15.4,true,true
Duquesne::sassonofek,"Sasson, Ofek",Duquesne,Atlantic 10,2026,4,3,79,0,0,1,0,0,0.0,false,0,0.046,0.3251,1382,47.9,false,true
Delaware::jacksonjayden,"Jackson, Jayden",Delaware,Summit,2026,5,3,151,0,0,1,0,0,0.0,false,0,0.046,0.2861,1424,28.2,true,true
Virginia Tech::yohannesmathias,"Yohannes, Mathias",Virginia Tech,ACC,2026,6,2,58,0,0,1,0,0,0.0,false,0,0.045,0.3385,1404,51.6,false,true
Wright State::gunnabiel,"Gunn, Abiel",Wright State,Horizon,2026,25,4,141,0,0,1,0,0,0.0,false,0,0.045,0.2909,1399,31.4,true,true
Saint Joseph's::marimarko,"Marić, Marko",Saint Joseph's,Atlantic 10,2026,25,2,15,0,0,1,0,0,0.0,false,0,0.045,0.3697,1232,60.5,false,true
Marist::salivonchikwilliam,"Salivonchik, William",Marist,Metro,2026,2,3,254,0,0,1,0,0,0.0,false,0,0.045,0.2441,1483,9.2,true,true
Manhattan::marsiliicristiano,"Marsilii, Cristiano",Manhattan,Metro,2026,25,2,70,0,0,1,0,0,0.0,false,0,0.044,0.3304,1225,49.2,false,true
Northern Kentucky::eckhardtoliver,"Eckhardt, Oliver",Northern Kentucky,Horizon,2026,15,3,263,0,0,1,0,0,0.0,false,0,0.043,0.2409,1325,8.2,true,true
Northern Kentucky::feldhausnick,"Feldhaus, Nick",Northern Kentucky,Horizon,2026,27,1,9,0,0,1,0,0,0.0,false,0,0.043,0.3742,1160,61.7,false,true
Army::willisjustice,"Willis, Justice",Army,Patriot,2026,14,4,184,0,0,1,0,0,0.0,false,0,0.043,0.2709,1432,20.6,true,true
James Madison::walshryan,"Walsh, Ryan",James Madison,Sun Belt,2026,19,2,22,0,0,1,0,0,0.0,false,0,0.043,0.3638,1383,59,false,true
Robert Morris::azardanelson,"Azard, Anelson",Robert Morris,Horizon,2026,9,2,126,0,0,1,0,0,0.0,false,0,0.043,0.2981,1298,35.3,true,true
Regent::adamsjohn,"Adams, John",Regent,Other / Non-D1,2026,12,1,52,0,0,1,0,0,0.0,false,0,0.043,0.3420,1145,52.6,false,false
Regent::mackiewiczandrew,"Mackiewicz, Andrew",Regent,Other / Non-D1,2026,15,1,38,0,0,1,0,0,0.0,false,0,0.043,0.3519,1145,55.8,false,false
Denver::hohlalex,"Hohl, Alex",Denver,West Coast,2026,1,3,270,0,0,0,0,17,8.0,true,3,0.043,0.2385,1734,7.2,true,true
San Diego State::wilsontrevor,"Wilson, Trevor",San Diego State,Pac-12,2026,00,2,77,0,0,0,0,2,0.9,true,1,0.035,0.3245,1438,47.8,false,true
William & Mary::hiortwrightnoah,"Hiort-Wright, Noah",William & Mary,CAA,2026,5,4,180,0,0,0,0,0,0.0,false,0,0.000,0.2664,1395,16.6,true,true
William & Mary::jimenezaaron,"Jimenez, Aaron",William & Mary,CAA,2026,19,4,180,0,0,0,0,0,0.0,false,0,0.000,0.2664,1395,16.6,true,true
William & Mary::kosmaszander,"Kosmas, Zander",William & Mary,CAA,2026,29,2,0,0,0,0,0,0,0.0,false,0,0.000,0.3730,1342,61.5,false,true
George Mason::riverotoribiopablo,"Rivero Toribio, Pablo",George Mason,Atlantic 10,2026,3,2,90,0,0,0,0,0,0.0,false,0,0.000,0.3108,1591,43.1,false,true
George Mason::obrienfinnley,"O'Brien, Finnley",George Mason,Atlantic 10,2026,16,1,0,0,0,0,0,0,0.0,false,0,0.000,0.3730,1333,61.5,false,true
George Mason::hernandezangel,"Hernandez, Angel",George Mason,Atlantic 10,2026,18,2,28,0,0,0,0,0,0.0,false,0,0.000,0.3512,1591,55.6,false,true
George Mason::berettariccardomarioluigi,"Beretta, Riccardo Mario Luigi",George Mason,Atlantic 10,2026,4,1,0,0,0,0,0,0,0.0,false,0,0.000,0.3730,1333,61.5,false,true
George Mason::fieldsbrent,"Fields, Brent",George Mason,Atlantic 10,2026,15,1,0,0,0,0,0,0,0.0,false,0,0.000,0.3730,1333,61.5,false,true
George Mason::clainquentin,"Clain, Quentin",George Mason,Atlantic 10,2026,17,2,70,0,0,0,0,0,0.0,false,0,0.000,0.3228,1591,47.5,false,true
George Mason::ramoscristian,"Ramos, Cristian",George Mason,Atlantic 10,2026,20,2,90,0,0,0,0,0,0.0,false,0,0.000,0.3108,1591,43.1,false,true
George Mason::ginocchiangelo,"Ginocchi, Angelo",George Mason,Atlantic 10,2026,21,1,0,0,0,0,0,0,0.0,false,0,0.000,0.3730,1333,61.5,false,true
George Mason::deanmatthew,"Dean, Matthew",George Mason,Atlantic 10,2026,30,1,0,0,0,0,0,0,0.0,false,0,0.000,0.3730,1333,61.5,false,true
Bryant::vilanacho,"Vila , Nacho",Bryant,America East,2026,3,2,125,0,0,0,0,0,0.0,false,0,0.000,0.2919,1445,31.8,true,true
Bryant::krespiilay,"Krespi, Ilay",Bryant,America East,2026,15,2,180,0,0,0,0,0,0.0,false,0,0.000,0.2664,1445,16.6,true,true
Bryant::penalveraimar,"Penalver, Aimar",Bryant,America East,2026,30,1,90,0,0,0,0,0,0.0,false,0,0.000,0.3108,1474,43.1,false,true
Bryant::deandradefelipe,"De Andrade, Felipe",Bryant,America East,2026,31,2,63,0,0,0,0,0,0.0,false,0,0.000,0.3272,1445,48.5,false,true
Bryant::guerrerofernando,"Guerrero, Fernando",Bryant,America East,2026,5,1,18,0,0,0,0,0,0.0,false,0,0.000,0.3587,1474,57.6,false,true
Bryant::vilandavid,"Vilan, David",Bryant,America East,2026,7,1,39,0,0,0,0,0,0.0,false,0,0.000,0.3433,1474,52.8,false,true
Bryant::martinsjesus,"Martins, Jesus",Bryant,America East,2026,17,2,83,0,0,0,0,0,0.0,false,0,0.000,0.3149,1445,44.5,false,true
Bryant::akinboboyedeji,"Akinboboye, Deji",Bryant,America East,2026,24,1,7,0,0,0,0,0,0.0,false,0,0.000,0.3673,1474,59.8,false,true
Bryant::chaocaleb,"Chao, Caleb",Bryant,America East,2026,27,1,7,0,0,0,0,0,0.0,false,0,0.000,0.3673,1474,59.8,false,true
Bryant::merrittchristien,"Merritt, Christien",Bryant,America East,2026,28,2,55,0,0,0,0,0,0.0,false,0,0.000,0.3324,1445,49.9,false,true
Bryant::horrobinethen,"Horrobin, Ethen",Bryant,America East,2026,32,1,7,0,0,0,0,0,0.0,false,0,0.000,0.3673,1474,59.8,false,true
Bryant::causeyeric,"Causey, Eric",Bryant,America East,2026,35,1,7,0,0,0,0,0,0.0,false,0,0.000,0.3673,1474,59.8,false,true
Lafayette::feathergriffin,"Feather, Griffin",Lafayette,Patriot,2026,7,2,148,0,0,0,0,0,0.0,false,0,0.000,0.2807,1572,25.3,true,true
Lafayette::dishnicasamir,"Dishnica, Samir",Lafayette,Patriot,2026,10,1,72,0,0,0,0,0,0.0,false,0,0.000,0.3216,1740,47.2,false,true
Lafayette::gordonoliver,"Gordon, Oliver",Lafayette,Patriot,2026,13,2,132,0,0,0,0,0,0.0,false,0,0.000,0.2884,1572,29.9,true,true
Lafayette::vajdajackson,"Vajda, Jackson",Lafayette,Patriot,2026,20,2,135,0,0,0,0,0,0.0,false,0,0.000,0.2869,1572,28.6,true,true
Lafayette::leejoseph,"Lee, Joseph",Lafayette,Patriot,2026,24,2,120,0,0,0,0,0,0.0,false,0,0.000,0.2945,1572,33.3,true,true
Lafayette::melnickjames,"Melnick, James",Lafayette,Patriot,2026,25,2,93,0,0,0,0,0,0.0,false,0,0.000,0.3091,1572,41.9,true,true
Lafayette::wolfromharrison,"Wolfrom, Harrison",Lafayette,Patriot,2026,30,2,180,0,0,0,0,0,0.0,false,0,0.000,0.2664,1572,16.6,true,true
Lafayette::gardenierslucas,"Gardeniers, Lucas",Lafayette,Patriot,2026,35,2,166,0,0,0,0,0,0.0,false,0,0.000,0.2725,1572,21,true,true
Lafayette::lizewskibeaux,"Lizewski, Beaux",Lafayette,Patriot,2026,4,2,48,0,0,0,0,0,0.0,false,0,0.000,0.3371,1572,51.1,false,true
Lafayette::julianonicolas,"Juliano, Nicolas",Lafayette,Patriot,2026,8,2,27,0,0,0,0,0,0.0,false,0,0.000,0.3519,1572,55.9,false,true
Lafayette::papadopoulosnicolas,"Papadopoulos, Nicolas",Lafayette,Patriot,2026,11,2,101,0,0,0,0,0,0.0,false,0,0.000,0.3046,1572,39.2,true,true
Lafayette::cohenconor,"Cohen, Conor",Lafayette,Patriot,2026,14,1,30,0,0,0,0,0,0.0,false,0,0.000,0.3497,1740,55,false,true
Lafayette::atwoodryder,"Atwood, Ryder",Lafayette,Patriot,2026,15,1,15,0,0,0,0,0,0.0,false,0,0.000,0.3610,1740,58.2,false,true
Lafayette::duschangcole,"Duschang, Cole",Lafayette,Patriot,2026,16,2,104,0,0,0,0,0,0.0,false,0,0.000,0.3030,1572,38.1,true,true
Wofford::cheeversscott,"Cheevers, Scott",Wofford,Southern,2026,6,2,135,0,0,0,0,0,0.0,false,0,0.000,0.2869,1534,28.6,true,true
Wofford::niederlanderlennart,"Niederlander, Lennart",Wofford,Southern,2026,19,2,170,0,0,0,0,0,0.0,false,0,0.000,0.2707,1534,20.3,true,true
Wofford::causeywilliam,"Causey, William",Wofford,Southern,2026,21,2,128,0,0,0,0,0,0.0,false,0,0.000,0.2904,1534,31,true,true
Wofford::menendezfabian,"Menendez, Fabian",Wofford,Southern,2026,33,2,85,0,0,0,0,0,0.0,false,0,0.000,0.3138,1534,44.1,false,true
Wofford::casesam,"Case, Sam",Wofford,Southern,2026,11,2,91,0,0,0,0,0,0.0,false,0,0.000,0.3103,1534,43,false,true
Wofford::metteedeclan,"Mettee, Declan",Wofford,Southern,2026,16,2,13,0,0,0,0,0,0.0,false,0,0.000,0.3625,1534,58.7,false,true
Wofford::bonerhenry,"Boner, Henry",Wofford,Southern,2026,27,2,83,0,0,0,0,0,0.0,false,0,0.000,0.3149,1534,44.5,false,true
Queens::grafakosmaximos,"Grafakos, Maximos",Queens,ASUN,2026,4,3,234,0,0,0,0,0,0.0,false,0,0.000,0.2454,1505,9.6,true,true
Queens::gustavopazmoraesandre,"Gustavo Paz Moraes, Andre",Queens,ASUN,2026,37,1,90,0,0,0,0,0,0.0,false,0,0.000,0.3108,1401,43.1,false,true
Queens::christodouloukyriakos,"Christodoulou, Kyriakos",Queens,ASUN,2026,8,2,12,0,0,0,0,0,0.0,false,0,0.000,0.3633,1606,59,false,true
Queens::vanstratenjoseph,"van Straten, Joseph",Queens,ASUN,2026,11,3,70,0,0,0,0,0,0.0,false,0,0.000,0.3228,1505,47.5,false,true
Queens::gramannbrock,"Gramann, Brock",Queens,ASUN,2026,14,3,29,0,0,0,0,0,0.0,false,0,0.000,0.3504,1505,55.4,false,true
Stetson::mccallmatthew,"McCall, Matthew",Stetson,ASUN,2026,00,2,180,0,0,0,0,0,0.0,false,0,0.000,0.2664,1411,16.6,true,true
Stetson::desotoweston,"DeSoto, Weston",Stetson,ASUN,2026,3,3,190,0,0,0,0,0,0.0,false,0,0.000,0.2623,1545,15.1,true,true
Stetson::essenguejunior,"Essengue, Junior",Stetson,ASUN,2026,33,3,162,0,0,0,0,0,0.0,false,0,0.000,0.2743,1545,21.9,true,true
Stetson::manningxavier,"Manning, Xavier",Stetson,ASUN,2026,5,1,11,0,0,0,0,0,0.0,false,0,0.000,0.3641,1416,59,false,true
Stetson::blancojustin,"Blanco, Justin",Stetson,ASUN,2026,31,3,104,0,0,0,0,0,0.0,false,0,0.000,0.3030,1545,38.1,true,true
Stetson::arangomatthew,"Arango, Matthew",Stetson,ASUN,2026,32,2,34,0,0,0,0,0,0.0,false,0,0.000,0.3468,1615,53.9,false,true
Coastal Carolina::pollardkaden,"Pollard, Kaden",Coastal Carolina,Sun Belt,2026,17,3,249,0,0,0,0,0,0.0,false,0,0.000,0.2401,1523,7.7,true,true
Coastal Carolina::sturgisparker,"Sturgis, Parker",Coastal Carolina,Sun Belt,2026,24,3,122,0,0,0,0,0,0.0,false,0,0.000,0.2935,1523,32.8,true,true
Coastal Carolina::wilcockjoe,"Wilcock, Joe",Coastal Carolina,Sun Belt,2026,2,3,53,0,0,0,0,0,0.0,false,0,0.000,0.3337,1523,50.4,false,true
Coastal Carolina::kelleyjackson,"Kelley, Jackson",Coastal Carolina,Sun Belt,2026,16,3,11,0,0,0,0,0,0.0,false,0,0.000,0.3641,1523,59,false,true
Keystone::louzadamarcos,"Louzada, Marcos",Keystone,Other / Non-D1,2026,2,1,45,0,0,0,0,0,0.0,false,0,0.000,0.3391,1434,51.8,false,false
Keystone::arellanoloui,"Arellano, Loui",Keystone,Other / Non-D1,2026,4,1,76,0,0,0,0,0,0.0,false,0,0.000,0.3191,1434,46.1,false,false
Keystone::bredekmadden,"Bredek, Madden",Keystone,Other / Non-D1,2026,6,1,39,0,0,0,0,0,0.0,false,0,0.000,0.3433,1434,52.8,false,false
Keystone::cummingsaiden,"Cummings, Aiden",Keystone,Other / Non-D1,2026,7,1,57,0,0,0,0,0,0.0,false,0,0.000,0.3311,1434,49.4,false,false
Keystone::brookswilliam,"Brooks, William",Keystone,Other / Non-D1,2026,12,1,46,0,0,0,0,0,0.0,false,0,0.000,0.3384,1434,51.5,false,false
Keystone::sandovaldavid,"Sandoval, David",Keystone,Other / Non-D1,2026,16,1,46,0,0,0,0,0,0.0,false,0,0.000,0.3384,1434,51.5,false,false
Keystone::covertjohn,"Covert, John",Keystone,Other / Non-D1,2026,17,1,57,0,0,0,0,0,0.0,false,0,0.000,0.3311,1434,49.4,false,false
Keystone::richardschristiano,"Richards, Christiano",Keystone,Other / Non-D1,2026,18,1,26,0,0,0,0,0,0.0,false,0,0.000,0.3526,1434,56,false,false
Keystone::bernardonico,"Bernardo, Nico",Keystone,Other / Non-D1,2026,22,1,29,0,0,0,0,0,0.0,false,0,0.000,0.3504,1434,55.4,false,false
Keystone::ecclestonethan,"Eccleston, Ethan",Keystone,Other / Non-D1,2026,28,1,90,0,0,0,0,0,0.0,false,0,0.000,0.3108,1434,43.1,false,false
Keystone::wasserzugmax,"Wasserzug, Max",Keystone,Other / Non-D1,2026,30,1,45,0,0,0,0,0,0.0,false,0,0.000,0.3391,1434,51.8,false,false
Keystone::kallensjames,"Kallens, James",Keystone,Other / Non-D1,2026,1,1,14,0,0,0,0,0,0.0,false,0,0.000,0.3618,1434,58.5,false,false
Keystone::gonzaleznephtali,"Gonzalez, Nephtali",Keystone,Other / Non-D1,2026,3,1,14,0,0,0,0,0,0.0,false,0,0.000,0.3618,1434,58.5,false,false
Keystone::rocachris,"Roca, Chris",Keystone,Other / Non-D1,2026,5,1,75,0,0,0,0,0,0.0,false,0,0.000,0.3197,1434,46.3,false,false
Keystone::callejoel,"Calle, Joel",Keystone,Other / Non-D1,2026,8,1,40,0,0,0,0,0,0.0,false,0,0.000,0.3426,1434,52.7,false,false
Keystone::raoullenskey,"Raoul, Lenskey",Keystone,Other / Non-D1,2026,9,1,29,0,0,0,0,0,0.0,false,0,0.000,0.3504,1434,55.4,false,false
Keystone::hodgedaviladary,"Hodge-Davila, Dary",Keystone,Other / Non-D1,2026,11,1,33,0,0,0,0,0,0.0,false,0,0.000,0.3475,1434,54,false,false
Keystone::sceppaguerciopatrick,"Sceppaguercio, Patrick",Keystone,Other / Non-D1,2026,13,1,24,0,0,0,0,0,0.0,false,0,0.000,0.3541,1434,56.4,false,false
Keystone::fernandezjohan,"Fernandez, Johan",Keystone,Other / Non-D1,2026,14,1,51,0,0,0,0,0,0.0,false,0,0.000,0.3350,1434,50.7,false,false
Keystone::peperonity,"Peperoni, Ty",Keystone,Other / Non-D1,2026,15,1,14,0,0,0,0,0,0.0,false,0,0.000,0.3618,1434,58.5,false,false
Keystone::defariasmatheus,"de Farias, Matheus",Keystone,Other / Non-D1,2026,20,1,30,0,0,0,0,0,0.0,false,0,0.000,0.3497,1434,55,false,false
Keystone::cooperbeck,"Cooper, Beck",Keystone,Other / Non-D1,2026,21,1,14,0,0,0,0,0,0.0,false,0,0.000,0.3618,1434,58.5,false,false
Keystone::hashbeckham,"Hash, Beckham",Keystone,Other / Non-D1,2026,23,1,44,0,0,0,0,0,0.0,false,0,0.000,0.3398,1434,52,false,false
Keystone::feinbergjack,"Feinberg, Jack",Keystone,Other / Non-D1,2026,24,1,21,0,0,0,0,0,0.0,false,0,0.000,0.3564,1434,57,false,false
Keystone::mcveankolten,"McVean, Kolten",Keystone,Other / Non-D1,2026,99,1,31,0,0,0,0,0,0.0,false,0,0.000,0.3490,1434,54.8,false,false
La Salle::zambranozeke,"Zambrano, Zeke",La Salle,Atlantic 10,2026,3,3,119,0,0,0,0,0,0.0,false,0,0.000,0.2950,1433,33.6,true,true
La Salle::rabalasasha,"Rabala, Sasha",La Salle,Atlantic 10,2026,25,3,157,0,0,0,0,0,0.0,false,0,0.000,0.2765,1433,23,true,true
La Salle::retzermaximilian,"Retzer, Maximilian",La Salle,Atlantic 10,2026,32,2,135,0,0,0,0,0,0.0,false,0,0.000,0.2869,1380,28.6,true,true
La Salle::kelleylucas,"Kelley, Lucas",La Salle,Atlantic 10,2026,4,3,71,0,0,0,0,0,0.0,false,0,0.000,0.3222,1433,47.3,false,true
La Salle::bloisesamir,"Bloise, Samir",La Salle,Atlantic 10,2026,12,1,45,0,0,0,0,0,0.0,false,0,0.000,0.3391,1263,51.8,false,true
La Salle::villanuevamarcos,"Villanueva, Marcos",La Salle,Atlantic 10,2026,14,2,26,0,0,0,0,0,0.0,false,0,0.000,0.3526,1401,56,false,true
Holy Cross::myersluke,"Myers, Luke",Holy Cross,Other / Non-D1,2026,3,2,180,0,0,0,0,0,0.0,false,0,0.000,0.2664,1415,16.6,true,false
Holy Cross::collinsgriffin,"Collins, Griffin",Holy Cross,Other / Non-D1,2026,8,2,125,0,0,0,0,0,0.0,false,0,0.000,0.2919,1415,31.8,true,false
Holy Cross::penzonegavin,"Penzone, Gavin",Holy Cross,Other / Non-D1,2026,14,2,63,0,0,0,0,0,0.0,false,0,0.000,0.3272,1415,48.5,false,false
Holy Cross::heneghanliam,"Heneghan, Liam",Holy Cross,Other / Non-D1,2026,18,2,104,0,0,0,0,0,0.0,false,0,0.000,0.3030,1415,38.1,true,false
Holy Cross::sneadjeb,"Snead, Jeb",Holy Cross,Other / Non-D1,2026,20,2,180,0,0,0,0,0,0.0,false,0,0.000,0.2664,1415,16.6,true,false
Holy Cross::borgespeter,"Borges, Peter",Holy Cross,Other / Non-D1,2026,28,2,178,0,0,0,0,0,0.0,false,0,0.000,0.2673,1415,18.9,true,false
Holy Cross::klepaczcaleb,"Klepacz, Caleb",Holy Cross,Other / Non-D1,2026,35,2,180,0,0,0,0,0,0.0,false,0,0.000,0.2664,1415,16.6,true,false
Holy Cross::johnsonwade,"Johnson, Wade",Holy Cross,Other / Non-D1,2026,6,2,55,0,0,0,0,0,0.0,false,0,0.000,0.3324,1415,49.9,false,false
Rhode Island::synnestvedtwilliam,"Synnestvedt, William",Rhode Island,Atlantic 10,2026,1,3,270,0,0,0,0,0,0.0,false,0,0.000,0.2331,1432,4.5,true,true
Rhode Island::tanddocassidy,"Tanddo, Cassidy",Rhode Island,Atlantic 10,2026,3,3,270,0,0,0,0,0,0.0,false,0,0.000,0.2331,1432,4.5,true,true
Rhode Island::peteranyole,"Peter, Anyole",Rhode Island,Atlantic 10,2026,6,2,129,0,0,0,0,0,0.0,false,0,0.000,0.2899,1280,30.6,true,true
Rhode Island::hustererlean,"Husterer, Lean",Rhode Island,Atlantic 10,2026,19,1,90,0,0,0,0,0,0.0,false,0,0.000,0.3108,1314,43.1,false,true
Rhode Island::gobadaniel,"Goba, Daniel",Rhode Island,Atlantic 10,2026,27,3,57,0,0,0,0,0,0.0,false,0,0.000,0.3311,1432,49.4,false,true
Radford::murphyzach,"Murphy, Zach",Radford,Big South,2026,1,2,0,0,0,0,0,0,0.0,false,0,0.000,0.3730,1400,61.5,false,true
Radford::ferginbraden,"Fergin, Braden",Radford,Big South,2026,42,2,0,0,0,0,0,0,0.0,false,0,0.000,0.3730,1400,61.5,false,true
Radford::desirmartin,"Desir, Martin",Radford,Big South,2026,2,2,90,0,0,0,0,0,0.0,false,0,0.000,0.3108,1400,43.1,false,true
Radford::jimenezmauricio,"Jimenez, Mauricio",Radford,Big South,2026,5,2,129,0,0,0,0,0,0.0,false,0,0.000,0.2899,1400,30.6,true,true
Radford::boothdax,"Booth, Dax",Radford,Big South,2026,7,2,6,0,0,0,0,0,0.0,false,0,0.000,0.3681,1400,60.1,false,true
Radford::conwaydevin,"Conway, Devin",Radford,Big South,2026,11,2,31,0,0,0,0,0,0.0,false,0,0.000,0.3490,1400,54.8,false,true
Radford::dennyskyler,"Denny, Skyler",Radford,Big South,2026,12,2,0,0,0,0,0,0,0.0,false,0,0.000,0.3730,1400,61.5,false,true
Radford::slaskejoseph,"Slaske, Joseph",Radford,Big South,2026,13,2,5,0,0,0,0,0,0.0,false,0,0.000,0.3689,1400,60.3,false,true
Radford::ortizjustin,"Ortiz, Justin",Radford,Big South,2026,14,2,31,0,0,0,0,0,0.0,false,0,0.000,0.3490,1400,54.8,false,true
Radford::mathabathalethabo,"Mathabatha, Lethabo",Radford,Big South,2026,16,2,3,0,0,0,0,0,0.0,false,0,0.000,0.3705,1400,60.9,false,true
Radford::dannercarson,"Danner, Carson",Radford,Big South,2026,19,2,105,0,0,0,0,0,0.0,false,0,0.000,0.3024,1400,37.9,true,true
Radford::mcclaincarter,"McClain, Carter",Radford,Big South,2026,20,2,54,0,0,0,0,0,0.0,false,0,0.000,0.3331,1400,50.2,false,true
Radford::moriartyrahul,"Moriarty, Rahul",Radford,Big South,2026,23,2,46,0,0,0,0,0,0.0,false,0,0.000,0.3384,1400,51.5,false,true
Radford::amyxsam,"Amyx, Sam",Radford,Big South,2026,24,2,104,0,0,0,0,0,0.0,false,0,0.000,0.3030,1400,38.1,true,true
Radford::otcheredarius,"Otchere, Darius",Radford,Big South,2026,25,2,0,0,0,0,0,0,0.0,false,0,0.000,0.3730,1400,61.5,false,true
Radford::oyediranoluwafolajimi,"Oyediran, Oluwafolajimi",Radford,Big South,2026,27,2,20,0,0,0,0,0,0.0,false,0,0.000,0.3571,1400,57.2,false,true
Radford::oyediranoluwajomiloju,"Oyediran, Oluwajomiloju",Radford,Big South,2026,28,2,15,0,0,0,0,0,0.0,false,0,0.000,0.3610,1400,58.2,false,true
Radford::johnsonjashaun,"Johnson, Jashaun",Radford,Big South,2026,29,2,0,0,0,0,0,0,0.0,false,0,0.000,0.3730,1400,61.5,false,true
James Madison::rootjack,"Root, Jack",James Madison,Sun Belt,2026,0,2,0,0,0,0,0,0,0.0,false,0,0.000,0.3730,1383,61.5,false,true
James Madison::mattinglydrew,"Mattingly, Drew",James Madison,Sun Belt,2026,99,2,0,0,0,0,0,0,0.0,false,0,0.000,0.3730,1383,61.5,false,true
James Madison::smaaskjaerole,"Smaaskjaer, Ole",James Madison,Sun Belt,2026,2,2,15,0,0,0,0,0,0.0,false,0,0.000,0.3610,1383,58.2,false,true
James Madison::randazzodylan,"Randazzo, Dylan",James Madison,Sun Belt,2026,4,2,0,0,0,0,0,0,0.0,false,0,0.000,0.3730,1383,61.5,false,true
James Madison::castorinaalessandro,"Castorina, Alessandro",James Madison,Sun Belt,2026,6,3,97,0,0,0,0,0,0.0,false,0,0.000,0.3069,1356,40.6,true,true
James Madison::turcarlos,"Tur, Carlos",James Madison,Sun Belt,2026,9,2,19,0,0,0,0,0,0.0,false,0,0.000,0.3579,1383,57.4,false,true
James Madison::donosoagustn,"Donoso, Agustín",James Madison,Sun Belt,2026,12,2,0,0,0,0,0,0,0.0,false,0,0.000,0.3730,1383,61.5,false,true
James Madison::halloransmith,"Halloran, Smith",James Madison,Sun Belt,2026,16,3,266,0,0,0,0,0,0.0,false,0,0.000,0.2344,1356,6.5,true,true
James Madison::fuentesluis,"Fuentes, Luis",James Madison,Sun Belt,2026,18,3,80,0,0,0,0,0,0.0,false,0,0.000,0.3167,1356,45.2,false,true
James Madison::millertyler,"Miller, Tyler",James Madison,Sun Belt,2026,21,2,10,0,0,0,0,0,0.0,false,0,0.000,0.3649,1383,59.3,false,true
James Madison::reiterdaniel,"Reiter, Daniel",James Madison,Sun Belt,2026,22,3,39,0,0,0,0,0,0.0,false,0,0.000,0.3433,1356,52.8,false,true
James Madison::sixsebastien,"Six, Sebastien",James Madison,Sun Belt,2026,25,2,0,0,0,0,0,0,0.0,false,0,0.000,0.3730,1383,61.5,false,true
James Madison::noseworthycooper,"Noseworthy, Cooper",James Madison,Sun Belt,2026,26,2,0,0,0,0,0,0,0.0,false,0,0.000,0.3730,1383,61.5,false,true
James Madison::hengeveldpieter,"Hengeveld, Pieter",James Madison,Sun Belt,2026,33,2,0,0,0,0,0,0,0.0,false,0,0.000,0.3730,1383,61.5,false,true
Johnson & Wales (N.C.)::dillonnoah,"Dillon, Noah",Johnson & Wales (N.C.),Other / Non-D1,2026,5,1,77,0,0,0,0,0,0.0,false,0,0.000,0.3185,1203,45.9,false,false
Johnson & Wales (N.C.)::hernandezgael,"Hernandez, Gael",Johnson & Wales (N.C.),Other / Non-D1,2026,6,1,74,0,0,0,0,0,0.0,false,0,0.000,0.3203,1203,46.5,false,false
Johnson & Wales (N.C.)::abrilpaul,"Abril, Paul",Johnson & Wales (N.C.),Other / Non-D1,2026,8,1,45,0,0,0,0,0,0.0,false,0,0.000,0.3391,1203,51.8,false,false
Johnson & Wales (N.C.)::seguinniklas,"Seguin, Niklas",Johnson & Wales (N.C.),Other / Non-D1,2026,11,1,39,0,0,0,0,0,0.0,false,0,0.000,0.3433,1203,52.8,false,false
Johnson & Wales (N.C.)::quickmichael,"Quick, Michael",Johnson & Wales (N.C.),Other / Non-D1,2026,12,1,45,0,0,0,0,0,0.0,false,0,0.000,0.3391,1203,51.8,false,false
Johnson & Wales (N.C.)::starrcolin,"Starr, Colin",Johnson & Wales (N.C.),Other / Non-D1,2026,15,1,67,0,0,0,0,0,0.0,false,0,0.000,0.3247,1203,47.8,false,false
Johnson & Wales (N.C.)::adamseli,"Adams, Eli",Johnson & Wales (N.C.),Other / Non-D1,2026,16,1,67,0,0,0,0,0,0.0,false,0,0.000,0.3247,1203,47.8,false,false
Johnson & Wales (N.C.)::dankodominik,"Danko, Dominik",Johnson & Wales (N.C.),Other / Non-D1,2026,17,1,29,0,0,0,0,0,0.0,false,0,0.000,0.3504,1203,55.4,false,false
Johnson & Wales (N.C.)::pringletristan,"Pringle, Tristan",Johnson & Wales (N.C.),Other / Non-D1,2026,18,1,39,0,0,0,0,0,0.0,false,0,0.000,0.3433,1203,52.8,false,false
Johnson & Wales (N.C.)::alvarezgiancarlo,"Alvarez, Giancarlo",Johnson & Wales (N.C.),Other / Non-D1,2026,25,1,29,0,0,0,0,0,0.0,false,0,0.000,0.3504,1203,55.4,false,false
Johnson & Wales (N.C.)::aboagyejragyenimboateng,"Aboagye, Jr, Agyenim-Boateng",Johnson & Wales (N.C.),Other / Non-D1,2026,27,1,39,0,0,0,0,0,0.0,false,0,0.000,0.3433,1203,52.8,false,false
Johnson & Wales (N.C.)::deharttyler,"DeHart, Tyler",Johnson & Wales (N.C.),Other / Non-D1,2026,00,1,23,0,0,0,0,0,0.0,false,0,0.000,0.3549,1203,56.6,false,false
Johnson & Wales (N.C.)::gallardomarcos,"Gallardo, Marcos",Johnson & Wales (N.C.),Other / Non-D1,2026,3,1,23,0,0,0,0,0,0.0,false,0,0.000,0.3549,1203,56.6,false,false
Johnson & Wales (N.C.)::grahamjackson,"Graham, Jackson",Johnson & Wales (N.C.),Other / Non-D1,2026,4,1,8,0,0,0,0,0,0.0,false,0,0.000,0.3665,1203,59.7,false,false
Johnson & Wales (N.C.)::gomezcody,"Gomez, Cody",Johnson & Wales (N.C.),Other / Non-D1,2026,7,1,32,0,0,0,0,0,0.0,false,0,0.000,0.3483,1203,54.3,false,false
Johnson & Wales (N.C.)::dortasamuel,"Dorta, Samuel",Johnson & Wales (N.C.),Other / Non-D1,2026,9,1,15,0,0,0,0,0,0.0,false,0,0.000,0.3610,1203,58.2,false,false
Johnson & Wales (N.C.)::joyeryan,"Joye, Ryan",Johnson & Wales (N.C.),Other / Non-D1,2026,13,1,23,0,0,0,0,0,0.0,false,0,0.000,0.3549,1203,56.6,false,false
Johnson & Wales (N.C.)::pageaidan,"Page, Aidan",Johnson & Wales (N.C.),Other / Non-D1,2026,14,1,23,0,0,0,0,0,0.0,false,0,0.000,0.3549,1203,56.6,false,false
Johnson & Wales (N.C.)::elhoudanitaha,"Elhoudani, Taha",Johnson & Wales (N.C.),Other / Non-D1,2026,19,1,19,0,0,0,0,0,0.0,false,0,0.000,0.3579,1203,57.4,false,false
Johnson & Wales (N.C.)::smithashton,"Smith, Ashton",Johnson & Wales (N.C.),Other / Non-D1,2026,20,1,28,0,0,0,0,0,0.0,false,0,0.000,0.3512,1203,55.6,false,false
Johnson & Wales (N.C.)::juarezmendozaangel,"Juarez Mendoza, Angel",Johnson & Wales (N.C.),Other / Non-D1,2026,21,1,21,0,0,0,0,0,0.0,false,0,0.000,0.3564,1203,57,false,false
Johnson & Wales (N.C.)::maloneconner,"Malone, Conner",Johnson & Wales (N.C.),Other / Non-D1,2026,22,1,26,0,0,0,0,0,0.0,false,0,0.000,0.3526,1203,56,false,false
Johnson & Wales (N.C.)::dortaluis,"Dorta, Luis",Johnson & Wales (N.C.),Other / Non-D1,2026,23,1,22,0,0,0,0,0,0.0,false,0,0.000,0.3556,1203,56.9,false,false
Johnson & Wales (N.C.)::espitialuis,"Espitia, Luis",Johnson & Wales (N.C.),Other / Non-D1,2026,24,1,61,0,0,0,0,0,0.0,false,0,0.000,0.3285,1203,48.8,false,false
Johnson & Wales (N.C.)::suastejimenezsaid,"Suaste-Jimenez, Said",Johnson & Wales (N.C.),Other / Non-D1,2026,26,1,23,0,0,0,0,0,0.0,false,0,0.000,0.3549,1203,56.6,false,false
Johnson & Wales (N.C.)::burrelltayden,"Burrell, Tayden",Johnson & Wales (N.C.),Other / Non-D1,2026,28,1,8,0,0,0,0,0,0.0,false,0,0.000,0.3665,1203,59.7,false,false
Johnson & Wales (N.C.)::echeverryandres,"Echeverry, Andres",Johnson & Wales (N.C.),Other / Non-D1,2026,30,1,19,0,0,0,0,0,0.0,false,0,0.000,0.3579,1203,57.4,false,false
Johnson & Wales (N.C.)::hartcayden,"Hart, Cayden",Johnson & Wales (N.C.),Other / Non-D1,2026,31,1,28,0,0,0,0,0,0.0,false,0,0.000,0.3512,1203,55.6,false,false
Winthrop::crollasam,"Crolla, Sam",Winthrop,Big South,2026,4,2,158,0,0,0,0,0,0.0,false,0,0.000,0.2761,1391,22.8,true,true
Winthrop::castroemidio,"Castro, Emidio",Winthrop,Big South,2026,3,1,22,0,0,0,0,0,0.0,false,0,0.000,0.3556,1221,56.9,false,true
Winthrop::dodgeluca,"Dodge, Luca",Winthrop,Big South,2026,5,2,22,0,0,0,0,0,0.0,false,0,0.000,0.3556,1391,56.9,false,true
Winthrop::williamsmathew,"Williams, Mathew",Winthrop,Big South,2026,17,2,30,0,0,0,0,0,0.0,false,0,0.000,0.3497,1391,55,false,true
Winthrop::wilsonthomas,"Wilson, Thomas",Winthrop,Big South,2026,18,2,31,0,0,0,0,0,0.0,false,0,0.000,0.3490,1391,54.8,false,true
Winthrop::swensoncaleb,"Swenson, Caleb",Winthrop,Big South,2026,21,2,30,0,0,0,0,0,0.0,false,0,0.000,0.3497,1391,55,false,true
Maryland::cielewichzach,"Cielewich, Zach",Maryland,Big Ten,2026,33,3,0,0,0,0,0,0,0.0,false,0,0.000,0.3730,1597,61.5,false,true
Maryland::milosevicalexander,"Milosevic, Alexander",Maryland,Big Ten,2026,50,3,0,0,0,0,0,0,0.0,false,0,0.000,0.3730,1597,61.5,false,true
Maryland::burdettluke,"Burdett, Luke",Maryland,Big Ten,2026,2,3,9,0,0,0,0,0,0.0,false,0,0.000,0.3657,1597,59.5,false,true
Maryland::fichellelilian,"Fichelle, Lilian",Maryland,Big Ten,2026,3,3,26,0,0,0,0,0,0.0,false,0,0.000,0.3526,1597,56,false,true
Maryland::atakorajason,"Atakora, Jason",Maryland,Big Ten,2026,4,3,0,0,0,0,0,0,0.0,false,0,0.000,0.3730,1597,61.5,false,true
Maryland::couplandantoine,"Coupland, Antoine",Maryland,Big Ten,2026,7,3,0,0,0,0,0,0,0.0,false,0,0.000,0.3730,1597,61.5,false,true
Maryland::sekyimaxwell,"Sekyi, Maxwell",Maryland,Big Ten,2026,14,3,24,0,0,0,0,0,0.0,false,0,0.000,0.3541,1597,56.4,false,true
Maryland::clarkjace,"Clark, Jace",Maryland,Big Ten,2026,18,3,100,0,0,0,0,0,0.0,false,0,0.000,0.3052,1597,39.6,true,true
Maryland::pricecasey,"Price, Casey",Maryland,Big Ten,2026,20,3,92,0,0,0,0,0,0.0,false,0,0.000,0.3097,1597,42.4,true,true
Maryland::picottojosephumberto,"Picotto, Joseph Umberto",Maryland,Big Ten,2026,21,3,0,0,0,0,0,0,0.0,false,0,0.000,0.3730,1597,61.5,false,true
Maryland::gassannoah,"Gassan, Noah",Maryland,Big Ten,2026,30,3,4,0,0,0,0,0,0.0,false,0,0.000,0.3697,1597,60.5,false,true
Maryland::nymannandersonemil,"Nymann Anderson, Emil",Maryland,Big Ten,2026,55,3,0,0,0,0,0,0,0.0,false,0,0.000,0.3730,1597,61.5,false,true
High Point::trogdoncaleb,"Trogdon, Caleb",High Point,Big South,2026,0,1,0,0,0,0,0,0,0.0,false,0,0.000,0.3730,1786,61.5,false,true
High Point::kirkpatrickconnor,"Kirkpatrick, Connor",High Point,Big South,2026,37,1,0,0,0,0,0,0,0.0,false,0,0.000,0.3730,1786,61.5,false,true
High Point::smithkieran,"Smith, Kieran",High Point,Big South,2026,2,2,180,0,0,0,0,0,0.0,false,0,0.000,0.2664,1789,16.6,true,true
High Point::mensahdesmond,"Mensah, Desmond",High Point,Big South,2026,3,1,12,0,0,0,0,0,0.0,false,0,0.000,0.3633,1786,59,false,true
High Point::johnsonkoven,"Johnson, Koven",High Point,Big South,2026,6,1,0,0,0,0,0,0,0.0,false,0,0.000,0.3730,1786,61.5,false,true
High Point::raposobernardo,"Raposo, Bernardo",High Point,Big South,2026,8,1,0,0,0,0,0,0,0.0,false,0,0.000,0.3730,1786,61.5,false,true
High Point::kellylucas,"Kelly, Lucas",High Point,Big South,2026,12,2,59,0,0,0,0,0,0.0,false,0,0.000,0.3298,1789,49,false,true
High Point::holtroman,"Holt, Roman",High Point,Big South,2026,15,2,164,0,0,0,0,0,0.0,false,0,0.000,0.2734,1789,21.4,true,true
High Point::behrmannryan,"Behrmann, Ryan",High Point,Big South,2026,17,2,90,0,0,0,0,0,0.0,false,0,0.000,0.3108,1789,43.1,false,true
High Point::josephnoah,"Joseph, Noah",High Point,Big South,2026,19,2,2,0,0,0,0,0,0.0,false,0,0.000,0.3714,1789,61.2,false,true
High Point::vandeheijames,"Vandehei, James",High Point,Big South,2026,21,2,10,0,0,0,0,0,0.0,false,0,0.000,0.3649,1789,59.3,false,true
High Point::stephensjackson,"Stephens, Jackson",High Point,Big South,2026,22,1,0,0,0,0,0,0,0.0,false,0,0.000,0.3730,1786,61.5,false,true
High Point::killgorejohn,"Killgore, John",High Point,Big South,2026,23,2,28,0,0,0,0,0,0.0,false,0,0.000,0.3512,1789,55.6,false,true
High Point::genotkingston,"Genot, Kingston",High Point,Big South,2026,25,2,11,0,0,0,0,0,0.0,false,0,0.000,0.3641,1789,59,false,true
High Point::nwokejijosh,"Nwokeji, Josh",High Point,Big South,2026,26,1,0,0,0,0,0,0,0.0,false,0,0.000,0.3730,1786,61.5,false,true
High Point::bazzellaiden,"Bazzell, Aiden",High Point,Big South,2026,27,2,16,0,0,0,0,0,0.0,false,0,0.000,0.3602,1789,58,false,true
High Point::mcdowelljacob,"McDowell, Jacob",High Point,Big South,2026,28,2,2,0,0,0,0,0,0.0,false,0,0.000,0.3714,1789,61.2,false,true
Monmouth::linkmatthew,"Link, Matthew",Monmouth,CAA,2026,0,1,0,0,0,0,0,0,0.0,false,0,0.000,0.3730,1490,61.5,false,true
Monmouth::kingjason,"King, Jason",Monmouth,CAA,2026,30,1,0,0,0,0,0,0,0.0,false,0,0.000,0.3730,1490,61.5,false,true
Monmouth::garciaraul,"Garcia, Raul",Monmouth,CAA,2026,2,2,172,0,0,0,0,0,0.0,false,0,0.000,0.2699,1501,20,true,true
Monmouth::carrascoluis,"Carrasco, Luis",Monmouth,CAA,2026,3,2,82,0,0,0,0,0,0.0,false,0,0.000,0.3155,1501,44.7,false,true
Monmouth::stinglelias,"Stingl, Elias",Monmouth,CAA,2026,5,2,5,0,0,0,0,0,0.0,false,0,0.000,0.3689,1501,60.3,false,true
Monmouth::losamoyajavier,"Losa Moya, Javier",Monmouth,CAA,2026,8,1,30,0,0,0,0,0,0.0,false,0,0.000,0.3497,1490,55,false,true
Monmouth::brunetian,"Brunet, Ian",Monmouth,CAA,2026,13,2,24,0,0,0,0,0,0.0,false,0,0.000,0.3541,1501,56.4,false,true
Monmouth::pantanomarco,"Pantano, Marco",Monmouth,CAA,2026,15,2,8,0,0,0,0,0,0.0,false,0,0.000,0.3665,1501,59.7,false,true
Monmouth::volpecolin,"Volpe, Colin",Monmouth,CAA,2026,16,1,0,0,0,0,0,0,0.0,false,0,0.000,0.3730,1490,61.5,false,true
Monmouth::kluzmarcin,"Kluz, Marcin",Monmouth,CAA,2026,17,1,0,0,0,0,0,0,0.0,false,0,0.000,0.3730,1490,61.5,false,true
Monmouth::croceandrea,"Croce, Andrea",Monmouth,CAA,2026,18,1,0,0,0,0,0,0,0.0,false,0,0.000,0.3730,1490,61.5,false,true
Monmouth::lynchjt,"Lynch, JT",Monmouth,CAA,2026,21,2,26,0,0,0,0,0,0.0,false,0,0.000,0.3526,1501,56,false,true
Monmouth::damianotommy,"Damiano, Tommy",Monmouth,CAA,2026,22,2,15,0,0,0,0,0,0.0,false,0,0.000,0.3610,1501,58.2,false,true
Monmouth::paleieric,"Palei, Eric",Monmouth,CAA,2026,25,2,98,0,0,0,0,0,0.0,false,0,0.000,0.3063,1501,40.3,true,true
Monmouth::taraskadamian,"Taraska, Damian",Monmouth,CAA,2026,27,1,0,0,0,0,0,0,0.0,false,0,0.000,0.3730,1490,61.5,false,true
Drexel::levylanadojose,"Levy Lanado, Jose",Drexel,CAA,2026,00,3,0,0,0,0,0,0,0.0,false,0,0.000,0.3730,1362,61.5,false,true
Drexel::alberolaignacio,"Alberola, Ignacio",Drexel,CAA,2026,1,3,0,0,0,0,0,0,0.0,false,0,0.000,0.3730,1362,61.5,false,true
Drexel::punchellopeter,"Punchello, Peter",Drexel,CAA,2026,27,3,0,0,0,0,0,0,0.0,false,0,0.000,0.3730,1362,61.5,false,true
Drexel::wrightmekhi,"Wright, Mekhi",Drexel,CAA,2026,2,3,15,0,0,0,0,0,0.0,false,0,0.000,0.3610,1362,58.2,false,true
Drexel::wedelucas,"Wede, Lucas",Drexel,CAA,2026,5,3,0,0,0,0,0,0,0.0,false,0,0.000,0.3730,1362,61.5,false,true
Drexel::vrdoljaktomislav,"Vrdoljak, Tomislav",Drexel,CAA,2026,6,3,0,0,0,0,0,0,0.0,false,0,0.000,0.3730,1362,61.5,false,true
Drexel::starkerwill,"Starker, Will",Drexel,CAA,2026,12,3,90,0,0,0,0,0,0.0,false,0,0.000,0.3108,1362,43.1,false,true
Drexel::grubicgianluca,"Grubic, Gianluca",Drexel,CAA,2026,14,3,35,0,0,0,0,0,0.0,false,0,0.000,0.3461,1362,53.5,false,true
Drexel::welshbrendan,"Welsh, Brendan",Drexel,CAA,2026,17,3,25,0,0,0,0,0,0.0,false,0,0.000,0.3534,1362,56.2,false,true
Drexel::celsodaniel,"Celso, Daniel",Drexel,CAA,2026,19,3,155,0,0,0,0,0,0.0,false,0,0.000,0.2775,1362,23.5,true,true
Drexel::haberlmax,"Haberl, Max",Drexel,CAA,2026,21,3,270,0,0,0,0,0,0.0,false,0,0.000,0.2331,1362,4.5,true,true
Drexel::alberolagonzalo,"Alberola, Gonzalo",Drexel,CAA,2026,23,3,9,0,0,0,0,0,0.0,false,0,0.000,0.3657,1362,59.5,false,true
Drexel::daviseddie,"Davis, Eddie",Drexel,CAA,2026,25,3,0,0,0,0,0,0,0.0,false,0,0.000,0.3730,1362,61.5,false,true
Drexel::taegerniklas,"Taeger, Niklas",Drexel,CAA,2026,28,3,0,0,0,0,0,0,0.0,false,0,0.000,0.3730,1362,61.5,false,true
Drexel::fitzgeraldjames,"Fitzgerald, James",Drexel,CAA,2026,29,3,0,0,0,0,0,0,0.0,false,0,0.000,0.3730,1362,61.5,false,true
Drexel::pittaoulisjulian,"Pittaoulis, Julian",Drexel,CAA,2026,30,3,40,0,0,0,0,0,0.0,false,0,0.000,0.3426,1362,52.7,false,true
Hofstra::grodzkianthony,"Grodzki, Anthony",Hofstra,CAA,2026,2,3,266,0,0,0,0,0,0.0,false,0,0.000,0.2344,1505,6.5,true,true
Hofstra::bonajoel,"Bona, Joel",Hofstra,CAA,2026,4,3,270,0,0,0,0,0,0.0,false,0,0.000,0.2331,1505,4.5,true,true
Hofstra::risenhoovermilo,"Risenhoover, Milo",Hofstra,CAA,2026,13,3,270,0,0,0,0,0,0.0,false,0,0.000,0.2331,1505,4.5,true,true
Hofstra::johnsonlewis,"Johnson, Lewis",Hofstra,CAA,2026,11,1,10,0,0,0,0,0,0.0,false,0,0.000,0.3649,1527,59.3,false,true
Hofstra::perkuhnmarc,"Perkuhn, Marc",Hofstra,CAA,2026,21,3,116,0,0,0,0,0,0.0,false,0,0.000,0.2966,1505,34.4,true,true
Hofstra::booneryner,"Boone, Ryner",Hofstra,CAA,2026,29,3,18,0,0,0,0,0,0.0,false,0,0.000,0.3587,1505,57.6,false,true
Stony Brook::hermannssonheidar,"Hermannsson, Heidar",Stony Brook,CAA,2026,1,3,270,0,0,0,0,0,0.0,false,0,0.000,0.2331,1542,4.5,true,true
Stony Brook::hjorvarssonnokkvi,"Hjorvarsson, Nokkvi",Stony Brook,CAA,2026,7,3,150,0,0,0,0,0,0.0,false,0,0.000,0.2798,1542,24.7,true,true
Stony Brook::webbscemar,"Webb, Scemar",Stony Brook,CAA,2026,2,3,82,0,0,0,0,0,0.0,false,0,0.000,0.3155,1542,44.7,false,true
Stony Brook::smithkyle,"Smith, Kyle",Stony Brook,CAA,2026,5,3,103,0,0,0,0,0,0.0,false,0,0.000,0.3035,1542,38.6,true,true
Stony Brook::alucolsen,"Aluc, Olsen",Stony Brook,CAA,2026,29,1,21,0,0,0,0,0,0.0,false,0,0.000,0.3564,1784,57,false,true
Cornell::versterrefilip,"Versterre, Filip",Cornell,Ivy,2026,1,1,90,0,0,0,0,0,0.0,false,0,0.000,0.3108,1342,43.1,false,true
Cornell::martinaidan,"Martin, Aidan",Cornell,Ivy,2026,3,1,90,0,0,0,0,0,0.0,false,0,0.000,0.3108,1342,43.1,false,true
Cornell::mellyjustin,"Melly, Justin",Cornell,Ivy,2026,5,1,81,0,0,0,0,0,0.0,false,0,0.000,0.3161,1342,45,false,true
Cornell::momanyicalvin,"Momanyi, Calvin",Cornell,Ivy,2026,15,1,26,0,0,0,0,0,0.0,false,0,0.000,0.3526,1342,56,false,true
Cornell::wrayashton,"Wray, Ashton",Cornell,Ivy,2026,23,1,32,0,0,0,0,0,0.0,false,0,0.000,0.3483,1342,54.3,false,true
Cornell::wehibebennett,"Wehibe, Bennett",Cornell,Ivy,2026,25,1,26,0,0,0,0,0,0.0,false,0,0.000,0.3526,1342,56,false,true
Marist::muraniaalex,"Murania, Alex",Marist,Metro,2026,1,3,270,0,0,0,0,0,0.0,false,0,0.000,0.2331,1483,4.5,true,true
Marist::ortizethan,"Ortiz, Ethan",Marist,Metro,2026,3,3,270,0,0,0,0,0,0.0,false,0,0.000,0.2331,1483,4.5,true,true
Marist::karanganwanathan,"Karanganwa, Nathan",Marist,Metro,2026,5,3,84,0,0,0,0,0,0.0,false,0,0.000,0.3143,1483,44.2,false,true
Marist::iannelloadriano,"Iannello, Adriano",Marist,Metro,2026,10,1,48,0,0,0,0,0,0.0,false,0,0.000,0.3371,1716,51.1,false,true
Marist::hadeedseth,"Hadeed, Seth",Marist,Metro,2026,11,3,38,0,0,0,0,0,0.0,false,0,0.000,0.3440,1483,53,false,true
Marist::gugindylan,"Gugin, Dylan",Marist,Metro,2026,19,3,81,0,0,0,0,0,0.0,false,0,0.000,0.3161,1483,45,false,true
VMI::rochasantiago,"Rocha, Santiago",VMI,Southern,2026,1,4,360,0,0,0,0,0,0.0,false,0,0.000,0.2072,1308,1.7,true,true
VMI::reidconner,"Reid, Conner",VMI,Southern,2026,4,2,90,0,0,0,0,0,0.0,false,0,0.000,0.3108,1127,43.1,false,true
Saint Peter's::herediarandensebastian,"Heredia-Randen, Sebastian",Saint Peter's,Metro,2026,1,3,270,0,0,0,0,0,0.0,false,0,0.000,0.2331,1427,4.5,true,true
Saint Peter's::mccreeryshane,"McCreery, Shane",Saint Peter's,Metro,2026,3,3,236,0,0,0,0,0,0.0,false,0,0.000,0.2447,1427,9.4,true,true
Saint Peter's::pilajesus,"Pila, Jesus",Saint Peter's,Metro,2026,16,3,247,0,0,0,0,0,0.0,false,0,0.000,0.2408,1427,8.1,true,true
Saint Peter's::mariscalevan,"Mariscal, Evan",Saint Peter's,Metro,2026,12,1,19,0,0,0,0,0,0.0,false,0,0.000,0.3579,1253,57.4,false,true
Saint Peter's::edwardsharry,"Edwards, Harry",Saint Peter's,Metro,2026,14,3,54,0,0,0,0,0,0.0,false,0,0.000,0.3331,1427,50.2,false,true
Saint Peter's::mendesenrique,"Mendes, Enrique",Saint Peter's,Metro,2026,29,2,33,0,0,0,0,0,0.0,false,0,0.000,0.3475,1361,54,false,true
Wartburg::svobodajoseph,"Svoboda, Joseph",Wartburg,Other / Non-D1,2026,0,1,90,0,0,0,0,0,0.0,false,0,0.000,0.3108,1571,43.1,false,false
Wartburg::whitlowblake,"Whitlow, Blake",Wartburg,Other / Non-D1,2026,2,1,90,0,0,0,0,0,0.0,false,0,0.000,0.3108,1571,43.1,false,false
Wartburg::frykadin,"Fry, Kadin",Wartburg,Other / Non-D1,2026,3,1,52,0,0,0,0,0,0.0,false,0,0.000,0.3344,1571,50.5,false,false
Wartburg::chickeringjacob,"Chickering, Jacob",Wartburg,Other / Non-D1,2026,6,1,66,0,0,0,0,0,0.0,false,0,0.000,0.3253,1571,48,false,false
Wartburg::gemboflori,"Gembo, Flori",Wartburg,Other / Non-D1,2026,10,1,75,0,0,0,0,0,0.0,false,0,0.000,0.3197,1571,46.3,false,false
Wartburg::sanchezdiego,"Sanchez, Diego",Wartburg,Other / Non-D1,2026,11,1,28,0,0,0,0,0,0.0,false,0,0.000,0.3512,1571,55.6,false,false
Wartburg::bormanndevin,"Bormann, Devin",Wartburg,Other / Non-D1,2026,14,1,90,0,0,0,0,0,0.0,false,0,0.000,0.3108,1571,43.1,false,false
Wartburg::kabulalwings,"Kabula, Lwings",Wartburg,Other / Non-D1,2026,17,1,58,0,0,0,0,0,0.0,false,0,0.000,0.3304,1571,49.2,false,false
Wartburg::vazquezaaron,"Vazquez, Aaron",Wartburg,Other / Non-D1,2026,33,1,58,0,0,0,0,0,0.0,false,0,0.000,0.3304,1571,49.2,false,false
Wartburg::benzingbrady,"Benzing, Brady",Wartburg,Other / Non-D1,2026,4,1,28,0,0,0,0,0,0.0,false,0,0.000,0.3512,1571,55.6,false,false
Wartburg::udelhoefensawyer,"Udelhoefen, Sawyer",Wartburg,Other / Non-D1,2026,8,1,32,0,0,0,0,0,0.0,false,0,0.000,0.3483,1571,54.3,false,false
Wartburg::dejongrentse,"De Jong, Rentse",Wartburg,Other / Non-D1,2026,19,1,38,0,0,0,0,0,0.0,false,0,0.000,0.3440,1571,53,false,false
Wartburg::kelgbehisaac,"Kelgbeh, Isaac",Wartburg,Other / Non-D1,2026,20,1,34,0,0,0,0,0,0.0,false,0,0.000,0.3468,1571,53.9,false,false
Wartburg::bumstedethan,"Bumsted, Ethan",Wartburg,Other / Non-D1,2026,22,1,17,0,0,0,0,0,0.0,false,0,0.000,0.3594,1571,57.8,false,false
Wartburg::banyasjacob,"Banyas, Jacob",Wartburg,Other / Non-D1,2026,23,1,17,0,0,0,0,0,0.0,false,0,0.000,0.3594,1571,57.8,false,false
Wartburg::bongojapeht,"Bongo, Japeht",Wartburg,Other / Non-D1,2026,31,1,22,0,0,0,0,0,0.0,false,0,0.000,0.3556,1571,56.9,false,false
Wartburg::ridlenben,"Ridlen, Ben",Wartburg,Other / Non-D1,2026,37,1,15,0,0,0,0,0,0.0,false,0,0.000,0.3610,1571,58.2,false,false
Wartburg::howardtristan,"Howard, Tristan",Wartburg,Other / Non-D1,2026,42,1,7,0,0,0,0,0,0.0,false,0,0.000,0.3673,1571,59.8,false,false
Drake::dancerjack,"Dancer, Jack",Drake,Missouri Valley,2026,4,4,273,0,0,0,0,0,0.0,false,0,0.000,0.2322,1437,4.4,true,true
Drake::leachcael,"Leach, Cael",Drake,Missouri Valley,2026,25,3,177,0,0,0,0,0,0.0,false,0,0.000,0.2677,1475,19,true,true
Drake::heienicklejustin,"Heienickle, Justin",Drake,Missouri Valley,2026,1,2,7,0,0,0,0,0,0.0,false,0,0.000,0.3673,1489,59.8,false,true
Drake::valenciasamuel,"Valencia, Samuel",Drake,Missouri Valley,2026,18,4,88,0,0,0,0,0,0.0,false,0,0.000,0.3120,1437,43.5,false,true
Drake::rodriguezleo,"Rodriguez, Leo",Drake,Missouri Valley,2026,21,2,28,0,0,0,0,0,0.0,false,0,0.000,0.3512,1489,55.6,false,true
Drake::orbancael,"Orban, Cael",Drake,Missouri Valley,2026,28,4,33,0,0,0,0,0,0.0,false,0,0.000,0.3475,1437,54,false,true
Drake::stantonjohn,"Stanton, John",Drake,Missouri Valley,2026,32,2,10,0,0,0,0,0,0.0,false,0,0.000,0.3649,1489,59.3,false,true
UNLV::gulbrandsenmarius,"Gulbrandsen, Marius",UNLV,Mountain West,2026,7,3,170,0,0,0,0,0,0.0,false,0,0.000,0.2707,1542,20.3,true,true
UNLV::merrillkai,"Merrill, Kai",UNLV,Mountain West,2026,11,1,33,0,0,0,0,0,0.0,false,0,0.000,0.3475,1393,54,false,true
UNLV::izquierdopol,"Izquierdo, Pol",UNLV,Mountain West,2026,16,3,198,0,0,0,0,0,0.0,false,0,0.000,0.2590,1542,13.9,true,true
UNLV::ekqvistakseli,"Ekqvist, Akseli",UNLV,Mountain West,2026,2,3,145,0,0,0,0,0,0.0,false,0,0.000,0.2821,1542,25.9,true,true
UNLV::clowoliver,"Clow, Oliver",UNLV,Mountain West,2026,3,3,45,0,0,0,0,0,0.0,false,0,0.000,0.3391,1542,51.8,false,true
UNLV::gallowen,"Gall, Owen",UNLV,Mountain West,2026,17,2,16,0,0,0,0,0,0.0,false,0,0.000,0.3602,1569,58,false,true
UNLV::moustafafarhan,"Moustafa, Farhan",UNLV,Mountain West,2026,24,3,60,0,0,0,0,0,0.0,false,0,0.000,0.3291,1542,48.9,false,true
UNLV::crisostomosawyer,"Crisostomo, Sawyer",UNLV,Mountain West,2026,26,3,117,0,0,0,0,0,0.0,false,0,0.000,0.2960,1542,34.1,true,true
CSU Bakersfield::albertiulisse,"Alberti, Ulisse",CSU Bakersfield,Other / Non-D1,2026,4,2,118,0,0,0,0,0,0.0,false,0,0.000,0.2955,1628,33.8,true,false
CSU Bakersfield::heinrichnils,"Heinrich, Nils",CSU Bakersfield,Other / Non-D1,2026,9,3,121,0,0,0,0,0,0.0,false,0,0.000,0.2940,1542,33,true,false
CSU Bakersfield::ramirezdiego,"Ramirez, Diego",CSU Bakersfield,Other / Non-D1,2026,30,1,90,0,0,0,0,0,0.0,false,0,0.000,0.3108,1443,43.1,false,false
CSU Bakersfield::yehezkelraz,"Yehezkel, Raz",CSU Bakersfield,Other / Non-D1,2026,6,1,62,0,0,0,0,0,0.0,false,0,0.000,0.3278,1443,48.6,false,false
CSU Bakersfield::loppingjakob,"Lopping, Jakob",CSU Bakersfield,Other / Non-D1,2026,8,1,3,0,0,0,0,0,0.0,false,0,0.000,0.3705,1443,60.9,false,false
Duke::gallaghercolin,"Gallagher, Colin",Duke,ACC,2026,0,4,0,0,0,0,0,0,0.0,false,0,0.000,0.3730,1693,61.5,false,true
Duke::blakeneyjackson,"Blakeney, Jackson",Duke,ACC,2026,28,4,0,0,0,0,0,0,0.0,false,0,0.000,0.3730,1693,61.5,false,true
Duke::gavisernathan,"Gaviser, Nathan",Duke,ACC,2026,30,4,0,0,0,0,0,0,0.0,false,0,0.000,0.3730,1693,61.5,false,true
Duke::kabuusujamie,"Kabuusu, Jamie",Duke,ACC,2026,2,4,0,0,0,0,0,0,0.0,false,0,0.000,0.3730,1693,61.5,false,true
Duke::zabinkopreston,"Zabinko, Preston",Duke,ACC,2026,3,4,0,0,0,0,0,0,0.0,false,0,0.000,0.3730,1693,61.5,false,true
Duke::bulljorgensennikolaironaldo,"Bull Jorgensen, Nikolai Ronaldo",Duke,ACC,2026,8,4,360,0,0,0,0,0,0.0,false,0,0.000,0.2072,1693,1.7,true,true
Duke::simpsonmaxwell,"Simpson, Maxwell",Duke,ACC,2026,10,4,0,0,0,0,0,0,0.0,false,0,0.000,0.3730,1693,61.5,false,true
Duke::voldthomas,"Vold, Thomas",Duke,ACC,2026,12,4,82,0,0,0,0,0,0.0,false,0,0.000,0.3155,1693,44.7,false,true
Duke::uenoyuto,"Ueno, Yuto",Duke,ACC,2026,13,4,3,0,0,0,0,0,0.0,false,0,0.000,0.3705,1693,60.9,false,true
Duke::byasiimaadrian,"Byasiima, Adrian",Duke,ACC,2026,17,4,187,0,0,0,0,0,0.0,false,0,0.000,0.2635,1693,15.6,true,true
Duke::kwontaisei,"Kwon, Taisei",Duke,ACC,2026,20,4,0,0,0,0,0,0,0.0,false,0,0.000,0.3730,1693,61.5,false,true
Duke::hillhugo,"Hill, Hugo",Duke,ACC,2026,21,4,28,0,0,0,0,0,0.0,false,0,0.000,0.3512,1693,55.6,false,true
Duke::poulsonjosh,"Poulson, Josh",Duke,ACC,2026,24,4,0,0,0,0,0,0,0.0,false,0,0.000,0.3730,1693,61.5,false,true
Duke::bagcasey,"Bag, Casey",Duke,ACC,2026,25,4,3,0,0,0,0,0,0.0,false,0,0.000,0.3705,1693,60.9,false,true
Georgetown::marmolejoemmanuel,"Marmolejo, Emmanuel",Georgetown,Big East,2026,0,4,0,0,0,0,0,0,0.0,false,0,0.000,0.3730,1661,61.5,false,true
Georgetown::torubaradmytro,"Torubara, Dmytro",Georgetown,Big East,2026,30,4,0,0,0,0,0,0,0.0,false,0,0.000,0.3730,1661,61.5,false,true
Georgetown::lindimorejack,"Lindimore, Jack",Georgetown,Big East,2026,2,4,0,0,0,0,0,0,0.0,false,0,0.000,0.3730,1661,61.5,false,true
Georgetown::satrianonoah,"Satriano, Noah",Georgetown,Big East,2026,14,4,143,0,0,0,0,0,0.0,false,0,0.000,0.2831,1661,26.4,true,true
Georgetown::maroutsisloukas,"Maroutsis, Loukas",Georgetown,Big East,2026,15,4,0,0,0,0,0,0,0.0,false,0,0.000,0.3730,1661,61.5,false,true
Georgetown::abdulnafeokamil,"Abdul Nafeo, Kamil",Georgetown,Big East,2026,17,4,0,0,0,0,0,0,0.0,false,0,0.000,0.3730,1661,61.5,false,true
Georgetown::nelsenmax,"Nelsen, Max",Georgetown,Big East,2026,18,4,0,0,0,0,0,0,0.0,false,0,0.000,0.3730,1661,61.5,false,true
Georgetown::rosenthalcharlie,"Rosenthal, Charlie",Georgetown,Big East,2026,19,4,33,0,0,0,0,0,0.0,false,0,0.000,0.3475,1661,54,false,true
Georgetown::heapsjack,"Heaps, Jack",Georgetown,Big East,2026,22,4,104,0,0,0,0,0,0.0,false,0,0.000,0.3030,1661,38.1,true,true
Georgetown::richmanandrew,"Richman, Andrew",Georgetown,Big East,2026,23,4,12,0,0,0,0,0,0.0,false,0,0.000,0.3633,1661,59,false,true
Georgetown::rzeznikstan,"Rzeznik, Stan",Georgetown,Big East,2026,27,4,0,0,0,0,0,0,0.0,false,0,0.000,0.3730,1661,61.5,false,true
Georgetown::strellnauernoah,"Strellnauer, Noah",Georgetown,Big East,2026,28,4,51,0,0,0,0,0,0.0,false,0,0.000,0.3350,1661,50.7,false,true
FAU::kwakyeamoahherbert,"Kwakye-Amoah, Herbert",FAU,American,2026,2,4,0,0,0,0,0,0,0.0,false,0,0.000,0.3730,1616,61.5,false,true
FAU::ogawamanato,"Ogawa, Manato",FAU,American,2026,3,4,284,0,0,0,0,0,0.0,false,0,0.000,0.2287,1616,4.2,true,true
FAU::noameshieluke,"Noameshie, Luke",FAU,American,2026,5,4,0,0,0,0,0,0,0.0,false,0,0.000,0.3730,1616,61.5,false,true
FAU::kininanick,"Kinina, Nick",FAU,American,2026,6,4,303,0,0,0,0,0,0.0,false,0,0.000,0.2229,1616,3.6,true,true
FAU::berbarnaim,"Berbar, Naim",FAU,American,2026,7,4,0,0,0,0,0,0,0.0,false,0,0.000,0.3730,1616,61.5,false,true
FAU::ntumbatikiyann,"Ntumba Tiki, Yann",FAU,American,2026,9,4,0,0,0,0,0,0,0.0,false,0,0.000,0.3730,1616,61.5,false,true
FAU::paniaguajaiden,"Paniagua, Jaiden",FAU,American,2026,12,4,0,0,0,0,0,0,0.0,false,0,0.000,0.3730,1616,61.5,false,true
FAU::dunnandy,"Dunn, Andy",FAU,American,2026,13,4,0,0,0,0,0,0,0.0,false,0,0.000,0.3730,1616,61.5,false,true
FAU::crichlowemory,"Crichlow, Emory",FAU,American,2026,14,4,57,0,0,0,0,0,0.0,false,0,0.000,0.3311,1616,49.4,false,true
FAU::aingejosh,"Ainge, Josh",FAU,American,2026,15,4,39,0,0,0,0,0,0.0,false,0,0.000,0.3433,1616,52.8,false,true
FAU::beutelcolin,"Beutel, Colin",FAU,American,2026,19,4,16,0,0,0,0,0,0.0,false,0,0.000,0.3602,1616,58,false,true
FAU::jeanfrancoischristopher,"Jean-Francois, Christopher",FAU,American,2026,22,4,0,0,0,0,0,0,0.0,false,0,0.000,0.3730,1616,61.5,false,true
FAU::germanoagnaldo,"Germano, Agnaldo",FAU,American,2026,25,4,13,0,0,0,0,0,0.0,false,0,0.000,0.3625,1616,58.7,false,true
FAU::esquiveladrian,"Esquivel, Adrian",FAU,American,2026,27,4,0,0,0,0,0,0,0.0,false,0,0.000,0.3730,1616,61.5,false,true
FAU::lovdahlolle,"Lovdahl, Olle",FAU,American,2026,32,4,5,0,0,0,0,0,0.0,false,0,0.000,0.3689,1616,60.3,false,true
FAU::gorbellkevin,"Gorbell, Kevin",FAU,American,2026,33,4,347,0,0,0,0,0,0.0,false,0,0.000,0.2106,1616,2.4,true,true
NC State::smithjackson,"Smith, Jackson",NC State,ACC,2026,26,4,0,0,0,0,0,0,0.0,false,0,0.000,0.3730,1485,61.5,false,true
NC State::lampheregabe,"Lamphere, Gabe",NC State,ACC,2026,34,4,0,0,0,0,0,0,0.0,false,0,0.000,0.3730,1485,61.5,false,true
NC State::lovelacedrew,"Lovelace, Drew",NC State,ACC,2026,8,4,55,0,0,0,0,0,0.0,false,0,0.000,0.3324,1485,49.9,false,true
NC State::burchallajani,"Burchall, Ajani",NC State,ACC,2026,10,4,0,0,0,0,0,0,0.0,false,0,0.000,0.3730,1485,61.5,false,true
NC State::peaerik,"Peña, Erik",NC State,ACC,2026,14,4,0,0,0,0,0,0,0.0,false,0,0.000,0.3730,1485,61.5,false,true
NC State::abasslawson,"Abass, Lawson",NC State,ACC,2026,16,4,0,0,0,0,0,0,0.0,false,0,0.000,0.3730,1485,61.5,false,true
NC State::letterloughcameron,"Letterlough, Cameron",NC State,ACC,2026,18,4,0,0,0,0,0,0,0.0,false,0,0.000,0.3730,1485,61.5,false,true
NC State::abdouhadam,"Abdouh, Adam",NC State,ACC,2026,21,4,22,0,0,0,0,0,0.0,false,0,0.000,0.3556,1485,56.9,false,true
NC State::barnesmikell,"Barnes, Mikell",NC State,ACC,2026,24,4,0,0,0,0,0,0,0.0,false,0,0.000,0.3730,1485,61.5,false,true
NC State::adouemanuel,"Adou, Emanuel",NC State,ACC,2026,27,4,118,0,0,0,0,0,0.0,false,0,0.000,0.2955,1485,33.8,true,true
NC State::peeplesbrendan,"Peeples, Brendan",NC State,ACC,2026,28,4,0,0,0,0,0,0,0.0,false,0,0.000,0.3730,1485,61.5,false,true
NC State::cooleyjake,"Cooley, Jake",NC State,ACC,2026,29,4,0,0,0,0,0,0,0.0,false,0,0.000,0.3730,1485,61.5,false,true
NC State::pottlejohn,"Pottle, John",NC State,ACC,2026,31,4,7,0,0,0,0,0,0.0,false,0,0.000,0.3673,1485,59.8,false,true
NC State::rosariogianni,"Rosario, Gianni",NC State,ACC,2026,32,4,23,0,0,0,0,0,0.0,false,0,0.000,0.3549,1485,56.6,false,true
UC Davis::morgantalin,"Morgan, Talin",UC Davis,Mountain West,2026,1,4,360,0,0,0,0,0,0.0,false,0,0.000,0.2072,1517,1.7,true,true
UC Davis::haggertygabriel,"Haggerty, Gabriel",UC Davis,Mountain West,2026,5,3,43,0,0,0,0,0,0.0,false,0,0.000,0.3405,1483,52.2,false,true
UC Davis::sardansensio,"Sardans, Ensio",UC Davis,Mountain West,2026,13,1,8,0,0,0,0,0,0.0,false,0,0.000,0.3665,1862,59.7,false,true
UC Davis::powellcole,"Powell, Cole",UC Davis,Mountain West,2026,16,4,141,0,0,0,0,0,0.0,false,0,0.000,0.2840,1517,26.9,true,true
Stanford::moyerjoe,"Moyer, Joe",Stanford,ACC,2026,25,4,187,0,0,0,0,0,0.0,false,0,0.000,0.2635,1693,15.6,true,true
Stanford::bennettbrad,"Bennett, Brad",Stanford,ACC,2026,2,3,56,0,0,0,0,0,0.0,false,0,0.000,0.3317,1693,49.6,false,true
Stanford::berghugo,"Berg, Hugo",Stanford,ACC,2026,15,4,96,0,0,0,0,0,0.0,false,0,0.000,0.3074,1693,41,true,true
Missouri State::jinkinsonhugo,"Jinkinson, Hugo",Missouri State,American,2026,3,3,256,0,0,0,0,0,0.0,false,0,0.000,0.2378,1273,7,true,true
Missouri State::oconnorharris,"O'Connor, Harris",Missouri State,American,2026,4,3,230,0,0,0,0,0,0.0,false,0,0.000,0.2468,1273,10,true,true
Missouri State::gambaleandro,"Gamba, Leandro",Missouri State,American,2026,5,3,14,0,0,0,0,0,0.0,false,0,0.000,0.3618,1273,58.5,false,true
Missouri State::dawsonlucas,"Dawson, Lucas",Missouri State,American,2026,11,3,69,0,0,0,0,0,0.0,false,0,0.000,0.3234,1273,47.6,false,true
Missouri State::gasztosmartin,"Gasztos, Martin",Missouri State,American,2026,13,3,87,0,0,0,0,0,0.0,false,0,0.000,0.3126,1273,43.7,false,true
Missouri State::lvaroral,"Álvaro, Raúl",Missouri State,American,2026,16,3,22,0,0,0,0,0,0.0,false,0,0.000,0.3556,1273,56.9,false,true
Missouri State::sanchezmarcos,"Sanchez, Marcos",Missouri State,American,2026,18,3,0,0,0,0,0,0,0.0,false,0,0.000,0.3730,1273,61.5,false,true
Missouri State::dawsonjoey,"Dawson, Joey",Missouri State,American,2026,22,3,0,0,0,0,0,0,0.0,false,0,0.000,0.3730,1273,61.5,false,true
Missouri State::kehoejack,"Kehoe, Jack",Missouri State,American,2026,24,3,49,0,0,0,0,0,0.0,false,0,0.000,0.3364,1273,51.1,false,true
Missouri State::ballartmarc,"Ballart, Marc",Missouri State,American,2026,29,3,2,0,0,0,0,0,0.0,false,0,0.000,0.3714,1273,61.2,false,true
Missouri State::weidmangavin,"Weidman, Gavin",Missouri State,American,2026,37,3,13,0,0,0,0,0,0.0,false,0,0.000,0.3625,1273,58.7,false,true
Chicago State::garciasantiagobryant,"Garcia Santiago, Bryant",Chicago State,NEC,2026,30,1,0,0,0,0,0,0,0.0,false,0,0.000,0.3730,1668,61.5,false,true
Chicago State::maidajrstefano,"Maida Jr., Stefano",Chicago State,NEC,2026,2,4,121,0,0,0,0,0,0.0,false,0,0.000,0.2940,1464,33,true,true
Chicago State::petersmaxx,"Peters, Maxx",Chicago State,NEC,2026,3,4,346,0,0,0,0,0,0.0,false,0,0.000,0.2109,1464,2.4,true,true
Chicago State::dengjacob,"Deng, Jacob",Chicago State,NEC,2026,4,1,0,0,0,0,0,0,0.0,false,0,0.000,0.3730,1668,61.5,false,true
Chicago State::talebikaeden,"Talebi, Kaeden",Chicago State,NEC,2026,6,4,244,0,0,0,0,0,0.0,false,0,0.000,0.2419,1464,8.5,true,true
Chicago State::silvasaul,"Silva , Saul",Chicago State,NEC,2026,7,4,137,0,0,0,0,0,0.0,false,0,0.000,0.2860,1464,28.1,true,true
Chicago State::herreravictor,"Herrera, Victor",Chicago State,NEC,2026,11,1,14,0,0,0,0,0,0.0,false,0,0.000,0.3618,1668,58.5,false,true
Chicago State::lainezlucas,"Lainez, Lucas",Chicago State,NEC,2026,12,4,248,0,0,0,0,0,0.0,false,0,0.000,0.2405,1464,7.9,true,true
Chicago State::penabryan,"Pena, Bryan",Chicago State,NEC,2026,15,1,0,0,0,0,0,0,0.0,false,0,0.000,0.3730,1668,61.5,false,true
Chicago State::garciaadriankane,"Garcia, Adrian Kane",Chicago State,NEC,2026,18,1,0,0,0,0,0,0,0.0,false,0,0.000,0.3730,1668,61.5,false,true
Chicago State::gatesiidarrien,"Gates II, Darrien",Chicago State,NEC,2026,22,2,67,0,0,0,0,0,0.0,false,0,0.000,0.3247,1494,47.8,false,true
Chicago State::gbalajobitomiwa,"Gbalajobi, Tomiwa",Chicago State,NEC,2026,20,4,315,0,0,0,0,0,0.0,false,0,0.000,0.2194,1464,3.1,true,true
Chicago State::cuevastapiabrayan,"Cuevas-Tapia, Brayan",Chicago State,NEC,2026,24,3,256,0,0,0,0,0,0.0,false,0,0.000,0.2378,1512,7,true,true
Chicago State::lucasbrayan,"Lucas, Brayan",Chicago State,NEC,2026,,1,0,0,0,0,0,0,0.0,false,0,0.000,0.3730,1668,61.5,false,true
Chicago State::radulskimason,"Radulski, Mason",Chicago State,NEC,2026,25,1,0,0,0,0,0,0,0.0,false,0,0.000,0.3730,1668,61.5,false,true
Chicago State::morenomason,"Moreno , Mason",Chicago State,NEC,2026,27,4,189,0,0,0,0,0,0.0,false,0,0.000,0.2627,1464,15.2,true,true
Bellarmine::jacobsethan,"Jacobs, Ethan",Bellarmine,ASUN,2026,10,3,86,0,0,0,0,0,0.0,false,0,0.000,0.3132,1497,43.8,false,true
Bellarmine::howardbenny,"Howard, Benny",Bellarmine,ASUN,2026,36,3,134,0,0,0,0,0,0.0,false,0,0.000,0.2874,1497,29.4,true,true
Bellarmine::iordantudor,"Iordan, Tudor",Bellarmine,ASUN,2026,1,3,135,0,0,0,0,0,0.0,false,0,0.000,0.2869,1497,28.6,true,true
Bellarmine::krallnathan,"Krall, Nathan",Bellarmine,ASUN,2026,6,3,92,0,0,0,0,0,0.0,false,0,0.000,0.3097,1497,42.4,true,true
Bellarmine::wojdabartosz,"Wojda, Bartosz",Bellarmine,ASUN,2026,7,2,75,0,0,0,0,0,0.0,false,0,0.000,0.3197,1453,46.3,false,true
Bellarmine::gardevjames,"Gardev, James",Bellarmine,ASUN,2026,17,3,155,0,0,0,0,0,0.0,false,0,0.000,0.2775,1497,23.5,true,true
Bellarmine::mccameyiiijimmy,"McCamey III, Jimmy",Bellarmine,ASUN,2026,22,3,62,0,0,0,0,0,0.0,false,0,0.000,0.3278,1497,48.6,false,true
Bellarmine::cadaganmartin,"Cadagan, Martin",Bellarmine,ASUN,2026,37,1,6,0,0,0,0,0,0.0,false,0,0.000,0.3681,1421,60.1,false,true
Northern Kentucky::rasheedjabari,"Rasheed, Jabari",Northern Kentucky,Horizon,2026,5,3,203,0,0,0,0,0,0.0,false,0,0.000,0.2571,1325,13.1,true,true
Northern Kentucky::jervieriigregory,"Jervier II, Gregory",Northern Kentucky,Horizon,2026,28,2,106,0,0,0,0,0,0.0,false,0,0.000,0.3019,1408,37.6,true,true
Northern Kentucky::hughesluca,"Hughes, Luca",Northern Kentucky,Horizon,2026,9,2,60,0,0,0,0,0,0.0,false,0,0.000,0.3291,1408,48.9,false,true
Northern Kentucky::luechauermichael,"Luechauer, Michael",Northern Kentucky,Horizon,2026,17,2,40,0,0,0,0,0,0.0,false,0,0.000,0.3426,1408,52.7,false,true
Northern Kentucky::guldagerbenjamin,"Guldager, Benjamin",Northern Kentucky,Horizon,2026,19,2,11,0,0,0,0,0,0.0,false,0,0.000,0.3641,1408,59,false,true
Northern Kentucky::wallinggage,"Walling, Gage",Northern Kentucky,Horizon,2026,22,3,34,0,0,0,0,0,0.0,false,0,0.000,0.3468,1325,53.9,false,true
Northern Kentucky::feldhausnicholas,"Feldhaus, Nicholas",Northern Kentucky,Horizon,2026,27,2,26,0,0,0,0,0,0.0,false,0,0.000,0.3526,1408,56,false,true
Duquesne::cosssam,"Coss, Sam",Duquesne,Atlantic 10,2026,1,4,360,0,0,0,0,0,0.0,false,0,0.000,0.2072,1396,1.7,true,true
Duquesne::banksdan,"Banks, Dan",Duquesne,Atlantic 10,2026,14,1,18,0,0,0,0,0,0.0,false,0,0.000,0.3587,1437,57.6,false,true
Duquesne::philibinchris,"Philibin, Chris",Duquesne,Atlantic 10,2026,21,3,61,0,0,0,0,0,0.0,false,0,0.000,0.3285,1372,48.8,false,true
Duquesne::jensenelijah,"Jensen, Elijah",Duquesne,Atlantic 10,2026,31,4,83,0,0,0,0,0,0.0,false,0,0.000,0.3149,1396,44.5,false,true
Robert Morris::kinchstanley,"Kinch, Stanley",Robert Morris,Horizon,2026,2,4,151,0,0,0,0,0,0.0,false,0,0.000,0.2793,1330,24.5,true,true
Robert Morris::kamaraabdul,"Kamara, Abdul",Robert Morris,Horizon,2026,15,4,360,0,0,0,0,0,0.0,false,0,0.000,0.2072,1330,1.7,true,true
Robert Morris::reidtayshuan,"Reid, Tayshuan",Robert Morris,Horizon,2026,14,2,45,0,0,0,0,0,0.0,false,0,0.000,0.3391,1453,51.8,false,true
DePaul::netzelgavin,"Netzel, Gavin",DePaul,Big East,2026,12,4,138,0,0,0,0,0,0.0,false,0,0.000,0.2855,1429,27.9,true,true
DePaul::pacekeagan,"Pace, Keagan",DePaul,Big East,2026,20,4,16,0,0,0,0,0,0.0,false,0,0.000,0.3602,1429,58,false,true
Loyola Chicago::havillcohen,"Havill, Cohen",Loyola Chicago,Atlantic 10,2026,3,4,290,0,0,0,0,0,0.0,false,0,0.000,0.2268,1401,4.1,true,true
Loyola Chicago::baileygrant,"Bailey, Grant",Loyola Chicago,Atlantic 10,2026,20,4,354,0,0,0,0,0,0.0,false,0,0.000,0.2088,1401,2.3,true,true
Loyola Chicago::webblucas,"Webb, Lucas",Loyola Chicago,Atlantic 10,2026,25,3,82,0,0,0,0,0,0.0,false,0,0.000,0.3155,1427,44.7,false,true
Loyola Chicago::hayesfoster,"Hayes, Foster",Loyola Chicago,Atlantic 10,2026,28,3,47,0,0,0,0,0,0.0,false,0,0.000,0.3377,1427,51.3,false,true
Loyola Chicago::yedlinori,"Yedlin, Ori",Loyola Chicago,Atlantic 10,2026,31,1,1,0,0,0,0,0,0.0,false,0,0.000,0.3722,1356,61.4,false,true
Le Moyne College::dupellwyatt,"Dupell, Wyatt",Le Moyne College,NEC,2026,0,4,315,0,0,0,0,0,0.0,false,0,0.000,0.2194,1348,3.1,true,true
Le Moyne College::farriskellen,"Farris, Kellen",Le Moyne College,NEC,2026,35,4,95,0,0,0,0,0,0.0,false,0,0.000,0.3080,1348,41.1,true,true
St. Bonaventure::jorywinston,"Jory, Winston",St. Bonaventure,Atlantic 10,2026,1,3,270,0,0,0,0,0,0.0,false,0,0.000,0.2331,1437,4.5,true,true
St. Bonaventure::haynesbenjamin,"Haynes, Benjamin",St. Bonaventure,Atlantic 10,2026,3,3,191,0,0,0,0,0,0.0,false,0,0.000,0.2619,1437,15,true,true
St. Bonaventure::sheehanbrendan,"Sheehan, Brendan",St. Bonaventure,Atlantic 10,2026,11,3,123,0,0,0,0,0,0.0,false,0,0.000,0.2929,1437,32.6,true,true
St. Bonaventure::finelliluc,"Finelli, Luc",St. Bonaventure,Atlantic 10,2026,16,3,213,0,0,0,0,0,0.0,false,0,0.000,0.2532,1437,11.7,true,true
St. Bonaventure::khaledyaseen,"Khaled, Yaseen",St. Bonaventure,Atlantic 10,2026,26,3,184,0,0,0,0,0,0.0,false,0,0.000,0.2648,1437,15.9,true,true
St. Bonaventure::minnecijackson,"Minneci, Jackson",St. Bonaventure,Atlantic 10,2026,2,3,86,0,0,0,0,0,0.0,false,0,0.000,0.3132,1437,43.8,false,true
St. Bonaventure::weberlandon,"Weber, Landon",St. Bonaventure,Atlantic 10,2026,12,2,27,0,0,0,0,0,0.0,false,0,0.000,0.3519,1503,55.9,false,true
St. Bonaventure::marshben,"Marsh, Ben",St. Bonaventure,Atlantic 10,2026,15,3,57,0,0,0,0,0,0.0,false,0,0.000,0.3311,1437,49.4,false,true
St. Bonaventure::martindarien,"Martin, Darien",St. Bonaventure,Atlantic 10,2026,24,2,52,0,0,0,0,0,0.0,false,0,0.000,0.3344,1503,50.5,false,true
St. Bonaventure::nitzharrison,"Nitz, Harrison",St. Bonaventure,Atlantic 10,2026,27,3,89,0,0,0,0,0,0.0,false,0,0.000,0.3114,1437,43.3,false,true
UConn::grossmanjoe,"Grossman, Joe",UConn,Big East,2026,0,4,0,0,0,0,0,0,0.0,false,0,0.000,0.3730,1563,61.5,false,true
UConn::hessjustin,"Hess, Justin",UConn,Big East,2026,00,4,0,0,0,0,0,0,0.0,false,0,0.000,0.3730,1563,61.5,false,true
UConn::beckfordsummerville,"Beckford, Summerville",UConn,Big East,2026,1,4,0,0,0,0,0,0,0.0,false,0,0.000,0.3730,1563,61.5,false,true
UConn::emmerlingmaxim,"Emmerling, Maxim",UConn,Big East,2026,3,4,0,0,0,0,0,0,0.0,false,0,0.000,0.3730,1563,61.5,false,true
UConn::gummessonmax,"Gummesson, Max",UConn,Big East,2026,4,4,123,0,0,0,0,0,0.0,false,0,0.000,0.2929,1563,32.6,true,true
UConn::sokolnickiszymon,"Sokolnicki, Szymon",UConn,Big East,2026,19,4,36,0,0,0,0,0,0.0,false,0,0.000,0.3454,1563,53.4,false,true
UConn::blandowen,"Bland, Owen",UConn,Big East,2026,24,4,229,0,0,0,0,0,0.0,false,0,0.000,0.2472,1563,10.1,true,true
UConn::francissebastian,"Francis, Sebastian",UConn,Big East,2026,26,4,0,0,0,0,0,0,0.0,false,0,0.000,0.3730,1563,61.5,false,true
UConn::ryanjack,"Ryan, Jack",UConn,Big East,2026,27,4,0,0,0,0,0,0,0.0,false,0,0.000,0.3730,1563,61.5,false,true
UConn::hubbardjustin,"Hubbard, Justin",UConn,Big East,2026,29,4,0,0,0,0,0,0,0.0,false,0,0.000,0.3730,1563,61.5,false,true
Western Michigan::coonjohn,"Coon, John",Western Michigan,Missouri Valley,2026,0,2,0,0,0,0,0,0,0.0,false,0,0.000,0.3730,1621,61.5,false,true
Western Michigan::arpachindabraxton,"Arpachinda, Braxton",Western Michigan,Missouri Valley,2026,2,2,0,0,0,0,0,0,0.0,false,0,0.000,0.3730,1621,61.5,false,true
Western Michigan::veychekjoshua,"Veychek, Joshua",Western Michigan,Missouri Valley,2026,3,4,119,0,0,0,0,0,0.0,false,0,0.000,0.2950,1632,33.6,true,true
Western Michigan::kleinjordan,"Klein, Jordan",Western Michigan,Missouri Valley,2026,8,4,360,0,0,0,0,0,0.0,false,0,0.000,0.2072,1632,1.7,true,true
Western Michigan::shannonchristian,"Shannon, Christian",Western Michigan,Missouri Valley,2026,14,2,90,0,0,0,0,0,0.0,false,0,0.000,0.3108,1621,43.1,false,true
Western Michigan::rosinalex,"Rosin, Alex",Western Michigan,Missouri Valley,2026,17,3,38,0,0,0,0,0,0.0,false,0,0.000,0.3440,1630,53,false,true
Western Michigan::hudsoniiieddie,"Hudson III, Eddie",Western Michigan,Missouri Valley,2026,18,2,3,0,0,0,0,0,0.0,false,0,0.000,0.3705,1621,60.9,false,true
Western Michigan::manganconnor,"Mangan, Connor",Western Michigan,Missouri Valley,2026,19,2,0,0,0,0,0,0,0.0,false,0,0.000,0.3730,1621,61.5,false,true
Western Michigan::markovskialek,"Markovski, Alek",Western Michigan,Missouri Valley,2026,21,2,12,0,0,0,0,0,0.0,false,0,0.000,0.3633,1621,59,false,true
Western Michigan::stoutjonathan,"Stout, Jonathan",Western Michigan,Missouri Valley,2026,22,2,0,0,0,0,0,0,0.0,false,0,0.000,0.3730,1621,61.5,false,true
Western Michigan::piacentinianthony,"Piacentini, Anthony",Western Michigan,Missouri Valley,2026,23,4,135,0,0,0,0,0,0.0,false,0,0.000,0.2869,1632,28.6,true,true
Western Michigan::matejsmolcicadam,"Matej Smolcic, Adam",Western Michigan,Missouri Valley,2026,24,3,17,0,0,0,0,0,0.0,false,0,0.000,0.3594,1626,57.8,false,true
Western Michigan::whitfieldgregory,"Whitfield, Gregory",Western Michigan,Missouri Valley,2026,27,3,229,0,0,0,0,0,0.0,false,0,0.000,0.2472,1626,10.1,true,true
Western Michigan::berentadam,"Berent, Adam",Western Michigan,Missouri Valley,2026,28,2,0,0,0,0,0,0,0.0,false,0,0.000,0.3730,1621,61.5,false,true
Michigan::barrenbeau,"Barren, Beau",Michigan,Big Ten,2026,0,3,0,0,0,0,0,0,0.0,false,0,0.000,0.3730,1374,61.5,false,true
Michigan::goldsonisaiah,"Goldson, Isaiah",Michigan,Big Ten,2026,1,3,0,0,0,0,0,0,0.0,false,0,0.000,0.3730,1374,61.5,false,true
Michigan::lospatrick,"Los, Patrick",Michigan,Big Ten,2026,20,3,0,0,0,0,0,0,0.0,false,0,0.000,0.3730,1374,61.5,false,true
Michigan::fishermatthew,"Fisher, Matthew",Michigan,Big Ten,2026,3,3,0,0,0,0,0,0,0.0,false,0,0.000,0.3730,1374,61.5,false,true
Michigan::estalacamron,"Estala, Camron",Michigan,Big Ten,2026,4,3,40,0,0,0,0,0,0.0,false,0,0.000,0.3426,1374,52.7,false,true
Michigan::bakerwill,"Baker, Will",Michigan,Big Ten,2026,5,3,270,0,0,0,0,0,0.0,false,0,0.000,0.2331,1374,4.5,true,true
Michigan::haikalmichael,"Haikal, Michael",Michigan,Big Ten,2026,8,3,51,0,0,0,0,0,0.0,false,0,0.000,0.3350,1374,50.7,false,true
Michigan::herreraduilio,"Herrera, Duilio",Michigan,Big Ten,2026,10,3,55,0,0,0,0,0,0.0,false,0,0.000,0.3324,1374,49.9,false,true
Michigan::ramirezmichael,"Ramirez, Michael",Michigan,Big Ten,2026,11,3,0,0,0,0,0,0,0.0,false,0,0.000,0.3730,1374,61.5,false,true
Michigan::nabakajonathan,"Nabaka, Jonathan",Michigan,Big Ten,2026,12,3,0,0,0,0,0,0,0.0,false,0,0.000,0.3730,1374,61.5,false,true
Michigan::momcilovicstefan,"Momcilovic, Stefan",Michigan,Big Ten,2026,14,3,0,0,0,0,0,0,0.0,false,0,0.000,0.3730,1374,61.5,false,true
Michigan::parkermurphy,"Parker, Murphy",Michigan,Big Ten,2026,16,3,0,0,0,0,0,0,0.0,false,0,0.000,0.3730,1374,61.5,false,true
Michigan::bramekamau,"Brame, Kamau",Michigan,Big Ten,2026,22,3,93,0,0,0,0,0,0.0,false,0,0.000,0.3091,1374,41.9,true,true
Michigan::michaeliguy,"Michaeli, Guy",Michigan,Big Ten,2026,23,3,0,0,0,0,0,0,0.0,false,0,0.000,0.3730,1374,61.5,false,true
Michigan::dieboltdrew,"Diebolt, Drew",Michigan,Big Ten,2026,25,3,0,0,0,0,0,0,0.0,false,0,0.000,0.3730,1374,61.5,false,true
Michigan::ibsaistamer,"Ibsais, Tamer",Michigan,Big Ten,2026,26,3,56,0,0,0,0,0,0.0,false,0,0.000,0.3317,1374,49.6,false,true
Michigan::fraserthomas,"Fraser, Thomas",Michigan,Big Ten,2026,29,3,90,0,0,0,0,0,0.0,false,0,0.000,0.3108,1374,43.1,false,true
Michigan::chavezsebasthian,"Chavez, Sebasthian",Michigan,Big Ten,2026,33,3,0,0,0,0,0,0,0.0,false,0,0.000,0.3730,1374,61.5,false,true
Michigan::ethridgeadam,"Ethridge, Adam",Michigan,Big Ten,2026,30,2,0,0,0,0,0,0,0.0,false,0,0.000,0.3730,1341,61.5,false,true
SIUE::cochranebrady,"Cochrane, Brady",SIUE,Other / Non-D1,2026,30,3,0,0,0,0,0,0,0.0,false,0,0.000,0.3730,1675,61.5,false,false
SIUE::sargenttyler,"Sargent, Tyler",SIUE,Other / Non-D1,2026,2,3,44,0,0,0,0,0,0.0,false,0,0.000,0.3398,1675,52,false,false
SIUE::sanchezmigallonpinejose,"Sanchez Migallon Pine, Jose",SIUE,Other / Non-D1,2026,4,3,0,0,0,0,0,0,0.0,false,0,0.000,0.3730,1675,61.5,false,false
SIUE::murraydaniel,"Murray, Daniel",SIUE,Other / Non-D1,2026,8,3,199,0,0,0,0,0,0.0,false,0,0.000,0.2586,1675,13.6,true,false
SIUE::howardevan,"Howard, Evan",SIUE,Other / Non-D1,2026,9,3,65,0,0,0,0,0,0.0,false,0,0.000,0.3259,1675,48.2,false,false
SIUE::martingarciadiego,"Martin Garcia, Diego",SIUE,Other / Non-D1,2026,10,3,82,0,0,0,0,0,0.0,false,0,0.000,0.3155,1675,44.7,false,false
SIUE::beierhayden,"Beier, Hayden",SIUE,Other / Non-D1,2026,13,3,67,0,0,0,0,0,0.0,false,0,0.000,0.3247,1675,47.8,false,false
SIUE::harriskevaughn,"Harris, Kevaughn",SIUE,Other / Non-D1,2026,14,3,16,0,0,0,0,0,0.0,false,0,0.000,0.3602,1675,58,false,false
SIUE::paulybobby,"Pauly, Bobby",SIUE,Other / Non-D1,2026,15,3,198,0,0,0,0,0,0.0,false,0,0.000,0.2590,1675,13.9,true,false
SIUE::perkinsben,"Perkins, Ben",SIUE,Other / Non-D1,2026,18,3,60,0,0,0,0,0,0.0,false,0,0.000,0.3291,1675,48.9,false,false
SIUE::laymichael,"Lay, Michael",SIUE,Other / Non-D1,2026,22,3,5,0,0,0,0,0,0.0,false,0,0.000,0.3689,1675,60.3,false,false
SIUE::mosleyanton,"Mosley, Anton",SIUE,Other / Non-D1,2026,25,3,28,0,0,0,0,0,0.0,false,0,0.000,0.3512,1675,55.6,false,false
SIUE::clemonsharlem,"Clemons, Harlem",SIUE,Other / Non-D1,2026,28,3,0,0,0,0,0,0,0.0,false,0,0.000,0.3730,1675,61.5,false,false
Michigan State::horlingsezra,"Horlings, Ezra",Michigan State,Big Ten,2026,30,4,8,0,0,0,0,0,0.0,false,0,0.000,0.3665,1436,59.7,false,true
Michigan State::andersondavid,"Anderson, David",Michigan State,Big Ten,2026,32,4,0,0,0,0,0,0,0.0,false,0,0.000,0.3730,1436,61.5,false,true
Michigan State::ebywill,"Eby, Will",Michigan State,Big Ten,2026,2,4,88,0,0,0,0,0,0.0,false,0,0.000,0.3120,1436,43.5,false,true
Michigan State::smidjared,"Smid, Jared",Michigan State,Big Ten,2026,3,4,55,0,0,0,0,0,0.0,false,0,0.000,0.3324,1436,49.9,false,true
Michigan State::phelanaidan,"Phelan, Aidan",Michigan State,Big Ten,2026,7,4,91,0,0,0,0,0,0.0,false,0,0.000,0.3103,1436,43,false,true
Michigan State::obeidbilal,"Obeid, Bilal",Michigan State,Big Ten,2026,12,4,0,0,0,0,0,0,0.0,false,0,0.000,0.3730,1436,61.5,false,true
Michigan State::casselljustin,"Cassell, Justin",Michigan State,Big Ten,2026,18,4,5,0,0,0,0,0,0.0,false,0,0.000,0.3689,1436,60.3,false,true
Michigan State::knoxjeb,"Knox, JEB",Michigan State,Big Ten,2026,19,4,231,0,0,0,0,0,0.0,false,0,0.000,0.2465,1436,9.9,true,true
Michigan State::hoganthatcher,"Hogan, Thatcher",Michigan State,Big Ten,2026,21,4,16,0,0,0,0,0,0.0,false,0,0.000,0.3602,1436,58,false,true
Michigan State::bredveiper,"Bredvei, Per",Michigan State,Big Ten,2026,22,4,22,0,0,0,0,0,0.0,false,0,0.000,0.3556,1436,56.9,false,true
Michigan State::saadmohamed,"Saad, Mohamed",Michigan State,Big Ten,2026,24,4,5,0,0,0,0,0,0.0,false,0,0.000,0.3689,1436,60.3,false,true
Michigan State::luskyjackson,"Lusky, Jackson",Michigan State,Big Ten,2026,25,4,0,0,0,0,0,0,0.0,false,0,0.000,0.3730,1436,61.5,false,true
Niagara::fiegeliidaniel,"Fiegel II, Daniel",Niagara,Metro,2026,00,2,0,0,0,0,0,0,0.0,false,0,0.000,0.3730,1652,61.5,false,true
Niagara::kildeedoolanpaddy,"Kildee-Doolan, Paddy",Niagara,Metro,2026,2,3,193,0,0,0,0,0,0.0,false,0,0.000,0.2611,1599,14.5,true,true
Niagara::silvadavid,"Silva, David",Niagara,Metro,2026,4,2,0,0,0,0,0,0,0.0,false,0,0.000,0.3730,1652,61.5,false,true
Niagara::apolonrood,"Apolon, Rood",Niagara,Metro,2026,6,3,260,0,0,0,0,0,0.0,false,0,0.000,0.2364,1599,6.7,true,true
Niagara::buscaglialuca,"Buscaglia, Luca",Niagara,Metro,2026,10,2,0,0,0,0,0,0,0.0,false,0,0.000,0.3730,1652,61.5,false,true
Niagara::woodsrobert,"Woods, Robert",Niagara,Metro,2026,12,2,0,0,0,0,0,0,0.0,false,0,0.000,0.3730,1652,61.5,false,true
Niagara::arghittupiecarlo,"Arghittu, Piecarlo",Niagara,Metro,2026,13,3,108,0,0,0,0,0,0.0,false,0,0.000,0.3008,1599,37.1,true,true
Niagara::beshawjadyn,"Beshaw, Jadyn",Niagara,Metro,2026,14,2,19,0,0,0,0,0,0.0,false,0,0.000,0.3579,1652,57.4,false,true
Niagara::santosandre,"Santos, Andre",Niagara,Metro,2026,15,3,197,0,0,0,0,0,0.0,false,0,0.000,0.2594,1599,14,true,true
Niagara::brooksthomas,"Brooks, Thomas",Niagara,Metro,2026,17,3,156,0,0,0,0,0,0.0,false,0,0.000,0.2770,1599,23.3,true,true
Niagara::dadechase,"Dade, Chase",Niagara,Metro,2026,18,3,235,0,0,0,0,0,0.0,false,0,0.000,0.2450,1599,9.4,true,true
Niagara::leardinidrew,"Leardini, Drew",Niagara,Metro,2026,19,3,27,0,0,0,0,0,0.0,false,0,0.000,0.3519,1599,55.9,false,true
Niagara::eloitriyahya,"Eloitri, Yahya",Niagara,Metro,2026,20,2,0,0,0,0,0,0,0.0,false,0,0.000,0.3730,1652,61.5,false,true
Niagara::santosdamian,"Santos, Damian",Niagara,Metro,2026,8,3,82,0,0,0,0,0,0.0,false,0,0.000,0.3155,1599,44.7,false,true
Niagara::dykstrajacob,"Dykstra, Jacob",Niagara,Metro,2026,23,3,70,0,0,0,0,0,0.0,false,0,0.000,0.3228,1599,47.5,false,true
Niagara::gottolipaolo,"Gottoli, Paolo",Niagara,Metro,2026,24,3,87,0,0,0,0,0,0.0,false,0,0.000,0.3126,1599,43.7,false,true
Niagara::scottrene,"Scott, Rene",Niagara,Metro,2026,25,2,0,0,0,0,0,0,0.0,false,0,0.000,0.3730,1652,61.5,false,true
Oregon State::romerojames,"Romero, James",Oregon State,Pac-12,2026,0,2,0,0,0,0,0,0,0.0,false,0,0.000,0.3730,1788,61.5,false,true
Oregon State::stewartjustin,"Stewart, Justin",Oregon State,Pac-12,2026,27,2,0,0,0,0,0,0,0.0,false,0,0.000,0.3730,1788,61.5,false,true
Oregon State::martinezcarlos,"Martinez, Carlos",Oregon State,Pac-12,2026,2,2,0,0,0,0,0,0,0.0,false,0,0.000,0.3730,1788,61.5,false,true
Oregon State::blakehenry,"Blake, Henry",Oregon State,Pac-12,2026,3,3,69,0,0,0,0,0,0.0,false,0,0.000,0.3234,1700,47.6,false,true
Oregon State::vidaloriol,"Vidal, Oriol",Oregon State,Pac-12,2026,4,2,45,0,0,0,0,0,0.0,false,0,0.000,0.3391,1788,51.8,false,true
Oregon State::wiedermark,"Wieder, Mark",Oregon State,Pac-12,2026,5,2,33,0,0,0,0,0,0.0,false,0,0.000,0.3475,1788,54,false,true
Oregon State::zapienjacob,"Zapien, Jacob",Oregon State,Pac-12,2026,6,2,124,0,0,0,0,0,0.0,false,0,0.000,0.2924,1788,32.2,true,true
Oregon State::pietrantonionicolas,"Pietrantonio, Nicolas",Oregon State,Pac-12,2026,13,3,135,0,0,0,0,0,0.0,false,0,0.000,0.2869,1700,28.6,true,true
Oregon State::wellsrocky,"Wells, Rocky",Oregon State,Pac-12,2026,15,2,0,0,0,0,0,0,0.0,false,0,0.000,0.3730,1788,61.5,false,true
Oregon State::ruizjoan,"Ruiz, Joan",Oregon State,Pac-12,2026,16,2,0,0,0,0,0,0,0.0,false,0,0.000,0.3730,1788,61.5,false,true
Oregon State::ricorditommaso,"Ricordi, Tommaso",Oregon State,Pac-12,2026,20,2,0,0,0,0,0,0,0.0,false,0,0.000,0.3730,1788,61.5,false,true
Oregon State::avilachris,"Avila, Chris",Oregon State,Pac-12,2026,22,2,0,0,0,0,0,0,0.0,false,0,0.000,0.3730,1788,61.5,false,true
Oregon State::rogerstaylor,"Rogers, Taylor",Oregon State,Pac-12,2026,26,2,0,0,0,0,0,0,0.0,false,0,0.000,0.3730,1788,61.5,false,true
Oregon State::dimitrijevicmason,"Dimitrijevic, Mason",Oregon State,Pac-12,2026,28,2,0,0,0,0,0,0,0.0,false,0,0.000,0.3730,1788,61.5,false,true
Washington::newmannoah,"Newman, Noah",Washington,Big Ten,2026,0,4,0,0,0,0,0,0,0.0,false,0,0.000,0.3730,1720,61.5,false,true
Washington::pierpointkenny,"Pierpoint, Kenny",Washington,Big Ten,2026,00,4,4,0,0,0,0,0,0.0,false,0,0.000,0.3697,1720,60.5,false,true
Washington::feltonjaeger,"Felton, Jaeger",Washington,Big Ten,2026,30,4,0,0,0,0,0,0,0.0,false,0,0.000,0.3730,1720,61.5,false,true
Washington::mikolasyharper,"Mikolasy, Harper",Washington,Big Ten,2026,2,3,4,0,0,0,0,0,0.0,false,0,0.000,0.3697,1683,60.5,false,true
Washington::dollinclarens,"Dollin, Clarens",Washington,Big Ten,2026,8,4,0,0,0,0,0,0,0.0,false,0,0.000,0.3730,1720,61.5,false,true
Washington::laymanemmett,"Layman, Emmett",Washington,Big Ten,2026,9,4,39,0,0,0,0,0,0.0,false,0,0.000,0.3433,1720,52.8,false,true
Washington::lugtoncallum,"Lugton, Callum",Washington,Big Ten,2026,10,4,59,0,0,0,0,0,0.0,false,0,0.000,0.3298,1720,49,false,true
Washington::obriennick,"O'Brien, Nick",Washington,Big Ten,2026,11,4,0,0,0,0,0,0,0.0,false,0,0.000,0.3730,1720,61.5,false,true
Washington::gaycarter,"Gay, Carter",Washington,Big Ten,2026,12,4,0,0,0,0,0,0,0.0,false,0,0.000,0.3730,1720,61.5,false,true
Washington::chandlernate,"Chandler, Nate",Washington,Big Ten,2026,15,4,4,0,0,0,0,0,0.0,false,0,0.000,0.3697,1720,60.5,false,true
Washington::rashadibrahim,"Rashad, Ibrahim",Washington,Big Ten,2026,18,3,4,0,0,0,0,0,0.0,false,0,0.000,0.3697,1683,60.5,false,true
Washington::dierksjordy,"Dierks, Jordy",Washington,Big Ten,2026,20,2,0,0,0,0,0,0,0.0,false,0,0.000,0.3730,1773,61.5,false,true
Washington::brunshaun,"Brun, Shaun",Washington,Big Ten,2026,22,4,8,0,0,0,0,0,0.0,false,0,0.000,0.3665,1720,59.7,false,true
Washington::garciaanthony,"Garcia, Anthony",Washington,Big Ten,2026,27,4,0,0,0,0,0,0,0.0,false,0,0.000,0.3730,1720,61.5,false,true
Pacific::caracheolunaalejandro,"Caracheo Luna, Alejandro",Pacific,West Coast,2026,0,4,270,0,0,0,0,0,0.0,false,0,0.000,0.2331,1489,4.5,true,true
Pacific::szalaidaniel,"Szalai, Daniel",Pacific,West Coast,2026,31,1,0,0,0,0,0,0,0.0,false,0,0.000,0.3730,1683,61.5,false,true
Pacific::kapitsasdimitri,"Kapitsas, Dimitri",Pacific,West Coast,2026,32,1,0,0,0,0,0,0,0.0,false,0,0.000,0.3730,1683,61.5,false,true
Pacific::abdulkadirmuharif,"Abdul-Kadir, Muharif",Pacific,West Coast,2026,4,2,135,0,0,0,0,0,0.0,false,0,0.000,0.2869,1572,28.6,true,true
Pacific::barahonadiego,"Barahona, Diego",Pacific,West Coast,2026,5,1,0,0,0,0,0,0,0.0,false,0,0.000,0.3730,1683,61.5,false,true
Pacific::monterojackson,"Montero, Jackson",Pacific,West Coast,2026,6,4,277,0,0,0,0,0,0.0,false,0,0.000,0.2309,1489,4.3,true,true
Pacific::goveadaniel,"Govea, Daniel",Pacific,West Coast,2026,8,1,0,0,0,0,0,0,0.0,false,0,0.000,0.3730,1683,61.5,false,true
Pacific::corralesjrramiro,"Corrales Jr., Ramiro",Pacific,West Coast,2026,12,1,0,0,0,0,0,0,0.0,false,0,0.000,0.3730,1683,61.5,false,true
Pacific::owusuenock,"Owusu, Enock",Pacific,West Coast,2026,13,2,104,0,0,0,0,0,0.0,false,0,0.000,0.3030,1572,38.1,true,true
Pacific::odubanjoraphael,"Odubanjo, Raphael",Pacific,West Coast,2026,15,1,0,0,0,0,0,0,0.0,false,0,0.000,0.3730,1683,61.5,false,true
Pacific::moskowitzhadar,"Moskowitz, Hadar",Pacific,West Coast,2026,17,1,0,0,0,0,0,0,0.0,false,0,0.000,0.3730,1683,61.5,false,true
Pacific::chapuraharrison,"Chapura, Harrison",Pacific,West Coast,2026,19,2,14,0,0,0,0,0,0.0,false,0,0.000,0.3618,1575,58.5,false,true
Pacific::malinovicmarko,"Malinovic, Marko",Pacific,West Coast,2026,20,4,203,0,0,0,0,0,0.0,false,0,0.000,0.2571,1489,13.1,true,true
Pacific::martinezkevin,"Martinez, Kevin",Pacific,West Coast,2026,22,2,7,0,0,0,0,0,0.0,false,0,0.000,0.3673,1572,59.8,false,true
Pacific::papaioannouionas,"Papaioannou, Ionas",Pacific,West Coast,2026,23,1,0,0,0,0,0,0,0.0,false,0,0.000,0.3730,1683,61.5,false,true
Pacific::docarmoandrew,"Do Carmo, Andrew",Pacific,West Coast,2026,24,3,163,0,0,0,0,0,0.0,false,0,0.000,0.2738,1496,21.6,true,true
Pacific::loudenconnor,"Louden, Connor",Pacific,West Coast,2026,25,2,13,0,0,0,0,0,0.0,false,0,0.000,0.3625,1514,58.7,false,true
Pacific::cliburncaleb,"Cliburn, Caleb",Pacific,West Coast,2026,26,1,11,0,0,0,0,0,0.0,false,0,0.000,0.3641,1683,59,false,true
Pacific::millermaxamus,"Miller, Maxamus",Pacific,West Coast,2026,29,1,0,0,0,0,0,0,0.0,false,0,0.000,0.3730,1683,61.5,false,true
UC Irvine::martinbenjamin,"Martin, Benjamin",UC Irvine,Big West,2026,34,3,0,0,0,0,0,0,0.0,false,0,0.000,0.3730,1517,61.5,false,true
UC Irvine::brownabraham,"Brown, Abraham",UC Irvine,Big West,2026,2,3,7,0,0,0,0,0,0.0,false,0,0.000,0.3673,1517,59.8,false,true
UC Irvine::jugelijah,"Jugé, Elijah",UC Irvine,Big West,2026,3,3,7,0,0,0,0,0,0.0,false,0,0.000,0.3673,1517,59.8,false,true
UC Irvine::jacobsbobby,"Jacobs, Bobby",UC Irvine,Big West,2026,12,3,0,0,0,0,0,0,0.0,false,0,0.000,0.3730,1517,61.5,false,true
UC Irvine::paroremax,"Parore, Max",UC Irvine,Big West,2026,13,3,0,0,0,0,0,0,0.0,false,0,0.000,0.3730,1517,61.5,false,true
UC Irvine::williamscade,"Williams, Cade",UC Irvine,Big West,2026,15,3,48,0,0,0,0,0,0.0,false,0,0.000,0.3371,1517,51.1,false,true
UC Irvine::levasseurvinny,"Levasseur, Vinny",UC Irvine,Big West,2026,16,3,0,0,0,0,0,0,0.0,false,0,0.000,0.3730,1517,61.5,false,true
UC Irvine::mirandamatthew,"Miranda, Matthew",UC Irvine,Big West,2026,23,3,21,0,0,0,0,0,0.0,false,0,0.000,0.3564,1517,57,false,true
UC Irvine::pivernetzkenshi,"Pivernetz, Kenshi",UC Irvine,Big West,2026,24,3,9,0,0,0,0,0,0.0,false,0,0.000,0.3657,1517,59.5,false,true
UC Irvine::rahamimroyie,"Rahamim, Royie",UC Irvine,Big West,2026,29,3,2,0,0,0,0,0,0.0,false,0,0.000,0.3714,1517,61.2,false,true
UC Irvine::duranferran,"Duran, Ferran",UC Irvine,Big West,2026,17,3,29,0,0,0,0,0,0.0,false,0,0.000,0.3504,1517,55.4,false,true
Utah Valley::walktrevor,"Walk, Trevor",Utah Valley,Big West,2026,11,3,199,0,0,0,0,0,0.0,false,0,0.000,0.2586,1395,13.6,true,true
Utah Valley::wheelerashton,"Wheeler, Ashton",Utah Valley,Big West,2026,3,2,71,0,0,0,0,0,0.0,false,0,0.000,0.3222,1425,47.3,false,true
Utah Valley::palmermax,"Palmer, Max",Utah Valley,Big West,2026,14,2,9,0,0,0,0,0,0.0,false,0,0.000,0.3657,1452,59.5,false,true
Utah Valley::christiansenlandon,"Christiansen, Landon",Utah Valley,Big West,2026,27,3,78,0,0,0,0,0,0.0,false,0,0.000,0.3179,1395,45.7,false,true
Santa Clara::rashadkhalil,"Rashad, Khalil",Santa Clara,West Coast,2026,6,4,351,0,0,0,0,0,0.0,false,0,0.000,0.2096,1518,2.3,true,true
Santa Clara::diazdiego,"Diaz, Diego",Santa Clara,West Coast,2026,30,3,87,0,0,0,0,0,0.0,false,0,0.000,0.3126,1536,43.7,false,true
Santa Clara::diaganasimon,"Diagana, Simon",Santa Clara,West Coast,2026,11,2,31,0,0,0,0,0,0.0,false,0,0.000,0.3490,1561,54.8,false,true
Santa Clara::tiptontyler,"Tipton, Tyler",Santa Clara,West Coast,2026,14,4,182,0,0,0,0,0,0.0,false,0,0.000,0.2656,1518,16.2,true,true
Furman::siegelwesley,"Siegel, Wesley",Furman,Southern,2026,8,4,116,0,0,0,0,0,0.0,false,0,0.000,0.2966,1584,34.4,true,true
Furman::hilllandon,"Hill, Landon",Furman,Southern,2026,19,4,111,0,0,0,0,0,0.0,false,0,0.000,0.2992,1584,36,true,true
Furman::rizzogianluca,"Rizzo, Gianluca",Furman,Southern,2026,22,4,130,0,0,0,0,0,0.0,false,0,0.000,0.2894,1584,30.3,true,true
UNC Wilmington::kronalex,"Kron, Alex",UNC Wilmington,CAA,2026,1,2,180,0,0,0,0,0,0.0,false,0,0.000,0.2664,1673,16.6,true,true
UNC Wilmington::riveramartin,"Rivera, Martin",UNC Wilmington,CAA,2026,23,3,270,0,0,0,0,0,0.0,false,0,0.000,0.2331,1589,4.5,true,true
UNC Wilmington::oddurkristjanssonkristjan,"Oddur Kristjansson, Kristjan",UNC Wilmington,CAA,2026,21,3,108,0,0,0,0,0,0.0,false,0,0.000,0.3008,1589,37.1,true,true
UNC Wilmington::yatesethan,"Yates, Ethan",UNC Wilmington,CAA,2026,26,1,39,0,0,0,0,0,0.0,false,0,0.000,0.3433,1699,52.8,false,true
William & Mary::roemischethan,"Roemisch, Ethan",William & Mary,CAA,2026,20,2,0,0,0,0,0,0,0.0,false,0,0.000,0.3730,1409,61.5,false,true
Elon::hartmandrew,"Hartman, Drew",Elon,Other / Non-D1,2026,1,2,90,0,0,0,0,0,0.0,false,0,0.000,0.3108,1234,43.1,false,false
Elon::jonesgraham,"Jones, Graham",Elon,Other / Non-D1,2026,38,3,84,0,0,0,0,0,0.0,false,0,0.000,0.3143,1343,44.2,false,false
Wright State::youdkevichnadav,"Youdkevich, Nadav",Wright State,Horizon,2026,0,4,0,0,0,0,0,0,0.0,false,0,0.000,0.3730,1399,61.5,false,true
Wright State::basenachaaron,"Basenach, Aaron",Wright State,Horizon,2026,26,4,0,0,0,0,0,0,0.0,false,0,0.000,0.3730,1399,61.5,false,true
Wright State::iveyvincent,"Ivey, Vincent",Wright State,Horizon,2026,5,4,139,0,0,0,0,0,0.0,false,0,0.000,0.2850,1399,27.5,true,true
Wright State::nielsonhudson,"Nielson, Hudson",Wright State,Horizon,2026,7,4,6,0,0,0,0,0,0.0,false,0,0.000,0.3681,1399,60.1,false,true
Wright State::nasatoalejandro,"Nasato, Alejandro",Wright State,Horizon,2026,9,4,0,0,0,0,0,0,0.0,false,0,0.000,0.3730,1399,61.5,false,true
Wright State::colemantyler,"Coleman, Tyler",Wright State,Horizon,2026,18,4,86,0,0,0,0,0,0.0,false,0,0.000,0.3132,1399,43.8,false,true
Wright State::hoffmanzachary,"Hoffman, Zachary",Wright State,Horizon,2026,24,4,34,0,0,0,0,0,0.0,false,0,0.000,0.3468,1399,53.9,false,true
Wright State::floresjose,"Flores, Jose",Wright State,Horizon,2026,31,4,53,0,0,0,0,0,0.0,false,0,0.000,0.3337,1399,50.4,false,true
Wright State::hoyhtyalandyn,"Hoyhtya, Landyn",Wright State,Horizon,2026,32,4,0,0,0,0,0,0,0.0,false,0,0.000,0.3730,1399,61.5,false,true
Lindenwood::levittbrio,"Levitt, Brio",Lindenwood,Ohio Valley,2026,18,2,33,0,0,0,0,0,0.0,false,0,0.000,0.3475,1246,54,false,true
Lindenwood::bowlinjohn,"Bowlin, John",Lindenwood,Ohio Valley,2026,30,1,0,0,0,0,0,0,0.0,false,0,0.000,0.3730,1228,61.5,false,true
Lindenwood::kapayamilton,"Kapaya, Milton",Lindenwood,Ohio Valley,2026,3,1,90,0,0,0,0,0,0.0,false,0,0.000,0.3108,1228,43.1,false,true
Lindenwood::trustyjeremiah,"Trusty, Jeremiah",Lindenwood,Ohio Valley,2026,12,4,315,0,0,0,0,0,0.0,false,0,0.000,0.2194,1189,3.1,true,true
Lindenwood::mwanjeeddy,"Mwanje, Eddy",Lindenwood,Ohio Valley,2026,17,1,24,0,0,0,0,0,0.0,false,0,0.000,0.3541,1228,56.4,false,true
Lindenwood::garciaaregalljoan,"Garcia Aregall, Joan",Lindenwood,Ohio Valley,2026,22,2,70,0,0,0,0,0,0.0,false,0,0.000,0.3228,1246,47.5,false,true
Lindenwood::agicicalen,"Agicic, Alen",Lindenwood,Ohio Valley,2026,25,2,43,0,0,0,0,0,0.0,false,0,0.000,0.3405,1246,52.2,false,true
Lindenwood::belotxavier,"Belot, Xavier",Lindenwood,Ohio Valley,2026,28,4,221,0,0,0,0,0,0.0,false,0,0.000,0.2502,1189,11,true,true
UIC::chibatakeru,"Chiba, Takeru",UIC,Missouri Valley,2026,4,4,306,0,0,0,0,0,0.0,false,0,0.000,0.2220,1434,3.5,true,true
UIC::sabanovicaj,"Sabanovic, AJ",UIC,Missouri Valley,2026,14,3,26,0,0,0,0,0,0.0,false,0,0.000,0.3526,1409,56,false,true
Northern Illinois::rodriguezkevin,"Rodriguez, Kevin",Northern Illinois,Other / Non-D1,2026,13,3,54,0,0,0,0,0,0.0,false,0,0.000,0.3331,1449,50.2,false,false
Northern Illinois::alonsojaziel,"Alonso, Jaziel",Northern Illinois,Other / Non-D1,2026,24,4,218,0,0,0,0,0,0.0,false,0,0.000,0.2513,1451,11.4,true,false
Northern Illinois::christiannoah,"Christian, Noah",Northern Illinois,Other / Non-D1,2026,26,4,77,0,0,0,0,0,0.0,false,0,0.000,0.3185,1451,45.9,false,false
Air Force::moyerben,"Moyer, Ben",Air Force,Mountain West,2026,0,1,0,0,0,0,0,0,0.0,false,0,0.000,0.3730,1462,61.5,false,true
Air Force::lundbergchase,"Lundberg, Chase",Air Force,Mountain West,2026,27,2,0,0,0,0,0,0,0.0,false,0,0.000,0.3730,1447,61.5,false,true
Air Force::corbettjohn,"Corbett, John",Air Force,Mountain West,2026,99,2,0,0,0,0,0,0,0.0,false,0,0.000,0.3730,1447,61.5,false,true
Air Force::llorcacamille,"Llorca, Camille",Air Force,Mountain West,2026,2,2,0,0,0,0,0,0,0.0,false,0,0.000,0.3730,1447,61.5,false,true
Air Force::bulankouandrei,"Bulankou, Andrei",Air Force,Mountain West,2026,4,3,196,0,0,0,0,0,0.0,false,0,0.000,0.2598,1418,14.2,true,true
Air Force::simslogan,"Sims, Logan",Air Force,Mountain West,2026,14,2,0,0,0,0,0,0,0.0,false,0,0.000,0.3730,1447,61.5,false,true
Air Force::muderlakquinn,"Muderlak, Quinn",Air Force,Mountain West,2026,15,3,137,0,0,0,0,0,0.0,false,0,0.000,0.2860,1418,28.1,true,true
Air Force::corbettdonovan,"Corbett, Donovan",Air Force,Mountain West,2026,16,2,33,0,0,0,0,0,0.0,false,0,0.000,0.3475,1447,54,false,true
Air Force::bennettjoseph,"Bennett, Joseph",Air Force,Mountain West,2026,18,2,127,0,0,0,0,0,0.0,false,0,0.000,0.2909,1447,31.3,true,true
Air Force::bontempsgavin,"Bontemps, Gavin",Air Force,Mountain West,2026,19,2,0,0,0,0,0,0,0.0,false,0,0.000,0.3730,1447,61.5,false,true
Air Force::flynnsean,"Flynn, Sean",Air Force,Mountain West,2026,22,3,130,0,0,0,0,0,0.0,false,0,0.000,0.2894,1418,30.3,true,true
Air Force::delimadavid,"Delima, David",Air Force,Mountain West,2026,23,2,0,0,0,0,0,0,0.0,false,0,0.000,0.3730,1447,61.5,false,true
Air Force::njanteborisscott,"Njante, Boris-Scott",Air Force,Mountain West,2026,26,2,0,0,0,0,0,0,0.0,false,0,0.000,0.3730,1447,61.5,false,true
Air Force::bennerbrayden,"Benner, Brayden",Air Force,Mountain West,2026,28,2,0,0,0,0,0,0,0.0,false,0,0.000,0.3730,1447,61.5,false,true
Air Force::seghipaxton,"Seghi, Paxton",Air Force,Mountain West,2026,30,3,225,0,0,0,0,0,0.0,false,0,0.000,0.2487,1418,10.4,true,true
Air Force::goetzcarter,"Goetz, Carter",Air Force,Mountain West,2026,31,2,0,0,0,0,0,0,0.0,false,0,0.000,0.3730,1447,61.5,false,true
Air Force::yousefthomas,"Yousef, Thomas",Air Force,Mountain West,2026,32,2,0,0,0,0,0,0,0.0,false,0,0.000,0.3730,1447,61.5,false,true
Air Force::perezmax,"Perez, Max",Air Force,Mountain West,2026,33,2,0,0,0,0,0,0,0.0,false,0,0.000,0.3730,1447,61.5,false,true
Air Force::wagneroliver,"Wagner, Oliver",Air Force,Mountain West,2026,34,2,0,0,0,0,0,0,0.0,false,0,0.000,0.3730,1447,61.5,false,true
Air Force::shepherdaustin,"Shepherd, Austin",Air Force,Mountain West,2026,35,2,0,0,0,0,0,0,0.0,false,0,0.000,0.3730,1447,61.5,false,true
Air Force::higbienoah,"Higbie, Noah",Air Force,Mountain West,2026,40,2,0,0,0,0,0,0,0.0,false,0,0.000,0.3730,1447,61.5,false,true
UC San Diego::naridoluc,"Narido, Luc",UC San Diego,Pac-12,2026,0,2,13,0,0,0,0,0,0.0,false,0,0.000,0.3625,1219,58.7,false,true
UC San Diego::singhvik,"Singh, Vik",UC San Diego,Pac-12,2026,1,1,0,0,0,0,0,0,0.0,false,0,0.000,0.3730,1198,61.5,false,true
UC San Diego::morgannate,"Morgan, Nate",UC San Diego,Pac-12,2026,3,3,77,0,0,0,0,0,0.0,false,0,0.000,0.3185,1285,45.9,false,true
UC San Diego::saffermatteo,"Saffer, Matteo",UC San Diego,Pac-12,2026,4,1,0,0,0,0,0,0,0.0,false,0,0.000,0.3730,1198,61.5,false,true
UC San Diego::greengary,"Green, Gary",UC San Diego,Pac-12,2026,6,2,28,0,0,0,0,0,0.0,false,0,0.000,0.3512,1219,55.6,false,true
UC San Diego::fujitamasayuki,"Fujita, Masayuki",UC San Diego,Pac-12,2026,11,1,0,0,0,0,0,0,0.0,false,0,0.000,0.3730,1198,61.5,false,true
UC San Diego::murdinliam,"Murdin, Liam",UC San Diego,Pac-12,2026,14,1,0,0,0,0,0,0,0.0,false,0,0.000,0.3730,1198,61.5,false,true
UC San Diego::zubakliam,"Zubak, Liam",UC San Diego,Pac-12,2026,16,3,159,0,0,0,0,0,0.0,false,0,0.000,0.2756,1285,22.6,true,true
UC San Diego::brownwoody,"Brown, Woody",UC San Diego,Pac-12,2026,19,3,113,0,0,0,0,0,0.0,false,0,0.000,0.2981,1285,35.3,true,true
UC San Diego::aghaiannick,"Aghaian, Nick",UC San Diego,Pac-12,2026,24,1,0,0,0,0,0,0,0.0,false,0,0.000,0.3730,1198,61.5,false,true
UC San Diego::wolfkelham,"Wolf, Kelham",UC San Diego,Pac-12,2026,25,1,0,0,0,0,0,0,0.0,false,0,0.000,0.3730,1198,61.5,false,true
UC San Diego::hoangrichard,"Hoang, Richard",UC San Diego,Pac-12,2026,26,2,28,0,0,0,0,0,0.0,false,0,0.000,0.3512,1219,55.6,false,true
UC San Diego::nicholstito,"Nichols, Tito",UC San Diego,Pac-12,2026,31,1,0,0,0,0,0,0,0.0,false,0,0.000,0.3730,1198,61.5,false,true
San Jose State::floresthomasruben,"Flores-Thomas, Ruben",San Jose State,Mountain West,2026,2,3,264,0,0,0,0,0,0.0,false,0,0.000,0.2351,1541,6.6,true,true
San Jose State::buezojason,"Buezo, Jason",San Jose State,Mountain West,2026,17,3,82,0,0,0,0,0,0.0,false,0,0.000,0.3155,1541,44.7,false,true
San Jose State::nievesdiego,"Nieves, Diego",San Jose State,Mountain West,2026,12,2,98,0,0,0,0,0,0.0,false,0,0.000,0.3063,1507,40.3,true,true
San Jose State::suarezmiliano,"Suarez, Miliano",San Jose State,Mountain West,2026,15,3,132,0,0,0,0,0,0.0,false,0,0.000,0.2884,1541,29.9,true,true
Saint Mary's::baldwintate,"Baldwin, Tate",Saint Mary's,West Coast,2026,22,4,111,0,0,0,0,0,0.0,false,0,0.000,0.2992,1485,36,true,true
Saint Mary's::jacksonsam,"Jackson, Sam",Saint Mary's,West Coast,2026,2,4,48,0,0,0,0,0,0.0,false,0,0.000,0.3371,1485,51.1,false,true
St. Thomas::mitchellorin,"Mitchell, Orin",St. Thomas,Summit,2026,2,4,170,0,0,0,0,0,0.0,false,0,0.000,0.2707,1208,20.3,true,true
St. Thomas::williamscian,"Williams, Cian",St. Thomas,Summit,2026,3,4,360,0,0,0,0,0,0.0,false,0,0.000,0.2072,1208,1.7,true,true
St. Thomas::karismattis,"Karis, Mattis",St. Thomas,Summit,2026,4,4,344,0,0,0,0,0,0.0,false,0,0.000,0.2114,1208,2.5,true,true
St. Thomas::schaefermerrick,"Schaefer, Merrick",St. Thomas,Summit,2026,5,4,344,0,0,0,0,0,0.0,false,0,0.000,0.2114,1208,2.5,true,true
St. Thomas::mooresam,"Moore, Sam",St. Thomas,Summit,2026,9,3,92,0,0,0,0,0,0.0,false,0,0.000,0.3097,1293,42.4,true,true
St. Thomas::marshallluke,"Marshall, Luke",St. Thomas,Summit,2026,24,2,13,0,0,0,0,0,0.0,false,0,0.000,0.3625,1307,58.7,false,true
St. Thomas::kuelthaujack,"Kuelthau, Jack",St. Thomas,Summit,2026,29,3,77,0,0,0,0,0,0.0,false,0,0.000,0.3185,1189,45.9,false,true
Eastern Illinois::baylissconner,"Bayliss, Conner",Eastern Illinois,Ohio Valley,2026,3,3,183,0,0,0,0,0,0.0,false,0,0.000,0.2652,1337,16.1,true,true
Eastern Illinois::comitrelucas,"Comitre, Lucas",Eastern Illinois,Ohio Valley,2026,13,3,214,0,0,0,0,0,0.0,false,0,0.000,0.2528,1337,11.6,true,true
Eastern Illinois::peresjoao,"Peres, Joao",Eastern Illinois,Ohio Valley,2026,14,3,246,0,0,0,0,0,0.0,false,0,0.000,0.2412,1337,8.2,true,true
Eastern Illinois::ishikawashuto,"Ishikawa, Shuto",Eastern Illinois,Ohio Valley,2026,21,2,107,0,0,0,0,0,0.0,false,0,0.000,0.3014,1304,37.3,true,true
Eastern Illinois::getzingernolan,"Getzinger, Nolan",Eastern Illinois,Ohio Valley,2026,11,2,6,0,0,0,0,0,0.0,false,0,0.000,0.3681,1304,60.1,false,true
Eastern Illinois::hatamotosein,"Hatamoto, Sein",Eastern Illinois,Ohio Valley,2026,15,3,89,0,0,0,0,0,0.0,false,0,0.000,0.3114,1337,43.3,false,true
Eastern Illinois::anchietaluiz,"Anchieta, Luiz",Eastern Illinois,Ohio Valley,2026,17,3,54,0,0,0,0,0,0.0,false,0,0.000,0.3331,1337,50.2,false,true
Eastern Illinois::ottapedro,"Otta, Pedro",Eastern Illinois,Ohio Valley,2026,23,2,19,0,0,0,0,0,0.0,false,0,0.000,0.3579,1304,57.4,false,true
Eastern Illinois::sudormax,"Sudor, Max",Eastern Illinois,Ohio Valley,2026,24,2,47,0,0,0,0,0,0.0,false,0,0.000,0.3377,1304,51.3,false,true
Eastern Illinois::cassidylandon,"Cassidy, Landon",Eastern Illinois,Ohio Valley,2026,27,2,20,0,0,0,0,0,0.0,false,0,0.000,0.3571,1304,57.2,false,true
University of Illinois Springfield::kardelkevin,"Kardel, Kevin",University of Illinois Springfield,Other / Non-D1,2026,1,1,90,0,0,0,0,0,0.0,false,0,0.000,0.3108,1259,43.1,false,false
University of Illinois Springfield::borgslennard,"Borgs, Lennard",University of Illinois Springfield,Other / Non-D1,2026,2,1,63,0,0,0,0,0,0.0,false,0,0.000,0.3272,1259,48.5,false,false
University of Illinois Springfield::knazeadam,"Knaze, Adam",University of Illinois Springfield,Other / Non-D1,2026,3,1,69,0,0,0,0,0,0.0,false,0,0.000,0.3234,1259,47.6,false,false
University of Illinois Springfield::coxsonny,"Cox, Sonny",University of Illinois Springfield,Other / Non-D1,2026,5,1,72,0,0,0,0,0,0.0,false,0,0.000,0.3216,1259,47.2,false,false
University of Illinois Springfield::meharileul,"Mehari, Leul",University of Illinois Springfield,Other / Non-D1,2026,6,1,53,0,0,0,0,0,0.0,false,0,0.000,0.3337,1259,50.4,false,false
University of Illinois Springfield::mcleanliam,"McLean, Liam",University of Illinois Springfield,Other / Non-D1,2026,14,1,80,0,0,0,0,0,0.0,false,0,0.000,0.3167,1259,45.2,false,false
University of Illinois Springfield::shawjacob,"Shaw, Jacob",University of Illinois Springfield,Other / Non-D1,2026,16,1,46,0,0,0,0,0,0.0,false,0,0.000,0.3384,1259,51.5,false,false
University of Illinois Springfield::fryecameron,"Frye, Cameron",University of Illinois Springfield,Other / Non-D1,2026,19,1,72,0,0,0,0,0,0.0,false,0,0.000,0.3216,1259,47.2,false,false
University of Illinois Springfield::olenickmitch,"Olenick, Mitch",University of Illinois Springfield,Other / Non-D1,2026,35,1,75,0,0,0,0,0,0.0,false,0,0.000,0.3197,1259,46.3,false,false
University of Illinois Springfield::synoradzskiandrew,"Synoradzski, Andrew",University of Illinois Springfield,Other / Non-D1,2026,4,1,45,0,0,0,0,0,0.0,false,0,0.000,0.3391,1259,51.8,false,false
University of Illinois Springfield::obaokusanyanathan,"Oba-Okusanya, Nathan",University of Illinois Springfield,Other / Non-D1,2026,10,1,10,0,0,0,0,0,0.0,false,0,0.000,0.3649,1259,59.3,false,false
University of Illinois Springfield::downencarter,"Downen, Carter",University of Illinois Springfield,Other / Non-D1,2026,13,1,44,0,0,0,0,0,0.0,false,0,0.000,0.3398,1259,52,false,false
University of Illinois Springfield::saipiedon,"Saipi, Edon",University of Illinois Springfield,Other / Non-D1,2026,21,1,45,0,0,0,0,0,0.0,false,0,0.000,0.3391,1259,51.8,false,false
University of Illinois Springfield::ahupapromis,"Ahupa, Promis",University of Illinois Springfield,Other / Non-D1,2026,23,1,21,0,0,0,0,0,0.0,false,0,0.000,0.3564,1259,57,false,false
University of Illinois Springfield::falettodonovan,"Faletto, Donovan",University of Illinois Springfield,Other / Non-D1,2026,24,1,18,0,0,0,0,0,0.0,false,0,0.000,0.3587,1259,57.6,false,false
University of Illinois Springfield::menschingjosh,"Mensching, Josh",University of Illinois Springfield,Other / Non-D1,2026,29,1,20,0,0,0,0,0,0.0,false,0,0.000,0.3571,1259,57.2,false,false
Western Illinois::hellerdrew,"Heller, Drew",Western Illinois,Ohio Valley,2026,33,2,90,0,0,0,0,0,0.0,false,0,0.000,0.3108,1320,43.1,false,true
Western Illinois::brunetguillaume,"Brunet, Guillaume",Western Illinois,Ohio Valley,2026,3,3,109,0,0,0,0,0,0.0,false,0,0.000,0.3003,1300,36.7,true,true
Western Illinois::lamarkisaiah,"Lamark, Isaiah",Western Illinois,Ohio Valley,2026,25,2,72,0,0,0,0,0,0.0,false,0,0.000,0.3216,1320,47.2,false,true
Cal Poly::oetmanben,"Oetman, Ben",Cal Poly,Pac-12,2026,30,2,0,0,0,0,0,0,0.0,false,0,0.000,0.3730,1630,61.5,false,true
Cal Poly::glowaskidylan,"Glowaski, Dylan",Cal Poly,Pac-12,2026,31,2,0,0,0,0,0,0,0.0,false,0,0.000,0.3730,1630,61.5,false,true
Cal Poly::maciasmichael,"Macias, Michael",Cal Poly,Pac-12,2026,32,2,0,0,0,0,0,0,0.0,false,0,0.000,0.3730,1630,61.5,false,true
Cal Poly::owenscparker,"Owens (C), Parker",Cal Poly,Pac-12,2026,4,2,0,0,0,0,0,0,0.0,false,0,0.000,0.3730,1630,61.5,false,true
Cal Poly::caseytanner,"Casey, Tanner",Cal Poly,Pac-12,2026,5,4,346,0,0,0,0,0,0.0,false,0,0.000,0.2109,1576,2.4,true,true
Cal Poly::guerradiego,"Guerra, Diego",Cal Poly,Pac-12,2026,8,2,0,0,0,0,0,0,0.0,false,0,0.000,0.3730,1630,61.5,false,true
Cal Poly::rosasdevin,"Rosas, Devin",Cal Poly,Pac-12,2026,12,3,4,0,0,0,0,0,0.0,false,0,0.000,0.3697,1570,60.5,false,true
Cal Poly::rajeckimatt,"Rajecki, Matt",Cal Poly,Pac-12,2026,14,2,122,0,0,0,0,0,0.0,false,0,0.000,0.2935,1630,32.8,true,true
Cal Poly::buettnermarlow,"Buettner, Marlow",Cal Poly,Pac-12,2026,15,4,53,0,0,0,0,0,0.0,false,0,0.000,0.3337,1576,50.4,false,true
Cal Poly::vickmichael,"Vick, Michael",Cal Poly,Pac-12,2026,16,2,0,0,0,0,0,0,0.0,false,0,0.000,0.3730,1630,61.5,false,true
Cal Poly::newmanbrandon,"Newman, Brandon",Cal Poly,Pac-12,2026,18,3,38,0,0,0,0,0,0.0,false,0,0.000,0.3440,1570,53,false,true
Cal Poly::vegamariodavid,"Vega, Mariodavid",Cal Poly,Pac-12,2026,20,2,0,0,0,0,0,0,0.0,false,0,0.000,0.3730,1630,61.5,false,true
Cal Poly::westberryalex,"Westberry, Alex",Cal Poly,Pac-12,2026,22,3,10,0,0,0,0,0,0.0,false,0,0.000,0.3649,1617,59.3,false,true
Cal Poly::jimenezbenji,"Jimenez, Benji",Cal Poly,Pac-12,2026,25,2,0,0,0,0,0,0,0.0,false,0,0.000,0.3730,1630,61.5,false,true
Cal Poly::carrilloperzisrael,"Carrillo Peréz, Israel",Cal Poly,Pac-12,2026,27,2,0,0,0,0,0,0,0.0,false,0,0.000,0.3730,1630,61.5,false,true
Cal Poly::erbstoeszerlandon,"Erbstoeszer, Landon",Cal Poly,Pac-12,2026,29,3,10,0,0,0,0,0,0.0,false,0,0.000,0.3649,1617,59.3,false,true
San Diego State::klottandrew,"Klott, Andrew",San Diego State,Pac-12,2026,0,2,13,0,0,0,0,0,0.0,false,0,0.000,0.3625,1438,58.7,false,true
San Diego State::hugginsavery,"Huggins, Avery",San Diego State,Pac-12,2026,2,2,180,0,0,0,0,0,0.0,false,0,0.000,0.2664,1516,16.6,true,true
San Diego State::ngounoucedric,"Ngounou, Cedric",San Diego State,Pac-12,2026,5,2,13,0,0,0,0,0,0.0,false,0,0.000,0.3625,1438,58.7,false,true
San Diego State::zepedajuan,"Zepeda, Juan",San Diego State,Pac-12,2026,9,1,0,0,0,0,0,0,0.0,false,0,0.000,0.3730,1643,61.5,false,true
San Diego State::trujillolizrragaoscaremilio,"Trujillo Lizárraga, Oscar Emilio",San Diego State,Pac-12,2026,12,1,0,0,0,0,0,0,0.0,false,0,0.000,0.3730,1643,61.5,false,true
San Diego State::brandongriffin,"Brandon, Griffin",San Diego State,Pac-12,2026,22,2,10,0,0,0,0,0,0.0,false,0,0.000,0.3649,1438,59.3,false,true
San Diego State::farisowen,"Faris, Owen",San Diego State,Pac-12,2026,26,2,25,0,0,0,0,0,0.0,false,0,0.000,0.3534,1438,56.2,false,true
San Diego State::strassburgluke,"Strassburg, Luke",San Diego State,Pac-12,2026,28,2,10,0,0,0,0,0,0.0,false,0,0.000,0.3649,1438,59.3,false,true
San Diego State::prenticedaniel,"Prentice, Daniel",San Diego State,Pac-12,2026,29,2,10,0,0,0,0,0,0.0,false,0,0.000,0.3649,1438,59.3,false,true
Gonzaga::schinderlemason,"Schinderle, Mason",Gonzaga,Pac-12,2026,30,2,0,0,0,0,0,0,0.0,false,0,0.000,0.3730,1568,61.5,false,true
Gonzaga::watsonterry,"Watson, Terry",Gonzaga,Pac-12,2026,5,3,58,0,0,0,0,0,0.0,false,0,0.000,0.3304,1483,49.2,false,true
Gonzaga::padillaezekiel,"Padilla, Ezekiel",Gonzaga,Pac-12,2026,11,2,0,0,0,0,0,0,0.0,false,0,0.000,0.3730,1568,61.5,false,true
Gonzaga::brunkhudson,"Brunk, Hudson",Gonzaga,Pac-12,2026,19,2,0,0,0,0,0,0,0.0,false,0,0.000,0.3730,1568,61.5,false,true
Gonzaga::divanomichael,"Divano, Michael",Gonzaga,Pac-12,2026,24,3,12,0,0,0,0,0,0.0,false,0,0.000,0.3633,1542,59,false,true
Gonzaga::bronoldcarter,"Bronold, Carter",Gonzaga,Pac-12,2026,25,3,82,0,0,0,0,0,0.0,false,0,0.000,0.3155,1483,44.7,false,true
Gonzaga::deijckjellevan,"Deijck, Jelle Van",Gonzaga,Pac-12,2026,28,1,45,0,0,0,0,0,0.0,false,0,0.000,0.3391,1256,51.8,false,true
Northwest::dickermanmichael,"Dickerman, Michael",Northwest,Other / Non-D1,2026,0,1,0,0,0,0,0,0,0.0,false,0,0.000,0.3730,1519,61.5,false,false
Northwest::aegerterhaakon,"Aegerter, Haakon",Northwest,Other / Non-D1,2026,2,1,0,0,0,0,0,0,0.0,false,0,0.000,0.3730,1519,61.5,false,false
Northwest::hollyelias,"Holly, Elias",Northwest,Other / Non-D1,2026,3,1,37,0,0,0,0,0,0.0,false,0,0.000,0.3447,1519,53.1,false,false
Northwest::kozorezoandrey,"Kozorezo, Andrey",Northwest,Other / Non-D1,2026,4,1,45,0,0,0,0,0,0.0,false,0,0.000,0.3391,1519,51.8,false,false
Northwest::dionisiopedro,"Dionisio, Pedro",Northwest,Other / Non-D1,2026,5,1,90,0,0,0,0,0,0.0,false,0,0.000,0.3108,1519,43.1,false,false
Northwest::costabernardo,"Costa, Bernardo",Northwest,Other / Non-D1,2026,6,1,70,0,0,0,0,0,0.0,false,0,0.000,0.3228,1519,47.5,false,false
Northwest::ludlowmatthew,"Ludlow, Matthew",Northwest,Other / Non-D1,2026,7,1,0,0,0,0,0,0,0.0,false,0,0.000,0.3730,1519,61.5,false,false
Northwest::pernetagustin,"Pernet, Agustin",Northwest,Other / Non-D1,2026,8,1,20,0,0,0,0,0,0.0,false,0,0.000,0.3571,1519,57.2,false,false
Northwest::ngoyroland,"Ngoy, Roland",Northwest,Other / Non-D1,2026,10,1,62,0,0,0,0,0,0.0,false,0,0.000,0.3278,1519,48.6,false,false
Northwest::bishoptitus,"Bishop, Titus",Northwest,Other / Non-D1,2026,11,1,45,0,0,0,0,0,0.0,false,0,0.000,0.3391,1519,51.8,false,false
Northwest::mendezrafael,"Mendez, Rafael",Northwest,Other / Non-D1,2026,13,1,14,0,0,0,0,0,0.0,false,0,0.000,0.3618,1519,58.5,false,false
Northwest::garciagael,"Garcia, Gael",Northwest,Other / Non-D1,2026,14,1,0,0,0,0,0,0,0.0,false,0,0.000,0.3730,1519,61.5,false,false
Northwest::toscanobenjamin,"Toscano, Benjamin",Northwest,Other / Non-D1,2026,16,1,76,0,0,0,0,0,0.0,false,0,0.000,0.3191,1519,46.1,false,false
Northwest::rosseaston,"Ross, Easton",Northwest,Other / Non-D1,2026,19,1,25,0,0,0,0,0,0.0,false,0,0.000,0.3534,1519,56.2,false,false
Northwest::mischelisaiah,"Mischel, Isaiah",Northwest,Other / Non-D1,2026,20,1,0,0,0,0,0,0,0.0,false,0,0.000,0.3730,1519,61.5,false,false
Northwest::wessteijnluuk,"Wessteijn, Luuk",Northwest,Other / Non-D1,2026,21,1,0,0,0,0,0,0,0.0,false,0,0.000,0.3730,1519,61.5,false,false
Northwest::melobernardo,"Melo, Bernardo",Northwest,Other / Non-D1,2026,22,1,0,0,0,0,0,0,0.0,false,0,0.000,0.3730,1519,61.5,false,false
Northwest::riveranick,"Rivera, Nick",Northwest,Other / Non-D1,2026,23,1,43,0,0,0,0,0,0.0,false,0,0.000,0.3405,1519,52.2,false,false
Northwest::macacarifelipe,"Macacari, Felipe",Northwest,Other / Non-D1,2026,18,1,32,0,0,0,0,0,0.0,false,0,0.000,0.3483,1519,54.3,false,false
Northwest::carterchase,"Carter, Chase",Northwest,Other / Non-D1,2026,25,1,36,0,0,0,0,0,0.0,false,0,0.000,0.3454,1519,53.4,false,false
Northwest::bedoyaosoriotomas,"Bedoya Osorio, Tomas",Northwest,Other / Non-D1,2026,26,1,28,0,0,0,0,0,0.0,false,0,0.000,0.3512,1519,55.6,false,false
Northwest::johnsonclayton,"Johnson, Clayton",Northwest,Other / Non-D1,2026,32,1,90,0,0,0,0,0,0.0,false,0,0.000,0.3108,1519,43.1,false,false
Northwest::ledustin,"Le, Dustin",Northwest,Other / Non-D1,2026,34,1,90,0,0,0,0,0,0.0,false,0,0.000,0.3108,1519,43.1,false,false
Northwest::corpuzcaleb,"Corpuz, Caleb",Northwest,Other / Non-D1,2026,37,1,49,0,0,0,0,0,0.0,false,0,0.000,0.3364,1519,51.1,false,false
Northwest::lillymalachi,"Lilly, Malachi",Northwest,Other / Non-D1,2026,47,1,0,0,0,0,0,0,0.0,false,0,0.000,0.3730,1519,61.5,false,false
Kansas City::popowmarc,"Popow, Marc",Kansas City,Summit,2026,1,2,0,0,0,0,0,0,0.0,false,0,0.000,0.3730,1517,61.5,false,true
Kansas City::lansdownadam,"Lansdown, Adam",Kansas City,Summit,2026,24,2,0,0,0,0,0,0,0.0,false,0,0.000,0.3730,1517,61.5,false,true
Kansas City::mikulizabrendan,"Mikuliza, Brendan",Kansas City,Summit,2026,30,2,0,0,0,0,0,0,0.0,false,0,0.000,0.3730,1517,61.5,false,true
Kansas City::francoujeremy,"Francou, Jeremy",Kansas City,Summit,2026,9,2,0,0,0,0,0,0,0.0,false,0,0.000,0.3730,1517,61.5,false,true
Kansas City::labadievincentelouan,"Labadie-Vincent, Elouan",Kansas City,Summit,2026,14,2,0,0,0,0,0,0,0.0,false,0,0.000,0.3730,1517,61.5,false,true
Kansas City::santacarter,"Santa, Carter",Kansas City,Summit,2026,15,2,0,0,0,0,0,0,0.0,false,0,0.000,0.3730,1517,61.5,false,true
Kansas City::cribbwesley,"Cribb, Wesley",Kansas City,Summit,2026,22,2,0,0,0,0,0,0,0.0,false,0,0.000,0.3730,1517,61.5,false,true
Kansas City::middletonbrice,"Middleton, Brice",Kansas City,Summit,2026,28,2,0,0,0,0,0,0,0.0,false,0,0.000,0.3730,1517,61.5,false,true
Kansas City::patellialessandro,"Patelli, Alessandro",Kansas City,Summit,2026,31,2,0,0,0,0,0,0,0.0,false,0,0.000,0.3730,1517,61.5,false,true
Kansas City::kajirihito,"Kaji, Rihito",Kansas City,Summit,2026,33,2,0,0,0,0,0,0,0.0,false,0,0.000,0.3730,1517,61.5,false,true
Kansas City::salgadocanepajuanpablo,"Salgado Canepa, Juan Pablo",Kansas City,Summit,2026,34,3,12,0,0,0,0,0,0.0,false,0,0.000,0.3633,1495,59,false,true
San Francisco::burrowsian,"Burrows, Ian",San Francisco,West Coast,2026,24,3,0,0,0,0,0,0,0.0,false,0,0.000,0.3730,1682,61.5,false,true
San Francisco::maywesley,"May, Wesley",San Francisco,West Coast,2026,32,3,0,0,0,0,0,0,0.0,false,0,0.000,0.3730,1682,61.5,false,true
San Francisco::dugganmatthew,"Duggan, Matthew",San Francisco,West Coast,2026,4,3,0,0,0,0,0,0,0.0,false,0,0.000,0.3730,1682,61.5,false,true
San Francisco::daijorayden,"Daijo, Rayden",San Francisco,West Coast,2026,12,3,0,0,0,0,0,0,0.0,false,0,0.000,0.3730,1682,61.5,false,true
San Francisco::jerniganbraylon,"Jernigan, Braylon",San Francisco,West Coast,2026,14,3,13,0,0,0,0,0,0.0,false,0,0.000,0.3625,1682,58.7,false,true
San Francisco::longsammy,"Long, Sammy",San Francisco,West Coast,2026,15,4,230,0,0,0,0,0,0.0,false,0,0.000,0.2468,1693,10,true,true
San Francisco::pennellnicky,"Pennell, Nicky",San Francisco,West Coast,2026,16,3,0,0,0,0,0,0,0.0,false,0,0.000,0.3730,1682,61.5,false,true
San Francisco::smithrylan,"Smith, Rylan",San Francisco,West Coast,2026,18,4,206,0,0,0,0,0,0.0,false,0,0.000,0.2559,1693,12.5,true,true
San Francisco::steinskogelias,"Steinskog, Elias",San Francisco,West Coast,2026,22,4,99,0,0,0,0,0,0.0,false,0,0.000,0.3058,1693,39.8,true,true
San Francisco::weidemanbourne,"Weideman, Bourne",San Francisco,West Coast,2026,23,2,0,0,0,0,0,0,0.0,false,0,0.000,0.3730,1700,61.5,false,true
San Francisco::watkinsimani,"Watkins, Imani",San Francisco,West Coast,2026,26,3,0,0,0,0,0,0,0.0,false,0,0.000,0.3730,1682,61.5,false,true
San Francisco::nullnathan,"Null, Nathan",San Francisco,West Coast,2026,27,2,0,0,0,0,0,0,0.0,false,0,0.000,0.3730,1700,61.5,false,true
San Francisco::kehrblaisen,"Kehr, Blaisen",San Francisco,West Coast,2026,30,2,0,0,0,0,0,0,0.0,false,0,0.000,0.3730,1700,61.5,false,true
San Francisco::trufellismithmarco,"Trufelli-Smith, Marco",San Francisco,West Coast,2026,31,2,0,0,0,0,0,0,0.0,false,0,0.000,0.3730,1700,61.5,false,true
Oral Roberts::andersonchance,"Anderson, Chance",Oral Roberts,Summit,2026,5,4,360,0,0,0,0,0,0.0,false,0,0.000,0.2072,1483,1.7,true,true
Oral Roberts::malikabdul,"Malik, Abdul",Oral Roberts,Summit,2026,6,1,67,0,0,0,0,0,0.0,false,0,0.000,0.3247,1465,47.8,false,true
Oral Roberts::ociralazarus,"Ocira, Lazarus",Oral Roberts,Summit,2026,15,4,319,0,0,0,0,0,0.0,false,0,0.000,0.2183,1483,2.9,true,true
Oral Roberts::jonessam,"Jones, Sam",Oral Roberts,Summit,2026,17,1,49,0,0,0,0,0,0.0,false,0,0.000,0.3364,1465,51.1,false,true
Oral Roberts::ortizluis,"Ortiz, Luis",Oral Roberts,Summit,2026,21,3,119,0,0,0,0,0,0.0,false,0,0.000,0.2950,1474,33.6,true,true
CSUN::drucksdorian,"Drucks, Dorian",CSUN,Other / Non-D1,2026,1,2,180,0,0,0,0,0,0.0,false,0,0.000,0.2664,1473,16.6,true,false
CSUN::wicksdominik,"Wicks, Dominik",CSUN,Other / Non-D1,2026,29,2,135,0,0,0,0,0,0.0,false,0,0.000,0.2869,1473,28.6,true,false
CSUN::cameronjack,"Cameron, Jack",CSUN,Other / Non-D1,2026,8,2,57,0,0,0,0,0,0.0,false,0,0.000,0.3311,1473,49.4,false,false
CSUN::pinedaenrique,"Pineda, Enrique",CSUN,Other / Non-D1,2026,15,2,29,0,0,0,0,0,0.0,false,0,0.000,0.3504,1473,55.4,false,false
CSUN::learjames,"Lear, James",CSUN,Other / Non-D1,2026,17,1,16,0,0,0,0,0,0.0,false,0,0.000,0.3602,1516,58,false,false
CSUN::cupidohagan,"Cupido, Hagan",CSUN,Other / Non-D1,2026,20,2,24,0,0,0,0,0,0.0,false,0,0.000,0.3541,1473,56.4,false,false
CSUN::hernandezerik,"Hernandez, Erik",CSUN,Other / Non-D1,2026,23,2,65,0,0,0,0,0,0.0,false,0,0.000,0.3259,1473,48.2,false,false
West Florida::cidadesantospedrohenrique,"Cidade Santos, Pedro Henrique",West Florida,Other / Non-D1,2026,2,4,360,0,0,0,0,0,0.0,false,0,0.000,0.2072,1416,1.7,true,false
West Florida::grauerjonas,"Grauer, Jonas",West Florida,Other / Non-D1,2026,5,4,270,0,0,0,0,0,0.0,false,0,0.000,0.2331,1416,4.5,true,false
West Florida::halsorflynn,"Halsor, Flynn",West Florida,Other / Non-D1,2026,16,4,228,0,0,0,0,0,0.0,false,0,0.000,0.2476,1416,10.2,true,false
West Florida::mosscaleb,"Moss, Caleb",West Florida,Other / Non-D1,2026,25,4,70,0,0,0,0,0,0.0,false,0,0.000,0.3228,1416,47.5,false,false
Georgia State::blantondavid,"Blanton, David",Georgia State,Sun Belt,2026,15,3,47,0,0,0,0,0,0.0,false,0,0.000,0.3377,1372,51.3,false,true
Georgia State::martinezgerber,"Martinez, Gerber",Georgia State,Sun Belt,2026,21,3,49,0,0,0,0,0,0.0,false,0,0.000,0.3364,1372,51.1,false,true
Louisville::demarcoeddie,"DeMarco, Eddie",Louisville,ACC,2026,29,4,0,0,0,0,0,0,0.0,false,0,0.000,0.3730,1535,61.5,false,true
Louisville::mcclenliam,"McClen, Liam",Louisville,ACC,2026,31,4,0,0,0,0,0,0,0.0,false,0,0.000,0.3730,1535,61.5,false,true
Louisville::deutschmaverick,"Deutsch, Maverick",Louisville,ACC,2026,33,4,0,0,0,0,0,0,0.0,false,0,0.000,0.3730,1535,61.5,false,true
Louisville::boringjack,"Boring, Jack",Louisville,ACC,2026,5,4,0,0,0,0,0,0,0.0,false,0,0.000,0.3730,1535,61.5,false,true
Louisville::mayerbrody,"Mayer, Brody",Louisville,ACC,2026,11,4,78,0,0,0,0,0,0.0,false,0,0.000,0.3179,1535,45.7,false,true
Louisville::mandeldaniel,"Mandel, Daniel",Louisville,ACC,2026,12,4,0,0,0,0,0,0,0.0,false,0,0.000,0.3730,1535,61.5,false,true
Louisville::amonesephram,"Amones, Ephram",Louisville,ACC,2026,15,4,1,0,0,0,0,0,0.0,false,0,0.000,0.3722,1535,61.4,false,true
Louisville::flowersashton,"Flowers, Ashton",Louisville,ACC,2026,20,4,274,0,0,0,0,0,0.0,false,0,0.000,0.2318,1535,4.4,true,true
Louisville::edstrmhkon,"Edstrøm, Håkon",Louisville,ACC,2026,21,4,160,0,0,0,0,0,0.0,false,0,0.000,0.2752,1535,22.5,true,true
Louisville::corriganzolly,"Corrigan, Zolly",Louisville,ACC,2026,25,4,0,0,0,0,0,0,0.0,false,0,0.000,0.3730,1535,61.5,false,true
Louisville::hauserryan,"Hauser, Ryan",Louisville,ACC,2026,27,4,32,0,0,0,0,0,0.0,false,0,0.000,0.3483,1535,54.3,false,true
Indiana::pielaaj,"Piela, AJ",Indiana,Big Ten,2026,0,2,0,0,0,0,0,0,0.0,false,0,0.000,0.3730,1568,61.5,false,true
Indiana::johnsencooper,"Johnsen, Cooper",Indiana,Big Ten,2026,30,2,0,0,0,0,0,0,0.0,false,0,0.000,0.3730,1568,61.5,false,true
Indiana::hunsuckerryan,"Hunsucker, Ryan",Indiana,Big Ten,2026,99,2,0,0,0,0,0,0,0.0,false,0,0.000,0.3730,1568,61.5,false,true
Indiana::fedrizzijacopo,"Fedrizzi, Jacopo",Indiana,Big Ten,2026,7,2,0,0,0,0,0,0,0.0,false,0,0.000,0.3730,1568,61.5,false,true
Indiana::painterbennett,"Painter, Bennett",Indiana,Big Ten,2026,10,3,77,0,0,0,0,0,0.0,false,0,0.000,0.3185,1580,45.9,false,true
Indiana::bezerraluka,"Bezerra, Luka",Indiana,Big Ten,2026,15,2,0,0,0,0,0,0,0.0,false,0,0.000,0.3730,1568,61.5,false,true
Indiana::shrefflerjustin,"Shreffler, Justin",Indiana,Big Ten,2026,17,3,35,0,0,0,0,0,0.0,false,0,0.000,0.3461,1580,53.5,false,true
Indiana::minzeybreckin,"Minzey, Breckin",Indiana,Big Ten,2026,19,4,31,0,0,0,0,0,0.0,false,0,0.000,0.3490,1524,54.8,false,true
Indiana::adugyamfimichael,"Adu-Gyamfi, Michael",Indiana,Big Ten,2026,21,3,53,0,0,0,0,0,0.0,false,0,0.000,0.3337,1580,50.4,false,true
Indiana::dreherej,"Dreher, EJ",Indiana,Big Ten,2026,22,2,0,0,0,0,0,0,0.0,false,0,0.000,0.3730,1568,61.5,false,true
Indiana::reidellluke,"Reidell, Luke",Indiana,Big Ten,2026,25,2,0,0,0,0,0,0,0.0,false,0,0.000,0.3730,1568,61.5,false,true
Indiana::gaydoshdrew,"Gaydosh, Drew",Indiana,Big Ten,2026,26,2,0,0,0,0,0,0,0.0,false,0,0.000,0.3730,1568,61.5,false,true
Indiana::hesssam,"Hess, Sam",Indiana,Big Ten,2026,27,2,0,0,0,0,0,0,0.0,false,0,0.000,0.3730,1568,61.5,false,true
Indiana::uglowvincent,"Uglow, Vincent",Indiana,Big Ten,2026,28,2,0,0,0,0,0,0,0.0,false,0,0.000,0.3730,1568,61.5,false,true
Harvard::castelalexander,"Castel, Alexander",Harvard,Ivy,2026,4,2,180,0,0,0,0,0,0.0,false,0,0.000,0.2664,1606,16.6,true,true
Harvard::dasnayan,"Das, Nayan",Harvard,Ivy,2026,6,2,134,0,0,0,0,0,0.0,false,0,0.000,0.2874,1606,29.4,true,true
Harvard::langenbahntim,"Langenbahn, Tim",Harvard,Ivy,2026,13,2,180,0,0,0,0,0,0.0,false,0,0.000,0.2664,1606,16.6,true,true
Harvard::tanyixavier,"Tanyi, Xavier",Harvard,Ivy,2026,14,2,80,0,0,0,0,0,0.0,false,0,0.000,0.3167,1606,45.2,false,true
Harvard::broomejason,"Broome, Jason",Harvard,Ivy,2026,99,2,180,0,0,0,0,0,0.0,false,0,0.000,0.2664,1606,16.6,true,true
Harvard::engleandreas,"Engle, Andreas",Harvard,Ivy,2026,12,2,19,0,0,0,0,0,0.0,false,0,0.000,0.3579,1606,57.4,false,true
Harvard::benucesarvaslucas,"Benuce Sarvas, Lucas",Harvard,Ivy,2026,15,2,92,0,0,0,0,0,0.0,false,0,0.000,0.3097,1606,42.4,true,true
Harvard::lobleydrew,"Lobley, Drew",Harvard,Ivy,2026,16,2,62,0,0,0,0,0,0.0,false,0,0.000,0.3278,1606,48.6,false,true
Notre Dame::rossjack,"Ross, Jack",Notre Dame,ACC,2026,4,3,179,0,0,0,0,0,0.0,false,0,0.000,0.2669,1653,18.7,true,true
Syracuse::lambgrayson,"Lamb, Grayson",Syracuse,ACC,2026,25,3,0,0,0,0,0,0,0.0,false,0,0.000,0.3730,1581,61.5,false,true
Syracuse::belldominic,"Bell, Dominic",Syracuse,ACC,2026,5,3,12,0,0,0,0,0,0.0,false,0,0.000,0.3633,1581,59,false,true
Syracuse::millerjackson,"Miller, Jackson",Syracuse,ACC,2026,8,3,137,0,0,0,0,0,0.0,false,0,0.000,0.2860,1581,28.1,true,true
Syracuse::alexandreguesly,"Alexandre, Guesly",Syracuse,ACC,2026,10,3,0,0,0,0,0,0,0.0,false,0,0.000,0.3730,1581,61.5,false,true
Syracuse::gainerreggie,"Gainer, Reggie",Syracuse,ACC,2026,16,3,0,0,0,0,0,0,0.0,false,0,0.000,0.3730,1581,61.5,false,true
Syracuse::patrickgalvezpablo,"Patrick-Galvez, Pablo",Syracuse,ACC,2026,23,3,17,0,0,0,0,0,0.0,false,0,0.000,0.3594,1581,57.8,false,true
Syracuse::holmangarrett,"Holman, Garrett",Syracuse,ACC,2026,27,3,253,0,0,0,0,0,0.0,false,0,0.000,0.2388,1581,7.2,true,true
Syracuse::olcottquinn,"Olcott, Quinn",Syracuse,ACC,2026,29,3,16,0,0,0,0,0,0.0,false,0,0.000,0.3602,1581,58,false,true
Iona::helgueraiker,"Helguera, Iker",Iona,Metro,2026,12,2,0,0,0,0,0,0,0.0,false,0,0.000,0.3730,1663,61.5,false,true
Iona::velasquezjero,"Velasquez, Jero",Iona,Metro,2026,31,2,0,0,0,0,0,0,0.0,false,0,0.000,0.3730,1663,61.5,false,true
Iona::garniermatias,"Garnier, Matias",Iona,Metro,2026,4,3,251,0,0,0,0,0,0.0,false,0,0.000,0.2395,1580,7.4,true,true
Iona::leitelucas,"Leite, Lucas",Iona,Metro,2026,14,2,0,0,0,0,0,0,0.0,false,0,0.000,0.3730,1663,61.5,false,true
Iona::mercierkaden,"Mercier, Kaden",Iona,Metro,2026,15,2,0,0,0,0,0,0,0.0,false,0,0.000,0.3730,1663,61.5,false,true
Iona::lindahnzidane,"Lindahn, Zidane",Iona,Metro,2026,16,2,0,0,0,0,0,0,0.0,false,0,0.000,0.3730,1663,61.5,false,true
Iona::wheelerquintanillanikolas,"Wheeler-Quintanilla, Nikolas",Iona,Metro,2026,18,3,26,0,0,0,0,0,0.0,false,0,0.000,0.3526,1580,56,false,true
Iona::figueroarudy,"Figueroa, Rudy",Iona,Metro,2026,19,2,21,0,0,0,0,0,0.0,false,0,0.000,0.3564,1663,57,false,true
Iona::connellbrooklyn,"Connell, Brooklyn",Iona,Metro,2026,22,2,0,0,0,0,0,0,0.0,false,0,0.000,0.3730,1663,61.5,false,true
Iona::lavistagino,"Lavista, Gino",Iona,Metro,2026,25,3,52,0,0,0,0,0,0.0,false,0,0.000,0.3344,1580,50.5,false,true
Iona::dasilvagabriel,"Dasilva, Gabriel",Iona,Metro,2026,26,2,0,0,0,0,0,0,0.0,false,0,0.000,0.3730,1663,61.5,false,true
Iona::krstulovicluka,"Krstulovic, Luka",Iona,Metro,2026,28,2,0,0,0,0,0,0,0.0,false,0,0.000,0.3730,1663,61.5,false,true
Iona::toberanatole,"Tober, Anatole",Iona,Metro,2026,29,3,41,0,0,0,0,0,0.0,false,0,0.000,0.3419,1580,52.5,false,true
Virginia::serafinodrew,"Serafino, Drew",Virginia,ACC,2026,22,4,99,0,0,0,0,0,0.0,false,0,0.000,0.3058,1616,39.8,true,true
Virginia::akwaboahjed,"Akwaboah, Jed",Virginia,ACC,2026,20,2,46,0,0,0,0,0,0.0,false,0,0.000,0.3384,1436,51.5,false,true
FGCU::sahnijai,"Sahni, Jai",FGCU,ASUN,2026,27,4,115,0,0,0,0,0,0.0,false,0,0.000,0.2971,1584,34.6,true,true
FGCU::tesfayeolyad,"Tesfaye, Olyad",FGCU,ASUN,2026,18,1,1,0,0,0,0,0,0.0,false,0,0.000,0.3722,1779,61.4,false,true
FGCU::baalbakimohammed,"Baalbaki, Mohammed",FGCU,ASUN,2026,6,4,271,0,0,0,0,0,0.0,false,0,0.000,0.2328,1584,4.5,true,true
FGCU::felixricardo,"Felix, Ricardo",FGCU,ASUN,2026,20,2,76,0,0,0,0,0,0.0,false,0,0.000,0.3191,1704,46.1,false,true
Bowling Green::schuttewill,"Schutte, Will",Bowling Green,Other / Non-D1,2026,28,2,0,0,0,0,0,0,0.0,false,0,0.000,0.3730,1447,61.5,false,false
Bowling Green::balljason,"Ball, Jason",Bowling Green,Other / Non-D1,2026,30,2,0,0,0,0,0,0,0.0,false,0,0.000,0.3730,1447,61.5,false,false
Bowling Green::degraffmarshall,"DeGraff, Marshall",Bowling Green,Other / Non-D1,2026,33,2,0,0,0,0,0,0,0.0,false,0,0.000,0.3730,1447,61.5,false,false
Bowling Green::mehicnamik,"Mehic, Namik",Bowling Green,Other / Non-D1,2026,7,2,0,0,0,0,0,0,0.0,false,0,0.000,0.3730,1447,61.5,false,false
Bowling Green::simsxavier,"Sims, Xavier",Bowling Green,Other / Non-D1,2026,13,2,13,0,0,0,0,0,0.0,false,0,0.000,0.3625,1447,58.7,false,false
Bowling Green::asantebright,"Asante, Bright",Bowling Green,Other / Non-D1,2026,14,2,0,0,0,0,0,0,0.0,false,0,0.000,0.3730,1447,61.5,false,false
Bowling Green::riossaul,"Rios, Saul",Bowling Green,Other / Non-D1,2026,17,2,0,0,0,0,0,0,0.0,false,0,0.000,0.3730,1447,61.5,false,false
Bowling Green::mossholderj,"Mossholder, J",Bowling Green,Other / Non-D1,2026,22,2,0,0,0,0,0,0,0.0,false,0,0.000,0.3730,1447,61.5,false,false
Bowling Green::meektomas,"Meek, Tomas",Bowling Green,Other / Non-D1,2026,23,2,0,0,0,0,0,0,0.0,false,0,0.000,0.3730,1447,61.5,false,false
Bowling Green::cissemouhamadoubachir,"Cisse, Mouhamadou Bachir",Bowling Green,Other / Non-D1,2026,27,3,43,0,0,0,0,0,0.0,false,0,0.000,0.3405,1433,52.2,false,false
Wake Forest::syrettquinn,"Syrett, Quinn",Wake Forest,ACC,2026,1,4,0,0,0,0,0,0,0.0,false,0,0.000,0.3730,1593,61.5,false,true
Wake Forest::barnettowen,"Barnett, Owen",Wake Forest,ACC,2026,30,4,0,0,0,0,0,0,0.0,false,0,0.000,0.3730,1593,61.5,false,true
Wake Forest::hadleymiles,"Hadley, Miles",Wake Forest,ACC,2026,2,4,0,0,0,0,0,0,0.0,false,0,0.000,0.3730,1593,61.5,false,true
Wake Forest::thomasamoni,"Thomas, Amoni",Wake Forest,ACC,2026,4,4,0,0,0,0,0,0,0.0,false,0,0.000,0.3730,1593,61.5,false,true
Wake Forest::currielorenze,"Currie, Lorenze",Wake Forest,ACC,2026,6,4,17,0,0,0,0,0,0.0,false,0,0.000,0.3594,1593,57.8,false,true
Wake Forest::mirandamarcos,"Miranda, Marcos",Wake Forest,ACC,2026,11,4,32,0,0,0,0,0,0.0,false,0,0.000,0.3483,1593,54.3,false,true
Wake Forest::torbicjoel,"Torbic, Joel",Wake Forest,ACC,2026,16,4,197,0,0,0,0,0,0.0,false,0,0.000,0.2594,1593,14,true,true
Wake Forest::batesonpierce,"Bateson, Pierce",Wake Forest,ACC,2026,17,4,0,0,0,0,0,0,0.0,false,0,0.000,0.3730,1593,61.5,false,true
Wake Forest::rosenfeldhenry,"Rosenfeld, Henry",Wake Forest,ACC,2026,18,4,94,0,0,0,0,0,0.0,false,0,0.000,0.3086,1593,41.6,true,true
Wake Forest::debahalfred,"Debah, Alfred",Wake Forest,ACC,2026,20,4,0,0,0,0,0,0,0.0,false,0,0.000,0.3730,1593,61.5,false,true
Wake Forest::tinsleynolan,"Tinsley, Nolan",Wake Forest,ACC,2026,22,4,0,0,0,0,0,0,0.0,false,0,0.000,0.3730,1593,61.5,false,true
Wake Forest::kirilenkoluke,"Kirilenko, Luke",Wake Forest,ACC,2026,25,4,10,0,0,0,0,0,0.0,false,0,0.000,0.3649,1593,59.3,false,true
Wake Forest::berkleycopeland,"Berkley, Copeland",Wake Forest,ACC,2026,27,4,205,0,0,0,0,0,0.0,false,0,0.000,0.2563,1593,12.8,true,true
George Washington::kolbysamy,"Kolby, Samy",George Washington,Atlantic 10,2026,6,3,206,0,0,0,0,0,0.0,false,0,0.000,0.2559,1426,12.5,true,true
George Washington::kellywill,"Kelly, Will",George Washington,Atlantic 10,2026,22,3,270,0,0,0,0,0,0.0,false,0,0.000,0.2331,1426,4.5,true,true
George Washington::penadiego,"Pena, Diego",George Washington,Atlantic 10,2026,30,1,90,0,0,0,0,0,0.0,false,0,0.000,0.3108,1492,43.1,false,true
George Washington::byromcarter,"Byrom, Carter",George Washington,Atlantic 10,2026,16,3,1,0,0,0,0,0,0.0,false,0,0.000,0.3722,1426,61.4,false,true
George Washington::cremaschisantiago,"Cremaschi, Santiago",George Washington,Atlantic 10,2026,31,1,13,0,0,0,0,0,0.0,false,0,0.000,0.3625,1492,58.7,false,true
UMBC::pollardjoe,"Pollard, Joe",UMBC,America East,2026,1,1,90,0,0,0,0,0,0.0,false,0,0.000,0.3108,1326,43.1,false,true
UMBC::ehartlogan,"Ehart, Logan",UMBC,America East,2026,24,2,90,0,0,0,0,0,0.0,false,0,0.000,0.3108,1286,43.1,false,true
UMBC::middletonjared,"Middleton, Jared",UMBC,America East,2026,15,2,113,0,0,0,0,0,0.0,false,0,0.000,0.2981,1286,35.3,true,true
UMBC::nesbittshea,"Nesbitt, Shea",UMBC,America East,2026,21,2,30,0,0,0,0,0,0.0,false,0,0.000,0.3497,1286,55,false,true
St. Thomas::staffordchris,"Stafford, Chris",St. Thomas,Summit,2026,2,1,77,0,0,0,0,0,0.0,false,0,0.000,0.3185,1501,45.9,false,true
St. Thomas::caferralucas,"Caferra, Lucas",St. Thomas,Summit,2026,3,1,61,0,0,0,0,0,0.0,false,0,0.000,0.3285,1501,48.8,false,true
St. Thomas::brazjuan,"Braz, Juan",St. Thomas,Summit,2026,4,1,54,0,0,0,0,0,0.0,false,0,0.000,0.3331,1501,50.2,false,true
St. Thomas::erkocuokan,"Erkocu, Okan",St. Thomas,Summit,2026,8,1,76,0,0,0,0,0,0.0,false,0,0.000,0.3191,1501,46.1,false,true
St. Thomas::heusserluca,"Heusser, Luca",St. Thomas,Summit,2026,11,1,70,0,0,0,0,0,0.0,false,0,0.000,0.3228,1501,47.5,false,true
St. Thomas::ramirezjulian,"Ramirez, Julian",St. Thomas,Summit,2026,15,1,61,0,0,0,0,0,0.0,false,0,0.000,0.3285,1501,48.8,false,true
St. Thomas::delgadoricardo,"Delgado, Ricardo",St. Thomas,Summit,2026,34,1,51,0,0,0,0,0,0.0,false,0,0.000,0.3350,1501,50.7,false,true
St. Thomas::leguillouoscar,"Le Guillou, Oscar",St. Thomas,Summit,2026,35,1,62,0,0,0,0,0,0.0,false,0,0.000,0.3278,1501,48.6,false,true
St. Thomas::fuentesmatias,"Fuentes, Matias",St. Thomas,Summit,2026,1,1,39,0,0,0,0,0,0.0,false,0,0.000,0.3433,1501,52.8,false,true
St. Thomas::tejedachristian,"Tejeda, Christian",St. Thomas,Summit,2026,6,1,14,0,0,0,0,0,0.0,false,0,0.000,0.3618,1501,58.5,false,true
St. Thomas::akpinarkerim,"Akpinar, Kerim",St. Thomas,Summit,2026,9,1,14,0,0,0,0,0,0.0,false,0,0.000,0.3618,1501,58.5,false,true
St. Thomas::dominguezmanuel,"Dominguez, Manuel",St. Thomas,Summit,2026,12,1,20,0,0,0,0,0,0.0,false,0,0.000,0.3571,1501,57.2,false,true
St. Thomas::barroslucas,"Barros, Lucas",St. Thomas,Summit,2026,13,1,20,0,0,0,0,0,0.0,false,0,0.000,0.3571,1501,57.2,false,true
St. Thomas::dimercuriolorenzo,"DiMercurio, Lorenzo",St. Thomas,Summit,2026,14,1,16,0,0,0,0,0,0.0,false,0,0.000,0.3602,1501,58,false,true
St. Thomas::caliskancihan,"Caliskan, Cihan",St. Thomas,Summit,2026,16,1,37,0,0,0,0,0,0.0,false,0,0.000,0.3447,1501,53.1,false,true
St. Thomas::aminiyule,"Amini, Yule",St. Thomas,Summit,2026,19,1,29,0,0,0,0,0,0.0,false,0,0.000,0.3504,1501,55.4,false,true
St. Thomas::henaosantiago,"Henao, Santiago",St. Thomas,Summit,2026,20,1,20,0,0,0,0,0,0.0,false,0,0.000,0.3571,1501,57.2,false,true
St. Thomas::maltsevstepan,"Maltsev, Stepan",St. Thomas,Summit,2026,24,1,14,0,0,0,0,0,0.0,false,0,0.000,0.3618,1501,58.5,false,true
St. Thomas::suarezbasalobautista,"Suarez Basalo, Bautista",St. Thomas,Summit,2026,30,1,29,0,0,0,0,0,0.0,false,0,0.000,0.3504,1501,55.4,false,true
FIU::ballantimichele,"Ballanti, Michele",FIU,American,2026,4,4,302,0,0,0,0,0,0.0,false,0,0.000,0.2232,1561,3.7,true,true
FIU::capicchionigabriel,"Capicchioni, Gabriel",FIU,American,2026,21,3,56,0,0,0,0,0,0.0,false,0,0.000,0.3317,1606,49.6,false,true
FIU::sanchezdiego,"Sanchez, Diego",FIU,American,2026,27,4,157,0,0,0,0,0,0.0,false,0,0.000,0.2765,1561,23,true,true
FIU::chacinskimikolaj,"Chacinski, Mikolaj",FIU,American,2026,12,2,16,0,0,0,0,0,0.0,false,0,0.000,0.3602,1602,58,false,true
FIU::sellwoodthomas,"Sellwood, Thomas",FIU,American,2026,16,3,22,0,0,0,0,0,0.0,false,0,0.000,0.3556,1606,56.9,false,true
Butler::boersmabrooks,"Boersma, Brooks",Butler,Big East,2026,1,4,360,0,0,0,0,0,0.0,false,0,0.000,0.2072,1510,1.7,true,true
Butler::metzjameson,"Metz, Jameson",Butler,Big East,2026,30,1,0,0,0,0,0,0,0.0,false,0,0.000,0.3730,1499,61.5,false,true
Butler::esmanechinigo,"Esmanech, Inigo",Butler,Big East,2026,32,1,0,0,0,0,0,0,0.0,false,0,0.000,0.3730,1499,61.5,false,true
Butler::muckridgeevan,"Muckridge, Evan",Butler,Big East,2026,3,4,171,0,0,0,0,0,0.0,false,0,0.000,0.2703,1510,20.2,true,true
Butler::higginsonkiel,"Higginson, Kiel",Butler,Big East,2026,5,4,360,0,0,0,0,0,0.0,false,0,0.000,0.2072,1510,1.7,true,true
Butler::efunehaato,"Efune, Haato",Butler,Big East,2026,6,4,235,0,0,0,0,0,0.0,false,0,0.000,0.2450,1510,9.4,true,true
Butler::rasoluca,"Raso, Luca",Butler,Big East,2026,7,4,235,0,0,0,0,0,0.0,false,0,0.000,0.2450,1510,9.4,true,true
Butler::hosiercharlie,"Hosier, Charlie",Butler,Big East,2026,14,4,50,0,0,0,0,0,0.0,false,0,0.000,0.3357,1510,50.8,false,true
Butler::popekai,"Pope, Kai",Butler,Big East,2026,15,1,0,0,0,0,0,0,0.0,false,0,0.000,0.3730,1499,61.5,false,true
Butler::boscloukent,"Bosc, Lou-Kent",Butler,Big East,2026,17,2,53,0,0,0,0,0,0.0,false,0,0.000,0.3337,1450,50.4,false,true
Butler::lindseytrent,"Lindsey, Trent",Butler,Big East,2026,19,2,56,0,0,0,0,0,0.0,false,0,0.000,0.3317,1640,49.6,false,true
Butler::benyrbraden,"Benyr, Braden",Butler,Big East,2026,23,4,314,0,0,0,0,0,0.0,false,0,0.000,0.2197,1510,3.2,true,true
Butler::crismalechace,"Crismale, Chace",Butler,Big East,2026,24,3,220,0,0,0,0,0,0.0,false,0,0.000,0.2505,1546,11.1,true,true
Butler::sullivanhudson,"Sullivan, Hudson",Butler,Big East,2026,25,2,63,0,0,0,0,0,0.0,false,0,0.000,0.3272,1450,48.5,false,true
Butler::juareznikolas,"Juarez, Nikolas",Butler,Big East,2026,26,1,0,0,0,0,0,0,0.0,false,0,0.000,0.3730,1499,61.5,false,true
Memphis::haddadlogan,"Haddad, Logan",Memphis,American,2026,0,4,0,0,0,0,0,0,0.0,false,0,0.000,0.3730,1549,61.5,false,true
Memphis::christensenmathias,"Christensen, Mathias",Memphis,American,2026,1,4,0,0,0,0,0,0,0.0,false,0,0.000,0.3730,1549,61.5,false,true
Memphis::oumamasszackarya,"Oumamass, Zackarya",Memphis,American,2026,2,4,38,0,0,0,0,0,0.0,false,0,0.000,0.3440,1549,53,false,true
Memphis::sanghadaman,"Sangha, Daman",Memphis,American,2026,3,4,0,0,0,0,0,0,0.0,false,0,0.000,0.3730,1549,61.5,false,true
Memphis::peruzalessandro,"Peruz, Alessandro",Memphis,American,2026,18,4,0,0,0,0,0,0,0.0,false,0,0.000,0.3730,1549,61.5,false,true
Memphis::escamillaignacio,"Escamilla, Ignacio",Memphis,American,2026,19,4,0,0,0,0,0,0,0.0,false,0,0.000,0.3730,1549,61.5,false,true
Memphis::owensjoshua,"Owens, Joshua",Memphis,American,2026,20,4,18,0,0,0,0,0,0.0,false,0,0.000,0.3587,1549,57.6,false,true
Memphis::mcintyrearlo,"McIntyre, Arlo",Memphis,American,2026,23,4,0,0,0,0,0,0,0.0,false,0,0.000,0.3730,1549,61.5,false,true
Memphis::piccolottochristian,"Piccolotto, Christian",Memphis,American,2026,27,4,0,0,0,0,0,0,0.0,false,0,0.000,0.3730,1549,61.5,false,true
Memphis::tokishijin,"Tokishi, Jin",Memphis,American,2026,30,4,125,0,0,0,0,0,0.0,false,0,0.000,0.2919,1549,31.8,true,true
Memphis::edgecombereuben,"Edgecombe, Reuben",Memphis,American,2026,34,4,0,0,0,0,0,0,0.0,false,0,0.000,0.3730,1549,61.5,false,true
Tulsa::goreckisebastian,"Gorecki, Sebastian",Tulsa,American,2026,1,4,0,0,0,0,0,0,0.0,false,0,0.000,0.3730,1486,61.5,false,true
Tulsa::klamserharrison,"Klamser, Harrison",Tulsa,American,2026,30,4,0,0,0,0,0,0,0.0,false,0,0.000,0.3730,1486,61.5,false,true
Tulsa::pareekdruv,"Pareek, Druv",Tulsa,American,2026,3,4,84,0,0,0,0,0,0.0,false,0,0.000,0.3143,1486,44.2,false,true
Tulsa::christeyquentin,"Christey, Quentin",Tulsa,American,2026,8,4,0,0,0,0,0,0,0.0,false,0,0.000,0.3730,1486,61.5,false,true
Tulsa::armendarizpeleg,"Armendariz, Peleg",Tulsa,American,2026,10,4,64,0,0,0,0,0,0.0,false,0,0.000,0.3266,1486,48.4,false,true
Tulsa::gamboadani,"Gamboa, Dani",Tulsa,American,2026,13,4,0,0,0,0,0,0,0.0,false,0,0.000,0.3730,1486,61.5,false,true
Tulsa::mejiajareth,"Mejia, Jareth",Tulsa,American,2026,14,4,86,0,0,0,0,0,0.0,false,0,0.000,0.3132,1486,43.8,false,true
Tulsa::medinabruno,"Medina, Bruno",Tulsa,American,2026,15,4,45,0,0,0,0,0,0.0,false,0,0.000,0.3391,1486,51.8,false,true
Tulsa::williamschaz,"Williams, Chaz",Tulsa,American,2026,16,4,63,0,0,0,0,0,0.0,false,0,0.000,0.3272,1486,48.5,false,true
Tulsa::cassarluke,"Cassar, Luke",Tulsa,American,2026,20,4,20,0,0,0,0,0,0.0,false,0,0.000,0.3571,1486,57.2,false,true
Tulsa::stevensdanny,"Stevens, Danny",Tulsa,American,2026,22,4,0,0,0,0,0,0,0.0,false,0,0.000,0.3730,1486,61.5,false,true
Tulsa::stoklaspatrick,"Stoklas, Patrick",Tulsa,American,2026,26,4,111,0,0,0,0,0,0.0,false,0,0.000,0.2992,1486,36,true,true
Tulsa::mcintoshian,"McIntosh, Ian",Tulsa,American,2026,27,4,180,0,0,0,0,0,0.0,false,0,0.000,0.2664,1486,16.6,true,true
Creighton::brooksclayton,"Brooks, Clayton",Creighton,Big East,2026,24,3,0,0,0,0,0,0,0.0,false,0,0.000,0.3730,1567,61.5,false,true
Creighton::frintandreas,"Frint, Andreas",Creighton,Big East,2026,33,3,0,0,0,0,0,0,0.0,false,0,0.000,0.3730,1567,61.5,false,true
Creighton::johnsoncaden,"Johnson, Caden",Creighton,Big East,2026,5,3,0,0,0,0,0,0,0.0,false,0,0.000,0.3730,1567,61.5,false,true
Creighton::cavalcantelucas,"Cavalcante, Lucas",Creighton,Big East,2026,6,4,327,0,0,0,0,0,0.0,false,0,0.000,0.2160,1554,2.8,true,true
Creighton::albertmario,"Albert, Mario",Creighton,Big East,2026,15,3,0,0,0,0,0,0,0.0,false,0,0.000,0.3730,1567,61.5,false,true
Creighton::sappletonspencer,"Sappleton, Spencer",Creighton,Big East,2026,21,4,61,0,0,0,0,0,0.0,false,0,0.000,0.3285,1554,48.8,false,true
Creighton::westlingpeter,"Westling, Peter",Creighton,Big East,2026,25,3,0,0,0,0,0,0,0.0,false,0,0.000,0.3730,1567,61.5,false,true
Creighton::kokoszkatristan,"Kokoszka, Tristan",Creighton,Big East,2026,26,3,0,0,0,0,0,0,0.0,false,0,0.000,0.3730,1567,61.5,false,true
Creighton::munnconnor,"Munn, Connor",Creighton,Big East,2026,28,4,25,0,0,0,0,0,0.0,false,0,0.000,0.3534,1554,56.2,false,true
Mercer::rothmichael,"Roth, Michael",Mercer,Southern,2026,0,3,0,0,0,0,0,0,0.0,false,0,0.000,0.3730,1565,61.5,false,true
Mercer::ruzzokellen,"Ruzzo, Kellen",Mercer,Southern,2026,22,3,0,0,0,0,0,0,0.0,false,0,0.000,0.3730,1565,61.5,false,true
Mercer::thambweanthony,"Thambwe, Anthony",Mercer,Southern,2026,5,3,0,0,0,0,0,0,0.0,false,0,0.000,0.3730,1565,61.5,false,true
Mercer::masamunamanza,"Masamuna, Manza",Mercer,Southern,2026,6,4,185,0,0,0,0,0,0.0,false,0,0.000,0.2643,1548,15.8,true,true
Mercer::awetimi,"Awe, Timi",Mercer,Southern,2026,14,4,6,0,0,0,0,0,0.0,false,0,0.000,0.3681,1548,60.1,false,true
Mercer::manzellaethan,"Manzella, Ethan",Mercer,Southern,2026,15,3,92,0,0,0,0,0,0.0,false,0,0.000,0.3097,1565,42.4,true,true
Mercer::economopoulosdominic,"Economopoulos, Dominic",Mercer,Southern,2026,18,3,0,0,0,0,0,0,0.0,false,0,0.000,0.3730,1565,61.5,false,true
Mercer::parkmanmackane,"Parkman, Mackane",Mercer,Southern,2026,23,4,114,0,0,0,0,0,0.0,false,0,0.000,0.2976,1548,35,true,true
Mercer::nwokachuba,"Nwoka, Chuba",Mercer,Southern,2026,24,3,0,0,0,0,0,0,0.0,false,0,0.000,0.3730,1565,61.5,false,true
Mercer::bishopryder,"Bishop, Ryder",Mercer,Southern,2026,25,3,75,0,0,0,0,0,0.0,false,0,0.000,0.3197,1565,46.3,false,true
Mercer::brightnoah,"Bright, Noah",Mercer,Southern,2026,28,4,159,0,0,0,0,0,0.0,false,0,0.000,0.2756,1548,22.6,true,true
Mercer::haligasflint,"Haligas, Flint",Mercer,Southern,2026,29,4,166,0,0,0,0,0,0.0,false,0,0.000,0.2725,1548,21,true,true
Mercer::andersonrune,"Anderson, Rune",Mercer,Southern,2026,30,3,0,0,0,0,0,0,0.0,false,0,0.000,0.3730,1565,61.5,false,true
UAB::ahlersnoah,"Ahlers, Noah",UAB,American,2026,13,3,0,0,0,0,0,0,0.0,false,0,0.000,0.3730,1394,61.5,false,true
UAB::despongbennett,"De Spong, Bennett",UAB,American,2026,29,3,0,0,0,0,0,0,0.0,false,0,0.000,0.3730,1394,61.5,false,true
UAB::marlowbrock,"Marlow, Brock",UAB,American,2026,30,3,0,0,0,0,0,0,0.0,false,0,0.000,0.3730,1394,61.5,false,true
UAB::pusbacktim,"Pusback, Tim",UAB,American,2026,5,3,270,0,0,0,0,0,0.0,false,0,0.000,0.2331,1394,4.5,true,true
UAB::quevedodiego,"Quevedo, Diego",UAB,American,2026,6,3,19,0,0,0,0,0,0.0,false,0,0.000,0.3579,1394,57.4,false,true
UAB::wanzernoah,"Wanzer, Noah",UAB,American,2026,12,3,50,0,0,0,0,0,0.0,false,0,0.000,0.3357,1394,50.8,false,true
UAB::rushjohnny,"Rush, Johnny",UAB,American,2026,15,3,0,0,0,0,0,0,0.0,false,0,0.000,0.3730,1394,61.5,false,true
UAB::pikebrody,"Pike, Brody",UAB,American,2026,17,3,43,0,0,0,0,0,0.0,false,0,0.000,0.3405,1394,52.2,false,true
UAB::vallejojustin,"Vallejo, Justin",UAB,American,2026,18,3,0,0,0,0,0,0,0.0,false,0,0.000,0.3730,1394,61.5,false,true
UAB::martinguillermo,"Martin, Guillermo",UAB,American,2026,19,3,0,0,0,0,0,0,0.0,false,0,0.000,0.3730,1394,61.5,false,true
UAB::thompsoncamren,"Thompson, Camren",UAB,American,2026,20,3,2,0,0,0,0,0,0.0,false,0,0.000,0.3714,1394,61.2,false,true
UAB::alexanderluke,"Alexander, Luke",UAB,American,2026,22,3,0,0,0,0,0,0,0.0,false,0,0.000,0.3730,1394,61.5,false,true
UAB::grubeleon,"Grube, Leon",UAB,American,2026,23,3,34,0,0,0,0,0,0.0,false,0,0.000,0.3468,1394,53.9,false,true
UAB::tasselled,"Tassell, Ed",UAB,American,2026,26,3,0,0,0,0,0,0,0.0,false,0,0.000,0.3730,1394,61.5,false,true
Purdue Fort Wayne::antcliffaidan,"Antcliff, Aidan",Purdue Fort Wayne,Horizon,2026,3,2,180,0,0,0,0,0,0.0,false,0,0.000,0.2664,1566,16.6,true,true
Purdue Fort Wayne::titteringtonmax,"Titterington, Max",Purdue Fort Wayne,Horizon,2026,4,2,94,0,0,0,0,0,0.0,false,0,0.000,0.3086,1566,41.6,true,true
Purdue Fort Wayne::agyekumchristian,"Agyekum, Christian",Purdue Fort Wayne,Horizon,2026,7,2,93,0,0,0,0,0,0.0,false,0,0.000,0.3091,1566,41.9,true,true
Purdue Fort Wayne::hernandezjonny,"Hernandez, Jonny",Purdue Fort Wayne,Horizon,2026,8,2,169,0,0,0,0,0,0.0,false,0,0.000,0.2712,1566,20.7,true,true
Purdue Fort Wayne::lileyjackson,"Liley, Jackson",Purdue Fort Wayne,Horizon,2026,11,2,61,0,0,0,0,0,0.0,false,0,0.000,0.3285,1566,48.8,false,true
Purdue Fort Wayne::martsinkovskymarko,"Martsinkovsky, Marko",Purdue Fort Wayne,Horizon,2026,12,2,79,0,0,0,0,0,0.0,false,0,0.000,0.3173,1566,45.5,false,true
Purdue Fort Wayne::escobedojonathan,"Escobedo, Jonathan",Purdue Fort Wayne,Horizon,2026,14,2,6,0,0,0,0,0,0.0,false,0,0.000,0.3681,1566,60.1,false,true
Purdue Fort Wayne::raileyfinnegan,"Railey, Finnegan",Purdue Fort Wayne,Horizon,2026,23,2,48,0,0,0,0,0,0.0,false,0,0.000,0.3371,1566,51.1,false,true
Purdue Fort Wayne::grahambenjamin,"Graham, Benjamin",Purdue Fort Wayne,Horizon,2026,24,2,78,0,0,0,0,0,0.0,false,0,0.000,0.3179,1566,45.7,false,true
Purdue Fort Wayne::zambranojulian,"Zambrano, Julian",Purdue Fort Wayne,Horizon,2026,25,2,42,0,0,0,0,0,0.0,false,0,0.000,0.3412,1566,52.3,false,true
Dayton::inkpensantino,"Inkpen, Santino",Dayton,Atlantic 10,2026,27,3,270,0,0,0,0,0,0.0,false,0,0.000,0.2331,1420,4.5,true,true
Saint Joseph's::avelardiego,"Avelar, Diego",Saint Joseph's,Atlantic 10,2026,3,3,270,0,0,0,0,0,0.0,false,0,0.000,0.2331,1255,4.5,true,true
Mount St. Mary's::collinsryan,"Collins, Ryan",Mount St. Mary's,Metro,2026,1,2,180,0,0,0,0,0,0.0,false,0,0.000,0.2664,1428,16.6,true,true
Mount St. Mary's::joergensenoliver,"Joergensen, Oliver",Mount St. Mary's,Metro,2026,2,2,135,0,0,0,0,0,0.0,false,0,0.000,0.2869,1428,28.6,true,true
Mount St. Mary's::kaisernoah,"Kaiser, Noah",Mount St. Mary's,Metro,2026,5,2,180,0,0,0,0,0,0.0,false,0,0.000,0.2664,1428,16.6,true,true
Mount St. Mary's::fanellianthony,"Fanelli, Anthony",Mount St. Mary's,Metro,2026,6,2,107,0,0,0,0,0,0.0,false,0,0.000,0.3014,1428,37.3,true,true
Mount St. Mary's::salvadorjayson,"Salvador, Jayson",Mount St. Mary's,Metro,2026,12,2,123,0,0,0,0,0,0.0,false,0,0.000,0.2929,1428,32.6,true,true
Mount St. Mary's::romerosonessonleomikaeldavid,"Romero Sonesson, Leo Mikael David",Mount St. Mary's,Metro,2026,21,2,102,0,0,0,0,0,0.0,false,0,0.000,0.3041,1428,38.8,true,true
Mount St. Mary's::dixthomas,"Dix, Thomas",Mount St. Mary's,Metro,2026,24,2,102,0,0,0,0,0,0.0,false,0,0.000,0.3041,1428,38.8,true,true
Wisconsin::shriversluke,"Shrivers, Luke",Wisconsin,Big Ten,2026,1,4,0,0,0,0,0,0,0.0,false,0,0.000,0.3730,1482,61.5,false,true
Wisconsin::smithcharlie,"Smith, Charlie",Wisconsin,Big Ten,2026,33,4,0,0,0,0,0,0,0.0,false,0,0.000,0.3730,1482,61.5,false,true
Wisconsin::kaemmererrobert,"Kaemmerer, Robert",Wisconsin,Big Ten,2026,2,4,65,0,0,0,0,0,0.0,false,0,0.000,0.3259,1482,48.2,false,true
Wisconsin::berghauerryan,"Berghauer, Ryan",Wisconsin,Big Ten,2026,5,4,16,0,0,0,0,0,0.0,false,0,0.000,0.3602,1482,58,false,true
Wisconsin::greenaden,"Green, Aden",Wisconsin,Big Ten,2026,6,4,16,0,0,0,0,0,0.0,false,0,0.000,0.3602,1482,58,false,true
Wisconsin::salazarchristopher,"Salazar, Christopher",Wisconsin,Big Ten,2026,7,4,22,0,0,0,0,0,0.0,false,0,0.000,0.3556,1482,56.9,false,true
Wisconsin::banksjulian,"Banks, Julian",Wisconsin,Big Ten,2026,12,4,5,0,0,0,0,0,0.0,false,0,0.000,0.3689,1482,60.3,false,true
Wisconsin::vanmolarien,"van Mol, Arien",Wisconsin,Big Ten,2026,13,1,45,0,0,0,0,0,0.0,false,0,0.000,0.3391,1503,51.8,false,true
Wisconsin::ortweinemory,"Ortwein, Emory",Wisconsin,Big Ten,2026,15,4,5,0,0,0,0,0,0.0,false,0,0.000,0.3689,1482,60.3,false,true
Wisconsin::baczewskidominik,"Baczewski, Dominik",Wisconsin,Big Ten,2026,18,4,60,0,0,0,0,0,0.0,false,0,0.000,0.3291,1482,48.9,false,true
Wisconsin::chavezandrew,"Chavez, Andrew",Wisconsin,Big Ten,2026,28,4,0,0,0,0,0,0,0.0,false,0,0.000,0.3730,1482,61.5,false,true
Marquette::enghviktor,"Engh, Viktor",Marquette,Big East,2026,30,4,0,0,0,0,0,0,0.0,false,0,0.000,0.3730,1473,61.5,false,true
Marquette::salumrenan,"Salum, Renan",Marquette,Big East,2026,31,4,0,0,0,0,0,0,0.0,false,0,0.000,0.3730,1473,61.5,false,true
Marquette::slawinskiwill,"Slawinski, Will",Marquette,Big East,2026,32,4,0,0,0,0,0,0,0.0,false,0,0.000,0.3730,1473,61.5,false,true
Marquette::liljedahledvard,"Liljedahl, Edvard",Marquette,Big East,2026,2,4,13,0,0,0,0,0,0.0,false,0,0.000,0.3625,1473,58.7,false,true
Marquette::peharrio,"Pehar, Rio",Marquette,Big East,2026,3,4,7,0,0,0,0,0,0.0,false,0,0.000,0.3673,1473,59.8,false,true
Marquette::fotlandandreas,"Fotland, Andreas",Marquette,Big East,2026,4,4,354,0,0,0,0,0,0.0,false,0,0.000,0.2088,1473,2.3,true,true
Marquette::rnnestadstevenstristan,"Rønnestad-Stevens, Tristan",Marquette,Big East,2026,5,4,360,0,0,0,0,0,0.0,false,0,0.000,0.2072,1473,1.7,true,true
Marquette::hoardpeyton,"Hoard, Peyton",Marquette,Big East,2026,8,4,6,0,0,0,0,0,0.0,false,0,0.000,0.3681,1473,60.1,false,true
Marquette::hackenkido,"Hackå, Enkido",Marquette,Big East,2026,10,4,0,0,0,0,0,0,0.0,false,0,0.000,0.3730,1473,61.5,false,true
Marquette::watkinsgabe,"Watkins, Gabe",Marquette,Big East,2026,13,4,255,0,0,0,0,0,0.0,false,0,0.000,0.2381,1473,7.1,true,true
Marquette::siemionkodavid,"Siemionko, David",Marquette,Big East,2026,14,4,112,0,0,0,0,0,0.0,false,0,0.000,0.2987,1473,35.6,true,true
Marquette::firsdominic,"Firs, Dominic",Marquette,Big East,2026,15,4,0,0,0,0,0,0,0.0,false,0,0.000,0.3730,1473,61.5,false,true
Marquette::monrealherrerajonathan,"Monreal-Herrera, Jonathan",Marquette,Big East,2026,17,4,0,0,0,0,0,0,0.0,false,0,0.000,0.3730,1473,61.5,false,true
Marquette::wandschneiderjack,"Wandschneider, Jack",Marquette,Big East,2026,18,4,0,0,0,0,0,0,0.0,false,0,0.000,0.3730,1473,61.5,false,true
Marquette::massonfelix,"Masson, Felix",Marquette,Big East,2026,19,4,0,0,0,0,0,0,0.0,false,0,0.000,0.3730,1473,61.5,false,true
Marquette::nwankwochidube,"Nwankwo, Chidube",Marquette,Big East,2026,26,4,25,0,0,0,0,0,0.0,false,0,0.000,0.3534,1473,56.2,false,true
Marquette::torrezhudson,"Torrez, Hudson",Marquette,Big East,2026,11,4,106,0,0,0,0,0,0.0,false,0,0.000,0.3019,1473,37.6,true,true
Marquette::amondryan,"Amond, Ryan",Marquette,Big East,2026,27,4,124,0,0,0,0,0,0.0,false,0,0.000,0.2924,1473,32.2,true,true
Marquette::cahillliam,"Cahill, Liam",Marquette,Big East,2026,28,4,1,0,0,0,0,0,0.0,false,0,0.000,0.3722,1473,61.4,false,true
Providence::tuckeraiden,"Tucker, Aiden",Providence,Big East,2026,25,4,0,0,0,0,0,0,0.0,false,0,0.000,0.3730,1452,61.5,false,true
Providence::kneistino,"Kneis, Tino",Providence,Big East,2026,30,4,0,0,0,0,0,0,0.0,false,0,0.000,0.3730,1452,61.5,false,true
Providence::sobtikaran,"Sobti, Karan",Providence,Big East,2026,31,4,0,0,0,0,0,0,0.0,false,0,0.000,0.3730,1452,61.5,false,true
Providence::morelian,"Morel, Ian",Providence,Big East,2026,3,4,360,0,0,0,0,0,0.0,false,0,0.000,0.2072,1452,1.7,true,true
Providence::marshallbrandon,"Marshall, Brandon",Providence,Big East,2026,5,4,170,0,0,0,0,0,0.0,false,0,0.000,0.2707,1452,20.3,true,true
Providence::gutierrezluis,"Gutierrez, Luis",Providence,Big East,2026,12,4,0,0,0,0,0,0,0.0,false,0,0.000,0.3730,1452,61.5,false,true
Providence::ciampagiuseppe,"Ciampa, Giuseppe",Providence,Big East,2026,13,4,97,0,0,0,0,0,0.0,false,0,0.000,0.3069,1452,40.6,true,true
Providence::vellamichael,"Vella, Michael",Providence,Big East,2026,14,4,0,0,0,0,0,0,0.0,false,0,0.000,0.3730,1452,61.5,false,true
Providence::tsourostommy,"Tsouros, Tommy",Providence,Big East,2026,15,4,10,0,0,0,0,0,0.0,false,0,0.000,0.3649,1452,59.3,false,true
Providence::kleinjack,"Klein, Jack",Providence,Big East,2026,16,4,0,0,0,0,0,0,0.0,false,0,0.000,0.3730,1452,61.5,false,true
Providence::eljamalkarim,"Eljamal, Karim",Providence,Big East,2026,18,4,30,0,0,0,0,0,0.0,false,0,0.000,0.3497,1452,55,false,true
Providence::solisgabriel,"Solis, Gabriel",Providence,Big East,2026,19,4,0,0,0,0,0,0,0.0,false,0,0.000,0.3730,1452,61.5,false,true
Providence::sladejack,"Slade, Jack",Providence,Big East,2026,22,4,2,0,0,0,0,0,0.0,false,0,0.000,0.3714,1452,61.2,false,true
Providence::garciaadrian,"Garcia, Adrian",Providence,Big East,2026,27,4,17,0,0,0,0,0,0.0,false,0,0.000,0.3594,1452,57.8,false,true
Boston University::clavierwilliam,"Clavier, William",Boston University,Patriot,2026,0,2,0,0,0,0,0,0,0.0,false,0,0.000,0.3730,1666,61.5,false,true
Boston University::bonoschristopher,"Bonos, Christopher",Boston University,Patriot,2026,29,1,0,0,0,0,0,0,0.0,false,0,0.000,0.3730,1598,61.5,false,true
Boston University::kobanejacob,"Kobane, Jacob",Boston University,Patriot,2026,3,3,118,0,0,0,0,0,0.0,false,0,0.000,0.2955,1583,33.8,true,true
Boston University::reinharthenry,"Reinhart, Henry",Boston University,Patriot,2026,5,3,56,0,0,0,0,0,0.0,false,0,0.000,0.3317,1583,49.6,false,true
Boston University::knightsebastian,"Knight, Sebastian",Boston University,Patriot,2026,21,3,26,0,0,0,0,0,0.0,false,0,0.000,0.3526,1583,56,false,true
Boston University::cooperquinn,"Cooper, Quinn",Boston University,Patriot,2026,23,2,0,0,0,0,0,0,0.0,false,0,0.000,0.3730,1666,61.5,false,true
Boston University::zacariasjason,"Zacarias, Jason",Boston University,Patriot,2026,26,2,0,0,0,0,0,0,0.0,false,0,0.000,0.3730,1666,61.5,false,true
Boston University::mobrayaustin,"Mobray, Austin",Boston University,Patriot,2026,27,3,166,0,0,0,0,0,0.0,false,0,0.000,0.2725,1583,21,true,true
Boston University::abaikeke,"Abai, Keke",Boston University,Patriot,2026,28,3,104,0,0,0,0,0,0.0,false,0,0.000,0.3030,1583,38.1,true,true
Boston University::turlettimateo,"Turletti, Mateo",Boston University,Patriot,2026,30,3,139,0,0,0,0,0,0.0,false,0,0.000,0.2850,1583,27.5,true,true
Boston University::kunarkaelen,"Kunar, Kaelen",Boston University,Patriot,2026,31,2,49,0,0,0,0,0,0.0,false,0,0.000,0.3364,1666,51.1,false,true
Boston University::benzanhayes,"Benzan, Hayes",Boston University,Patriot,2026,32,2,14,0,0,0,0,0,0.0,false,0,0.000,0.3618,1666,58.5,false,true
Boston University::greenblattjonah,"Greenblatt, Jonah",Boston University,Patriot,2026,33,3,90,0,0,0,0,0,0.0,false,0,0.000,0.3108,1583,43.1,false,true
Northwestern::bosshardtjude,"Bosshardt, Jude",Northwestern,Big Ten,2026,27,1,0,0,0,0,0,0,0.0,false,0,0.000,0.3730,1489,61.5,false,true
Northwestern::rosenthalisaac,"Rosenthal, Isaac",Northwestern,Big Ten,2026,32,1,0,0,0,0,0,0,0.0,false,0,0.000,0.3730,1489,61.5,false,true
Northwestern::naganosam,"Nagano, Sam",Northwestern,Big Ten,2026,2,1,0,0,0,0,0,0,0.0,false,0,0.000,0.3730,1489,61.5,false,true
Northwestern::bulowskidalton,"Bulowski, Dalton",Northwestern,Big Ten,2026,4,1,0,0,0,0,0,0,0.0,false,0,0.000,0.3730,1489,61.5,false,true
Northwestern::pfrommerjosue,"Pfrommer, Josue",Northwestern,Big Ten,2026,5,2,44,0,0,0,0,0,0.0,false,0,0.000,0.3398,1516,52,false,true
Northwestern::smythgabriel,"Smyth, Gabriel",Northwestern,Big Ten,2026,8,2,95,0,0,0,0,0,0.0,false,0,0.000,0.3080,1516,41.1,true,true
Northwestern::nakoloethan,"Nakolo, Ethan",Northwestern,Big Ten,2026,9,2,52,0,0,0,0,0,0.0,false,0,0.000,0.3344,1516,50.5,false,true
Northwestern::jallowomar,"Jallow, Omar",Northwestern,Big Ten,2026,12,1,0,0,0,0,0,0,0.0,false,0,0.000,0.3730,1489,61.5,false,true
Northwestern::omoobasroy,"Omo-Obas, Roy",Northwestern,Big Ten,2026,14,4,28,0,0,0,0,0,0.0,false,0,0.000,0.3512,1482,55.6,false,true
Northwestern::volmarfritz,"Volmar, Fritz",Northwestern,Big Ten,2026,19,4,360,0,0,0,0,0,0.0,false,0,0.000,0.2072,1482,1.7,true,true
Northwestern::baergavin,"Baer, Gavin",Northwestern,Big Ten,2026,20,1,0,0,0,0,0,0,0.0,false,0,0.000,0.3730,1489,61.5,false,true
Northwestern::spatzekjames,"Spatzek, James",Northwestern,Big Ten,2026,21,1,0,0,0,0,0,0,0.0,false,0,0.000,0.3730,1489,61.5,false,true
Northwestern::oneillaidan,"O'Neill, Aidan",Northwestern,Big Ten,2026,22,1,4,0,0,0,0,0,0.0,false,0,0.000,0.3697,1489,60.5,false,true
Northwestern::hornikkevin,"Hornik, Kevin",Northwestern,Big Ten,2026,24,1,0,0,0,0,0,0,0.0,false,0,0.000,0.3730,1489,61.5,false,true
Northwestern::toroluca,"Toro, Luca",Northwestern,Big Ten,2026,28,1,4,0,0,0,0,0,0.0,false,0,0.000,0.3697,1489,60.5,false,true
Xavier::nowakaustin,"Nowak, Austin",Xavier,Big East,2026,0,2,0,0,0,0,0,0,0.0,false,0,0.000,0.3730,1524,61.5,false,true
Xavier::laraccavictor,"Laracca, Victor",Xavier,Big East,2026,30,2,0,0,0,0,0,0,0.0,false,0,0.000,0.3730,1524,61.5,false,true
Xavier::barnescharles,"Barnes, Charles",Xavier,Big East,2026,31,2,0,0,0,0,0,0,0.0,false,0,0.000,0.3730,1524,61.5,false,true
Xavier::cousinoreece,"Cousino, Reece",Xavier,Big East,2026,2,2,37,0,0,0,0,0,0.0,false,0,0.000,0.3447,1524,53.1,false,true
Xavier::tesilimiajmal,"Tesilimi, Ajmal",Xavier,Big East,2026,4,2,0,0,0,0,0,0,0.0,false,0,0.000,0.3730,1524,61.5,false,true
Xavier::trickettnathan,"Trickett, Nathan",Xavier,Big East,2026,7,3,270,0,0,0,0,0,0.0,false,0,0.000,0.2331,1504,4.5,true,true
Xavier::cottafred,"Cotta, Fred",Xavier,Big East,2026,8,2,0,0,0,0,0,0,0.0,false,0,0.000,0.3730,1524,61.5,false,true
Xavier::bakaranharun,"Bakaran,  Harun",Xavier,Big East,2026,9,2,0,0,0,0,0,0,0.0,false,0,0.000,0.3730,1524,61.5,false,true
Xavier::fitzgeraldcristiano,"Fitzgerald, Cristiano",Xavier,Big East,2026,10,2,2,0,0,0,0,0,0.0,false,0,0.000,0.3714,1524,61.2,false,true
Xavier::clinejoshua,"Cline, Joshua",Xavier,Big East,2026,12,2,53,0,0,0,0,0,0.0,false,0,0.000,0.3337,1524,50.4,false,true
Xavier::vaageyves,"Vaage, Yves",Xavier,Big East,2026,13,2,6,0,0,0,0,0,0.0,false,0,0.000,0.3681,1524,60.1,false,true
Xavier::wayoroimmanuel,"Wayoro, Immanuel",Xavier,Big East,2026,14,3,21,0,0,0,0,0,0.0,false,0,0.000,0.3564,1504,57,false,true
Xavier::fitzgeraldjulian,"Fitzgerald, Julian",Xavier,Big East,2026,15,2,0,0,0,0,0,0,0.0,false,0,0.000,0.3730,1524,61.5,false,true
Xavier::ruffinellison,"Ruffin, Ellison",Xavier,Big East,2026,24,2,0,0,0,0,0,0,0.0,false,0,0.000,0.3730,1524,61.5,false,true
Xavier::lipptyson,"Lipp, Tyson",Xavier,Big East,2026,25,2,0,0,0,0,0,0,0.0,false,0,0.000,0.3730,1524,61.5,false,true
Xavier::wykethomas,"Wyke, Thomas",Xavier,Big East,2026,26,2,0,0,0,0,0,0,0.0,false,0,0.000,0.3730,1524,61.5,false,true
Presbyterian::anabtawisaed,"Anabtawi, Saed",Presbyterian,Big South,2026,1,3,270,0,0,0,0,0,0.0,false,0,0.000,0.2331,1215,4.5,true,true
Presbyterian::cobbbradyn,"Cobb, Bradyn",Presbyterian,Big South,2026,25,4,206,0,0,0,0,0,0.0,false,0,0.000,0.2559,1280,12.5,true,true
Presbyterian::jarahobieda,"Jarah, Obieda",Presbyterian,Big South,2026,26,3,93,0,0,0,0,0,0.0,false,0,0.000,0.3091,1313,41.9,true,true
Presbyterian::macglashanevan,"MacGlashan, Evan",Presbyterian,Big South,2026,21,2,67,0,0,0,0,0,0.0,false,0,0.000,0.3247,1339,47.8,false,true
Presbyterian::cascheramichael,"Caschera, Michael",Presbyterian,Big South,2026,27,2,108,0,0,0,0,0,0.0,false,0,0.000,0.3008,1339,37.1,true,true
Navy::mayorgajorge,"Mayorga, Jorge",Navy,Patriot,2026,8,4,219,0,0,0,0,0,0.0,false,0,0.000,0.2509,1353,11.2,true,true
Navy::nelsonstephen,"Nelson, Stephen",Navy,Patriot,2026,10,2,25,0,0,0,0,0,0.0,false,0,0.000,0.3534,1261,56.2,false,true
Navy::mclaingavin,"McLain, Gavin",Navy,Patriot,2026,13,2,4,0,0,0,0,0,0.0,false,0,0.000,0.3697,1261,60.5,false,true
Navy::plumliam,"Plum, Liam",Navy,Patriot,2026,21,3,40,0,0,0,0,0,0.0,false,0,0.000,0.3426,1311,52.7,false,true
Navy::kleinjude,"Klein, Jude",Navy,Patriot,2026,25,2,4,0,0,0,0,0,0.0,false,0,0.000,0.3697,1261,60.5,false,true
Navy::hongyul,"Hong, Yul",Navy,Patriot,2026,28,4,86,0,0,0,0,0,0.0,false,0,0.000,0.3132,1353,43.8,false,true
Navy::paigechase,"Paige, Chase",Navy,Patriot,2026,31,4,35,0,0,0,0,0,0.0,false,0,0.000,0.3461,1353,53.5,false,true
Cal State Fullerton::hemmerasger,"Hemmer, Asger",Cal State Fullerton,Big West,2026,1,3,210,0,0,0,0,0,0.0,false,0,0.000,0.2543,1614,12,true,true
Cal State Fullerton::serysam,"Sery, Sam",Cal State Fullerton,Big West,2026,29,3,196,0,0,0,0,0,0.0,false,0,0.000,0.2598,1614,14.2,true,true
Cal State Fullerton::tehraniarmin,"Tehrani, Armin",Cal State Fullerton,Big West,2026,17,2,46,0,0,0,0,0,0.0,false,0,0.000,0.3384,1540,51.5,false,true
Cal State Fullerton::aubourcesar,"Aubour, Cesar",Cal State Fullerton,Big West,2026,19,3,151,0,0,0,0,0,0.0,false,0,0.000,0.2793,1614,24.5,true,true
Cal State Fullerton::levitonmax,"Leviton, Max",Cal State Fullerton,Big West,2026,34,2,60,0,0,0,0,0,0.0,false,0,0.000,0.3291,1665,48.9,false,true
Seattle::wojdyladylan,"Wojdyla, Dylan",Seattle,West Coast,2026,4,3,109,0,0,0,0,0,0.0,false,0,0.000,0.3003,1619,36.7,true,true
Seattle::akoumvictor,"Akoum, Victor",Seattle,West Coast,2026,5,3,248,0,0,0,0,0,0.0,false,0,0.000,0.2405,1619,7.9,true,true
Seattle::beaumanansahethan,"Beauman-Ansah, Ethan",Seattle,West Coast,2026,2,2,17,0,0,0,0,0,0.0,false,0,0.000,0.3594,1546,57.8,false,true
Seattle::guerreroenrique,"Guerrero, Enrique",Seattle,West Coast,2026,16,3,20,0,0,0,0,0,0.0,false,0,0.000,0.3571,1619,57.2,false,true
Seattle::smithbrayden,"Smith, Brayden",Seattle,West Coast,2026,18,3,175,0,0,0,0,0,0.0,false,0,0.000,0.2686,1619,19.4,true,true
Seattle::teuberbowen,"Teuber, Bowen",Seattle,West Coast,2026,21,3,64,0,0,0,0,0,0.0,false,0,0.000,0.3266,1619,48.4,false,true
Seattle::elmarakbyhazem,"Elmarakby, Hazem",Seattle,West Coast,2026,22,2,15,0,0,0,0,0,0.0,false,0,0.000,0.3610,1546,58.2,false,true
Seattle::williamssahai,"Williams, Sahai",Seattle,West Coast,2026,26,2,22,0,0,0,0,0,0.0,false,0,0.000,0.3556,1546,56.9,false,true
Sacramento State::bostlucas,"Bost, Lucas",Sacramento State,Big West,2026,1,4,360,0,0,0,0,0,0.0,false,0,0.000,0.2072,1475,1.7,true,true
Sacramento State::cejagio,"Ceja, Gio",Sacramento State,Big West,2026,6,3,128,0,0,0,0,0,0.0,false,0,0.000,0.2904,1405,31,true,true
Sacramento State::murillojames,"Murillo, James",Sacramento State,Big West,2026,16,4,179,0,0,0,0,0,0.0,false,0,0.000,0.2669,1475,18.7,true,true
Sacramento State::emertharrison,"Emert, Harrison",Sacramento State,Big West,2026,15,3,49,0,0,0,0,0,0.0,false,0,0.000,0.3364,1465,51.1,false,true
Sacramento State::mcnairycollin,"McNairy, Collin",Sacramento State,Big West,2026,17,2,64,0,0,0,0,0,0.0,false,0,0.000,0.3266,1357,48.4,false,true
Sacramento State::looneyzach,"Looney, Zach",Sacramento State,Big West,2026,18,4,162,0,0,0,0,0,0.0,false,0,0.000,0.2743,1475,21.9,true,true
Sacramento State::valerianodamien,"Valeriano, Damien",Sacramento State,Big West,2026,23,4,150,0,0,0,0,0,0.0,false,0,0.000,0.2798,1475,24.7,true,true
Sacramento State::magaajesus,"Magaña, Jesus",Sacramento State,Big West,2026,28,4,73,0,0,0,0,0,0.0,false,0,0.000,0.3210,1475,46.8,false,true
Utah Tech::dutratanner,"Dutra, Tanner",Utah Tech,Mountain West,2026,4,4,360,0,0,0,0,0,0.0,false,0,0.000,0.2072,1353,1.7,true,true
Utah Tech::peiatristan,"Peia, Tristan",Utah Tech,Mountain West,2026,21,4,196,0,0,0,0,0,0.0,false,0,0.000,0.2598,1353,14.2,true,true
Utah Tech::jarviezack,"Jarvie, Zack",Utah Tech,Mountain West,2026,99,3,225,0,0,0,0,0,0.0,false,0,0.000,0.2487,1358,10.4,true,true
Utah Tech::joynerben,"Joyner, Ben",Utah Tech,Mountain West,2026,5,3,165,0,0,0,0,0,0.0,false,0,0.000,0.2729,1358,21.3,true,true
Utah Tech::khedoobrandon,"Khedoo, Brandon",Utah Tech,Mountain West,2026,14,1,31,0,0,0,0,0,0.0,false,0,0.000,0.3490,1310,54.8,false,true
Northeastern::learyethan,"Leary, Ethan",Northeastern,CAA,2026,4,2,180,0,0,0,0,0,0.0,false,0,0.000,0.2664,1419,16.6,true,true
Northeastern::coopermarcus,"Cooper, Marcus",Northeastern,CAA,2026,5,2,51,0,0,0,0,0,0.0,false,0,0.000,0.3350,1452,50.7,false,true
Northeastern::davisethan,"Davis, Ethan",Northeastern,CAA,2026,24,3,14,0,0,0,0,0,0.0,false,0,0.000,0.3618,1396,58.5,false,true
Northeastern::rapoanthony,"Rapo, Anthony",Northeastern,CAA,2026,28,2,84,0,0,0,0,0,0.0,false,0,0.000,0.3143,1515,44.2,false,true
Northeastern::elmbladbrady,"Elmblad, Brady",Northeastern,CAA,2026,31,4,360,0,0,0,0,0,0.0,false,0,0.000,0.2072,1416,1.7,true,true
Northeastern::saaronyshai,"Saarony, Shai",Northeastern,CAA,2026,9,2,17,0,0,0,0,0,0.0,false,0,0.000,0.3594,1419,57.8,false,true
Northeastern::berishaderian,"Berisha, Derian",Northeastern,CAA,2026,15,1,45,0,0,0,0,0,0.0,false,0,0.000,0.3391,1553,51.8,false,true
Northeastern::doglioliignacio,"Doglioli, Ignacio",Northeastern,CAA,2026,22,1,39,0,0,0,0,0,0.0,false,0,0.000,0.3433,1553,52.8,false,true
Northeastern::mendietagus,"Mendieta, Gus",Northeastern,CAA,2026,25,3,66,0,0,0,0,0,0.0,false,0,0.000,0.3253,1438,48,false,true
Northeastern::gardnermatty,"Gardner, Matty",Northeastern,CAA,2026,30,3,225,0,0,0,0,0,0.0,false,0,0.000,0.2487,1460,10.4,true,true
Siena::strukivan,"Struk, Ivan",Siena,Metro,2026,24,3,246,0,0,0,0,0,0.0,false,0,0.000,0.2412,1429,8.2,true,true
Siena::toennessensoeraaslucas,"Toennessen Soeraas, Lucas",Siena,Metro,2026,25,2,11,0,0,0,0,0,0.0,false,0,0.000,0.3641,1486,59,false,true
Princeton::alestigviktor,"Alestig, Viktor",Princeton,Ivy,2026,28,1,0,0,0,0,0,0,0.0,false,0,0.000,0.3730,1744,61.5,false,true
Princeton::salernonathan,"Salerno, Nathan",Princeton,Ivy,2026,35,1,0,0,0,0,0,0,0.0,false,0,0.000,0.3730,1744,61.5,false,true
Princeton::austintyler,"Austin, Tyler",Princeton,Ivy,2026,3,2,11,0,0,0,0,0,0.0,false,0,0.000,0.3641,1610,59,false,true
Princeton::sadjakfrederik,"Sadjak, Frederik",Princeton,Ivy,2026,4,2,180,0,0,0,0,0,0.0,false,0,0.000,0.2664,1610,16.6,true,true
Princeton::beckwithliam,"Beckwith, Liam",Princeton,Ivy,2026,5,2,136,0,0,0,0,0,0.0,false,0,0.000,0.2864,1610,28.4,true,true
Princeton::zhanggarry,"Zhang, Garry",Princeton,Ivy,2026,8,2,113,0,0,0,0,0,0.0,false,0,0.000,0.2981,1610,35.3,true,true
Princeton::nuezian,"Nuñez, Ian",Princeton,Ivy,2026,9,1,0,0,0,0,0,0,0.0,false,0,0.000,0.3730,1744,61.5,false,true
Princeton::klinenbergcyrus,"Klinenberg, Cyrus",Princeton,Ivy,2026,11,2,42,0,0,0,0,0,0.0,false,0,0.000,0.3412,1610,52.3,false,true
Princeton::joutzryker,"Joutz, Ryker",Princeton,Ivy,2026,15,1,0,0,0,0,0,0,0.0,false,0,0.000,0.3730,1744,61.5,false,true
Princeton::zhangedric,"Zhang, Edric",Princeton,Ivy,2026,18,1,0,0,0,0,0,0,0.0,false,0,0.000,0.3730,1744,61.5,false,true
Princeton::manfroybenjamin,"Manfroy, Benjamin",Princeton,Ivy,2026,21,1,28,0,0,0,0,0,0.0,false,0,0.000,0.3512,1744,55.6,false,true
Princeton::gabrielligiacomo,"Gabrielli, Giacomo",Princeton,Ivy,2026,22,2,78,0,0,0,0,0,0.0,false,0,0.000,0.3179,1610,45.7,false,true
Princeton::swarysebastian,"Swary, Sebastian",Princeton,Ivy,2026,24,1,0,0,0,0,0,0,0.0,false,0,0.000,0.3730,1744,61.5,false,true
Princeton::mwilambwejonah,"Mwilambwe, Jonah",Princeton,Ivy,2026,29,1,0,0,0,0,0,0,0.0,false,0,0.000,0.3730,1744,61.5,false,true
Princeton::vilettyler,"Vilet, Tyler",Princeton,Ivy,2026,33,2,125,0,0,0,0,0,0.0,false,0,0.000,0.2919,1610,31.8,true,true
Portland::hyanmark,"Hyan, Mark",Portland,West Coast,2026,0,3,0,0,0,0,0,0,0.0,false,0,0.000,0.3730,1772,61.5,false,true
Portland::vanpeltkeenan,"VanPelt, Keenan",Portland,West Coast,2026,1,3,0,0,0,0,0,0,0.0,false,0,0.000,0.3730,1772,61.5,false,true
Portland::bishopnick,"Bishop, Nick",Portland,West Coast,2026,23,3,0,0,0,0,0,0,0.0,false,0,0.000,0.3730,1772,61.5,false,true
Portland::clarketosczaknikos,"Clarke-Tosczak, Nikos",Portland,West Coast,2026,3,3,0,0,0,0,0,0,0.0,false,0,0.000,0.3730,1772,61.5,false,true
Portland::dunnemichael,"Dunne, Michael",Portland,West Coast,2026,4,3,120,0,0,0,0,0,0.0,false,0,0.000,0.2945,1772,33.3,true,true
Portland::zamoraethan,"Zamora, Ethan",Portland,West Coast,2026,5,3,252,0,0,0,0,0,0.0,false,0,0.000,0.2391,1772,7.4,true,true
Portland::waggoneralex,"Waggoner, Alex",Portland,West Coast,2026,9,3,0,0,0,0,0,0,0.0,false,0,0.000,0.3730,1772,61.5,false,true
Portland::dunbarnicholas,"Dunbar, Nicholas",Portland,West Coast,2026,13,3,36,0,0,0,0,0,0.0,false,0,0.000,0.3454,1772,53.4,false,true
Portland::nelsonjustin,"Nelson, Justin",Portland,West Coast,2026,14,3,8,0,0,0,0,0,0.0,false,0,0.000,0.3665,1772,59.7,false,true
Portland::edwardsdominic,"Edwards, Dominic",Portland,West Coast,2026,15,3,12,0,0,0,0,0,0.0,false,0,0.000,0.3633,1772,59,false,true
Portland::berriosdominic,"Berrios, Dominic",Portland,West Coast,2026,16,3,0,0,0,0,0,0,0.0,false,0,0.000,0.3730,1772,61.5,false,true
Portland::findlaymaddox,"Findlay, Maddox",Portland,West Coast,2026,17,3,0,0,0,0,0,0,0.0,false,0,0.000,0.3730,1772,61.5,false,true
Portland::ogunleyeolayinka,"Ogunleye, Olayinka",Portland,West Coast,2026,18,3,160,0,0,0,0,0,0.0,false,0,0.000,0.2752,1772,22.5,true,true
Portland::martinezangel,"Martinez, Angel",Portland,West Coast,2026,21,3,189,0,0,0,0,0,0.0,false,0,0.000,0.2627,1772,15.2,true,true
Portland::florestristan,"Flores, Tristan",Portland,West Coast,2026,25,3,0,0,0,0,0,0,0.0,false,0,0.000,0.3730,1772,61.5,false,true
Portland::karraritvik,"Karra, Ritvik",Portland,West Coast,2026,27,3,0,0,0,0,0,0,0.0,false,0,0.000,0.3730,1772,61.5,false,true
Portland::bromertandrew,"Bromert, Andrew",Portland,West Coast,2026,28,3,0,0,0,0,0,0,0.0,false,0,0.000,0.3730,1772,61.5,false,true
Portland::bradleymason,"Bradley, Mason",Portland,West Coast,2026,29,3,0,0,0,0,0,0,0.0,false,0,0.000,0.3730,1772,61.5,false,true
Portland::bretousjulian,"Bretous, Julian",Portland,West Coast,2026,30,3,32,0,0,0,0,0,0.0,false,0,0.000,0.3483,1772,54.3,false,true
Portland::hernandezjavier,"Hernandez, Javier",Portland,West Coast,2026,31,3,8,0,0,0,0,0,0.0,false,0,0.000,0.3665,1772,59.7,false,true
Portland::samayoaadriano,"Samayoa, Adriano",Portland,West Coast,2026,33,3,0,0,0,0,0,0,0.0,false,0,0.000,0.3730,1772,61.5,false,true
Yale::linebaughjosh,"Linebaugh, Josh",Yale,Ivy,2026,0,1,90,0,0,0,0,0,0.0,false,0,0.000,0.3108,1472,43.1,false,true
Yale::bullowen,"Bull, Owen",Yale,Ivy,2026,2,2,180,0,0,0,0,0,0.0,false,0,0.000,0.2664,1420,16.6,true,true
Yale::myersonandrew,"Myerson, Andrew",Yale,Ivy,2026,20,2,180,0,0,0,0,0,0.0,false,0,0.000,0.2664,1420,16.6,true,true
Yale::dammannjorik,"Dammann, Jorik",Yale,Ivy,2026,13,2,63,0,0,0,0,0,0.0,false,0,0.000,0.3272,1420,48.5,false,true
Yale::grumanndanny,"Grumann, Danny",Yale,Ivy,2026,26,2,16,0,0,0,0,0,0.0,false,0,0.000,0.3602,1420,58,false,true
Yale::millsryder,"Mills, Ryder",Yale,Ivy,2026,30,2,55,0,0,0,0,0,0.0,false,0,0.000,0.3324,1420,49.9,false,true
Army::tomarabhi,"Tomar, Abhi",Army,Patriot,2026,23,4,189,0,0,0,0,0,0.0,false,0,0.000,0.2627,1432,15.2,true,true
Army::rundechris,"Runde, Chris",Army,Patriot,2026,9,4,15,0,0,0,0,0,0.0,false,0,0.000,0.3610,1432,58.2,false,true
Army::wiggintonbrantley,"Wigginton, Brantley",Army,Patriot,2026,26,4,76,0,0,0,0,0,0.0,false,0,0.000,0.3191,1432,46.1,false,true
Rider University::heliasmarius,"Helias, Marius",Rider University,Metro,2026,1,3,270,0,0,0,0,0,0.0,false,0,0.000,0.2331,1404,4.5,true,true
Rider University::rosesmithnoah,"Rose-Smith, Noah",Rider University,Metro,2026,33,3,260,0,0,0,0,0,0.0,false,0,0.000,0.2364,1404,6.7,true,true
Rider University::cruzjacobo,"Cruz, Jacobo",Rider University,Metro,2026,3,2,81,0,0,0,0,0,0.0,false,0,0.000,0.3161,1371,45,false,true
Rider University::lucienbobby,"Lucien, Bobby",Rider University,Metro,2026,4,2,31,0,0,0,0,0,0.0,false,0,0.000,0.3490,1513,54.8,false,true
Rider University::gregoryethan,"Gregory, Ethan",Rider University,Metro,2026,15,2,28,0,0,0,0,0,0.0,false,0,0.000,0.3512,1513,55.6,false,true
Rider University::kuldanekryan,"Kuldanek, Ryan",Rider University,Metro,2026,16,3,71,0,0,0,0,0,0.0,false,0,0.000,0.3222,1404,47.3,false,true
Rider University::lacknerlandon,"Lackner, Landon",Rider University,Metro,2026,20,2,49,0,0,0,0,0,0.0,false,0,0.000,0.3364,1513,51.1,false,true
Rider University::beckeranthony,"Becker, Anthony",Rider University,Metro,2026,25,2,65,0,0,0,0,0,0.0,false,0,0.000,0.3259,1371,48.2,false,true
FDU::francamatheus,"Franca, Matheus",FDU,Other / Non-D1,2026,1,3,270,0,0,0,0,0,0.0,false,0,0.000,0.2331,1335,4.5,true,false
FDU::nitekkrystian,"Nitek, Krystian",FDU,Other / Non-D1,2026,3,1,90,0,0,0,0,0,0.0,false,0,0.000,0.3108,1347,43.1,false,false
FDU::yamamotohodgesyugo,"Yamamoto-Hodges, Yugo",FDU,Other / Non-D1,2026,8,3,185,0,0,0,0,0,0.0,false,0,0.000,0.2643,1335,15.8,true,false
FDU::ramirezjulian,"Ramirez, Julian",FDU,Other / Non-D1,2026,29,3,240,0,0,0,0,0,0.0,false,0,0.000,0.2433,1335,9,true,false
FDU::haynescj,"Haynes, CJ",FDU,Other / Non-D1,2026,2,2,19,0,0,0,0,0,0.0,false,0,0.000,0.3579,1401,57.4,false,false
FDU::giordanocharles,"Giordano, Charles",FDU,Other / Non-D1,2026,7,3,66,0,0,0,0,0,0.0,false,0,0.000,0.3253,1335,48,false,false
FDU::venkatarjun,"Venkat, Arjun",FDU,Other / Non-D1,2026,14,3,216,0,0,0,0,0,0.0,false,0,0.000,0.2520,1335,11.5,true,false
FDU::arayaandrew,"Araya, Andrew",FDU,Other / Non-D1,2026,18,1,33,0,0,0,0,0,0.0,false,0,0.000,0.3475,1347,54,false,false
FDU::duvalpreston,"Duval, Preston",FDU,Other / Non-D1,2026,25,2,57,0,0,0,0,0,0.0,false,0,0.000,0.3311,1275,49.4,false,false
FDU::catanzaroanthony,"Catanzaro, Anthony",FDU,Other / Non-D1,2026,27,3,66,0,0,0,0,0,0.0,false,0,0.000,0.3253,1335,48,false,false
FDU::genaojonathan,"Genao, Jonathan",FDU,Other / Non-D1,2026,32,3,66,0,0,0,0,0,0.0,false,0,0.000,0.3253,1335,48,false,false
VMI::dipitamichael,"Dipita, Michael",VMI,Southern,2026,19,2,129,0,0,0,0,0,0.0,false,0,0.000,0.2899,1359,30.6,true,true
VMI::bustamantegiacomo,"Bustamante, Giacomo",VMI,Southern,2026,5,5,226,0,0,0,0,0,0.0,false,0,0.000,0.2483,1267,10.4,true,true
Central Connecticut State::wilsongrady,"Wilson, Grady",Central Connecticut State,Other / Non-D1,2026,1,1,56,0,0,0,0,0,0.0,false,0,0.000,0.3317,1233,49.6,false,false
Central Connecticut State::lilleholtklevbergjaran,"Lilleholt Klevberg, Jaran",Central Connecticut State,Other / Non-D1,2026,5,1,47,0,0,0,0,0,0.0,false,0,0.000,0.3377,1233,51.3,false,false
Central Connecticut State::vigilalejandro,"Vigil, Alejandro",Central Connecticut State,Other / Non-D1,2026,6,1,62,0,0,0,0,0,0.0,false,0,0.000,0.3278,1233,48.6,false,false
Central Connecticut State::kapetanovicalen,"Kapetanovic, Alen",Central Connecticut State,Other / Non-D1,2026,8,1,75,0,0,0,0,0,0.0,false,0,0.000,0.3197,1233,46.3,false,false
Central Connecticut State::mohliibrian,"Mohl II, Brian",Central Connecticut State,Other / Non-D1,2026,12,1,73,0,0,0,0,0,0.0,false,0,0.000,0.3210,1233,46.8,false,false
Central Connecticut State::gonzalezpecharromanmiguel,"Gonzalez Pecharroman, Miguel",Central Connecticut State,Other / Non-D1,2026,13,1,60,0,0,0,0,0,0.0,false,0,0.000,0.3291,1233,48.9,false,false
Central Connecticut State::toftevaagherman,"Toftevaag, Herman",Central Connecticut State,Other / Non-D1,2026,2,1,30,0,0,0,0,0,0.0,false,0,0.000,0.3497,1233,55,false,false
Central Connecticut State::mcconneryjake,"McConnery, Jake",Central Connecticut State,Other / Non-D1,2026,4,1,60,0,0,0,0,0,0.0,false,0,0.000,0.3291,1233,48.9,false,false
Central Connecticut State::gallaghercaden,"Gallagher, Caden",Central Connecticut State,Other / Non-D1,2026,19,1,43,0,0,0,0,0,0.0,false,0,0.000,0.3405,1233,52.2,false,false
Central Connecticut State::cerridoamaralfilippo,"Cerri Do Amaral, Filippo",Central Connecticut State,Other / Non-D1,2026,20,1,15,0,0,0,0,0,0.0,false,0,0.000,0.3610,1233,58.2,false,false
Central Connecticut State::keivenshunter,"Keivens, Hunter",Central Connecticut State,Other / Non-D1,2026,22,1,56,0,0,0,0,0,0.0,false,0,0.000,0.3317,1233,49.6,false,false
Central Connecticut State::fitzgeraldcarter,"Fitzgerald, Carter",Central Connecticut State,Other / Non-D1,2026,25,1,34,0,0,0,0,0,0.0,false,0,0.000,0.3468,1233,53.9,false,false
Howard::clarkebryson,"Clarke, Bryson",Howard,NEC,2026,5,3,267,0,0,0,0,0,0.0,false,0,0.000,0.2341,1531,6.5,true,true
Howard::campbelllucas,"Campbell, Lucas",Howard,NEC,2026,6,3,270,0,0,0,0,0,0.0,false,0,0.000,0.2331,1531,4.5,true,true
Howard::mimsjustin,"Mims, Justin",Howard,NEC,2026,14,2,162,0,0,0,0,0,0.0,false,0,0.000,0.2743,1630,21.9,true,true
Howard::lloydmarshall,"Lloyd, Marshall",Howard,NEC,2026,15,3,251,0,0,0,0,0,0.0,false,0,0.000,0.2395,1531,7.4,true,true
Howard::sharrieffkhari,"Sharrieff, Khari",Howard,NEC,2026,20,3,244,0,0,0,0,0,0.0,false,0,0.000,0.2419,1531,8.5,true,true
Howard::wimberlykamran,"Wimberly, Kamran",Howard,NEC,2026,23,3,260,0,0,0,0,0,0.0,false,0,0.000,0.2364,1531,6.7,true,true
Howard::perkinslouis,"Perkins, Louis",Howard,NEC,2026,24,3,180,0,0,0,0,0,0.0,false,0,0.000,0.2664,1531,16.6,true,true
Howard::chicasaxel,"Chicas, Axel",Howard,NEC,2026,8,3,84,0,0,0,0,0,0.0,false,0,0.000,0.3143,1531,44.2,false,true
Howard::hislopluka,"Hislop, Luka",Howard,NEC,2026,21,3,92,0,0,0,0,0,0.0,false,0,0.000,0.3097,1531,42.4,true,true
Delaware::chattenluke,"Chatten, Luke",Delaware,Summit,2026,4,3,253,0,0,0,0,0,0.0,false,0,0.000,0.2388,1424,7.2,true,true
Delaware::flaskagerfrederik,"Flaskager, Frederik",Delaware,Summit,2026,9,3,97,0,0,0,0,0,0.0,false,0,0.000,0.3069,1424,40.6,true,true
Loyola Marymount::roneycooper,"Roney, Cooper",Loyola Marymount,West Coast,2026,1,3,45,0,0,0,0,0,0.0,false,0,0.000,0.3391,1642,51.8,false,true
Loyola Marymount::rodriguesnathan,"Rodrigues, Nathan",Loyola Marymount,West Coast,2026,5,4,180,0,0,0,0,0,0.0,false,0,0.000,0.2664,1695,16.6,true,true
Loyola Marymount::zimmermannmarcli,"Zimmermann, Marc Li",Loyola Marymount,West Coast,2026,15,4,162,0,0,0,0,0,0.0,false,0,0.000,0.2743,1695,21.9,true,true
Loyola Marymount::atiaomar,"Atia, Omar",Loyola Marymount,West Coast,2026,3,4,129,0,0,0,0,0,0.0,false,0,0.000,0.2899,1695,30.6,true,true
Loyola Marymount::radebeunathi,"Radebe, Unathi",Loyola Marymount,West Coast,2026,8,4,64,0,0,0,0,0,0.0,false,0,0.000,0.3266,1695,48.4,false,true
Loyola Marymount::fuentesalatalayaalejandro,"Fuentesal-Atalaya, Alejandro",Loyola Marymount,West Coast,2026,19,4,35,0,0,0,0,0,0.0,false,0,0.000,0.3461,1695,53.5,false,true
Loyola Marymount::fischeldaniel,"Fischel, Daniel",Loyola Marymount,West Coast,2026,25,4,25,0,0,0,0,0,0.0,false,0,0.000,0.3534,1695,56.2,false,true
UC Santa Barbara::beningaowen,"Beninga, Owen",UC Santa Barbara,Big West,2026,1,3,270,0,0,0,0,0,0.0,false,0,0.000,0.2331,1613,4.5,true,true
UC Santa Barbara::mollerbergcalle,"Mollerberg, Calle",UC Santa Barbara,Big West,2026,4,2,135,0,0,0,0,0,0.0,false,0,0.000,0.2869,1546,28.6,true,true
UC Santa Barbara::gustavssonviggo,"Gustavsson, Viggo",UC Santa Barbara,Big West,2026,5,3,258,0,0,0,0,0,0.0,false,0,0.000,0.2371,1613,7,true,true
UC Santa Barbara::braniganty,"Branigan, Ty",UC Santa Barbara,Big West,2026,12,3,262,0,0,0,0,0,0.0,false,0,0.000,0.2358,1613,6.7,true,true
UC Santa Barbara::kamienskidrew,"Kamienski, Drew",UC Santa Barbara,Big West,2026,19,2,135,0,0,0,0,0,0.0,false,0,0.000,0.2869,1602,28.6,true,true
UC Santa Barbara::harriscole,"Harris, Cole",UC Santa Barbara,Big West,2026,3,2,31,0,0,0,0,0,0.0,false,0,0.000,0.3490,1546,54.8,false,true
UC Santa Barbara::senterethan,"Senter, Ethan",UC Santa Barbara,Big West,2026,13,1,5,0,0,0,0,0,0.0,false,0,0.000,0.3689,1454,60.3,false,true
UC Santa Barbara::frankegunnar,"Franke, Gunnar",UC Santa Barbara,Big West,2026,25,3,32,0,0,0,0,0,0.0,false,0,0.000,0.3483,1613,54.3,false,true
UC Santa Barbara::sampognarogavin,"Sampognaro, Gavin",UC Santa Barbara,Big West,2026,28,1,8,0,0,0,0,0,0.0,false,0,0.000,0.3665,1454,59.7,false,true
UC Santa Barbara::rinernate,"Riner, Nate",UC Santa Barbara,Big West,2026,30,1,18,0,0,0,0,0,0.0,false,0,0.000,0.3587,1454,57.6,false,true
Boston College::seidelleo,"Seidel, Leo",Boston College,ACC,2026,13,3,0,0,0,0,0,0,0.0,false,0,0.000,0.3730,1399,61.5,false,true
Boston College::copelanddeltorobryce,"Copeland-Del Toro, Bryce",Boston College,ACC,2026,33,3,0,0,0,0,0,0,0.0,false,0,0.000,0.3730,1399,61.5,false,true
Boston College::horanaidan,"Horan, Aidan",Boston College,ACC,2026,34,3,0,0,0,0,0,0,0.0,false,0,0.000,0.3730,1399,61.5,false,true
Boston College::sisoandres,"Siso, Andres",Boston College,ACC,2026,9,3,32,0,0,0,0,0,0.0,false,0,0.000,0.3483,1399,54.3,false,true
Boston College::bakwiraisaac,"Bakwira, Isaac",Boston College,ACC,2026,14,3,9,0,0,0,0,0,0.0,false,0,0.000,0.3657,1399,59.5,false,true
Boston College::quintanillajayson,"Quintanilla, Jayson",Boston College,ACC,2026,20,3,0,0,0,0,0,0,0.0,false,0,0.000,0.3730,1399,61.5,false,true
Boston College::galluzzodevon,"Galluzzo, Devon",Boston College,ACC,2026,24,3,20,0,0,0,0,0,0.0,false,0,0.000,0.3571,1399,57.2,false,true
Boston College::wassarmanhenry,"Wassarman, Henry",Boston College,ACC,2026,26,3,265,0,0,0,0,0,0.0,false,0,0.000,0.2348,1399,6.6,true,true
Boston College::richmondwatts,"Richmond, Watts",Boston College,ACC,2026,28,3,0,0,0,0,0,0,0.0,false,0,0.000,0.3730,1399,61.5,false,true
Boston College::mbalirehudson,"Mbalire, Hudson",Boston College,ACC,2026,29,3,0,0,0,0,0,0,0.0,false,0,0.000,0.3730,1399,61.5,false,true
Boston College::moustafamohamed,"Moustafa, Mohamed",Boston College,ACC,2026,32,3,0,0,0,0,0,0,0.0,false,0,0.000,0.3730,1399,61.5,false,true
Merrimack College::mancaniellojack,"Mancaniello, Jack",Merrimack College,Metro,2026,12,1,0,0,0,0,0,0,0.0,false,0,0.000,0.3730,1521,61.5,false,true
Merrimack College::binzagrsultan,"Binzagr, Sultan",Merrimack College,Metro,2026,33,1,0,0,0,0,0,0,0.0,false,0,0.000,0.3730,1521,61.5,false,true
Merrimack College::labellejohn,"Labelle, John",Merrimack College,Metro,2026,3,1,26,0,0,0,0,0,0.0,false,0,0.000,0.3526,1521,56,false,true
Merrimack College::iaiapasquale,"Iaia, Pasquale",Merrimack College,Metro,2026,4,3,228,0,0,0,0,0,0.0,false,0,0.000,0.2476,1363,10.2,true,true
Merrimack College::oddiriccardo,"Oddi, Riccardo",Merrimack College,Metro,2026,7,1,0,0,0,0,0,0,0.0,false,0,0.000,0.3730,1521,61.5,false,true
Merrimack College::gvineriaakaki,"Gvineria, Akaki",Merrimack College,Metro,2026,9,2,117,0,0,0,0,0,0.0,false,0,0.000,0.2960,1384,34.1,true,true
Merrimack College::kozakgriffin,"Kozak, Griffin",Merrimack College,Metro,2026,13,1,0,0,0,0,0,0,0.0,false,0,0.000,0.3730,1521,61.5,false,true
Merrimack College::akselsenfelix,"Akselsen, Felix",Merrimack College,Metro,2026,14,1,0,0,0,0,0,0,0.0,false,0,0.000,0.3730,1521,61.5,false,true
Merrimack College::dayarchie,"Day, Archie",Merrimack College,Metro,2026,15,3,225,0,0,0,0,0,0.0,false,0,0.000,0.2487,1363,10.4,true,true
Merrimack College::santosnoah,"Santos, Noah",Merrimack College,Metro,2026,16,1,0,0,0,0,0,0,0.0,false,0,0.000,0.3730,1521,61.5,false,true
Merrimack College::neyraalessandro,"Neyra, Alessandro",Merrimack College,Metro,2026,17,1,0,0,0,0,0,0,0.0,false,0,0.000,0.3730,1521,61.5,false,true
Merrimack College::bosiogabriele,"Bosio, Gabriele",Merrimack College,Metro,2026,19,2,45,0,0,0,0,0,0.0,false,0,0.000,0.3391,1421,51.8,false,true
Merrimack College::salvadgemason,"Salvadge, Mason",Merrimack College,Metro,2026,22,2,17,0,0,0,0,0,0.0,false,0,0.000,0.3594,1421,57.8,false,true
Merrimack College::baischpedro,"Baisch, Pedro",Merrimack College,Metro,2026,23,1,45,0,0,0,0,0,0.0,false,0,0.000,0.3391,1521,51.8,false,true
Merrimack College::hansonbeniah,"Hanson, Beniah",Merrimack College,Metro,2026,24,1,11,0,0,0,0,0,0.0,false,0,0.000,0.3641,1521,59,false,true
Merrimack College::dacostablake,"Da Costa, Blake",Merrimack College,Metro,2026,25,1,21,0,0,0,0,0,0.0,false,0,0.000,0.3564,1521,57,false,true
Merrimack College::catterinagabriele,"Catterina, Gabriele",Merrimack College,Metro,2026,29,2,58,0,0,0,0,0,0.0,false,0,0.000,0.3304,1421,49.2,false,true
Merrimack College::macphersonsamuel,"MacPherson, Samuel",Merrimack College,Metro,2026,31,1,0,0,0,0,0,0,0.0,false,0,0.000,0.3730,1521,61.5,false,true
Merrimack College::melnykryan,"Melnyk, Ryan",Merrimack College,Metro,2026,35,1,0,0,0,0,0,0,0.0,false,0,0.000,0.3730,1521,61.5,false,true
Clemson::duquennearthur,"Duquenne, Arthur",Clemson,ACC,2026,3,3,115,0,0,0,0,0,0.0,false,0,0.000,0.2971,1539,34.6,true,true
Clemson::stephensenolafurfloki,"Stephensen, Olafur Floki",Clemson,ACC,2026,4,3,253,0,0,0,0,0,0.0,false,0,0.000,0.2388,1539,7.2,true,true
Clemson::asanteaugustine,"Asante, Augustine",Clemson,ACC,2026,5,1,17,0,0,0,0,0,0.0,false,0,0.000,0.3594,1740,57.8,false,true
Clemson::mattispennantkyle,"Mattis Pennant, Kyle",Clemson,ACC,2026,22,1,10,0,0,0,0,0,0.0,false,0,0.000,0.3649,1740,59.3,false,true
Clemson::rolkephilip,"Rolke, Philip",Clemson,ACC,2026,26,2,36,0,0,0,0,0,0.0,false,0,0.000,0.3454,1641,53.4,false,true
Clemson::stampshayden,"Stamps, Hayden",Clemson,ACC,2026,13,2,69,0,0,0,0,0,0.0,false,0,0.000,0.3234,1537,47.6,false,true
Furman::grantmalachi,"Grant, Malachi",Furman,Southern,2026,29,3,27,0,0,0,0,0,0.0,false,0,0.000,0.3519,1609,55.9,false,true
Seton Hall::russolucas,"Russo, Lucas",Seton Hall,Big East,2026,00,3,0,0,0,0,0,0,0.0,false,0,0.000,0.3730,1580,61.5,false,true
Seton Hall::sipplesmick,"Sipples, Mick",Seton Hall,Big East,2026,0,3,0,0,0,0,0,0,0.0,false,0,0.000,0.3730,1580,61.5,false,true
Seton Hall::brobstshane,"Brobst, Shane",Seton Hall,Big East,2026,12,3,0,0,0,0,0,0,0.0,false,0,0.000,0.3730,1580,61.5,false,true
Seton Hall::grazianigiacomo,"Graziani, Giacomo",Seton Hall,Big East,2026,3,3,100,0,0,0,0,0,0.0,false,0,0.000,0.3052,1580,39.6,true,true
Seton Hall::christensenlucas,"Christensen, Lucas",Seton Hall,Big East,2026,4,3,90,0,0,0,0,0,0.0,false,0,0.000,0.3108,1580,43.1,false,true
Seton Hall::iriartematt,"Iriarte, Matt",Seton Hall,Big East,2026,6,3,0,0,0,0,0,0,0.0,false,0,0.000,0.3730,1580,61.5,false,true
Seton Hall::managiacomo,"Mana, Giacomo",Seton Hall,Big East,2026,10,3,253,0,0,0,0,0,0.0,false,0,0.000,0.2388,1580,7.2,true,true
Seton Hall::warrenbrock,"Warren, Brock",Seton Hall,Big East,2026,14,3,38,0,0,0,0,0,0.0,false,0,0.000,0.3440,1580,53,false,true
Seton Hall::valentinetimothy,"Valentine, Timothy",Seton Hall,Big East,2026,15,1,31,0,0,0,0,0,0.0,false,0,0.000,0.3490,1709,54.8,false,true
Seton Hall::haslamharrison,"Haslam, Harrison",Seton Hall,Big East,2026,16,1,0,0,0,0,0,0,0.0,false,0,0.000,0.3730,1709,61.5,false,true
Seton Hall::ottossonknuthannessimon,"Ottosson, Knut Hannes-Simon",Seton Hall,Big East,2026,18,1,10,0,0,0,0,0,0.0,false,0,0.000,0.3649,1709,59.3,false,true
Seton Hall::feiguinnicolas,"Feiguin, Nicolas",Seton Hall,Big East,2026,19,1,35,0,0,0,0,0,0.0,false,0,0.000,0.3461,1709,53.5,false,true
Seton Hall::wernickemika,"Wernicke, Mika",Seton Hall,Big East,2026,21,3,10,0,0,0,0,0,0.0,false,0,0.000,0.3649,1580,59.3,false,true
Seton Hall::reedjames,"Reed, James",Seton Hall,Big East,2026,24,3,0,0,0,0,0,0,0.0,false,0,0.000,0.3730,1580,61.5,false,true
Seton Hall::sansonesamuel,"Sansone, Samuel",Seton Hall,Big East,2026,25,1,16,0,0,0,0,0,0.0,false,0,0.000,0.3602,1709,58,false,true
Seton Hall::syahlukas,"Syah, Lukas",Seton Hall,Big East,2026,26,3,21,0,0,0,0,0,0.0,false,0,0.000,0.3564,1580,57,false,true
Seton Hall::bofingerakira,"Bofinger, Akira",Seton Hall,Big East,2026,27,3,14,0,0,0,0,0,0.0,false,0,0.000,0.3618,1580,58.5,false,true
Seton Hall::dossantosgui,"Dos Santos, Gui",Seton Hall,Big East,2026,29,3,28,0,0,0,0,0,0.0,false,0,0.000,0.3512,1580,55.6,false,true
IU Indy::bizyakmarkus,"Bizyak, Markus",IU Indy,Horizon,2026,0,1,0,0,0,0,0,0,0.0,false,0,0.000,0.3730,1526,61.5,false,true
IU Indy::silvavicente,"Silva, Vicente",IU Indy,Horizon,2026,33,1,0,0,0,0,0,0,0.0,false,0,0.000,0.3730,1526,61.5,false,true
IU Indy::finnegandeclan,"Finnegan, Declan",IU Indy,Horizon,2026,35,1,0,0,0,0,0,0,0.0,false,0,0.000,0.3730,1526,61.5,false,true
IU Indy::kegerreisluke,"Kegerreis, Luke",IU Indy,Horizon,2026,3,1,22,0,0,0,0,0,0.0,false,0,0.000,0.3556,1526,56.9,false,true
IU Indy::ilelejiomasan,"Ileleji, Omasan",IU Indy,Horizon,2026,4,1,23,0,0,0,0,0,0.0,false,0,0.000,0.3549,1526,56.6,false,true
IU Indy::motahendrix,"Mota, Hendrix",IU Indy,Horizon,2026,11,1,0,0,0,0,0,0,0.0,false,0,0.000,0.3730,1526,61.5,false,true
IU Indy::hamlercobe,"Hamler, Cobe",IU Indy,Horizon,2026,13,2,67,0,0,0,0,0,0.0,false,0,0.000,0.3247,1501,47.8,false,true
IU Indy::herreragustavo,"Herrera, Gustavo",IU Indy,Horizon,2026,14,1,0,0,0,0,0,0,0.0,false,0,0.000,0.3730,1526,61.5,false,true
IU Indy::netomarcos,"Neto, Marcos",IU Indy,Horizon,2026,20,1,0,0,0,0,0,0,0.0,false,0,0.000,0.3730,1526,61.5,false,true
IU Indy::thompsonrobertsjago,"Thompson-Roberts, Jago",IU Indy,Horizon,2026,23,3,270,0,0,0,0,0,0.0,false,0,0.000,0.2331,1480,4.5,true,true
IU Indy::bozicmilan,"Bozic, Milan",IU Indy,Horizon,2026,26,1,0,0,0,0,0,0,0.0,false,0,0.000,0.3730,1526,61.5,false,true
IU Indy::berrytomhenry,"Berry, Tom Henry",IU Indy,Horizon,2026,27,1,0,0,0,0,0,0,0.0,false,0,0.000,0.3730,1526,61.5,false,true
IU Indy::brenneraustin,"Brenner, Austin",IU Indy,Horizon,2026,28,2,10,0,0,0,0,0,0.0,false,0,0.000,0.3649,1501,59.3,false,true
IU Indy::gondaluke,"Gonda, Luke",IU Indy,Horizon,2026,36,3,270,0,0,0,0,0,0.0,false,0,0.000,0.2331,1480,4.5,true,true
Coastal Carolina::skoglundnash,"Skoglund, Nash",Coastal Carolina,Sun Belt,2026,1,1,0,0,0,0,0,0,0.0,false,0,0.000,0.3730,1838,61.5,false,true
Coastal Carolina::hertelbenjamin,"Hertel, Benjamin",Coastal Carolina,Sun Belt,2026,31,1,0,0,0,0,0,0,0.0,false,0,0.000,0.3730,1838,61.5,false,true
Coastal Carolina::fioldaniel,"Fiol, Daniel",Coastal Carolina,Sun Belt,2026,6,1,0,0,0,0,0,0,0.0,false,0,0.000,0.3730,1838,61.5,false,true
Coastal Carolina::demiguelalberto,"de Miguel, Alberto",Coastal Carolina,Sun Belt,2026,10,1,0,0,0,0,0,0,0.0,false,0,0.000,0.3730,1838,61.5,false,true
Coastal Carolina::hultzach,"Hult, Zach",Coastal Carolina,Sun Belt,2026,12,1,0,0,0,0,0,0,0.0,false,0,0.000,0.3730,1838,61.5,false,true
Coastal Carolina::busenzeisaac,"Busenze, Isaac",Coastal Carolina,Sun Belt,2026,18,1,0,0,0,0,0,0,0.0,false,0,0.000,0.3730,1838,61.5,false,true
Coastal Carolina::appiahelvis,"Appiah, Elvis",Coastal Carolina,Sun Belt,2026,20,2,98,0,0,0,0,0,0.0,false,0,0.000,0.3063,1556,40.3,true,true
Coastal Carolina::jacksonparker,"Jackson, Parker",Coastal Carolina,Sun Belt,2026,25,1,40,0,0,0,0,0,0.0,false,0,0.000,0.3426,1838,52.7,false,true
Notre Dame::burtonluke,"Burton, Luke",Notre Dame,ACC,2026,27,1,25,0,0,0,0,0,0.0,false,0,0.000,0.3534,1751,56.2,false,true
Notre Dame::mccoymaverick,"McCoy, Maverick",Notre Dame,ACC,2026,14,1,12,0,0,0,0,0,0.0,false,0,0.000,0.3633,1751,59,false,true
Stetson::mellomurillo,"Mello, Murillo",Stetson,ASUN,2026,1,1,45,0,0,0,0,0,0.0,false,0,0.000,0.3391,1813,51.8,false,true
Stetson::appolonross,"Appolon, Ross",Stetson,ASUN,2026,4,2,111,0,0,0,0,0,0.0,false,0,0.000,0.2992,1610,36,true,true
Stetson::danielsisrael,"Daniels, Israel",Stetson,ASUN,2026,16,2,81,0,0,0,0,0,0.0,false,0,0.000,0.3161,1610,45,false,true
Stetson::leejaxson,"Lee, Jaxson",Stetson,ASUN,2026,22,1,59,0,0,0,0,0,0.0,false,0,0.000,0.3298,1813,49,false,true
Stetson::millswilliams,"Mills, Williams",Stetson,ASUN,2026,29,1,41,0,0,0,0,0,0.0,false,0,0.000,0.3419,1813,52.5,false,true
Stetson::mccallmac,"McCall, Mac",Stetson,ASUN,2026,00,1,45,0,0,0,0,0,0.0,false,0,0.000,0.3391,1813,51.8,false,true
Stetson::fraileleo,"Fraile, Leo",Stetson,ASUN,2026,12,1,6,0,0,0,0,0,0.0,false,0,0.000,0.3681,1813,60.1,false,true
Stetson::dringadam,"Dring, Adam",Stetson,ASUN,2026,18,2,35,0,0,0,0,0,0.0,false,0,0.000,0.3461,1610,53.5,false,true
SMU::evansjonathan,"Evans, Jonathan",SMU,ACC,2026,1,3,270,0,0,0,0,0,0.0,false,0,0.000,0.2331,1572,4.5,true,true
SMU::knotekoliver,"Knotek, Oliver",SMU,ACC,2026,23,2,13,0,0,0,0,0,0.0,false,0,0.000,0.3625,1632,58.7,false,true
Stanford::lingalexander,"Ling, Alexander",Stanford,ACC,2026,18,1,8,0,0,0,0,0,0.0,false,0,0.000,0.3665,1693,59.7,false,true
Grand Canyon::coetrafael,"Coet, Rafael",Grand Canyon,Mountain West,2026,7,3,83,0,0,0,0,0,0.0,false,0,0.000,0.3149,1528,44.5,false,true
North Carolina::catlettcoleman,"Catlett, Coleman",North Carolina,ACC,2026,0,3,0,0,0,0,0,0,0.0,false,0,0.000,0.3730,1608,61.5,false,true
North Carolina::simionmarco,"Simion, Marco",North Carolina,ACC,2026,12,3,0,0,0,0,0,0,0.0,false,0,0.000,0.3730,1608,61.5,false,true
North Carolina::saborioperezalejandro,"Saborio Perez, Alejandro",North Carolina,ACC,2026,24,3,0,0,0,0,0,0,0.0,false,0,0.000,0.3730,1608,61.5,false,true
North Carolina::carsonmyles,"Carson, Myles",North Carolina,ACC,2026,2,3,270,0,0,0,0,0,0.0,false,0,0.000,0.2331,1608,4.5,true,true
North Carolina::oyirwothsteven,"Oyirwoth, Steven",North Carolina,ACC,2026,4,3,26,0,0,0,0,0,0.0,false,0,0.000,0.3526,1608,56,false,true
North Carolina::antoneliuscharlie,"Antonelius, Charlie",North Carolina,ACC,2026,6,3,0,0,0,0,0,0,0.0,false,0,0.000,0.3730,1608,61.5,false,true
North Carolina::duganryan,"Dugan, Ryan",North Carolina,ACC,2026,11,3,0,0,0,0,0,0,0.0,false,0,0.000,0.3730,1608,61.5,false,true
North Carolina::dapaahevans,"Dapaah, Evans",North Carolina,ACC,2026,16,3,0,0,0,0,0,0,0.0,false,0,0.000,0.3730,1608,61.5,false,true
North Carolina::wallerdrew,"Waller, Drew",North Carolina,ACC,2026,17,3,0,0,0,0,0,0,0.0,false,0,0.000,0.3730,1608,61.5,false,true
North Carolina::lunasabandojonathan,"Luna Sabando, Jonathan",North Carolina,ACC,2026,18,3,44,0,0,0,0,0,0.0,false,0,0.000,0.3398,1608,52,false,true
North Carolina::dagostinilorenzo,"D'Agostini, Lorenzo",North Carolina,ACC,2026,20,3,0,0,0,0,0,0,0.0,false,0,0.000,0.3730,1608,61.5,false,true
North Carolina::veillardetienne,"Veillard, Etienne",North Carolina,ACC,2026,22,3,129,0,0,0,0,0,0.0,false,0,0.000,0.2899,1608,30.6,true,true
North Carolina::punajayden,"Puna, Jayden",North Carolina,ACC,2026,23,3,9,0,0,0,0,0,0.0,false,0,0.000,0.3657,1608,59.5,false,true
North Carolina::molinadavid,"Molina, David",North Carolina,ACC,2026,25,3,0,0,0,0,0,0,0.0,false,0,0.000,0.3730,1608,61.5,false,true
North Carolina::maimartin,"Mai, Martin",North Carolina,ACC,2026,26,3,0,0,0,0,0,0,0.0,false,0,0.000,0.3730,1608,61.5,false,true
North Carolina::johnquinton,"John, Quinton",North Carolina,ACC,2026,28,3,0,0,0,0,0,0,0.0,false,0,0.000,0.3730,1608,61.5,false,true
North Carolina::milazzocristian,"Milazzo, Cristian",North Carolina,ACC,2026,31,3,0,0,0,0,0,0,0.0,false,0,0.000,0.3730,1608,61.5,false,true
North Carolina::fishermax,"Fisher, Max",North Carolina,ACC,2026,15,3,0,0,0,0,0,0,0.0,false,0,0.000,0.3730,1608,61.5,false,true
UCLA::rocheoliver,"Roche, Oliver",UCLA,Big Ten,2026,9,2,52,0,0,0,0,0,0.0,false,0,0.000,0.3344,1592,50.5,false,true
UCLA::jacksonmarcus,"Jackson, Marcus",UCLA,Big Ten,2026,19,1,2,0,0,0,0,0,0.0,false,0,0.000,0.3714,1819,61.2,false,true
UCLA::martinezdiego,"Martinez, Diego",UCLA,Big Ten,2026,6,1,25,0,0,0,0,0,0.0,false,0,0.000,0.3534,1819,56.2,false,true
Ohio State::mclaughlinmartin,"McLaughlin, Martin",Ohio State,Big Ten,2026,21,3,25,0,0,0,0,0,0.0,false,0,0.000,0.3534,1503,56.2,false,true
Virginia Tech::marcanoian,"Marcano, Ian",Virginia Tech,ACC,2026,10,2,79,0,0,0,0,0,0.0,false,0,0.000,0.3173,1385,45.5,false,true
Colgate::christiansenmason,"Christiansen, Mason",Colgate,Other / Non-D1,2026,0,1,0,0,0,0,0,0,0.0,false,0,0.000,0.3730,1520,61.5,false,false
Colgate::lavellejake,"Lavelle, Jake",Colgate,Other / Non-D1,2026,00,1,0,0,0,0,0,0,0.0,false,0,0.000,0.3730,1520,61.5,false,false
Colgate::diluciajulian,"Di Lucia, Julian",Colgate,Other / Non-D1,2026,5,2,180,0,0,0,0,0,0.0,false,0,0.000,0.2664,1688,16.6,true,false
Colgate::beerlingjack,"Beerling, Jack",Colgate,Other / Non-D1,2026,6,2,123,0,0,0,0,0,0.0,false,0,0.000,0.2929,1688,32.6,true,false
Colgate::hearnconnor,"Hearn, Connor",Colgate,Other / Non-D1,2026,7,2,40,0,0,0,0,0,0.0,false,0,0.000,0.3426,1688,52.7,false,false
Colgate::colmenaresmateo,"Colmenares, Mateo",Colgate,Other / Non-D1,2026,8,2,75,0,0,0,0,0,0.0,false,0,0.000,0.3197,1688,46.3,false,false
Colgate::stjohnalex,"St. John, Alex",Colgate,Other / Non-D1,2026,10,2,30,0,0,0,0,0,0.0,false,0,0.000,0.3497,1688,55,false,false
Colgate::vichengradgavin,"Vichengrad, Gavin",Colgate,Other / Non-D1,2026,13,1,0,0,0,0,0,0,0.0,false,0,0.000,0.3730,1520,61.5,false,false
Colgate::thygesonwill,"Thygeson, Will",Colgate,Other / Non-D1,2026,18,1,0,0,0,0,0,0,0.0,false,0,0.000,0.3730,1520,61.5,false,false
Colgate::glennollie,"Glenn, Ollie",Colgate,Other / Non-D1,2026,19,1,0,0,0,0,0,0,0.0,false,0,0.000,0.3730,1520,61.5,false,false
Colgate::geraghtyconor,"Geraghty, Conor",Colgate,Other / Non-D1,2026,20,2,21,0,0,0,0,0,0.0,false,0,0.000,0.3564,1688,57,false,false
Colgate::merinoanthony,"Merino, Anthony",Colgate,Other / Non-D1,2026,21,2,91,0,0,0,0,0,0.0,false,0,0.000,0.3103,1688,43,false,false
Colgate::danaherevan,"Danaher, Evan",Colgate,Other / Non-D1,2026,22,1,7,0,0,0,0,0,0.0,false,0,0.000,0.3673,1520,59.8,false,false
Colgate::glenneychris,"Glenney, Chris",Colgate,Other / Non-D1,2026,23,2,178,0,0,0,0,0,0.0,false,0,0.000,0.2673,1688,18.9,true,false
Colgate::smithconnor,"Smith, Connor",Colgate,Other / Non-D1,2026,24,1,0,0,0,0,0,0,0.0,false,0,0.000,0.3730,1520,61.5,false,false
Colgate::kraemernick,"Kraemer, Nick",Colgate,Other / Non-D1,2026,25,1,0,0,0,0,0,0,0.0,false,0,0.000,0.3730,1520,61.5,false,false
Colgate::montenegromatias,"Montenegro, Matias",Colgate,Other / Non-D1,2026,26,1,7,0,0,0,0,0,0.0,false,0,0.000,0.3673,1520,59.8,false,false
Colgate::steinmanjake,"Steinman, Jake",Colgate,Other / Non-D1,2026,27,1,0,0,0,0,0,0,0.0,false,0,0.000,0.3730,1520,61.5,false,false
Colgate::wicinskimarty,"Wicinski, Marty",Colgate,Other / Non-D1,2026,28,1,0,0,0,0,0,0,0.0,false,0,0.000,0.3730,1520,61.5,false,false
Colgate::schachtjacob,"Schacht, Jacob",Colgate,Other / Non-D1,2026,30,1,0,0,0,0,0,0,0.0,false,0,0.000,0.3730,1520,61.5,false,false
Colgate::odonohuepatrick,"O'Donohue, Patrick",Colgate,Other / Non-D1,2026,31,2,21,0,0,0,0,0,0.0,false,0,0.000,0.3564,1688,57,false,false
Colgate::karwoskigavin,"Karwoski, Gavin",Colgate,Other / Non-D1,2026,32,1,0,0,0,0,0,0,0.0,false,0,0.000,0.3730,1520,61.5,false,false
Colgate::lindquistjames,"Lindquist, James",Colgate,Other / Non-D1,2026,33,1,0,0,0,0,0,0,0.0,false,0,0.000,0.3730,1520,61.5,false,false
New Hampshire::magnssonjochum,"Magnússon, Jochum",New Hampshire,America East,2026,1,2,0,0,0,0,0,0,0.0,false,0,0.000,0.3730,1528,61.5,false,true
New Hampshire::corysean,"Cory, Sean",New Hampshire,America East,2026,31,3,0,0,0,0,0,0,0.0,false,0,0.000,0.3730,1592,61.5,false,true
New Hampshire::zanataandrea,"Zanata, Andrea",New Hampshire,America East,2026,4,3,0,0,0,0,0,0,0.0,false,0,0.000,0.3730,1592,61.5,false,true
New Hampshire::vermillionethan,"Vermillion, Ethan",New Hampshire,America East,2026,15,3,0,0,0,0,0,0,0.0,false,0,0.000,0.3730,1592,61.5,false,true
New Hampshire::firdawcyrayyan,"Firdawcy, Rayyan",New Hampshire,America East,2026,16,3,0,0,0,0,0,0,0.0,false,0,0.000,0.3730,1592,61.5,false,true
New Hampshire::matimanogershom,"Matimano, Gershom",New Hampshire,America East,2026,19,3,0,0,0,0,0,0,0.0,false,0,0.000,0.3730,1592,61.5,false,true
New Hampshire::faddenowen,"Fadden, Owen",New Hampshire,America East,2026,24,3,0,0,0,0,0,0,0.0,false,0,0.000,0.3730,1592,61.5,false,true
New Hampshire::silvaquinn,"Silva, Quinn",New Hampshire,America East,2026,25,3,0,0,0,0,0,0,0.0,false,0,0.000,0.3730,1592,61.5,false,true
New Hampshire::dinizfelipe,"Diniz, Felipe",New Hampshire,America East,2026,26,3,0,0,0,0,0,0,0.0,false,0,0.000,0.3730,1592,61.5,false,true
New Hampshire::hoelscheraugie,"Hoelscher, Augie",New Hampshire,America East,2026,29,3,26,0,0,0,0,0,0.0,false,0,0.000,0.3526,1592,56,false,true
Siena::kellysean,"Kelly, Sean",Siena,Metro,2026,18,2,38,0,0,0,0,0,0.0,false,0,0.000,0.3440,1424,53,false,true
NJIT::faermanandre,"Faerman, Andre",NJIT,America East,2026,32,3,270,0,0,0,0,0,0.0,false,0,0.000,0.2331,1404,4.5,true,true
Incarnate Word::alvarezgianmarco,"Alvarez, Gianmarco",Incarnate Word,Other / Non-D1,2026,0,2,0,0,0,0,0,0,0.0,false,0,0.000,0.3730,1460,61.5,false,false
Incarnate Word::salmeronvictor,"Salmeron, Victor",Incarnate Word,Other / Non-D1,2026,1,2,0,0,0,0,0,0,0.0,false,0,0.000,0.3730,1460,61.5,false,false
Incarnate Word::toberbryce,"Tober, Bryce",Incarnate Word,Other / Non-D1,2026,2,2,157,0,0,0,0,0,0.0,false,0,0.000,0.2765,1460,23,true,false
Incarnate Word::mercadongel,"Mercado, Ángel",Incarnate Word,Other / Non-D1,2026,4,2,0,0,0,0,0,0,0.0,false,0,0.000,0.3730,1460,61.5,false,false
Incarnate Word::torreshazani,"Torres, Hazani",Incarnate Word,Other / Non-D1,2026,5,2,90,0,0,0,0,0,0.0,false,0,0.000,0.3108,1460,43.1,false,false
Incarnate Word::chigedetatenda,"Chigede, Tatenda",Incarnate Word,Other / Non-D1,2026,6,2,0,0,0,0,0,0,0.0,false,0,0.000,0.3730,1460,61.5,false,false
Incarnate Word::hicksknox,"Hicks, Knox",Incarnate Word,Other / Non-D1,2026,9,2,0,0,0,0,0,0,0.0,false,0,0.000,0.3730,1460,61.5,false,false
Incarnate Word::hickeyaidan,"Hickey, Aidan",Incarnate Word,Other / Non-D1,2026,12,2,0,0,0,0,0,0,0.0,false,0,0.000,0.3730,1460,61.5,false,false
Incarnate Word::moralesdarriyn,"Morales, Darriyn",Incarnate Word,Other / Non-D1,2026,13,2,0,0,0,0,0,0,0.0,false,0,0.000,0.3730,1460,61.5,false,false
Incarnate Word::chavirarodrigo,"Chavira, Rodrigo",Incarnate Word,Other / Non-D1,2026,14,2,0,0,0,0,0,0,0.0,false,0,0.000,0.3730,1460,61.5,false,false
Incarnate Word::kamathavaneesh,"Kamath, Avaneesh",Incarnate Word,Other / Non-D1,2026,18,2,88,0,0,0,0,0,0.0,false,0,0.000,0.3120,1460,43.5,false,false
Incarnate Word::martinezemmanuel,"Martinez, Emmanuel",Incarnate Word,Other / Non-D1,2026,20,2,59,0,0,0,0,0,0.0,false,0,0.000,0.3298,1460,49,false,false
Incarnate Word::roblesnoe,"Robles, Noe",Incarnate Word,Other / Non-D1,2026,21,2,84,0,0,0,0,0,0.0,false,0,0.000,0.3143,1460,44.2,false,false
Incarnate Word::kamathaarush,"Kamath, Aarush",Incarnate Word,Other / Non-D1,2026,22,2,165,0,0,0,0,0,0.0,false,0,0.000,0.2729,1460,21.3,true,false
Incarnate Word::alyonessaleh,"Alyones, Saleh",Incarnate Word,Other / Non-D1,2026,24,2,0,0,0,0,0,0,0.0,false,0,0.000,0.3730,1460,61.5,false,false
Incarnate Word::williamsjaylen,"Williams, Jaylen",Incarnate Word,Other / Non-D1,2026,25,2,0,0,0,0,0,0,0.0,false,0,0.000,0.3730,1460,61.5,false,false
Incarnate Word::gyedureagan,"Gyedu, Reagan",Incarnate Word,Other / Non-D1,2026,30,2,180,0,0,0,0,0,0.0,false,0,0.000,0.2664,1460,16.6,true,false
UMass Lowell::jimenezisai,"Jimenez, Isai",UMass Lowell,America East,2026,00,3,0,0,0,0,0,0,0.0,false,0,0.000,0.3730,1310,61.5,false,true
UMass Lowell::magotaeijin,"Magota, Eijin",UMass Lowell,America East,2026,24,3,0,0,0,0,0,0,0.0,false,0,0.000,0.3730,1310,61.5,false,true
UMass Lowell::fengli,"Feng, Li",UMass Lowell,America East,2026,2,3,0,0,0,0,0,0,0.0,false,0,0.000,0.3730,1310,61.5,false,true
UMass Lowell::wohlthenry,"Wohlt, Henry",UMass Lowell,America East,2026,3,3,54,0,0,0,0,0,0.0,false,0,0.000,0.3331,1310,50.2,false,true
UMass Lowell::dufraichelouis,"Dufraiche, Louis",UMass Lowell,America East,2026,4,3,0,0,0,0,0,0,0.0,false,0,0.000,0.3730,1310,61.5,false,true
UMass Lowell::kinjosho,"Kinjo, Sho",UMass Lowell,America East,2026,6,3,208,0,0,0,0,0,0.0,false,0,0.000,0.2551,1310,12.4,true,true
UMass Lowell::dasilvacristiano,"Da Silva, Cristiano",UMass Lowell,America East,2026,8,3,214,0,0,0,0,0,0.0,false,0,0.000,0.2528,1310,11.6,true,true
UMass Lowell::phamjustin,"Pham, Justin",UMass Lowell,America East,2026,11,3,0,0,0,0,0,0,0.0,false,0,0.000,0.3730,1310,61.5,false,true
UMass Lowell::youngethan,"Young, Ethan",UMass Lowell,America East,2026,12,3,0,0,0,0,0,0,0.0,false,0,0.000,0.3730,1310,61.5,false,true
UMass Lowell::makarmaxim,"Makar, Maxim",UMass Lowell,America East,2026,15,3,26,0,0,0,0,0,0.0,false,0,0.000,0.3526,1310,56,false,true
UMass Lowell::oldenburgmarinho,"Oldenburg, Marinho",UMass Lowell,America East,2026,17,3,126,0,0,0,0,0,0.0,false,0,0.000,0.2914,1310,31.7,true,true
UMass Lowell::inthisoneben,"Inthisone, Ben",UMass Lowell,America East,2026,18,3,54,0,0,0,0,0,0.0,false,0,0.000,0.3331,1310,50.2,false,true
UMass Lowell::dugganliam,"Duggan, Liam",UMass Lowell,America East,2026,23,3,108,0,0,0,0,0,0.0,false,0,0.000,0.3008,1310,37.1,true,true
UMass Lowell::nouaimegeorge,"Nouaime, George",UMass Lowell,America East,2026,25,3,0,0,0,0,0,0,0.0,false,0,0.000,0.3730,1310,61.5,false,true
UMass Lowell::harariyiftah,"Harari, Yiftah",UMass Lowell,America East,2026,27,3,38,0,0,0,0,0,0.0,false,0,0.000,0.3440,1310,53,false,true
UMass Lowell::mahnjeremy,"Mahn, Jeremy",UMass Lowell,America East,2026,33,3,0,0,0,0,0,0,0.0,false,0,0.000,0.3730,1310,61.5,false,true
UMass Lowell::wisdomarchie,"Wisdom, Archie",UMass Lowell,America East,2026,66,3,189,0,0,0,0,0,0.0,false,0,0.000,0.2627,1310,15.2,true,true
George Mason::desrochesjack,"Desroches, Jack",George Mason,Atlantic 10,2026,33,1,62,0,0,0,0,0,0.0,false,0,0.000,0.3278,1849,48.6,false,true
George Mason::orellanajeremy,"Orellana, Jeremy",George Mason,Atlantic 10,2026,13,1,16,0,0,0,0,0,0.0,false,0,0.000,0.3602,1849,58,false,true
George Mason::mequanintamanueil,"Mequanint, Amanueil",George Mason,Atlantic 10,2026,22,1,20,0,0,0,0,0,0.0,false,0,0.000,0.3571,1849,57.2,false,true
Vermont::hercegniklas,"Herceg, Niklas",Vermont,America East,2026,1,3,270,0,0,0,0,0,0.0,false,0,0.000,0.2331,1544,4.5,true,true
Vermont::mougenotkoffijeandavid,"Mougenot Koffi, Jean-David",Vermont,America East,2026,5,2,170,0,0,0,0,0,0.0,false,0,0.000,0.2707,1470,20.3,true,true
Vermont::barlownash,"Barlow, Nash",Vermont,America East,2026,8,3,176,0,0,0,0,0,0.0,false,0,0.000,0.2681,1544,19.2,true,true
Vermont::aguilarpatrick,"Aguilar, Patrick",Vermont,America East,2026,26,3,249,0,0,0,0,0,0.0,false,0,0.000,0.2401,1544,7.7,true,true
Charlotte::mumfordeli,"Mumford, Eli",Charlotte,American,2026,0,2,0,0,0,0,0,0,0.0,false,0,0.000,0.3730,1553,61.5,false,true
Charlotte::hollowayxavier,"Holloway, Xavier",Charlotte,American,2026,2,3,203,0,0,0,0,0,0.0,false,0,0.000,0.2571,1655,13.1,true,true
Charlotte::velosodiogo,"Veloso, Diogo",Charlotte,American,2026,3,2,0,0,0,0,0,0,0.0,false,0,0.000,0.3730,1553,61.5,false,true
Charlotte::fazendadiogo,"Fazenda, Diogo",Charlotte,American,2026,7,3,173,0,0,0,0,0,0.0,false,0,0.000,0.2694,1655,19.7,true,true
Charlotte::willcoxowen,"Willcox, Owen",Charlotte,American,2026,15,2,0,0,0,0,0,0,0.0,false,0,0.000,0.3730,1553,61.5,false,true
Charlotte::nyandjojames,"Nyandjo, James",Charlotte,American,2026,16,3,111,0,0,0,0,0,0.0,false,0,0.000,0.2992,1655,36,true,true
Charlotte::titaramie,"Tita, Ramie",Charlotte,American,2026,18,2,0,0,0,0,0,0,0.0,false,0,0.000,0.3730,1553,61.5,false,true
Charlotte::atlasonisak,"Atlason, Isak",Charlotte,American,2026,20,3,121,0,0,0,0,0,0.0,false,0,0.000,0.2940,1655,33,true,true
Charlotte::petzlandon,"Petz, Landon",Charlotte,American,2026,21,2,16,0,0,0,0,0,0.0,false,0,0.000,0.3602,1553,58,false,true
Charlotte::fisherben,"Fisher, Ben",Charlotte,American,2026,23,2,0,0,0,0,0,0,0.0,false,0,0.000,0.3730,1553,61.5,false,true
Charlotte::lavielleluc,"Lavielle, Luc",Charlotte,American,2026,24,2,0,0,0,0,0,0,0.0,false,0,0.000,0.3730,1553,61.5,false,true
Charlotte::schweighardtzachary,"Schweighardt, Zachary",Charlotte,American,2026,28,2,0,0,0,0,0,0,0.0,false,0,0.000,0.3730,1553,61.5,false,true
Charlotte::arsvollelias,"Arsvoll, Elias",Charlotte,American,2026,32,3,92,0,0,0,0,0,0.0,false,0,0.000,0.3097,1655,42.4,true,true
West Virginia::starkskendall,"Starks, Kendall",West Virginia,Sun Belt,2026,18,1,0,0,0,0,0,0,0.0,false,0,0.000,0.3730,1676,61.5,false,true
West Virginia::collinschase,"Collins, Chase",West Virginia,Sun Belt,2026,40,1,0,0,0,0,0,0,0.0,false,0,0.000,0.3730,1676,61.5,false,true
West Virginia::hogbenharry,"Hogben, Harry",West Virginia,Sun Belt,2026,2,2,20,0,0,0,0,0,0.0,false,0,0.000,0.3571,1696,57.2,false,true
West Virginia::veldhorstthijs,"Veldhorst, Thijs",West Virginia,Sun Belt,2026,6,1,0,0,0,0,0,0,0.0,false,0,0.000,0.3730,1676,61.5,false,true
West Virginia::dudockjoshua,"Dudock, Joshua",West Virginia,Sun Belt,2026,11,1,0,0,0,0,0,0,0.0,false,0,0.000,0.3730,1676,61.5,false,true
West Virginia::bushtyler,"Bush, Tyler",West Virginia,Sun Belt,2026,12,1,23,0,0,0,0,0,0.0,false,0,0.000,0.3549,1676,56.6,false,true
West Virginia::blankchristian,"Blank, Christian",West Virginia,Sun Belt,2026,13,1,0,0,0,0,0,0,0.0,false,0,0.000,0.3730,1676,61.5,false,true
West Virginia::macomberbrayden,"Macomber, Brayden",West Virginia,Sun Belt,2026,15,1,0,0,0,0,0,0,0.0,false,0,0.000,0.3730,1676,61.5,false,true
West Virginia::jonesjoshua,"Jones, Joshua",West Virginia,Sun Belt,2026,16,2,16,0,0,0,0,0,0.0,false,0,0.000,0.3602,1696,58,false,true
West Virginia::kahlgrafton,"Kahl, Grafton",West Virginia,Sun Belt,2026,22,1,0,0,0,0,0,0,0.0,false,0,0.000,0.3730,1676,61.5,false,true
West Virginia::whitelucas,"White, Lucas",West Virginia,Sun Belt,2026,23,1,0,0,0,0,0,0,0.0,false,0,0.000,0.3730,1676,61.5,false,true
West Virginia::burkesebastian,"Burke, Sebastian",West Virginia,Sun Belt,2026,29,3,26,0,0,0,0,0,0.0,false,0,0.000,0.3526,1632,56,false,true
West Virginia::marinomichael,"Marino, Michael",West Virginia,Sun Belt,2026,30,1,0,0,0,0,0,0,0.0,false,0,0.000,0.3730,1676,61.5,false,true
West Virginia::chustmark,"Chust, Mark",West Virginia,Sun Belt,2026,31,1,0,0,0,0,0,0,0.0,false,0,0.000,0.3730,1676,61.5,false,true
West Virginia::alvarezjuan,"Alvarez, Juan",West Virginia,Sun Belt,2026,37,1,0,0,0,0,0,0,0.0,false,0,0.000,0.3730,1676,61.5,false,true
West Virginia::birtwistleharry,"Birtwistle, Harry",West Virginia,Sun Belt,2026,66,1,0,0,0,0,0,0,0.0,false,0,0.000,0.3730,1676,61.5,false,true
FIU::piccardomatteo,"Piccardo, Matteo",FIU,American,2026,18,3,113,0,0,0,0,0,0.0,false,0,0.000,0.2981,1618,35.3,true,true
Belmont University::leonardadam,"Leonard, Adam",Belmont University,Missouri Valley,2026,32,2,0,0,0,0,0,0,0.0,false,0,0.000,0.3730,1335,61.5,false,true
Belmont University::roachjack,"Roach, Jack",Belmont University,Missouri Valley,2026,33,2,0,0,0,0,0,0,0.0,false,0,0.000,0.3730,1335,61.5,false,true
Belmont University::hendrixpalmer,"Hendrix, Palmer",Belmont University,Missouri Valley,2026,2,3,26,0,0,0,0,0,0.0,false,0,0.000,0.3526,1330,56,false,true
Belmont University::stantonzach,"Stanton, Zach",Belmont University,Missouri Valley,2026,3,2,0,0,0,0,0,0,0.0,false,0,0.000,0.3730,1335,61.5,false,true
Belmont University::robertsoncaleb,"Robertson, Caleb",Belmont University,Missouri Valley,2026,8,2,0,0,0,0,0,0,0.0,false,0,0.000,0.3730,1335,61.5,false,true
Belmont University::robinsonhayden,"Robinson, Hayden",Belmont University,Missouri Valley,2026,13,3,99,0,0,0,0,0,0.0,false,0,0.000,0.3058,1330,39.8,true,true
Belmont University::deciccioleon,"De Ciccio, Leon",Belmont University,Missouri Valley,2026,16,3,269,0,0,0,0,0,0.0,false,0,0.000,0.2335,1330,6.4,true,true
Belmont University::leecallum,"Lee, Callum",Belmont University,Missouri Valley,2026,18,2,0,0,0,0,0,0,0.0,false,0,0.000,0.3730,1335,61.5,false,true
Belmont University::vidrasculucas,"Vidrascu, Lucas",Belmont University,Missouri Valley,2026,22,2,24,0,0,0,0,0,0.0,false,0,0.000,0.3541,1335,56.4,false,true
Belmont University::abdelhadizain,"Abdelhadi, Zain",Belmont University,Missouri Valley,2026,28,2,47,0,0,0,0,0,0.0,false,0,0.000,0.3377,1335,51.3,false,true
Belmont University::stantondru,"Stanton, Dru",Belmont University,Missouri Valley,2026,29,2,14,0,0,0,0,0,0.0,false,0,0.000,0.3618,1335,58.5,false,true
Quinnipiac::raudenbushbrayden,"Raudenbush, Brayden",Quinnipiac,Metro,2026,12,2,0,0,0,0,0,0,0.0,false,0,0.000,0.3730,1633,61.5,false,true
Quinnipiac::balderramaemilio,"Balderrama, Emilio",Quinnipiac,Metro,2026,26,2,0,0,0,0,0,0,0.0,false,0,0.000,0.3730,1633,61.5,false,true
Quinnipiac::ostfynn,"Ost, Fynn",Quinnipiac,Metro,2026,3,3,270,0,0,0,0,0,0.0,false,0,0.000,0.2331,1551,4.5,true,true
Quinnipiac::gloriesroigdidac,"Glories Roig, Didac",Quinnipiac,Metro,2026,4,3,69,0,0,0,0,0,0.0,false,0,0.000,0.3234,1551,47.6,false,true
Quinnipiac::vanharenniels,"Van Haren, Niels",Quinnipiac,Metro,2026,5,3,202,0,0,0,0,0,0.0,false,0,0.000,0.2575,1551,13.2,true,true
Quinnipiac::balbinomateo,"Balbino, Mateo",Quinnipiac,Metro,2026,8,2,0,0,0,0,0,0,0.0,false,0,0.000,0.3730,1633,61.5,false,true
Quinnipiac::hernandezjuan,"Hernandez, Juan",Quinnipiac,Metro,2026,15,2,11,0,0,0,0,0,0.0,false,0,0.000,0.3641,1633,59,false,true
Quinnipiac::dipalmaflavio,"Di Palma, Flavio",Quinnipiac,Metro,2026,16,2,5,0,0,0,0,0,0.0,false,0,0.000,0.3689,1633,60.3,false,true
Quinnipiac::sigurjonssonsindri,"Sigurjonsson, Sindri",Quinnipiac,Metro,2026,18,2,0,0,0,0,0,0,0.0,false,0,0.000,0.3730,1633,61.5,false,true
Quinnipiac::coughlinlogan,"Coughlin, Logan",Quinnipiac,Metro,2026,24,2,0,0,0,0,0,0,0.0,false,0,0.000,0.3730,1633,61.5,false,true
Quinnipiac::badeaumakai,"Badeau, Makai",Quinnipiac,Metro,2026,25,2,12,0,0,0,0,0,0.0,false,0,0.000,0.3633,1633,59,false,true
Quinnipiac::stmartinayden,"St.Martin, Ayden",Quinnipiac,Metro,2026,28,3,7,0,0,0,0,0,0.0,false,0,0.000,0.3673,1551,59.8,false,true
South Florida::axtmaneric,"Axtman, Eric",South Florida,American,2026,0,3,0,0,0,0,0,0,0.0,false,0,0.000,0.3730,1383,61.5,false,true
South Florida::guirymikey,"Guiry, Mikey",South Florida,American,2026,30,3,0,0,0,0,0,0,0.0,false,0,0.000,0.3730,1383,61.5,false,true
South Florida::steinhaeusermarcus,"Steinhaeuser, Marcus",South Florida,American,2026,31,3,0,0,0,0,0,0,0.0,false,0,0.000,0.3730,1383,61.5,false,true
South Florida::harrismicah,"Harris, Micah",South Florida,American,2026,2,3,270,0,0,0,0,0,0.0,false,0,0.000,0.2331,1383,4.5,true,true
South Florida::cobianfelipe,"Cobian, Felipe",South Florida,American,2026,3,3,0,0,0,0,0,0,0.0,false,0,0.000,0.3730,1383,61.5,false,true
South Florida::volcycharles,"Volcy, Charles",South Florida,American,2026,4,3,230,0,0,0,0,0,0.0,false,0,0.000,0.2468,1383,10,true,true
South Florida::frascaanthony,"Frasca, Anthony",South Florida,American,2026,5,3,83,0,0,0,0,0,0.0,false,0,0.000,0.3149,1383,44.5,false,true
South Florida::oyakageoffrey,"Oyaka, Geoffrey",South Florida,American,2026,7,3,4,0,0,0,0,0,0.0,false,0,0.000,0.3697,1383,60.5,false,true
South Florida::sanchezdiego,"Sanchez, Diego",South Florida,American,2026,10,3,177,0,0,0,0,0,0.0,false,0,0.000,0.2677,1383,19,true,true
South Florida::kieferjack,"Kiefer, Jack",South Florida,American,2026,15,3,0,0,0,0,0,0,0.0,false,0,0.000,0.3730,1383,61.5,false,true
South Florida::williamsmicah,"Williams, Micah",South Florida,American,2026,17,3,0,0,0,0,0,0,0.0,false,0,0.000,0.3730,1383,61.5,false,true
South Florida::dialloserigne,"Diallo, Serigne",South Florida,American,2026,19,3,0,0,0,0,0,0,0.0,false,0,0.000,0.3730,1383,61.5,false,true
South Florida::healyliam,"Healy, Liam",South Florida,American,2026,20,3,18,0,0,0,0,0,0.0,false,0,0.000,0.3587,1383,57.6,false,true
South Florida::mondragonmarcelo,"Mondragon, Marcelo",South Florida,American,2026,23,3,0,0,0,0,0,0,0.0,false,0,0.000,0.3730,1383,61.5,false,true
South Florida::garamarotem,"Garama, Rotem",South Florida,American,2026,24,3,59,0,0,0,0,0,0.0,false,0,0.000,0.3298,1383,49,false,true
South Florida::wandlingbaden,"Wandling, Baden",South Florida,American,2026,26,3,2,0,0,0,0,0,0.0,false,0,0.000,0.3714,1383,61.2,false,true
Winthrop::kugelyannis,"Kugel, Yannis",Winthrop,Big South,2026,13,1,0,0,0,0,0,0,0.0,false,0,0.000,0.3730,1560,61.5,false,true
Winthrop::christensenkevin,"Christensen, Kevin",Winthrop,Big South,2026,22,1,0,0,0,0,0,0,0.0,false,0,0.000,0.3730,1560,61.5,false,true
Winthrop::mathiasensebastian,"Mathiasen, Sebastian",Winthrop,Big South,2026,2,1,0,0,0,0,0,0,0.0,false,0,0.000,0.3730,1560,61.5,false,true
Winthrop::castrovaldezemidio,"Castro-Valdez, Emidio",Winthrop,Big South,2026,3,1,0,0,0,0,0,0,0.0,false,0,0.000,0.3730,1560,61.5,false,true
Winthrop::readcody,"Read, Cody",Winthrop,Big South,2026,6,1,90,0,0,0,0,0,0.0,false,0,0.000,0.3108,1560,43.1,false,true
Winthrop::marksethan,"Marks, Ethan",Winthrop,Big South,2026,7,1,0,0,0,0,0,0,0.0,false,0,0.000,0.3730,1560,61.5,false,true
Winthrop::badenjuma,"Baden, Juma",Winthrop,Big South,2026,11,1,55,0,0,0,0,0,0.0,false,0,0.000,0.3324,1560,49.9,false,true
Winthrop::alomarjasim,"Alomar, Jasim",Winthrop,Big South,2026,24,1,0,0,0,0,0,0,0.0,false,0,0.000,0.3730,1560,61.5,false,true
Villanova::johnstonedane,"Johnstone, Dane",Villanova,Big East,2026,23,1,0,0,0,0,0,0,0.0,false,0,0.000,0.3730,1288,61.5,false,true
Villanova::wisemancooper,"Wiseman, Cooper",Villanova,Big East,2026,38,1,0,0,0,0,0,0,0.0,false,0,0.000,0.3730,1288,61.5,false,true
Villanova::tolsoncam,"Tolson, Cam",Villanova,Big East,2026,2,1,0,0,0,0,0,0,0.0,false,0,0.000,0.3730,1288,61.5,false,true
Villanova::oladelejosh,"Oladele, Josh",Villanova,Big East,2026,3,1,0,0,0,0,0,0,0.0,false,0,0.000,0.3730,1288,61.5,false,true
Villanova::avaloslorenzo,"Avalos, Lorenzo",Villanova,Big East,2026,5,3,270,0,0,0,0,0,0.0,false,0,0.000,0.2331,1449,4.5,true,true
Villanova::zaretsermikhail,"Zaretser, Mikhail",Villanova,Big East,2026,6,3,158,0,0,0,0,0,0.0,false,0,0.000,0.2761,1449,22.8,true,true
Villanova::mazzolamarcello,"Mazzola, Marcello",Villanova,Big East,2026,7,1,0,0,0,0,0,0,0.0,false,0,0.000,0.3730,1288,61.5,false,true
Villanova::danielsjavon,"Daniels, Javon",Villanova,Big East,2026,9,3,90,0,0,0,0,0,0.0,false,0,0.000,0.3108,1449,43.1,false,true
Villanova::nyenkasam,"Nyenka, Sam",Villanova,Big East,2026,11,3,116,0,0,0,0,0,0.0,false,0,0.000,0.2966,1449,34.4,true,true
Villanova::zulmanjasper,"Zulman, Jasper",Villanova,Big East,2026,12,3,270,0,0,0,0,0,0.0,false,0,0.000,0.2331,1449,4.5,true,true
Villanova::randjayse,"Rand, Jayse",Villanova,Big East,2026,14,3,135,0,0,0,0,0,0.0,false,0,0.000,0.2869,1449,28.6,true,true
Villanova::rairickjoshua,"Rairick, Joshua",Villanova,Big East,2026,16,1,0,0,0,0,0,0,0.0,false,0,0.000,0.3730,1288,61.5,false,true
Villanova::chrisafinismaximos,"Chrisafinis, Maximos",Villanova,Big East,2026,17,3,119,0,0,0,0,0,0.0,false,0,0.000,0.2950,1449,33.6,true,true
Villanova::spitznaglewill,"Spitznagle, Will",Villanova,Big East,2026,22,1,29,0,0,0,0,0,0.0,false,0,0.000,0.3504,1288,55.4,false,true
Villanova::buccinibalthazar,"Buccini, Balthazar",Villanova,Big East,2026,24,1,7,0,0,0,0,0,0.0,false,0,0.000,0.3673,1288,59.8,false,true
Temple University::villalobosjason,"Villalobos , Jason",Temple University,American,2026,0,3,0,0,0,0,0,0,0.0,false,0,0.000,0.3730,1505,61.5,false,true
Temple University::sumnernore,"Sumner, Nore",Temple University,American,2026,4,3,270,0,0,0,0,0,0.0,false,0,0.000,0.2331,1505,4.5,true,true
Temple University::siravomichael,"Siravo, Michael",Temple University,American,2026,5,3,0,0,0,0,0,0,0.0,false,0,0.000,0.3730,1505,61.5,false,true
Temple University::panaiteadrian,"Panaite, Adrian",Temple University,American,2026,9,3,17,0,0,0,0,0,0.0,false,0,0.000,0.3594,1505,57.8,false,true
Temple University::strandteo,"Strand, Teo",Temple University,American,2026,10,3,134,0,0,0,0,0,0.0,false,0,0.000,0.2874,1505,29.4,true,true
Temple University::schwartzraz,"Schwartz, Raz",Temple University,American,2026,11,3,0,0,0,0,0,0,0.0,false,0,0.000,0.3730,1505,61.5,false,true
Temple University::perezanthony,"Perez, Anthony",Temple University,American,2026,12,3,25,0,0,0,0,0,0.0,false,0,0.000,0.3534,1505,56.2,false,true
Temple University::akimashota,"Akima , Shota",Temple University,American,2026,13,3,0,0,0,0,0,0,0.0,false,0,0.000,0.3730,1505,61.5,false,true
Temple University::jordheimsimon,"Jordheim, Simon",Temple University,American,2026,14,3,1,0,0,0,0,0,0.0,false,0,0.000,0.3722,1505,61.4,false,true
Temple University::rigbertelliot,"Rigbert, Elliot",Temple University,American,2026,15,3,0,0,0,0,0,0,0.0,false,0,0.000,0.3730,1505,61.5,false,true
Temple University::endozochad,"Endozo , Chad",Temple University,American,2026,19,3,48,0,0,0,0,0,0.0,false,0,0.000,0.3371,1505,51.1,false,true
Temple University::williamscohen,"Williams, Cohen",Temple University,American,2026,22,3,89,0,0,0,0,0,0.0,false,0,0.000,0.3114,1505,43.3,false,true
Temple University::amaralfarlley,"Amaral , Farlley",Temple University,American,2026,24,3,117,0,0,0,0,0,0.0,false,0,0.000,0.2960,1505,34.1,true,true
Temple University::hussaintaimoor,"Hussain, Taimoor",Temple University,American,2026,25,3,165,0,0,0,0,0,0.0,false,0,0.000,0.2729,1505,21.3,true,true
Temple University::williamsjalen,"Williams, Jalen",Temple University,American,2026,28,3,0,0,0,0,0,0,0.0,false,0,0.000,0.3730,1505,61.5,false,true
Temple University::dandridgeharrison,"Dandridge, Harrison",Temple University,American,2026,29,3,5,0,0,0,0,0,0.0,false,0,0.000,0.3689,1505,60.3,false,true
Temple University::kayedylan,"Kaye, Dylan",Temple University,American,2026,31,3,0,0,0,0,0,0,0.0,false,0,0.000,0.3730,1505,61.5,false,true
UIC::kulykovartem,"Kulykov, Artem",UIC,Missouri Valley,2026,30,1,0,0,0,0,0,0,0.0,false,0,0.000,0.3730,1504,61.5,false,true
UIC::floresbrandon,"Flores, Brandon",UIC,Missouri Valley,2026,31,1,0,0,0,0,0,0,0.0,false,0,0.000,0.3730,1504,61.5,false,true
UIC::galantejoey,"Galante, Joey",UIC,Missouri Valley,2026,99,1,0,0,0,0,0,0,0.0,false,0,0.000,0.3730,1504,61.5,false,true
UIC::zanijaime,"Zani, Jaime",UIC,Missouri Valley,2026,7,2,32,0,0,0,0,0,0.0,false,0,0.000,0.3483,1505,54.3,false,true
UIC::wardkyle,"Ward, Kyle",UIC,Missouri Valley,2026,13,2,54,0,0,0,0,0,0.0,false,0,0.000,0.3331,1505,50.2,false,true
UIC::carrollpreston,"Carroll, Preston",UIC,Missouri Valley,2026,15,1,0,0,0,0,0,0,0.0,false,0,0.000,0.3730,1504,61.5,false,true
UIC::eliadisvasilis,"Eliadis, Vasilis",UIC,Missouri Valley,2026,16,2,28,0,0,0,0,0,0.0,false,0,0.000,0.3512,1505,55.6,false,true
UIC::navarrodaniel,"Navarro, Daniel",UIC,Missouri Valley,2026,20,1,13,0,0,0,0,0,0.0,false,0,0.000,0.3625,1504,58.7,false,true
UIC::dabicstefan,"Dabic, Stefan",UIC,Missouri Valley,2026,23,1,0,0,0,0,0,0,0.0,false,0,0.000,0.3730,1504,61.5,false,true
UIC::montesaiden,"Montes, Aiden",UIC,Missouri Valley,2026,26,1,0,0,0,0,0,0,0.0,false,0,0.000,0.3730,1504,61.5,false,true
Lipscomb::mejiagabriel,"Mejia, Gabriel",Lipscomb,ASUN,2026,13,2,0,0,0,0,0,0,0.0,false,0,0.000,0.3730,1562,61.5,false,true
Lipscomb::kumpnoah,"Kump, Noah",Lipscomb,ASUN,2026,22,2,0,0,0,0,0,0,0.0,false,0,0.000,0.3730,1562,61.5,false,true
Lipscomb::valentirmarco,"Valentir, Marco",Lipscomb,ASUN,2026,31,2,0,0,0,0,0,0,0.0,false,0,0.000,0.3730,1562,61.5,false,true
Lipscomb::karsentykylian,"Karsenty, Kylian",Lipscomb,ASUN,2026,3,2,90,0,0,0,0,0,0.0,false,0,0.000,0.3108,1562,43.1,false,true
Lipscomb::hyltoncaleb,"Hylton, Caleb",Lipscomb,ASUN,2026,4,2,0,0,0,0,0,0,0.0,false,0,0.000,0.3730,1562,61.5,false,true
Lipscomb::kirehyonis,"Kireh, Yonis",Lipscomb,ASUN,2026,5,2,180,0,0,0,0,0,0.0,false,0,0.000,0.2664,1562,16.6,true,true
Lipscomb::infantecapdepontarmando,"Infante Capdepont, Armando",Lipscomb,ASUN,2026,6,2,0,0,0,0,0,0,0.0,false,0,0.000,0.3730,1562,61.5,false,true
Lipscomb::gilsanzmario,"Gil Sanz, Mario",Lipscomb,ASUN,2026,7,2,0,0,0,0,0,0,0.0,false,0,0.000,0.3730,1562,61.5,false,true
Lipscomb::ariasmathew,"Arias, Mathew",Lipscomb,ASUN,2026,8,2,20,0,0,0,0,0,0.0,false,0,0.000,0.3571,1562,57.2,false,true
Lipscomb::coopermason,"Cooper, Mason",Lipscomb,ASUN,2026,9,2,0,0,0,0,0,0,0.0,false,0,0.000,0.3730,1562,61.5,false,true
Lipscomb::ramirezdiego,"Ramirez, Diego",Lipscomb,ASUN,2026,12,2,0,0,0,0,0,0,0.0,false,0,0.000,0.3730,1562,61.5,false,true
Lipscomb::smallscoby,"Smalls, Coby",Lipscomb,ASUN,2026,15,2,13,0,0,0,0,0,0.0,false,0,0.000,0.3625,1562,58.7,false,true
Lipscomb::kennedyzach,"Kennedy, Zach",Lipscomb,ASUN,2026,16,2,4,0,0,0,0,0,0.0,false,0,0.000,0.3697,1562,60.5,false,true
Lipscomb::stinnetttyler,"Stinnett, Tyler",Lipscomb,ASUN,2026,21,2,0,0,0,0,0,0,0.0,false,0,0.000,0.3730,1562,61.5,false,true
Lipscomb::wesongazinedine,"Wesonga, Zinedine",Lipscomb,ASUN,2026,23,2,0,0,0,0,0,0,0.0,false,0,0.000,0.3730,1562,61.5,false,true
Lipscomb::hetricksimon,"Hetrick, Simon",Lipscomb,ASUN,2026,24,2,0,0,0,0,0,0,0.0,false,0,0.000,0.3730,1562,61.5,false,true
Lipscomb::lombarditony,"Lombardi, Tony",Lipscomb,ASUN,2026,26,2,0,0,0,0,0,0,0.0,false,0,0.000,0.3730,1562,61.5,false,true
Lipscomb::starzlnathanael,"Starzl, Nathanael",Lipscomb,ASUN,2026,27,2,0,0,0,0,0,0,0.0,false,0,0.000,0.3730,1562,61.5,false,true
Lipscomb::daviscaleb,"Davis, Caleb",Lipscomb,ASUN,2026,28,2,67,0,0,0,0,0,0.0,false,0,0.000,0.3247,1562,47.8,false,true
Lipscomb::hanlonluke,"Hanlon, Luke",Lipscomb,ASUN,2026,29,2,41,0,0,0,0,0,0.0,false,0,0.000,0.3419,1562,52.5,false,true
Lipscomb::russellrobert,"Russell, Robert",Lipscomb,ASUN,2026,30,2,0,0,0,0,0,0,0.0,false,0,0.000,0.3730,1562,61.5,false,true
Lipscomb::vsquezfranco,"Vásquez, Franco",Lipscomb,ASUN,2026,32,2,55,0,0,0,0,0,0.0,false,0,0.000,0.3324,1562,49.9,false,true
Lipscomb::piduttijames,"Pidutti, James",Lipscomb,ASUN,2026,33,2,114,0,0,0,0,0,0.0,false,0,0.000,0.2976,1562,35,true,true
Lipscomb::hawleyluke,"Hawley, Luke",Lipscomb,ASUN,2026,34,2,15,0,0,0,0,0,0.0,false,0,0.000,0.3610,1562,58.2,false,true
Lipscomb::wintjayden,"Wint, Jayden",Lipscomb,ASUN,2026,35,2,0,0,0,0,0,0,0.0,false,0,0.000,0.3730,1562,61.5,false,true
University of Evansville::bencicwill,"Bencic, Will",University of Evansville,Missouri Valley,2026,3,3,169,0,0,0,0,0,0.0,false,0,0.000,0.2712,1612,20.7,true,true
University of Evansville::wallermichael,"Waller, Michael",University of Evansville,Missouri Valley,2026,15,2,80,0,0,0,0,0,0.0,false,0,0.000,0.3167,1603,45.2,false,true
University of Evansville::martinmarc,"Martin, Marc",University of Evansville,Missouri Valley,2026,23,3,270,0,0,0,0,0,0.0,false,0,0.000,0.2331,1612,4.5,true,true
University of Evansville::williamslionel,"Williams, Lionel",University of Evansville,Missouri Valley,2026,17,3,100,0,0,0,0,0,0.0,false,0,0.000,0.3052,1612,39.6,true,true
University of Evansville::koziurabenjie,"Koziura, Benjie",University of Evansville,Missouri Valley,2026,19,3,101,0,0,0,0,0,0.0,false,0,0.000,0.3046,1612,39.2,true,true
University of Evansville::campbellmalike,"Campbell, Malike",University of Evansville,Missouri Valley,2026,21,2,10,0,0,0,0,0,0.0,false,0,0.000,0.3649,1603,59.3,false,true
University of Evansville::peresmichael,"Peres, Michael",University of Evansville,Missouri Valley,2026,25,2,26,0,0,0,0,0,0.0,false,0,0.000,0.3526,1603,56,false,true
Bellarmine::trowelsawyer,"Trowel, Sawyer",Bellarmine,ASUN,2026,25,1,8,0,0,0,0,0,0.0,false,0,0.000,0.3665,1584,59.7,false,true
Central Arkansas::cookmerrick,"Cook, Merrick",Central Arkansas,ASUN,2026,1,3,270,0,0,0,0,0,0.0,false,0,0.000,0.2331,1507,4.5,true,true
Central Arkansas::germaindavid,"Germain, David",Central Arkansas,ASUN,2026,15,1,25,0,0,0,0,0,0.0,false,0,0.000,0.3534,1552,56.2,false,true
Central Arkansas::matsudokaisei,"Matsudo, Kaisei",Central Arkansas,ASUN,2026,18,3,268,0,0,0,0,0,0.0,false,0,0.000,0.2338,1507,6.4,true,true
Central Arkansas::navadanny,"Nava, Danny",Central Arkansas,ASUN,2026,29,3,241,0,0,0,0,0,0.0,false,0,0.000,0.2429,1507,8.9,true,true
Central Arkansas::mwambajoseph,"Mwamba, Joseph",Central Arkansas,ASUN,2026,34,3,246,0,0,0,0,0,0.0,false,0,0.000,0.2412,1507,8.2,true,true
Central Arkansas::sidickcisseaboubacar,"Sidick Cisse, Aboubacar",Central Arkansas,ASUN,2026,5,3,52,0,0,0,0,0,0.0,false,0,0.000,0.3344,1507,50.5,false,true
Central Arkansas::aselldouglas,"Asell, Douglas",Central Arkansas,ASUN,2026,12,3,72,0,0,0,0,0,0.0,false,0,0.000,0.3216,1507,47.2,false,true
Central Arkansas::switzersamuel,"Switzer, Samuel",Central Arkansas,ASUN,2026,20,3,145,0,0,0,0,0,0.0,false,0,0.000,0.2821,1507,25.9,true,true
Central Arkansas::amezcuatristan,"Amezcua, Tristan",Central Arkansas,ASUN,2026,28,1,58,0,0,0,0,0,0.0,false,0,0.000,0.3304,1552,49.2,false,true
Drake::barrettryder,"Barrett, Ryder",Drake,Missouri Valley,2026,29,2,45,0,0,0,0,0,0.0,false,0,0.000,0.3391,1491,51.8,false,true
FGCU::lacayomarcelo,"Lacayo, Marcelo",FGCU,ASUN,2026,1,3,270,0,0,0,0,0,0.0,false,0,0.000,0.2331,1519,4.5,true,true
FGCU::nobochristian,"Nobo, Christian",FGCU,ASUN,2026,23,2,118,0,0,0,0,0,0.0,false,0,0.000,0.2955,1569,33.8,true,true
FGCU::escobarjose,"Escobar, Jose",FGCU,ASUN,2026,21,3,72,0,0,0,0,0,0.0,false,0,0.000,0.3216,1519,47.2,false,true
FGCU::hornjrchristopher,"Horn Jr., Christopher",FGCU,ASUN,2026,31,1,3,0,0,0,0,0,0.0,false,0,0.000,0.3705,1628,60.9,false,true
Georgia Southern::maximluca,"Maxim, Luca",Georgia Southern,Sun Belt,2026,1,2,180,0,0,0,0,0,0.0,false,0,0.000,0.2664,1421,16.6,true,true
Georgia Southern::floresalan,"Flores, Alan",Georgia Southern,Sun Belt,2026,18,3,162,0,0,0,0,0,0.0,false,0,0.000,0.2743,1453,21.9,true,true
Georgia Southern::seherjulien,"Seher, Julien",Georgia Southern,Sun Belt,2026,8,2,26,0,0,0,0,0,0.0,false,0,0.000,0.3526,1456,56,false,true
Georgia Southern::oconnorjoe,"O'Connor, Joe",Georgia Southern,Sun Belt,2026,10,3,122,0,0,0,0,0,0.0,false,0,0.000,0.2935,1453,32.8,true,true
Georgia Southern::moodiepaul,"Moodie, Paul",Georgia Southern,Sun Belt,2026,27,2,25,0,0,0,0,0,0.0,false,0,0.000,0.3534,1456,56.2,false,true
Jacksonville::havigsimen,"Havig, Simen",Jacksonville,ASUN,2026,1,3,270,0,0,0,0,0,0.0,false,0,0.000,0.2331,1451,4.5,true,true
Jacksonville::paulsennahne,"Paulsen, Nahne",Jacksonville,ASUN,2026,2,3,206,0,0,0,0,0,0.0,false,0,0.000,0.2559,1451,12.5,true,true
Jacksonville::libertsimon,"Libert, Simon",Jacksonville,ASUN,2026,4,3,270,0,0,0,0,0,0.0,false,0,0.000,0.2331,1451,4.5,true,true
Jacksonville::carrilloalejandro,"Carrillo, Alejandro",Jacksonville,ASUN,2026,23,3,259,0,0,0,0,0,0.0,false,0,0.000,0.2368,1451,6.9,true,true
Jacksonville::dennislandon,"Dennis, Landon",Jacksonville,ASUN,2026,24,3,90,0,0,0,0,0,0.0,false,0,0.000,0.3108,1451,43.1,false,true
Houston Christian::makattaleo,"Makatta, Leo",Houston Christian,Ohio Valley,2026,22,3,78,0,0,0,0,0,0.0,false,0,0.000,0.3179,1439,45.7,false,true
Houston Christian::grotechris,"Grote, Chris",Houston Christian,Ohio Valley,2026,27,3,270,0,0,0,0,0,0.0,false,0,0.000,0.2331,1439,4.5,true,true
Houston Christian::pintusluca,"Pintus, Luca",Houston Christian,Ohio Valley,2026,23,3,42,0,0,0,0,0,0.0,false,0,0.000,0.3412,1439,52.3,false,true
Houston Christian::isaacdanny,"Isaac, Danny",Houston Christian,Ohio Valley,2026,36,2,11,0,0,0,0,0,0.0,false,0,0.000,0.3641,1439,59,false,true
North Florida::poolaakash,"Poola, Akash",North Florida,ASUN,2026,00,3,0,0,0,0,0,0,0.0,false,0,0.000,0.3730,1512,61.5,false,true
North Florida::gainsaustin,"Gains, Austin",North Florida,ASUN,2026,30,3,0,0,0,0,0,0,0.0,false,0,0.000,0.3730,1512,61.5,false,true
North Florida::prebendatyler,"Prebenda, Tyler",North Florida,ASUN,2026,2,3,99,0,0,0,0,0,0.0,false,0,0.000,0.3058,1512,39.8,true,true
North Florida::mattocksalfie,"Mattocks, Alfie",North Florida,ASUN,2026,3,3,0,0,0,0,0,0,0.0,false,0,0.000,0.3730,1512,61.5,false,true
North Florida::graycameron,"Gray, Cameron",North Florida,ASUN,2026,6,3,193,0,0,0,0,0,0.0,false,0,0.000,0.2611,1512,14.5,true,true
North Florida::lewisowen,"Lewis, Owen",North Florida,ASUN,2026,12,3,0,0,0,0,0,0,0.0,false,0,0.000,0.3730,1512,61.5,false,true
North Florida::calazansrobert,"Calazans, Robert",North Florida,ASUN,2026,13,3,0,0,0,0,0,0,0.0,false,0,0.000,0.3730,1512,61.5,false,true
North Florida::moriokaryuta,"Morioka, Ryuta",North Florida,ASUN,2026,16,3,54,0,0,0,0,0,0.0,false,0,0.000,0.3331,1512,50.2,false,true
North Florida::trtoomar,"Trto, Omar",North Florida,ASUN,2026,18,3,42,0,0,0,0,0,0.0,false,0,0.000,0.3412,1512,52.3,false,true
North Florida::trtoemir,"Trto, Emir",North Florida,ASUN,2026,19,3,89,0,0,0,0,0,0.0,false,0,0.000,0.3114,1512,43.3,false,true
North Florida::tildentyler,"Tilden, Tyler",North Florida,ASUN,2026,20,3,0,0,0,0,0,0,0.0,false,0,0.000,0.3730,1512,61.5,false,true
North Florida::sadiqkadin,"Sadiq, Kadin",North Florida,ASUN,2026,22,3,0,0,0,0,0,0,0.0,false,0,0.000,0.3730,1512,61.5,false,true
North Florida::alesmilan,"Ales, Milan",North Florida,ASUN,2026,24,3,40,0,0,0,0,0,0.0,false,0,0.000,0.3426,1512,52.7,false,true
North Florida::maricsasha,"Maric, Sasha",North Florida,ASUN,2026,25,3,5,0,0,0,0,0,0.0,false,0,0.000,0.3689,1512,60.3,false,true
North Florida::tafurtnicolas,"Tafurt, Nicolas",North Florida,ASUN,2026,26,3,0,0,0,0,0,0,0.0,false,0,0.000,0.3730,1512,61.5,false,true
North Florida::kapelagermain,"Kapela, Germain",North Florida,ASUN,2026,27,3,149,0,0,0,0,0,0.0,false,0,0.000,0.2802,1512,25,true,true
North Florida::choyurok,"Cho, Yurok",North Florida,ASUN,2026,28,3,31,0,0,0,0,0,0.0,false,0,0.000,0.3490,1512,54.8,false,true
North Florida::freiretarik,"Freire, Tarik",North Florida,ASUN,2026,33,3,0,0,0,0,0,0,0.0,false,0,0.000,0.3730,1512,61.5,false,true
South Carolina::shieldsalex,"Shields, Alex",South Carolina,Sun Belt,2026,25,2,30,0,0,0,0,0,0.0,false,0,0.000,0.3497,1475,55,false,true
South Carolina::kilstromjack,"Kilstrom, Jack",South Carolina,Sun Belt,2026,27,2,0,0,0,0,0,0,0.0,false,0,0.000,0.3730,1475,61.5,false,true
South Carolina::graysonjamie,"Grayson, Jamie",South Carolina,Sun Belt,2026,2,3,62,0,0,0,0,0,0.0,false,0,0.000,0.3278,1568,48.6,false,true
South Carolina::wallisbenjamin,"Wallis, Benjamin",South Carolina,Sun Belt,2026,5,2,16,0,0,0,0,0,0.0,false,0,0.000,0.3602,1475,58,false,true
South Carolina::praykeaton,"Pray, Keaton",South Carolina,Sun Belt,2026,13,3,28,0,0,0,0,0,0.0,false,0,0.000,0.3512,1568,55.6,false,true
South Carolina::armstrongoliver,"Armstrong, Oliver",South Carolina,Sun Belt,2026,15,3,135,0,0,0,0,0,0.0,false,0,0.000,0.2869,1568,28.6,true,true
South Carolina::feoligustavo,"Feoli, Gustavo",South Carolina,Sun Belt,2026,18,2,12,0,0,0,0,0,0.0,false,0,0.000,0.3633,1475,59,false,true
South Carolina::karpkieran,"Karp, Kieran",South Carolina,Sun Belt,2026,21,3,141,0,0,0,0,0,0.0,false,0,0.000,0.2840,1568,26.9,true,true
South Carolina::lanzashawn,"Lanza, Shawn",South Carolina,Sun Belt,2026,23,2,48,0,0,0,0,0,0.0,false,0,0.000,0.3371,1475,51.1,false,true
South Carolina::nickersongabe,"Nickerson, Gabe",South Carolina,Sun Belt,2026,30,1,52,0,0,0,0,0,0.0,false,0,0.000,0.3344,1607,50.5,false,true
ETSU::graciakoke,"Gracia, Koke",ETSU,Southern,2026,3,2,94,0,0,0,0,0,0.0,false,0,0.000,0.3086,1567,41.6,true,true
ETSU::martinezhugo,"Martinez, Hugo",ETSU,Southern,2026,4,2,180,0,0,0,0,0,0.0,false,0,0.000,0.2664,1567,16.6,true,true
ETSU::odorcicmarko,"Odorcic, Marko",ETSU,Southern,2026,6,2,145,0,0,0,0,0,0.0,false,0,0.000,0.2821,1567,25.9,true,true
ETSU::gonzalezjoe,"Gonzalez, Joe",ETSU,Southern,2026,12,2,59,0,0,0,0,0,0.0,false,0,0.000,0.3298,1567,49,false,true
ETSU::franksnoah,"Franks, Noah",ETSU,Southern,2026,14,2,85,0,0,0,0,0,0.0,false,0,0.000,0.3138,1567,44.1,false,true
ETSU::delellismatias,"Delellis, Matias",ETSU,Southern,2026,8,1,14,0,0,0,0,0,0.0,false,0,0.000,0.3618,1381,58.5,false,true
ETSU::kingdakota,"King, Dakota",ETSU,Southern,2026,11,2,52,0,0,0,0,0,0.0,false,0,0.000,0.3344,1567,50.5,false,true
ETSU::delangejonathan,"De Lange, Jonathan",ETSU,Southern,2026,19,1,26,0,0,0,0,0,0.0,false,0,0.000,0.3526,1381,56,false,true
ETSU::hinesjacob,"Hines, Jacob",ETSU,Southern,2026,24,2,14,0,0,0,0,0,0.0,false,0,0.000,0.3618,1567,58.5,false,true
ETSU::wortonshewit,"Worton, Shewit",ETSU,Southern,2026,25,2,62,0,0,0,0,0,0.0,false,0,0.000,0.3278,1567,48.6,false,true
ETSU::hendriksulysses,"Hendriks, Ulysses",ETSU,Southern,2026,5,2,62,0,0,0,0,0,0.0,false,0,0.000,0.3278,1567,48.6,false,true
Queens::hartevan,"Hart, Evan",Queens,ASUN,2026,1,2,90,0,0,0,0,0,0.0,false,0,0.000,0.3108,1557,43.1,false,true
Queens::perezdavid,"Perez, David",Queens,ASUN,2026,6,2,5,0,0,0,0,0,0.0,false,0,0.000,0.3689,1557,60.3,false,true
Charleston::duskecharlie,"Duske, Charlie",Charleston,CAA,2026,28,1,0,0,0,0,0,0,0.0,false,0,0.000,0.3730,1553,61.5,false,true
Charleston::drumhudson,"Drum, Hudson",Charleston,CAA,2026,30,1,0,0,0,0,0,0,0.0,false,0,0.000,0.3730,1553,61.5,false,true
Charleston::rambertjavien,"Rambert, Javien",Charleston,CAA,2026,2,3,143,0,0,0,0,0,0.0,false,0,0.000,0.2831,1467,26.4,true,true
Charleston::toulsondan,"Toulson, Dan",Charleston,CAA,2026,4,3,138,0,0,0,0,0,0.0,false,0,0.000,0.2855,1467,27.9,true,true
Charleston::bellisifederico,"Bellisi, Federico",Charleston,CAA,2026,5,3,150,0,0,0,0,0,0.0,false,0,0.000,0.2798,1467,24.7,true,true
Charleston::ferrermatasignacio,"Ferrer Matas, Ignacio",Charleston,CAA,2026,6,1,0,0,0,0,0,0,0.0,false,0,0.000,0.3730,1553,61.5,false,true
Charleston::ollearnau,"Olle, Arnau",Charleston,CAA,2026,8,3,152,0,0,0,0,0,0.0,false,0,0.000,0.2788,1467,24.2,true,true
Charleston::vaskoryan,"Vasko, Ryan",Charleston,CAA,2026,13,1,0,0,0,0,0,0,0.0,false,0,0.000,0.3730,1553,61.5,false,true
Charleston::goetzkeezequielemanuele,"Goetzke, Ezequiel Emanuele",Charleston,CAA,2026,14,1,0,0,0,0,0,0,0.0,false,0,0.000,0.3730,1553,61.5,false,true
Charleston::baldwinben,"Baldwin, Ben",Charleston,CAA,2026,16,3,232,0,0,0,0,0,0.0,false,0,0.000,0.2461,1467,9.8,true,true
Charleston::mihajlovicmarko,"Mihajlovic, Marko",Charleston,CAA,2026,19,1,0,0,0,0,0,0,0.0,false,0,0.000,0.3730,1553,61.5,false,true
Charleston::rayramsey,"Ray, Ramsey",Charleston,CAA,2026,20,1,0,0,0,0,0,0,0.0,false,0,0.000,0.3730,1553,61.5,false,true
Charleston::alibaruhobemanzi,"Alibaruho, Bemanzi",Charleston,CAA,2026,22,3,73,0,0,0,0,0,0.0,false,0,0.000,0.3210,1467,46.8,false,true
Charleston::gasicluka,"Gasic, Luka",Charleston,CAA,2026,23,2,1,0,0,0,0,0,0.0,false,0,0.000,0.3722,1466,61.4,false,true
Charleston::catesreeves,"Cates, Reeves",Charleston,CAA,2026,24,1,0,0,0,0,0,0,0.0,false,0,0.000,0.3730,1553,61.5,false,true
Charleston::watsonjames,"Watson, James",Charleston,CAA,2026,25,1,0,0,0,0,0,0,0.0,false,0,0.000,0.3730,1553,61.5,false,true
Charleston::killeenpaul,"Killeen, Paul",Charleston,CAA,2026,27,2,51,0,0,0,0,0,0.0,false,0,0.000,0.3350,1466,50.7,false,true
Davidson College::hanasben,"Hanas, Ben",Davidson College,Atlantic 10,2026,0,2,0,0,0,0,0,0,0.0,false,0,0.000,0.3730,1538,61.5,false,true
Davidson College::ellisowen,"Ellis, Owen",Davidson College,Atlantic 10,2026,35,2,0,0,0,0,0,0,0.0,false,0,0.000,0.3730,1538,61.5,false,true
Davidson College::hugheshampton,"Hughes, Hampton",Davidson College,Atlantic 10,2026,2,2,0,0,0,0,0,0,0.0,false,0,0.000,0.3730,1538,61.5,false,true
Davidson College::armisteadgrayson,"Armistead, Grayson",Davidson College,Atlantic 10,2026,4,2,26,0,0,0,0,0,0.0,false,0,0.000,0.3526,1538,56,false,true
Davidson College::romanmichael,"Roman, Michael",Davidson College,Atlantic 10,2026,5,2,112,0,0,0,0,0,0.0,false,0,0.000,0.2987,1538,35.6,true,true
Davidson College::culleymyles,"Culley, Myles",Davidson College,Atlantic 10,2026,7,2,0,0,0,0,0,0,0.0,false,0,0.000,0.3730,1538,61.5,false,true
Davidson College::castellinimateo,"Castellini, Mateo",Davidson College,Atlantic 10,2026,8,2,14,0,0,0,0,0,0.0,false,0,0.000,0.3618,1538,58.5,false,true
Davidson College::louzannoah,"Louzan, Noah",Davidson College,Atlantic 10,2026,10,2,45,0,0,0,0,0,0.0,false,0,0.000,0.3391,1538,51.8,false,true
Davidson College::meyersneil,"Meyers, Neil",Davidson College,Atlantic 10,2026,13,2,0,0,0,0,0,0,0.0,false,0,0.000,0.3730,1538,61.5,false,true
Davidson College::ramosjp,"Ramos, JP",Davidson College,Atlantic 10,2026,16,2,77,0,0,0,0,0,0.0,false,0,0.000,0.3185,1538,45.9,false,true
Davidson College::tobolskiarden,"Tobolski, Arden",Davidson College,Atlantic 10,2026,17,2,30,0,0,0,0,0,0.0,false,0,0.000,0.3497,1538,55,false,true
Davidson College::quanbecknico,"Quanbeck, Nico",Davidson College,Atlantic 10,2026,19,2,0,0,0,0,0,0,0.0,false,0,0.000,0.3730,1538,61.5,false,true
Davidson College::minikellacocqueben,"Minikel-Lacocque, Ben",Davidson College,Atlantic 10,2026,20,2,0,0,0,0,0,0,0.0,false,0,0.000,0.3730,1538,61.5,false,true
Davidson College::akerelechristian,"Akerele, Christian",Davidson College,Atlantic 10,2026,23,2,0,0,0,0,0,0,0.0,false,0,0.000,0.3730,1538,61.5,false,true
Davidson College::simpsontheo,"Simpson, Theo",Davidson College,Atlantic 10,2026,24,2,60,0,0,0,0,0,0.0,false,0,0.000,0.3291,1538,48.9,false,true
Davidson College::zeballosnico,"Zeballos, Nico",Davidson College,Atlantic 10,2026,27,2,107,0,0,0,0,0,0.0,false,0,0.000,0.3014,1538,37.3,true,true
Dayton::bouravieiramiguel,"Boura Vieira, Miguel",Dayton,Atlantic 10,2026,1,1,90,0,0,0,0,0,0.0,false,0,0.000,0.3108,1767,43.1,false,true
Dayton::bazanedgar,"Bazan, Edgar",Dayton,Atlantic 10,2026,14,2,23,0,0,0,0,0,0.0,false,0,0.000,0.3549,1525,56.6,false,true
Dayton::camachojaydus,"Camacho, Jaydus",Dayton,Atlantic 10,2026,5,1,1,0,0,0,0,0,0.0,false,0,0.000,0.3722,1767,61.4,false,true
Dayton::marshalljacob,"Marshall, Jacob",Dayton,Atlantic 10,2026,22,2,14,0,0,0,0,0,0.0,false,0,0.000,0.3618,1682,58.5,false,true
Akron::tolabafrancisco,"Tolaba, Francisco",Akron,Big East,2026,20,3,78,0,0,0,0,0,0.0,false,0,0.000,0.3179,1581,45.7,false,true
Akron::gazisioannis,"Gazis, Ioannis",Akron,Big East,2026,5,3,9,0,0,0,0,0,0.0,false,0,0.000,0.3657,1581,59.5,false,true
Akron::perezcole,"Perez, Cole",Akron,Big East,2026,12,3,9,0,0,0,0,0,0.0,false,0,0.000,0.3657,1581,59.5,false,true
Duquesne::fiscusluke,"Fiscus, Luke",Duquesne,Atlantic 10,2026,32,3,99,0,0,0,0,0,0.0,false,0,0.000,0.3058,1382,39.8,true,true
Fordham::perelmanleo,"Perelman, Leo",Fordham,Atlantic 10,2026,1,1,70,0,0,0,0,0,0.0,false,0,0.000,0.3228,1499,47.5,false,true
Fordham::hsujason,"Hsu, Jason",Fordham,Atlantic 10,2026,6,3,260,0,0,0,0,0,0.0,false,0,0.000,0.2364,1509,6.7,true,true
Fordham::disessanicholas,"Di Sessa, Nicholas",Fordham,Atlantic 10,2026,10,3,139,0,0,0,0,0,0.0,false,0,0.000,0.2850,1509,27.5,true,true
Fordham::lekovicmirko,"Lekovic, Mirko",Fordham,Atlantic 10,2026,26,2,39,0,0,0,0,0,0.0,false,0,0.000,0.3433,1529,52.8,false,true
Fordham::kashishayon,"Kashi , Shayon",Fordham,Atlantic 10,2026,0,3,200,0,0,0,0,0,0.0,false,0,0.000,0.2582,1509,13.4,true,true
Gonzaga::vandeijckjelle,"Van Deijck, Jelle",Gonzaga,Pac-12,2026,28,3,106,0,0,0,0,0,0.0,false,0,0.000,0.3019,1561,37.6,true,true
George Washington::martinjp,"Martin, JP",George Washington,Atlantic 10,2026,0,2,0,0,0,0,0,0,0.0,false,0,0.000,0.3730,1393,61.5,false,true
George Washington::peadiego,"Peña, Diego",George Washington,Atlantic 10,2026,30,2,0,0,0,0,0,0,0.0,false,0,0.000,0.3730,1393,61.5,false,true
George Washington::meloneyjeremy,"Meloney, Jeremy",George Washington,Atlantic 10,2026,2,2,92,0,0,0,0,0,0.0,false,0,0.000,0.3097,1393,42.4,true,true
George Washington::cremaschisanti,"Cremaschi, Santi",George Washington,Atlantic 10,2026,3,2,37,0,0,0,0,0,0.0,false,0,0.000,0.3447,1393,53.1,false,true
George Washington::caldaslucas,"Caldas, Lucas",George Washington,Atlantic 10,2026,18,2,0,0,0,0,0,0,0.0,false,0,0.000,0.3730,1393,61.5,false,true
George Washington::russjoel,"Russ, Joel",George Washington,Atlantic 10,2026,19,2,6,0,0,0,0,0,0.0,false,0,0.000,0.3681,1393,60.1,false,true
George Washington::alsabaghomar,"Alsabagh, Omar",George Washington,Atlantic 10,2026,20,2,0,0,0,0,0,0,0.0,false,0,0.000,0.3730,1393,61.5,false,true
George Washington::medinanico,"Medina, Nico",George Washington,Atlantic 10,2026,21,2,0,0,0,0,0,0,0.0,false,0,0.000,0.3730,1393,61.5,false,true
George Washington::russconnor,"Russ, Connor",George Washington,Atlantic 10,2026,24,2,0,0,0,0,0,0,0.0,false,0,0.000,0.3730,1393,61.5,false,true
Old Dominion::camargodiego,"Camargo, Diego",Old Dominion,Sun Belt,2026,1,2,0,0,0,0,0,0,0.0,false,0,0.000,0.3730,1355,61.5,false,true
Old Dominion::bellinalogan,"Bellina, Logan",Old Dominion,Sun Belt,2026,24,2,0,0,0,0,0,0,0.0,false,0,0.000,0.3730,1355,61.5,false,true
Old Dominion::caprilejacopo,"Caprile, Jacopo",Old Dominion,Sun Belt,2026,2,3,29,0,0,0,0,0,0.0,false,0,0.000,0.3504,1465,55.4,false,true
Old Dominion::dawsonhuw,"Dawson, Huw",Old Dominion,Sun Belt,2026,6,2,0,0,0,0,0,0,0.0,false,0,0.000,0.3730,1355,61.5,false,true
Old Dominion::waylandmicah,"Wayland, Micah",Old Dominion,Sun Belt,2026,14,2,0,0,0,0,0,0,0.0,false,0,0.000,0.3730,1355,61.5,false,true
Old Dominion::pagefraser,"Page, Fraser",Old Dominion,Sun Belt,2026,16,3,50,0,0,0,0,0,0.0,false,0,0.000,0.3357,1465,50.8,false,true
Old Dominion::marquezjaykob,"Marquez, Jaykob",Old Dominion,Sun Belt,2026,19,3,0,0,0,0,0,0,0.0,false,0,0.000,0.3730,1465,61.5,false,true
Old Dominion::moffattmatthew,"Moffatt, Matthew",Old Dominion,Sun Belt,2026,20,3,35,0,0,0,0,0,0.0,false,0,0.000,0.3461,1465,53.5,false,true
Old Dominion::alvesnicholas,"Alves, Nicholas",Old Dominion,Sun Belt,2026,21,2,38,0,0,0,0,0,0.0,false,0,0.000,0.3440,1355,53,false,true
Old Dominion::dessalegnmichael,"Dessalegn, Michael",Old Dominion,Sun Belt,2026,22,3,121,0,0,0,0,0,0.0,false,0,0.000,0.2940,1465,33,true,true
Old Dominion::bugnilogan,"Bugni, Logan",Old Dominion,Sun Belt,2026,25,2,0,0,0,0,0,0,0.0,false,0,0.000,0.3730,1355,61.5,false,true
Old Dominion::yoshikawakosuke,"Yoshikawa, Kosuke",Old Dominion,Sun Belt,2026,27,3,259,0,0,0,0,0,0.0,false,0,0.000,0.2368,1465,6.9,true,true
Old Dominion::morristyzion,"Morris, Tyzion",Old Dominion,Sun Belt,2026,28,2,0,0,0,0,0,0,0.0,false,0,0.000,0.3730,1355,61.5,false,true
Old Dominion::grafmaximilian,"Graf, Maximilian",Old Dominion,Sun Belt,2026,29,2,0,0,0,0,0,0,0.0,false,0,0.000,0.3730,1355,61.5,false,true
Loyola Chicago::herbelchase,"Herbel, Chase",Loyola Chicago,Atlantic 10,2026,29,2,180,0,0,0,0,0,0.0,false,0,0.000,0.2664,1462,16.6,true,true
Green Bay::cruzgiovanni,"Cruz, Giovanni",Green Bay,Other / Non-D1,2026,2,3,270,0,0,0,0,0,0.0,false,0,0.000,0.2331,1457,4.5,true,false
Green Bay::heldkamden,"Held, Kamden",Green Bay,Other / Non-D1,2026,12,3,90,0,0,0,0,0,0.0,false,0,0.000,0.3108,1457,43.1,false,false
Green Bay::hendricksnathan,"Hendricks, Nathan",Green Bay,Other / Non-D1,2026,24,3,143,0,0,0,0,0,0.0,false,0,0.000,0.2831,1457,26.4,true,false
Stonehill College::kuzmichalex,"Kuzmich, Alex",Stonehill College,NEC,2026,12,3,128,0,0,0,0,0,0.0,false,0,0.000,0.2904,1371,31,true,true
Stonehill College::chahalxavier,"Chahal, Xavier",Stonehill College,NEC,2026,18,3,270,0,0,0,0,0,0.0,false,0,0.000,0.2331,1371,4.5,true,true
Stonehill College::kahawaijaxson,"Kahawai, Jaxson",Stonehill College,NEC,2026,29,3,204,0,0,0,0,0,0.0,false,0,0.000,0.2567,1371,12.9,true,true
Stonehill College::vanderhagenfelix,"Van der Hagen, Felix",Stonehill College,NEC,2026,35,3,270,0,0,0,0,0,0.0,false,0,0.000,0.2331,1371,4.5,true,true
Stonehill College::melloowen,"Mello, Owen",Stonehill College,NEC,2026,32,3,95,0,0,0,0,0,0.0,false,0,0.000,0.3080,1371,41.1,true,true
St. Bonaventure::skurekharvey,"Skurek, Harvey",St. Bonaventure,Atlantic 10,2026,13,1,22,0,0,0,0,0,0.0,false,0,0.000,0.3556,1304,56.9,false,true
Seattle::bieberlevi,"Bieber, Levi",Seattle,West Coast,2026,1,2,90,0,0,0,0,0,0.0,false,0,0.000,0.3108,1679,43.1,false,true
Seattle::garrettquinn,"Garrett, Quinn",Seattle,West Coast,2026,19,2,172,0,0,0,0,0,0.0,false,0,0.000,0.2699,1679,20,true,true
Saint Louis::pereirajoao,"Pereira, Joao",Saint Louis,Atlantic 10,2026,6,2,145,0,0,0,0,0,0.0,false,0,0.000,0.2821,1597,25.9,true,true
Saint Louis::oneilxavi,"O'Neil, Xavi",Saint Louis,Atlantic 10,2026,11,2,76,0,0,0,0,0,0.0,false,0,0.000,0.3191,1713,46.1,false,true
Saint Louis::fournierdrake,"Fournier, Drake",Saint Louis,Atlantic 10,2026,19,2,112,0,0,0,0,0,0.0,false,0,0.000,0.2987,1713,35.6,true,true
Saint Louis::mcpartlinlucas,"McPartlin, Lucas",Saint Louis,Atlantic 10,2026,30,2,180,0,0,0,0,0,0.0,false,0,0.000,0.2664,1597,16.6,true,true
Saint Louis::henrygershon,"Henry, Gershon",Saint Louis,Atlantic 10,2026,3,3,106,0,0,0,0,0,0.0,false,0,0.000,0.3019,1671,37.6,true,true
Saint Louis::knodlecarter,"Knodle, Carter",Saint Louis,Atlantic 10,2026,15,1,8,0,0,0,0,0,0.0,false,0,0.000,0.3665,1607,59.7,false,true
Saint Louis::badhkavi,"Badh, Kavi",Saint Louis,Atlantic 10,2026,24,1,16,0,0,0,0,0,0.0,false,0,0.000,0.3602,1607,58,false,true
Saint Louis::torresaxel,"Torres, Axel",Saint Louis,Atlantic 10,2026,26,1,27,0,0,0,0,0,0.0,false,0,0.000,0.3519,1607,55.9,false,true
Saint Louis::kalishsam,"Kalish, Sam",Saint Louis,Atlantic 10,2026,27,1,8,0,0,0,0,0,0.0,false,0,0.000,0.3665,1607,59.7,false,true
Saint Louis::ponciroliluke,"Ponciroli, Luke",Saint Louis,Atlantic 10,2026,33,3,154,0,0,0,0,0,0.0,false,0,0.000,0.2779,1671,23.7,true,true
VCU::drennantheo,"Drennan, Theo",VCU,Atlantic 10,2026,4,3,270,0,0,0,0,0,0.0,false,0,0.000,0.2331,1684,4.5,true,true
VCU::salmonpedro,"Salmon, Pedro",VCU,Atlantic 10,2026,5,3,270,0,0,0,0,0,0.0,false,0,0.000,0.2331,1684,4.5,true,true
VCU::cheethamjordan,"Cheetham, Jordan",VCU,Atlantic 10,2026,6,3,251,0,0,0,0,0,0.0,false,0,0.000,0.2395,1684,7.4,true,true
VCU::hayesnikita,"Hayes, Nikita",VCU,Atlantic 10,2026,7,3,168,0,0,0,0,0,0.0,false,0,0.000,0.2716,1684,20.9,true,true
VCU::simkinsparker,"Simkins, Parker",VCU,Atlantic 10,2026,12,3,80,0,0,0,0,0,0.0,false,0,0.000,0.3167,1684,45.2,false,true
VCU::vasquezesteban,"Vasquez, Esteban",VCU,Atlantic 10,2026,20,3,143,0,0,0,0,0,0.0,false,0,0.000,0.2831,1684,26.4,true,true
VCU::pakcaleb,"Pak, Caleb",VCU,Atlantic 10,2026,23,3,60,0,0,0,0,0,0.0,false,0,0.000,0.3291,1684,48.9,false,true
VCU::johnsonty,"Johnson, Ty",VCU,Atlantic 10,2026,27,3,111,0,0,0,0,0,0.0,false,0,0.000,0.2992,1684,36,true,true
VCU::ndimubandibya,"Ndimubandi, Bya",VCU,Atlantic 10,2026,8,3,84,0,0,0,0,0,0.0,false,0,0.000,0.3143,1684,44.2,false,true
VCU::forstnathan,"Forst, Nathan",VCU,Atlantic 10,2026,18,3,9,0,0,0,0,0,0.0,false,0,0.000,0.3657,1684,59.5,false,true
VCU::olivaricky,"Oliva, Ricky",VCU,Atlantic 10,2026,30,3,9,0,0,0,0,0,0.0,false,0,0.000,0.3657,1684,59.5,false,true
UNC Greensboro::wilsonseth,"Wilson, Seth",UNC Greensboro,Southern,2026,1,3,270,0,0,0,0,0,0.0,false,0,0.000,0.2331,1613,4.5,true,true
UNC Greensboro::bennetzenbendix,"Bennetzen, Bendix",UNC Greensboro,Southern,2026,25,3,208,0,0,0,0,0,0.0,false,0,0.000,0.2551,1613,12.4,true,true
UNC Greensboro::sumailamohammed,"Sumaila, Mohammed",UNC Greensboro,Southern,2026,26,3,246,0,0,0,0,0,0.0,false,0,0.000,0.2412,1613,8.2,true,true
UNC Greensboro::dehartgavin,"DeHart, Gavin",UNC Greensboro,Southern,2026,2,1,13,0,0,0,0,0,0.0,false,0,0.000,0.3625,1551,58.7,false,true
UNC Greensboro::desravinsnaej,"Desravins, Naej",UNC Greensboro,Southern,2026,8,1,6,0,0,0,0,0,0.0,false,0,0.000,0.3681,1551,60.1,false,true
UNC Greensboro::saeveraassigurd,"Saeveraas, Sigurd",UNC Greensboro,Southern,2026,10,1,35,0,0,0,0,0,0.0,false,0,0.000,0.3461,1551,53.5,false,true
UNC Greensboro::lamethan,"Lam, Ethan",UNC Greensboro,Southern,2026,12,1,12,0,0,0,0,0,0.0,false,0,0.000,0.3633,1551,59,false,true
UNC Greensboro::salterben,"Salter, Ben",UNC Greensboro,Southern,2026,16,2,24,0,0,0,0,0,0.0,false,0,0.000,0.3541,1591,56.4,false,true
UNC Greensboro::poveromomason,"Poveromo, Mason",UNC Greensboro,Southern,2026,24,1,6,0,0,0,0,0,0.0,false,0,0.000,0.3681,1551,60.1,false,true
UNC Greensboro::haggertysho,"Haggerty, Sho",UNC Greensboro,Southern,2026,27,1,6,0,0,0,0,0,0.0,false,0,0.000,0.3681,1551,60.1,false,true
Bradley::barrettmitchell,"Barrett, Mitchell",Bradley,Other / Non-D1,2026,27,1,0,0,0,0,0,0,0.0,false,0,0.000,0.3730,1342,61.5,false,false
Bradley::heiarjoseph,"Heiar, Joseph",Bradley,Other / Non-D1,2026,38,1,0,0,0,0,0,0,0.0,false,0,0.000,0.3730,1342,61.5,false,false
Bradley::kafedzicanel,"Kafedzic, Anel",Bradley,Other / Non-D1,2026,2,2,87,0,0,0,0,0,0.0,false,0,0.000,0.3126,1388,43.7,false,false
Bradley::meyersrichterluca,"Meyers-Richter, Luca",Bradley,Other / Non-D1,2026,4,3,241,0,0,0,0,0,0.0,false,0,0.000,0.2429,1379,8.9,true,false
Bradley::musschootcohen,"Musschoot, Cohen",Bradley,Other / Non-D1,2026,8,3,216,0,0,0,0,0,0.0,false,0,0.000,0.2520,1379,11.5,true,false
Bradley::eldaifbeshoy,"Eldaif, Beshoy",Bradley,Other / Non-D1,2026,12,2,7,0,0,0,0,0,0.0,false,0,0.000,0.3673,1388,59.8,false,false
Bradley::pinoalejandro,"Pino, Alejandro",Bradley,Other / Non-D1,2026,14,2,20,0,0,0,0,0,0.0,false,0,0.000,0.3571,1388,57.2,false,false
Bradley::frankcaden,"Frank, Caden",Bradley,Other / Non-D1,2026,16,2,5,0,0,0,0,0,0.0,false,0,0.000,0.3689,1388,60.3,false,false
Bradley::abdullaiardit,"Abdullai, Ardit",Bradley,Other / Non-D1,2026,17,1,0,0,0,0,0,0,0.0,false,0,0.000,0.3730,1342,61.5,false,false
Bradley::franksadrian,"Franks, Adrian",Bradley,Other / Non-D1,2026,22,3,212,0,0,0,0,0,0.0,false,0,0.000,0.2536,1379,11.8,true,false
Bradley::jamesiipercy,"James II, Percy",Bradley,Other / Non-D1,2026,25,1,0,0,0,0,0,0,0.0,false,0,0.000,0.3730,1342,61.5,false,false
Bradley::reyesivan,"Reyes, Ivan",Bradley,Other / Non-D1,2026,30,1,0,0,0,0,0,0,0.0,false,0,0.000,0.3730,1342,61.5,false,false
Bradley::grahamtommy,"Graham, Tommy",Bradley,Other / Non-D1,2026,32,1,0,0,0,0,0,0,0.0,false,0,0.000,0.3730,1342,61.5,false,false
Bradley::nmengahfranc,"Nmengah, Franc",Bradley,Other / Non-D1,2026,36,2,66,0,0,0,0,0,0.0,false,0,0.000,0.3253,1388,48,false,false
Bradley::fergusonian,"Ferguson, Ian",Bradley,Other / Non-D1,2026,37,3,109,0,0,0,0,0,0.0,false,0,0.000,0.3003,1379,36.7,true,false
DePaul::velaconnor,"Vela, Connor",DePaul,Big East,2026,18,3,0,0,0,0,0,0,0.0,false,0,0.000,0.3730,1416,61.5,false,true
DePaul::wachseli,"Wachs, Eli",DePaul,Big East,2026,2,3,0,0,0,0,0,0,0.0,false,0,0.000,0.3730,1416,61.5,false,true
DePaul::pimentellogan,"Pimentel, Logan",DePaul,Big East,2026,15,3,0,0,0,0,0,0,0.0,false,0,0.000,0.3730,1416,61.5,false,true
DePaul::herreraemir,"Herrera, Emir",DePaul,Big East,2026,16,3,0,0,0,0,0,0,0.0,false,0,0.000,0.3730,1416,61.5,false,true
DePaul::lairdnathan,"Laird, Nathan",DePaul,Big East,2026,17,3,0,0,0,0,0,0,0.0,false,0,0.000,0.3730,1416,61.5,false,true
DePaul::duncansam,"Duncan, Sam",DePaul,Big East,2026,28,3,32,0,0,0,0,0,0.0,false,0,0.000,0.3483,1416,54.3,false,true
Oakland::ubaydiquentin,"Ubaydi, Quentin",Oakland,Horizon,2026,0,2,0,0,0,0,0,0,0.0,false,0,0.000,0.3730,1547,61.5,false,true
Oakland::stanajsebastian,"Stanaj, Sebastian",Oakland,Horizon,2026,1,2,0,0,0,0,0,0,0.0,false,0,0.000,0.3730,1547,61.5,false,true
Oakland::francoujoshua,"Francou, Joshua",Oakland,Horizon,2026,3,2,56,0,0,0,0,0,0.0,false,0,0.000,0.3317,1547,49.6,false,true
Oakland::marsdentyler,"Marsden, Tyler",Oakland,Horizon,2026,4,3,53,0,0,0,0,0,0.0,false,0,0.000,0.3337,1532,50.4,false,true
Oakland::haineaultedouard,"Haineault, Edouard",Oakland,Horizon,2026,6,2,133,0,0,0,0,0,0.0,false,0,0.000,0.2879,1547,29.6,true,true
Oakland::jeanlegerchristopher,"Jean Leger, Christopher",Oakland,Horizon,2026,7,2,83,0,0,0,0,0,0.0,false,0,0.000,0.3149,1547,44.5,false,true
Oakland::combsevan,"Combs, Evan",Oakland,Horizon,2026,8,2,0,0,0,0,0,0,0.0,false,0,0.000,0.3730,1547,61.5,false,true
Oakland::gjokajgabe,"Gjokaj, Gabe",Oakland,Horizon,2026,10,2,0,0,0,0,0,0,0.0,false,0,0.000,0.3730,1547,61.5,false,true
Oakland::rokanoah,"Roka, Noah",Oakland,Horizon,2026,11,3,184,0,0,0,0,0,0.0,false,0,0.000,0.2648,1532,15.9,true,true
Oakland::greenecullen,"Greene, Cullen",Oakland,Horizon,2026,15,2,0,0,0,0,0,0,0.0,false,0,0.000,0.3730,1547,61.5,false,true
Oakland::marincoanthony,"Marinco, Anthony",Oakland,Horizon,2026,17,2,10,0,0,0,0,0,0.0,false,0,0.000,0.3649,1547,59.3,false,true
Oakland::alberganicholas,"Alberga, Nicholas",Oakland,Horizon,2026,18,2,0,0,0,0,0,0,0.0,false,0,0.000,0.3730,1547,61.5,false,true
Oakland::rodriguezalex,"Rodriguez, Alex",Oakland,Horizon,2026,20,2,10,0,0,0,0,0,0.0,false,0,0.000,0.3649,1547,59.3,false,true
Oakland::matuzaktyler,"Matuzak, Tyler",Oakland,Horizon,2026,22,2,0,0,0,0,0,0,0.0,false,0,0.000,0.3730,1547,61.5,false,true
Oakland::nasserharith,"Nasser, Harith",Oakland,Horizon,2026,24,2,10,0,0,0,0,0,0.0,false,0,0.000,0.3649,1547,59.3,false,true
Oakland::kanzlerjulian,"Kanzler, Julian",Oakland,Horizon,2026,30,3,234,0,0,0,0,0,0.0,false,0,0.000,0.2454,1532,9.6,true,true
Oakland::townsendzach,"Townsend, Zach",Oakland,Horizon,2026,13,3,270,0,0,0,0,0,0.0,false,0,0.000,0.2331,1532,4.5,true,true
Sacred Heart::guziklogan,"Guzik, Logan",Sacred Heart,Metro,2026,00,2,0,0,0,0,0,0,0.0,false,0,0.000,0.3730,1583,61.5,false,true
Sacred Heart::talbotjustin,"Talbot, Justin",Sacred Heart,Metro,2026,0,2,0,0,0,0,0,0,0.0,false,0,0.000,0.3730,1583,61.5,false,true
Sacred Heart::wittsebastian,"Witt, Sebastian",Sacred Heart,Metro,2026,77,2,0,0,0,0,0,0,0.0,false,0,0.000,0.3730,1583,61.5,false,true
Sacred Heart::lolosnicholas,"Lolos, Nicholas",Sacred Heart,Metro,2026,99,2,0,0,0,0,0,0,0.0,false,0,0.000,0.3730,1583,61.5,false,true
Sacred Heart::keatingnicholas,"Keating, Nicholas",Sacred Heart,Metro,2026,4,2,8,0,0,0,0,0,0.0,false,0,0.000,0.3665,1583,59.7,false,true
Sacred Heart::marquesivan,"Marques, Ivan",Sacred Heart,Metro,2026,6,3,243,0,0,0,0,0,0.0,false,0,0.000,0.2422,1567,8.7,true,true
Sacred Heart::otaloraoriamartin,"Otalora Oria, Martin",Sacred Heart,Metro,2026,7,2,75,0,0,0,0,0,0.0,false,0,0.000,0.3197,1583,46.3,false,true
Sacred Heart::deibertgeorge,"Deibert, George",Sacred Heart,Metro,2026,12,3,69,0,0,0,0,0,0.0,false,0,0.000,0.3234,1567,47.6,false,true
Sacred Heart::connellmason,"Connell, Mason",Sacred Heart,Metro,2026,14,2,0,0,0,0,0,0,0.0,false,0,0.000,0.3730,1583,61.5,false,true
Sacred Heart::hawkaidan,"Hawk, Aidan",Sacred Heart,Metro,2026,15,2,0,0,0,0,0,0,0.0,false,0,0.000,0.3730,1583,61.5,false,true
Sacred Heart::nicoliajoseph,"Nicolia, Joseph",Sacred Heart,Metro,2026,16,3,101,0,0,0,0,0,0.0,false,0,0.000,0.3046,1567,39.2,true,true
Sacred Heart::bermudezjohan,"Bermudez, Johan",Sacred Heart,Metro,2026,18,3,57,0,0,0,0,0,0.0,false,0,0.000,0.3311,1567,49.4,false,true
Sacred Heart::torknoah,"Tork, Noah",Sacred Heart,Metro,2026,19,2,13,0,0,0,0,0,0.0,false,0,0.000,0.3625,1583,58.7,false,true
Sacred Heart::mattarafa,"Matta, Rafa",Sacred Heart,Metro,2026,20,2,1,0,0,0,0,0,0.0,false,0,0.000,0.3722,1583,61.4,false,true
Sacred Heart::dokovdaniel,"Dokov, Daniel",Sacred Heart,Metro,2026,24,2,60,0,0,0,0,0,0.0,false,0,0.000,0.3291,1583,48.9,false,true
Sacred Heart::ochoanicolas,"Ochoa, Nicolas",Sacred Heart,Metro,2026,27,2,8,0,0,0,0,0,0.0,false,0,0.000,0.3665,1583,59.7,false,true
Sacred Heart::lanzilligianluca,"Lanzilli, Gianluca",Sacred Heart,Metro,2026,30,2,8,0,0,0,0,0,0.0,false,0,0.000,0.3665,1583,59.7,false,true
Loyola University Maryland::anctilzackary,"Anctil, Zackary",Loyola University Maryland,Patriot,2026,0,1,0,0,0,0,0,0,0.0,false,0,0.000,0.3730,1641,61.5,false,true
Loyola University Maryland::akinloluabdulraheem,"Akinlolu, Abdul-Raheem",Loyola University Maryland,Patriot,2026,31,1,0,0,0,0,0,0,0.0,false,0,0.000,0.3730,1641,61.5,false,true
Loyola University Maryland::maysreese,"Mays, Reese",Loyola University Maryland,Patriot,2026,33,1,0,0,0,0,0,0,0.0,false,0,0.000,0.3730,1641,61.5,false,true
Loyola University Maryland::tuckertyler,"Tucker, Tyler",Loyola University Maryland,Patriot,2026,2,1,35,0,0,0,0,0,0.0,false,0,0.000,0.3461,1641,53.5,false,true
Loyola University Maryland::endacottjack,"Endacott, Jack",Loyola University Maryland,Patriot,2026,3,1,90,0,0,0,0,0,0.0,false,0,0.000,0.3108,1641,43.1,false,true
Loyola University Maryland::adekunletimi,"Adekunle, Timi",Loyola University Maryland,Patriot,2026,4,1,0,0,0,0,0,0,0.0,false,0,0.000,0.3730,1641,61.5,false,true
Loyola University Maryland::knudsenkristian,"Knudsen, Kristian",Loyola University Maryland,Patriot,2026,6,1,0,0,0,0,0,0,0.0,false,0,0.000,0.3730,1641,61.5,false,true
Loyola University Maryland::corteslukas,"Cortes, Lukas",Loyola University Maryland,Patriot,2026,7,1,81,0,0,0,0,0,0.0,false,0,0.000,0.3161,1641,45,false,true
Loyola University Maryland::schoutenben,"Schouten, Ben",Loyola University Maryland,Patriot,2026,8,1,72,0,0,0,0,0,0.0,false,0,0.000,0.3216,1641,47.2,false,true
Loyola University Maryland::espinalelviredwin,"Espinal-Elvir, Edwin",Loyola University Maryland,Patriot,2026,10,1,41,0,0,0,0,0,0.0,false,0,0.000,0.3419,1641,52.5,false,true
Loyola University Maryland::memingerbrandon,"Meminger, Brandon",Loyola University Maryland,Patriot,2026,13,1,0,0,0,0,0,0,0.0,false,0,0.000,0.3730,1641,61.5,false,true
Loyola University Maryland::ogorchris,"Ogor, Chris",Loyola University Maryland,Patriot,2026,14,1,0,0,0,0,0,0,0.0,false,0,0.000,0.3730,1641,61.5,false,true
Loyola University Maryland::oladinnikayin,"Oladinni, Kayin",Loyola University Maryland,Patriot,2026,15,1,0,0,0,0,0,0,0.0,false,0,0.000,0.3730,1641,61.5,false,true
Loyola University Maryland::smitheddie,"Smith, Eddie",Loyola University Maryland,Patriot,2026,16,1,0,0,0,0,0,0,0.0,false,0,0.000,0.3730,1641,61.5,false,true
Loyola University Maryland::angelinicody,"Angelini, Cody",Loyola University Maryland,Patriot,2026,17,1,13,0,0,0,0,0,0.0,false,0,0.000,0.3625,1641,58.7,false,true
Loyola University Maryland::chenluca,"Chen, Luca",Loyola University Maryland,Patriot,2026,18,1,65,0,0,0,0,0,0.0,false,0,0.000,0.3259,1641,48.2,false,true
Loyola University Maryland::iavaronecarmine,"Iavarone, Carmine",Loyola University Maryland,Patriot,2026,19,1,0,0,0,0,0,0,0.0,false,0,0.000,0.3730,1641,61.5,false,true
Loyola University Maryland::medranoomaralexander,"Medrano, Omar Alexander",Loyola University Maryland,Patriot,2026,20,1,23,0,0,0,0,0,0.0,false,0,0.000,0.3549,1641,56.6,false,true
Loyola University Maryland::turturronicholas,"Turturro, Nicholas",Loyola University Maryland,Patriot,2026,21,1,0,0,0,0,0,0,0.0,false,0,0.000,0.3730,1641,61.5,false,true
Loyola University Maryland::damicocesare,"D'Amico, Cesare",Loyola University Maryland,Patriot,2026,22,1,18,0,0,0,0,0,0.0,false,0,0.000,0.3587,1641,57.6,false,true
Loyola University Maryland::ozgasteven,"Ozga, Steven",Loyola University Maryland,Patriot,2026,23,1,0,0,0,0,0,0,0.0,false,0,0.000,0.3730,1641,61.5,false,true
Loyola University Maryland::andrewsryan,"Andrews, Ryan",Loyola University Maryland,Patriot,2026,24,1,63,0,0,0,0,0,0.0,false,0,0.000,0.3272,1641,48.5,false,true
Loyola University Maryland::beckmanlandon,"Beckman, Landon",Loyola University Maryland,Patriot,2026,26,1,49,0,0,0,0,0,0.0,false,0,0.000,0.3364,1641,51.1,false,true
Loyola University Maryland::stewartjackson,"Stewart, Jackson",Loyola University Maryland,Patriot,2026,27,1,0,0,0,0,0,0,0.0,false,0,0.000,0.3730,1641,61.5,false,true
Loyola University Maryland::lacknercal,"Lackner, Cal",Loyola University Maryland,Patriot,2026,28,1,30,0,0,0,0,0,0.0,false,0,0.000,0.3497,1641,55,false,true
Loyola University Maryland::gomezgerritysergio,"Gomez Gerrity, Sergio",Loyola University Maryland,Patriot,2026,29,1,0,0,0,0,0,0,0.0,false,0,0.000,0.3730,1641,61.5,false,true
Loyola University Maryland::koziolmatthew,"Koziol, Matthew",Loyola University Maryland,Patriot,2026,32,1,0,0,0,0,0,0,0.0,false,0,0.000,0.3730,1641,61.5,false,true
Loyola University Maryland::moneymakerzach,"Moneymaker, Zach",Loyola University Maryland,Patriot,2026,34,1,27,0,0,0,0,0,0.0,false,0,0.000,0.3519,1641,55.9,false,true
St. John's::bezamanico,"Bezama, Nico",St. John's,Big East,2026,00,2,180,0,0,0,0,0,0.0,false,0,0.000,0.2664,1419,16.6,true,true
St. John's::giulianimirabalvincenzo,"Giuliani Mirabal, Vincenzo",St. John's,Big East,2026,0,2,0,0,0,0,0,0,0.0,false,0,0.000,0.3730,1419,61.5,false,true
St. John's::rodriguezalvaro,"Rodriguez, Alvaro",St. John's,Big East,2026,1,2,0,0,0,0,0,0,0.0,false,0,0.000,0.3730,1419,61.5,false,true
St. John's::pulidoriki,"Pulido, Riki",St. John's,Big East,2026,2,2,0,0,0,0,0,0,0.0,false,0,0.000,0.3730,1419,61.5,false,true
St. John's::osobatobi,"Osoba, Tobi",St. John's,Big East,2026,3,2,64,0,0,0,0,0,0.0,false,0,0.000,0.3266,1419,48.4,false,true
St. John's::atchayayaissa,"Atcha Yaya, Issa",St. John's,Big East,2026,4,2,0,0,0,0,0,0,0.0,false,0,0.000,0.3730,1419,61.5,false,true
St. John's::kringstaderik,"Kringstad, Erik",St. John's,Big East,2026,5,2,0,0,0,0,0,0,0.0,false,0,0.000,0.3730,1419,61.5,false,true
St. John's::saisjace,"Sais, Jace",St. John's,Big East,2026,8,2,153,0,0,0,0,0,0.0,false,0,0.000,0.2784,1419,24.1,true,true
St. John's::helledaniel,"Helle, Daniel",St. John's,Big East,2026,9,2,0,0,0,0,0,0,0.0,false,0,0.000,0.3730,1419,61.5,false,true
St. John's::payelohkoah,"Paye, Lohkoah",St. John's,Big East,2026,14,2,0,0,0,0,0,0,0.0,false,0,0.000,0.3730,1419,61.5,false,true
St. John's::waltoncayden,"Walton, Cayden",St. John's,Big East,2026,15,2,9,0,0,0,0,0,0.0,false,0,0.000,0.3657,1419,59.5,false,true
St. John's::wilhelmsenscott,"Wilhelmsen, Scott",St. John's,Big East,2026,21,2,138,0,0,0,0,0,0.0,false,0,0.000,0.2855,1419,27.9,true,true
St. John's::carrascosanick,"Carrascosa, Nick",St. John's,Big East,2026,22,2,0,0,0,0,0,0,0.0,false,0,0.000,0.3730,1419,61.5,false,true
St. John's::michelisjorian,"Michelis, Jorian",St. John's,Big East,2026,23,2,0,0,0,0,0,0,0.0,false,0,0.000,0.3730,1419,61.5,false,true
St. John's::joycecharlie,"Joyce, Charlie",St. John's,Big East,2026,24,2,0,0,0,0,0,0,0.0,false,0,0.000,0.3730,1419,61.5,false,true
St. John's::guerinjack,"Guerin, Jack",St. John's,Big East,2026,25,2,0,0,0,0,0,0,0.0,false,0,0.000,0.3730,1419,61.5,false,true
St. John's::tomlinsonkaief,"Tomlinson, Kaief",St. John's,Big East,2026,26,2,34,0,0,0,0,0,0.0,false,0,0.000,0.3468,1419,53.9,false,true
St. John's::frischdane,"Frisch, Dane",St. John's,Big East,2026,27,2,5,0,0,0,0,0,0.0,false,0,0.000,0.3689,1419,60.3,false,true
St. John's::halatdamian,"Halat, Damian",St. John's,Big East,2026,28,2,5,0,0,0,0,0,0.0,false,0,0.000,0.3689,1419,60.3,false,true
St. John's::ropstadhenrik,"Ropstad, Henrik",St. John's,Big East,2026,29,2,0,0,0,0,0,0,0.0,false,0,0.000,0.3730,1419,61.5,false,true
St. John's::kudierovlavrenti,"Kudierov, Lavrenti",St. John's,Big East,2026,30,1,0,0,0,0,0,0,0.0,false,0,0.000,0.3730,1305,61.5,false,true
Purdue Fort Wayne::gumbstegan,"Gumbs, Tegan",Purdue Fort Wayne,Horizon,2026,26,1,0,0,0,0,0,0,0.0,false,0,0.000,0.3730,1472,61.5,false,true
Purdue Fort Wayne::valenciadavid,"Valencia, David",Purdue Fort Wayne,Horizon,2026,99,1,0,0,0,0,0,0,0.0,false,0,0.000,0.3730,1472,61.5,false,true
Purdue Fort Wayne::valenciamarco,"Valencia, Marco",Purdue Fort Wayne,Horizon,2026,9,1,0,0,0,0,0,0,0.0,false,0,0.000,0.3730,1472,61.5,false,true
Purdue Fort Wayne::mullennico,"Mullen, Nico",Purdue Fort Wayne,Horizon,2026,10,1,0,0,0,0,0,0,0.0,false,0,0.000,0.3730,1472,61.5,false,true
Purdue Fort Wayne::larsonkellen,"Larson, Kellen",Purdue Fort Wayne,Horizon,2026,13,1,0,0,0,0,0,0,0.0,false,0,0.000,0.3730,1472,61.5,false,true
Purdue Fort Wayne::shetiahameer,"Shetiah, Ameer",Purdue Fort Wayne,Horizon,2026,15,1,0,0,0,0,0,0,0.0,false,0,0.000,0.3730,1472,61.5,false,true
Purdue Fort Wayne::whitlowkevin,"Whitlow, Kevin",Purdue Fort Wayne,Horizon,2026,16,1,0,0,0,0,0,0,0.0,false,0,0.000,0.3730,1472,61.5,false,true
Purdue Fort Wayne::aquinomax,"Aquino, Max",Purdue Fort Wayne,Horizon,2026,22,1,0,0,0,0,0,0,0.0,false,0,0.000,0.3730,1472,61.5,false,true
William & Mary::katsarihoeferalexandros,"Katsari-Hoefer, Alexandros",William & Mary,CAA,2026,11,2,16,0,0,0,0,0,0.0,false,0,0.000,0.3602,1212,58,false,true
William & Mary::coopermax,"Cooper, Max",William & Mary,CAA,2026,26,2,12,0,0,0,0,0,0.0,false,0,0.000,0.3633,1212,59,false,true
William & Mary::banerjeechandril,"Banerjee, Chandril",William & Mary,CAA,2026,32,2,16,0,0,0,0,0,0.0,false,0,0.000,0.3602,1212,58,false,true
Ferrum::arzillomichael,"Arzillo, Michael",Ferrum,Other / Non-D1,2026,1,1,90,0,0,0,0,0,0.0,false,0,0.000,0.3108,1327,43.1,false,false
Ferrum::oggionniluca,"Oggionni, Luca",Ferrum,Other / Non-D1,2026,3,1,47,0,0,0,0,0,0.0,false,0,0.000,0.3377,1327,51.3,false,false
Ferrum::tillangus,"Till, Angus",Ferrum,Other / Non-D1,2026,12,1,46,0,0,0,0,0,0.0,false,0,0.000,0.3384,1327,51.5,false,false
Ferrum::sanderscalvin,"Sanders, Calvin",Ferrum,Other / Non-D1,2026,11,1,43,0,0,0,0,0,0.0,false,0,0.000,0.3405,1327,52.2,false,false
Ferrum::schilbedavid,"Schilbe, David",Ferrum,Other / Non-D1,2026,13,1,5,0,0,0,0,0,0.0,false,0,0.000,0.3689,1327,60.3,false,false
Ferrum::cruzandy,"Cruz, Andy",Ferrum,Other / Non-D1,2026,14,1,43,0,0,0,0,0,0.0,false,0,0.000,0.3405,1327,52.2,false,false
Ferrum::torrescortesandres,"Torres-Cortes, Andres",Ferrum,Other / Non-D1,2026,16,1,29,0,0,0,0,0,0.0,false,0,0.000,0.3504,1327,55.4,false,false
Ferrum::chaneycarter,"Chaney, Carter",Ferrum,Other / Non-D1,2026,17,1,14,0,0,0,0,0,0.0,false,0,0.000,0.3618,1327,58.5,false,false
Ferrum::lasassochase,"LaSasso, Chase",Ferrum,Other / Non-D1,2026,20,1,29,0,0,0,0,0,0.0,false,0,0.000,0.3504,1327,55.4,false,false
Ferrum::lestersawyer,"Lester, Sawyer",Ferrum,Other / Non-D1,2026,23,1,32,0,0,0,0,0,0.0,false,0,0.000,0.3483,1327,54.3,false,false
Ferrum::chavezsanchezadelmo,"Chavez-Sanchez, Adelmo",Ferrum,Other / Non-D1,2026,24,1,43,0,0,0,0,0,0.0,false,0,0.000,0.3405,1327,52.2,false,false
Ferrum::balthazargrayson,"Balthazar, Grayson",Ferrum,Other / Non-D1,2026,27,1,8,0,0,0,0,0,0.0,false,0,0.000,0.3665,1327,59.7,false,false
Ferrum::guziewskiyanek,"Guziewski, Yanek",Ferrum,Other / Non-D1,2026,28,1,13,0,0,0,0,0,0.0,false,0,0.000,0.3625,1327,58.7,false,false
Ferrum::brahimomar,"Brahim, Omar",Ferrum,Other / Non-D1,2026,29,1,45,0,0,0,0,0,0.0,false,0,0.000,0.3391,1327,51.8,false,false
Ferrum::danleyadrien,"Danley, Adrien",Ferrum,Other / Non-D1,2026,33,1,14,0,0,0,0,0,0.0,false,0,0.000,0.3618,1327,58.5,false,false
Ferrum::sellandpierce,"Selland, Pierce",Ferrum,Other / Non-D1,2026,37,1,19,0,0,0,0,0,0.0,false,0,0.000,0.3579,1327,57.4,false,false
Presbyterian::granadinonicolas,"Granadino, Nicolas",Presbyterian,Big South,2026,4,3,204,0,0,0,0,0,0.0,false,0,0.000,0.2567,1307,12.9,true,true
Presbyterian::beckertjonathan,"Beckert, Jonathan",Presbyterian,Big South,2026,10,3,77,0,0,0,0,0,0.0,false,0,0.000,0.3185,1307,45.9,false,true
Presbyterian::walkeralex,"Walker, Alex",Presbyterian,Big South,2026,13,3,175,0,0,0,0,0,0.0,false,0,0.000,0.2686,1307,19.4,true,true
Presbyterian::furlongedylan,"Furlonge, Dylan",Presbyterian,Big South,2026,28,2,97,0,0,0,0,0,0.0,false,0,0.000,0.3069,1222,40.6,true,true
UNC Asheville::kohlbergandrew,"Kohlberg, Andrew",UNC Asheville,Big South,2026,30,2,0,0,0,0,0,0,0.0,false,0,0.000,0.3730,1582,61.5,false,true
UNC Asheville::mccartylincoln,"McCarty, Lincoln",UNC Asheville,Big South,2026,31,2,0,0,0,0,0,0,0.0,false,0,0.000,0.3730,1582,61.5,false,true
UNC Asheville::jimersonevan,"Jimerson, Evan",UNC Asheville,Big South,2026,2,2,0,0,0,0,0,0,0.0,false,0,0.000,0.3730,1582,61.5,false,true
UNC Asheville::oneileliot,"O'Neil, Eliot",UNC Asheville,Big South,2026,3,2,28,0,0,0,0,0,0.0,false,0,0.000,0.3512,1582,55.6,false,true
UNC Asheville::daviesjames,"Davies, James",UNC Asheville,Big South,2026,4,2,16,0,0,0,0,0,0.0,false,0,0.000,0.3602,1582,58,false,true
UNC Asheville::hardarsonarnor,"Hardarson, Arnor",UNC Asheville,Big South,2026,11,2,33,0,0,0,0,0,0.0,false,0,0.000,0.3475,1582,54,false,true
UNC Asheville::samorimatteo,"Samori, Matteo",UNC Asheville,Big South,2026,12,2,20,0,0,0,0,0,0.0,false,0,0.000,0.3571,1582,57.2,false,true
UNC Asheville::libertuccialessandro,"Libertucci, Alessandro",UNC Asheville,Big South,2026,13,2,0,0,0,0,0,0,0.0,false,0,0.000,0.3730,1582,61.5,false,true
UNC Asheville::angellwoody,"Angell, Woody",UNC Asheville,Big South,2026,14,2,133,0,0,0,0,0,0.0,false,0,0.000,0.2879,1582,29.6,true,true
UNC Asheville::guindyzander,"Guindy, Zander",UNC Asheville,Big South,2026,20,2,67,0,0,0,0,0,0.0,false,0,0.000,0.3247,1582,47.8,false,true
UNC Asheville::montininathan,"Montini, Nathan",UNC Asheville,Big South,2026,21,2,180,0,0,0,0,0,0.0,false,0,0.000,0.2664,1582,16.6,true,true
UNC Asheville::smithian,"Smith, Ian",UNC Asheville,Big South,2026,22,2,110,0,0,0,0,0,0.0,false,0,0.000,0.2997,1582,36.4,true,true
UNC Asheville::dowmancharlie,"Dowman, Charlie",UNC Asheville,Big South,2026,28,2,0,0,0,0,0,0,0.0,false,0,0.000,0.3730,1582,61.5,false,true
UNC Asheville::spijkerssjoerd,"Spijkers, Sjoerd",UNC Asheville,Big South,2026,29,2,0,0,0,0,0,0,0.0,false,0,0.000,0.3730,1582,61.5,false,true
UNC Asheville::navanicolas,"Nava, Nicolas",UNC Asheville,Big South,2026,32,2,0,0,0,0,0,0,0.0,false,0,0.000,0.3730,1582,61.5,false,true
UNC Asheville::culbertsondylan,"Culbertson, Dylan",UNC Asheville,Big South,2026,33,2,0,0,0,0,0,0,0.0,false,0,0.000,0.3730,1582,61.5,false,true
UNC Asheville::russellbret,"Russell, Bret",UNC Asheville,Big South,2026,34,2,0,0,0,0,0,0,0.0,false,0,0.000,0.3730,1582,61.5,false,true
UNC Asheville::berryeli,"Berry, Eli",UNC Asheville,Big South,2026,35,2,13,0,0,0,0,0,0.0,false,0,0.000,0.3625,1582,58.7,false,true
Northern Kentucky::barthlandon,"Barth, Landon",Northern Kentucky,Horizon,2026,1,1,0,0,0,0,0,0,0.0,false,0,0.000,0.3730,1354,61.5,false,true
Northern Kentucky::sloanliam,"Sloan, Liam",Northern Kentucky,Horizon,2026,13,1,0,0,0,0,0,0,0.0,false,0,0.000,0.3730,1354,61.5,false,true
Northern Kentucky::richardsondonovan,"Richardson, Donovan",Northern Kentucky,Horizon,2026,35,1,0,0,0,0,0,0,0.0,false,0,0.000,0.3730,1354,61.5,false,true
Northern Kentucky::hernandezhunter,"Hernandez, Hunter",Northern Kentucky,Horizon,2026,2,1,0,0,0,0,0,0,0.0,false,0,0.000,0.3730,1354,61.5,false,true
Northern Kentucky::beeneli,"Been, Eli",Northern Kentucky,Horizon,2026,4,1,64,0,0,0,0,0,0.0,false,0,0.000,0.3266,1354,48.4,false,true
Northern Kentucky::williamspharrell,"Williams, Pharrell",Northern Kentucky,Horizon,2026,16,1,0,0,0,0,0,0,0.0,false,0,0.000,0.3730,1354,61.5,false,true
Northern Kentucky::richardsonaaron,"Richardson, Aaron",Northern Kentucky,Horizon,2026,23,1,0,0,0,0,0,0,0.0,false,0,0.000,0.3730,1354,61.5,false,true
Northern Kentucky::ryankobe,"Ryan, Kobe",Northern Kentucky,Horizon,2026,24,1,0,0,0,0,0,0,0.0,false,0,0.000,0.3730,1354,61.5,false,true
Northern Kentucky::bylandparker,"Byland, Parker",Northern Kentucky,Horizon,2026,26,1,0,0,0,0,0,0,0.0,false,0,0.000,0.3730,1354,61.5,false,true
Georgia State::griffinreymartin,"Griffin-Rey, Martin",Georgia State,Sun Belt,2026,34,2,0,0,0,0,0,0,0.0,false,0,0.000,0.3730,1449,61.5,false,true
Georgia State::ngandolajosmy,"Ngandola, Josmy",Georgia State,Sun Belt,2026,2,2,24,0,0,0,0,0,0.0,false,0,0.000,0.3541,1449,56.4,false,true
Georgia State::drewsrowan,"Drews, Rowan",Georgia State,Sun Belt,2026,6,2,0,0,0,0,0,0,0.0,false,0,0.000,0.3730,1449,61.5,false,true
Georgia State::chavarriaaustin,"Chavarria, Austin",Georgia State,Sun Belt,2026,7,2,0,0,0,0,0,0,0.0,false,0,0.000,0.3730,1449,61.5,false,true
Georgia State::motengryan,"Moteng, Ryan",Georgia State,Sun Belt,2026,8,2,0,0,0,0,0,0,0.0,false,0,0.000,0.3730,1449,61.5,false,true
Georgia State::krielleo,"Kriel, Leo",Georgia State,Sun Belt,2026,13,2,0,0,0,0,0,0,0.0,false,0,0.000,0.3730,1449,61.5,false,true
Georgia State::fradymateo,"Frady, Mateo",Georgia State,Sun Belt,2026,18,2,0,0,0,0,0,0,0.0,false,0,0.000,0.3730,1449,61.5,false,true
Georgia State::courtskingston,"Courts, Kingston",Georgia State,Sun Belt,2026,19,2,0,0,0,0,0,0,0.0,false,0,0.000,0.3730,1449,61.5,false,true
Georgia State::tapchomange,"Tapchom, Ange",Georgia State,Sun Belt,2026,23,2,0,0,0,0,0,0,0.0,false,0,0.000,0.3730,1449,61.5,false,true
Georgia State::monongokuanguyverson,"Monongo-Kuangu, Yverson",Georgia State,Sun Belt,2026,28,2,64,0,0,0,0,0,0.0,false,0,0.000,0.3266,1449,48.4,false,true
USC Upstate::munteanujonathan,"Munteanu, Jonathan",USC Upstate,Big South,2026,0,3,0,0,0,0,0,0,0.0,false,0,0.000,0.3730,1382,61.5,false,true
USC Upstate::yamashitakahaku,"Yamashita, Kahaku",USC Upstate,Big South,2026,00,3,0,0,0,0,0,0,0.0,false,0,0.000,0.3730,1382,61.5,false,true
USC Upstate::tawiahjudah,"Tawiah, Judah",USC Upstate,Big South,2026,2,3,0,0,0,0,0,0,0.0,false,0,0.000,0.3730,1382,61.5,false,true
USC Upstate::davisonharry,"Davison, Harry",USC Upstate,Big South,2026,3,3,196,0,0,0,0,0,0.0,false,0,0.000,0.2598,1382,14.2,true,true
USC Upstate::chopinjorhan,"Chopin, Jorhan",USC Upstate,Big South,2026,4,3,0,0,0,0,0,0,0.0,false,0,0.000,0.3730,1382,61.5,false,true
USC Upstate::burgessallengeorge,"Burgess-Allen, George",USC Upstate,Big South,2026,7,3,16,0,0,0,0,0,0.0,false,0,0.000,0.3602,1382,58,false,true
USC Upstate::paladedavid,"Palade, David",USC Upstate,Big South,2026,9,3,0,0,0,0,0,0,0.0,false,0,0.000,0.3730,1382,61.5,false,true
USC Upstate::danielsnoah,"Daniels, Noah",USC Upstate,Big South,2026,16,3,124,0,0,0,0,0,0.0,false,0,0.000,0.2924,1382,32.2,true,true
USC Upstate::presslerron,"Pressler, Ron",USC Upstate,Big South,2026,21,3,32,0,0,0,0,0,0.0,false,0,0.000,0.3483,1382,54.3,false,true
USC Upstate::westollie,"West, Ollie",USC Upstate,Big South,2026,22,3,16,0,0,0,0,0,0.0,false,0,0.000,0.3602,1382,58,false,true
USC Upstate::qureshijaami,"Qureshi, Jaami",USC Upstate,Big South,2026,24,3,36,0,0,0,0,0,0.0,false,0,0.000,0.3454,1382,53.4,false,true
USC Upstate::haslampatrick,"Haslam, Patrick",USC Upstate,Big South,2026,26,3,10,0,0,0,0,0,0.0,false,0,0.000,0.3649,1382,59.3,false,true
USC Upstate::beullensmaxi,"Beullens, Maxi",USC Upstate,Big South,2026,27,3,0,0,0,0,0,0,0.0,false,0,0.000,0.3730,1382,61.5,false,true
USC Upstate::carranzaharold,"Carranza, Harold",USC Upstate,Big South,2026,29,3,0,0,0,0,0,0,0.0,false,0,0.000,0.3730,1382,61.5,false,true
USC Upstate::willemvanhattemxibbe,"Willem van Hattem, Xibbe",USC Upstate,Big South,2026,31,3,0,0,0,0,0,0,0.0,false,0,0.000,0.3730,1382,61.5,false,true
Pittsburgh::wentetaren,"Wente, Taren",Pittsburgh,ACC,2026,0,2,0,0,0,0,0,0,0.0,false,0,0.000,0.3730,1626,61.5,false,true
Pittsburgh::pendletonethan,"Pendleton, Ethan",Pittsburgh,ACC,2026,2,3,173,0,0,0,0,0,0.0,false,0,0.000,0.2694,1590,19.7,true,true
Pittsburgh::baquferran,"Baqué, Ferran",Pittsburgh,ACC,2026,4,2,0,0,0,0,0,0,0.0,false,0,0.000,0.3730,1626,61.5,false,true
Pittsburgh::srensenniklas,"Sørensen, Niklas",Pittsburgh,ACC,2026,5,2,0,0,0,0,0,0,0.0,false,0,0.000,0.3730,1626,61.5,false,true
Pittsburgh::ahmedkareem,"Ahmed, Kareem",Pittsburgh,ACC,2026,7,2,0,0,0,0,0,0,0.0,false,0,0.000,0.3730,1626,61.5,false,true
Pittsburgh::garciahugo,"Garcia, Hugo",Pittsburgh,ACC,2026,8,2,0,0,0,0,0,0,0.0,false,0,0.000,0.3730,1626,61.5,false,true
Pittsburgh::hardinjosh,"Hardin, Josh",Pittsburgh,ACC,2026,13,2,0,0,0,0,0,0,0.0,false,0,0.000,0.3730,1626,61.5,false,true
Pittsburgh::lograssocristian,"LoGrasso, Cristian",Pittsburgh,ACC,2026,14,3,141,0,0,0,0,0,0.0,false,0,0.000,0.2840,1590,26.9,true,true
Pittsburgh::dykezahir,"Dyke, Zahir",Pittsburgh,ACC,2026,15,2,49,0,0,0,0,0,0.0,false,0,0.000,0.3364,1626,51.1,false,true
Pittsburgh::bertranbruno,"Bertran, Bruno",Pittsburgh,ACC,2026,19,2,6,0,0,0,0,0,0.0,false,0,0.000,0.3681,1626,60.1,false,true
Pittsburgh::wetzelgavin,"Wetzel, Gavin",Pittsburgh,ACC,2026,24,3,270,0,0,0,0,0,0.0,false,0,0.000,0.2331,1590,4.5,true,true
Pittsburgh::tonidandelsimon,"Tonidandel, Simon",Pittsburgh,ACC,2026,25,2,0,0,0,0,0,0,0.0,false,0,0.000,0.3730,1626,61.5,false,true
Pittsburgh::hauskrechtalex,"Hauskrecht, Alex",Pittsburgh,ACC,2026,27,2,11,0,0,0,0,0,0.0,false,0,0.000,0.3641,1626,59,false,true
Pittsburgh::ferreirasantiago,"Ferreira, Santiago",Pittsburgh,ACC,2026,28,2,0,0,0,0,0,0,0.0,false,0,0.000,0.3730,1626,61.5,false,true
Pittsburgh::shahlukah,"Shah, Lukah",Pittsburgh,ACC,2026,31,2,0,0,0,0,0,0,0.0,false,0,0.000,0.3730,1626,61.5,false,true
Loyola Marymount::hoversphilip,"Hovers, Philip",Loyola Marymount,West Coast,2026,0,2,0,0,0,0,0,0,0.0,false,0,0.000,0.3730,1685,61.5,false,true
Loyola Marymount::kohnenben,"Kohnen, Ben",Loyola Marymount,West Coast,2026,31,2,0,0,0,0,0,0,0.0,false,0,0.000,0.3730,1685,61.5,false,true
Loyola Marymount::galvinquinn,"Galvin, Quinn",Loyola Marymount,West Coast,2026,2,2,28,0,0,0,0,0,0.0,false,0,0.000,0.3512,1685,55.6,false,true
Loyola Marymount::sonnahgalima,"Sonnah, Galima",Loyola Marymount,West Coast,2026,13,2,0,0,0,0,0,0,0.0,false,0,0.000,0.3730,1685,61.5,false,true
Loyola Marymount::habovstakmathew,"Habovstak, Mathew",Loyola Marymount,West Coast,2026,16,2,0,0,0,0,0,0,0.0,false,0,0.000,0.3730,1685,61.5,false,true
Loyola Marymount::engelfritz,"Engel, Fritz",Loyola Marymount,West Coast,2026,24,2,0,0,0,0,0,0,0.0,false,0,0.000,0.3730,1685,61.5,false,true
Loyola Marymount::daviscody,"Davis, Cody",Loyola Marymount,West Coast,2026,30,2,0,0,0,0,0,0,0.0,false,0,0.000,0.3730,1685,61.5,false,true
Loyola Marymount::guedalialiam,"Guedalia, Liam",Loyola Marymount,West Coast,2026,32,2,0,0,0,0,0,0,0.0,false,0,0.000,0.3730,1685,61.5,false,true
UAlbany::krivokapicandrej,"Krivokapic, Andrej",UAlbany,Other / Non-D1,2026,13,1,0,0,0,0,0,0,0.0,false,0,0.000,0.3730,1563,61.5,false,false
UAlbany::gilkevin,"Gil, Kevin",UAlbany,Other / Non-D1,2026,30,1,0,0,0,0,0,0,0.0,false,0,0.000,0.3730,1563,61.5,false,false
UAlbany::bernardokyle,"Bernardo, Kyle",UAlbany,Other / Non-D1,2026,2,1,51,0,0,0,0,0,0.0,false,0,0.000,0.3350,1563,50.7,false,false
UAlbany::rachorbenedikt,"Rachor, Benedikt",UAlbany,Other / Non-D1,2026,3,1,0,0,0,0,0,0,0.0,false,0,0.000,0.3730,1563,61.5,false,false
UAlbany::corralesjosedavid,"Corrales, Jose David",UAlbany,Other / Non-D1,2026,4,1,70,0,0,0,0,0,0.0,false,0,0.000,0.3228,1563,47.5,false,false
UAlbany::mrveljrokobranko,"Mrvelj, Roko Branko",UAlbany,Other / Non-D1,2026,5,1,73,0,0,0,0,0,0.0,false,0,0.000,0.3210,1563,46.8,false,false
UAlbany::barkandavid,"Barkan, David",UAlbany,Other / Non-D1,2026,6,1,54,0,0,0,0,0,0.0,false,0,0.000,0.3331,1563,50.2,false,false
UAlbany::saevarssongabrielaron,"Saevarsson, Gabriel Aron",UAlbany,Other / Non-D1,2026,9,1,56,0,0,0,0,0,0.0,false,0,0.000,0.3317,1563,49.6,false,false
UAlbany::lopeslucas,"Lopes, Lucas",UAlbany,Other / Non-D1,2026,10,1,46,0,0,0,0,0,0.0,false,0,0.000,0.3384,1563,51.5,false,false
UAlbany::hladiksondre,"Hladik, Sondre",UAlbany,Other / Non-D1,2026,11,1,0,0,0,0,0,0,0.0,false,0,0.000,0.3730,1563,61.5,false,false
UAlbany::tanakashawn,"Tanaka, Shawn",UAlbany,Other / Non-D1,2026,12,1,85,0,0,0,0,0,0.0,false,0,0.000,0.3138,1563,44.1,false,false
UAlbany::shullenbergerjordan,"Shullenberger, Jordan",UAlbany,Other / Non-D1,2026,14,1,44,0,0,0,0,0,0.0,false,0,0.000,0.3398,1563,52,false,false
UAlbany::clivevokesalexander,"Clive Vokes, Alexander",UAlbany,Other / Non-D1,2026,16,1,0,0,0,0,0,0,0.0,false,0,0.000,0.3730,1563,61.5,false,false
UAlbany::hesterutah,"Hester, Utah",UAlbany,Other / Non-D1,2026,17,1,0,0,0,0,0,0,0.0,false,0,0.000,0.3730,1563,61.5,false,false
UAlbany::tuttleowen,"Tuttle, Owen",UAlbany,Other / Non-D1,2026,18,1,5,0,0,0,0,0,0.0,false,0,0.000,0.3689,1563,60.3,false,false
UAlbany::galanomar,"Galan, Omar",UAlbany,Other / Non-D1,2026,19,1,85,0,0,0,0,0,0.0,false,0,0.000,0.3138,1563,44.1,false,false
UAlbany::mcdermottbrennan,"McDermott, Brennan",UAlbany,Other / Non-D1,2026,20,1,28,0,0,0,0,0,0.0,false,0,0.000,0.3512,1563,55.6,false,false
UAlbany::mcfaddentommy,"McFadden, Tommy",UAlbany,Other / Non-D1,2026,21,1,0,0,0,0,0,0,0.0,false,0,0.000,0.3730,1563,61.5,false,false
UAlbany::hermelorodrigo,"Hermelo, Rodrigo",UAlbany,Other / Non-D1,2026,22,1,90,0,0,0,0,0,0.0,false,0,0.000,0.3108,1563,43.1,false,false
UAlbany::crosslincoln,"Cross, Lincoln",UAlbany,Other / Non-D1,2026,24,1,0,0,0,0,0,0,0.0,false,0,0.000,0.3730,1563,61.5,false,false
UAlbany::lindzach,"Lind, Zach",UAlbany,Other / Non-D1,2026,25,1,0,0,0,0,0,0,0.0,false,0,0.000,0.3730,1563,61.5,false,false
UAlbany::peppledavid,"Pepple, David",UAlbany,Other / Non-D1,2026,26,1,5,0,0,0,0,0,0.0,false,0,0.000,0.3689,1563,60.3,false,false
UAlbany::grillaluca,"Grilla, Luca",UAlbany,Other / Non-D1,2026,27,1,0,0,0,0,0,0,0.0,false,0,0.000,0.3730,1563,61.5,false,false
UAlbany::medinadavid,"Medina, David",UAlbany,Other / Non-D1,2026,28,1,20,0,0,0,0,0,0.0,false,0,0.000,0.3571,1563,57.2,false,false
New Haven::estepgage,"Estep, Gage",New Haven,NEC,2026,2,3,69,0,0,0,0,0,0.0,false,0,0.000,0.3234,1630,47.6,false,true
New Haven::lemosfilipe,"Lemos, Filipe",New Haven,NEC,2026,6,3,245,0,0,0,0,0,0.0,false,0,0.000,0.2415,1630,8.4,true,true
New Haven::williamsmccrackenaiden,"Williams McCracken, Aiden",New Haven,NEC,2026,19,3,209,0,0,0,0,0,0.0,false,0,0.000,0.2547,1630,12.3,true,true
New Haven::lemkevinicius,"Lemke, Vinicius",New Haven,NEC,2026,4,3,120,0,0,0,0,0,0.0,false,0,0.000,0.2945,1630,33.3,true,true
New Haven::ariascristopher,"Arias, Cristopher",New Haven,NEC,2026,8,3,47,0,0,0,0,0,0.0,false,0,0.000,0.3377,1630,51.3,false,true
New Haven::celmaaleix,"Celma, Aleix",New Haven,NEC,2026,13,3,92,0,0,0,0,0,0.0,false,0,0.000,0.3097,1630,42.4,true,true
New Haven::arroyavesantiago,"arroyave, santiago",New Haven,NEC,2026,22,3,144,0,0,0,0,0,0.0,false,0,0.000,0.2826,1630,26.3,true,true
New Haven::herdkaijames,"Herd, Kai James",New Haven,NEC,2026,24,3,28,0,0,0,0,0,0.0,false,0,0.000,0.3512,1630,55.6,false,true
New Haven::omercevicbakir,"Omercevic, Bakir",New Haven,NEC,2026,25,3,248,0,0,0,0,0,0.0,false,0,0.000,0.2405,1630,7.9,true,true
Penn State::webermoritz,"Weber, Moritz",Penn State,Big Ten,2026,18,3,30,0,0,0,0,0,0.0,false,0,0.000,0.3497,1523,55,false,true
Penn State::sterlingryan,"Sterling, Ryan",Penn State,Big Ten,2026,20,3,20,0,0,0,0,0,0.0,false,0,0.000,0.3571,1523,57.2,false,true
Mercyhurst::marquezdelaplatalandon,"Marquez de la Plata, Landon",Mercyhurst,NEC,2026,35,2,6,0,0,0,0,0,0.0,false,0,0.000,0.3681,1501,60.1,false,true
Mercyhurst::mrvcicryan,"Mrvcic, Ryan",Mercyhurst,NEC,2026,12,3,142,0,0,0,0,0,0.0,false,0,0.000,0.2835,1483,26.8,true,true
Mercyhurst::katarinathan,"Katari, Nathan",Mercyhurst,NEC,2026,28,2,6,0,0,0,0,0,0.0,false,0,0.000,0.3681,1501,60.1,false,true
Mercyhurst::edwardsjoseff,"Edwards, Joseff",Mercyhurst,NEC,2026,5,3,154,0,0,0,0,0,0.0,false,0,0.000,0.2779,1483,23.7,true,true
Mercyhurst::seitzleonard,"Seitz, Leonard",Mercyhurst,NEC,2026,15,3,29,0,0,0,0,0,0.0,false,0,0.000,0.3504,1483,55.4,false,true
Mercyhurst::deandaidahir,"Deanda, Idahir",Mercyhurst,NEC,2026,37,2,52,0,0,0,0,0,0.0,false,0,0.000,0.3344,1501,50.5,false,true
Mercyhurst::smithdominic,"Smith, Dominic",Mercyhurst,NEC,2026,32,2,55,0,0,0,0,0,0.0,false,0,0.000,0.3324,1501,49.9,false,true
American::alvarezjuancarlos,"Alvarez, Juan Carlos",American,Patriot,2026,0,1,0,0,0,0,0,0,0.0,false,0,0.000,0.3730,1582,61.5,false,true
American::marbraycameron,"Marbray, Cameron",American,Patriot,2026,31,1,0,0,0,0,0,0,0.0,false,0,0.000,0.3730,1582,61.5,false,true
American::menesesmassimo,"Meneses, Massimo",American,Patriot,2026,2,1,0,0,0,0,0,0,0.0,false,0,0.000,0.3730,1582,61.5,false,true
American::cobbinarexemmanuel,"Cobbina, Rex-Emmanuel",American,Patriot,2026,3,2,22,0,0,0,0,0,0.0,false,0,0.000,0.3556,1675,56.9,false,true
American::beilnicholas,"Beil, Nicholas",American,Patriot,2026,4,1,0,0,0,0,0,0,0.0,false,0,0.000,0.3730,1582,61.5,false,true
American::pazpaulino,"Paz, Paulino",American,Patriot,2026,8,3,166,0,0,0,0,0,0.0,false,0,0.000,0.2725,1708,21,true,true
American::rojekpatryk,"Rojek, Patryk",American,Patriot,2026,11,3,109,0,0,0,0,0,0.0,false,0,0.000,0.3003,1708,36.7,true,true
American::millermason,"Miller, Mason",American,Patriot,2026,15,3,157,0,0,0,0,0,0.0,false,0,0.000,0.2765,1708,23,true,true
American::garcessebastian,"Garces, Sebastian",American,Patriot,2026,16,3,221,0,0,0,0,0,0.0,false,0,0.000,0.2502,1708,11,true,true
American::workmanalex,"Workman, Alex",American,Patriot,2026,18,3,39,0,0,0,0,0,0.0,false,0,0.000,0.3433,1708,52.8,false,true
American::quesenberryjames,"Quesenberry, James",American,Patriot,2026,19,1,0,0,0,0,0,0,0.0,false,0,0.000,0.3730,1582,61.5,false,true
American::phoenixyuta,"Phoenix, Yuta",American,Patriot,2026,20,3,66,0,0,0,0,0,0.0,false,0,0.000,0.3253,1708,48,false,true
American::larsenlars,"Larsen, Lars",American,Patriot,2026,21,1,0,0,0,0,0,0,0.0,false,0,0.000,0.3730,1582,61.5,false,true
American::gonzalezjavi,"Gonzalez, Javi",American,Patriot,2026,22,3,147,0,0,0,0,0,0.0,false,0,0.000,0.2812,1708,25.4,true,true
American::webbjohnsonian,"Webb-Johnson, Ian",American,Patriot,2026,23,3,247,0,0,0,0,0,0.0,false,0,0.000,0.2408,1708,8.1,true,true
American::edsellowen,"Edsell, Owen",American,Patriot,2026,24,1,0,0,0,0,0,0,0.0,false,0,0.000,0.3730,1582,61.5,false,true
American::ramosbrian,"Ramos, Brian",American,Patriot,2026,28,2,32,0,0,0,0,0,0.0,false,0,0.000,0.3483,1675,54.3,false,true
Rutgers::chapmanjulian,"Chapman, Julian",Rutgers,Big Ten,2026,30,3,0,0,0,0,0,0,0.0,false,0,0.000,0.3730,1598,61.5,false,true
Rutgers::brownlogan,"Brown, Logan",Rutgers,Big Ten,2026,31,3,1,0,0,0,0,0,0.0,false,0,0.000,0.3722,1598,61.4,false,true
Rutgers::pantonailan,"Panton, Ailan",Rutgers,Big Ten,2026,32,3,0,0,0,0,0,0,0.0,false,0,0.000,0.3730,1598,61.5,false,true
Rutgers::ssebulimepius,"Ssebulime, Pius",Rutgers,Big Ten,2026,6,3,242,0,0,0,0,0,0.0,false,0,0.000,0.2426,1598,8.8,true,true
Rutgers::hannawaldnoah,"Hannawald, Noah",Rutgers,Big Ten,2026,11,3,57,0,0,0,0,0,0.0,false,0,0.000,0.3311,1598,49.4,false,true
Rutgers::avileslenny,"Aviles, Lenny",Rutgers,Big Ten,2026,12,3,4,0,0,0,0,0,0.0,false,0,0.000,0.3697,1598,60.5,false,true
Rutgers::angelonethomas,"Angelone, Thomas",Rutgers,Big Ten,2026,13,3,123,0,0,0,0,0,0.0,false,0,0.000,0.2929,1598,32.6,true,true
Rutgers::essumanjude,"Essuman, Jude",Rutgers,Big Ten,2026,14,3,4,0,0,0,0,0,0.0,false,0,0.000,0.3697,1598,60.5,false,true
Rutgers::nascimentobrian,"Nascimento, Brian",Rutgers,Big Ten,2026,15,3,4,0,0,0,0,0,0.0,false,0,0.000,0.3697,1598,60.5,false,true
Rutgers::gordonjaeden,"Gordon, Jaeden",Rutgers,Big Ten,2026,17,3,0,0,0,0,0,0,0.0,false,0,0.000,0.3730,1598,61.5,false,true
Rutgers::criadohector,"Criado, Hector",Rutgers,Big Ten,2026,20,3,71,0,0,0,0,0,0.0,false,0,0.000,0.3222,1598,47.3,false,true
Rutgers::ziewiecjan,"Ziewiec, Jan",Rutgers,Big Ten,2026,21,3,0,0,0,0,0,0,0.0,false,0,0.000,0.3730,1598,61.5,false,true
Rutgers::lynchmatty,"Lynch, Matty",Rutgers,Big Ten,2026,24,3,0,0,0,0,0,0,0.0,false,0,0.000,0.3730,1598,61.5,false,true
Rutgers::lemairecedric,"Lemaire, Cedric",Rutgers,Big Ten,2026,25,3,8,0,0,0,0,0,0.0,false,0,0.000,0.3665,1598,59.7,false,true
Rutgers::ruizerick,"Ruiz, Erick",Rutgers,Big Ten,2026,26,3,93,0,0,0,0,0,0.0,false,0,0.000,0.3091,1598,41.9,true,true
Rutgers::mayanjaabubaker,"Mayanja, Abubaker",Rutgers,Big Ten,2026,27,3,0,0,0,0,0,0,0.0,false,0,0.000,0.3730,1598,61.5,false,true
Rutgers::andrusjack,"Andrus, Jack",Rutgers,Big Ten,2026,28,3,0,0,0,0,0,0,0.0,false,0,0.000,0.3730,1598,61.5,false,true
San Diego::rojasartur,"Rojas, Artur",San Diego,West Coast,2026,0,2,0,0,0,0,0,0,0.0,false,0,0.000,0.3730,1666,61.5,false,true
San Diego::websternicholas,"Webster, Nicholas",San Diego,West Coast,2026,00,2,0,0,0,0,0,0,0.0,false,0,0.000,0.3730,1666,61.5,false,true
San Diego::kubrakovvolodymyr,"Kubrakov, Volodymyr",San Diego,West Coast,2026,2,2,0,0,0,0,0,0,0.0,false,0,0.000,0.3730,1666,61.5,false,true
San Diego::wabwandalucien,"Wa Bwanda, Lucien",San Diego,West Coast,2026,3,3,180,0,0,0,0,0,0.0,false,0,0.000,0.2664,1725,16.6,true,true
San Diego::mcnaughtonethan,"McNaughton, Ethan",San Diego,West Coast,2026,18,2,7,0,0,0,0,0,0.0,false,0,0.000,0.3673,1666,59.8,false,true
San Diego::morenoricky,"Moreno, Ricky",San Diego,West Coast,2026,19,3,20,0,0,0,0,0,0.0,false,0,0.000,0.3571,1725,57.2,false,true
San Diego::adamitisjojo,"Adamitis, Jojo",San Diego,West Coast,2026,20,2,0,0,0,0,0,0,0.0,false,0,0.000,0.3730,1666,61.5,false,true
San Diego::penakevin,"Pena, Kevin",San Diego,West Coast,2026,21,2,0,0,0,0,0,0,0.0,false,0,0.000,0.3730,1666,61.5,false,true
San Diego::zelkindelijah,"Zelkind, Elijah",San Diego,West Coast,2026,22,3,59,0,0,0,0,0,0.0,false,0,0.000,0.3298,1725,49,false,true
San Diego::marinwyatt,"Marin, Wyatt",San Diego,West Coast,2026,25,2,0,0,0,0,0,0,0.0,false,0,0.000,0.3730,1666,61.5,false,true
San Diego::severstyler,"Severs, Tyler",San Diego,West Coast,2026,28,2,45,0,0,0,0,0,0.0,false,0,0.000,0.3391,1666,51.8,false,true
San Diego::arndtleo,"Arndt, Leo",San Diego,West Coast,2026,33,2,0,0,0,0,0,0,0.0,false,0,0.000,0.3730,1666,61.5,false,true
San Diego::axelsonnicolas,"Axelson, Nicolas",San Diego,West Coast,2026,34,2,0,0,0,0,0,0,0.0,false,0,0.000,0.3730,1666,61.5,false,true
Wisconsin::vanmolari,"van Mol, Ari",Wisconsin,Big Ten,2026,13,3,50,0,0,0,0,0,0.0,false,0,0.000,0.3357,1474,50.8,false,true
Saint Mary's::laportebrett,"LaPorte, Brett",Saint Mary's,West Coast,2026,0,2,0,0,0,0,0,0,0.0,false,0,0.000,0.3730,1526,61.5,false,true
Saint Mary's::peelernathan,"Peeler, Nathan",Saint Mary's,West Coast,2026,28,2,45,0,0,0,0,0,0.0,false,0,0.000,0.3391,1526,51.8,false,true
Saint Mary's::davistommy,"Davis, Tommy",Saint Mary's,West Coast,2026,30,2,0,0,0,0,0,0,0.0,false,0,0.000,0.3730,1526,61.5,false,true
Saint Mary's::whittakerjaydon,"Whittaker, Jaydon",Saint Mary's,West Coast,2026,5,2,180,0,0,0,0,0,0.0,false,0,0.000,0.2664,1526,16.6,true,true
Saint Mary's::mavropoulosangelos,"Mavropoulos, Angelos",Saint Mary's,West Coast,2026,6,2,0,0,0,0,0,0,0.0,false,0,0.000,0.3730,1526,61.5,false,true
Saint Mary's::tidwellrhys,"Tidwell, Rhys",Saint Mary's,West Coast,2026,8,2,0,0,0,0,0,0,0.0,false,0,0.000,0.3730,1526,61.5,false,true
Saint Mary's::beattyhenry,"Beatty, Henry",Saint Mary's,West Coast,2026,14,3,64,0,0,0,0,0,0.0,false,0,0.000,0.3266,1460,48.4,false,true
Saint Mary's::erwinben,"Erwin, Ben",Saint Mary's,West Coast,2026,16,2,0,0,0,0,0,0,0.0,false,0,0.000,0.3730,1526,61.5,false,true
Saint Mary's::bandraukalex,"Bandrauk, Alex",Saint Mary's,West Coast,2026,17,2,0,0,0,0,0,0,0.0,false,0,0.000,0.3730,1526,61.5,false,true
Saint Mary's::speedmaxim,"Speed, Maxim",Saint Mary's,West Coast,2026,20,2,0,0,0,0,0,0,0.0,false,0,0.000,0.3730,1526,61.5,false,true
Saint Mary's::soytrkilay,"Soytürk, Ilay",Saint Mary's,West Coast,2026,21,2,0,0,0,0,0,0,0.0,false,0,0.000,0.3730,1526,61.5,false,true
Saint Mary's::amaralaiden,"Amaral, Aiden",Saint Mary's,West Coast,2026,24,2,0,0,0,0,0,0,0.0,false,0,0.000,0.3730,1526,61.5,false,true
Saint Mary's::hoeltingluke,"Hoelting, Luke",Saint Mary's,West Coast,2026,25,2,34,0,0,0,0,0,0.0,false,0,0.000,0.3468,1526,53.9,false,true
Saint Mary's::karumbayakayan,"Karumbaya, Kayan",Saint Mary's,West Coast,2026,27,2,0,0,0,0,0,0,0.0,false,0,0.000,0.3730,1526,61.5,false,true
Saint Mary's::deragonhubert,"Deragon, Hubert",Saint Mary's,West Coast,2026,33,2,9,0,0,0,0,0,0.0,false,0,0.000,0.3657,1526,59.5,false,true
UC Davis::elkinsben,"Elkins, Ben",UC Davis,Mountain West,2026,18,3,76,0,0,0,0,0,0.0,false,0,0.000,0.3191,1402,46.1,false,true
Sacramento State::singhangad,"Singh, Angad",Sacramento State,Big West,2026,24,3,195,0,0,0,0,0,0.0,false,0,0.000,0.2602,1537,14.3,true,true
Sacramento State::gueallbranly,"Gue, Allbranly",Sacramento State,Big West,2026,8,1,12,0,0,0,0,0,0.0,false,0,0.000,0.3633,1503,59,false,true
Sacramento State::alvarengaadrian,"Alvarenga, Adrian",Sacramento State,Big West,2026,25,2,43,0,0,0,0,0,0.0,false,0,0.000,0.3405,1593,52.2,false,true
California Baptist::doregohugo,"Do Rego, Hugo",California Baptist,Pac-12,2026,1,2,90,0,0,0,0,0,0.0,false,0,0.000,0.3108,1617,43.1,false,true
California Baptist::cruzalexander,"Cruz, Alexander",California Baptist,Pac-12,2026,2,2,116,0,0,0,0,0,0.0,false,0,0.000,0.2966,1617,34.4,true,true
California Baptist::contehharoun,"Conteh, Haroun",California Baptist,Pac-12,2026,4,2,125,0,0,0,0,0,0.0,false,0,0.000,0.2919,1617,31.8,true,true
California Baptist::lukwagoharuna,"Lukwago, Haruna",California Baptist,Pac-12,2026,17,2,117,0,0,0,0,0,0.0,false,0,0.000,0.2960,1617,34.1,true,true
California Baptist::costamatteo,"Costa, Matteo",California Baptist,Pac-12,2026,19,2,122,0,0,0,0,0,0.0,false,0,0.000,0.2935,1617,32.8,true,true
California Baptist::lovellandrew,"Lovell, Andrew",California Baptist,Pac-12,2026,12,2,7,0,0,0,0,0,0.0,false,0,0.000,0.3673,1617,59.8,false,true
California Baptist::jacksoncaden,"Jackson, Caden",California Baptist,Pac-12,2026,15,2,64,0,0,0,0,0,0.0,false,0,0.000,0.3266,1617,48.4,false,true
California Baptist::marthtizian,"Marth, Tizian",California Baptist,Pac-12,2026,16,2,67,0,0,0,0,0,0.0,false,0,0.000,0.3247,1617,47.8,false,true
Campbell::redruppjulian,"Redrupp, Julian",Campbell,CAA,2026,2,2,25,0,0,0,0,0,0.0,false,0,0.000,0.3534,1628,56.2,false,true
Campbell::lauderbrendan,"Lauder, Brendan",Campbell,CAA,2026,5,2,163,0,0,0,0,0,0.0,false,0,0.000,0.2738,1628,21.6,true,true
Campbell::vingsgaardnicholas,"Vingsgaard, Nicholas",Campbell,CAA,2026,7,2,140,0,0,0,0,0,0.0,false,0,0.000,0.2845,1628,27.3,true,true
Campbell::odegaardmathias,"Odegaard, Mathias",Campbell,CAA,2026,12,1,78,0,0,0,0,0,0.0,false,0,0.000,0.3179,1631,45.7,false,true
Campbell::pondecaaydin,"Pondeca, Aydin",Campbell,CAA,2026,25,2,152,0,0,0,0,0,0.0,false,0,0.000,0.2788,1628,24.2,true,true
Campbell::reiddavis,"Reid, Davis",Campbell,CAA,2026,23,2,81,0,0,0,0,0,0.0,false,0,0.000,0.3161,1628,45,false,true
Campbell::corneliusgavin,"Cornelius, Gavin",Campbell,CAA,2026,24,2,94,0,0,0,0,0,0.0,false,0,0.000,0.3086,1628,41.6,true,true
Campbell::giovannettidani,"Giovannetti, Dani",Campbell,CAA,2026,29,1,27,0,0,0,0,0,0.0,false,0,0.000,0.3519,1631,55.9,false,true
Campbell::moralesmikey,"Morales, Mikey",Campbell,CAA,2026,30,2,21,0,0,0,0,0,0.0,false,0,0.000,0.3564,1628,57,false,true
Robert Morris::lewischristopher,"Lewis, Christopher",Robert Morris,Horizon,2026,0,1,0,0,0,0,0,0,0.0,false,0,0.000,0.3730,1445,61.5,false,true
Robert Morris::wesselsam,"Wessel, Sam",Robert Morris,Horizon,2026,33,1,0,0,0,0,0,0,0.0,false,0,0.000,0.3730,1445,61.5,false,true
Robert Morris::janoskidylan,"Janoski, Dylan",Robert Morris,Horizon,2026,42,1,0,0,0,0,0,0,0.0,false,0,0.000,0.3730,1445,61.5,false,true
Robert Morris::nicolemeric,"Nicol, Emeric",Robert Morris,Horizon,2026,8,1,0,0,0,0,0,0,0.0,false,0,0.000,0.3730,1445,61.5,false,true
Robert Morris::thomasian,"Thomas, Ian",Robert Morris,Horizon,2026,17,1,0,0,0,0,0,0,0.0,false,0,0.000,0.3730,1445,61.5,false,true
Robert Morris::sambryan,"Sam, Bryan",Robert Morris,Horizon,2026,18,1,0,0,0,0,0,0,0.0,false,0,0.000,0.3730,1445,61.5,false,true
Robert Morris::ayehdavid,"Ayeh, David",Robert Morris,Horizon,2026,20,1,0,0,0,0,0,0,0.0,false,0,0.000,0.3730,1445,61.5,false,true
Robert Morris::schmidvan,"Schmid, Van",Robert Morris,Horizon,2026,22,1,30,0,0,0,0,0,0.0,false,0,0.000,0.3497,1445,55,false,true
Robert Morris::bizyakmason,"Bizyak, Mason",Robert Morris,Horizon,2026,23,2,4,0,0,0,0,0,0.0,false,0,0.000,0.3697,1354,60.5,false,true
Robert Morris::camattaalessandro,"Camatta, Alessandro",Robert Morris,Horizon,2026,25,1,0,0,0,0,0,0,0.0,false,0,0.000,0.3730,1445,61.5,false,true
Drexel::mikulaty,"Mikula, Ty",Drexel,CAA,2026,50,1,0,0,0,0,0,0,0.0,false,0,0.000,0.3730,1448,61.5,false,true
Hofstra::blaircharlie,"Blair, Charlie",Hofstra,CAA,2026,25,2,8,0,0,0,0,0,0.0,false,0,0.000,0.3665,1494,59.7,false,true
Bucknell::marronigianluca,"Marroni, Gianluca",Bucknell,Patriot,2026,4,3,124,0,0,0,0,0,0.0,false,0,0.000,0.2924,1620,32.2,true,true
Bucknell::riddellhamish,"Riddell, Hamish",Bucknell,Patriot,2026,2,3,93,0,0,0,0,0,0.0,false,0,0.000,0.3091,1620,41.9,true,true
Bucknell::walshmax,"Walsh, Max",Bucknell,Patriot,2026,5,3,22,0,0,0,0,0,0.0,false,0,0.000,0.3556,1620,56.9,false,true
Bucknell::newcombegavin,"Newcombe , Gavin",Bucknell,Patriot,2026,14,2,10,0,0,0,0,0,0.0,false,0,0.000,0.3649,1704,59.3,false,true
Bucknell::brokawgrant,"Brokaw, Grant",Bucknell,Patriot,2026,18,3,33,0,0,0,0,0,0.0,false,0,0.000,0.3475,1620,54,false,true
Bucknell::heintzjack,"Heintz, Jack",Bucknell,Patriot,2026,23,3,72,0,0,0,0,0,0.0,false,0,0.000,0.3216,1620,47.2,false,true
Northeastern::carrollasiah,"Carroll, Asiah",Northeastern,CAA,2026,17,2,110,0,0,0,0,0,0.0,false,0,0.000,0.2997,1317,36.4,true,true
Holy Cross::everettowen,"Everett, Owen",Holy Cross,Other / Non-D1,2026,7,1,43,0,0,0,0,0,0.0,false,0,0.000,0.3405,1418,52.2,false,false
Holy Cross::groomalex,"Groom, Alex",Holy Cross,Other / Non-D1,2026,11,1,9,0,0,0,0,0,0.0,false,0,0.000,0.3657,1418,59.5,false,false
Stony Brook::arnarsonpetur,"Arnarson, Petur",Stony Brook,CAA,2026,4,1,90,0,0,0,0,0,0.0,false,0,0.000,0.3108,1340,43.1,false,true
Marist::cavinesscole,"Caviness, Cole",Marist,Metro,2026,22,1,4,0,0,0,0,0,0.0,false,0,0.000,0.3697,1555,60.5,false,true
Cleveland State::yerianstephen,"Yerian, Stephen",Cleveland State,Horizon,2026,1,2,180,0,0,0,0,0,0.0,false,0,0.000,0.2664,1391,16.6,true,true
Cleveland State::harmercole,"Harmer, Cole",Cleveland State,Horizon,2026,4,2,180,0,0,0,0,0,0.0,false,0,0.000,0.2664,1391,16.6,true,true
Cleveland State::ibrahimovicadin,"Ibrahimovic, Adin",Cleveland State,Horizon,2026,9,2,92,0,0,0,0,0,0.0,false,0,0.000,0.3097,1391,42.4,true,true
Cleveland State::petrovicdjordje,"Petrovic, Djordje",Cleveland State,Horizon,2026,10,2,124,0,0,0,0,0,0.0,false,0,0.000,0.2924,1391,32.2,true,true
Santa Clara::alemayehuezana,"Alemayehu, Ezana",Santa Clara,West Coast,2026,18,3,42,0,0,0,0,0,0.0,false,0,0.000,0.3412,1527,52.3,false,true
Santa Clara::yokokawayu,"Yokokawa, Yu",Santa Clara,West Coast,2026,5,2,33,0,0,0,0,0,0.0,false,0,0.000,0.3475,1548,54,false,true
Detroit Mercy::monroecolin,"Monroe, Colin",Detroit Mercy,Horizon,2026,0,2,180,0,0,0,0,0,0.0,false,0,0.000,0.2664,1549,16.6,true,true
Detroit Mercy::moodyryan,"Moody, Ryan",Detroit Mercy,Horizon,2026,16,2,180,0,0,0,0,0,0.0,false,0,0.000,0.2664,1549,16.6,true,true
Detroit Mercy::berrymichael,"Berry, Michael",Detroit Mercy,Horizon,2026,5,2,97,0,0,0,0,0,0.0,false,0,0.000,0.3069,1343,40.6,true,true
St. Thomas::krencmoritz,"Krenc, Moritz",St. Thomas,Summit,2026,1,3,180,0,0,0,0,0,0.0,false,0,0.000,0.2664,1222,16.6,true,true
University of Southern Indiana::englishjacob,"English, Jacob",University of Southern Indiana,Ohio Valley,2026,1,2,180,0,0,0,0,0,0.0,false,0,0.000,0.2664,1392,16.6,true,true
University of Southern Indiana::davisbobby,"Davis, Bobby",University of Southern Indiana,Ohio Valley,2026,4,2,135,0,0,0,0,0,0.0,false,0,0.000,0.2869,1392,28.6,true,true
University of Southern Indiana::cvorovicedin,"Cvorovic, Edin",University of Southern Indiana,Ohio Valley,2026,10,2,127,0,0,0,0,0,0.0,false,0,0.000,0.2909,1392,31.3,true,true
University of Southern Indiana::kirchhoferwill,"Kirchhofer, Will",University of Southern Indiana,Ohio Valley,2026,21,2,141,0,0,0,0,0,0.0,false,0,0.000,0.2840,1392,26.9,true,true
University of Southern Indiana::smithchase,"Smith, Chase",University of Southern Indiana,Ohio Valley,2026,19,1,7,0,0,0,0,0,0.0,false,0,0.000,0.3673,1339,59.8,false,true
Milwaukee::dostanicfilip,"Dostanic, Filip",Milwaukee,Horizon,2026,30,3,270,0,0,0,0,0,0.0,false,0,0.000,0.2331,1194,4.5,true,true
Milwaukee::ivkovicpavle,"Ivkovic, Pavle",Milwaukee,Horizon,2026,3,3,188,0,0,0,0,0,0.0,false,0,0.000,0.2631,1194,15.5,true,true
Milwaukee::weirollie,"Weir, Ollie",Milwaukee,Horizon,2026,7,2,23,0,0,0,0,0,0.0,false,0,0.000,0.3549,1050,56.6,false,true
Milwaukee::schroedertimo,"Schroeder, Timo",Milwaukee,Horizon,2026,29,3,92,0,0,0,0,0,0.0,false,0,0.000,0.3097,1194,42.4,true,true
Canisius::haroldpreston,"Harold, Preston",Canisius,Metro,2026,1,2,180,0,0,0,0,0,0.0,false,0,0.000,0.2664,1323,16.6,true,true
Canisius::villacortaosortokevin,"Villacorta-Osorto, Kevin",Canisius,Metro,2026,5,2,178,0,0,0,0,0,0.0,false,0,0.000,0.2673,1323,18.9,true,true
Canisius::petruccimason,"Petrucci, Mason",Canisius,Metro,2026,7,2,109,0,0,0,0,0,0.0,false,0,0.000,0.3003,1323,36.7,true,true
Canisius::aggreysydney,"Aggrey, Sydney",Canisius,Metro,2026,9,2,52,0,0,0,0,0,0.0,false,0,0.000,0.3344,1323,50.5,false,true
Canisius::henaokerby,"Henao, Kerby",Canisius,Metro,2026,18,2,124,0,0,0,0,0,0.0,false,0,0.000,0.2924,1323,32.2,true,true
Canisius::angarangianni,"Angaran, Gianni",Canisius,Metro,2026,21,2,180,0,0,0,0,0,0.0,false,0,0.000,0.2664,1323,16.6,true,true
Canisius::jimenezlarry,"Jimenez, Larry",Canisius,Metro,2026,22,2,180,0,0,0,0,0,0.0,false,0,0.000,0.2664,1323,16.6,true,true
Canisius::arceogael,"Arceo, Gael",Canisius,Metro,2026,2,1,2,0,0,0,0,0,0.0,false,0,0.000,0.3714,1223,61.2,false,true
Canisius::dehmgriffen,"Dehm, Griffen",Canisius,Metro,2026,20,2,35,0,0,0,0,0,0.0,false,0,0.000,0.3461,1323,53.5,false,true
Canisius::weberelliott,"Weber, Elliott",Canisius,Metro,2026,24,1,2,0,0,0,0,0,0.0,false,0,0.000,0.3714,1223,61.2,false,true
Canisius::vanengenkiernan,"Van Engen, Kiernan",Canisius,Metro,2026,25,1,17,0,0,0,0,0,0.0,false,0,0.000,0.3594,1223,57.8,false,true
Canisius::tuchlorenzo,"Tuch, Lorenzo",Canisius,Metro,2026,30,2,101,0,0,0,0,0,0.0,false,0,0.000,0.3046,1323,39.2,true,true
Le Moyne College::biasicole,"Biasi, Cole",Le Moyne College,NEC,2026,13,2,30,0,0,0,0,0,0.0,false,0,0.000,0.3497,1218,55,false,true
Le Moyne College::burnsconnor,"Burns, Connor",Le Moyne College,NEC,2026,18,3,51,0,0,0,0,0,0.0,false,0,0.000,0.3350,1285,50.7,false,true
Fairfield::andrewsmax,"Andrews, Max",Fairfield,Metro,2026,18,2,180,0,0,0,0,0,0.0,false,0,0.000,0.2664,1684,16.6,true,true
Fairfield::shreinerluke,"Shreiner, Luke",Fairfield,Metro,2026,5,2,152,0,0,0,0,0,0.0,false,0,0.000,0.2788,1684,24.2,true,true
Fairfield::thompsondrew,"Thompson, Drew",Fairfield,Metro,2026,8,2,180,0,0,0,0,0,0.0,false,0,0.000,0.2664,1684,16.6,true,true
Fairfield::olanrewajupipeloore,"Olanrewaju, Pipeloore",Fairfield,Metro,2026,17,2,124,0,0,0,0,0,0.0,false,0,0.000,0.2924,1684,32.2,true,true
Fairfield::aktanjett,"Aktan, Jett",Fairfield,Metro,2026,19,2,180,0,0,0,0,0,0.0,false,0,0.000,0.2664,1684,16.6,true,true
Fairfield::stapletonjahmani,"Stapleton, Jahmani",Fairfield,Metro,2026,24,2,180,0,0,0,0,0,0.0,false,0,0.000,0.2664,1684,16.6,true,true
Fairfield::tyrkusillia,"Tyrkus, Illia",Fairfield,Metro,2026,7,2,1,0,0,0,0,0,0.0,false,0,0.000,0.3722,1684,61.4,false,true
Fairfield::muraniamassimo,"Murania, Massimo",Fairfield,Metro,2026,9,2,27,0,0,0,0,0,0.0,false,0,0.000,0.3519,1684,55.9,false,true
Fairfield::rosenasher,"Rosen, Asher",Fairfield,Metro,2026,11,2,2,0,0,0,0,0,0.0,false,0,0.000,0.3714,1684,61.2,false,true
Fairfield::drummondowen,"Drummond, Owen",Fairfield,Metro,2026,14,2,29,0,0,0,0,0,0.0,false,0,0.000,0.3504,1684,55.4,false,true
Fairfield::thaggardchris,"Thaggard, Chris",Fairfield,Metro,2026,27,1,26,0,0,0,0,0,0.0,false,0,0.000,0.3526,1742,56,false,true
Fairfield::engenvikaudun,"Engen Vik, Audun",Fairfield,Metro,2026,29,2,2,0,0,0,0,0,0.0,false,0,0.000,0.3714,1684,61.2,false,true
Marshall::lukicluka,"Lukic, Luka",Marshall,Sun Belt,2026,17,2,129,0,0,0,0,0,0.0,false,0,0.000,0.2899,1518,30.6,true,true
Marshall::horrocksalan,"Horrocks, Alan",Marshall,Sun Belt,2026,31,1,90,0,0,0,0,0,0.0,false,0,0.000,0.3108,1423,43.1,false,true
Marshall::alvesjoao,"Alves, Joao",Marshall,Sun Belt,2026,3,2,112,0,0,0,0,0,0.0,false,0,0.000,0.2987,1518,35.6,true,true
Marshall::robertojoao,"Roberto, Joao",Marshall,Sun Belt,2026,12,2,71,0,0,0,0,0,0.0,false,0,0.000,0.3222,1518,47.3,false,true
Marshall::rombergcarl,"Romberg, Carl",Marshall,Sun Belt,2026,23,2,90,0,0,0,0,0,0.0,false,0,0.000,0.3108,1518,43.1,false,true
Marshall::alvarezalvaro,"Alvarez, Alvaro",Marshall,Sun Belt,2026,30,2,54,0,0,0,0,0,0.0,false,0,0.000,0.3331,1518,50.2,false,true
Marshall::hermansenimre,"Hermansen, Imre",Marshall,Sun Belt,2026,32,2,114,0,0,0,0,0,0.0,false,0,0.000,0.2976,1518,35,true,true
Marshall::guimaraesfrancisco,"Guimaraes, Francisco",Marshall,Sun Belt,2026,47,2,81,0,0,0,0,0,0.0,false,0,0.000,0.3161,1518,45,false,true
Western Michigan::whitfieldiigregory,"Whitfield II, Gregory",Western Michigan,Missouri Valley,2026,27,1,30,0,0,0,0,0,0.0,false,0,0.000,0.3497,1648,55,false,true
Kentucky::albanbertil,"Alban, Bertil",Kentucky,Sun Belt,2026,17,2,30,0,0,0,0,0,0.0,false,0,0.000,0.3497,1565,55,false,true
Kentucky::onoseric,"Onos, Eric",Kentucky,Sun Belt,2026,7,3,67,0,0,0,0,0,0.0,false,0,0.000,0.3247,1585,47.8,false,true
Kentucky::brunemats,"Brune, Mats",Kentucky,Sun Belt,2026,23,3,93,0,0,0,0,0,0.0,false,0,0.000,0.3091,1585,41.9,true,true
Army::kimandrew,"Kim, Andrew",Army,Patriot,2026,33,3,0,0,0,0,0,0,0.0,false,0,0.000,0.3730,1455,61.5,false,true
Army::mcconvillejake,"McConville, Jake",Army,Patriot,2026,00,3,0,0,0,0,0,0,0.0,false,0,0.000,0.3730,1455,61.5,false,true
Army::camargoblair,"Camargo, Blair",Army,Patriot,2026,1,3,0,0,0,0,0,0,0.0,false,0,0.000,0.3730,1455,61.5,false,true
Army::likewisekeanu,"Likewise, Keanu",Army,Patriot,2026,34,3,0,0,0,0,0,0,0.0,false,0,0.000,0.3730,1455,61.5,false,true
Army::ennisowen,"Ennis, Owen",Army,Patriot,2026,3,3,0,0,0,0,0,0,0.0,false,0,0.000,0.3730,1455,61.5,false,true
Army::mejiaowen,"Mejia, Owen",Army,Patriot,2026,4,3,0,0,0,0,0,0,0.0,false,0,0.000,0.3730,1455,61.5,false,true
Army::mccarthycolin,"McCarthy, Colin",Army,Patriot,2026,6,3,0,0,0,0,0,0,0.0,false,0,0.000,0.3730,1455,61.5,false,true
Army::woehlsebastian,"Woehl, Sebastian",Army,Patriot,2026,13,3,0,0,0,0,0,0,0.0,false,0,0.000,0.3730,1455,61.5,false,true
Army::englemancorbin,"Engleman, Corbin",Army,Patriot,2026,17,3,0,0,0,0,0,0,0.0,false,0,0.000,0.3730,1455,61.5,false,true
Army::kordewickkamden,"Kordewick, Kamden",Army,Patriot,2026,22,3,5,0,0,0,0,0,0.0,false,0,0.000,0.3689,1455,60.3,false,true
Army::gormleydaniel,"Gormley, Daniel",Army,Patriot,2026,25,3,0,0,0,0,0,0,0.0,false,0,0.000,0.3730,1455,61.5,false,true
Army::tuckerliam,"Tucker, Liam",Army,Patriot,2026,27,3,0,0,0,0,0,0,0.0,false,0,0.000,0.3730,1455,61.5,false,true
Army::griffinben,"Griffin, Ben",Army,Patriot,2026,30,3,0,0,0,0,0,0,0.0,false,0,0.000,0.3730,1455,61.5,false,true
Air Force::ramarajuabhinav,"Ramaraju, Abhinav",Air Force,Mountain West,2026,25,1,0,0,0,0,0,0,0.0,false,0,0.000,0.3730,1431,61.5,false,true
CSUN::johnsonmiles,"Johnson, Miles",CSUN,Other / Non-D1,2026,26,1,42,0,0,0,0,0,0.0,false,0,0.000,0.3412,1429,52.3,false,false
Utah Tech::campoliluca,"Campoli, Luca",Utah Tech,Mountain West,2026,1,2,135,0,0,0,0,0,0.0,false,0,0.000,0.2869,1414,28.6,true,true
Utah Tech::robinsondorian,"Robinson, Dorian",Utah Tech,Mountain West,2026,27,2,102,0,0,0,0,0,0.0,false,0,0.000,0.3041,1414,38.8,true,true
CSU Bakersfield::medinadakotah,"Medina, Dakotah",CSU Bakersfield,Other / Non-D1,2026,20,1,8,0,0,0,0,0,0.0,false,0,0.000,0.3665,1372,59.7,false,false
CSU Bakersfield::robinsonjosh,"Robinson, Josh",CSU Bakersfield,Other / Non-D1,2026,26,2,26,0,0,0,0,0,0.0,false,0,0.000,0.3526,1592,56,false,false
Chicago State::garciabryant,"Garcia , Bryant",Chicago State,NEC,2026,30,1,90,0,0,0,0,0,0.0,false,0,0.000,0.3108,1470,43.1,false,true
Chicago State::abiodunjaden,"Abiodun , Jaden",Chicago State,NEC,2026,9,2,100,0,0,0,0,0,0.0,false,0,0.000,0.3052,1434,39.6,true,true
Eastern Illinois::eckerandre,"Ecker, Andre",Eastern Illinois,Ohio Valley,2026,6,2,75,0,0,0,0,0,0.0,false,0,0.000,0.3197,1303,46.3,false,true
Eastern Illinois::greenkeiden,"Green, Keiden",Eastern Illinois,Ohio Valley,2026,18,1,43,0,0,0,0,0,0.0,false,0,0.000,0.3405,1403,52.2,false,true
Omaha::demontignygael,"de Montigny, Gael",Omaha,Summit,2026,17,3,173,0,0,0,0,0,0.0,false,0,0.000,0.2694,1348,19.7,true,true
Omaha::ndionekamy,"Ndione, Kamy",Omaha,Summit,2026,30,3,270,0,0,0,0,0,0.0,false,0,0.000,0.2331,1348,4.5,true,true
Omaha::royerjamai,"Royer, Jamai",Omaha,Summit,2026,5,2,77,0,0,0,0,0,0.0,false,0,0.000,0.3185,1341,45.9,false,true
Omaha::robinsbrady,"Robins, Brady",Omaha,Summit,2026,15,3,205,0,0,0,0,0,0.0,false,0,0.000,0.2563,1348,12.8,true,true
Omaha::schendtsam,"Schendt, Sam",Omaha,Summit,2026,26,2,8,0,0,0,0,0,0.0,false,0,0.000,0.3665,1288,59.7,false,true
UTRGV::knightconrad,"Knight, Conrad",UTRGV,Ohio Valley,2026,1,2,180,0,0,0,0,0,0.0,false,0,0.000,0.2664,1367,16.6,true,true
UTRGV::vanderaavictor,"van der Aa, Victor",UTRGV,Ohio Valley,2026,14,2,167,0,0,0,0,0,0.0,false,0,0.000,0.2721,1367,20.9,true,true
UTRGV::abealalvaro,"Abeal, Alvaro",UTRGV,Ohio Valley,2026,16,2,155,0,0,0,0,0,0.0,false,0,0.000,0.2775,1367,23.5,true,true
UTRGV::hernandezdylan,"Hernandez, Dylan",UTRGV,Ohio Valley,2026,19,2,132,0,0,0,0,0,0.0,false,0,0.000,0.2884,1367,29.9,true,true
UTRGV::zunigaramon,"Zuniga, Ramon",UTRGV,Ohio Valley,2026,20,2,180,0,0,0,0,0,0.0,false,0,0.000,0.2664,1367,16.6,true,true
UTRGV::gashojonah,"Gasho, Jonah",UTRGV,Ohio Valley,2026,3,2,33,0,0,0,0,0,0.0,false,0,0.000,0.3475,1367,54,false,true
UTRGV::mondymatheo,"Mondy, Matheo",UTRGV,Ohio Valley,2026,12,2,61,0,0,0,0,0,0.0,false,0,0.000,0.3285,1367,48.8,false,true
UTRGV::harrisjevaughn,"Harris, Jevaughn",UTRGV,Ohio Valley,2026,17,2,34,0,0,0,0,0,0.0,false,0,0.000,0.3468,1367,53.9,false,true
UTRGV::veraarev,"Vera, Arev",UTRGV,Ohio Valley,2026,24,1,5,0,0,0,0,0,0.0,false,0,0.000,0.3689,1263,60.3,false,true
Denver::wheelerblake,"Wheeler, Blake",Denver,West Coast,2026,23,1,0,0,0,0,0,0,0.0,false,0,0.000,0.3730,1600,61.5,false,true
Denver::kelliherdean,"Kelliher, Dean",Denver,West Coast,2026,30,1,0,0,0,0,0,0,0.0,false,0,0.000,0.3730,1600,61.5,false,true
Denver::biggersdavid,"Biggers, David",Denver,West Coast,2026,7,3,110,0,0,0,0,0,0.0,false,0,0.000,0.2997,1734,36.4,true,true
Denver::mannandrew,"Mann, Andrew",Denver,West Coast,2026,8,1,0,0,0,0,0,0,0.0,false,0,0.000,0.3730,1600,61.5,false,true
Denver::schommertyler,"Schommer, Tyler",Denver,West Coast,2026,9,1,14,0,0,0,0,0,0.0,false,0,0.000,0.3618,1600,58.5,false,true
Denver::mcgowankyle,"McGowan, Kyle",Denver,West Coast,2026,10,3,215,0,0,0,0,0,0.0,false,0,0.000,0.2524,1734,11.6,true,true
Denver::welchian,"Welch, Ian",Denver,West Coast,2026,11,3,51,0,0,0,0,0,0.0,false,0,0.000,0.3350,1734,50.7,false,true
Denver::hannakieran,"Hanna, Kieran",Denver,West Coast,2026,12,3,206,0,0,0,0,0,0.0,false,0,0.000,0.2559,1734,12.5,true,true
Denver::carrollchris,"Carroll, Chris",Denver,West Coast,2026,13,1,0,0,0,0,0,0,0.0,false,0,0.000,0.3730,1600,61.5,false,true
Denver::schultzluke,"Schultz, Luke",Denver,West Coast,2026,14,2,51,0,0,0,0,0,0.0,false,0,0.000,0.3350,1692,50.7,false,true
Denver::tatehudson,"Tate, Hudson",Denver,West Coast,2026,16,3,231,0,0,0,0,0,0.0,false,0,0.000,0.2465,1734,9.9,true,true
Denver::olssonholger,"Olsson, Holger",Denver,West Coast,2026,17,1,0,0,0,0,0,0,0.0,false,0,0.000,0.3730,1600,61.5,false,true
Denver::isaacsonlogan,"Isaacson, Logan",Denver,West Coast,2026,19,1,0,0,0,0,0,0,0.0,false,0,0.000,0.3730,1600,61.5,false,true
Denver::giwatomi,"Giwa, Tomi",Denver,West Coast,2026,21,1,0,0,0,0,0,0,0.0,false,0,0.000,0.3730,1600,61.5,false,true
Denver::kellercollin,"Keller, Collin",Denver,West Coast,2026,28,1,0,0,0,0,0,0,0.0,false,0,0.000,0.3730,1600,61.5,false,true
Denver::fritcherjon,"Fritcher, Jon",Denver,West Coast,2026,29,3,38,0,0,0,0,0,0.0,false,0,0.000,0.3440,1734,53,false,true
Denver::sheallytate,"Sheally, Tate",Denver,West Coast,2026,31,1,0,0,0,0,0,0,0.0,false,0,0.000,0.3730,1600,61.5,false,true
Denver::masinoanthony,"Masino, Anthony",Denver,West Coast,2026,38,2,9,0,0,0,0,0,0.0,false,0,0.000,0.3657,1692,59.5,false,true
Liberty::molerspencer,"Moler, Spencer",Liberty,Southern,2026,14,3,110,0,0,0,0,0,0.0,false,0,0.000,0.2997,1579,36.4,true,true
Liberty::rosarioadrian,"Rosario, Adrian",Liberty,Southern,2026,15,3,51,0,0,0,0,0,0.0,false,0,0.000,0.3350,1579,50.7,false,true
Liberty::vallejooscar,"Vallejo, Oscar",Liberty,Southern,2026,3,3,224,0,0,0,0,0,0.0,false,0,0.000,0.2490,1579,10.8,true,true
Liberty::arespablo,"Ares, Pablo",Liberty,Southern,2026,9,3,102,0,0,0,0,0,0.0,false,0,0.000,0.3041,1579,38.8,true,true
Liberty::pirecniknik,"Pirecnik, Nik",Liberty,Southern,2026,16,3,149,0,0,0,0,0,0.0,false,0,0.000,0.2802,1579,25,true,true
UC Riverside::gilmoregrayson,"Gilmore, Grayson",UC Riverside,Pac-12,2026,30,3,0,0,0,0,0,0,0.0,false,0,0.000,0.3730,1564,61.5,false,true
UC Riverside::hermosilloandrew,"Hermosillo, Andrew",UC Riverside,Pac-12,2026,40,3,0,0,0,0,0,0,0.0,false,0,0.000,0.3730,1564,61.5,false,true
UC Riverside::dalessandrojackson,"D'Alessandro, Jackson",UC Riverside,Pac-12,2026,2,3,0,0,0,0,0,0,0.0,false,0,0.000,0.3730,1564,61.5,false,true
UC Riverside::omahonyfinley,"O'Mahony, Finley",UC Riverside,Pac-12,2026,3,3,76,0,0,0,0,0,0.0,false,0,0.000,0.3191,1564,46.1,false,true
UC Riverside::koschmikasebastian,"Kosch, Mika Sebastian",UC Riverside,Pac-12,2026,4,3,6,0,0,0,0,0,0.0,false,0,0.000,0.3681,1564,60.1,false,true
UC Riverside::torreshector,"Torres, Hector",UC Riverside,Pac-12,2026,6,3,16,0,0,0,0,0,0.0,false,0,0.000,0.3602,1564,58,false,true
UC Riverside::villafrancoadrianjose,"Villafranco, Adrian Jose",UC Riverside,Pac-12,2026,7,1,28,0,0,0,0,0,0.0,false,0,0.000,0.3512,1480,55.6,false,true
UC Riverside::mirandajuanantonio,"Miranda, Juan-Antonio",UC Riverside,Pac-12,2026,14,3,0,0,0,0,0,0,0.0,false,0,0.000,0.3730,1564,61.5,false,true
UC Riverside::radonjicandrija,"Radonjic, Andrija",UC Riverside,Pac-12,2026,15,3,16,0,0,0,0,0,0.0,false,0,0.000,0.3602,1564,58,false,true
UC Riverside::tendaleace,"Tendale, Ace",UC Riverside,Pac-12,2026,18,3,90,0,0,0,0,0,0.0,false,0,0.000,0.3108,1564,43.1,false,true
UC Riverside::yohannesermias,"Yohannes, Ermias",UC Riverside,Pac-12,2026,19,3,27,0,0,0,0,0,0.0,false,0,0.000,0.3519,1564,55.9,false,true
UC Riverside::rodriguezroman,"Rodriguez, Roman",UC Riverside,Pac-12,2026,22,3,0,0,0,0,0,0,0.0,false,0,0.000,0.3730,1564,61.5,false,true
UC Riverside::barrosschelottosantiago,"Barros Schelotto, Santiago",UC Riverside,Pac-12,2026,23,3,21,0,0,0,0,0,0.0,false,0,0.000,0.3564,1564,57,false,true
UC Riverside::ramirezdiego,"Ramirez, Diego",UC Riverside,Pac-12,2026,25,3,49,0,0,0,0,0,0.0,false,0,0.000,0.3364,1564,51.1,false,true
UC Riverside::mimosayashir,"Mimosa, Yashir",UC Riverside,Pac-12,2026,26,3,128,0,0,0,0,0,0.0,false,0,0.000,0.2904,1564,31,true,true
UC Riverside::lopeznathan,"Lopez, Nathan",UC Riverside,Pac-12,2026,31,3,0,0,0,0,0,0,0.0,false,0,0.000,0.3730,1564,61.5,false,true
UC Riverside::wadanoa,"Wada, Noa",UC Riverside,Pac-12,2026,35,3,0,0,0,0,0,0,0.0,false,0,0.000,0.3730,1564,61.5,false,true
UC Riverside::molinamendozagiancarlo,"Molina Mendoza, Giancarlo",UC Riverside,Pac-12,2026,36,3,0,0,0,0,0,0,0.0,false,0,0.000,0.3730,1564,61.5,false,true
Oral Roberts::gradillaelijah,"Gradilla, Elijah",Oral Roberts,Summit,2026,0,1,0,0,0,0,0,0,0.0,false,0,0.000,0.3730,1454,61.5,false,true
Oral Roberts::grzesiakjakub,"Grzesiak, Jakub",Oral Roberts,Summit,2026,1,1,0,0,0,0,0,0,0.0,false,0,0.000,0.3730,1454,61.5,false,true
Oral Roberts::gascavidallucca,"Gasca Vidal, Lucca",Oral Roberts,Summit,2026,30,1,0,0,0,0,0,0,0.0,false,0,0.000,0.3730,1454,61.5,false,true
Oral Roberts::inderblake,"Inder, Blake",Oral Roberts,Summit,2026,4,2,72,0,0,0,0,0,0.0,false,0,0.000,0.3216,1482,47.2,false,true
Oral Roberts::puplampusamuel,"Puplampu, Samuel",Oral Roberts,Summit,2026,9,1,0,0,0,0,0,0,0.0,false,0,0.000,0.3730,1454,61.5,false,true
Oral Roberts::fordzak,"Ford, Zak",Oral Roberts,Summit,2026,12,2,117,0,0,0,0,0,0.0,false,0,0.000,0.2960,1482,34.1,true,true
Oral Roberts::morganjonathan,"Morgan, Jonathan",Oral Roberts,Summit,2026,14,2,8,0,0,0,0,0,0.0,false,0,0.000,0.3665,1482,59.7,false,true
Oral Roberts::hatleymason,"Hatley, Mason",Oral Roberts,Summit,2026,16,1,0,0,0,0,0,0,0.0,false,0,0.000,0.3730,1454,61.5,false,true
Oral Roberts::spulercolin,"Spuler, Colin",Oral Roberts,Summit,2026,24,2,8,0,0,0,0,0,0.0,false,0,0.000,0.3665,1482,59.7,false,true
Oral Roberts::gonzalezcristopher,"Gonzalez, Cristopher",Oral Roberts,Summit,2026,25,2,3,0,0,0,0,0,0.0,false,0,0.000,0.3705,1482,60.9,false,true
Navy::pauzedenis,"Pauze, Denis",Navy,Patriot,2026,24,2,29,0,0,0,0,0,0.0,false,0,0.000,0.3504,1352,55.4,false,true
Navy::ramalholuc,"Ramalho, Luc",Navy,Patriot,2026,99,2,24,0,0,0,0,0,0.0,false,0,0.000,0.3541,1352,56.4,false,true
UCF::habcktimo,"Haböck, Timo",UCF,Sun Belt,2026,1,3,0,0,0,0,0,0,0.0,false,0,0.000,0.3730,1561,61.5,false,true
UCF::longaneckerkai,"Longanecker, Kai",UCF,Sun Belt,2026,30,3,0,0,0,0,0,0,0.0,false,0,0.000,0.3730,1561,61.5,false,true
UCF::jeromeleny,"Jerome, Leny",UCF,Sun Belt,2026,2,3,0,0,0,0,0,0,0.0,false,0,0.000,0.3730,1561,61.5,false,true
UCF::eugnedegorcegwendal,"Eugène Degorce, Gwendal",UCF,Sun Belt,2026,3,3,180,0,0,0,0,0,0.0,false,0,0.000,0.2664,1561,16.6,true,true
UCF::velezgabi,"Velez, Gabi",UCF,Sun Belt,2026,12,3,0,0,0,0,0,0,0.0,false,0,0.000,0.3730,1561,61.5,false,true
UCF::monseejrabraham,"Monsee Jr, Abraham",UCF,Sun Belt,2026,15,3,0,0,0,0,0,0,0.0,false,0,0.000,0.3730,1561,61.5,false,true
UCF::vienhugo,"Vien, Hugo",UCF,Sun Belt,2026,20,3,0,0,0,0,0,0,0.0,false,0,0.000,0.3730,1561,61.5,false,true
UCF::callowayfinn,"Calloway, Finn",UCF,Sun Belt,2026,21,3,0,0,0,0,0,0,0.0,false,0,0.000,0.3730,1561,61.5,false,true
UCF::yamamotosena,"Yamamoto, Sena",UCF,Sun Belt,2026,25,3,0,0,0,0,0,0,0.0,false,0,0.000,0.3730,1561,61.5,false,true
UCF::dejesusmateus,"Dejesus, Mateus",UCF,Sun Belt,2026,33,3,0,0,0,0,0,0,0.0,false,0,0.000,0.3730,1561,61.5,false,true
UCF::naranjoalexander,"Naranjo, Alexander",UCF,Sun Belt,2026,36,3,53,0,0,0,0,0,0.0,false,0,0.000,0.3337,1561,50.4,false,true
Boston University::bonoschris,"Bonos, Chris",Boston University,Patriot,2026,29,1,0,0,0,0,0,0,0.0,false,0,0.000,0.3730,1733,61.5,false,true
VMI::panoutsosmarkos,"Panoutsos, Markos",VMI,Southern,2026,16,3,139,0,0,0,0,0,0.0,false,0,0.000,0.2850,1334,27.5,true,true
Elon::quigleyjp,"Quigley, JP",Elon,Other / Non-D1,2026,21,1,9,0,0,0,0,0,0.0,false,0,0.000,0.3657,1149,59.5,false,false
Elon::reevesrobbie,"Reeves, Robbie",Elon,Other / Non-D1,2026,22,1,1,0,0,0,0,0,0.0,false,0,0.000,0.3722,1149,61.4,false,false
California::bollykylaszlo,"Bollyky, Laszlo",California,ACC,2026,0,2,0,0,0,0,0,0,0.0,false,0,0.000,0.3730,1685,61.5,false,true
California::micalispencer,"Micali, Spencer",California,ACC,2026,00,2,0,0,0,0,0,0,0.0,false,0,0.000,0.3730,1685,61.5,false,true
California::grimesthomas,"Grimes, Thomas",California,ACC,2026,1,2,0,0,0,0,0,0,0.0,false,0,0.000,0.3730,1685,61.5,false,true
California::andohzack,"Andoh, Zack",California,ACC,2026,99,2,0,0,0,0,0,0,0.0,false,0,0.000,0.3730,1685,61.5,false,true
California::motagiancarlo,"Mota, Giancarlo",California,ACC,2026,3,2,9,0,0,0,0,0,0.0,false,0,0.000,0.3657,1685,59.5,false,true
California::ramansluke,"Ramans, Luke",California,ACC,2026,4,2,0,0,0,0,0,0,0.0,false,0,0.000,0.3730,1685,61.5,false,true
California::pickettdandre,"Pickett, D'Andre",California,ACC,2026,5,2,177,0,0,0,0,0,0.0,false,0,0.000,0.2677,1685,19,true,true
California::bowersjack,"Bowers, Jack",California,ACC,2026,6,2,0,0,0,0,0,0,0.0,false,0,0.000,0.3730,1685,61.5,false,true
California::cordovacesar,"Cordova, Cesar",California,ACC,2026,10,2,59,0,0,0,0,0,0.0,false,0,0.000,0.3298,1685,49,false,true
California::gustafsongriffin,"Gustafson, Griffin",California,ACC,2026,14,2,0,0,0,0,0,0,0.0,false,0,0.000,0.3730,1685,61.5,false,true
California::mileszach,"Miles, Zach",California,ACC,2026,15,2,132,0,0,0,0,0,0.0,false,0,0.000,0.2884,1685,29.9,true,true
California::oppenheimmiko,"Oppenheim, Miko",California,ACC,2026,17,2,0,0,0,0,0,0,0.0,false,0,0.000,0.3730,1685,61.5,false,true
California::laredonik,"Laredo, Nik",California,ACC,2026,19,2,0,0,0,0,0,0,0.0,false,0,0.000,0.3730,1685,61.5,false,true
California::juniorflorentino,"Junior, Florentino",California,ACC,2026,21,2,164,0,0,0,0,0,0.0,false,0,0.000,0.2734,1685,21.4,true,true
California::thomasisaiah,"Thomas, Isaiah",California,ACC,2026,25,2,36,0,0,0,0,0,0.0,false,0,0.000,0.3454,1685,53.4,false,true
California::onuomawisdom,"Onuoma, Wisdom",California,ACC,2026,26,2,3,0,0,0,0,0,0.0,false,0,0.000,0.3705,1685,60.9,false,true
California::hauschildalex,"Hauschild				, Alex",California,ACC,2026,29,2,97,0,0,0,0,0,0.0,false,0,0.000,0.3069,1685,40.6,true,true
California::alnahlawinizo,"Alnahlawi, Nizo",California,ACC,2026,31,2,0,0,0,0,0,0,0.0,false,0,0.000,0.3730,1685,61.5,false,true
California::morrisonbeau,"Morrison, Beau",California,ACC,2026,33,2,167,0,0,0,0,0,0.0,false,0,0.000,0.2721,1685,20.9,true,true
Lehigh::bantonajani,"Banton, Ajani",Lehigh,Patriot,2026,5,2,90,0,0,0,0,0,0.0,false,0,0.000,0.3108,1505,43.1,false,true
Lehigh::larrealuciano,"Larrea, Luciano",Lehigh,Patriot,2026,11,2,129,0,0,0,0,0,0.0,false,0,0.000,0.2899,1505,30.6,true,true
Lehigh::bustosnicholas,"Bustos, Nicholas",Lehigh,Patriot,2026,13,2,132,0,0,0,0,0,0.0,false,0,0.000,0.2884,1505,29.9,true,true
Lehigh::bealerlandon,"Bealer, Landon",Lehigh,Patriot,2026,17,2,180,0,0,0,0,0,0.0,false,0,0.000,0.2664,1505,16.6,true,true
Lehigh::greshamjackson,"Gresham, Jackson",Lehigh,Patriot,2026,3,2,17,0,0,0,0,0,0.0,false,0,0.000,0.3594,1505,57.8,false,true
Lehigh::turkerbora,"Turker, Bora",Lehigh,Patriot,2026,9,2,32,0,0,0,0,0,0.0,false,0,0.000,0.3483,1505,54.3,false,true
Lehigh::rubinichmichael,"Rubinich, Michael",Lehigh,Patriot,2026,16,2,29,0,0,0,0,0,0.0,false,0,0.000,0.3504,1505,55.4,false,true
Lehigh::adkinsjax,"Adkins, Jax",Lehigh,Patriot,2026,21,2,50,0,0,0,0,0,0.0,false,0,0.000,0.3357,1505,50.8,false,true
San Jose State::enriquezisac,"Enriquez, Isac",San Jose State,Mountain West,2026,4,2,172,0,0,0,0,0,0.0,false,0,0.000,0.2699,1588,20,true,true
San Jose State::scottjalen,"Scott, Jalen",San Jose State,Mountain West,2026,21,2,51,0,0,0,0,0,0.0,false,0,0.000,0.3350,1588,50.7,false,true
San Jose State::shimadakazushi,"Shimada, Kazushi",San Jose State,Mountain West,2026,3,2,16,0,0,0,0,0,0.0,false,0,0.000,0.3602,1588,58,false,true
Monmouth::johnsenherman,"Johnsen, Herman",Monmouth,CAA,2026,1,1,90,0,0,0,0,0,0.0,false,0,0.000,0.3108,1511,43.1,false,true
Saint Peter's::capacchionechristian,"Capacchione, Christian",Saint Peter's,Metro,2026,25,2,22,0,0,0,0,0,0.0,false,0,0.000,0.3556,1514,56.9,false,true
FDU::dautigenti,"Dauti, Genti",FDU,Other / Non-D1,2026,21,1,25,0,0,0,0,0,0.0,false,0,0.000,0.3534,1203,56.2,false,false
FDU::anevskinathaniel,"Anevski, Nathaniel",FDU,Other / Non-D1,2026,23,2,20,0,0,0,0,0,0.0,false,0,0.000,0.3571,1329,57.2,false,false
Quincy University::myattryan,"Myatt, Ryan",Quincy University,Other / Non-D1,2026,3,1,59,0,0,0,0,0,0.0,false,0,0.000,0.3298,1265,49,false,false
Quincy University::barberolucca,"Barbero, Lucca",Quincy University,Other / Non-D1,2026,7,1,61,0,0,0,0,0,0.0,false,0,0.000,0.3285,1265,48.8,false,false
Quincy University::venvertlohcarter,"Venvertloh, Carter",Quincy University,Other / Non-D1,2026,9,1,56,0,0,0,0,0,0.0,false,0,0.000,0.3317,1265,49.6,false,false
Quincy University::nwosujosh,"Nwosu, Josh",Quincy University,Other / Non-D1,2026,10,1,61,0,0,0,0,0,0.0,false,0,0.000,0.3285,1265,48.8,false,false
Quincy University::fischerrylan,"Fischer, Rylan",Quincy University,Other / Non-D1,2026,14,1,46,0,0,0,0,0,0.0,false,0,0.000,0.3384,1265,51.5,false,false
Quincy University::guilloryisaac,"Guillory, Isaac",Quincy University,Other / Non-D1,2026,15,1,64,0,0,0,0,0,0.0,false,0,0.000,0.3266,1265,48.4,false,false
Quincy University::bringedalmathias,"Bringedal, Mathias",Quincy University,Other / Non-D1,2026,19,1,71,0,0,0,0,0,0.0,false,0,0.000,0.3222,1265,47.3,false,false
Quincy University::frericksmax,"Frericks, Max",Quincy University,Other / Non-D1,2026,26,1,90,0,0,0,0,0,0.0,false,0,0.000,0.3108,1265,43.1,false,false
Quincy University::imigcolin,"Imig, Colin",Quincy University,Other / Non-D1,2026,2,1,62,0,0,0,0,0,0.0,false,0,0.000,0.3278,1265,48.6,false,false
Quincy University::abrahamerik,"Abraham, Erik",Quincy University,Other / Non-D1,2026,6,1,25,0,0,0,0,0,0.0,false,0,0.000,0.3534,1265,56.2,false,false
Quincy University::moyersgavin,"Moyers, Gavin",Quincy University,Other / Non-D1,2026,8,1,32,0,0,0,0,0,0.0,false,0,0.000,0.3483,1265,54.3,false,false
Quincy University::drewjohn,"Drew, John",Quincy University,Other / Non-D1,2026,11,1,12,0,0,0,0,0,0.0,false,0,0.000,0.3633,1265,59,false,false
Quincy University::bandeirarodrigo,"Bandeira, Rodrigo",Quincy University,Other / Non-D1,2026,21,1,41,0,0,0,0,0,0.0,false,0,0.000,0.3419,1265,52.5,false,false
Quincy University::jimenezerik,"Jimenez, Erik",Quincy University,Other / Non-D1,2026,22,1,19,0,0,0,0,0,0.0,false,0,0.000,0.3579,1265,57.4,false,false
Western Illinois::bollandharvey,"Bolland, Harvey",Western Illinois,Ohio Valley,2026,1,2,180,0,0,0,0,0,0.0,false,0,0.000,0.2664,1297,16.6,true,true
Western Illinois::palisakmaksim,"Palisak, Maksim",Western Illinois,Ohio Valley,2026,14,2,60,0,0,0,0,0,0.0,false,0,0.000,0.3291,1297,48.9,false,true
Regent::moleskent,"Moles, Kent",Regent,Other / Non-D1,2026,2,1,7,0,0,0,0,0,0.0,false,0,0.000,0.3673,1145,59.8,false,false
Regent::dobraszkazmer,"Dobrasz, Kazmer",Regent,Other / Non-D1,2026,3,1,37,0,0,0,0,0,0.0,false,0,0.000,0.3447,1145,53.1,false,false
Regent::dixontracy,"Dixon, Tracy",Regent,Other / Non-D1,2026,5,1,72,0,0,0,0,0,0.0,false,0,0.000,0.3216,1145,47.2,false,false
Regent::stapleslanden,"Staples, Landen",Regent,Other / Non-D1,2026,13,1,90,0,0,0,0,0,0.0,false,0,0.000,0.3108,1145,43.1,false,false
Regent::peterraik,"Peter, Raik",Regent,Other / Non-D1,2026,23,1,77,0,0,0,0,0,0.0,false,0,0.000,0.3185,1145,45.9,false,false
Regent::henriquesconnor,"Henriques, Connor",Regent,Other / Non-D1,2026,99,1,45,0,0,0,0,0,0.0,false,0,0.000,0.3391,1145,51.8,false,false
Regent::carmenatessebastian,"Carmenates, Sebastian",Regent,Other / Non-D1,2026,1,1,45,0,0,0,0,0,0.0,false,0,0.000,0.3391,1145,51.8,false,false
Regent::pendegrastlucas,"Pendegrast, Lucas",Regent,Other / Non-D1,2026,4,1,31,0,0,0,0,0,0.0,false,0,0.000,0.3490,1145,54.8,false,false
Regent::hoyosjacobo,"Hoyos, Jacobo",Regent,Other / Non-D1,2026,10,1,60,0,0,0,0,0,0.0,false,0,0.000,0.3291,1145,48.9,false,false
Regent::rendonantonio,"Rendon, Antonio",Regent,Other / Non-D1,2026,16,1,27,0,0,0,0,0,0.0,false,0,0.000,0.3519,1145,55.9,false,false
Regent::maldonadomelvin,"Maldonado, Melvin",Regent,Other / Non-D1,2026,17,1,50,0,0,0,0,0,0.0,false,0,0.000,0.3357,1145,50.8,false,false
Regent::trachttoby,"Tracht, Toby",Regent,Other / Non-D1,2026,20,1,58,0,0,0,0,0,0.0,false,0,0.000,0.3304,1145,49.2,false,false
Regent::rendonsalvador,"Rendon, Salvador",Regent,Other / Non-D1,2026,21,1,21,0,0,0,0,0,0.0,false,0,0.000,0.3564,1145,57,false,false
Regent::greensamuel,"Green, Samuel",Regent,Other / Non-D1,2026,25,1,17,0,0,0,0,0,0.0,false,0,0.000,0.3594,1145,57.8,false,false
VMI::bruzonicben,"Bruzonic, Ben",VMI,Southern,2026,33,2,180,0,0,0,0,0,0.0,false,0,0.000,0.2664,1161,16.6,true,true
VMI::teamgavin,"Team, Gavin",VMI,Southern,2026,25,2,65,0,0,0,0,0,0.0,false,0,0.000,0.3259,1178,48.2,false,true
Siena::kaciczackary,"Kacic, Zackary",Siena,Metro,2026,1,1,0,0,0,0,0,0,0.0,false,0,0.000,0.3730,1531,61.5,false,true
Siena::ruotiliomichael,"Ruotilio, Michael",Siena,Metro,2026,35,1,0,0,0,0,0,0,0.0,false,0,0.000,0.3730,1531,61.5,false,true
Siena::ramdeenstephen,"Ramdeen, Stephen",Siena,Metro,2026,5,1,0,0,0,0,0,0,0.0,false,0,0.000,0.3730,1531,61.5,false,true
Siena::lefebvreenzo,"Lefebvre, Enzo",Siena,Metro,2026,6,1,0,0,0,0,0,0,0.0,false,0,0.000,0.3730,1531,61.5,false,true
Siena::kolbjornseningvar,"Kolbjornsen, Ingvar",Siena,Metro,2026,14,1,0,0,0,0,0,0,0.0,false,0,0.000,0.3730,1531,61.5,false,true
Siena::kanicmuamer,"Kanic, Muamer",Siena,Metro,2026,19,1,0,0,0,0,0,0,0.0,false,0,0.000,0.3730,1531,61.5,false,true
Siena::cajamarcamark,"Cajamarca, Mark",Siena,Metro,2026,20,1,0,0,0,0,0,0,0.0,false,0,0.000,0.3730,1531,61.5,false,true
Siena::capollarienesio,"Capollari, Enesio",Siena,Metro,2026,29,1,8,0,0,0,0,0,0.0,false,0,0.000,0.3665,1531,59.7,false,true
Siena::migliorelliemilio,"Migliorelli, Emilio",Siena,Metro,2026,30,1,11,0,0,0,0,0,0.0,false,0,0.000,0.3641,1531,59,false,true
California Baptist::gaweljr,"Gawel, JR",California Baptist,Pac-12,2026,31,1,0,0,0,0,0,0,0.0,false,0,0.000,0.3730,1723,61.5,false,true
California Baptist::kildecaden,"Kilde, Caden",California Baptist,Pac-12,2026,33,1,0,0,0,0,0,0,0.0,false,0,0.000,0.3730,1723,61.5,false,true
California Baptist::dixonahir,"Dixon, Ahir",California Baptist,Pac-12,2026,3,1,0,0,0,0,0,0,0.0,false,0,0.000,0.3730,1723,61.5,false,true
California Baptist::cabreramathi,"Cabrera, Mathi",California Baptist,Pac-12,2026,14,1,0,0,0,0,0,0,0.0,false,0,0.000,0.3730,1723,61.5,false,true
California Baptist::heldstan,"Held, Stan",California Baptist,Pac-12,2026,21,1,0,0,0,0,0,0,0.0,false,0,0.000,0.3730,1723,61.5,false,true
California Baptist::martinezuly,"Martinez, Uly",California Baptist,Pac-12,2026,23,1,0,0,0,0,0,0,0.0,false,0,0.000,0.3730,1723,61.5,false,true
California Baptist::bagendaenock,"Bagenda, Enock",California Baptist,Pac-12,2026,24,1,0,0,0,0,0,0,0.0,false,0,0.000,0.3730,1723,61.5,false,true
Queens::bademianmatthew,"Bademian, Matthew",Queens,ASUN,2026,0,1,0,0,0,0,0,0,0.0,false,0,0.000,0.3730,1811,61.5,false,true
Queens::maskernolan,"Masker, Nolan",Queens,ASUN,2026,30,1,0,0,0,0,0,0,0.0,false,0,0.000,0.3730,1811,61.5,false,true
Queens::bedicsriley,"Bedics, Riley",Queens,ASUN,2026,32,1,0,0,0,0,0,0,0.0,false,0,0.000,0.3730,1811,61.5,false,true
Queens::chapmanjosh,"Chapman, Josh",Queens,ASUN,2026,5,1,0,0,0,0,0,0,0.0,false,0,0.000,0.3730,1811,61.5,false,true
Queens::kneeroliver,"Kneer, Oliver",Queens,ASUN,2026,9,1,0,0,0,0,0,0,0.0,false,0,0.000,0.3730,1811,61.5,false,true
Queens::mckinnoncassias,"McKinnon, Cassias",Queens,ASUN,2026,15,1,0,0,0,0,0,0,0.0,false,0,0.000,0.3730,1811,61.5,false,true
Queens::duenasgabriel,"Duenas, Gabriel",Queens,ASUN,2026,16,1,10,0,0,0,0,0,0.0,false,0,0.000,0.3649,1811,59.3,false,true
Queens::whittcaden,"Whitt, Caden",Queens,ASUN,2026,18,1,0,0,0,0,0,0,0.0,false,0,0.000,0.3730,1811,61.5,false,true
Queens::arnarssonarnar,"Arnarsson, Arnar",Queens,ASUN,2026,19,1,0,0,0,0,0,0,0.0,false,0,0.000,0.3730,1811,61.5,false,true
Queens::tzimoulismichael,"Tzimoulis, Michael",Queens,ASUN,2026,2,1,0,0,0,0,0,0,0.0,false,0,0.000,0.3730,1811,61.5,false,true
Queens::palharespedro,"Palhares, Pedro",Queens,ASUN,2026,23,1,0,0,0,0,0,0,0.0,false,0,0.000,0.3730,1811,61.5,false,true
Queens::yangedison,"Yang, Edison",Queens,ASUN,2026,24,1,0,0,0,0,0,0,0.0,false,0,0.000,0.3730,1811,61.5,false,true
Queens::waljirazik,"Walji, Razik",Queens,ASUN,2026,26,1,0,0,0,0,0,0,0.0,false,0,0.000,0.3730,1811,61.5,false,true
Queens::lusterravi,"Luster, Ravi",Queens,ASUN,2026,27,1,0,0,0,0,0,0,0.0,false,0,0.000,0.3730,1811,61.5,false,true
Queens::dealmeidaenzo,"de Almeida, Enzo",Queens,ASUN,2026,29,1,0,0,0,0,0,0,0.0,false,0,0.000,0.3730,1811,61.5,false,true
Queens::gaskillcurren,"Gaskill, Curren",Queens,ASUN,2026,31,1,0,0,0,0,0,0,0.0,false,0,0.000,0.3730,1811,61.5,false,true
Queens::millerbrock,"Miller, Brock",Queens,ASUN,2026,36,1,0,0,0,0,0,0,0.0,false,0,0.000,0.3730,1811,61.5,false,true
Stanford::fungvictor,"Fung, Victor",Stanford,ACC,2026,23,1,3,0,0,0,0,0,0.0,false,0,0.000,0.3705,1767,60.9,false,true
New Hampshire::magnussonjochum,"Magnusson, Jochum",New Hampshire,America East,2026,1,1,0,0,0,0,0,0,0.0,false,0,0.000,0.3730,1719,61.5,false,true
Virginia Tech::kleinpenningthomas,"Kleinpenning, Thomas",Virginia Tech,ACC,2026,16,1,18,0,0,0,0,0,0.0,false,0,0.000,0.3587,1192,57.6,false,true
Virginia Tech::grangelandan,"Grange, Landan",Virginia Tech,ACC,2026,30,1,19,0,0,0,0,0,0.0,false,0,0.000,0.3579,1192,57.4,false,true
Virginia Tech::kranedreyercassander,"Krane Dreyer, Cassander",Virginia Tech,ACC,2026,7,1,34,0,0,0,0,0,0.0,false,0,0.000,0.3468,1192,53.9,false,true
Virginia Tech::stavrouluke,"Stavrou, Luke",Virginia Tech,ACC,2026,14,1,19,0,0,0,0,0,0.0,false,0,0.000,0.3579,1192,57.4,false,true
Howard::wilsonstephon,"Wilson, Stephon",Howard,NEC,2026,18,1,4,0,0,0,0,0,0.0,false,0,0.000,0.3697,1619,60.5,false,true
Howard::singletonjoshua,"Singleton, Joshua",Howard,NEC,2026,26,1,25,0,0,0,0,0,0.0,false,0,0.000,0.3534,1619,56.2,false,true
Howard::souarewootenbarry,"Souare-Wooten, Barry",Howard,NEC,2026,9,2,95,0,0,0,0,0,0.0,false,0,0.000,0.3080,1476,41.1,true,true
VCU::prattnathan,"Pratt, Nathan",VCU,Atlantic 10,2026,0,2,0,0,0,0,0,0,0.0,false,0,0.000,0.3730,1679,61.5,false,true
VCU::maloneytrevor,"Maloney, Trevor",VCU,Atlantic 10,2026,1,2,0,0,0,0,0,0,0.0,false,0,0.000,0.3730,1679,61.5,false,true
VCU::hayesdeniss,"Hayes, Deniss",VCU,Atlantic 10,2026,11,2,0,0,0,0,0,0,0.0,false,0,0.000,0.3730,1679,61.5,false,true
VCU::togashikishin,"Togashi, Kishin",VCU,Atlantic 10,2026,15,2,0,0,0,0,0,0,0.0,false,0,0.000,0.3730,1679,61.5,false,true
VCU::abdulmateensulaiman,"Abdul-Mateen, Sulaiman",VCU,Atlantic 10,2026,35,2,0,0,0,0,0,0,0.0,false,0,0.000,0.3730,1679,61.5,false,true
NJIT::barberojaime,"Barbero, Jaime",NJIT,America East,2026,7,1,13,0,0,0,0,0,0.0,false,0,0.000,0.3625,1391,58.7,false,true
Saint Joseph's::lamainalogan,"LaMaina, Logan",Saint Joseph's,Atlantic 10,2026,21,2,102,0,0,0,0,0,0.0,false,0,0.000,0.3041,1289,38.8,true,true
Saint Joseph's::regantommy,"Regan, Tommy",Saint Joseph's,Atlantic 10,2026,17,2,2,0,0,0,0,0,0.0,false,0,0.000,0.3714,1289,61.2,false,true
Saint Joseph's::donnellyaidan,"Donnelly, Aidan",Saint Joseph's,Atlantic 10,2026,15,2,16,0,0,0,0,0,0.0,false,0,0.000,0.3602,1289,58,false,true
Houston Christian::smithcharlie,"Smith, Charlie",Houston Christian,Ohio Valley,2026,0,1,0,0,0,0,0,0,0.0,false,0,0.000,0.3730,1407,61.5,false,true
Houston Christian::jaimesangel,"Jaimes, Angel",Houston Christian,Ohio Valley,2026,30,1,0,0,0,0,0,0,0.0,false,0,0.000,0.3730,1407,61.5,false,true
Houston Christian::baptistadesouzamateus,"Baptista de Souza, Mateus",Houston Christian,Ohio Valley,2026,31,1,0,0,0,0,0,0,0.0,false,0,0.000,0.3730,1407,61.5,false,true
Houston Christian::thirkillben,"Thirkill, Ben",Houston Christian,Ohio Valley,2026,3,1,0,0,0,0,0,0,0.0,false,0,0.000,0.3730,1407,61.5,false,true
Houston Christian::obengnana,"Obeng, Nana",Houston Christian,Ohio Valley,2026,4,2,78,0,0,0,0,0,0.0,false,0,0.000,0.3179,1423,45.7,false,true
Houston Christian::sakshaughenrik,"Sakshaug, Henrik",Houston Christian,Ohio Valley,2026,7,1,0,0,0,0,0,0,0.0,false,0,0.000,0.3730,1407,61.5,false,true
Houston Christian::jobenygel,"Jobe, Nygel",Houston Christian,Ohio Valley,2026,12,1,0,0,0,0,0,0,0.0,false,0,0.000,0.3730,1407,61.5,false,true
Houston Christian::dillettandrew,"Dillett, Andrew",Houston Christian,Ohio Valley,2026,20,1,0,0,0,0,0,0,0.0,false,0,0.000,0.3730,1407,61.5,false,true
Houston Christian::belongian,"Belong, Ian",Houston Christian,Ohio Valley,2026,21,1,0,0,0,0,0,0,0.0,false,0,0.000,0.3730,1407,61.5,false,true
Houston Christian::ejerenwadaniel,"Ejerenwa, Daniel",Houston Christian,Ohio Valley,2026,25,1,0,0,0,0,0,0,0.0,false,0,0.000,0.3730,1407,61.5,false,true
Houston Christian::oluninor,"Olu, Ninor",Houston Christian,Ohio Valley,2026,56,1,0,0,0,0,0,0,0.0,false,0,0.000,0.3730,1407,61.5,false,true
Vermont::armellinogianluca,"Armellino, Gianluca",Vermont,America East,2026,11,1,27,0,0,0,0,0,0.0,false,0,0.000,0.3519,1423,55.9,false,true
Vermont::costinbrady,"Costin, Brady",Vermont,America East,2026,15,1,10,0,0,0,0,0,0.0,false,0,0.000,0.3649,1423,59.3,false,true
Vermont::dalykarl,"Daly, Karl",Vermont,America East,2026,21,1,26,0,0,0,0,0,0.0,false,0,0.000,0.3526,1423,56,false,true
Vermont::stevensongavin,"Stevenson, Gavin",Vermont,America East,2026,22,1,10,0,0,0,0,0,0.0,false,0,0.000,0.3649,1423,59.3,false,true
Penn State::rossjustin,"Ross, Justin",Penn State,Big Ten,2026,13,2,5,0,0,0,0,0,0.0,false,0,0.000,0.3689,1651,60.3,false,true
Penn State::grundinfredrick,"Grundin, Fredrick",Penn State,Big Ten,2026,31,1,0,0,0,0,0,0,0.0,false,0,0.000,0.3730,1650,61.5,false,true
Penn State::recinosarian,"Recinos, Arian",Penn State,Big Ten,2026,3,1,0,0,0,0,0,0,0.0,false,0,0.000,0.3730,1650,61.5,false,true
Penn State::mannjoven,"Mann, Joven",Penn State,Big Ten,2026,8,1,0,0,0,0,0,0,0.0,false,0,0.000,0.3730,1650,61.5,false,true
Penn State::argentajorge,"Argenta, Jorge",Penn State,Big Ten,2026,9,1,0,0,0,0,0,0,0.0,false,0,0.000,0.3730,1650,61.5,false,true
Penn State::chernyvladislav,"Cherny, Vladislav",Penn State,Big Ten,2026,10,1,0,0,0,0,0,0,0.0,false,0,0.000,0.3730,1650,61.5,false,true
Penn State::vojvodickyler,"Vojvodic, Kyler",Penn State,Big Ten,2026,11,1,0,0,0,0,0,0,0.0,false,0,0.000,0.3730,1650,61.5,false,true
Penn State::mirakiandylan,"Mirakian, Dylan",Penn State,Big Ten,2026,12,1,0,0,0,0,0,0,0.0,false,0,0.000,0.3730,1650,61.5,false,true
Penn State::fieldingsam,"Fielding, Sam",Penn State,Big Ten,2026,27,2,77,0,0,0,0,0,0.0,false,0,0.000,0.3185,1651,45.9,false,true
West Florida::brownnoah,"Brown, Noah",West Florida,Other / Non-D1,2026,30,2,0,0,0,0,0,0,0.0,false,0,0.000,0.3730,1419,61.5,false,false
West Florida::timberlakeian,"Timberlake, Ian",West Florida,Other / Non-D1,2026,31,2,0,0,0,0,0,0,0.0,false,0,0.000,0.3730,1419,61.5,false,false
West Florida::hudsonjack,"Hudson, Jack",West Florida,Other / Non-D1,2026,4,2,59,0,0,0,0,0,0.0,false,0,0.000,0.3298,1419,49,false,false
West Florida::camargomatheus,"Camargo, Matheus",West Florida,Other / Non-D1,2026,7,2,0,0,0,0,0,0,0.0,false,0,0.000,0.3730,1419,61.5,false,false
West Florida::andersoncole,"Anderson, Cole",West Florida,Other / Non-D1,2026,12,2,5,0,0,0,0,0,0.0,false,0,0.000,0.3689,1419,60.3,false,false
West Florida::rosewill,"Rose, Will",West Florida,Other / Non-D1,2026,18,2,0,0,0,0,0,0,0.0,false,0,0.000,0.3730,1419,61.5,false,false
West Florida::haskinschase,"Haskins, Chase",West Florida,Other / Non-D1,2026,22,2,0,0,0,0,0,0,0.0,false,0,0.000,0.3730,1419,61.5,false,false
West Florida::llanesrichard,"Llanes, Richard",West Florida,Other / Non-D1,2026,23,2,17,0,0,0,0,0,0.0,false,0,0.000,0.3594,1419,57.8,false,false
West Florida::weibelwinston,"Weibel, Winston",West Florida,Other / Non-D1,2026,27,2,0,0,0,0,0,0,0.0,false,0,0.000,0.3730,1419,61.5,false,false
West Florida::ticknorjake,"Ticknor, Jake",West Florida,Other / Non-D1,2026,28,2,13,0,0,0,0,0,0.0,false,0,0.000,0.3625,1419,58.7,false,false
West Florida::riberojoo,"Ribero, João",West Florida,Other / Non-D1,2026,33,2,0,0,0,0,0,0,0.0,false,0,0.000,0.3730,1419,61.5,false,false
Delaware::sorensenbraeden,"Sorensen, Braeden",Delaware,Summit,2026,0,2,0,0,0,0,0,0,0.0,false,0,0.000,0.3730,1539,61.5,false,true
Delaware::reeceoliver,"Reece, Oliver",Delaware,Summit,2026,31,2,0,0,0,0,0,0,0.0,false,0,0.000,0.3730,1539,61.5,false,true
Delaware::elliottjojo,"Elliott, JoJo",Delaware,Summit,2026,33,1,0,0,0,0,0,0,0.0,false,0,0.000,0.3730,1279,61.5,false,true
Delaware::williamsethan,"Williams, Ethan",Delaware,Summit,2026,12,2,0,0,0,0,0,0,0.0,false,0,0.000,0.3730,1539,61.5,false,true
Delaware::frederickcole,"Frederick, Cole",Delaware,Summit,2026,13,2,3,0,0,0,0,0,0.0,false,0,0.000,0.3705,1539,60.9,false,true
Delaware::acostadiego,"Acosta, Diego",Delaware,Summit,2026,15,2,0,0,0,0,0,0,0.0,false,0,0.000,0.3730,1539,61.5,false,true
Delaware::lannonseamus,"Lannon, Seamus",Delaware,Summit,2026,16,2,25,0,0,0,0,0,0.0,false,0,0.000,0.3534,1539,56.2,false,true
Delaware::pastorerocco,"Pastore, Rocco",Delaware,Summit,2026,20,2,0,0,0,0,0,0,0.0,false,0,0.000,0.3730,1539,61.5,false,true
Delaware::glasserthaddeus,"Glasser, Thaddeus",Delaware,Summit,2026,23,2,0,0,0,0,0,0,0.0,false,0,0.000,0.3730,1539,61.5,false,true
Delaware::genseljacob,"Gensel, Jacob",Delaware,Summit,2026,24,2,0,0,0,0,0,0,0.0,false,0,0.000,0.3730,1539,61.5,false,true
Delaware::johnsonmikey,"Johnson, Mikey",Delaware,Summit,2026,28,2,0,0,0,0,0,0,0.0,false,0,0.000,0.3730,1539,61.5,false,true
UC Riverside::villafrancoadrian,"Villafranco, Adrian",UC Riverside,Pac-12,2026,7,2,31,0,0,0,0,0,0.0,false,0,0.000,0.3490,1606,54.8,false,true
Jacksonville::sandbergetfredrik,"Sandberget, Fredrik",Jacksonville,ASUN,2026,19,1,11,0,0,0,0,0,0.0,false,0,0.000,0.3641,1334,59,false,true
UTRGV::garciaarreguinmauricio,"Garcia Arreguin, Mauricio",UTRGV,Ohio Valley,2026,23,1,50,0,0,0,0,0,0.0,false,0,0.000,0.3357,1470,50.8,false,true
UTRGV::vitadiego,"Vita, Diego",UTRGV,Ohio Valley,2026,28,1,1,0,0,0,0,0,0.0,false,0,0.000,0.3722,1470,61.4,false,true
Fordham::giannolaluca,"Giannola, Luca",Fordham,Atlantic 10,2026,16,1,9,0,0,0,0,0,0.0,false,0,0.000,0.3657,1558,59.5,false,true
Fordham::picachristian,"Pica, Christian",Fordham,Atlantic 10,2026,17,1,19,0,0,0,0,0,0.0,false,0,0.000,0.3579,1558,57.4,false,true
Fordham::koleganiko,"Kolega, Niko",Fordham,Atlantic 10,2026,19,1,11,0,0,0,0,0,0.0,false,0,0.000,0.3641,1558,59,false,true
Santa Clara::crothersmatthew,"Crothers, Matthew",Santa Clara,West Coast,2026,26,2,20,0,0,0,0,0,0.0,false,0,0.000,0.3571,1558,57.2,false,true
Loyola Chicago::lacycharlie,"Lacy, Charlie",Loyola Chicago,Atlantic 10,2026,24,1,9,0,0,0,0,0,0.0,false,0,0.000,0.3657,1441,59.5,false,true
Creighton::leonardsam,"Leonard, Sam",Creighton,Big East,2026,27,2,17,0,0,0,0,0,0.0,false,0,0.000,0.3594,1591,57.8,false,true
Drake::kramermannfinn,"Kramer-Mann, Finn",Drake,Missouri Valley,2026,0,1,0,0,0,0,0,0,0.0,false,0,0.000,0.3730,1659,61.5,false,true
Drake::dobrincugabe,"Dobrincu, Gabe",Drake,Missouri Valley,2026,10,1,0,0,0,0,0,0,0.0,false,0,0.000,0.3730,1659,61.5,false,true
Drake::barrettcharliefinn,"Barrett, Charlie-Finn",Drake,Missouri Valley,2026,15,1,0,0,0,0,0,0,0.0,false,0,0.000,0.3730,1659,61.5,false,true
Drake::herrerarogelio,"Herrera, Rogelio",Drake,Missouri Valley,2026,23,1,0,0,0,0,0,0,0.0,false,0,0.000,0.3730,1659,61.5,false,true
Drake::woodrobbie,"Wood, Robbie",Drake,Missouri Valley,2026,24,1,0,0,0,0,0,0,0.0,false,0,0.000,0.3730,1659,61.5,false,true
Campbell::leecaiden,"Lee, Caiden",Campbell,CAA,2026,0,1,0,0,0,0,0,0,0.0,false,0,0.000,0.3730,1624,61.5,false,true
Campbell::johnsonkaeden,"Johnson, Kaeden",Campbell,CAA,2026,38,1,0,0,0,0,0,0,0.0,false,0,0.000,0.3730,1624,61.5,false,true
Campbell::hilmarssonhilmar,"Hilmarsson, Hilmar",Campbell,CAA,2026,6,1,0,0,0,0,0,0,0.0,false,0,0.000,0.3730,1624,61.5,false,true
Campbell::odegaardaasenmathias,"Odegaard Aasen, Mathias",Campbell,CAA,2026,12,1,45,0,0,0,0,0,0.0,false,0,0.000,0.3391,1624,51.8,false,true
Campbell::adamsholden,"Adams, Holden",Campbell,CAA,2026,16,1,0,0,0,0,0,0,0.0,false,0,0.000,0.3730,1624,61.5,false,true
Campbell::dicksoncole,"Dickson, Cole",Campbell,CAA,2026,19,1,0,0,0,0,0,0,0.0,false,0,0.000,0.3730,1624,61.5,false,true
Campbell::carnercamden,"Carner, Camden",Campbell,CAA,2026,22,1,0,0,0,0,0,0,0.0,false,0,0.000,0.3730,1624,61.5,false,true
Campbell::wootenmichael,"Wooten, Michael",Campbell,CAA,2026,28,1,0,0,0,0,0,0,0.0,false,0,0.000,0.3730,1624,61.5,false,true
Campbell::giovannettidaniel,"Giovannetti, Daniel",Campbell,CAA,2026,29,1,22,0,0,0,0,0,0.0,false,0,0.000,0.3556,1624,56.9,false,true
Campbell::pedersonzane,"Pederson, Zane",Campbell,CAA,2026,31,1,0,0,0,0,0,0,0.0,false,0,0.000,0.3730,1624,61.5,false,true
Campbell::granaiadam,"Granai, Adam",Campbell,CAA,2026,32,1,0,0,0,0,0,0,0.0,false,0,0.000,0.3730,1624,61.5,false,true
Seton Hall::haslamharry,"Haslam, Harry",Seton Hall,Big East,2026,16,2,0,0,0,0,0,0,0.0,false,0,0.000,0.3730,1516,61.5,false,true
Seton Hall::feiguinnico,"Feiguin, Nico",Seton Hall,Big East,2026,19,2,0,0,0,0,0,0,0.0,false,0,0.000,0.3730,1516,61.5,false,true
UMass::hartlagecrew,"Hartlage, Crew",UMass,Summit,2026,1,1,0,0,0,0,0,0,0.0,false,0,0.000,0.3730,1663,61.5,false,true
UMass::jerniganmiles,"Jernigan, Miles",UMass,Summit,2026,30,1,0,0,0,0,0,0,0.0,false,0,0.000,0.3730,1663,61.5,false,true
UMass::beltquinn,"Belt, Quinn",UMass,Summit,2026,2,1,7,0,0,0,0,0,0.0,false,0,0.000,0.3673,1663,59.8,false,true
UMass::blunschijordan,"Blunschi, Jordan",UMass,Summit,2026,3,1,90,0,0,0,0,0,0.0,false,0,0.000,0.3108,1663,43.1,false,true
UMass::vrhivan,"Vrh, Ivan",UMass,Summit,2026,5,1,69,0,0,0,0,0,0.0,false,0,0.000,0.3234,1663,47.6,false,true
UMass::hawkinsmatt,"Hawkins, Matt",UMass,Summit,2026,6,1,16,0,0,0,0,0,0.0,false,0,0.000,0.3602,1663,58,false,true
UMass::murasawashun,"Murasawa, Shun",UMass,Summit,2026,8,1,0,0,0,0,0,0,0.0,false,0,0.000,0.3730,1663,61.5,false,true
UMass::adugyamfikwame,"Adu-Gyamfi, Kwame",UMass,Summit,2026,12,1,0,0,0,0,0,0,0.0,false,0,0.000,0.3730,1663,61.5,false,true
UMass::ceolluke,"Ceol, Luke",UMass,Summit,2026,13,1,0,0,0,0,0,0,0.0,false,0,0.000,0.3730,1663,61.5,false,true
UMass::velezshane,"Velez, Shane",UMass,Summit,2026,16,1,90,0,0,0,0,0,0.0,false,0,0.000,0.3108,1663,43.1,false,true
UMass::murphygarrison,"Murphy, Garrison",UMass,Summit,2026,18,1,36,0,0,0,0,0,0.0,false,0,0.000,0.3454,1663,53.4,false,true
UMass::sileamani,"Sile, Amani",UMass,Summit,2026,19,1,0,0,0,0,0,0,0.0,false,0,0.000,0.3730,1663,61.5,false,true
UMass::pelamattiandrea,"Pelamatti, Andrea",UMass,Summit,2026,21,1,31,0,0,0,0,0,0.0,false,0,0.000,0.3490,1663,54.8,false,true
UMass::allenbytheodore,"Allenby, Theodore",UMass,Summit,2026,22,1,0,0,0,0,0,0,0.0,false,0,0.000,0.3730,1663,61.5,false,true
UMass::comeyjack,"Comey, Jack",UMass,Summit,2026,27,1,0,0,0,0,0,0,0.0,false,0,0.000,0.3730,1663,61.5,false,true
William & Mary::tegerisluke,"Tegeris, Luke",William & Mary,CAA,2026,22,1,0,0,0,0,0,0,0.0,false,0,0.000,0.3730,1174,61.5,false,true
William & Mary::eapenryan,"Eapen, Ryan",William & Mary,CAA,2026,25,1,0,0,0,0,0,0,0.0,false,0,0.000,0.3730,1174,61.5,false,true
William & Mary::howeshamilton,"Howes, Hamilton",William & Mary,CAA,2026,2,1,0,0,0,0,0,0,0.0,false,0,0.000,0.3730,1174,61.5,false,true
William & Mary::sigurjonssonthor,"Sigurjonsson, Thor",William & Mary,CAA,2026,14,1,0,0,0,0,0,0,0.0,false,0,0.000,0.3730,1174,61.5,false,true
William & Mary::senaaiden,"Sena, Aiden",William & Mary,CAA,2026,18,1,0,0,0,0,0,0,0.0,false,0,0.000,0.3730,1174,61.5,false,true
William & Mary::gettlerreed,"Gettler, Reed",William & Mary,CAA,2026,21,1,0,0,0,0,0,0,0.0,false,0,0.000,0.3730,1174,61.5,false,true
William & Mary::hagenowen,"Hagen, Owen",William & Mary,CAA,2026,24,1,0,0,0,0,0,0,0.0,false,0,0.000,0.3730,1174,61.5,false,true
William & Mary::quinterjt,"Quinter, JT",William & Mary,CAA,2026,28,1,0,0,0,0,0,0,0.0,false,0,0.000,0.3730,1174,61.5,false,true
University of Evansville::singhnaman,"Singh, Naman",University of Evansville,Missouri Valley,2026,0,1,0,0,0,0,0,0,0.0,false,0,0.000,0.3730,1767,61.5,false,true
University of Evansville::nadeaufisher,"Nadeau, Fisher",University of Evansville,Missouri Valley,2026,31,1,0,0,0,0,0,0,0.0,false,0,0.000,0.3730,1767,61.5,false,true
University of Evansville::suzukileon,"Suzuki, Leon",University of Evansville,Missouri Valley,2026,4,2,9,0,0,0,0,0,0.0,false,0,0.000,0.3657,1699,59.5,false,true
University of Evansville::burkebryson,"Burke, Bryson",University of Evansville,Missouri Valley,2026,12,1,0,0,0,0,0,0,0.0,false,0,0.000,0.3730,1767,61.5,false,true
University of Evansville::starrmalcolm,"Starr, Malcolm",University of Evansville,Missouri Valley,2026,13,1,0,0,0,0,0,0,0.0,false,0,0.000,0.3730,1767,61.5,false,true
University of Evansville::walteraustin,"Walter, Austin",University of Evansville,Missouri Valley,2026,16,1,0,0,0,0,0,0,0.0,false,0,0.000,0.3730,1767,61.5,false,true
University of Evansville::fischben,"Fisch, Ben",University of Evansville,Missouri Valley,2026,20,1,0,0,0,0,0,0,0.0,false,0,0.000,0.3730,1767,61.5,false,true
University of Evansville::robinsonlloyd,"Robinson, Lloyd",University of Evansville,Missouri Valley,2026,22,1,0,0,0,0,0,0,0.0,false,0,0.000,0.3730,1767,61.5,false,true
University of Evansville::zambranarodrigo,"Zambrana, Rodrigo",University of Evansville,Missouri Valley,2026,24,2,45,0,0,0,0,0,0.0,false,0,0.000,0.3391,1699,51.8,false,true
University of Evansville::lazarskinick,"Lazarski, Nick",University of Evansville,Missouri Valley,2026,28,1,0,0,0,0,0,0,0.0,false,0,0.000,0.3730,1767,61.5,false,true
University of Evansville::clarkejamison,"Clarke, Jamison",University of Evansville,Missouri Valley,2026,30,1,0,0,0,0,0,0,0.0,false,0,0.000,0.3730,1767,61.5,false,true
University of Evansville::bckinggerkenaron,"Böcking Gerken, Aron",University of Evansville,Missouri Valley,2026,32,1,0,0,0,0,0,0,0.0,false,0,0.000,0.3730,1767,61.5,false,true
University of Evansville::santoszach,"Santos, Zach",University of Evansville,Missouri Valley,2026,33,1,0,0,0,0,0,0,0.0,false,0,0.000,0.3730,1767,61.5,false,true
University of Evansville::scibirdnico,"Scibird, Nico",University of Evansville,Missouri Valley,2026,34,1,0,0,0,0,0,0,0.0,false,0,0.000,0.3730,1767,61.5,false,true
University of Evansville::siegmundwilson,"Siegmund, Wilson",University of Evansville,Missouri Valley,2026,35,1,0,0,0,0,0,0,0.0,false,0,0.000,0.3730,1767,61.5,false,true
University of Evansville::nyatangachristian,"Nyatanga, Christian",University of Evansville,Missouri Valley,2026,37,1,0,0,0,0,0,0,0.0,false,0,0.000,0.3730,1767,61.5,false,true
University of Evansville::engelbrechtaidan,"Engelbrecht, Aidan",University of Evansville,Missouri Valley,2026,40,1,0,0,0,0,0,0,0.0,false,0,0.000,0.3730,1767,61.5,false,true
Seattle::purvisowen,"Purvis, Owen",Seattle,West Coast,2026,0,1,0,0,0,0,0,0,0.0,false,0,0.000,0.3730,1592,61.5,false,true
Seattle::lambertybarragage,"Lambert Ybarra, Gage",Seattle,West Coast,2026,50,1,0,0,0,0,0,0,0.0,false,0,0.000,0.3730,1592,61.5,false,true
Seattle::kearneypatrick,"Kearney, Patrick",Seattle,West Coast,2026,14,1,0,0,0,0,0,0,0.0,false,0,0.000,0.3730,1592,61.5,false,true
Seattle::emertmitchell,"Emert, Mitchell",Seattle,West Coast,2026,15,1,0,0,0,0,0,0,0.0,false,0,0.000,0.3730,1592,61.5,false,true
Seattle::humezach,"Hume, Zach",Seattle,West Coast,2026,20,1,0,0,0,0,0,0,0.0,false,0,0.000,0.3730,1592,61.5,false,true
Mercyhurst::kalkarchristoffer,"Kalkar, Christoffer",Mercyhurst,NEC,2026,1,1,0,0,0,0,0,0,0.0,false,0,0.000,0.3730,1470,61.5,false,true
Mercyhurst::suroviecaidan,"Suroviec, Aidan",Mercyhurst,NEC,2026,40,1,0,0,0,0,0,0,0.0,false,0,0.000,0.3730,1470,61.5,false,true
Mercyhurst::perumalnithn,"Perumal, Nithn",Mercyhurst,NEC,2026,41,1,0,0,0,0,0,0,0.0,false,0,0.000,0.3730,1470,61.5,false,true
Mercyhurst::falkcole,"Falk, Cole",Mercyhurst,NEC,2026,42,1,0,0,0,0,0,0,0.0,false,0,0.000,0.3730,1470,61.5,false,true
Mercyhurst::catsarosjames,"Catsaros, James",Mercyhurst,NEC,2026,56,1,0,0,0,0,0,0,0.0,false,0,0.000,0.3730,1470,61.5,false,true
Mercyhurst::moralesalfredo,"Morales, Alfredo",Mercyhurst,NEC,2026,58,1,0,0,0,0,0,0,0.0,false,0,0.000,0.3730,1470,61.5,false,true
Mercyhurst::halehalesean,"Halehale, Sean",Mercyhurst,NEC,2026,3,1,0,0,0,0,0,0,0.0,false,0,0.000,0.3730,1470,61.5,false,true
Mercyhurst::tappourasryan,"Tappouras, Ryan",Mercyhurst,NEC,2026,9,1,0,0,0,0,0,0,0.0,false,0,0.000,0.3730,1470,61.5,false,true
Mercyhurst::chioccojackson,"Chiocco, Jackson",Mercyhurst,NEC,2026,14,2,31,0,0,0,0,0,0.0,false,0,0.000,0.3490,1458,54.8,false,true
Mercyhurst::hanamotojo,"Hanamoto, Jo",Mercyhurst,NEC,2026,18,1,0,0,0,0,0,0,0.0,false,0,0.000,0.3730,1470,61.5,false,true
Mercyhurst::venturoliluca,"Venturoli, Luca",Mercyhurst,NEC,2026,20,1,6,0,0,0,0,0,0.0,false,0,0.000,0.3681,1470,60.1,false,true
Mercyhurst::slaterrowan,"Slater, Rowan",Mercyhurst,NEC,2026,22,1,0,0,0,0,0,0,0.0,false,0,0.000,0.3730,1470,61.5,false,true
Mercyhurst::shawpaul,"Shaw, Paul",Mercyhurst,NEC,2026,24,1,0,0,0,0,0,0,0.0,false,0,0.000,0.3730,1470,61.5,false,true
Mercyhurst::borettonicolas,"Boretto, Nicolas",Mercyhurst,NEC,2026,25,1,9,0,0,0,0,0,0.0,false,0,0.000,0.3657,1470,59.5,false,true
Mercyhurst::campbelljake,"Campbell, Jake",Mercyhurst,NEC,2026,26,1,0,0,0,0,0,0,0.0,false,0,0.000,0.3730,1470,61.5,false,true
Mercyhurst::joycekyle,"Joyce, Kyle",Mercyhurst,NEC,2026,27,1,0,0,0,0,0,0,0.0,false,0,0.000,0.3730,1470,61.5,false,true
Mercyhurst::coronasoriaarnau,"Corona Soria, Arnau",Mercyhurst,NEC,2026,29,1,0,0,0,0,0,0,0.0,false,0,0.000,0.3730,1470,61.5,false,true
Mercyhurst::corlettosebastian,"Corletto, Sebastian",Mercyhurst,NEC,2026,30,1,0,0,0,0,0,0,0.0,false,0,0.000,0.3730,1470,61.5,false,true
Mercyhurst::rehwaldtcollin,"Rehwaldt, Collin",Mercyhurst,NEC,2026,33,1,0,0,0,0,0,0,0.0,false,0,0.000,0.3730,1470,61.5,false,true
Mercyhurst::blanchettecolin,"Blanchette, Colin",Mercyhurst,NEC,2026,34,1,0,0,0,0,0,0,0.0,false,0,0.000,0.3730,1470,61.5,false,true
Mercyhurst::ruthevan,"Ruth, Evan",Mercyhurst,NEC,2026,36,1,0,0,0,0,0,0,0.0,false,0,0.000,0.3730,1470,61.5,false,true
Mercyhurst::frearsonharrison,"Frearson, Harrison",Mercyhurst,NEC,2026,38,1,0,0,0,0,0,0,0.0,false,0,0.000,0.3730,1470,61.5,false,true
Mercyhurst::leeathan,"Lee, Athan",Mercyhurst,NEC,2026,39,1,0,0,0,0,0,0,0.0,false,0,0.000,0.3730,1470,61.5,false,true
Mercyhurst::jacintojose,"Jacinto, Jose",Mercyhurst,NEC,2026,43,1,0,0,0,0,0,0,0.0,false,0,0.000,0.3730,1470,61.5,false,true
Mercyhurst::dunbarcameron,"Dunbar, Cameron",Mercyhurst,NEC,2026,45,1,0,0,0,0,0,0,0.0,false,0,0.000,0.3730,1470,61.5,false,true
Mercyhurst::klingerdylan,"Klinger, Dylan",Mercyhurst,NEC,2026,46,1,0,0,0,0,0,0,0.0,false,0,0.000,0.3730,1470,61.5,false,true
Mercyhurst::vergotzowen,"Vergotz, Owen",Mercyhurst,NEC,2026,47,1,0,0,0,0,0,0,0.0,false,0,0.000,0.3730,1470,61.5,false,true
Mercyhurst::reedlogan,"Reed, Logan",Mercyhurst,NEC,2026,48,1,0,0,0,0,0,0,0.0,false,0,0.000,0.3730,1470,61.5,false,true
Mercyhurst::armstrongvincent,"Armstrong, Vincent",Mercyhurst,NEC,2026,49,1,0,0,0,0,0,0,0.0,false,0,0.000,0.3730,1470,61.5,false,true
Mercyhurst::elsayedhamza,"Elsayed, Hamza",Mercyhurst,NEC,2026,51,1,0,0,0,0,0,0,0.0,false,0,0.000,0.3730,1470,61.5,false,true
Mercyhurst::powellanthony,"Powell, Anthony",Mercyhurst,NEC,2026,52,1,0,0,0,0,0,0,0.0,false,0,0.000,0.3730,1470,61.5,false,true
Mercyhurst::huntertyler,"Hunter, Tyler",Mercyhurst,NEC,2026,53,1,0,0,0,0,0,0,0.0,false,0,0.000,0.3730,1470,61.5,false,true
Mercyhurst::inseradominic,"Insera, Dominic",Mercyhurst,NEC,2026,54,1,0,0,0,0,0,0,0.0,false,0,0.000,0.3730,1470,61.5,false,true
Mercyhurst::gesalmandrezdan,"Gesalman, Drezdan",Mercyhurst,NEC,2026,55,1,0,0,0,0,0,0,0.0,false,0,0.000,0.3730,1470,61.5,false,true
Mercyhurst::ernstnoah,"Ernst, Noah",Mercyhurst,NEC,2026,57,1,0,0,0,0,0,0,0.0,false,0,0.000,0.3730,1470,61.5,false,true
Mercyhurst::capilliluca,"Capilli, Luca",Mercyhurst,NEC,2026,61,1,0,0,0,0,0,0,0.0,false,0,0.000,0.3730,1470,61.5,false,true
Mercyhurst::cruzjuan,"Cruz, Juan",Mercyhurst,NEC,2026,62,1,0,0,0,0,0,0,0.0,false,0,0.000,0.3730,1470,61.5,false,true
Mercyhurst::clarkseamus,"Clark, Seamus",Mercyhurst,NEC,2026,63,1,0,0,0,0,0,0,0.0,false,0,0.000,0.3730,1470,61.5,false,true
Hofstra::karageorgiskonstantinos,"Karageorgis, Konstantinos",Hofstra,CAA,2026,35,1,1,0,0,0,0,0,0.0,false,0,0.000,0.3722,1497,61.4,false,true
Hofstra::wauchopedylan,"Wauchope, Dylan",Hofstra,CAA,2026,36,1,1,0,0,0,0,0,0.0,false,0,0.000,0.3722,1497,61.4,false,true
Northeastern::concesrichard,"Conces, Richard",Northeastern,CAA,2026,13,1,26,0,0,0,0,0,0.0,false,0,0.000,0.3526,1284,56,false,true
Stonehill College::thompsonpreston,"Thompson, Preston",Stonehill College,NEC,2026,11,1,21,0,0,0,0,0,0.0,false,0,0.000,0.3564,1454,57,false,true
Stonehill College::martinojames,"Martino, James",Stonehill College,NEC,2026,25,2,17,0,0,0,0,0,0.0,false,0,0.000,0.3594,1330,57.8,false,true
Georgia Southern::diazjoldy,"Diaz, Joldy",Georgia Southern,Sun Belt,2026,22,2,25,0,0,0,0,0,0.0,false,0,0.000,0.3534,1481,56.2,false,true
Georgia Southern::brathwaitejelani,"Brathwaite, Jelani",Georgia Southern,Sun Belt,2026,26,1,11,0,0,0,0,0,0.0,false,0,0.000,0.3641,1446,59,false,true
UNC Wilmington::lewisgrady,"Lewis, Grady",UNC Wilmington,CAA,2026,19,1,21,0,0,0,0,0,0.0,false,0,0.000,0.3564,1646,57,false,true
Robert Morris::georgesvanschmid,"Georges, Van Schmid",Robert Morris,Horizon,2026,22,2,71,0,0,0,0,0,0.0,false,0,0.000,0.3222,1207,47.3,false,true
Canisius::hernandezjason,"Hernandez, Jason",Canisius,Metro,2026,12,1,78,0,0,0,0,0,0.0,false,0,0.000,0.3179,1423,45.7,false,true
Canisius::webereliott,"Weber, Eliott",Canisius,Metro,2026,24,1,2,0,0,0,0,0,0.0,false,0,0.000,0.3714,1423,61.2,false,true
Manhattan::campoliandrea,"Campoli, Andrea",Manhattan,Metro,2026,5,2,175,0,0,0,0,0,0.0,false,0,0.000,0.2686,1225,19.4,true,true
Manhattan::josephtolu,"Joseph, Tolu",Manhattan,Metro,2026,6,2,102,0,0,0,0,0,0.0,false,0,0.000,0.3041,1225,38.8,true,true
Manhattan::homarbennasargaspar,"Homar Bennasar, Gaspar",Manhattan,Metro,2026,12,2,180,0,0,0,0,0,0.0,false,0,0.000,0.2664,1225,16.6,true,true
Manhattan::civricgavrilo,"Civric, Gavrilo",Manhattan,Metro,2026,17,2,66,0,0,0,0,0,0.0,false,0,0.000,0.3253,1225,48,false,true
Manhattan::kyprislidisalexander,"Kyprislidis, Alexander",Manhattan,Metro,2026,30,1,18,0,0,0,0,0,0.0,false,0,0.000,0.3587,1168,57.6,false,true
Manhattan::matesicmarko,"Matesic, Marko",Manhattan,Metro,2026,37,2,11,0,0,0,0,0,0.0,false,0,0.000,0.3641,1225,59,false,true
CCSU::wilsongrady,"Wilson, Grady",CCSU,Other / Non-D1,2026,1,2,44,0,0,0,0,0,0.0,false,0,0.000,0.3398,1336,52,false,false
CCSU::toftevaagherman,"Toftevaag, Herman",CCSU,Other / Non-D1,2026,2,2,37,0,0,0,0,0,0.0,false,0,0.000,0.3447,1336,53.1,false,false
CCSU::vigilalejandro,"Vigil, Alejandro",CCSU,Other / Non-D1,2026,6,2,44,0,0,0,0,0,0.0,false,0,0.000,0.3398,1336,52,false,false
CCSU::mohliibrian,"Mohl II, Brian",CCSU,Other / Non-D1,2026,12,2,152,0,0,0,0,0,0.0,false,0,0.000,0.2788,1336,24.2,true,false
CCSU::mcconneryjake,"McConnery, Jake",CCSU,Other / Non-D1,2026,4,2,109,0,0,0,0,0,0.0,false,0,0.000,0.3003,1336,36.7,true,false
CCSU::cerridoamaralfilippo,"Cerri Do Amaral, Filippo",CCSU,Other / Non-D1,2026,20,2,74,0,0,0,0,0,0.0,false,0,0.000,0.3203,1336,46.5,false,false
CCSU::keivenshunter,"Keivens, Hunter",CCSU,Other / Non-D1,2026,22,2,88,0,0,0,0,0,0.0,false,0,0.000,0.3120,1336,43.5,false,false
CCSU::draytonryan,"Drayton, Ryan",CCSU,Other / Non-D1,2026,23,2,6,0,0,0,0,0,0.0,false,0,0.000,0.3681,1336,60.1,false,false
CCSU::lopezpierce,"Lopez, Pierce",CCSU,Other / Non-D1,2026,28,2,59,0,0,0,0,0,0.0,false,0,0.000,0.3298,1336,49,false,false
Air Force::bennettjoe,"Bennett, Joe",Air Force,Mountain West,2026,18,1,62,0,0,0,0,0,0.0,false,0,0.000,0.3278,1360,48.6,false,true
Merrimack College::labellejack,"Labelle, Jack",Merrimack College,Metro,2026,3,2,21,0,0,0,0,0,0.0,false,0,0.000,0.3564,1284,57,false,true
College of the Holy Cross::johnsonwade,"Johnson, Wade",College of the Holy Cross,Other / Non-D1,2026,6,1,54,0,0,0,0,0,0.0,false,0,0.000,0.3331,1206,50.2,false,false
College of the Holy Cross::collinsgriffin,"Collins, Griffin",College of the Holy Cross,Other / Non-D1,2026,8,1,65,0,0,0,0,0,0.0,false,0,0.000,0.3259,1206,48.2,false,false
College of the Holy Cross::sneadjeb,"Snead, Jeb",College of the Holy Cross,Other / Non-D1,2026,20,1,90,0,0,0,0,0,0.0,false,0,0.000,0.3108,1206,43.1,false,false
College of the Holy Cross::borgespeter,"Borges, Peter",College of the Holy Cross,Other / Non-D1,2026,28,1,79,0,0,0,0,0,0.0,false,0,0.000,0.3173,1206,45.5,false,false
College of the Holy Cross::klepaczcaleb,"Klepacz, Caleb",College of the Holy Cross,Other / Non-D1,2026,35,1,90,0,0,0,0,0,0.0,false,0,0.000,0.3108,1206,43.1,false,false
College of the Holy Cross::everettowen,"Everett, Owen",College of the Holy Cross,Other / Non-D1,2026,7,1,8,0,0,0,0,0,0.0,false,0,0.000,0.3665,1206,59.7,false,false
College of the Holy Cross::yeboahderek,"Yeboah, Derek",College of the Holy Cross,Other / Non-D1,2026,15,1,15,0,0,0,0,0,0.0,false,0,0.000,0.3610,1206,58.2,false,false
College of the Holy Cross::raphaelgabe,"Raphael, Gabe",College of the Holy Cross,Other / Non-D1,2026,22,1,24,0,0,0,0,0,0.0,false,0,0.000,0.3541,1206,56.4,false,false
College of the Holy Cross::oladapoalex,"Oladapo, Alex",College of the Holy Cross,Other / Non-D1,2026,23,1,11,0,0,0,0,0,0.0,false,0,0.000,0.3641,1206,59,false,false
College of the Holy Cross::quinnpasinoscar,"Quinn Pasin, Oscar",College of the Holy Cross,Other / Non-D1,2026,32,1,19,0,0,0,0,0,0.0,false,0,0.000,0.3579,1206,57.4,false,false
Cal Poly::rajeckimatthew,"Rajecki, Matthew",Cal Poly,Pac-12,2026,14,2,115,0,0,0,0,0,0.0,false,0,0.000,0.2971,1522,34.6,true,true
SUNY Polytechnic Institute::dabreabdoul,"Dabre, Abdoul",SUNY Polytechnic Institute,Other / Non-D1,2026,2,1,8,0,0,0,0,0,0.0,false,0,0.000,0.3665,1245,59.7,false,false
SUNY Polytechnic Institute::jamesjace,"James, Jace",SUNY Polytechnic Institute,Other / Non-D1,2026,5,1,90,0,0,0,0,0,0.0,false,0,0.000,0.3108,1245,43.1,false,false
SUNY Polytechnic Institute::frisbiecarson,"Frisbie, Carson",SUNY Polytechnic Institute,Other / Non-D1,2026,6,1,19,0,0,0,0,0,0.0,false,0,0.000,0.3579,1245,57.4,false,false
SUNY Polytechnic Institute::jeromejohnpaul,"Jerome, Johnpaul",SUNY Polytechnic Institute,Other / Non-D1,2026,8,1,54,0,0,0,0,0,0.0,false,0,0.000,0.3331,1245,50.2,false,false
SUNY Polytechnic Institute::championowen,"Champion, Owen",SUNY Polytechnic Institute,Other / Non-D1,2026,16,1,60,0,0,0,0,0,0.0,false,0,0.000,0.3291,1245,48.9,false,false
SUNY Polytechnic Institute::sprengerandrew,"Sprenger, Andrew",SUNY Polytechnic Institute,Other / Non-D1,2026,18,1,90,0,0,0,0,0,0.0,false,0,0.000,0.3108,1245,43.1,false,false
SUNY Polytechnic Institute::oppongasareernest,"Oppong Asare, Ernest",SUNY Polytechnic Institute,Other / Non-D1,2026,19,1,90,0,0,0,0,0,0.0,false,0,0.000,0.3108,1245,43.1,false,false
SUNY Polytechnic Institute::bevevinocharlie,"Bevevino, Charlie",SUNY Polytechnic Institute,Other / Non-D1,2026,27,1,36,0,0,0,0,0,0.0,false,0,0.000,0.3454,1245,53.4,false,false
SUNY Polytechnic Institute::barthtyler,"Barth, Tyler",SUNY Polytechnic Institute,Other / Non-D1,2026,45,1,44,0,0,0,0,0,0.0,false,0,0.000,0.3398,1245,52,false,false
SUNY Polytechnic Institute::duncanmarcus,"Duncan, Marcus",SUNY Polytechnic Institute,Other / Non-D1,2026,0,1,11,0,0,0,0,0,0.0,false,0,0.000,0.3641,1245,59,false,false
SUNY Polytechnic Institute::dischiavoandrew,"Dischiavo, Andrew",SUNY Polytechnic Institute,Other / Non-D1,2026,12,1,13,0,0,0,0,0,0.0,false,0,0.000,0.3625,1245,58.7,false,false
SUNY Polytechnic Institute::beckmanjackson,"Beckman, Jackson",SUNY Polytechnic Institute,Other / Non-D1,2026,13,1,37,0,0,0,0,0,0.0,false,0,0.000,0.3447,1245,53.1,false,false
SUNY Polytechnic Institute::franklindevin,"Franklin, Devin",SUNY Polytechnic Institute,Other / Non-D1,2026,14,1,45,0,0,0,0,0,0.0,false,0,0.000,0.3391,1245,51.8,false,false
SUNY Polytechnic Institute::northelijah,"North, Elijah",SUNY Polytechnic Institute,Other / Non-D1,2026,21,1,57,0,0,0,0,0,0.0,false,0,0.000,0.3311,1245,49.4,false,false
SUNY Polytechnic Institute::bruderzack,"Bruder, Zack",SUNY Polytechnic Institute,Other / Non-D1,2026,30,1,34,0,0,0,0,0,0.0,false,0,0.000,0.3468,1245,53.9,false,false
SUNY Polytechnic Institute::webbjoshua,"Webb, Joshua",SUNY Polytechnic Institute,Other / Non-D1,2026,32,1,50,0,0,0,0,0,0.0,false,0,0.000,0.3357,1245,50.8,false,false
SUNY Polytechnic Institute::russelllucas,"Russell, Lucas",SUNY Polytechnic Institute,Other / Non-D1,2026,35,1,24,0,0,0,0,0,0.0,false,0,0.000,0.3541,1245,56.4,false,false
Le Moyne College::ferrerinigo,"Ferrer, Inigo",Le Moyne College,NEC,2026,23,1,60,0,0,0,0,0,0.0,false,0,0.000,0.3291,1263,48.9,false,true
Le Moyne College::piccoloandrew,"Piccolo, Andrew",Le Moyne College,NEC,2026,6,1,32,0,0,0,0,0,0.0,false,0,0.000,0.3483,1263,54.3,false,true
Le Moyne College::johnsenelias,"Johnsen, Elias",Le Moyne College,NEC,2026,17,1,30,0,0,0,0,0,0.0,false,0,0.000,0.3497,1263,55,false,true
Le Moyne College::mohammedbradley,"Mohammed, Bradley",Le Moyne College,NEC,2026,27,1,30,0,0,0,0,0,0.0,false,0,0.000,0.3497,1263,55,false,true
Le Moyne College::bordenscott,"Borden, Scott",Le Moyne College,NEC,2026,31,1,45,0,0,0,0,0,0.0,false,0,0.000,0.3391,1263,51.8,false,true
San Diego::polztobias,"Polz, Tobias",San Diego,West Coast,2026,6,1,0,0,0,0,0,0,0.0,false,0,0.000,0.3730,1422,61.5,false,true
Liberty::seaversandrew,"Seavers, Andrew",Liberty,Southern,2026,28,1,0,0,0,0,0,0,0.0,false,0,0.000,0.3730,1864,61.5,false,true
Liberty::becktyler,"Beck, Tyler",Liberty,Southern,2026,31,1,0,0,0,0,0,0,0.0,false,0,0.000,0.3730,1864,61.5,false,true
Liberty::berbarigiovani,"Berbari, Giovani",Liberty,Southern,2026,6,1,0,0,0,0,0,0,0.0,false,0,0.000,0.3730,1864,61.5,false,true
Liberty::gomezgero,"Gomez, Gero",Liberty,Southern,2026,11,1,0,0,0,0,0,0,0.0,false,0,0.000,0.3730,1864,61.5,false,true
Liberty::hayunadam,"Hayun, Adam",Liberty,Southern,2026,29,2,18,0,0,0,0,0,0.0,false,0,0.000,0.3587,1613,57.6,false,true
St. Thomas::olszewskicameron,"Olszewski, Cameron",St. Thomas,Summit,2026,30,1,0,0,0,0,0,0,0.0,false,0,0.000,0.3730,1448,61.5,false,true
St. Thomas::gurgonecharlie,"Gurgone, Charlie",St. Thomas,Summit,2026,33,1,0,0,0,0,0,0,0.0,false,0,0.000,0.3730,1448,61.5,false,true
St. Thomas::bencejohn,"Bence, John",St. Thomas,Summit,2026,14,1,0,0,0,0,0,0,0.0,false,0,0.000,0.3730,1448,61.5,false,true
St. Thomas::deslongchampszach,"Deslongchamps, Zach",St. Thomas,Summit,2026,15,1,59,0,0,0,0,0,0.0,false,0,0.000,0.3298,1448,49,false,true
St. Thomas::lehnerbrayden,"Lehner, Brayden",St. Thomas,Summit,2026,23,1,0,0,0,0,0,0,0.0,false,0,0.000,0.3730,1448,61.5,false,true
St. Thomas::knisertommy,"Kniser, Tommy",St. Thomas,Summit,2026,25,1,14,0,0,0,0,0,0.0,false,0,0.000,0.3618,1448,58.5,false,true
St. Thomas::woodalex,"Wood, Alex",St. Thomas,Summit,2026,26,1,0,0,0,0,0,0,0.0,false,0,0.000,0.3730,1448,61.5,false,true
Green Bay::goernertellezjoel,"Goerner Tellez, Joel",Green Bay,Other / Non-D1,2026,31,1,0,0,0,0,0,0,0.0,false,0,0.000,0.3730,1398,61.5,false,false
Green Bay::spagnuoloaidan,"Spagnuolo, Aidan",Green Bay,Other / Non-D1,2026,33,1,0,0,0,0,0,0,0.0,false,0,0.000,0.3730,1398,61.5,false,false
Green Bay::floresisiah,"Flores, Isiah",Green Bay,Other / Non-D1,2026,3,1,0,0,0,0,0,0,0.0,false,0,0.000,0.3730,1398,61.5,false,false
Green Bay::dorchesterjames,"Dorchester, James",Green Bay,Other / Non-D1,2026,8,1,0,0,0,0,0,0,0.0,false,0,0.000,0.3730,1398,61.5,false,false
Green Bay::broekhuizenjake,"Broekhuizen, Jake",Green Bay,Other / Non-D1,2026,9,1,0,0,0,0,0,0,0.0,false,0,0.000,0.3730,1398,61.5,false,false
Green Bay::henrydjimon,"Henry, Djimon",Green Bay,Other / Non-D1,2026,13,1,0,0,0,0,0,0,0.0,false,0,0.000,0.3730,1398,61.5,false,false
Green Bay::darnolddrew,"Darnold, Drew",Green Bay,Other / Non-D1,2026,15,1,0,0,0,0,0,0,0.0,false,0,0.000,0.3730,1398,61.5,false,false
Green Bay::keitalouis,"Keita, Louis",Green Bay,Other / Non-D1,2026,18,1,0,0,0,0,0,0,0.0,false,0,0.000,0.3730,1398,61.5,false,false
Green Bay::landstromevan,"Landstrom, Evan",Green Bay,Other / Non-D1,2026,22,1,0,0,0,0,0,0,0.0,false,0,0.000,0.3730,1398,61.5,false,false
Green Bay::jamesdrew,"James, Drew",Green Bay,Other / Non-D1,2026,23,1,0,0,0,0,0,0,0.0,false,0,0.000,0.3730,1398,61.5,false,false
Green Bay::mauerbrennan,"Mauer, Brennan",Green Bay,Other / Non-D1,2026,25,1,0,0,0,0,0,0,0.0,false,0,0.000,0.3730,1398,61.5,false,false
Green Bay::santosyeison,"Santos, Yeison",Green Bay,Other / Non-D1,2026,26,1,0,0,0,0,0,0,0.0,false,0,0.000,0.3730,1398,61.5,false,false
Green Bay::gerdinggrayson,"Gerding, Grayson",Green Bay,Other / Non-D1,2026,27,1,0,0,0,0,0,0,0.0,false,0,0.000,0.3730,1398,61.5,false,false
Green Bay::perdreaucameron,"Perdreau, Cameron",Green Bay,Other / Non-D1,2026,28,1,0,0,0,0,0,0,0.0,false,0,0.000,0.3730,1398,61.5,false,false
Kentucky::grinerdillon,"Griner, Dillon",Kentucky,Sun Belt,2026,30,1,0,0,0,0,0,0,0.0,false,0,0.000,0.3730,1533,61.5,false,true
Kentucky::millermax,"Miller, Max",Kentucky,Sun Belt,2026,3,1,0,0,0,0,0,0,0.0,false,0,0.000,0.3730,1533,61.5,false,true
Kentucky::solmazsinan,"Solmaz, Sinan",Kentucky,Sun Belt,2026,4,1,0,0,0,0,0,0,0.0,false,0,0.000,0.3730,1533,61.5,false,true
Kentucky::lopezagustin,"Lopez, Agustin",Kentucky,Sun Belt,2026,10,1,0,0,0,0,0,0,0.0,false,0,0.000,0.3730,1533,61.5,false,true
Kentucky::ettingerilan,"Ettinger, Ilan",Kentucky,Sun Belt,2026,20,2,29,0,0,0,0,0,0.0,false,0,0.000,0.3504,1579,55.4,false,true
Kentucky::vozarjj,"Vozar, JJ",Kentucky,Sun Belt,2026,26,1,0,0,0,0,0,0,0.0,false,0,0.000,0.3730,1533,61.5,false,true
Kentucky::saliuari,"Saliu, Ari",Kentucky,Sun Belt,2026,29,1,0,0,0,0,0,0,0.0,false,0,0.000,0.3730,1533,61.5,false,true
SMU::grimmmason,"Grimm, Mason",SMU,ACC,2026,4,1,7,0,0,0,0,0,0.0,false,0,0.000,0.3673,1787,59.8,false,true
Saint Louis::herlufchristian,"Herluf, Christian",Saint Louis,Atlantic 10,2026,1,1,90,0,0,0,0,0,0.0,false,0,0.000,0.3108,1819,43.1,false,true
Saint Louis::wyattgeorge,"Wyatt, George",Saint Louis,Atlantic 10,2026,4,2,25,0,0,0,0,0,0.0,false,0,0.000,0.3534,1703,56.2,false,true
Wofford::konataiden,"Konat, Aiden",Wofford,Southern,2026,30,1,0,0,0,0,0,0,0.0,false,0,0.000,0.3730,1719,61.5,false,true
Wofford::nicollkyle,"Nicoll, Kyle",Wofford,Southern,2026,40,1,0,0,0,0,0,0,0.0,false,0,0.000,0.3730,1719,61.5,false,true
Wofford::talleymax,"Talley, Max",Wofford,Southern,2026,2,1,45,0,0,0,0,0,0.0,false,0,0.000,0.3391,1719,51.8,false,true
Wofford::dyernick,"Dyer, Nick",Wofford,Southern,2026,4,1,0,0,0,0,0,0,0.0,false,0,0.000,0.3730,1719,61.5,false,true
Wofford::nardellichristian,"Nardelli, Christian",Wofford,Southern,2026,12,1,0,0,0,0,0,0,0.0,false,0,0.000,0.3730,1719,61.5,false,true
Wofford::dissingercooper,"Dissinger, Cooper",Wofford,Southern,2026,13,1,0,0,0,0,0,0,0.0,false,0,0.000,0.3730,1719,61.5,false,true
Wofford::piercegavin,"Pierce, Gavin",Wofford,Southern,2026,14,1,0,0,0,0,0,0,0.0,false,0,0.000,0.3730,1719,61.5,false,true
Wofford::hegleniklasszabo,"Hegle, Niklas Szabo",Wofford,Southern,2026,18,1,0,0,0,0,0,0,0.0,false,0,0.000,0.3730,1719,61.5,false,true
Wofford::morenoalejandro,"Moreno, Alejandro",Wofford,Southern,2026,24,1,0,0,0,0,0,0,0.0,false,0,0.000,0.3730,1719,61.5,false,true
Wofford::horganben,"Horgan, Ben",Wofford,Southern,2026,25,1,0,0,0,0,0,0,0.0,false,0,0.000,0.3730,1719,61.5,false,true
Wofford::harveyhugo,"Harvey, Hugo",Wofford,Southern,2026,28,1,0,0,0,0,0,0,0.0,false,0,0.000,0.3730,1719,61.5,false,true
Wofford::rasbachzachary,"Rasbach, Zachary",Wofford,Southern,2026,29,1,0,0,0,0,0,0,0.0,false,0,0.000,0.3730,1719,61.5,false,true
Wofford::jacksoneli,"Jackson, Eli",Wofford,Southern,2026,31,1,0,0,0,0,0,0,0.0,false,0,0.000,0.3730,1719,61.5,false,true
Wofford::auderiethelliot,"Auderieth, Elliot",Wofford,Southern,2026,34,1,0,0,0,0,0,0,0.0,false,0,0.000,0.3730,1719,61.5,false,true
Wofford::chaothomas,"Chao, Thomas",Wofford,Southern,2026,35,1,0,0,0,0,0,0,0.0,false,0,0.000,0.3730,1719,61.5,false,true
Central Arkansas::wojtalikmateusz,"Wojtalik, Mateusz",Central Arkansas,ASUN,2026,4,2,154,0,0,0,0,0,0.0,false,0,0.000,0.2779,1484,23.7,true,true
Utah Valley::sessionskolby,"Sessions, Kolby",Utah Valley,Big West,2026,1,1,90,0,0,0,0,0,0.0,false,0,0.000,0.3108,1336,43.1,false,true
Utah Valley::ashbyabe,"Ashby, Abe",Utah Valley,Big West,2026,23,1,3,0,0,0,0,0,0.0,false,0,0.000,0.3705,1336,60.9,false,true
FDU::peraltaedward,"Peralta, Edward",FDU,Other / Non-D1,2026,20,1,20,0,0,0,0,0,0.0,false,0,0.000,0.3571,1454,57.2,false,false
La Salle::webbkiernan,"Webb, Kiernan",La Salle,Atlantic 10,2026,1,1,90,0,0,0,0,0,0.0,false,0,0.000,0.3108,1538,43.1,false,true
Akron::cranegavin,"Crane, Gavin",Akron,Big East,2026,0,2,0,0,0,0,0,0,0.0,false,0,0.000,0.3730,1534,61.5,false,true
Akron::taylorkael,"Taylor, Kael",Akron,Big East,2026,29,2,0,0,0,0,0,0,0.0,false,0,0.000,0.3730,1534,61.5,false,true
Akron::tricaricofrancesco,"Tricarico, Francesco",Akron,Big East,2026,30,2,0,0,0,0,0,0,0.0,false,0,0.000,0.3730,1534,61.5,false,true
Akron::warnkekam,"Warnke, Kam",Akron,Big East,2026,3,1,0,0,0,0,0,0,0.0,false,0,0.000,0.3730,1408,61.5,false,true
Akron::moranaleo,"Morana, Leo",Akron,Big East,2026,11,1,0,0,0,0,0,0,0.0,false,0,0.000,0.3730,1408,61.5,false,true
Akron::benitezaiden,"Benitez, Aiden",Akron,Big East,2026,14,2,16,0,0,0,0,0,0.0,false,0,0.000,0.3602,1534,58,false,true
Akron::dewaltcalan,"DeWalt, Calan",Akron,Big East,2026,16,2,0,0,0,0,0,0,0.0,false,0,0.000,0.3730,1534,61.5,false,true
Akron::jonasatiaboubenji,"Jonas Atiabou, Benji",Akron,Big East,2026,18,1,0,0,0,0,0,0,0.0,false,0,0.000,0.3730,1408,61.5,false,true
Akron::covingtonivory,"Covington, Ivory",Akron,Big East,2026,27,2,0,0,0,0,0,0,0.0,false,0,0.000,0.3730,1534,61.5,false,true
Ohio State::arrisondylan,"Arrison, Dylan",Ohio State,Big Ten,2026,24,2,0,0,0,0,0,0,0.0,false,0,0.000,0.3730,1434,61.5,false,true
Ohio State::laramoreluke,"Laramore, Luke",Ohio State,Big Ten,2026,28,2,0,0,0,0,0,0,0.0,false,0,0.000,0.3730,1434,61.5,false,true
Ohio State::hallslade,"Hall, Slade",Ohio State,Big Ten,2026,32,2,0,0,0,0,0,0,0.0,false,0,0.000,0.3730,1434,61.5,false,true
Ohio State::sullivanryan,"Sullivan, Ryan",Ohio State,Big Ten,2026,12,2,67,0,0,0,0,0,0.0,false,0,0.000,0.3247,1434,47.8,false,true
Ohio State::incelovelacebryce,"Ince-Lovelace, Bryce",Ohio State,Big Ten,2026,13,2,19,0,0,0,0,0,0.0,false,0,0.000,0.3579,1434,57.4,false,true
Ohio State::maisonneuvejacob,"Maisonneuve, Jacob",Ohio State,Big Ten,2026,20,2,0,0,0,0,0,0,0.0,false,0,0.000,0.3730,1434,61.5,false,true
Ohio State::borkovicmarko,"Borkovic, Marko",Ohio State,Big Ten,2026,23,2,0,0,0,0,0,0,0.0,false,0,0.000,0.3730,1434,61.5,false,true
Ohio State::onodizsombar,"Onodi, Zsombar",Ohio State,Big Ten,2026,29,2,0,0,0,0,0,0,0.0,false,0,0.000,0.3730,1434,61.5,false,true
Ohio State::oloruntojustis,"Olorunto, Justis",Ohio State,Big Ten,2026,30,2,71,0,0,0,0,0,0.0,false,0,0.000,0.3222,1434,47.3,false,true
Gardner-Webb::olavjsendallars,"Olav Jøsendal, Lars",Gardner-Webb,Big South,2026,0,1,0,0,0,0,0,0,0.0,false,0,0.000,0.3730,1440,61.5,false,true
Gardner-Webb::dzonlicamar,"Dzonlic, Amar",Gardner-Webb,Big South,2026,31,2,0,0,0,0,0,0,0.0,false,0,0.000,0.3730,1497,61.5,false,true
Gardner-Webb::andrewsriver,"Andrews, River",Gardner-Webb,Big South,2026,37,2,0,0,0,0,0,0,0.0,false,0,0.000,0.3730,1497,61.5,false,true
Gardner-Webb::simakanboubacar,"Simakan, Boubacar",Gardner-Webb,Big South,2026,2,2,117,0,0,0,0,0,0.0,false,0,0.000,0.2960,1497,34.1,true,true
Gardner-Webb::mormichael,"Mor, Michael",Gardner-Webb,Big South,2026,3,2,68,0,0,0,0,0,0.0,false,0,0.000,0.3241,1497,47.8,false,true
Gardner-Webb::kreuzpeintnertim,"Kreuzpeintner, Tim",Gardner-Webb,Big South,2026,9,2,25,0,0,0,0,0,0.0,false,0,0.000,0.3534,1497,56.2,false,true
Gardner-Webb::kanghenry,"Kang, Henry",Gardner-Webb,Big South,2026,12,2,31,0,0,0,0,0,0.0,false,0,0.000,0.3490,1497,54.8,false,true
Gardner-Webb::consanicalcagnotiago,"Consani Calcagno, Tiago",Gardner-Webb,Big South,2026,13,1,0,0,0,0,0,0,0.0,false,0,0.000,0.3730,1440,61.5,false,true
Gardner-Webb::leejustin,"Lee, Justin",Gardner-Webb,Big South,2026,14,2,0,0,0,0,0,0,0.0,false,0,0.000,0.3730,1497,61.5,false,true
Gardner-Webb::cristesculeonardo,"Cristescu, Leonardo",Gardner-Webb,Big South,2026,17,2,26,0,0,0,0,0,0.0,false,0,0.000,0.3526,1497,56,false,true
Gardner-Webb::fritzrobertjames,"Fritz, Robert James",Gardner-Webb,Big South,2026,18,1,0,0,0,0,0,0,0.0,false,0,0.000,0.3730,1440,61.5,false,true
Gardner-Webb::whittisrael,"Whitt, Israel",Gardner-Webb,Big South,2026,19,2,0,0,0,0,0,0,0.0,false,0,0.000,0.3730,1497,61.5,false,true
Gardner-Webb::sheenanraymond,"Sheenan, Raymond",Gardner-Webb,Big South,2026,20,2,0,0,0,0,0,0,0.0,false,0,0.000,0.3730,1497,61.5,false,true
Gardner-Webb::gonzlezcubillosjacobo,"González Cubillos, Jacobo",Gardner-Webb,Big South,2026,21,1,64,0,0,0,0,0,0.0,false,0,0.000,0.3266,1440,48.4,false,true
Gardner-Webb::garciamuozjorge,"Garcia Muñoz, Jorge",Gardner-Webb,Big South,2026,23,1,60,0,0,0,0,0,0.0,false,0,0.000,0.3291,1440,48.9,false,true
Gardner-Webb::zacharyloganralph,"Zachary Logan, Ralph",Gardner-Webb,Big South,2026,25,1,0,0,0,0,0,0,0.0,false,0,0.000,0.3730,1440,61.5,false,true
Gardner-Webb::alexisantony,"Alexis, Antony",Gardner-Webb,Big South,2026,27,2,30,0,0,0,0,0,0.0,false,0,0.000,0.3497,1497,55,false,true
Gardner-Webb::blancharmulamba,"Blanchar, Mulamba",Gardner-Webb,Big South,2026,28,1,0,0,0,0,0,0,0.0,false,0,0.000,0.3730,1440,61.5,false,true
Gardner-Webb::simonnoah,"SIMON, NOAH",Gardner-Webb,Big South,2026,29,2,157,0,0,0,0,0,0.0,false,0,0.000,0.2765,1497,23,true,true
Gardner-Webb::davisaidan,"Davis, Aidan",Gardner-Webb,Big South,2026,30,2,0,0,0,0,0,0,0.0,false,0,0.000,0.3730,1497,61.5,false,true
Gardner-Webb::chartiertom,"Chartier, Tom",Gardner-Webb,Big South,2026,32,2,90,0,0,0,0,0,0.0,false,0,0.000,0.3108,1497,43.1,false,true
Gardner-Webb::christielevi,"Christie, Levi",Gardner-Webb,Big South,2026,33,2,45,0,0,0,0,0,0.0,false,0,0.000,0.3391,1497,51.8,false,true
Gardner-Webb::bakermekhi,"Baker, Mekhi",Gardner-Webb,Big South,2026,38,2,12,0,0,0,0,0,0.0,false,0,0.000,0.3633,1497,59,false,true
Gardner-Webb::rathjenparker,"Rathjen, Parker",Gardner-Webb,Big South,2026,47,2,0,0,0,0,0,0,0.0,false,0,0.000,0.3730,1497,61.5,false,true
Longwood::puccinicolas,"Pucci, Nicolas",Longwood,Big South,2026,1,2,135,0,0,0,0,0,0.0,false,0,0.000,0.2869,1360,28.6,true,true
Longwood::ouattarakunandy,"Ouattara, Kunandy",Longwood,Big South,2026,5,1,90,0,0,0,0,0,0.0,false,0,0.000,0.3108,1465,43.1,false,true
Longwood::ferrerobenjamin,"Ferrero, Benjamin",Longwood,Big South,2026,24,2,95,0,0,0,0,0,0.0,false,0,0.000,0.3080,1360,41.1,true,true
Longwood::gainesevan,"Gaines, Evan",Longwood,Big South,2026,13,2,79,0,0,0,0,0,0.0,false,0,0.000,0.3173,1360,45.5,false,true
Furman::millermax,"Miller, Max",Furman,Southern,2026,0,2,0,0,0,0,0,0,0.0,false,0,0.000,0.3730,1562,61.5,false,true
Furman::laplacaandrew,"Laplaca, Andrew",Furman,Southern,2026,31,2,0,0,0,0,0,0,0.0,false,0,0.000,0.3730,1562,61.5,false,true
Furman::dunniganconnor,"Dunnigan, Connor",Furman,Southern,2026,4,2,0,0,0,0,0,0,0.0,false,0,0.000,0.3730,1562,61.5,false,true
Furman::boxallben,"Boxall, Ben",Furman,Southern,2026,7,2,0,0,0,0,0,0,0.0,false,0,0.000,0.3730,1562,61.5,false,true
Furman::goodwinwesley,"Goodwin, Wesley",Furman,Southern,2026,13,2,0,0,0,0,0,0,0.0,false,0,0.000,0.3730,1562,61.5,false,true
Furman::blahniknate,"Blahnik, Nate",Furman,Southern,2026,21,2,0,0,0,0,0,0,0.0,false,0,0.000,0.3730,1562,61.5,false,true
Furman::cockayneconner,"Cockayne, Conner",Furman,Southern,2026,26,2,0,0,0,0,0,0,0.0,false,0,0.000,0.3730,1562,61.5,false,true
Furman::hollenbecktanner,"Hollenbeck, Tanner",Furman,Southern,2026,28,2,0,0,0,0,0,0,0.0,false,0,0.000,0.3730,1562,61.5,false,true
New Haven::nguyenchristopher,"Nguyen, Christopher",New Haven,NEC,2026,00,2,0,0,0,0,0,0,0.0,false,0,0.000,0.3730,1634,61.5,false,true
New Haven::vosgeraulasse,"Vosgerau, Lasse",New Haven,NEC,2026,0,2,0,0,0,0,0,0,0.0,false,0,0.000,0.3730,1634,61.5,false,true
New Haven::meiraguilherme,"Meira, Guilherme",New Haven,NEC,2026,7,2,0,0,0,0,0,0,0.0,false,0,0.000,0.3730,1634,61.5,false,true
New Haven::miyawakirintaro,"Miyawaki, Rintaro",New Haven,NEC,2026,14,2,0,0,0,0,0,0,0.0,false,0,0.000,0.3730,1634,61.5,false,true
New Haven::britoecunhajoao,"Brito e Cunha, Joao",New Haven,NEC,2026,15,2,0,0,0,0,0,0,0.0,false,0,0.000,0.3730,1634,61.5,false,true
New Haven::wheelerlondell,"Wheeler, Londell",New Haven,NEC,2026,18,2,0,0,0,0,0,0,0.0,false,0,0.000,0.3730,1634,61.5,false,true
New Haven::pimientelduarte,"Pimientel, Duarte",New Haven,NEC,2026,20,2,0,0,0,0,0,0,0.0,false,0,0.000,0.3730,1634,61.5,false,true
New Haven::moissiadisnikolaos,"Moissiadis, Nikolaos",New Haven,NEC,2026,26,2,0,0,0,0,0,0,0.0,false,0,0.000,0.3730,1634,61.5,false,true
New Haven::mirandaandrew,"Miranda, Andrew",New Haven,NEC,2026,27,2,0,0,0,0,0,0,0.0,false,0,0.000,0.3730,1634,61.5,false,true
New Haven::capellarafael,"Capella, Rafael",New Haven,NEC,2026,28,2,0,0,0,0,0,0,0.0,false,0,0.000,0.3730,1634,61.5,false,true
New Haven::valdovinosoliverosbrian,"Valdovinos Oliveros, Brian",New Haven,NEC,2026,29,2,0,0,0,0,0,0,0.0,false,0,0.000,0.3730,1634,61.5,false,true
New Haven::nazormarco,"Nazor, Marco",New Haven,NEC,2026,31,2,0,0,0,0,0,0,0.0,false,0,0.000,0.3730,1634,61.5,false,true
New Haven::goncalvesmatias,"Goncalves, Matias",New Haven,NEC,2026,33,2,0,0,0,0,0,0,0.0,false,0,0.000,0.3730,1634,61.5,false,true
New Haven::trujillojavier,"Trujillo, Javier",New Haven,NEC,2026,35,2,0,0,0,0,0,0,0.0,false,0,0.000,0.3730,1634,61.5,false,true
New Haven::lawrolukian,"Lawro, Lukian",New Haven,NEC,2026,36,2,0,0,0,0,0,0,0.0,false,0,0.000,0.3730,1634,61.5,false,true
New Haven::rokahtal,"Rokah, Tal",New Haven,NEC,2026,38,2,0,0,0,0,0,0,0.0,false,0,0.000,0.3730,1634,61.5,false,true
New Haven::fitzgeraldbrady,"FitzGerald, Brady",New Haven,NEC,2026,39,2,10,0,0,0,0,0,0.0,false,0,0.000,0.3649,1634,59.3,false,true
New Haven::goncalvesanthony,"Goncalves, Anthony",New Haven,NEC,2026,40,2,0,0,0,0,0,0,0.0,false,0,0.000,0.3730,1634,61.5,false,true
New Haven::martinezjustin,"Martinez, Justin",New Haven,NEC,2026,42,2,0,0,0,0,0,0,0.0,false,0,0.000,0.3730,1634,61.5,false,true
New Haven::ahumuzashawn,"Ahumuza, Shawn",New Haven,NEC,2026,44,2,0,0,0,0,0,0,0.0,false,0,0.000,0.3730,1634,61.5,false,true
New Haven::mulleryakob,"Muller, Yakob",New Haven,NEC,2026,45,2,0,0,0,0,0,0,0.0,false,0,0.000,0.3730,1634,61.5,false,true
New Haven::malangojamel,"Malango, Jamel",New Haven,NEC,2026,46,2,0,0,0,0,0,0,0.0,false,0,0.000,0.3730,1634,61.5,false,true
New Haven::robinsonmatthew,"Robinson, Matthew",New Haven,NEC,2026,48,2,0,0,0,0,0,0,0.0,false,0,0.000,0.3730,1634,61.5,false,true
New Haven::cruzbrandon,"Cruz, Brandon",New Haven,NEC,2026,49,2,0,0,0,0,0,0,0.0,false,0,0.000,0.3730,1634,61.5,false,true
Stony Brook::mclaughlindeclan,"McLaughlin, Declan",Stony Brook,CAA,2026,14,1,21,0,0,0,0,0,0.0,false,0,0.000,0.3564,1503,57,false,true
Stony Brook::walkerbrayden,"Walker, Brayden",Stony Brook,CAA,2026,22,1,4,0,0,0,0,0,0.0,false,0,0.000,0.3697,1503,60.5,false,true
Adrian College::sizemoreeli,"Sizemore, Eli",Adrian College,Other / Non-D1,2026,1,1,90,0,0,0,0,0,0.0,false,0,0.000,0.3108,1313,43.1,false,false
Adrian College::zelejitravis,"Zeleji, Travis",Adrian College,Other / Non-D1,2026,5,1,90,0,0,0,0,0,0.0,false,0,0.000,0.3108,1313,43.1,false,false
Adrian College::soperowen,"Soper, Owen",Adrian College,Other / Non-D1,2026,8,1,67,0,0,0,0,0,0.0,false,0,0.000,0.3247,1313,47.8,false,false
Adrian College::ignatovichandy,"Ignatovich, Andy",Adrian College,Other / Non-D1,2026,10,1,41,0,0,0,0,0,0.0,false,0,0.000,0.3419,1313,52.5,false,false
Adrian College::petersonkyle,"Peterson, Kyle",Adrian College,Other / Non-D1,2026,11,1,50,0,0,0,0,0,0.0,false,0,0.000,0.3357,1313,50.8,false,false
Adrian College::zacharkonikolai,"Zacharko, Nikolai",Adrian College,Other / Non-D1,2026,16,1,76,0,0,0,0,0,0.0,false,0,0.000,0.3191,1313,46.1,false,false
Adrian College::taylorjaren,"Taylor, Jaren",Adrian College,Other / Non-D1,2026,20,1,90,0,0,0,0,0,0.0,false,0,0.000,0.3108,1313,43.1,false,false
Adrian College::buczekdorian,"Buczek, Dorian",Adrian College,Other / Non-D1,2026,2,1,40,0,0,0,0,0,0.0,false,0,0.000,0.3426,1313,52.7,false,false
Adrian College::monongovictor,"Monongo, Victor",Adrian College,Other / Non-D1,2026,7,1,14,0,0,0,0,0,0.0,false,0,0.000,0.3618,1313,58.5,false,false
Adrian College::munogojob,"Munogo, Job",Adrian College,Other / Non-D1,2026,9,1,26,0,0,0,0,0,0.0,false,0,0.000,0.3526,1313,56,false,false
Adrian College::carbonejacob,"Carbone, Jacob",Adrian College,Other / Non-D1,2026,18,1,43,0,0,0,0,0,0.0,false,0,0.000,0.3405,1313,52.2,false,false
Adrian College::peltonjack,"Pelton, Jack",Adrian College,Other / Non-D1,2026,19,1,22,0,0,0,0,0,0.0,false,0,0.000,0.3556,1313,56.9,false,false
Adrian College::russellalex,"Russell, Alex",Adrian College,Other / Non-D1,2026,24,1,52,0,0,0,0,0,0.0,false,0,0.000,0.3344,1313,50.5,false,false
Detroit Mercy::tewsquinn,"Tews, Quinn",Detroit Mercy,Horizon,2026,1,1,90,0,0,0,0,0,0.0,false,0,0.000,0.3108,1240,43.1,false,true
Detroit Mercy::palominojohn,"Palomino , John",Detroit Mercy,Horizon,2026,7,1,10,0,0,0,0,0,0.0,false,0,0.000,0.3649,1240,59.3,false,true
Chicago State::cuevasbrayan,"Cuevas, Brayan",Chicago State,NEC,2026,24,1,90,0,0,0,0,0,0.0,false,0,0.000,0.3108,1319,43.1,false,true
Milwaukee::denzpaul,"Denz, Paul",Milwaukee,Horizon,2026,17,1,9,0,0,0,0,0,0.0,false,0,0.000,0.3657,958,59.5,false,true
Milwaukee::luedkecole,"Luedke, Cole",Milwaukee,Horizon,2026,19,1,15,0,0,0,0,0,0.0,false,0,0.000,0.3610,958,58.2,false,true
University of Southern Indiana::siegelbryce,"Siegel, Bryce",University of Southern Indiana,Ohio Valley,2026,24,1,44,0,0,0,0,0,0.0,false,0,0.000,0.3398,1444,52,false,true
Northern Kentucky::guldagerben,"Guldager, Ben",Northern Kentucky,Horizon,2026,19,1,15,0,0,0,0,0,0.0,false,0,0.000,0.3610,1160,58.2,false,true
Bucknell::alphenrex,"Alphen, Rex",Bucknell,Patriot,2026,0,1,0,0,0,0,0,0,0.0,false,0,0.000,0.3730,1636,61.5,false,true
Bucknell::blodgettandrew,"Blodgett, Andrew",Bucknell,Patriot,2026,1,1,0,0,0,0,0,0,0.0,false,0,0.000,0.3730,1636,61.5,false,true
Bucknell::roskosdrew,"Roskos, Drew",Bucknell,Patriot,2026,3,1,0,0,0,0,0,0,0.0,false,0,0.000,0.3730,1636,61.5,false,true
Bucknell::ojedamarcelo,"Ojeda, Marcelo",Bucknell,Patriot,2026,6,1,53,0,0,0,0,0,0.0,false,0,0.000,0.3337,1636,50.4,false,true
Bucknell::lucasjack,"Lucas, Jack",Bucknell,Patriot,2026,11,1,0,0,0,0,0,0,0.0,false,0,0.000,0.3730,1636,61.5,false,true
Bucknell::samelkojakub,"Samelko, Jakub",Bucknell,Patriot,2026,17,2,13,0,0,0,0,0,0.0,false,0,0.000,0.3625,1545,58.7,false,true
Bucknell::bejaranojack,"Bejarano, Jack",Bucknell,Patriot,2026,19,1,0,0,0,0,0,0,0.0,false,0,0.000,0.3730,1636,61.5,false,true
Bryant::camejoramon,"Camejo, Ramon",Bryant,America East,2026,1,1,90,0,0,0,0,0,0.0,false,0,0.000,0.3108,1415,43.1,false,true
Rhode Island::forsterlou,"Forster, Lou",Rhode Island,Atlantic 10,2026,13,1,28,0,0,0,0,0,0.0,false,0,0.000,0.3512,1736,55.6,false,true
Rhode Island::yurkovicnate,"Yurkovic, Nate",Rhode Island,Atlantic 10,2026,28,1,4,0,0,0,0,0,0.0,false,0,0.000,0.3697,1736,60.5,false,true
Blackburn::keysbrayden,"Keys, Brayden",Blackburn,Other / Non-D1,2026,00,1,90,0,0,0,0,0,0.0,false,0,0.000,0.3108,1446,43.1,false,false
Blackburn::castenadasean,"Castenada, Sean",Blackburn,Other / Non-D1,2026,6,1,40,0,0,0,0,0,0.0,false,0,0.000,0.3426,1446,52.7,false,false
Blackburn::harpercade,"Harper, Cade",Blackburn,Other / Non-D1,2026,8,1,45,0,0,0,0,0,0.0,false,0,0.000,0.3391,1446,51.8,false,false
Blackburn::sotonathan,"Soto, Nathan",Blackburn,Other / Non-D1,2026,10,1,62,0,0,0,0,0,0.0,false,0,0.000,0.3278,1446,48.6,false,false
Blackburn::vasquezaxel,"Vasquez, Axel",Blackburn,Other / Non-D1,2026,11,1,47,0,0,0,0,0,0.0,false,0,0.000,0.3377,1446,51.3,false,false
Blackburn::eugeagrant,"Eugea, Grant",Blackburn,Other / Non-D1,2026,12,1,62,0,0,0,0,0,0.0,false,0,0.000,0.3278,1446,48.6,false,false
Blackburn::blancoaj,"Blanco, AJ",Blackburn,Other / Non-D1,2026,15,1,70,0,0,0,0,0,0.0,false,0,0.000,0.3228,1446,47.5,false,false
Blackburn::juarezvictor,"Juarez, Victor",Blackburn,Other / Non-D1,2026,16,1,62,0,0,0,0,0,0.0,false,0,0.000,0.3278,1446,48.6,false,false
Blackburn::palmerjake,"Palmer, Jake",Blackburn,Other / Non-D1,2026,19,1,62,0,0,0,0,0,0.0,false,0,0.000,0.3278,1446,48.6,false,false
Blackburn::maciasadrian,"Macias, Adrian",Blackburn,Other / Non-D1,2026,55,1,8,0,0,0,0,0,0.0,false,0,0.000,0.3665,1446,59.7,false,false
Blackburn::benhamvictor,"Benham, Victor",Blackburn,Other / Non-D1,2026,2,1,23,0,0,0,0,0,0.0,false,0,0.000,0.3549,1446,56.6,false,false
Blackburn::starkoty,"Starko, Ty",Blackburn,Other / Non-D1,2026,3,1,28,0,0,0,0,0,0.0,false,0,0.000,0.3512,1446,55.6,false,false
Blackburn::palscooper,"Pals, Cooper",Blackburn,Other / Non-D1,2026,7,1,18,0,0,0,0,0,0.0,false,0,0.000,0.3587,1446,57.6,false,false
Blackburn::ortegajhazyel,"Ortega, Jhazyel",Blackburn,Other / Non-D1,2026,9,1,5,0,0,0,0,0,0.0,false,0,0.000,0.3689,1446,60.3,false,false
Blackburn::schmittzory,"Schmitt, Zory",Blackburn,Other / Non-D1,2026,14,1,23,0,0,0,0,0,0.0,false,0,0.000,0.3549,1446,56.6,false,false
Blackburn::lopezjose,"Lopez, Jose",Blackburn,Other / Non-D1,2026,18,1,25,0,0,0,0,0,0.0,false,0,0.000,0.3534,1446,56.2,false,false
Blackburn::gomezvalerojoseph,"Gomez-Valero, Joseph",Blackburn,Other / Non-D1,2026,20,1,23,0,0,0,0,0,0.0,false,0,0.000,0.3549,1446,56.6,false,false
Blackburn::vrbachase,"Vrba, Chase",Blackburn,Other / Non-D1,2026,25,1,45,0,0,0,0,0,0.0,false,0,0.000,0.3391,1446,51.8,false,false
Blackburn::scardignoleonardo,"Scardigno, Leonardo",Blackburn,Other / Non-D1,2026,28,1,5,0,0,0,0,0,0.0,false,0,0.000,0.3689,1446,60.3,false,false
Blackburn::bodneraaron,"Bodner, Aaron",Blackburn,Other / Non-D1,2026,31,1,28,0,0,0,0,0,0.0,false,0,0.000,0.3512,1446,55.6,false,false
Blackburn::rojasadrian,"Rojas, Adrian",Blackburn,Other / Non-D1,2026,32,1,18,0,0,0,0,0,0.0,false,0,0.000,0.3587,1446,57.6,false,false
Blackburn::floresnate,"Flores, Nate",Blackburn,Other / Non-D1,2026,33,1,5,0,0,0,0,0,0.0,false,0,0.000,0.3689,1446,60.3,false,false
Blackburn::millertalan,"Miller, Talan",Blackburn,Other / Non-D1,2026,35,1,32,0,0,0,0,0,0.0,false,0,0.000,0.3483,1446,54.3,false,false
Blackburn::smithtim,"Smith, Tim",Blackburn,Other / Non-D1,2026,36,1,20,0,0,0,0,0,0.0,false,0,0.000,0.3571,1446,57.2,false,false
Blackburn::burrowssam,"Burrows, Sam",Blackburn,Other / Non-D1,2026,39,1,10,0,0,0,0,0,0.0,false,0,0.000,0.3649,1446,59.3,false,false
Blackburn::santosfranklin,"Santos, Franklin",Blackburn,Other / Non-D1,2026,88,1,18,0,0,0,0,0,0.0,false,0,0.000,0.3587,1446,57.6,false,false
Blackburn::alvaradojose,"Alvarado, Jose",Blackburn,Other / Non-D1,2026,99,1,54,0,0,0,0,0,0.0,false,0,0.000,0.3331,1446,50.2,false,false
Randolph::mccallbrad,"McCall, Brad",Randolph,Other / Non-D1,2026,2,1,77,0,0,0,0,0,0.0,false,0,0.000,0.3185,1233,45.9,false,false
Randolph::leivamembrenobryan,"Leiva-Membreno, Bryan",Randolph,Other / Non-D1,2026,3,1,64,0,0,0,0,0,0.0,false,0,0.000,0.3266,1233,48.4,false,false
Randolph::williamscorey,"Williams, Corey",Randolph,Other / Non-D1,2026,10,1,71,0,0,0,0,0,0.0,false,0,0.000,0.3222,1233,47.3,false,false
Randolph::wolfordkj,"Wolford, KJ",Randolph,Other / Non-D1,2026,18,1,64,0,0,0,0,0,0.0,false,0,0.000,0.3266,1233,48.4,false,false
Randolph::ramoswendell,"Ramos, Wendell",Randolph,Other / Non-D1,2026,28,1,64,0,0,0,0,0,0.0,false,0,0.000,0.3266,1233,48.4,false,false
Randolph::cortesdominic,"Cortes, Dominic",Randolph,Other / Non-D1,2026,30,1,83,0,0,0,0,0,0.0,false,0,0.000,0.3149,1233,44.5,false,false
Randolph::blometyler,"Blome, Tyler",Randolph,Other / Non-D1,2026,1,1,7,0,0,0,0,0,0.0,false,0,0.000,0.3673,1233,59.8,false,false
Randolph::marquezjohnny,"Marquez, Johnny",Randolph,Other / Non-D1,2026,4,1,9,0,0,0,0,0,0.0,false,0,0.000,0.3657,1233,59.5,false,false
Randolph::dockmantrace,"Dockman, Trace",Randolph,Other / Non-D1,2026,6,1,45,0,0,0,0,0,0.0,false,0,0.000,0.3391,1233,51.8,false,false
Randolph::babonyeprince,"Babonye, Prince",Randolph,Other / Non-D1,2026,7,1,25,0,0,0,0,0,0.0,false,0,0.000,0.3534,1233,56.2,false,false
Randolph::clarkjohn,"Clark, John",Randolph,Other / Non-D1,2026,9,1,26,0,0,0,0,0,0.0,false,0,0.000,0.3526,1233,56,false,false
Randolph::hernandezsixto,"Hernandez, Sixto",Randolph,Other / Non-D1,2026,14,1,13,0,0,0,0,0,0.0,false,0,0.000,0.3625,1233,58.7,false,false
Randolph::floresjavi,"Flores, Javi",Randolph,Other / Non-D1,2026,17,1,26,0,0,0,0,0,0.0,false,0,0.000,0.3526,1233,56,false,false
Randolph::vallecabrereacarlos,"Vallecabrerea, Carlos",Randolph,Other / Non-D1,2026,20,1,7,0,0,0,0,0,0.0,false,0,0.000,0.3673,1233,59.8,false,false
Randolph::mercerjohnny,"Mercer, Johnny",Randolph,Other / Non-D1,2026,23,1,13,0,0,0,0,0,0.0,false,0,0.000,0.3625,1233,58.7,false,false
Randolph::ogaldezjralonzo,"Ogaldez Jr, Alonzo",Randolph,Other / Non-D1,2026,32,1,19,0,0,0,0,0,0.0,false,0,0.000,0.3579,1233,57.4,false,false
Santa Clara::bratkowskysean,"Bratkowsky, Sean",Santa Clara,West Coast,2026,0,1,0,0,0,0,0,0,0.0,false,0,0.000,0.3730,1630,61.5,false,true
Santa Clara::tseucarter,"Tseu, Carter",Santa Clara,West Coast,2026,1,1,0,0,0,0,0,0,0.0,false,0,0.000,0.3730,1630,61.5,false,true
Santa Clara::juillardnathan,"Juillard, Nathan",Santa Clara,West Coast,2026,24,1,0,0,0,0,0,0,0.0,false,0,0.000,0.3730,1630,61.5,false,true
Santa Clara::blakejackson,"Blake, Jackson",Santa Clara,West Coast,2026,4,1,0,0,0,0,0,0,0.0,false,0,0.000,0.3730,1630,61.5,false,true
Santa Clara::efratitamar,"Efrat, Itamar",Santa Clara,West Coast,2026,7,1,0,0,0,0,0,0,0.0,false,0,0.000,0.3730,1630,61.5,false,true
Santa Clara::saggaujames,"Saggau, James",Santa Clara,West Coast,2026,12,1,0,0,0,0,0,0,0.0,false,0,0.000,0.3730,1630,61.5,false,true
Santa Clara::begovicalen,"Begovic, Alen",Santa Clara,West Coast,2026,13,1,24,0,0,0,0,0,0.0,false,0,0.000,0.3541,1630,56.4,false,true
Santa Clara::carellanton,"Carell, Anton",Santa Clara,West Coast,2026,27,1,0,0,0,0,0,0,0.0,false,0,0.000,0.3730,1630,61.5,false,true
FIU::grollmannflorian,"Grollmann, Florian",FIU,American,2026,1,1,0,0,0,0,0,0,0.0,false,0,0.000,0.3730,1813,61.5,false,true
FIU::butcheremerson,"Butcher, Emerson",FIU,American,2026,30,1,0,0,0,0,0,0,0.0,false,0,0.000,0.3730,1813,61.5,false,true
FIU::camejomateo,"Camejo, Mateo",FIU,American,2026,24,1,0,0,0,0,0,0,0.0,false,0,0.000,0.3730,1813,61.5,false,true
FIU::saymankayhan,"Sayman, Kayhan",FIU,American,2026,25,1,0,0,0,0,0,0,0.0,false,0,0.000,0.3730,1813,61.5,false,true
FIU::durhanjameel,"Durhan, Jameel",FIU,American,2026,26,1,6,0,0,0,0,0,0.0,false,0,0.000,0.3681,1813,60.1,false,true
St. John's::kudierovlavrentii,"Kudierov, Lavrentii",St. John's,Big East,2026,30,1,0,0,0,0,0,0,0.0,false,0,0.000,0.3730,1533,61.5,false,true
CCSU::eshagicyrus,"Eshagi, Cyrus",CCSU,Other / Non-D1,2026,26,1,0,0,0,0,0,0,0.0,false,0,0.000,0.3730,1388,61.5,false,false
CCSU::rautrevor,"Rau, Trevor",CCSU,Other / Non-D1,2026,3,1,61,0,0,0,0,0,0.0,false,0,0.000,0.3285,1388,48.8,false,false
CCSU::lilleholtklevbergjaran,"Lilleholt Klevberg, Jaran",CCSU,Other / Non-D1,2026,5,1,62,0,0,0,0,0,0.0,false,0,0.000,0.3278,1388,48.6,false,false
CCSU::canellasdiego,"Canellas, Diego",CCSU,Other / Non-D1,2026,15,1,23,0,0,0,0,0,0.0,false,0,0.000,0.3549,1388,56.6,false,false
CCSU::duplannicholas,"Duplan, Nicholas",CCSU,Other / Non-D1,2026,16,1,45,0,0,0,0,0,0.0,false,0,0.000,0.3391,1388,51.8,false,false
CCSU::recinosantony,"Recinos, Antony",CCSU,Other / Non-D1,2026,17,1,0,0,0,0,0,0,0.0,false,0,0.000,0.3730,1388,61.5,false,false
CCSU::singhaykum,"Singh, Aykum",CCSU,Other / Non-D1,2026,18,1,0,0,0,0,0,0,0.0,false,0,0.000,0.3730,1388,61.5,false,false
CCSU::reeszain,"Rees, Zain",CCSU,Other / Non-D1,2026,21,1,0,0,0,0,0,0,0.0,false,0,0.000,0.3730,1388,61.5,false,false
CCSU::barkmanrobert,"Barkman, Robert",CCSU,Other / Non-D1,2026,24,1,0,0,0,0,0,0,0.0,false,0,0.000,0.3730,1388,61.5,false,false
Mount St. Mary's::ekrareistadlage,"Ekra-Reistad, Lage",Mount St. Mary's,Metro,2026,17,1,29,0,0,0,0,0,0.0,false,0,0.000,0.3504,1451,55.4,false,true
Mount St. Mary's::riverakevin,"Rivera, Kevin",Mount St. Mary's,Metro,2026,7,1,16,0,0,0,0,0,0.0,false,0,0.000,0.3602,1451,58,false,true
Mount St. Mary's::kolarlebankris,"Kolar Leban, Kris",Mount St. Mary's,Metro,2026,27,1,27,0,0,0,0,0,0.0,false,0,0.000,0.3519,1451,55.9,false,true
Duquesne::karwoskijack,"Karwoski, Jack",Duquesne,Atlantic 10,2026,16,1,3,0,0,0,0,0,0.0,false,0,0.000,0.3705,1197,60.9,false,true
Milwaukee::dierckskellen,"Diercks, Kellen",Milwaukee,Horizon,2026,4,1,17,0,0,0,0,0,0.0,false,0,0.000,0.3594,1484,57.8,false,true
Western Illinois::adradoscastrofernando,"Adrados Castro, Fernando",Western Illinois,Ohio Valley,2026,5,1,60,0,0,0,0,0,0.0,false,0,0.000,0.3291,1333,48.9,false,true
Western Illinois::segoviaandres,"Segovia, Andres",Western Illinois,Ohio Valley,2026,13,1,7,0,0,0,0,0,0.0,false,0,0.000,0.3673,1333,59.8,false,true
Western Illinois::greveliusoskar,"Grevelius, Oskar",Western Illinois,Ohio Valley,2026,15,1,0,0,0,0,0,0,0.0,false,0,0.000,0.3730,1333,61.5,false,true
Western Illinois::wagnerdouglas,"Wagner, Douglas",Western Illinois,Ohio Valley,2026,20,1,0,0,0,0,0,0,0.0,false,0,0.000,0.3730,1333,61.5,false,true
Western Illinois::ishibwiamirashidi,"Ishibwiami, Rashidi",Western Illinois,Ohio Valley,2026,24,1,14,0,0,0,0,0,0.0,false,0,0.000,0.3618,1333,58.5,false,true
Western Illinois::calderonmiles,"Calderon, Miles",Western Illinois,Ohio Valley,2026,26,1,0,0,0,0,0,0,0.0,false,0,0.000,0.3730,1333,61.5,false,true
Western Illinois::alianomax,"Aliano, Max",Western Illinois,Ohio Valley,2026,28,1,0,0,0,0,0,0,0.0,false,0,0.000,0.3730,1333,61.5,false,true
Delaware::elliottjrjojo,"Elliott Jr., JoJo",Delaware,Summit,2026,33,1,0,0,0,0,0,0,0.0,false,0,0.000,0.3730,1798,61.5,false,true
Northern Illinois::fosterrobert,"Foster, Robert",Northern Illinois,Other / Non-D1,2026,0,1,0,0,0,0,0,0,0.0,false,0,0.000,0.3730,1469,61.5,false,false
Northern Illinois::hernandezmanuel,"Hernandez, Manuel",Northern Illinois,Other / Non-D1,2026,31,1,0,0,0,0,0,0,0.0,false,0,0.000,0.3730,1469,61.5,false,false
Northern Illinois::wilsonethan,"Wilson, Ethan",Northern Illinois,Other / Non-D1,2026,5,1,0,0,0,0,0,0,0.0,false,0,0.000,0.3730,1469,61.5,false,false
Northern Illinois::squiresjosh,"Squires, Josh",Northern Illinois,Other / Non-D1,2026,12,1,0,0,0,0,0,0,0.0,false,0,0.000,0.3730,1469,61.5,false,false
Northern Illinois::gutierrezivan,"Gutierrez, Ivan",Northern Illinois,Other / Non-D1,2026,14,1,0,0,0,0,0,0,0.0,false,0,0.000,0.3730,1469,61.5,false,false
Northern Illinois::gillkellan,"Gill, Kellan",Northern Illinois,Other / Non-D1,2026,19,1,0,0,0,0,0,0,0.0,false,0,0.000,0.3730,1469,61.5,false,false
Northern Illinois::kimsamuel,"Kim, Samuel",Northern Illinois,Other / Non-D1,2026,21,1,0,0,0,0,0,0,0.0,false,0,0.000,0.3730,1469,61.5,false,false
Fairfield::novelloanthony,"Novello, Anthony",Fairfield,Metro,2026,0,1,0,0,0,0,0,0,0.0,false,0,0.000,0.3730,1626,61.5,false,true
Fairfield::radshayan,"Rad, Shayan",Fairfield,Metro,2026,30,1,0,0,0,0,0,0,0.0,false,0,0.000,0.3730,1626,61.5,false,true
Fairfield::distefanojohn,"Di Stefano, John",Fairfield,Metro,2026,31,1,0,0,0,0,0,0,0.0,false,0,0.000,0.3730,1626,61.5,false,true
Fairfield::mihalekalex,"Mihalek, Alex",Fairfield,Metro,2026,3,1,0,0,0,0,0,0,0.0,false,0,0.000,0.3730,1626,61.5,false,true
Fairfield::tullochdaunte,"Tulloch, Daunte",Fairfield,Metro,2026,6,1,0,0,0,0,0,0,0.0,false,0,0.000,0.3730,1626,61.5,false,true
Fairfield::doughertycole,"Dougherty, Cole",Fairfield,Metro,2026,13,1,0,0,0,0,0,0,0.0,false,0,0.000,0.3730,1626,61.5,false,true
Fairfield::vazalex,"Vaz, Alex",Fairfield,Metro,2026,16,1,0,0,0,0,0,0,0.0,false,0,0.000,0.3730,1626,61.5,false,true
Fairfield::prescottethan,"Prescott, Ethan",Fairfield,Metro,2026,21,1,0,0,0,0,0,0,0.0,false,0,0.000,0.3730,1626,61.5,false,true
Fairfield::buccidaniel,"Bucci, Daniel",Fairfield,Metro,2026,22,1,0,0,0,0,0,0,0.0,false,0,0.000,0.3730,1626,61.5,false,true
Fairfield::novinaelias,"Novina, Elias",Fairfield,Metro,2026,26,1,0,0,0,0,0,0,0.0,false,0,0.000,0.3730,1626,61.5,false,true
Fairfield::thaggardchristopher,"Thaggard, Christopher",Fairfield,Metro,2026,27,1,44,0,0,0,0,0,0.0,false,0,0.000,0.3398,1626,52,false,true
Fairfield::egurbidexavier,"Egurbide, Xavier",Fairfield,Metro,2026,28,1,3,0,0,0,0,0,0.0,false,0,0.000,0.3705,1626,60.9,false,true
Cal State Fullerton::lanzadestry,"Lanza, Destry",Cal State Fullerton,Big West,2026,12,1,13,0,0,0,0,0,0.0,false,0,0.000,0.3625,1512,58.7,false,true
Marshall::obertyurij,"Obert, Yurij",Marshall,Sun Belt,2026,99,1,90,0,0,0,0,0,0.0,false,0,0.000,0.3108,1613,43.1,false,true
Marshall::chodavid,"Cho, David",Marshall,Sun Belt,2026,21,1,40,0,0,0,0,0,0.0,false,0,0.000,0.3426,1613,52.7,false,true
UNC Wilmington::smileytrey,"Smiley, Trey",UNC Wilmington,CAA,2026,0,1,90,0,0,0,0,0,0.0,false,0,0.000,0.3108,1421,43.1,false,true
UNC Wilmington::acevedochristian,"Acevedo, Christian",UNC Wilmington,CAA,2026,24,1,1,0,0,0,0,0,0.0,false,0,0.000,0.3722,1421,61.4,false,true
Oakland::francoujosh,"Francou, Josh",Oakland,Horizon,2026,3,1,30,0,0,0,0,0,0.0,false,0,0.000,0.3497,1504,55,false,true
Oakland::haineaultdouard,"Haineault, Édouard",Oakland,Horizon,2026,6,1,39,0,0,0,0,0,0.0,false,0,0.000,0.3433,1504,52.8,false,true
Waynesburg University::reedzach,"Reed, Zach",Waynesburg University,Other / Non-D1,2026,1,1,90,0,0,0,0,0,0.0,false,0,0.000,0.3108,1428,43.1,false,false
Waynesburg University::scottwill,"Scott, Will",Waynesburg University,Other / Non-D1,2026,5,1,58,0,0,0,0,0,0.0,false,0,0.000,0.3304,1428,49.2,false,false
Waynesburg University::kwabiahsarpong,"Kwabiah, Sarpong",Waynesburg University,Other / Non-D1,2026,6,1,62,0,0,0,0,0,0.0,false,0,0.000,0.3278,1428,48.6,false,false
Waynesburg University::gamezdarren,"Gamez, Darren",Waynesburg University,Other / Non-D1,2026,7,1,58,0,0,0,0,0,0.0,false,0,0.000,0.3304,1428,49.2,false,false
Waynesburg University::johnsonzachary,"Johnson, Zachary",Waynesburg University,Other / Non-D1,2026,13,1,41,0,0,0,0,0,0.0,false,0,0.000,0.3419,1428,52.5,false,false
Waynesburg University::davalosmatias,"Davalos, Matias",Waynesburg University,Other / Non-D1,2026,23,1,41,0,0,0,0,0,0.0,false,0,0.000,0.3419,1428,52.5,false,false
Waynesburg University::bowmangabe,"Bowman, Gabe",Waynesburg University,Other / Non-D1,2026,25,1,90,0,0,0,0,0,0.0,false,0,0.000,0.3108,1428,43.1,false,false
Waynesburg University::bisernoah,"Biser, Noah",Waynesburg University,Other / Non-D1,2026,28,1,90,0,0,0,0,0,0.0,false,0,0.000,0.3108,1428,43.1,false,false
Waynesburg University::borisbrayden,"Boris, Brayden",Waynesburg University,Other / Non-D1,2026,2,1,32,0,0,0,0,0,0.0,false,0,0.000,0.3483,1428,54.3,false,false
Waynesburg University::jonesdane,"Jones, Dane",Waynesburg University,Other / Non-D1,2026,15,1,4,0,0,0,0,0,0.0,false,0,0.000,0.3697,1428,60.5,false,false
Waynesburg University::esbenshadebraden,"Esbenshade, Braden",Waynesburg University,Other / Non-D1,2026,20,1,18,0,0,0,0,0,0.0,false,0,0.000,0.3587,1428,57.6,false,false
Waynesburg University::manciasjohnny,"Mancias, Johnny",Waynesburg University,Other / Non-D1,2026,21,1,28,0,0,0,0,0,0.0,false,0,0.000,0.3512,1428,55.6,false,false
Waynesburg University::flanagancogan,"Flanagan, Cogan",Waynesburg University,Other / Non-D1,2026,22,1,18,0,0,0,0,0,0.0,false,0,0.000,0.3587,1428,57.6,false,false
Waynesburg University::ayalajosue,"Ayala, Josue",Waynesburg University,Other / Non-D1,2026,24,1,45,0,0,0,0,0,0.0,false,0,0.000,0.3391,1428,51.8,false,false
Waynesburg University::grovesjohnpaul,"Groves, John Paul",Waynesburg University,Other / Non-D1,2026,30,1,4,0,0,0,0,0,0.0,false,0,0.000,0.3697,1428,60.5,false,false
Waynesburg University::landonstevensonlandon,"Landon Stevenson, Landon",Waynesburg University,Other / Non-D1,2026,31,1,23,0,0,0,0,0,0.0,false,0,0.000,0.3549,1428,56.6,false,false
Waynesburg University::bairesantonio,"Baires, Antonio",Waynesburg University,Other / Non-D1,2026,32,1,45,0,0,0,0,0,0.0,false,0,0.000,0.3391,1428,51.8,false,false
Waynesburg University::biagaslance,"Biagas, Lance",Waynesburg University,Other / Non-D1,2026,34,1,49,0,0,0,0,0,0.0,false,0,0.000,0.3364,1428,51.1,false,false
Robert Morris::reidtayshaun,"Reid, Tayshaun",Robert Morris,Horizon,2026,14,1,10,0,0,0,0,0,0.0,false,0,0.000,0.3649,1263,59.3,false,true
Eastern Illinois::dannenmullerpierrejean,"Dannenmuller, Pierre-Jean",Eastern Illinois,Ohio Valley,2026,0,1,0,0,0,0,0,0,0.0,false,0,0.000,0.3730,1203,61.5,false,true
Eastern Illinois::odagirikai,"Odagiri, Kai",Eastern Illinois,Ohio Valley,2026,1,1,0,0,0,0,0,0,0.0,false,0,0.000,0.3730,1203,61.5,false,true
Eastern Illinois::gragnanogui,"Gragnano, Gui",Eastern Illinois,Ohio Valley,2026,10,1,0,0,0,0,0,0,0.0,false,0,0.000,0.3730,1203,61.5,false,true
Eastern Illinois::cotejackson,"Cote, Jackson",Eastern Illinois,Ohio Valley,2026,16,1,0,0,0,0,0,0,0.0,false,0,0.000,0.3730,1203,61.5,false,true
Eastern Illinois::freiresilvadaniel,"Freire Silva, Daniel",Eastern Illinois,Ohio Valley,2026,20,1,40,0,0,0,0,0,0.0,false,0,0.000,0.3426,1203,52.7,false,true
Eastern Illinois::martinlandon,"Martin, Landon",Eastern Illinois,Ohio Valley,2026,26,1,0,0,0,0,0,0,0.0,false,0,0.000,0.3730,1203,61.5,false,true
Eastern Illinois::almeidagustavo,"Almeida, Gustavo",Eastern Illinois,Ohio Valley,2026,28,1,7,0,0,0,0,0,0.0,false,0,0.000,0.3673,1203,59.8,false,true
Eastern Illinois::albuquerquepedroarthur,"Albuquerque, Pedro Arthur",Eastern Illinois,Ohio Valley,2026,29,1,0,0,0,0,0,0,0.0,false,0,0.000,0.3730,1203,61.5,false,true
Eastern Illinois::lararafael,"Lara, Rafael",Eastern Illinois,Ohio Valley,2026,31,1,0,0,0,0,0,0,0.0,false,0,0.000,0.3730,1203,61.5,false,true
Eastern Illinois::johnsonowen,"Johnson, Owen",Eastern Illinois,Ohio Valley,2026,33,1,0,0,0,0,0,0,0.0,false,0,0.000,0.3730,1203,61.5,false,true
Stonehill College::shkolnikovvladyslav,"Shkolnikov, Vladyslav",Stonehill College,NEC,2026,34,1,5,0,0,0,0,0,0.0,false,0,0.000,0.3689,1205,60.3,false,true
Cal Poly::carrilloprezisrael,"Carrillo Pérez, Israel",Cal Poly,Pac-12,2026,27,1,10,0,0,0,0,0,0.0,false,0,0.000,0.3649,1592,59.3,false,true
Chicago State::mooketsijabullie,"Mooketsi, Jabullie",Chicago State,NEC,2026,0,1,90,0,0,0,0,0,0.0,false,0,0.000,0.3108,1397,43.1,false,true
Life Pacific::sajorjacob,"Sajor, Jacob",Life Pacific,Other / Non-D1,2026,24,1,10,0,0,0,0,0,0.0,false,0,0.000,0.3649,1455,59.3,false,false
Life Pacific::poncegabriel,"Ponce, Gabriel",Life Pacific,Other / Non-D1,2026,20,1,14,0,0,0,0,0,0.0,false,0,0.000,0.3618,1455,58.5,false,false
Life Pacific::vasquezjose,"Vasquez, Jose",Life Pacific,Other / Non-D1,2026,18,1,52,0,0,0,0,0,0.0,false,0,0.000,0.3344,1455,50.5,false,false
Life Pacific::ramirezdaniel,"Ramirez, Daniel",Life Pacific,Other / Non-D1,2026,16,1,41,0,0,0,0,0,0.0,false,0,0.000,0.3419,1455,52.5,false,false
Life Pacific::lundhenry,"Lund, Henry",Life Pacific,Other / Non-D1,2026,15,1,71,0,0,0,0,0,0.0,false,0,0.000,0.3222,1455,47.3,false,false
Life Pacific::tejedadominic,"Tejeda, Dominic",Life Pacific,Other / Non-D1,2026,14,1,13,0,0,0,0,0,0.0,false,0,0.000,0.3625,1455,58.7,false,false
Life Pacific::hernandezyair,"Hernandez, Yair",Life Pacific,Other / Non-D1,2026,13,1,77,0,0,0,0,0,0.0,false,0,0.000,0.3185,1455,45.9,false,false
Life Pacific::jallowmusa,"Jallow, Musa",Life Pacific,Other / Non-D1,2026,11,1,48,0,0,0,0,0,0.0,false,0,0.000,0.3371,1455,51.1,false,false
Life Pacific::enriquizcaleb,"Enriquiz, Caleb",Life Pacific,Other / Non-D1,2026,6,1,13,0,0,0,0,0,0.0,false,0,0.000,0.3625,1455,58.7,false,false
Life Pacific::carrilloanthony,"Carrillo, Anthony",Life Pacific,Other / Non-D1,2026,5,1,11,0,0,0,0,0,0.0,false,0,0.000,0.3641,1455,59,false,false
Life Pacific::pimentelguy,"Pimentel, Guy",Life Pacific,Other / Non-D1,2026,4,1,13,0,0,0,0,0,0.0,false,0,0.000,0.3625,1455,58.7,false,false
Life Pacific::perezandrew,"Perez, Andrew",Life Pacific,Other / Non-D1,2026,2,1,77,0,0,0,0,0,0.0,false,0,0.000,0.3185,1455,45.9,false,false
Omaha::brakkebrody,"Brakke, Brody",Omaha,Summit,2026,3,1,16,0,0,0,0,0,0.0,false,0,0.000,0.3602,1363,58,false,true
Omaha::johnergabe,"Johner, Gabe",Omaha,Summit,2026,13,1,7,0,0,0,0,0,0.0,false,0,0.000,0.3673,1363,59.8,false,true
Boston College::cauleyaidan,"Cauley, Aidan",Boston College,ACC,2026,19,1,0,0,0,0,0,0,0.0,false,0,0.000,0.3730,1393,61.5,false,true
Dartmouth College::dellaskonstantinos,"Dellas, Konstantinos",Dartmouth College,Ivy,2026,1,1,0,0,0,0,0,0,0.0,false,0,0.000,0.3730,1565,61.5,false,true
Dartmouth College::brownnicholas,"Brown, Nicholas",Dartmouth College,Ivy,2026,40,1,0,0,0,0,0,0,0.0,false,0,0.000,0.3730,1565,61.5,false,true
Dartmouth College::careyevansdaniel,"Carey-Evans, Daniel",Dartmouth College,Ivy,2026,3,1,1,0,0,0,0,0,0.0,false,0,0.000,0.3722,1565,61.4,false,true
Dartmouth College::kashambuzinick,"Kashambuzi, Nick",Dartmouth College,Ivy,2026,4,1,90,0,0,0,0,0,0.0,false,0,0.000,0.3108,1565,43.1,false,true
Dartmouth College::karagiorgispanagiotis,"Karagiorgis, Panagiotis",Dartmouth College,Ivy,2026,5,1,0,0,0,0,0,0,0.0,false,0,0.000,0.3730,1565,61.5,false,true
Dartmouth College::hadjigeorgiousymeon,"Hadjigeorgiou, Symeon",Dartmouth College,Ivy,2026,6,1,9,0,0,0,0,0,0.0,false,0,0.000,0.3657,1565,59.5,false,true
Dartmouth College::bildenben,"Bilden, Ben",Dartmouth College,Ivy,2026,7,1,0,0,0,0,0,0,0.0,false,0,0.000,0.3730,1565,61.5,false,true
Dartmouth College::moirasvasilis,"Moiras, Vasilis",Dartmouth College,Ivy,2026,10,1,0,0,0,0,0,0,0.0,false,0,0.000,0.3730,1565,61.5,false,true
Dartmouth College::blaketrenton,"Blake, Trenton",Dartmouth College,Ivy,2026,11,1,53,0,0,0,0,0,0.0,false,0,0.000,0.3337,1565,50.4,false,true
Dartmouth College::tziortzismarios,"Tziortzis, Marios",Dartmouth College,Ivy,2026,12,1,31,0,0,0,0,0,0.0,false,0,0.000,0.3490,1565,54.8,false,true
Dartmouth College::rollamullisbenny,"Rolla-Mullis, Benny",Dartmouth College,Ivy,2026,13,1,90,0,0,0,0,0,0.0,false,0,0.000,0.3108,1565,43.1,false,true
Dartmouth College::samsnoah,"Sams, Noah",Dartmouth College,Ivy,2026,14,1,66,0,0,0,0,0,0.0,false,0,0.000,0.3253,1565,48,false,true
Dartmouth College::robbinsbo,"Robbins, Bo",Dartmouth College,Ivy,2026,15,1,32,0,0,0,0,0,0.0,false,0,0.000,0.3483,1565,54.3,false,true
Dartmouth College::hagedarryl,"Hage, Darryl",Dartmouth College,Ivy,2026,16,1,3,0,0,0,0,0,0.0,false,0,0.000,0.3705,1565,60.9,false,true
Dartmouth College::oppongowusuraphael,"Oppong Owusu, Raphael",Dartmouth College,Ivy,2026,20,1,36,0,0,0,0,0,0.0,false,0,0.000,0.3454,1565,53.4,false,true
Dartmouth College::braynecameron,"Brayne, Cameron",Dartmouth College,Ivy,2026,21,1,0,0,0,0,0,0,0.0,false,0,0.000,0.3730,1565,61.5,false,true
Dartmouth College::lulkawill,"Lulka, Will",Dartmouth College,Ivy,2026,23,1,58,0,0,0,0,0,0.0,false,0,0.000,0.3304,1565,49.2,false,true
Dartmouth College::andersonowen,"Anderson, Owen",Dartmouth College,Ivy,2026,25,1,0,0,0,0,0,0,0.0,false,0,0.000,0.3730,1565,61.5,false,true
Dartmouth College::greernicholas,"Greer, Nicholas",Dartmouth College,Ivy,2026,27,1,2,0,0,0,0,0,0.0,false,0,0.000,0.3714,1565,61.2,false,true
Dartmouth College::petersmilo,"Peters, Milo",Dartmouth College,Ivy,2026,29,1,0,0,0,0,0,0,0.0,false,0,0.000,0.3730,1565,61.5,false,true
Saint Louis::coughlansam,"Coughlan, Sam",Saint Louis,Atlantic 10,2026,8,1,15,0,0,0,0,0,0.0,false,0,0.000,0.3610,1586,58.2,false,true
Notre Dame::ulrichlincoln,"Ulrich, Lincoln",Notre Dame,ACC,2026,22,1,18,0,0,0,0,0,0.0,false,0,0.000,0.3587,1750,57.6,false,true
SMU::ocanafranco,"Ocana, Franco",SMU,ACC,2026,11,1,28,0,0,0,0,0,0.0,false,0,0.000,0.3512,1453,55.6,false,true
Virginia::tolkinpeter,"Tolkin, Peter",Virginia,ACC,2026,2,1,8,0,0,0,0,0,0.0,false,0,0.000,0.3665,1489,59.7,false,true
Virginia::guerradiego,"Guerra, Diego",Virginia,ACC,2026,28,1,8,0,0,0,0,0,0.0,false,0,0.000,0.3665,1489,59.7,false,true
Virginia::rankinzeus,"Rankin, Zeus",Virginia,ACC,2026,24,1,11,0,0,0,0,0,0.0,false,0,0.000,0.3641,1489,59,false,true
Virginia::youngnate,"Young, Nate",Virginia,ACC,2026,15,1,9,0,0,0,0,0,0.0,false,0,0.000,0.3657,1489,59.5,false,true
Akron::warnkekameron,"Warnke, Kameron",Akron,Big East,2026,3,1,0,0,0,0,0,0,0.0,false,0,0.000,0.3730,1659,61.5,false,true
Akron::atiaboubenjamin,"Atiabou, Benjamin",Akron,Big East,2026,18,1,0,0,0,0,0,0,0.0,false,0,0.000,0.3730,1659,61.5,false,true
Manhattan::diagnemouhamadou,"Diagne, Mouhamadou",Manhattan,Metro,2026,33,1,45,0,0,0,0,0,0.0,false,0,0.000,0.3391,1282,51.8,false,true
Manhattan::destrofederico,"Destro, Federico",Manhattan,Metro,2026,36,1,9,0,0,0,0,0,0.0,false,0,0.000,0.3657,1282,59.5,false,true
NJIT::tavaresdaniel,"Tavares, Daniel",NJIT,America East,2026,22,1,24,0,0,0,0,0,0.0,false,0,0.000,0.3541,1250,56.4,false,true
Presbyterian::murraybeatty,"Murray, Beatty",Presbyterian,Big South,2026,00,1,90,0,0,0,0,0,0.0,false,0,0.000,0.3108,1477,43.1,false,true
UMBC::boonmastjackson,"Boonmast, Jackson",UMBC,America East,2026,12,1,90,0,0,0,0,0,0.0,false,0,0.000,0.3108,1245,43.1,false,true
UMBC::bentumjayson,"Bentum, Jayson",UMBC,America East,2026,2,1,16,0,0,0,0,0,0.0,false,0,0.000,0.3602,1245,58,false,true
UMBC::vujinovicsimon,"Vujinovic, Simon",UMBC,America East,2026,20,1,30,0,0,0,0,0,0.0,false,0,0.000,0.3497,1245,55,false,true
UMBC::reillyjack,"Reilly, Jack",UMBC,America East,2026,23,1,20,0,0,0,0,0,0.0,false,0,0.000,0.3571,1245,57.2,false,true
UMBC::wimbroughnolan,"Wimbrough, Nolan",UMBC,America East,2026,28,1,16,0,0,0,0,0,0.0,false,0,0.000,0.3602,1245,58,false,true
Saint Joseph's::moranopeter,"Morano, Peter",Saint Joseph's,Atlantic 10,2026,00,1,0,0,0,0,0,0,0.0,false,0,0.000,0.3730,1276,61.5,false,true
Saint Joseph's::jenningscooper,"Jennings, Cooper",Saint Joseph's,Atlantic 10,2026,1,1,0,0,0,0,0,0,0.0,false,0,0.000,0.3730,1276,61.5,false,true
Saint Joseph's::turkwill,"Turk, Will",Saint Joseph's,Atlantic 10,2026,88,1,0,0,0,0,0,0,0.0,false,0,0.000,0.3730,1276,61.5,false,true
Saint Joseph's::hanushchaknick,"Hanushchak, Nick",Saint Joseph's,Atlantic 10,2026,4,1,0,0,0,0,0,0,0.0,false,0,0.000,0.3730,1276,61.5,false,true
Saint Joseph's::vanipatrick,"Vani, Patrick",Saint Joseph's,Atlantic 10,2026,10,1,0,0,0,0,0,0,0.0,false,0,0.000,0.3730,1276,61.5,false,true
Saint Joseph's::johnsonluke,"Johnson, Luke",Saint Joseph's,Atlantic 10,2026,11,1,0,0,0,0,0,0,0.0,false,0,0.000,0.3730,1276,61.5,false,true
Saint Joseph's::steinickeoskar,"Steinicke, Oskar",Saint Joseph's,Atlantic 10,2026,13,1,0,0,0,0,0,0,0.0,false,0,0.000,0.3730,1276,61.5,false,true
Saint Joseph's::hernandezaldo,"Hernandez, Aldo",Saint Joseph's,Atlantic 10,2026,19,1,0,0,0,0,0,0,0.0,false,0,0.000,0.3730,1276,61.5,false,true
Saint Joseph's::boylesean,"Boyle, Sean",Saint Joseph's,Atlantic 10,2026,24,1,0,0,0,0,0,0,0.0,false,0,0.000,0.3730,1276,61.5,false,true
Saint Joseph's::carolanharrison,"Carolan, Harrison",Saint Joseph's,Atlantic 10,2026,26,1,0,0,0,0,0,0,0.0,false,0,0.000,0.3730,1276,61.5,false,true
Saint Joseph's::wintersconnor,"Winters, Connor",Saint Joseph's,Atlantic 10,2026,28,1,0,0,0,0,0,0,0.0,false,0,0.000,0.3730,1276,61.5,false,true
Saint Joseph's::oliveiracristian,"Oliveira, Cristian",Saint Joseph's,Atlantic 10,2026,29,1,0,0,0,0,0,0,0.0,false,0,0.000,0.3730,1276,61.5,false,true
Saint Joseph's::correajuan,"Correa, Juan",Saint Joseph's,Atlantic 10,2026,34,1,0,0,0,0,0,0,0.0,false,0,0.000,0.3730,1276,61.5,false,true
Saint Joseph's::leechase,"Lee, Chase",Saint Joseph's,Atlantic 10,2026,35,1,0,0,0,0,0,0,0.0,false,0,0.000,0.3730,1276,61.5,false,true
Saint Joseph's::powerswill,"Powers, Will",Saint Joseph's,Atlantic 10,2026,37,1,0,0,0,0,0,0,0.0,false,0,0.000,0.3730,1276,61.5,false,true
Saint Joseph's::priestleycolin,"Priestley, Colin",Saint Joseph's,Atlantic 10,2026,39,1,0,0,0,0,0,0,0.0,false,0,0.000,0.3730,1276,61.5,false,true
Saint Joseph's::comeytimmy,"Comey, Timmy",Saint Joseph's,Atlantic 10,2026,41,1,0,0,0,0,0,0,0.0,false,0,0.000,0.3730,1276,61.5,false,true
Central Arkansas::ibraheemfaris,"Ibraheem, Faris",Central Arkansas,ASUN,2026,2,1,6,0,0,0,0,0,0.0,false,0,0.000,0.3681,1494,60.1,false,true
Georgia Southern::aristizabalnicolas,"Aristizabal, Nicolas",Georgia Southern,Sun Belt,2026,28,1,90,0,0,0,0,0,0.0,false,0,0.000,0.3108,1516,43.1,false,true
Georgia Southern::gjevikkevin,"Gjevik, Kevin",Georgia Southern,Sun Belt,2026,25,1,14,0,0,0,0,0,0.0,false,0,0.000,0.3618,1516,58.5,false,true
Jacksonville::krugkilian,"Krug, Kilian",Jacksonville,ASUN,2026,15,1,3,0,0,0,0,0,0.0,false,0,0.000,0.3705,1597,60.9,false,true
Jacksonville::cooperkailas,"Cooper, Kailas",Jacksonville,ASUN,2026,20,1,9,0,0,0,0,0,0.0,false,0,0.000,0.3657,1597,59.5,false,true
Gardner-Webb::josendallarsolav,"Josendal, Lars Olav",Gardner-Webb,Big South,2026,0,1,0,0,0,0,0,0,0.0,false,0,0.000,0.3730,1554,61.5,false,true
Gardner-Webb::luengoyaguehugo,"Luengo Yague, Hugo",Gardner-Webb,Big South,2026,5,1,74,0,0,0,0,0,0.0,false,0,0.000,0.3203,1554,46.5,false,true
Gardner-Webb::trigueronicolas,"Triguero, Nicolas",Gardner-Webb,Big South,2026,11,1,14,0,0,0,0,0,0.0,false,0,0.000,0.3618,1554,58.5,false,true
Gardner-Webb::consanitiago,"Consani, Tiago",Gardner-Webb,Big South,2026,13,1,0,0,0,0,0,0,0.0,false,0,0.000,0.3730,1554,61.5,false,true
Gardner-Webb::gonzalezjacobo,"Gonzalez, Jacobo",Gardner-Webb,Big South,2026,21,1,26,0,0,0,0,0,0.0,false,0,0.000,0.3526,1554,56,false,true
Gardner-Webb::garciamunozjorge,"Garcia Munoz, Jorge",Gardner-Webb,Big South,2026,23,1,70,0,0,0,0,0,0.0,false,0,0.000,0.3228,1554,47.5,false,true
Gardner-Webb::loganralph,"Logan, Ralph",Gardner-Webb,Big South,2026,25,1,16,0,0,0,0,0,0.0,false,0,0.000,0.3602,1554,58,false,true
Gardner-Webb::mulambablanchar,"Mulamba, Blanchar",Gardner-Webb,Big South,2026,28,1,20,0,0,0,0,0,0.0,false,0,0.000,0.3571,1554,57.2,false,true
Detroit Mercy::piersondrew,"Pierson, Drew",Detroit Mercy,Horizon,2026,27,1,35,0,0,0,0,0,0.0,false,0,0.000,0.3461,1653,53.5,false,true
Detroit Mercy::powespencer,"Powe, Spencer",Detroit Mercy,Horizon,2026,23,1,16,0,0,0,0,0,0.0,false,0,0.000,0.3602,1653,58,false,true
Navy::howellandrew,"Howell, Andrew",Navy,Patriot,2026,29,1,0,0,0,0,0,0,0.0,false,0,0.000,0.3730,1292,61.5,false,true
Navy::cornettkeegan,"Cornett, Keegan",Navy,Patriot,2026,30,1,0,0,0,0,0,0,0.0,false,0,0.000,0.3730,1292,61.5,false,true
Navy::stevenswyatt,"Stevens, Wyatt",Navy,Patriot,2026,9,1,0,0,0,0,0,0,0.0,false,0,0.000,0.3730,1292,61.5,false,true
Navy::leisegangben,"Leisegang, Ben",Navy,Patriot,2026,11,1,0,0,0,0,0,0,0.0,false,0,0.000,0.3730,1292,61.5,false,true
Navy::torresjp,"Torres, JP",Navy,Patriot,2026,18,1,0,0,0,0,0,0,0.0,false,0,0.000,0.3730,1292,61.5,false,true
Navy::ayalavince,"Ayala, Vince",Navy,Patriot,2026,19,1,0,0,0,0,0,0,0.0,false,0,0.000,0.3730,1292,61.5,false,true
Navy::boydwill,"Boyd, Will",Navy,Patriot,2026,26,1,0,0,0,0,0,0,0.0,false,0,0.000,0.3730,1292,61.5,false,true
Navy::hardingronan,"Harding, Ronan",Navy,Patriot,2026,27,1,0,0,0,0,0,0,0.0,false,0,0.000,0.3730,1292,61.5,false,true
LIU::reinesamuel,"Reine, Samuel",LIU,Other / Non-D1,2026,0,1,0,0,0,0,0,0,0.0,false,0,0.000,0.3730,1586,61.5,false,false
LIU::macombercolby,"Macomber, Colby",LIU,Other / Non-D1,2026,30,1,0,0,0,0,0,0,0.0,false,0,0.000,0.3730,1586,61.5,false,false
LIU::cerratojoe,"Cerrato, Joe",LIU,Other / Non-D1,2026,3,1,0,0,0,0,0,0,0.0,false,0,0.000,0.3730,1586,61.5,false,false
LIU::atamaocheikh,"Atamao, Cheikh",LIU,Other / Non-D1,2026,4,1,0,0,0,0,0,0,0.0,false,0,0.000,0.3730,1586,61.5,false,false
LIU::burghartmanuel,"Burghart, Manuel",LIU,Other / Non-D1,2026,5,1,90,0,0,0,0,0,0.0,false,0,0.000,0.3108,1586,43.1,false,false
LIU::weyljackson,"Weyl, Jackson",LIU,Other / Non-D1,2026,6,1,0,0,0,0,0,0,0.0,false,0,0.000,0.3730,1586,61.5,false,false
LIU::vanegasjeffrey,"Vanegas, Jeffrey",LIU,Other / Non-D1,2026,11,1,41,0,0,0,0,0,0.0,false,0,0.000,0.3419,1586,52.5,false,false
LIU::salernomaximo,"Salerno, Maximo",LIU,Other / Non-D1,2026,12,1,30,0,0,0,0,0,0.0,false,0,0.000,0.3497,1586,55,false,false
LIU::sommermaximilian,"Sommer, Maximilian",LIU,Other / Non-D1,2026,16,1,64,0,0,0,0,0,0.0,false,0,0.000,0.3266,1586,48.4,false,false
LIU::mendezbruno,"Mendez, Bruno",LIU,Other / Non-D1,2026,17,1,54,0,0,0,0,0,0.0,false,0,0.000,0.3331,1586,50.2,false,false
LIU::hanleybaxter,"Hanley, Baxter",LIU,Other / Non-D1,2026,18,1,90,0,0,0,0,0,0.0,false,0,0.000,0.3108,1586,43.1,false,false
LIU::ebnercolby,"ebner, colby",LIU,Other / Non-D1,2026,21,1,0,0,0,0,0,0,0.0,false,0,0.000,0.3730,1586,61.5,false,false
LIU::floodbrady,"Flood, Brady",LIU,Other / Non-D1,2026,22,1,0,0,0,0,0,0,0.0,false,0,0.000,0.3730,1586,61.5,false,false
LIU::gulinoanthony,"Gulino, Anthony",LIU,Other / Non-D1,2026,24,1,0,0,0,0,0,0,0.0,false,0,0.000,0.3730,1586,61.5,false,false
LIU::kodymkuba,"Kodym, Kuba",LIU,Other / Non-D1,2026,2,1,26,0,0,0,0,0,0.0,false,0,0.000,0.3526,1586,56,false,false
LIU::fitakandriy,"Fitak, Andriy",LIU,Other / Non-D1,2026,27,1,41,0,0,0,0,0,0.0,false,0,0.000,0.3419,1586,52.5,false,false
LIU::arguetadiego,"Argueta, Diego",LIU,Other / Non-D1,2026,37,1,49,0,0,0,0,0,0.0,false,0,0.000,0.3364,1586,51.1,false,false
LIU::abdoujean,"Abdou, Jean",LIU,Other / Non-D1,2026,80,1,0,0,0,0,0,0,0.0,false,0,0.000,0.3730,1586,61.5,false,false
LIU::mustafaamezshwan,"Mustafa, Amez Shwan",LIU,Other / Non-D1,2026,98,1,0,0,0,0,0,0,0.0,false,0,0.000,0.3730,1586,61.5,false,false
Southern Virginia::northcuttisaac,"Northcutt, Isaac",Southern Virginia,Other / Non-D1,2026,1,1,45,0,0,0,0,0,0.0,false,0,0.000,0.3391,1322,51.8,false,false
Southern Virginia::calderholden,"Calder, Holden",Southern Virginia,Other / Non-D1,2026,3,1,45,0,0,0,0,0,0.0,false,0,0.000,0.3391,1322,51.8,false,false
Southern Virginia::stocklandon,"Stock, Landon",Southern Virginia,Other / Non-D1,2026,7,1,31,0,0,0,0,0,0.0,false,0,0.000,0.3490,1322,54.8,false,false
Southern Virginia::bartholomewzach,"Bartholomew, Zach",Southern Virginia,Other / Non-D1,2026,12,1,31,0,0,0,0,0,0.0,false,0,0.000,0.3490,1322,54.8,false,false
Southern Virginia::gublerlogan,"Gubler, Logan",Southern Virginia,Other / Non-D1,2026,15,1,45,0,0,0,0,0,0.0,false,0,0.000,0.3391,1322,51.8,false,false
Southern Virginia::timothylondon,"Timothy, London",Southern Virginia,Other / Non-D1,2026,20,1,59,0,0,0,0,0,0.0,false,0,0.000,0.3298,1322,49,false,false
Southern Virginia::nielsenjacob,"Nielsen, Jacob",Southern Virginia,Other / Non-D1,2026,21,1,61,0,0,0,0,0,0.0,false,0,0.000,0.3285,1322,48.8,false,false
Southern Virginia::brinkerhoffian,"Brinkerhoff, Ian",Southern Virginia,Other / Non-D1,2026,22,1,57,0,0,0,0,0,0.0,false,0,0.000,0.3311,1322,49.4,false,false
Southern Virginia::snowzack,"Snow, Zack",Southern Virginia,Other / Non-D1,2026,00,1,45,0,0,0,0,0,0.0,false,0,0.000,0.3391,1322,51.8,false,false
Southern Virginia::rocendojohnathon,"Rocendo, Johnathon",Southern Virginia,Other / Non-D1,2026,2,1,30,0,0,0,0,0,0.0,false,0,0.000,0.3497,1322,55,false,false
Southern Virginia::casadoreymon,"Casado, Reymon",Southern Virginia,Other / Non-D1,2026,4,1,43,0,0,0,0,0,0.0,false,0,0.000,0.3405,1322,52.2,false,false
Southern Virginia::tafelelmartad,"Tafelelmar, Tad",Southern Virginia,Other / Non-D1,2026,6,1,45,0,0,0,0,0,0.0,false,0,0.000,0.3391,1322,51.8,false,false
Southern Virginia::hesterbrock,"Hester, Brock",Southern Virginia,Other / Non-D1,2026,10,1,5,0,0,0,0,0,0.0,false,0,0.000,0.3689,1322,60.3,false,false
Southern Virginia::grangekenyon,"Grange, Kenyon",Southern Virginia,Other / Non-D1,2026,11,1,24,0,0,0,0,0,0.0,false,0,0.000,0.3541,1322,56.4,false,false
Southern Virginia::woffindenjosh,"Woffinden, Josh",Southern Virginia,Other / Non-D1,2026,13,1,33,0,0,0,0,0,0.0,false,0,0.000,0.3475,1322,54,false,false
Southern Virginia::gorringegriffin,"Gorringe, Griffin",Southern Virginia,Other / Non-D1,2026,16,1,19,0,0,0,0,0,0.0,false,0,0.000,0.3579,1322,57.4,false,false
Southern Virginia::ecksteinderek,"Eckstein, Derek",Southern Virginia,Other / Non-D1,2026,17,1,33,0,0,0,0,0,0.0,false,0,0.000,0.3475,1322,54,false,false
Southern Virginia::wiersdorfchristian,"Wiersdorf, Christian",Southern Virginia,Other / Non-D1,2026,19,1,29,0,0,0,0,0,0.0,false,0,0.000,0.3504,1322,55.4,false,false
Southern Virginia::grimmermark,"Grimmer, Mark",Southern Virginia,Other / Non-D1,2026,26,1,30,0,0,0,0,0,0.0,false,0,0.000,0.3497,1322,55,false,false
Southern Virginia::younggavin,"Young, Gavin",Southern Virginia,Other / Non-D1,2026,30,1,30,0,0,0,0,0,0.0,false,0,0.000,0.3497,1322,55,false,false
Southern Virginia::leclairesoren,"Leclaire, Soren",Southern Virginia,Other / Non-D1,2026,31,1,40,0,0,0,0,0,0.0,false,0,0.000,0.3426,1322,52.7,false,false
Southern Virginia::mertensnicolas,"Mertens, Nicolas",Southern Virginia,Other / Non-D1,2026,32,1,5,0,0,0,0,0,0.0,false,0,0.000,0.3689,1322,60.3,false,false
Southern Virginia::gundersondexter,"Gunderson, Dexter",Southern Virginia,Other / Non-D1,2026,33,1,29,0,0,0,0,0,0.0,false,0,0.000,0.3504,1322,55.4,false,false
Longwood::campbelljahiem,"Campbell, Jahiem",Longwood,Big South,2026,4,1,90,0,0,0,0,0,0.0,false,0,0.000,0.3108,1254,43.1,false,true
Longwood::seckmamadou,"Seck, Mamadou",Longwood,Big South,2026,14,1,85,0,0,0,0,0,0.0,false,0,0.000,0.3138,1254,44.1,false,true
Longwood::bouchetalexandre,"Bouchet, Alexandre",Longwood,Big South,2026,16,1,24,0,0,0,0,0,0.0,false,0,0.000,0.3541,1254,56.4,false,true
Longwood::shahomer,"Shah, Omer",Longwood,Big South,2026,25,1,56,0,0,0,0,0,0.0,false,0,0.000,0.3317,1254,49.6,false,true
Longwood::ansungkyeol,"An, Sungkyeol",Longwood,Big South,2026,26,1,16,0,0,0,0,0,0.0,false,0,0.000,0.3602,1254,58,false,true
Longwood::pierreronelijah,"Pierre, Ron-Elijah",Longwood,Big South,2026,27,1,16,0,0,0,0,0,0.0,false,0,0.000,0.3602,1254,58,false,true
Longwood::fletchertor,"Fletcher, Tor",Longwood,Big South,2026,50,1,45,0,0,0,0,0,0.0,false,0,0.000,0.3391,1254,51.8,false,true
UCLA::legaspiallan,"Legaspi, Allan",UCLA,Big Ten,2026,15,1,6,0,0,0,0,0,0.0,false,0,0.000,0.3681,1744,60.1,false,true
UCLA::jeffcotthenry,"Jeffcott, Henry",UCLA,Big Ten,2026,24,1,6,0,0,0,0,0,0.0,false,0,0.000,0.3681,1744,60.1,false,true
UCLA::lanejames,"Lane, James",UCLA,Big Ten,2026,27,1,6,0,0,0,0,0,0.0,false,0,0.000,0.3681,1744,60.1,false,true
UCLA::ruizalbert,"Ruiz, Albert",UCLA,Big Ten,2026,13,1,6,0,0,0,0,0,0.0,false,0,0.000,0.3681,1744,60.1,false,true
Cleveland State::marellagianni,"Marella, Gianni",Cleveland State,Horizon,2026,12,1,11,0,0,0,0,0,0.0,false,0,0.000,0.3641,1244,59,false,true
Brown::voellmickeben,"Voellmicke, Ben",Brown,Ivy,2026,30,1,0,0,0,0,0,0,0.0,false,0,0.000,0.3730,1303,61.5,false,true
Brown::koisgraham,"Kois, Graham",Brown,Ivy,2026,32,1,0,0,0,0,0,0,0.0,false,0,0.000,0.3730,1303,61.5,false,true
Brown::dafeiyke,"Dafe, Iyke",Brown,Ivy,2026,2,1,0,0,0,0,0,0,0.0,false,0,0.000,0.3730,1303,61.5,false,true
Brown::sauerbreialex,"Sauerbrei, Alex",Brown,Ivy,2026,3,1,81,0,0,0,0,0,0.0,false,0,0.000,0.3161,1303,45,false,true
Brown::dagostinistefano,"D'Agostini, Stefano",Brown,Ivy,2026,4,1,9,0,0,0,0,0,0.0,false,0,0.000,0.3657,1303,59.5,false,true
Brown::hillemathias,"Hille, Mathias",Brown,Ivy,2026,5,1,65,0,0,0,0,0,0.0,false,0,0.000,0.3259,1303,48.2,false,true
Brown::canossenecisergio,"Canos Seneci, Sergio",Brown,Ivy,2026,6,1,90,0,0,0,0,0,0.0,false,0,0.000,0.3108,1303,43.1,false,true
Brown::snaithjames,"Snaith, James",Brown,Ivy,2026,8,1,81,0,0,0,0,0,0.0,false,0,0.000,0.3161,1303,45,false,true
Brown::sancheznicholas,"Sanchez, Nicholas",Brown,Ivy,2026,12,1,25,0,0,0,0,0,0.0,false,0,0.000,0.3534,1303,56.2,false,true
Brown::robledoisaiah,"Robledo, Isaiah",Brown,Ivy,2026,13,1,0,0,0,0,0,0,0.0,false,0,0.000,0.3730,1303,61.5,false,true
Brown::teixeiratyler,"Teixeira, Tyler",Brown,Ivy,2026,15,1,0,0,0,0,0,0,0.0,false,0,0.000,0.3730,1303,61.5,false,true
Brown::thompsonshayne,"Thompson, Shayne",Brown,Ivy,2026,16,1,86,0,0,0,0,0,0.0,false,0,0.000,0.3132,1303,43.8,false,true
Brown::whartonzion,"Wharton, Zion",Brown,Ivy,2026,18,1,52,0,0,0,0,0,0.0,false,0,0.000,0.3344,1303,50.5,false,true
Brown::brownetimi,"Browne, Timi",Brown,Ivy,2026,19,1,0,0,0,0,0,0,0.0,false,0,0.000,0.3730,1303,61.5,false,true
Brown::akindelekitan,"Akindele, Kitan",Brown,Ivy,2026,21,1,0,0,0,0,0,0,0.0,false,0,0.000,0.3730,1303,61.5,false,true
Brown::harrellluke,"Harrell, Luke",Brown,Ivy,2026,22,1,0,0,0,0,0,0,0.0,false,0,0.000,0.3730,1303,61.5,false,true
Brown::elizaldediego,"Elizalde, Diego",Brown,Ivy,2026,23,1,0,0,0,0,0,0,0.0,false,0,0.000,0.3730,1303,61.5,false,true
Brown::powellsolomon,"Powell, Solomon",Brown,Ivy,2026,27,1,4,0,0,0,0,0,0.0,false,0,0.000,0.3697,1303,60.5,false,true
Brown::novymarxroman,"Novy-Marx, Roman",Brown,Ivy,2026,29,1,4,0,0,0,0,0,0.0,false,0,0.000,0.3697,1303,60.5,false,true
Columbia University::takiaris,"Taki, Aris",Columbia University,Ivy,2026,1,1,0,0,0,0,0,0,0.0,false,0,0.000,0.3730,1435,61.5,false,true
Columbia University::webbgeorge,"Webb, George",Columbia University,Ivy,2026,33,1,0,0,0,0,0,0,0.0,false,0,0.000,0.3730,1435,61.5,false,true
Columbia University::obrienalexander,"O'Brien, Alexander",Columbia University,Ivy,2026,42,1,0,0,0,0,0,0,0.0,false,0,0.000,0.3730,1435,61.5,false,true
Columbia University::owenconnor,"Owen, Connor",Columbia University,Ivy,2026,3,1,24,0,0,0,0,0,0.0,false,0,0.000,0.3541,1435,56.4,false,true
Columbia University::tenoeverjackson,"ten Oever, Jackson",Columbia University,Ivy,2026,4,1,21,0,0,0,0,0,0.0,false,0,0.000,0.3564,1435,57,false,true
Columbia University::casewill,"Case, Will",Columbia University,Ivy,2026,5,1,69,0,0,0,0,0,0.0,false,0,0.000,0.3234,1435,47.6,false,true
Columbia University::yahalomamir,"Yahalom, Amir",Columbia University,Ivy,2026,6,1,57,0,0,0,0,0,0.0,false,0,0.000,0.3311,1435,49.4,false,true
Columbia University::garciaandres,"Garcia, Andres",Columbia University,Ivy,2026,7,1,35,0,0,0,0,0,0.0,false,0,0.000,0.3461,1435,53.5,false,true
Columbia University::bakerchad,"Baker, Chad",Columbia University,Ivy,2026,11,1,0,0,0,0,0,0,0.0,false,0,0.000,0.3730,1435,61.5,false,true
Columbia University::sacksoli,"Sacks, Oli",Columbia University,Ivy,2026,17,1,5,0,0,0,0,0,0.0,false,0,0.000,0.3689,1435,60.3,false,true
Columbia University::romorafa,"Romo, Rafa",Columbia University,Ivy,2026,24,1,0,0,0,0,0,0,0.0,false,0,0.000,0.3730,1435,61.5,false,true
Columbia University::rienerneil,"Riener, Neil",Columbia University,Ivy,2026,28,1,0,0,0,0,0,0,0.0,false,0,0.000,0.3730,1435,61.5,false,true
Columbia University::carnoywill,"Carnoy, Will",Columbia University,Ivy,2026,29,1,0,0,0,0,0,0,0.0,false,0,0.000,0.3730,1435,61.5,false,true
Columbia University::mirandacesar,"Miranda, Cesar",Columbia University,Ivy,2026,32,1,0,0,0,0,0,0,0.0,false,0,0.000,0.3730,1435,61.5,false,true
Harvard::barnastobias,"Barnas, Tobias",Harvard,Ivy,2026,18,1,8,0,0,0,0,0,0.0,false,0,0.000,0.3665,1617,59.7,false,true
Yale::wesselsfelix,"Wessels, Felix",Yale,Ivy,2026,29,1,90,0,0,0,0,0,0.0,false,0,0.000,0.3108,1367,43.1,false,true
Yale::osgavaughan,"Osga, Vaughan",Yale,Ivy,2026,3,1,3,0,0,0,0,0,0.0,false,0,0.000,0.3705,1367,60.9,false,true
Grand Canyon::mooreowen,"Moore, Owen",Grand Canyon,Mountain West,2026,0,1,0,0,0,0,0,0,0.0,false,0,0.000,0.3730,1441,61.5,false,true
Grand Canyon::vanhemelryckbraycasper,"Van Hemelryck-Bray, Casper",Grand Canyon,Mountain West,2026,31,1,0,0,0,0,0,0,0.0,false,0,0.000,0.3730,1441,61.5,false,true
Grand Canyon::mathernashaj,"Mather-Nash, AJ",Grand Canyon,Mountain West,2026,99,1,0,0,0,0,0,0,0.0,false,0,0.000,0.3730,1441,61.5,false,true
Grand Canyon::somersjohn,"Somers, John",Grand Canyon,Mountain West,2026,15,1,0,0,0,0,0,0,0.0,false,0,0.000,0.3730,1441,61.5,false,true
Grand Canyon::vonmarcus,"Von, Marcus",Grand Canyon,Mountain West,2026,17,1,0,0,0,0,0,0,0.0,false,0,0.000,0.3730,1441,61.5,false,true
Grand Canyon::dejesusbradley,"De Jesus, Bradley",Grand Canyon,Mountain West,2026,23,1,18,0,0,0,0,0,0.0,false,0,0.000,0.3587,1441,57.6,false,true
Grand Canyon::ntuinerville,"Ntui, Nerville",Grand Canyon,Mountain West,2026,24,1,0,0,0,0,0,0,0.0,false,0,0.000,0.3730,1441,61.5,false,true
Grand Canyon::harringtonliam,"Harrington, Liam",Grand Canyon,Mountain West,2026,26,1,0,0,0,0,0,0,0.0,false,0,0.000,0.3730,1441,61.5,false,true
Grand Canyon::donnezromain,"Donnez, Romain",Grand Canyon,Mountain West,2026,27,1,0,0,0,0,0,0,0.0,false,0,0.000,0.3730,1441,61.5,false,true
Grand Canyon::abramsmichael,"Abrams, Michael",Grand Canyon,Mountain West,2026,29,1,0,0,0,0,0,0,0.0,false,0,0.000,0.3730,1441,61.5,false,true
Lehigh::armitagecalan,"Armitage, Calan",Lehigh,Patriot,2026,0,1,0,0,0,0,0,0,0.0,false,0,0.000,0.3730,1604,61.5,false,true
Lehigh::ramseyjonah,"Ramsey, Jonah",Lehigh,Patriot,2026,31,1,0,0,0,0,0,0,0.0,false,0,0.000,0.3730,1604,61.5,false,true
Lehigh::ericksonandre,"Erickson, Andre",Lehigh,Patriot,2026,2,1,90,0,0,0,0,0,0.0,false,0,0.000,0.3108,1604,43.1,false,true
Lehigh::bergerethan,"Berger, Ethan",Lehigh,Patriot,2026,6,1,0,0,0,0,0,0,0.0,false,0,0.000,0.3730,1604,61.5,false,true
Lehigh::kuenstleconnor,"Kuenstle, Connor",Lehigh,Patriot,2026,12,1,0,0,0,0,0,0,0.0,false,0,0.000,0.3730,1604,61.5,false,true
Lehigh::bricenomateo,"Briceno, Mateo",Lehigh,Patriot,2026,14,1,0,0,0,0,0,0,0.0,false,0,0.000,0.3730,1604,61.5,false,true
Lehigh::sharkeythomas,"Sharkey, Thomas",Lehigh,Patriot,2026,18,1,0,0,0,0,0,0,0.0,false,0,0.000,0.3730,1604,61.5,false,true
Lehigh::sparaciozachary,"Sparacio, Zachary",Lehigh,Patriot,2026,22,1,0,0,0,0,0,0,0.0,false,0,0.000,0.3730,1604,61.5,false,true
Lehigh::toshgraham,"Tosh, Graham",Lehigh,Patriot,2026,26,1,0,0,0,0,0,0,0.0,false,0,0.000,0.3730,1604,61.5,false,true
Lehigh::mundyryan,"Mundy, Ryan",Lehigh,Patriot,2026,27,1,0,0,0,0,0,0,0.0,false,0,0.000,0.3730,1604,61.5,false,true
UNC Greensboro::hernandezsteven,"Hernandez, Steven",UNC Greensboro,Southern,2026,11,1,29,0,0,0,0,0,0.0,false,0,0.000,0.3504,1657,55.4,false,true
Loyola University Maryland::huebnerfelix,"Huebner, Felix",Loyola University Maryland,Patriot,2026,30,1,9,0,0,0,0,1,0.5,true,1,-0.029,0.3600,1641,58,false,true
UC Irvine::oshaughnessyjoe,"O'Shaughnessy, Joe",UC Irvine,Big West,2026,1,3,180,0,0,0,0,9,4.0,true,2,-0.035,0.2615,1517,14.7,true,true
St. Thomas::climentdamian,"Climent, Damian",St. Thomas,Summit,2026,31,2,180,0,0,0,0,2,1.0,true,1,-0.049,0.2595,1307,14.1,true,true
UIC::cornellowen,"Cornell, Owen",UIC,Missouri Valley,2026,1,4,360,0,0,0,0,2,1.0,true,1,-0.052,0.2015,1434,1.5,true,true
Davidson College::beltranlucas,"Beltran, Lucas",Davidson College,Atlantic 10,2026,1,2,180,0,0,0,0,2,1.0,true,1,-0.052,0.2590,1538,13.9,true,true
Charleston::brinkmarten,"Brink, Marten",Charleston,CAA,2026,1,3,270,0,0,0,0,2,1.0,true,1,-0.054,0.2264,1467,4,true,true
Northwestern::cervonigino,"Cervoni, Gino",Northwestern,Big Ten,2026,0,2,90,0,0,0,0,2,1.0,true,1,-0.056,0.3016,1538,37.5,false,true
Cal Poly::guerramathew,"Guerra, Mathew",Cal Poly,Pac-12,2026,33,4,360,0,0,0,0,7,3.0,true,3,-0.058,0.2008,1576,1.5,true,true
Drake::butkovictomas,"Butkovic, Tomas",Drake,Missouri Valley,2026,99,4,353,0,0,0,0,2,1.0,true,1,-0.059,0.2024,1437,1.5,true,true
FIU::vanhaverennigel,"Van Haveren, Nigel",FIU,American,2026,48,4,347,0,0,0,0,2,1.0,true,1,-0.067,0.2030,1561,1.6,true,true
Eastern Illinois::torunosamuel,"Toruno, Samuel",Eastern Illinois,Ohio Valley,2026,30,3,270,0,0,0,0,4,2.0,true,1,-0.072,0.2241,1337,3.8,true,true
Wright State::normandeaualex,"Normandeau, Alex",Wright State,Horizon,2026,1,4,180,0,0,0,0,4,2.0,true,2,-0.085,0.2543,1399,12,true,true
Missouri State::alvesschmelzfernando,"Alves Schmelz, Fernando",Missouri State,American,2026,31,3,180,0,0,0,0,2,1.0,true,2,-0.102,0.2519,1273,11.5,true,true
IU Indy::fieldpeter,"Field, Peter",IU Indy,Horizon,2026,1,3,270,0,0,0,0,4,2.0,true,1,-0.105,0.2200,1480,3.2,true,true
ETSU::delmottenoe,"Delmotte, Noe",ETSU,Southern,2026,1,2,180,0,0,0,0,4,2.0,true,1,-0.128,0.2481,1567,10.3,true,true
Navy::carmodydylan,"Carmody, Dylan",Navy,Patriot,2026,0,3,162,0,0,0,0,3,1.6,true,1,-0.142,0.2534,1394,11.7,true,true
Pacific::ruizhurstmateus,"Ruiz-Hurst, Mateus",Pacific,West Coast,2026,1,1,90,0,0,0,0,6,3.0,true,1,-0.182,0.2805,1683,25.1,false,true
South Carolina::scheidweilernoah,"Scheidweiler, Noah",South Carolina,Sun Belt,2026,1,3,240,0,0,0,0,6,3.0,true,2,-0.186,0.2191,1568,3,true,true
West Florida::guidrozjohnmichael,"Guidroz, John-Michael",West Florida,Other / Non-D1,2026,32,2,25,0,0,0,0,1,0.8,true,1,-0.208,0.3139,1419,44.1,false,false
Merrimack College::malagutimatteo,"Malaguti, Matteo",Merrimack College,Metro,2026,1,3,270,0,0,0,0,8,4.0,true,1,-0.209,0.2070,1363,1.6,true,true
Lipscomb::karaalex,"Kara, Alex",Lipscomb,ASUN,2026,1,2,180,0,0,0,0,8,4.0,true,2,-0.216,0.2356,1562,6.7,true,true
New Haven::smithgarrett,"Smith, Garrett",New Haven,NEC,2026,1,2,180,0,0,0,0,10,5.0,true,2,-0.298,0.2238,1634,3.8,true,true
Chicago State::mooketsijabulile,"Mooketsi, Jabulile",Chicago State,NEC,2026,0,2,180,0,0,0,0,10,5.0,true,1,-0.300,0.2236,1494,3.7,true,true
New Hampshire::choiaaron,"Choi, Aaron",New Hampshire,America East,2026,30,3,270,0,0,0,0,8,4.0,true,3,-0.332,0.1916,1592,1.4,true,true
Bradley::salomchandremarcal,"Salom Chandre, Marcal",Bradley,Other / Non-D1,2026,1,3,270,0,0,0,0,3,2.0,true,1,-0.353,0.1890,1379,1.4,true,false
Creighton::hudsonmatthew,"Hudson, Matthew",Creighton,Big East,2026,1,4,180,0,0,0,0,1,1.0,true,1,-0.381,0.2120,1554,2.6,true,true
Robert Morris::lanejosh,"Lane, Josh",Robert Morris,Horizon,2026,1,4,360,0,0,0,0,3,2.0,true,1,-0.396,0.1633,1330,1.2,true,true
Mercer::hampshawhenry,"Hampshaw, Henry",Mercer,Southern,2026,1,4,360,0,0,0,0,10,5.0,true,3,-0.402,0.1625,1548,1.2,true,true
Dartmouth College::jeffreystj,"Jeffreys, TJ",Dartmouth College,Ivy,2026,0,1,90,0,0,0,0,3,2.0,true,1,-0.446,0.2365,1565,6.9,false,true
Portland::hernandezmiguelangel,"Hernandez, Miguel-Angel",Portland,West Coast,2026,34,3,270,0,0,0,0,12,6.0,true,3,-0.483,0.1728,1772,1.3,true,true
Old Dominion::aguilaralexander,"Aguilar, Alexander",Old Dominion,Sun Belt,2026,23,3,270,0,1,0,0,6,4.0,true,3,-0.492,0.1716,1465,1.3,true,true
New Haven::antaoshane,"Antao, Shane",New Haven,NEC,2026,32,3,90,0,0,0,0,5,3.0,true,1,-0.528,0.2229,1630,3.6,false,true
Queens::pazmoraesandregustavo,"Paz Moraes, Andre Gustavo",Queens,ASUN,2026,37,1,90,0,0,0,0,3,2.0,true,1,-0.549,0.2193,1811,3.1,false,true
Life Pacific::rodriguezcarlos,"Rodriguez, Carlos",Life Pacific,Other / Non-D1,2026,99,1,90,0,0,0,0,13,7.0,true,1,-0.645,0.2033,1455,1.6,false,false
CCSU::fitzgeraldcarter,"Fitzgerald, Carter",CCSU,Other / Non-D1,2026,25,2,135,0,0,0,0,2,2.0,true,1,-0.653,0.1865,1336,1.4,true,false
USC Upstate::wuerslinjarrett,"Wuerslin, Jarrett",USC Upstate,Big South,2026,1,3,270,0,0,0,0,12,6.0,true,3,-0.656,0.1511,1382,1.2,true,true
DePaul::johnsonchance,"Johnson, Chance",DePaul,Big East,2026,30,4,198,0,0,0,0,7,4.0,true,2,-0.657,0.1678,1429,1.3,true,true
San Jose State::axelsonronin,"Axelson, Ronin",San Jose State,Mountain West,2026,1,3,270,0,0,0,0,9,5.0,true,2,-0.670,0.1494,1541,1.1,true,true
Furman::horvativan,"Horvat, Ivan",Furman,Southern,2026,30,3,25,0,0,0,0,1,1.4,true,1,-0.763,0.2088,1609,2.3,false,true
Virginia::sandersonspencer,"Sanderson, Spencer",Virginia,ACC,2026,99,4,360,0,0,0,0,14,7.0,true,4,-0.767,0.1220,1616,1,true,true
LIU::reiterkilian,"Reiter, Kilian",LIU,Other / Non-D1,2026,1,1,90,0,0,0,0,4,3.0,true,1,-0.854,0.1686,1586,1.3,false,false
Liberty::rosedan,"Rose, Dan",Liberty,Southern,2026,1,3,270,0,0,0,0,7,4.0,true,2,-0.916,0.1187,1579,1,true,true
West Virginia::mawertoby,"Mawer, Toby",West Virginia,Sun Belt,2026,1,3,270,0,0,0,0,4,3.0,true,1,-0.925,0.1176,1632,0.9,true,true
Radford::millerben,"Miller, Ben",Radford,Big South,2026,30,2,180,0,0,0,0,7,5.0,true,2,-0.933,0.1332,1400,1.1,true,true
NC State::rhormensmatheus,"Rhormens, Matheus",NC State,ACC,2026,30,4,180,0,0,0,0,4,3.0,true,1,-0.937,0.1326,1485,1,true,true
Grand Canyon::fernandezbeltran,"Fernandez, Beltran",Grand Canyon,Mountain West,2026,1,3,270,0,0,0,0,6,4.0,true,2,-0.942,0.1154,1528,0.9,true,true
Northwest::hopkinsbailey,"Hopkins, Bailey",Northwest,Other / Non-D1,2026,35,1,84,0,0,0,0,11,6.5,true,1,-1.007,0.1446,1519,1.1,false,false
Incarnate Word::haugeanders,"Hauge, Anders",Incarnate Word,Other / Non-D1,2026,99,2,180,0,0,0,0,3,3.0,true,2,-1.077,0.1126,1460,0.9,true,false
Siena::glinderbennet,"Glinder, Bennet",Siena,Metro,2026,99,3,270,0,0,0,0,3,3.0,true,1,-1.137,0.0910,1429,0.8,true,true
Niagara::casimirjulien,"Casimir, Julien",Niagara,Metro,2026,0,2,45,0,0,0,0,1,2.0,true,1,-1.185,0.1237,1652,1,false,true
North Florida::pentinatiu,"Pentinat, Iu",North Florida,ASUN,2026,0,3,90,0,0,0,0,1,2.0,true,1,-1.237,0.1047,1512,0.9,false,true
Western Michigan::ouzounisalessandro,"Ouzounis, Alessandro",Western Michigan,Missouri Valley,2026,1,2,90,0,0,0,0,5,4.0,true,1,-1.255,0.1017,1621,0.9,false,true
Oregon State::nicolsonjohn,"Nicolson, John",Oregon State,Pac-12,2026,1,3,270,0,0,0,0,10,6.0,true,2,-1.288,0.0722,1700,0.8,true,true
UConn::durhamkyle,"Durham, Kyle",UConn,Big East,2026,13,4,360,0,0,0,0,11,7.0,true,4,-1.336,0.0588,1563,0.8,true,true
Louisville::abrahamnathaniel,"Abraham, Nathaniel",Louisville,ACC,2026,1,4,360,0,0,0,0,7,5.0,true,4,-1.404,0.0512,1535,0.7,true,true
Pittsburgh::moxomjack,"Moxom, Jack",Pittsburgh,ACC,2026,1,3,270,0,0,0,0,5,4.0,true,3,-1.434,0.0539,1590,0.7,true,true
North Florida::natoliluciano,"Natoli, Luciano",North Florida,ASUN,2026,1,3,180,0,0,0,0,6,5.0,true,2,-1.460,0.0578,1512,0.7,true,true
SIUE::kruegerlouis,"Krueger, Louis",SIUE,Other / Non-D1,2026,1,3,90,0,0,0,0,7,5.0,true,1,-1.488,0.0629,1675,0.8,false,false
University of Evansville::amohugo,"Amo, Hugo",University of Evansville,Missouri Valley,2026,1,3,270,0,0,0,0,7,5.0,true,2,-1.556,0.0387,1612,0.6,true,true
Kentucky::montigilles,"Monti, Gilles",Kentucky,Sun Belt,2026,1,2,90,0,0,0,0,2,3.0,true,1,-1.597,0.0447,1579,0.7,false,true
Bucknell::yerburythomas,"Yerbury, Thomas",Bucknell,Patriot,2026,00,3,270,0,0,0,0,2,3.0,true,1,-1.611,0.0317,1620,0.6,true,true
Kansas City::kincaidbrandon,"Kincaid, Brandon",Kansas City,Summit,2026,0,3,270,0,0,0,0,2,3.0,true,2,-1.646,0.0274,1495,0.5,true,true
California Baptist::stroemulrik,"Stroem, Ulrik",California Baptist,Pac-12,2026,31,1,90,0,0,0,0,2,3.0,true,1,-1.735,0.0217,1723,0.5,false,true
Syracuse::jansenkyle,"Jansen, Kyle",Syracuse,ACC,2026,1,3,180,0,0,0,0,3,4.0,true,2,-1.785,0.0114,1581,0.5,true,true
Clemson::janjicaleksa,"Janjic, Aleksa",Clemson,ACC,2026,1,2,180,0,0,0,0,3,4.0,true,2,-1.871,-0.0009,1641,0.5,true,true
Gonzaga::preciadochema,"Preciado, Chema",Gonzaga,Pac-12,2026,1,4,314,0,0,0,0,4,4.0,true,1,-2.028,-0.0192,1485,0.4,true,true
Northern Illinois::crawfordcayden,"Crawford, Cayden",Northern Illinois,Other / Non-D1,2026,1,4,360,0,0,0,0,2,4.0,true,1,-2.037,-0.0191,1451,0.5,true,false
DePaul::vostalhayden,"Vostal, Hayden",DePaul,Big East,2026,1,4,162,0,0,0,0,4,5.0,true,2,-2.195,-0.0486,1429,0.4,true,true
West Florida::vallesgilberttomas,"Valles Gilbert, Tomas",West Florida,Other / Non-D1,2026,1,4,335,0,0,0,0,4,5.2,true,2,-2.199,-0.0383,1416,0.4,true,false
Columbia University::zeruhnkai,"Zeruhn, Kai",Columbia University,Ivy,2026,30,1,90,0,0,0,0,1,4.0,true,1,-2.262,-0.0661,1435,0.3,false,true
Elon::lenarcikmikolaj,"Lenarcik, Mikolaj",Elon,Other / Non-D1,2026,13,1,90,0,0,0,0,4,5.0,true,1,-2.288,-0.0705,1562,0.3,false,false
Sacred Heart::suarezanthony,"Suarez, Anthony",Sacred Heart,Metro,2026,1,3,270,0,0,0,0,2,4.0,true,1,-2.299,-0.0543,1567,0.3,true,true
Furman::salinasaaron,"Salinas, Aaron",Furman,Southern,2026,1,4,335,0,0,0,0,10,7.6,true,3,-2.475,-0.0699,1584,0.3,true,true
UAlbany::genzalexander,"Genz, Alexander",UAlbany,Other / Non-D1,2026,0,1,90,0,1,0,0,3,6.0,true,1,-2.556,-0.1152,1563,0.3,false,false
SIUE::koupepidesioannis,"Koupepides, Ioannis",SIUE,Other / Non-D1,2026,29,3,180,0,0,0,0,8,7.0,true,2,-2.582,-0.1025,1675,0.3,true,false
Loyola University Maryland::okeefeconnor,"O'Keefe, Connor",Loyola University Maryland,Patriot,2026,1,1,81,0,0,0,0,2,4.5,true,1,-2.790,-0.1568,1641,0.2,false,true
Washington::shortstockton,"Short, Stockton",Washington,Big Ten,2026,1,4,356,0,1,0,0,8,8.0,true,4,-2.952,-0.1213,1720,0.3,true,true
Penn State::peluffowiesedaniel,"Peluffo-Wiese, Daniel",Penn State,Big Ten,2026,1,3,270,0,0,0,0,6,7.0,true,3,-3.044,-0.1473,1523,0.2,true,true
Saint Mary's::bentleysam,"Bentley, Sam",Saint Mary's,West Coast,2026,1,4,315,0,0,0,0,9,8.5,true,3,-3.110,-0.1464,1485,0.2,true,true
Oakland::thompsoncole,"Thompson, Cole",Oakland,Horizon,2026,33,3,270,0,0,0,0,5,7.0,true,2,-3.459,-0.1992,1532,0.1,true,true
Howard::keillerliam,"Keiller, Liam",Howard,NEC,2026,0,3,270,0,0,0,0,5,7.0,true,1,-3.585,-0.2150,1531,0.1,true,true
Duke::deisenhofermax,"Deisenhofer, Max",Duke,ACC,2026,1,4,360,0,0,0,0,8,8.0,true,3,-3.591,-0.1918,1693,0.2,true,true
San Francisco::joneslucas,"Jones, Lucas",San Francisco,West Coast,2026,1,4,270,0,0,0,0,6,8.0,true,2,-4.092,-0.2784,1693,0,true,true
Wright State::schultheisbenjamin,"Schultheis, Benjamin",Wright State,Horizon,2026,99,4,180,0,0,0,0,9,11.0,true,2,-4.518,-0.3790,1399,0,true,true
