player_key,player_name,team_id,jersey_number,games_played,minutes,goals,assists,shots,shots_on_goal,saves
indiana:aultpalmer,"Ault, Palmer",Indiana,10,19,1537,16,10,61,31,0
ncstate:phillipdonavan,"Phillip, Donavan",NC State,7,23,1483,19,2,82,44,0
ucla:solanssergi,"Solans, Sergi",UCLA,9,18,1446,16,6,55,31,0
uic:nysedouard,"Nys, Edouard",UIC,10,18,1523,16,5,99,49,0
westvirginia:caldeiramarcus,"Caldeira, Marcus",West Virginia,7,19,1371,14,7,57,30,0
hofstra:goddardlaurie,"Goddard, Laurie",Hofstra,27,17,1353,14,6,64,32,0
georgetown:zenguezach,"Zengue, Zach",Georgetown,19,19,1575,10,13,57,29,0
oregonstate:farnosarnau,"Farnos, Arnau",Oregon State,10,14,1237,12,9,60,26,0
delaware:stennermarius,"Stenner, Marius",Delaware,11,16,1207,11,9,53,25,0
ucf:ricollilian,"Ricol, Lilian",UCF,20,20,1451,13,4,50,29,0
grandcanyon:dioufjunior,"Diouf, Junior",Grand Canyon,9,14,1085,13,4,52,26,0
hofstra:burkodaniel,"Burko, Daniel",Hofstra,21,17,1465,12,5,50,31,0
georgetown:bakermitchell,"Baker, Mitchell",Georgetown,9,19,1345,13,3,65,35,0
washington:kosakoffcharlie,"Kosakoff, Charlie",Washington,9,24,1717,11,6,60,28,0
uncgreensboro:dovloenzo,"Dovlo, Enzo",UNC Greensboro,14,22,1679,10,8,65,33,0
akron:dobrijevicstefan,"Dobrijevic, Stefan",Akron,18,21,1475,8,12,51,22,0
ucf:awoudorclarence,"Awoudor, Clarence",UCF,10,20,1719,7,13,56,26,0
furman:hernandezdiego,"Hernandez, Diego",Furman,10,22,1572,9,9,45,15,0
highpoint:lugodaniel,"Lugo, Daniel",High Point,9,18,1093,11,5,39,23,0
smu:soghomonianstephan,"Soghomonian, Stephan",SMU,30,20,971,13,1,46,25,0
fau:diarramamadou,"Diarra, Mamadou",FAU,35,19,1271,9,8,31,15,0
sanjosestate:iniguezangel,"Iniguez, Angel",San Jose State,10,20,1670,9,7,47,17,0
sanjosestate:matshaziarnold,"Matshazi, Arnold",San Jose State,9,20,1543,12,1,41,20,0
denver:mcgowankyle,"McGowan, Kyle",Denver,17,22,1458,11,3,36,18,0
kansascity:francoujeremy,"Francou, Jeremy",Kansas City,11,19,1325,11,3,47,21,0
wakeforest:flaxcooper,"Flax, Cooper",Wake Forest,18,17,1133,9,7,28,13,0
bryant:amarojaime,"Amaro, Jaime",Bryant,27,21,1078,9,7,36,19,0
delaware:johnsonmikey,"Johnson, Mikey",Delaware,28,16,1041,11,3,53,26,0
washington:ramseyzach,"Ramsey, Zach",Washington,6,24,1855,8,8,44,20,0
uconn:brummettaustin,"Brummett, Austin",UConn,9,21,1578,10,4,40,18,0
uncgreensboro:tattevinarnaud,"Tattevin, Arnaud",UNC Greensboro,26,22,1407,11,2,44,19,0
clemson:gyanransford,"Gyan, Ransford",Clemson,10,17,1317,8,8,52,25,0
purduefortwayne:andersonshane,"Anderson, Shane",Purdue Fort Wayne,9,17,1309,9,6,70,28,0
saintpeters:streletim,"Strele, Tim",Saint Peter's,7,15,1248,12,0,34,18,0
virginia:simmondsnicholas,"Simmonds, Nicholas",Virginia,7,18,1221,10,4,46,16,0
universityofevansville:escuderoandres,"Escudero, Andres",University of Evansville,27,19,1104,11,2,33,20,0
northcarolina:abealnacho,"Abeal, Nacho",North Carolina,7,20,1581,7,9,51,26,0
maryland:maserekasadam,"Masereka, Sadam",Maryland,7,19,1508,9,5,45,19,0
westvirginia:pozospablo,"Pozos, Pablo",West Virginia,9,19,1104,10,3,35,23,0
olddominion:rourkelewis,"Rourke, Lewis",Old Dominion,12,18,1039,10,3,36,21,0
seattle:zuluagayeider,"Zuluaga, Yeider",Seattle,17,13,847,9,5,28,15,0
washington:amanrichie,"Aman, Richie",Washington,10,24,1956,4,14,34,15,0
wofford:simesnathan,"Simes, Nathan",Wofford,9,18,1476,8,6,51,31,0
southflorida:bozesanfabio,"Bozesan, Fabio",South Florida,9,17,1181,8,6,40,17,0
furman:bustamantewilfer,"Bustamante, Wilfer",Furman,17,22,1021,7,8,30,16,0
georgiasouthern:louisricky,"Louis, Ricky",Georgia Southern,17,18,1386,9,3,49,20,0
maryland:njikestephane,"Njike, Stephane",Maryland,77,19,1331,7,7,54,22,0
houstonchristian:okerayiryan,"Okerayi, Ryan",Houston Christian,24,18,1320,9,3,49,28,0
stbonaventure:hammondseth,"Hammond, Seth",St. Bonaventure,10,15,1311,7,7,46,17,0
gardnerwebb:kpardehsamson,"Kpardeh , Samson",Gardner-Webb,39,17,1307,9,3,56,29,0
vermont:ismaildavid,"Ismail, David",Vermont,13,17,1296,9,3,42,18,0
xavier:forcellinicooper,"Forcellini, Cooper",Xavier,10,15,1090,10,1,31,19,0
penn:cayellipatrick,"Cayelli, Patrick",Penn,10,14,984,8,5,38,22,0
fdu:rabassaguillamonarnau,"Rabassa Guillamon, Arnau",FDU,10,14,761,9,3,22,15,0
duke:hotkenan,"Hot, Kenan",Duke,23,19,1624,8,4,48,19,0
stjohns:gomesguilherme,"Gomes, Guilherme",St. John's,15,19,1503,9,2,31,17,0
stonybrook:oliverfinlay,"Oliver, Finlay",Stony Brook,19,19,1491,8,4,36,18,0
fau:mollerjensenoliver,"Moller-Jensen, Oliver",FAU,7,19,1256,7,6,44,18,0
californiabaptist:dagostinoblake,"D'Agostino, Blake",California Baptist,9,16,974,9,2,32,17,0
princeton:ittycheriadaniel,"Ittycheria, Daniel",Princeton,11,17,919,8,4,55,20,0
pittsburgh:vilamitjanaarnau,"Vilamitjana, Arnau",Pittsburgh,14,18,1455,8,3,35,13,0
sanfrancisco:raphaeldavid,"Raphael, David",San Francisco,98,16,1335,8,3,39,20,0
fordham:dippolitodaniel,"D'Ippolito, Daniel",Fordham,10,16,1327,5,9,48,19,0
utahtech:rogerstaylor,"Rogers, Taylor",Utah Tech,18,16,1193,7,5,20,10,0
purduefortwayne:topeteiann,"Topete, Iann",Purdue Fort Wayne,12,17,1178,8,3,43,25,0
sandiego:wagneriain,"Wagner, Iain",San Diego,13,17,1177,8,3,25,15,0
duke:arlottialessandro,"Arlotti, Alessandro",Duke,7,20,1171,7,5,37,16,0
dayton:sassineethan,"Sassine, Ethan",Dayton,9,17,1114,8,3,49,19,0
clemson:richmondnathan,"Richmond, Nathan",Clemson,25,17,1076,7,5,39,16,0
uscupstate:kaufmannoskar,"Kaufmann, Oskar",USC Upstate,7,15,1076,9,1,29,17,0
siena:almeidalucas,"Almeida, Lucas",Siena,7,14,1037,7,5,26,18,0
missouristate:shiraishifumiya,"Shiraishi, Fumiya",Missouri State,17,16,1027,8,3,38,17,0
gonzaga:pedersendrew,"Pedersen, Drew",Gonzaga,9,14,805,7,5,21,14,0
washington:hallalex,"Hall, Alex",Washington,7,24,1905,5,8,44,23,0
akron:romanjack,"Roman, Jack",Akron,23,21,1768,6,6,53,15,0
ncstate:healytaig,"Healy, Taig",NC State,10,23,1638,5,8,72,31,0
bryant:jianamamadi,"Jiana, Mamadi",Bryant,10,21,1582,7,4,54,25,0
dayton:bakkenmartin,"Bakken, Martin",Dayton,7,18,1582,8,2,40,17,0
sacredheart:garciagallegodavid,"Garcia Gallego, David",Sacred Heart,7,18,1575,5,8,47,13,0
quinnipiac:ryssdalsnessivert,"Ryssdalsnes, Sivert",Quinnipiac,6,18,1453,7,4,50,21,0
houstonchristian:reidjoby,"Reid, Joby",Houston Christian,14,19,1433,6,6,33,17,0
marist:evanskyle,"Evans, Kyle",Marist,10,15,1291,7,4,48,23,0
rutgers:schelbjoschi,"Schelb, Joschi",Rutgers,10,17,1290,7,4,55,22,0
fau:traoreaboubacar,"Traore, Aboubacar",FAU,18,19,1164,5,8,32,13,0
bellarmine:nissenliejohan,"Nissen-Lie, Johan",Bellarmine,11,15,937,9,0,47,21,0
fairfield:albrittonsean,"Albritton, Sean",Fairfield,23,16,738,9,0,35,17,0
delaware:monathrich,"Monath, Rich",Delaware,2,7,531,9,0,21,11,0
furman:dunhambraden,"Dunham, Braden",Furman,25,22,1963,7,3,24,12,0
sacredheart:morcilloivan,"Morcillo, Ivan",Sacred Heart,9,17,1157,8,1,38,23,0
georgemason:serenomartim,"Sereno, Martim",George Mason,28,14,1108,6,5,30,14,0
california:lukicluka,"Lukic, Luka",California,7,18,1063,8,1,41,21,0
georgiasouthern:seedorffemil,"Seedorff, Emil",Georgia Southern,20,17,868,7,3,20,12,0
sandiego:ramirezsteven,"Ramirez, Steven",San Diego,9,17,808,8,1,32,19,0
davidsoncollege:culleymyles,"Culley, Myles",Davidson College,7,19,775,7,3,27,12,0
wakeforest:lorentztate,"Lorentz, Tate",Wake Forest,32,17,760,6,5,17,7,0
robertmorris:hadrananass,"Hadran, Anass",Robert Morris,10,17,1374,6,4,22,12,0
elon:kozakmartin,"Kozak, Martin",Elon,20,17,1344,4,8,27,15,0
monmouth:friedmanjakob,"Friedman, Jakob",Monmouth,11,16,1343,4,8,38,20,0
maryland:ndrenikaalbi,"Ndrenika, Albi",Maryland,8,19,1263,4,8,31,14,0
uconn:saundersbalthazar,"Saunders, Balthazar",UConn,11,21,1260,5,6,45,20,0
sacredheart:istamboulidanny,"Istambouli, Danny",Sacred Heart,11,17,1234,6,4,25,12,0
clemson:yoshizawamisei,"Yoshizawa, Misei",Clemson,11,17,1231,6,4,31,13,0
iona:maneiroalvaro,"Maneiro, Alvaro",Iona,10,17,1227,7,2,52,26,0
ucirvine:gonzalezlopezmisael,"Gonzalez Lopez, Misael",UC Irvine,10,21,1165,7,2,45,16,0
princeton:hormozibardia,"Hormozi, Bardia",Princeton,14,17,1138,6,4,58,22,0
westernillinois:gaineyliam,"Gainey, Liam",Western Illinois,9,16,1069,7,2,34,19,0
akron:agunbiaderemi,"Agunbiade, Remi",Akron,13,21,1009,7,2,30,15,0
smu:lopezmilton,"Lopez, Milton",SMU,19,20,997,7,2,32,14,0
ucsantabarbara:fofanahbuba,"Fofanah, Buba",UC Santa Barbara,7,20,992,7,2,36,14,0
mercer:casillasjunior,"Casillas, Junior",Mercer,10,18,976,6,4,25,10,0
georgiastate:djehasamir,"Djeha, Samir",Georgia State,21,15,934,6,4,31,20,0
georgemason:sanfeliujacobo,"Sanfeliu, Jacobo",George Mason,7,14,898,7,2,36,14,0
oregonstate:cortijofran,"Cortijo, Fran",Oregon State,3,14,891,6,4,30,16,0
creighton:arillamiguel,"Arilla, Miguel",Creighton,7,16,825,6,4,37,17,0
charlotte:arsvollelias,"Arsvoll, Elias",Charlotte,32,15,668,6,4,16,10,0
bostoncollege:hankentjostheimjohannes,"Hanken Tjostheim, Johannes",Boston College,77,17,544,8,0,20,14,0
lehigh:zizzagiacomo,"Zizza, Giacomo",Lehigh,10,19,1542,3,9,47,20,0
uncgreensboro:hernandezsteven,"Hernandez, Steven",UNC Greensboro,11,22,1460,5,5,32,14,0
calstatefullerton:delatorrejose,"de la Torre, Jose",Cal State Fullerton,10,19,1454,4,7,72,23,0
uic:turciosdarrell,"Turcios, Darrell",UIC,8,18,1419,5,5,21,10,0
fairfield:gerbercameron,"Gerber, Cameron",Fairfield,12,18,1400,3,9,29,12,0
gardnerwebb:lyonsrobbie,"Lyons, Robbie",Gardner-Webb,10,18,1342,5,5,43,14,0
uncasheville:mendesrodrigo,"Mendes, Rodrigo",UNC Asheville,37,16,1275,5,5,40,20,0
fordham:langdaniel,"Lang, Daniel",Fordham,26,17,1265,6,3,28,14,0
coastalcarolina:klaasenloed,"Klaasen, Loed",Coastal Carolina,8,14,1193,4,7,30,11,0
southflorida:nyagurungobrandon,"Nyagurungo, Brandon",South Florida,11,17,1193,6,3,23,13,0
bucknell:roskosdrew,"Roskos, Drew",Bucknell,3,16,1145,7,1,46,22,0
marshall:rombergcarl,"Romberg, Carl",Marshall,23,21,1108,5,5,30,18,0
umbc:gehobrady,"Geho, Brady",UMBC,7,17,1081,7,1,45,20,0
holycross:hatcherarchie,"Hatcher, Archie",Holy Cross,9,15,1025,6,3,35,18,0
northcarolina:brackenserragabriel,"Bracken Serra, Gabriel",North Carolina,29,20,1023,5,5,23,9,0
longwood:bedollabrando,"Bedolla, Brando",Longwood,10,13,1021,5,5,30,13,0
michigan:ramirezmichael,"Ramirez, Michael",Michigan,11,19,949,5,5,14,8,0
belmontuniversity:kiperbrock,"Kiper, Brock",Belmont University,19,16,942,6,3,25,13,0
stanford:islamtrevor,"Islam, Trevor",Stanford,27,19,940,6,3,32,19,0
manhattan:fagerbergwilliam,"Fagerberg, William",Manhattan,7,14,922,7,1,39,19,0
greenbay:walkerkeegan,"Walker, Keegan",Green Bay,14,14,922,6,3,31,14,0
setonhall:lejbowiczmikkel,"Lejbowicz, Mikkel",Seton Hall,24,19,822,7,1,36,15,0
lindenwood:bartoniluca,"Bartoni, Luca",Lindenwood,11,14,821,6,3,22,14,0
cornell:zapatasergio,"Zapata, Sergio",Cornell,15,19,758,5,5,24,14,0
lafayette:dishnicasamir,"Dishnica, Samir",Lafayette,10,21,1724,6,2,59,25,0
wofford:rahbeckkalle,"Rahbeck, Kalle",Wofford,12,19,1604,4,6,36,14,0
indiana:odurocollins,"Oduro, Collins",Indiana,11,19,1545,4,6,48,9,0
saintjosephs:mazzottamatteo,"Mazzotta, Matteo",Saint Joseph's,16,18,1486,6,2,24,11,0
ucdavis:goodmancason,"Goodman, Cason",UC Davis,15,18,1446,5,4,48,20,0
liberty:connehleo,"Conneh, Leo",Liberty,11,19,1374,6,2,37,16,0
virginia:pelumberto,"Pelà, Umberto",Virginia,6,16,1352,4,6,13,8,0
denver:kellykeegan,"Kelly, Keegan",Denver,18,22,1212,5,4,32,15,0
duke:bjornssonulfur,"Bjornsson, Ulfur",Duke,9,20,1208,5,4,56,20,0
ucf:ngoubouclaudel,"N'goubou, Claudel",UCF,9,19,1202,4,6,29,14,0
bowlinggreen:terrytrace,"Terry, Trace",Bowling Green,21,13,1165,7,0,38,18,0
uconn:holmescharlie,"Holmes, Charlie",UConn,18,21,1161,5,4,14,8,0
uscupstate:takawirajrvitalis,"Takawira Jr, Vitalis",USC Upstate,98,15,1105,3,8,21,9,0
bostoncollege:ekelandask,"Ekeland, Ask",Boston College,7,17,1088,5,4,46,14,0
virginiatech:quilldeclan,"Quill, Declan",Virginia Tech,7,16,1053,5,4,43,20,0
smu:emmanuelmukisa,"Emmanuel, Mukisa",SMU,20,20,1048,6,2,39,20,0
highpoint:kruegerbrendan,"Krueger, Brendan",High Point,8,17,1042,4,6,18,8,0
campbell:robertsethan,"Roberts, Ethan",Campbell,28,15,924,6,2,26,13,0
utahvalley:emojongisaac,"Emojong, Isaac",Utah Valley,23,14,913,6,2,41,20,0
vermont:kisselmaximilian,"Kissel, Maximilian",Vermont,9,15,884,5,4,29,14,0
harvard:savvaandreas,"Savva, Andreas",Harvard,11,17,869,4,6,33,14,0
radford:akimotokenshin,"Akimoto, Kenshin",Radford,14,17,867,6,2,21,12,0
maryland:ritaritarocket,"Ritarita, Rocket",Maryland,23,19,604,4,6,16,10,0
virginiatech:traustasondagur,"Traustason, Dagur",Virginia Tech,13,12,561,7,0,17,12,0
ncstate:moloneyriley,"Moloney, Riley",NC State,3,23,1909,2,9,25,11,0
northcarolina:nikolailuca,"Nikolai, Luca",North Carolina,13,20,1785,3,7,55,15,0
stanford:bankfletcher,"Bank, Fletcher",Stanford,7,21,1621,4,5,42,18,0
denver:willoughbybryce,"Willoughby, Bryce",Denver,34,22,1613,4,5,29,12,0
houstonchristian:herreradalessandro,"Herrera, D'Alessandro",Houston Christian,99,19,1599,5,3,41,15,0
stanford:bohanezach,"Bohane, Zach",Stanford,10,20,1555,5,3,65,25,0
bryant:fernandezpaco,"Fernandez, Paco",Bryant,16,21,1453,5,3,27,14,0
stonybrook:fleuryalex,"Fleury, Alex",Stony Brook,21,19,1439,3,7,35,14,0
cornell:carnevalewestin,"Carnevale, Westin",Cornell,23,19,1428,5,3,35,14,0
pacific:baltzerluca,"Baltzer, Luca",Pacific,10,16,1387,4,5,16,9,0
northwestern:sucheckijoe,"Suchecki, Joe",Northwestern,8,17,1386,4,5,41,18,0
michigan:mitrovicmitar,"Mitrovic, Mitar",Michigan,8,20,1314,5,3,28,15,0
ucsantabarbara:siebenlistzac,"Siebenlist, Zac",UC Santa Barbara,33,22,1295,5,3,35,20,0
newhampshire:khodrielias,"Khodri, Elias",New Hampshire,9,17,1292,6,1,47,29,0
manhattan:hamiltonhenry,"Hamilton, Henry",Manhattan,10,16,1274,3,7,15,9,0
bryant:rodriguezfermin,"Rodriguez, Fermin",Bryant,19,21,1234,4,5,24,13,0
villanova:nyenkasam,"Nyenka, Sam",Villanova,11,19,1224,5,3,20,13,0
westvirginia:scheerisaac,"Scheer, Isaac",West Virginia,21,19,1218,3,7,17,8,0
memphis:chaoukisaad,"Chaouki, Saad",Memphis,14,15,1209,6,1,19,12,0
american:elgersmatroy,"Elgersma, Troy",American,30,15,1174,6,1,24,12,0
fgcu:oliveiracaio,"Oliveira, Caio",FGCU,7,15,1166,5,3,24,13,0
lemoynecollege:paganofrancesco,"Pagano, Francesco",Le Moyne College,9,16,1125,6,1,34,18,0
kentucky:chisolmisaiah,"Chisolm, Isaiah",Kentucky,9,16,1117,6,1,26,12,0
syracuse:zambranocarlos,"Zambrano, Carlos",Syracuse,10,20,1074,5,3,42,18,0
bostonuniversity:gillethan,"Gill, Ethan",Boston University,11,17,1053,6,1,26,14,0
dayton:armstrongandrew,"Armstrong, Andrew",Dayton,22,18,1044,4,5,39,15,0
bellarmine:harshawnick,"Harshaw, Nick",Bellarmine,29,15,1040,4,5,15,9,0
sanfrancisco:beasonbrayden,"Beason, Brayden",San Francisco,9,16,1035,6,1,35,14,0
iona:sjobergcalle,"Sjoberg, Calle",Iona,8,17,1007,3,7,22,9,0
umass:cencematt,"Cence, Matt",UMass,9,12,979,4,5,29,14,0
stonybrook:farrryan,"Farr, Ryan",Stony Brook,29,19,955,5,3,27,20,0
presbyterian:kalalairagi,"Kalala, Iragi",Presbyterian,7,17,953,6,1,18,12,0
clevelandstate:rameesuzman,"Ramees, Uzman",Cleveland State,30,18,936,4,5,24,12,0
liberty:farnersam,"Farner, Sam",Liberty,9,17,913,5,3,22,13,0
army:desimonejack,"De Simone, Jack",Army,19,19,890,6,1,21,12,0
campbell:wrightmarco,"Wright, Marco",Campbell,7,15,888,5,3,25,12,0
charlotte:krioutchenkovdenis,"Krioutchenkov, Denis",Charlotte,9,15,861,6,1,49,25,0
providence:montaltosam,"Montalto, Sam",Providence,18,16,813,5,3,17,11,0
rutgers:karstendan,"Karsten, Dan",Rutgers,11,16,795,5,3,14,9,0
lehigh:robertsonthomas,"Robertson, Thomas",Lehigh,11,19,795,6,1,22,12,0
coastalcarolina:lopezangel,"Lopez, Angel",Coastal Carolina,9,14,783,5,3,19,8,0
bostonuniversity:petricapharis,"Petrica, Pharis",Boston University,13,17,759,3,7,21,9,0
marshall:robertojoao,"Roberto, Joao",Marshall,12,20,738,5,3,29,15,0
harvard:telladodylan,"Tellado, Dylan",Harvard,7,15,716,5,3,23,14,0
northflorida:graniturluc,"Granitur, Luc",North Florida,11,15,704,6,1,22,11,0
ohiostate:borkovicmarko,"Borkovic, Marko",Ohio State,7,14,563,5,3,27,16,0
ucla:georgallideskonstantinos,"Georgallides, Konstantinos",UCLA,10,17,535,5,3,19,9,0
harvard:poliakovadam,"Poliakov, Adam",Harvard,17,14,441,6,1,20,9,0
umass:mbuthiajohnpaul,"Mbuthia, John Paul",UMass,14,9,420,6,1,12,8,0
northcarolina:klinkdan,"Klink, Dan",North Carolina,9,20,389,6,1,20,11,0
northflorida:romanomark,"Romano, Mark",North Florida,18,13,189,4,5,15,9,0
saintlouis:blairquinten,"Blair, Quinten",Saint Louis,4,22,1989,6,0,13,8,0
furman:hutzellluke,"Hutzell, Luke",Furman,6,22,1820,4,4,28,8,0
westernmichigan:arpachindabraxton,"Arpachinda, Braxton",Western Michigan,2,21,1793,4,4,28,13,0
sanjosestate:riveragilberto,"Rivera, Gilberto",San Jose State,6,19,1649,2,8,39,14,0
setonhall:kauschketil,"Kauschke, Til",Seton Hall,13,19,1600,4,4,32,14,0
cornell:millerconnor,"Miller, Connor",Cornell,35,19,1559,4,4,33,14,0
highpoint:amayajefferson,"Amaya, Jefferson",High Point,4,17,1321,4,4,32,13,0
calstatefullerton:carlosmario,"Carlos, Mario",Cal State Fullerton,7,18,1306,6,0,53,21,0
wisconsin:zachemskimatthew,"Zachemski, Matthew",Wisconsin,8,16,1274,5,2,9,6,0
universityofevansville:shepherddevin,"Shepherd, Devin",University of Evansville,2,19,1227,5,2,25,13,0
butler:benitezaiden,"Benitez, Aiden",Butler,13,17,1182,4,4,28,11,0
hofstra:campisistefano,"Campisi, Stefano",Hofstra,8,17,1138,1,10,21,5,0
northwestern:oreillyaaron,"O'Reilly, Aaron",Northwestern,18,17,1122,5,2,30,11,0
rhodeisland:harristheo,"Harris, Theo",Rhode Island,18,17,1095,5,2,28,12,0
furman:reidryan,"Reid, Ryan",Furman,20,22,1078,4,4,22,9,0
rhodeisland:vojvodickyler,"Vojvodic, Kyler",Rhode Island,7,16,1042,5,2,36,12,0
manhattan:rodriguezmartin,"Rodriguez, Martin",Manhattan,14,15,1040,4,4,20,13,0
harvard:kellyben,"Kelly, Ben",Harvard,8,16,1002,3,6,19,6,0
clemson:musahwahabu,"Musah, Wahabu",Clemson,7,15,989,6,0,36,13,0
duquesne:ervinjaxon,"Ervin, Jaxon",Duquesne,17,16,986,5,2,20,10,0
michigan:elmquistgrayson,"Elmquist, Grayson",Michigan,9,19,975,6,0,36,13,0
iona:morandichris,"Morandi, Chris",Iona,15,17,970,3,6,27,12,0
ucf:thiawmalick,"Thiaw, Malick",UCF,7,20,960,3,6,17,7,0
marquette:pendletonnico,"Pendleton, Nico",Marquette,10,16,935,4,4,40,15,0
wisconsin:raimbaultthomas,"Raimbault, Thomas",Wisconsin,20,16,890,3,6,18,6,0
greenbay:albumchris,"Album, Chris",Green Bay,9,13,882,6,0,31,12,0
californiabaptist:jonesliam,"Jones , Liam",California Baptist,17,15,877,5,2,52,16,0
duke:dambrosioleonardo,"D'Ambrosio, Leonardo",Duke,11,20,788,4,4,26,11,0
gardnerwebb:orrjaylen,"Orr, Jaylen",Gardner-Webb,26,17,717,5,2,16,11,0
american:sowemustapha,"Sowe, Mustapha",American,10,15,713,5,2,23,16,0
highpoint:adaganiprosper,"Adagani, Prosper",High Point,14,18,705,5,2,22,11,0
stetson:pallzsombor,"Pall, Zsombor",Stetson,11,14,629,6,0,13,7,0
delaware:giordanocharles,"Giordano, Charles",Delaware,21,16,602,4,4,20,12,0
kansascity:kistmannraphael,"Kistmann, Raphael",Kansas City,20,18,586,5,2,20,9,0
stanford:tenconigradillasalfonso,"Tenconi-Gradillas, Alfonso",Stanford,11,21,1847,5,1,28,11,0
stanford:clearywill,"Cleary, Will",Stanford,15,21,1821,4,3,29,11,0
westernmichigan:stoutjonathan,"Stout, Jonathan",Western Michigan,22,22,1812,5,1,41,15,0
notredame:fergusonmitch,"Ferguson, Mitch",Notre Dame,2,18,1620,5,1,23,10,0
princeton:jasinskijack,"Jasinski, Jack",Princeton,10,17,1464,3,5,20,9,0
mountstmarys:dougaldgraham,"Dougald, Graham",Mount St. Mary's,10,16,1418,5,1,28,11,0
ncstate:lovelacedrew,"Lovelace, Drew",NC State,22,23,1388,5,1,36,14,0
uconn:hannisabri,"Hanni, Sabri",UConn,10,21,1299,3,5,39,13,0
saintmarys:toelhoejbastian,"Toelhoej, Bastian",Saint Mary's,6,16,1296,5,1,26,13,0
ncstate:mcleanjustin,"McLean, Justin",NC State,8,23,1295,3,5,52,14,0
denver:schultzluke,"Schultz, Luke",Denver,14,22,1248,3,5,22,11,0
clevelandstate:armendarizpeleg,"Armendariz, Peleg",Cleveland State,7,17,1246,5,1,42,14,0
drexel:worsfoldgreggmorgan,"Worsfold-Gregg, Morgan",Drexel,8,15,1237,3,5,12,8,0
villanova:lahrsenfynn,"Lahrsen, Fynn",Villanova,29,19,1237,5,1,33,15,0
milwaukee:gongoraangel,"Gongora, Angel",Milwaukee,6,15,1189,4,3,16,8,0
ucirvine:lyonsgage,"Lyons, Gage",UC Irvine,11,21,1138,5,1,35,12,0
marist:iannelloadriano,"Iannello, Adriano",Marist,21,15,1138,3,5,23,12,0
clevelandstate:correiamatteo,"Correia, Matteo",Cleveland State,16,17,1137,4,3,23,10,0
memphis:mcintyreeben,"McIntyre, Eben",Memphis,10,15,1136,3,5,16,8,0
ncstate:payneaidan,"Payne, Aidan",NC State,15,23,1133,3,5,38,19,0
virginia:dossantosmarco,"Dos Santos, Marco",Virginia,21,18,1111,1,9,22,8,0
siena:piedeleumartin,"Piedeleu, Martin",Siena,8,14,1111,3,5,33,13,0
bucknell:lucasjack,"Lucas, Jack",Bucknell,11,16,1093,4,3,32,13,0
providence:rosabruno,"Rosa, Bruno",Providence,7,16,1083,4,3,32,17,0
marist:verheulgijs,"Verheul, Gijs",Marist,4,13,1055,5,1,31,16,0
elon:renzdominik,"Renz, Dominik",Elon,11,17,1050,4,3,15,9,0
liberty:lifferthzach,"Lifferth, Zach",Liberty,23,19,1034,5,1,34,14,0
lehigh:gonzalezaiden,"Gonzalez, Aiden",Lehigh,30,18,1024,4,3,20,7,0
etsu:carrillojaime,"Carrillo, Jaime",ETSU,29,14,1022,5,1,27,13,0
uncasheville:hardarsonarnor,"Hardarson, Arnor",UNC Asheville,11,16,1010,4,3,8,5,0
fdu:nishidetakuto,"Nishide, Takuto",FDU,7,14,1004,3,5,17,5,0
highpoint:baafialfred,"Baafi, Alfred",High Point,18,18,1003,3,5,24,11,0
liu:stainrodjack,"Stainrod, Jack",LIU,7,12,996,2,7,26,13,0
northeastern:flowersbryce,"Flowers, Bryce",Northeastern,11,15,993,5,1,30,13,0
coastalcarolina:larmondjaland,"Larmond, Jaland",Coastal Carolina,17,14,984,4,3,19,7,0
fgcu:murguiaedson,"Murguia, Edson",FGCU,10,15,982,4,3,19,10,0
pennstate:madoreben,"Madore, Ben",Penn State,21,17,981,5,1,28,12,0
stonybrook:danquahcaleb,"Danquah, Caleb",Stony Brook,10,19,980,4,3,37,19,0
siue:howardevan,"Howard, Evan",SIUE,9,12,977,5,1,37,16,0
fiu:mustreeduardo,"Mustre, Eduardo",FIU,9,14,969,5,1,30,8,0
northwestern:rieszpeter,"Riesz, Peter",Northwestern,16,16,955,4,3,27,13,0
bostonuniversity:diblasioandrea,"Di Blasio, Andrea",Boston University,7,17,953,5,1,33,15,0
wakeforest:umarbasit,"Umar, Basit",Wake Forest,22,17,946,4,3,24,9,0
georgetown:ponceocampomateo,"Ponce Ocampo, Mateo",Georgetown,10,19,932,3,5,31,13,0
bryant:pitarchbayotmarc,"Pitarch Bayot, Marc",Bryant,22,17,930,3,5,18,7,0
utahtech:nielsendunes,"Nielsen, Dunes",Utah Tech,21,13,903,5,1,29,16,0
vermont:millarandrew,"Millar, Andrew",Vermont,7,18,896,3,5,12,6,0
oregonstate:neenico,"Nee, Nico",Oregon State,9,14,849,3,5,16,9,0
wofford:metteedeclan,"Mettee, Declan",Wofford,16,19,837,5,1,23,9,0
maryland:picottojosephumberto,"Picotto, Joseph Umberto",Maryland,10,18,829,2,7,19,10,0
howard:kabandaniil,"Kaban, Daniil",Howard,33,14,819,5,1,19,9,0
fau:zettlsebastian,"Zettl, Sebastian",FAU,23,19,788,4,3,15,6,0
cornell:schabanadam,"Schaban, Adam",Cornell,17,17,759,4,3,33,12,0
southflorida:belmudesjoatildeo,"Belmudes, Jo&atilde;o",South Florida,10,12,735,4,3,22,10,0
milwaukee:zunigadominic,"Zuniga, Dominic",Milwaukee,14,13,723,3,5,16,6,0
loyolachicago:pintoantonio,"Pinto, Antonio",Loyola Chicago,9,14,678,4,3,18,6,0
northflorida:reinhardtjaxon,"Reinhardt, Jaxon",North Florida,19,15,626,5,1,18,10,0
californiabaptist:marthtizian,"Marth, Tizian",California Baptist,16,16,608,3,5,17,9,0
ucla:rocheoliver,"Roche, Oliver",UCLA,11,19,589,5,1,17,8,0
georgiastate:taylormatthew,"Taylor, Matthew",Georgia State,32,12,543,5,1,15,10,0
ualbany:gissurarsonivarorri,"Gissurarson, Ivar Orri",UAlbany,7,7,538,5,1,18,11,0
portland:highfieldjoe,"Highfield, Joe",Portland,7,6,451,5,1,15,8,0
washington:lofyconnor,"Lofy, Connor",Washington,26,24,2083,4,2,23,14,0
washington:bertosharrison,"Bertos, Harrison",Washington,3,23,1982,5,0,14,9,0
smu:brunetcharlesemile,"Brunet, Charles-Emile",SMU,8,20,1708,2,6,40,12,0
cornell:martinaidan,"Martin, Aidan",Cornell,3,19,1671,2,6,23,6,0
syracuse:omezechimere,"Omeze, Chimere",Syracuse,2,20,1415,4,2,23,7,0
westernillinois:gagnonxavier,"Gagnon, Xavier",Western Illinois,12,18,1413,4,2,29,15,0
mercyhurst:silvaalvar,"Silva, Alvar",Mercyhurst,10,16,1395,2,6,27,9,0
rhodeisland:barriguinhatiago,"Barriguinha, Tiago",Rhode Island,8,17,1299,3,4,11,6,0
radford:iwaihiromasa,"Iwai, Hiromasa",Radford,10,17,1298,3,4,14,9,0
northcarolina:rygaardhansenbertil,"Rygaard Hansen, Bertil",North Carolina,19,20,1284,3,4,35,16,0
stbonaventure:macfarlanekyle,"Macfarlane, Kyle",St. Bonaventure,22,15,1270,4,2,21,13,0
uic:nevarezcarlos,"Nevarez, Carlos",UIC,21,17,1267,2,6,27,10,0
michiganstate:merrittmiles,"Merritt, Miles",Michigan State,8,16,1230,4,2,17,6,0
sandiego:bahenacesar,"Bahena, Cesar",San Diego,11,17,1200,3,4,43,15,0
calstatefullerton:valenzuelafernando,"Valenzuela, Fernando",Cal State Fullerton,11,19,1198,4,2,21,10,0
delaware:jeffreysfreddy,"Jeffreys, Freddy",Delaware,18,15,1198,1,8,21,10,0
notredame:borsowyatt,"Borso, Wyatt",Notre Dame,9,18,1180,5,0,34,12,0
oregonstate:degannesandrew,"De Gannes, Andrew",Oregon State,12,14,1175,2,6,14,5,0
ucla:naefphilip,"Naef, Philip",UCLA,7,19,1157,0,10,12,5,0
army:bamgbalajubril,"Bamgbala, Jubril",Army,10,18,1157,5,0,39,17,0
rideruniversity:csatoxavi,"Csato, Xavi",Rider University,16,16,1148,3,4,28,14,0
northwestern:martinezsantamariaalejandro,"Martinez Santamaria, Alejandro",Northwestern,17,17,1142,2,6,22,10,0
grandcanyon:fallbenassane,"Fall, Ben Assane",Grand Canyon,18,14,1127,3,4,18,7,0
michiganstate:soudanpeter,"Soudan, Peter",Michigan State,17,16,1121,3,4,28,9,0
bowlinggreen:painterbennett,"Painter, Bennett",Bowling Green,12,13,1118,4,2,24,11,0
vermont:zellefrowryan,"Zellefrow, Ryan",Vermont,27,18,1096,3,4,17,7,0
california:zalayetmalcolm,"Zalayet, Malcolm",California,27,18,1070,4,2,32,14,0
stjohns:thomeliergabin,"Thomelier, Gabin",St. John's,9,19,1059,2,6,22,5,0
creighton:reedmatthew,"Reed, Matthew",Creighton,2,16,1046,3,4,10,6,0
robertmorris:rahamimroyie,"Rahamim, Royie",Robert Morris,25,17,1013,4,2,22,11,0
marist:verheulchris,"Verheul, Chris",Marist,9,14,1000,4,2,26,11,0
highpoint:blondelcelestin,"Blondel, Celestin",High Point,19,17,998,2,6,20,7,0
rutgers:kitchandrew,"Kitch, Andrew",Rutgers,9,17,982,3,4,30,17,0
marquette:stokamateo,"Stoka, Mateo",Marquette,6,16,970,3,4,15,9,0
kentucky:ruizalex,"Ruiz, Alex",Kentucky,14,14,959,4,2,18,7,0
charleston:lenertmatt,"Lenert, Matt",Charleston,11,14,955,5,0,29,14,0
gonzaga:morarobbie,"Mora, Robbie",Gonzaga,32,14,949,5,0,15,9,0
siena:stalkercampbell,"Stalker, Campbell",Siena,12,14,943,4,2,16,8,0
wisconsin:hrvojevicmarkie,"Hrvojevic, Markie",Wisconsin,9,15,937,3,4,17,8,0
robertmorris:bejaranojack,"Bejarano, Jack",Robert Morris,16,16,904,3,4,19,9,0
utahvalley:poguenoah,"Pogue, Noah",Utah Valley,15,13,845,4,2,22,6,0
gardnerwebb:ochiengjavan,"Ochieng, Javan",Gardner-Webb,13,18,843,4,2,28,9,0
indiana:fedrizzijacopo,"Fedrizzi, Jacopo",Indiana,7,19,841,3,4,21,10,0
fairfield:vazalex,"Vaz, Alex",Fairfield,16,12,838,5,0,23,9,0
olddominion:lanejake,"Lane, Jake",Old Dominion,13,17,832,4,2,14,7,0
oralroberts:cazaresemilio,"Cazares, Emilio",Oral Roberts,11,16,803,3,4,23,10,0
oakland:allostim,"Allos, Tim",Oakland,23,16,797,5,0,22,12,0
uconn:alessiopreston,"Alessio, Preston",UConn,23,21,793,3,4,15,6,0
uab:rizzolucas,"Rizzo, Lucas",UAB,17,15,714,5,0,20,8,0
providence:ventrellaangelo,"Ventrella, Angelo",Providence,20,16,707,5,0,15,12,0
highpoint:niblockchris,"Niblock, Chris",High Point,7,17,674,4,2,16,11,0
calstatefullerton:gradoulises,"Grado, Ulises",Cal State Fullerton,23,16,654,5,0,35,13,0
kansascity:muttittwade,"Muttitt, Wade",Kansas City,27,19,653,4,2,25,11,0
memphis:lashleemiller,"Lashlee, Miller",Memphis,7,15,631,5,0,23,11,0
fordham:kisseemile,"Kisse, Emile",Fordham,9,14,624,4,2,32,16,0
duquesne:jonkedakota,"Jonke, Dakota",Duquesne,9,16,618,4,2,24,10,0
utahvalley:graunil,"Grau, Nil",Utah Valley,9,10,615,4,2,22,9,0
olddominion:kryazhevalex,"Kryazhev, Alex",Old Dominion,9,14,587,2,6,20,10,0
michigan:rogersquin,"Rogers, Quin",Michigan,6,20,554,5,0,13,6,0
pennstate:danielsonvan,"Danielson, Van",Penn State,22,17,517,4,2,18,11,0
northflorida:netogeraldo,"Neto, Geraldo",North Florida,9,15,504,5,0,12,10,0
maryland:vanheukelumluke,"van Heukelum, Luke",Maryland,44,19,482,4,2,13,6,0
uncwilmington:acevedochristian,"Acevedo, Christian",UNC Wilmington,24,15,451,5,0,13,7,0
uic:khourysebastian,"Khoury, Sebastian",UIC,22,13,446,3,4,15,9,0
marquette:konradhorgienmads,"Konrad Horgøien, Mads",Marquette,28,9,335,5,0,9,7,0
washington:dalejoe,"Dale, Joe",Washington,14,24,1736,2,5,35,14,0
uconn:tomeriusnicolas,"Tomerius, Nicolas",UConn,7,21,1721,2,5,17,5,0
uconn:lajharayoub,"Lajhar, Ayoub",UConn,19,21,1686,1,7,10,5,0
setonhall:reschagustin,"Resch, Agustin",Seton Hall,5,19,1673,3,3,17,8,0
stonybrook:orsonjamie,"Orson, Jamie",Stony Brook,23,19,1665,4,1,14,8,0
ucirvine:babineautravis,"Babineau, Travis",UC Irvine,2,21,1617,2,5,19,9,0
saintjosephs:rossettotommaso,"Rossetto, Tommaso",Saint Joseph's,19,18,1571,3,3,51,18,0
uncgreensboro:harunaissah,"Haruna, Issah",UNC Greensboro,18,21,1567,2,5,35,14,0
virginia:devicentejesus,"De Vicente, Jesus",Virginia,3,18,1558,1,7,31,9,0
stanford:pymmjack,"Pymm, Jack",Stanford,18,21,1481,4,1,40,9,0
tulsa:aguilarjared,"Aguilar, Jared",Tulsa,6,18,1476,2,5,29,13,0
fairfield:piercewilliam,"Pierce, William",Fairfield,10,18,1473,3,3,31,10,0
stonehillcollege:burkeowen,"Burke, Owen",Stonehill College,8,17,1356,3,3,37,17,0
southflorida:richardsontyler,"Richardson, Tyler",South Florida,13,17,1348,3,3,16,9,0
iona:hollenstedstormschmidt,"Hollensted, Storm Schmidt",Iona,6,17,1340,3,3,12,5,0
kansascity:outmanbryce,"Outman, Bryce",Kansas City,29,19,1322,2,5,20,11,0
saintlouis:francatheo,"Franca, Theo",Saint Louis,18,22,1318,4,1,26,17,0
westernmichigan:yessensahel,"Yessen, Sahel",Western Michigan,15,21,1287,3,3,37,17,0
pennstate:grabfeldercaden,"Grabfelder, Caden",Penn State,11,17,1285,2,5,32,12,0
notredame:spicernolan,"Spicer, Nolan",Notre Dame,22,18,1279,1,7,13,3,0
californiabaptist:charalampousstavros,"Charalampous, Stavros",California Baptist,8,16,1273,4,1,18,6,0
michiganstate:ludwigrichie,"Ludwig, Richie",Michigan State,10,16,1270,4,1,20,8,0
ucsantabarbara:standishkaden,"Standish, Kaden",UC Santa Barbara,11,20,1257,3,3,39,12,0
sandiegostate:engmannchristian,"Engmann, Christian",San Diego State,2,16,1255,4,1,12,6,0
pittsburgh:thorsenalbert,"Thorsen, Albert",Pittsburgh,9,18,1254,3,3,25,13,0
ucdavis:lillingtonzack,"Lillington, Zack",UC Davis,23,17,1252,3,3,59,24,0
wofford:byronsamuel,"Byron, Samuel",Wofford,27,19,1243,3,3,20,7,0
liberty:kellylucas,"Kelly, Lucas",Liberty,3,16,1240,4,1,14,9,0
stonehillcollege:fonsecashane,"Fonseca, Shane",Stonehill College,5,17,1226,4,1,39,25,0
georgemason:eliudajames,"Eliuda, James",George Mason,8,14,1206,3,3,22,6,0
oakland:bilousandriy,"Bilous, Andriy",Oakland,27,17,1205,3,3,28,8,0
michigan:cassidaynicholas,"Cassiday, Nicholas",Michigan,12,20,1182,2,5,33,12,0
marshall:pintorai,"Pinto, Rai",Marshall,31,21,1170,4,1,17,8,0
ucirvine:pourshahidiagaton,"Pourshahidi, Agaton",UC Irvine,9,20,1163,4,1,26,10,0
quinnipiac:holumwilliam,"Holum, William",Quinnipiac,7,18,1144,4,1,20,13,0
georgetown:vieramax,"Viera, Max",Georgetown,7,19,1134,3,3,22,8,0
umbc:schisslerricky,"Schissler, Ricky",UMBC,2,17,1127,4,1,13,7,0
providence:abbeyian,"Abbey, Ian",Providence,11,16,1101,3,3,39,17,0
maryland:koehlleon,"Koehl, Leon",Maryland,6,19,1100,3,3,18,6,0
stthomas:lakhlifiyanis,"Lakhlifi, Yanis",St. Thomas,7,15,1093,4,1,29,12,0
uscupstate:kellyoscar,"Kelly, Oscar",USC Upstate,9,15,1082,3,3,19,8,0
wrightstate:hutchinsonhenry,"Hutchinson, Henry",Wright State,26,15,1080,4,1,26,9,0
centralarkansas:richardsdevonte,"Richards, Devonte",Central Arkansas,10,14,1074,4,1,29,12,0
virginiatech:perezalex,"Perez, Alex",Virginia Tech,9,16,1071,2,5,21,6,0
brown:amarallorenzo,"Amaral, Lorenzo",Brown,10,14,1057,2,5,36,13,0
westvirginia:dekeldaksethan,"Dekel Daks, Ethan",West Virginia,17,19,1030,2,5,43,17,0
marist:ulajarion,"Ulaj, Arion",Marist,11,15,1019,2,5,23,7,0
mercer:aimiuwuehi,"Aimiuwu, Ehi",Mercer,13,18,1004,4,1,15,9,0
calpoly:caseytanner,"Casey, Tanner",Cal Poly,12,20,1000,4,1,5,4,0
uic:nakazonosota,"Nakazono, Sota",UIC,3,16,990,1,7,17,7,0
detroitmercy:piersondrew,"Pierson, Drew",Detroit Mercy,27,12,963,3,3,17,9,0
uncwilmington:gyamfiosei,"Gyamfi, Osei",UNC Wilmington,7,14,942,3,3,39,17,0
drake:kipnusupreston,"Kipnusu, Preston",Drake,14,15,904,4,1,30,15,0
stanford:defloresshane,"de Flores, Shane",Stanford,13,20,903,3,3,24,7,0
stonehillcollege:monteironate,"Monteiro, Nate",Stonehill College,28,12,889,4,1,20,10,0
fdu:ayazluke,"Ayaz, Luke",FDU,20,14,886,3,3,23,9,0
charlotte:ogatanatsuki,"Ogata, Natsuki",Charlotte,10,15,880,4,1,23,11,0
northernillinois:gomezjose,"Gomez, Jose",Northern Illinois,10,10,867,3,3,20,11,0
calpoly:mahoneyquinn,"Mahoney, Quinn",Cal Poly,19,21,866,4,1,27,12,0
penn:bottenemarco,"Bottene, Marco",Penn,15,14,856,3,3,37,12,0
indiana:swancolton,"Swan, Colton",Indiana,9,19,836,3,3,19,8,0
calpoly:mctaguesean,"McTague, Sean",Cal Poly,9,21,805,4,1,24,12,0
marquette:drydenmitchell,"Dryden, Mitchell",Marquette,15,16,780,4,1,22,9,0
gardnerwebb:ocanafranco,"Ocana, Franco",Gardner-Webb,42,16,768,3,3,37,19,0
merrimackcollege:abdelaaladam,"Abdelaal, Adam",Merrimack College,13,15,762,4,1,31,17,0
dartmouthcollege:spicerolly,"Spicer, Olly",Dartmouth College,8,13,741,3,3,20,7,0
utahvalley:martinmontealegrejoseluis,"Martin Montealegre, Jose Luis",Utah Valley,7,12,739,2,5,20,11,0
presbyterian:elfualoni,"Elfu, Aloni",Presbyterian,11,17,738,2,5,15,5,0
unlv:allredbryce,"Allred, Bryce",UNLV,14,13,714,4,1,8,5,0
iona:jordeaitor,"Jorde, Aitor",Iona,11,16,691,4,1,26,12,0
iona:morabravoandrey,"Mora Bravo, Andrey",Iona,7,15,688,3,3,20,8,0
longwood:conollysyrus,"Conolly, Syrus",Longwood,9,14,685,4,1,16,7,0
fiu:capriatipasquale,"Capriati, Pasquale",FIU,20,16,683,3,3,15,9,0
ucriverside:martinezeric,"Martinez, Eric",UC Riverside,33,16,674,2,5,21,5,0
penn:dahlenromeo,"Dahlen, Romeo",Penn,16,14,668,4,1,18,10,0
bostoncollege:brownrussell,"Brown, Russell",Boston College,17,17,666,2,5,29,12,0
bucknell:domsohnzane,"Domsohn, Zane",Bucknell,7,16,653,4,1,17,11,0
uncgreensboro:torrepablo,"Torre, Pablo",UNC Greensboro,17,22,646,4,1,16,7,0
fairfield:olanrewajupipeloore,"Olanrewaju, Pipeloore",Fairfield,27,14,630,4,1,17,11,0
stthomas:gineralejandro,"Giner, Alejandro",St. Thomas,10,14,629,4,1,10,6,0
drake:kirschjackson,"Kirsch, Jackson",Drake,8,9,612,3,3,14,7,0
denver:welchian,"Welch, Ian",Denver,11,22,587,3,3,12,8,0
californiabaptist:hardindrew,"Hardin, Drew",California Baptist,10,14,577,4,1,15,7,0
santaclara:wiersdorfwill,"Wiersdorf, Will",Santa Clara,17,6,540,4,1,17,12,0
uscupstate:bergforslucas,"Bergfors, Lucas",USC Upstate,11,14,438,3,3,17,8,0
centralarkansas:sheenkovmaxim,"Sheenkov, Maxim",Central Arkansas,15,11,418,4,1,11,8,0
vermont:khnphilipp,"Kühn, Philipp",Vermont,28,9,415,4,1,13,7,0
villanova:danielsjavon,"Daniels, Javon",Villanova,9,15,388,3,3,14,5,0
milwaukee:pirryfernando,"Pirry, Fernando",Milwaukee,9,13,380,4,1,13,8,0
charlotte:orthodoxouorthodoxos,"Orthodoxou, Orthodoxos",Charlotte,18,15,365,4,1,19,10,0
lasalle:devriesjulius,"de Vries, Julius",La Salle,29,11,333,4,1,9,6,0
lu:landaismatteo,"Landais, Matteo",LU,9,4,291,3,3,15,6,0
ncstate:tommycalem,"Tommy, Calem",NC State,13,23,1758,0,8,10,2,0
syracuse:brdarictim,"Brdaric, Tim",Syracuse,4,20,1741,4,0,10,5,0
indiana:bargeralex,"Barger, Alex",Indiana,13,19,1636,3,2,18,10,0
setonhall:bjorksam,"Bjork, Sam",Seton Hall,19,19,1629,3,2,10,6,0
ncstate:catontyler,"Caton, Tyler",NC State,12,22,1607,1,6,13,2,0
clevelandstate:mertztom,"Mertz, Tom",Cleveland State,6,18,1547,4,0,24,9,0
rutgers:collinsnick,"Collins, Nick",Rutgers,4,17,1499,3,2,10,6,0
uconn:gummessonmax,"Gummesson, Max",UConn,4,21,1490,2,4,5,3,0
sandiego:jamesnoah,"James, Noah",San Diego,23,17,1482,2,4,27,3,0
villanova:teduitsmichael,"teDuits, Michael",Villanova,10,19,1446,1,6,25,5,0
westernmichigan:sylejmanironi,"Sylejmani, Roni",Western Michigan,9,21,1417,3,2,19,10,0
uic:biaggiadrian,"Biaggi, Adrian",UIC,6,18,1411,2,4,21,10,0
presbyterian:cordovasteven,"Cordova, Steven",Presbyterian,6,17,1391,2,4,20,7,0
vcu:salmeronandrey,"Salmeron, Andrey",VCU,10,17,1329,2,4,33,12,0
ucirvine:leemarcus,"Lee, Marcus",UC Irvine,30,21,1304,2,4,32,12,0
wisconsin:arntsenola,"Arntsen, Ola",Wisconsin,15,16,1302,2,4,17,5,0
olddominion:saulbarrett,"Saul, Barrett",Old Dominion,8,18,1300,3,2,15,8,0
clemson:okunlolaremi,"Okunlola, Remi",Clemson,30,16,1294,0,8,13,5,0
liberty:morrisonaidan,"Morrison, Aidan",Liberty,8,16,1287,3,2,22,11,0
yale:meachamsven,"Meacham, Sven",Yale,5,15,1273,1,6,15,6,0
setonhall:gerborehugo,"Gerbore, Hugo",Seton Hall,10,19,1266,2,4,18,8,0
sandiegostate:zepedajuan,"Zepeda, Juan",San Diego State,9,17,1212,3,2,33,12,0
utahtech:leecolby,"Lee, Colby",Utah Tech,25,16,1209,2,4,12,4,0
sandiego:martinezjosh,"Martinez, Josh",San Diego,8,17,1201,2,4,8,3,0
campbell:santosrosadaniel,"Santos Rosa, Daniel",Campbell,16,15,1191,2,4,11,6,0
uab:jessenole,"Jessen, Ole",UAB,2,15,1190,3,2,11,4,0
princeton:beckwithliam,"Beckwith, Liam",Princeton,5,17,1175,2,4,14,5,0
fau:santosfelipe,"Santos, Felipe",FAU,21,19,1168,2,4,12,4,0
universityofevansville:faddatancredi,"Fadda, Tancredi",University of Evansville,11,18,1128,4,0,29,12,0
smu:clantonpimentelryan,"Clanton-Pimentel, Ryan",SMU,27,19,1122,1,6,13,5,0
stthomas:guffroymathis,"Guffroy, Mathis",St. Thomas,8,15,1113,3,2,42,22,0
uab:dohhumphrey,"Doh, Humphrey",UAB,11,15,1095,2,4,27,8,0
lehigh:gueyeyusef,"Gueye, Yusef",Lehigh,14,19,1085,3,2,24,13,0
ucriverside:castroedward,"Castro, Edward",UC Riverside,7,16,1076,3,2,23,8,0
columbiauniversity:mcdaidjack,"McDaid, Jack",Columbia University,6,15,1073,3,2,18,11,0
saintlouis:heckenlaibleandrew,"Heckenlaible, Andrew",Saint Louis,17,22,1056,2,4,21,10,0
ucla:marticorenaander,"Marticorena, Ander",UCLA,20,14,1047,1,6,10,4,0
sanfrancisco:norrisben,"Norris, Ben",San Francisco,22,15,1045,2,4,14,7,0
princeton:vigilantesam,"Vigilante, Sam",Princeton,18,17,1045,3,2,25,10,0
stjohns:nikolajewskibjorn,"Nikolajewski, Bjorn",St. John's,6,19,1040,4,0,10,6,0
lasalle:lynchbaileykyrese,"Lynch-Bailey, Kyrese",La Salle,17,16,1038,3,2,22,10,0
uncgreensboro:lebourdoulousjulien,"Le Bourdoulous, Julien",UNC Greensboro,10,17,1019,2,4,18,7,0
northernkentucky:talebali,"Taleb, Ali",Northern Kentucky,7,16,1019,4,0,13,8,0
jamesmadison:arnoldcameron,"Arnold, Cameron",James Madison,10,16,1015,3,2,22,10,0
iuindy:keijseryouri,"Keijser, Youri",IU Indy,11,14,1014,2,4,11,5,0
georgiastate:williamstom,"Williams, Tom",Georgia State,11,18,1004,2,4,21,7,0
louisville:vazquezchase,"Vazquez, Chase",Louisville,7,17,999,3,2,26,10,0
lemoynecollege:ludemannfelix,"Ludemann, Felix",Le Moyne College,23,16,997,3,2,29,13,0
liu:thanhoferniklas,"Thanhofer, Niklas",LIU,4,11,990,4,0,17,8,0
easternillinois:robertifabricio,"Roberti, Fabricio",Eastern Illinois,22,17,980,3,2,18,10,0
southflorida:aubyjakob,"Auby, Jakob",South Florida,12,17,977,4,0,16,7,0
louisville:leemichael,"Lee, Michael",Louisville,11,17,971,3,2,23,8,0
gonzaga:baziaalex,"Bazia, Alex",Gonzaga,10,13,971,3,2,24,11,0
furman:johnsoncaleb,"Johnson, Caleb",Furman,11,21,940,3,2,16,8,0
niagara:tezukareon,"Tezuka, Reon",Niagara,9,11,929,3,2,15,8,0
michigan:sasakishuma,"Sasaki, Shuma",Michigan,7,20,920,3,2,39,13,0
bellarmine:schoemehlbrendan,"Schoemehl, Brendan",Bellarmine,8,14,918,2,4,10,5,0
lasalle:zamaalexandru,"Zama, Alexandru",La Salle,20,17,918,2,4,27,12,0
lipscomb:joneslevi,"Jones, Levi",Lipscomb,14,16,917,3,2,29,8,0
umass:velezshane,"Velez, Shane",UMass,16,12,896,3,2,22,6,0
etsu:cruzhenrique,"Cruz, Henrique",ETSU,2,13,893,3,2,19,11,0
northeastern:devnanineil,"Devnani, Neil",Northeastern,32,15,884,3,2,8,6,0
american:garcessebastian,"Garces, Sebastian",American,16,16,884,2,4,11,6,0
canisius:nicolazzoromero,"Nicolazzo, Romero",Canisius,10,16,871,3,2,25,10,0
calpoly:civittsjack,"Civitts, Jack",Cal Poly,20,21,867,2,4,13,6,0
wakeforest:whitejeffrey,"White, Jeffrey",Wake Forest,13,16,845,3,2,24,11,0
olddominion:eberlemichael,"Eberle, Michael",Old Dominion,10,18,840,1,6,14,8,0
sacredheart:poorbrady,"Poor, Brady",Sacred Heart,13,18,832,3,2,16,8,0
columbiauniversity:kapranovstepan,"Kapranov, Stepan",Columbia University,18,15,818,4,0,14,8,0
marshall:stevanatogabriel,"Stevanato, Gabriel",Marshall,9,20,801,3,2,19,9,0
kentucky:lopezagustin,"Lopez, Agustin",Kentucky,10,12,801,3,2,15,6,0
sandiegostate:okoegualeterence,"Okoeguale, Terence",San Diego State,10,13,792,3,2,16,9,0
bostonuniversity:oterosebastian,"Otero, Sebastian",Boston University,8,17,792,3,2,20,10,0
drake:alvarezcrew,"Alvarez, Crew",Drake,17,17,791,2,4,19,11,0
cornell:donahueblake,"Donahue, Blake",Cornell,13,19,772,4,0,29,11,0
cornell:diakosgiorgos,"Diakos, Giorgos",Cornell,28,17,766,2,4,41,18,0
belmontuniversity:biggarnzuhri,"Biggar, Nzuhri",Belmont University,10,14,762,3,2,10,7,0
lipscomb:kennedywilliam,"Kennedy, William",Lipscomb,6,17,758,3,2,11,6,0
memphis:galizziluciano,"Galizzi, Luciano",Memphis,9,11,756,1,6,18,6,0
merrimackcollege:cassidykeller,"Cassidy, Keller",Merrimack College,36,15,750,4,0,12,7,0
fdu:barberojaime,"Barbero, Jaime",FDU,19,14,749,3,2,29,15,0
marshall:franciskeaviano,"Francis, Keaviano",Marshall,20,20,745,2,4,14,6,0
milwaukee:bretzmannjack,"Bretzmann, Jack",Milwaukee,20,13,741,4,0,25,11,0
ucriverside:hastingswes,"Hastings, Wes",UC Riverside,8,16,740,3,2,11,6,0
mercer:arteagafernando,"Arteaga, Fernando",Mercer,23,16,730,3,2,15,7,0
vermont:robbanaomar,"Robbana, Omar",Vermont,3,18,728,2,4,7,2,0
creighton:rossibautista,"Rossi, Bautista",Creighton,11,16,723,3,2,24,9,0
missouristate:realdiego,"Real, Diego",Missouri State,14,16,720,4,0,15,7,0
charleston:bagshawben,"Bagshaw, Ben",Charleston,19,14,701,3,2,19,7,0
calstatefullerton:lugoalex,"Lugo, Alex",Cal State Fullerton,14,19,700,2,4,14,5,0
wisconsin:munsbart,"Muns, Bart",Wisconsin,14,16,692,4,0,20,9,0
syracuse:darkolandon,"Darko, Landon",Syracuse,21,20,689,3,2,16,8,0
iona:bolurenbiya,"Bolur, Enbiya",Iona,30,15,687,3,2,21,7,0
delaware:monathrichard,"Monath, Richard",Delaware,2,9,679,3,2,16,9,0
stetson:mataandres,"Mata, Andres",Stetson,23,15,669,4,0,14,10,0
cornell:wollsteinkasper,"Wollstein, Kasper",Cornell,19,19,668,4,0,35,17,0
navy:sullivanduncan,"Sullivan, Duncan",Navy,14,12,665,3,2,25,10,0
notredame:burtonluke,"Burton, Luke",Notre Dame,27,15,660,3,2,20,8,0
westernmichigan:sabrosopiero,"Sabroso, Piero",Western Michigan,19,16,659,3,2,12,7,0
dartmouthcollege:baldvinssoneidur,"Baldvinsson, Eidur",Dartmouth College,19,14,653,4,0,16,7,0
utahvalley:knechtlewis,"Knecht, Lewis",Utah Valley,27,13,645,3,2,9,3,0
brown:pereyramateo,"Pereyra, Mateo",Brown,14,14,631,4,0,7,6,0
campbell:robersonsam,"Roberson, Sam",Campbell,19,12,616,4,0,18,10,0
universityofsouthernindiana:daviladavid,"Davila, David",University of Southern Indiana,9,9,614,4,0,15,7,0
rutgers:boumsongcamron,"Boumsong, Camron",Rutgers,20,17,614,3,2,10,4,0
lindenwood:landaismatteo,"Landais, Matteo",Lindenwood,9,12,613,2,4,22,8,0
fau:schumakerethan,"Schumaker, Ethan",FAU,34,18,602,4,0,7,5,0
northernillinois:angulonico,"Angulo, Nico",Northern Illinois,20,10,602,3,2,18,7,0
easternillinois:gragnanogui,"Gragnano, Gui",Eastern Illinois,7,12,599,4,0,19,11,0
northernillinois:mukukakatai,"Mukuka, Katai",Northern Illinois,40,9,584,3,2,25,14,0
denver:collinserik,"Collins, Erik",Denver,20,22,576,3,2,12,9,0
newhaven:lawrolukian,"Lawro, Lukian",New Haven,36,15,570,4,0,8,6,0
northcarolina:duganryan,"Dugan, Ryan",North Carolina,11,20,564,2,4,7,4,0
bostonuniversity:romierilapo,"Romieri, Lapo",Boston University,12,17,543,2,4,5,4,0
bostonuniversity:bonningtonalex,"Bonnington, Alex",Boston University,9,15,526,3,2,12,6,0
portland:ajagbedavid,"Ajagbe, David",Portland,19,6,472,3,2,21,11,0
seattle:thornethomsenlars,"Thorne-Thomsen, Lars",Seattle,24,12,425,4,0,6,4,0
vcu:abdulmateensulaiman,"Abdul-Mateen, Sulaiman",VCU,35,11,421,4,0,12,10,0
duquesne:badlerroni,"Badler, Roni",Duquesne,11,12,416,4,0,21,11,0
sandiego:zachrydevin,"Zachry, Devin",San Diego,33,15,409,3,2,9,6,0
penn:wagonerjack,"Wagoner, Jack",Penn,12,14,384,4,0,11,7,0
depaul:pacekeagan,"Pace, Keagan",DePaul,20,15,364,4,0,16,9,0
belmontuniversity:stokesjaxon,"Stokes, Jaxon",Belmont University,12,11,295,4,0,7,6,0
uab:faganpatrik,"Fagan, Patrik",UAB,19,14,257,4,0,9,6,0
jax:aanensenkarlsennicolas,"Aanensen Karlsen, Nicolas",JAX,7,4,200,3,2,6,4,0
denver:wrighttrevor,"Wright, Trevor",Denver,3,22,2000,2,3,16,9,0
duke:kerrdrew,"Kerr, Drew",Duke,10,20,1681,1,5,35,11,0
dayton:seelbraden,"Seel, Braden",Dayton,10,18,1606,2,3,21,9,0
cornell:johnsonandrew,"Johnson, Andrew",Cornell,24,19,1604,3,1,20,10,0
presbyterian:sundlihardigjonas,"Sundli-Hardig, Jonas",Presbyterian,16,18,1595,2,3,13,10,0
ucdavis:housegavin,"House, Gavin",UC Davis,20,18,1553,2,3,13,6,0
california:ortizalfredo,"Ortiz, Alfredo",California,19,18,1520,3,1,12,6,0
southflorida:pietrantonionicolas,"Pietrantonio, Nicolas",South Florida,24,17,1484,3,1,8,6,0
davidsoncollege:mcglonebrady,"McGlone, Brady",Davidson College,15,19,1474,1,5,29,15,0
pennstate:daoudamalick,"Daouda, Malick",Penn State,6,17,1453,3,1,16,7,0
highpoint:kamrathlukas,"Kamrath, Lukas",High Point,5,17,1448,3,1,17,5,0
stjohns:parteygodwin,"Partey, Godwin",St. John's,30,19,1440,2,3,6,4,0
wofford:talleymax,"Talley, Max",Wofford,2,19,1431,2,3,15,8,0
robertmorris:koahvictor,"Koah, Victor",Robert Morris,17,17,1398,3,1,6,5,0
pennstate:liscumben,"Liscum, Ben",Penn State,20,16,1385,2,3,10,5,0
saintjosephs:johnsonluke,"Johnson, Luke",Saint Joseph's,11,18,1354,3,1,14,6,0
uncwilmington:shannonjake,"Shannon, Jake",UNC Wilmington,15,15,1350,3,1,11,6,0
southflorida:faifepedro,"Faife, Pedro",South Florida,8,17,1350,2,3,16,5,0
duke:burnstrevor,"Burns, Trevor",Duke,4,20,1349,2,3,11,4,0
pacific:mariabarrerajose,"Maria Barrera, Jose",Pacific,11,16,1337,2,3,21,8,0
vmi:duolothimson,"Duolo, Thimson",VMI,9,18,1323,3,1,27,16,0
monmouth:osieckipatrick,"Osiecki, Patrick",Monmouth,10,16,1305,2,3,25,9,0
oakland:mazzeimarco,"Mazzei, Marco",Oakland,10,17,1302,2,3,25,14,0
mountstmarys:kehoejack,"Kehoe, Jack",Mount St. Mary's,6,15,1300,3,1,15,6,0
drake:carlsonevan,"Carlson, Evan",Drake,11,17,1258,3,1,19,7,0
drexel:limabittencourttiago,"Lima-Bittencourt, Tiago",Drexel,7,16,1250,3,1,38,15,0
wakeforest:perezjose,"Perez, Jose",Wake Forest,12,17,1248,3,1,26,12,0
sanjosestate:pendletondane,"Pendleton, Dane",San Jose State,3,17,1241,2,3,20,6,0
mercer:bannistereli,"Bannister, Eli",Mercer,2,17,1240,2,3,15,5,0
akron:morcktyler,"Morck, Tyler",Akron,16,21,1236,1,5,16,7,0
ucf:muellerjoey,"Mueller, Joey",UCF,6,20,1231,2,3,24,9,0
ohiostate:mchenrynick,"McHenry, Nick",Ohio State,4,16,1227,3,1,8,4,0
butler:hannoshryan,"Hannosh, Ryan",Butler,14,17,1220,2,3,26,12,0
saintlouis:pareabdoulkarim,"Pare, Abdoul Karim",Saint Louis,7,22,1207,3,1,31,10,0
penn:prattoliver,"Pratt, Oliver",Penn,3,14,1203,2,3,17,5,0
stjohns:sharpjeremy,"Sharp, Jeremy",St. John's,2,19,1196,1,5,17,7,0
uic:reisrui,"Reis, Rui",UIC,7,18,1187,2,3,55,21,0
northflorida:yearwoodjaylen,"Yearwood, Jaylen",North Florida,8,15,1181,1,5,17,7,0
mercyhurst:giraldosantiago,"Giraldo, Santiago",Mercyhurst,19,16,1176,3,1,28,12,0
utahvalley:oylerkeegan,"Oyler, Keegan",Utah Valley,12,14,1168,0,7,11,4,0
highpoint:yantzbeau,"Yantz, Beau",High Point,12,16,1157,2,3,11,4,0
northeastern:pradojaden,"Prado, Jaden",Northeastern,6,15,1137,1,5,11,4,0
robertmorris:leejaxson,"Lee, Jaxson",Robert Morris,6,17,1129,1,5,4,1,0
gonzaga:olsonmorgan,"Olson, Morgan",Gonzaga,24,14,1126,2,3,23,7,0
merrimackcollege:vallocchianicolo,"Vallocchia, Nicolo",Merrimack College,10,15,1049,3,1,17,5,0
fgcu:demarkignatius,"Demark, Ignatius",FGCU,34,14,1048,3,1,8,6,0
unlv:waretyler,"Ware, Tyler",UNLV,9,14,1048,2,3,19,10,0
sacramentostate:sessomsdonovan,"Sessoms, Donovan",Sacramento State,21,16,1040,2,3,37,17,0
saintjosephs:lalaglen,"Lala, Glen",Saint Joseph's,18,14,1038,2,3,24,13,0
charlotte:fisherben,"Fisher, Ben",Charlotte,23,15,1037,1,5,10,3,0
fau:conwayeli,"Conway, Eli",FAU,11,19,1025,2,3,22,9,0
lipscomb:bryanwilliam,"Bryan, William",Lipscomb,27,15,1005,2,3,16,4,0
easternillinois:welagecasey,"Welage, Casey",Eastern Illinois,10,17,998,3,1,37,17,0
sanjosestate:cookcameron,"Cook, Cameron",San Jose State,8,17,992,2,3,27,7,0
sanfrancisco:maldonadochris,"Maldonado, Chris",San Francisco,11,16,988,2,3,7,3,0
lindenwood:csiszargavin,"Csiszar, Gavin",Lindenwood,20,14,980,2,3,14,5,0
siena:maralee,"Mara, Lee",Siena,11,14,974,3,1,21,10,0
belmontuniversity:claesnielsenpaul,"Claes Nielsen, Paul",Belmont University,18,15,972,1,5,14,8,0
milwaukee:kumakawadaiki,"Kumakawa, Daiki",Milwaukee,13,14,967,3,1,10,5,0
saintlouis:andersontanner,"Anderson, Tanner",Saint Louis,9,21,951,3,1,13,7,0
greenbay:madrigalnoah,"Madrigal, Noah",Green Bay,10,15,950,3,1,25,14,0
monmouth:anderssonvictor,"Andersson, Victor",Monmouth,9,14,947,3,1,20,8,0
uncwilmington:miralriobryan,"Miralrio, Bryan",UNC Wilmington,14,15,935,2,3,15,5,0
villanova:klannmatthew,"Klann, Matthew",Villanova,19,19,935,3,1,14,5,0
american:takahashitaku,"Takahashi, Taku",American,6,14,932,2,3,6,4,0
fordham:pomplianoluke,"Pompliano, Luke",Fordham,12,16,923,3,1,28,12,0
georgewashington:croftslouis,"Crofts, Louis",George Washington,9,16,923,3,1,32,10,0
marshall:delaviboradavid,"de la Vibora, David",Marshall,11,13,914,3,1,12,6,0
setonhall:minjoseph,"Min, Joseph",Seton Hall,15,19,905,2,3,15,6,0
duke:simpsonmaxwell,"Simpson, Maxwell",Duke,16,16,899,2,3,22,7,0
pittsburgh:dahllasse,"Dahl, Lasse",Pittsburgh,7,17,898,3,1,22,12,0
northflorida:mansourikaiss,"Mansouri, Kaiss",North Florida,24,15,885,1,5,23,8,0
tulsa:hoviusgijs,"Hovius, Gijs",Tulsa,9,18,884,3,1,23,15,0
cornell:latonasam,"Latona, Sam",Cornell,6,19,876,3,1,31,14,0
fairfield:tyrkusillia,"Tyrkus, Illia",Fairfield,7,17,870,2,3,28,10,0
georgetown:maroutsisloukas,"Maroutsis, Loukas",Georgetown,15,19,870,3,1,11,7,0
sanjosestate:fregosobautistadaniel,"Fregoso Bautista, Daniel",San Jose State,13,19,867,3,1,18,8,0
sacramentostate:gueallbranly,"Gue, Allbranly",Sacramento State,12,16,861,3,1,14,8,0
liberty:carmanben,"Carman, Ben",Liberty,16,19,852,3,1,24,12,0
rhodeisland:bruningsinan,"Bruning, Sinan",Rhode Island,10,16,846,3,1,25,11,0
stonybrook:gouldjackson,"Gould, Jackson",Stony Brook,11,19,846,2,3,21,7,0
akron:borneocaleb,"Borneo, Caleb",Akron,10,21,843,3,1,12,5,0
duquesne:imparatomiles,"Imparato, Miles",Duquesne,20,16,838,2,3,18,6,0
umasslowell:musielaklinus,"Musielak, Linus",UMass Lowell,7,15,836,2,3,22,9,0
rideruniversity:polizzigio,"Polizzi, Gio",Rider University,22,16,806,3,1,16,7,0
stonybrook:konoryota,"Kono, Ryota",Stony Brook,22,18,785,2,3,12,4,0
newhaven:lazoandres,"Lazo, Andres",New Haven,21,16,773,2,3,10,4,0
charlotte:pucilowskiwiktor,"Pucilowski, Wiktor",Charlotte,17,15,772,2,3,13,6,0
marshall:fujitatakahiro,"Fujita, Takahiro",Marshall,15,20,766,3,1,10,6,0
denver:olssonholger,"Olsson, Holger",Denver,10,21,760,2,3,18,8,0
grandcanyon:kiefermax,"Kiefer, Max",Grand Canyon,11,14,758,2,3,12,5,0
furman:rizzogianluca,"Rizzo, Gianluca",Furman,22,22,757,3,1,12,7,0
belmontuniversity:pealouis,"Peña, Louis",Belmont University,6,15,752,3,1,13,6,0
wrightstate:nakazawakeiji,"Nakazawa, Keiji",Wright State,9,15,738,3,1,16,6,0
airforce:gonimarcos,"Goni, Marcos",Air Force,24,15,732,3,1,22,10,0
notredame:rosinalex,"Rosin, Alex",Notre Dame,17,16,730,2,3,6,3,0
missouristate:verdirosidaniele,"Verdirosi, Daniele",Missouri State,11,16,724,3,1,16,10,0
umbc:samorimatteo,"Samori, Matteo",UMBC,19,17,724,2,3,22,9,0
charleston:gilllennon,"Gill, Lennon",Charleston,10,14,721,3,1,19,11,0
lindenwood:soaresalander,"Soares, Alander",Lindenwood,10,14,715,3,1,28,9,0
robertmorris:udehkosi,"Udeh, Kosi",Robert Morris,9,14,709,2,3,18,7,0
duke:racajari,"Racaj, Ari",Duke,15,16,700,3,1,26,11,0
lasalle:amadoupedro,"Amadou, Pedro",La Salle,24,15,687,2,3,17,10,0
saintpeters:covalleo,"Coval, Leo",Saint Peter's,27,16,683,2,3,19,9,0
navy:galluccinick,"Gallucci, Nick",Navy,7,14,683,3,1,18,7,0
xavier:bakaranharun,"Bakaran,  Harun",Xavier,18,14,682,3,1,12,7,0
stonehillcollege:forresthayjames,"Forrest-Hay, James",Stonehill College,9,15,652,2,3,22,10,0
vermont:pappmarcell,"Papp, Marcell",Vermont,18,18,650,1,5,14,7,0
duke:ortegajose,"Ortega, Jose",Duke,13,19,647,2,3,13,5,0
indiana:nescimichael,"Nesci, Michael",Indiana,12,19,636,2,3,23,13,0
marist:salguerojonathan,"Salguero, Jonathan",Marist,19,15,633,1,5,18,10,0
bryant:rodriguezjorge,"Rodriguez, Jorge",Bryant,18,20,630,3,1,14,5,0
virginia:smithaj,"Smith, AJ",Virginia,9,18,609,3,1,14,6,0
california:parkjunhwan,"Park, Junhwan",California,13,18,598,3,1,17,10,0
georgiasouthern:holmesryan,"Holmes, Ryan",Georgia Southern,7,18,597,3,1,15,5,0
kentucky:brizuelajoaqun,"Brizuela, Joaquín",Kentucky,29,16,593,3,1,16,10,0
hofstra:hempelmannperezpablo,"Hempelmann-Perez, Pablo",Hofstra,33,17,586,2,3,15,8,0
xavier:haleegun,"Ha Lee, Gun",Xavier,11,15,584,3,1,14,8,0
monmouth:bottinijasen,"Bottini, Jasen",Monmouth,28,13,584,3,1,15,7,0
furman:hilllandon,"Hill, Landon",Furman,19,21,577,3,1,10,4,0
lemoynecollege:paganoantonino,"Pagano, Antonino",Le Moyne College,21,16,575,2,3,11,5,0
georgemason:janssenkelly,"Janssen, Kelly",George Mason,27,14,575,3,1,17,7,0
loyolamarymount:boyadjiananthony,"Boyadjian, Anthony",Loyola Marymount,24,8,559,3,1,17,7,0
etsu:dumanberkay,"Duman, Berkay",ETSU,12,9,549,2,3,18,10,0
ucsandiego:dunbaradam,"Dunbar, Adam",UC San Diego,32,13,546,3,1,18,6,0
bradley:koulaidj,"Koulai, DJ",Bradley,13,9,532,2,3,13,4,0
michigan:piersonkyle,"Pierson, Kyle",Michigan,19,20,526,3,1,11,7,0
merrimackcollege:zanisalvatore,"Zani, Salvatore",Merrimack College,28,15,526,2,3,13,7,0
pennstate:dionnechristian,"Dionne, Christian",Penn State,8,13,511,3,1,24,10,0
bradley:coughlonmitch,"Coughlon, Mitch",Bradley,33,9,500,3,1,12,8,0
brown:petersenmadsstistrup,"Petersen, Mads Stistrup",Brown,7,10,497,3,1,15,7,0
marquette:buchananjoey,"Buchanan, Joey",Marquette,25,16,494,2,3,25,10,0
olddominion:waylandmicah,"Wayland, Micah",Old Dominion,14,16,451,2,3,17,6,0
charlotte:asantetate,"Asante, Tate",Charlotte,27,15,418,2,3,11,5,0
oregonstate:straudifabian,"Straudi, Fabian",Oregon State,21,11,412,1,5,6,4,0
maryland:bernsteinhenry,"Bernstein, Henry",Maryland,27,19,386,3,1,9,5,0
ncstate:ogawamax,"Ogawa, Max",NC State,21,22,341,3,1,14,6,0
wakeforest:rabiunico,"Rabiu, Nico",Wake Forest,7,17,301,2,3,5,5,0
saintfrancisuniversity:planaslvaro,"Planas, Álvaro",Saint Francis University,8,2,128,3,1,3,3,0
uk:ruizalex,"Ruiz, Alex",UK,14,1,76,3,1,6,5,0
flames:lifferthzach,"Lifferth, Zach",FLAMES,23,1,56,3,1,4,3,0
uncgreensboro:lachekarsami,"Lachekar, Sami",UNC Greensboro,22,22,1936,2,2,12,5,0
bryant:talabiabdel,"Talabi, Abdel",Bryant,2,21,1885,2,2,4,2,0
ncstate:markovicnikola,"Markovic, Nikola",NC State,6,23,1884,2,2,12,4,0
michigan:millernolan,"Miller, Nolan",Michigan,4,20,1736,2,2,17,7,0
uncgreensboro:longodaniel,"Longo, Daniel",UNC Greensboro,7,22,1707,0,6,16,5,0
calpoly:millerjackson,"Miller, Jackson",Cal Poly,6,21,1607,2,2,13,5,0
kansascity:betinajoackim,"Betina, Joackim",Kansas City,2,19,1536,1,4,10,6,0
tulsa:cunninghamalex,"Cunningham, Alex",Tulsa,8,18,1531,2,2,22,7,0
wofford:celikadam,"Celik, Adam",Wofford,15,19,1530,2,2,14,4,0
smu:escorciadaniel,"Escorcia, Daniel",SMU,10,18,1528,0,6,6,3,0
dayton:dobrunadren,"Dobruna, Dren",Dayton,3,17,1525,1,4,20,8,0
smu:mitchelljaylinn,"Mitchell, Jaylinn",SMU,7,20,1508,0,6,30,9,0
purduefortwayne:terneskarsten,"Ternes, Karsten",Purdue Fort Wayne,5,17,1507,2,2,8,5,0
princeton:tsunehararoka,"Tsunehara, Roka",Princeton,2,17,1484,1,4,15,6,0
stanford:partaljoshua,"Partal, Joshua",Stanford,16,21,1483,0,6,11,5,0
kansascity:goschbryson,"Gosch, Bryson",Kansas City,5,19,1476,2,2,2,2,0
stjohns:jakopovicjulian,"Jakopovic, Julian",St. John's,8,19,1446,0,6,13,5,0
sacredheart:losfablosdaniel,"Losfablos, Daniel",Sacred Heart,8,16,1437,3,0,19,13,0
vmi:youghjack,"Yough, Jack",VMI,28,18,1437,3,0,12,5,0
saintlouis:dimariajack,"DiMaria, Jack",Saint Louis,12,22,1434,2,2,24,11,0
gardnerwebb:correiabreno,"Correia, Breno",Gardner-Webb,2,18,1426,1,4,15,4,0
ucriverside:dalessandrojackson,"D'Alessandro, Jackson",UC Riverside,2,16,1410,2,2,29,15,0
robertmorris:overkampfabian,"Overkamp, Fabian",Robert Morris,4,17,1408,2,2,20,7,0
ucirvine:powellisaac,"Powell, Isaac",UC Irvine,18,20,1373,1,4,8,4,0
merrimackcollege:bedeialessandro,"Bedei, Alessandro",Merrimack College,4,15,1307,3,0,11,5,0
stjohns:smythgabe,"Smyth, Gabe",St. John's,18,19,1301,3,0,11,5,0
liberty:johnelijah,"John, Elijah",Liberty,10,19,1288,1,4,24,10,0
californiabaptist:lawsonwilliam,"Lawson, William",California Baptist,5,15,1284,2,2,4,3,0
canisius:angarangianni,"Angaran, Gianni",Canisius,21,16,1283,2,2,10,5,0
sandiegostate:boitbaptiste,"Boit, Baptiste",San Diego State,5,17,1277,3,0,8,4,0
stonybrook:aarflotkristoffer,"Aarflot, Kristoffer",Stony Brook,8,19,1264,2,2,14,5,0
michiganstate:spadaforaluke,"Spadafora, Luke",Michigan State,11,16,1254,2,2,32,15,0
westernillinois:grahambenjamin,"Graham, Benjamin",Western Illinois,3,19,1251,3,0,20,12,0
california:wilkersoncam,"Wilkerson, Cam",California,8,18,1235,2,2,16,6,0
charlotte:evangelouandreas,"Evangelou, Andreas",Charlotte,4,15,1233,3,0,8,5,0
vcu:ibrahimmohammed,"Ibrahim, Mohammed",VCU,14,17,1228,3,0,23,9,0
michigan:ramosjoaopaulo,"Ramos, Joao Paulo",Michigan,17,20,1213,2,2,22,5,0
iuindy:esquivelbali,"Esquivel, Bali",IU Indy,29,15,1204,1,4,14,4,0
belmontuniversity:dildybrad,"Dildy, Brad",Belmont University,7,16,1203,2,2,16,8,0
oregonstate:fernandezkimlucas,"Fernandez Kim, Lucas",Oregon State,7,14,1200,2,2,8,4,0
ncstate:santamariacarlos,"Santamaria, Carlos",NC State,4,23,1194,2,2,13,4,0
clevelandstate:bozovicognjen,"Bozovic, Ognjen",Cleveland State,8,17,1193,3,0,16,5,0
marshall:alvarezalvaro,"Alvarez, Alvaro",Marshall,30,21,1187,2,2,24,8,0
virginiatech:marcanoian,"Marcano, Ian",Virginia Tech,10,16,1183,1,4,19,5,0
kentucky:larssonkevin,"Larsson, Kevin",Kentucky,11,16,1171,2,2,20,6,0
army:zhaironald,"Zhai, Ronald",Army,21,19,1166,2,2,21,8,0
holycross:waltoncayden,"Walton, Cayden",Holy Cross,15,14,1161,3,0,10,6,0
lafayette:martinriley,"Martin, Riley",Lafayette,22,21,1160,2,2,10,5,0
uncasheville:granzowlennart,"Granzow, Lennart",UNC Asheville,21,15,1158,3,0,11,7,0
pacific:padillaezekiel,"Padilla, Ezekiel",Pacific,18,17,1156,2,2,30,14,0
airforce:beckeroliver,"Becker, Oliver",Air Force,6,16,1146,1,4,25,8,0
siue:zomenocarles,"Zomeno, Carles",SIUE,6,14,1129,2,2,25,11,0
westvirginia:ewaldfelix,"Ewald, Felix",West Virginia,10,19,1125,2,2,16,7,0
tulsa:applegatewill,"Applegate, Will",Tulsa,25,18,1121,3,0,25,15,0
campbell:bendovlotem,"Ben Dov, Lotem",Campbell,6,15,1120,2,2,17,7,0
gardnerwebb:johnsonlewis,"Johnson, Lewis",Gardner-Webb,11,18,1115,1,4,17,6,0
vmi:leejesse,"Lee, Jesse",VMI,17,17,1114,1,4,16,5,0
mountstmarys:schiaffiniluciano,"Schiaffini, Luciano",Mount St. Mary's,23,16,1111,2,2,21,10,0
uncwilmington:newsomeethan,"Newsome, Ethan",UNC Wilmington,10,15,1106,2,2,18,9,0
airforce:tothattila,"Toth, Attila",Air Force,9,16,1089,2,2,24,12,0
rhodeisland:gogliaeverson,"Goglia, Everson",Rhode Island,23,16,1087,2,2,26,8,0
harvard:wootenphoenix,"Wooten, Phoenix",Harvard,6,16,1085,1,4,7,3,0
uncwilmington:clarksonjack,"Clarkson, Jack",UNC Wilmington,12,14,1084,1,4,26,9,0
depaul:hanjoon,"Han, Joon",DePaul,6,17,1076,3,0,20,7,0
seattle:leonedgar,"Leon, Edgar",Seattle,28,15,1076,2,2,19,7,0
queens:pumpiancole,"Pumpian, Cole",Queens,7,15,1073,3,0,22,13,0
vermont:lockermannnick,"Lockermann, Nick",Vermont,10,16,1065,2,2,11,4,0
depaul:hernandeznoeh,"Hernandez, Noeh",DePaul,10,17,1062,3,0,48,18,0
uab:zackrissongael,"Zackrisson, Gael",UAB,18,15,1061,1,4,11,2,0
clevelandstate:deeverjacob,"Deever, Jacob",Cleveland State,20,17,1057,2,2,7,2,0
quinnipiac:schierenbeckluke,"Schierenbeck, Luke",Quinnipiac,5,16,1051,3,0,13,9,0
georgiastate:rabarivonysandro,"Rabarivony, Sandro",Georgia State,14,18,1045,2,2,37,11,0
ucla:mimyschinieder,"Mimy, Schinieder",UCLA,23,15,1039,1,4,4,2,0
universityofevansville:rickerchase,"Ricker, Chase",University of Evansville,37,19,1037,1,4,13,7,0
mercyhurst:buckleybenjamin,"Buckley, Benjamin",Mercyhurst,23,13,1033,3,0,18,7,0
georgetown:lampmantate,"Lampman, Tate",Georgetown,25,18,1032,2,2,7,4,0
lehigh:sheelertrey,"Sheeler, Trey",Lehigh,4,17,1009,2,2,13,5,0
uab:kimtony,"Kim, Tony",UAB,7,15,1005,2,2,26,11,0
duquesne:menonashwin,"Menon, Ashwin",Duquesne,23,16,1000,2,2,15,9,0
fdu:oreillyconnor,"O Reilly, Connor",FDU,9,14,985,2,2,7,4,0
california:brackenserrakieran,"Bracken Serra, Kieran",California,15,18,984,1,4,6,4,0
depaul:baumgartnerchristian,"Baumgartner, Christian",DePaul,26,17,956,2,2,24,11,0
louisville:parhamnicholas,"Parham, Nicholas",Louisville,19,17,953,2,2,13,7,0
providence:garciagilfernando,"Garcia Gil, Fernando",Providence,8,16,946,2,2,12,4,0
navy:schugandrew,"Schug, Andrew",Navy,4,16,922,3,0,30,15,0
providence:obrienpearse,"O'Brien, Pearse",Providence,19,16,915,0,6,17,9,0
saintpeters:mcerlainconnall,"McErlain, Connall",Saint Peter's,14,16,913,2,2,27,10,0
fgcu:arcoverdepedro,"Arcoverde, Pedro",FGCU,5,15,904,3,0,10,5,0
westernmichigan:stevanovicbraden,"Stevanovic, Braden",Western Michigan,12,21,899,1,4,13,5,0
ucirvine:yoohunny,"Yoo, Hunny",UC Irvine,7,21,892,1,4,8,4,0
coastalcarolina:cookchristian,"Cook, Christian",Coastal Carolina,11,14,892,2,2,20,9,0
wakeforest:sarajianharvey,"Sarajian, Harvey",Wake Forest,10,17,885,2,2,22,7,0
purduefortwayne:rodriguezangel,"Rodriguez, Angel",Purdue Fort Wayne,16,17,878,3,0,10,5,0
davidsoncollege:youngbaylen,"Young, Baylen",Davidson College,16,19,875,0,6,7,3,0
washington:enabuleleosato,"Enabulele, Osato",Washington,21,24,872,3,0,16,8,0
iuindy:klaverstan,"Klaver, Stan",IU Indy,7,13,867,3,0,17,8,0
lasalle:blackwelldrew,"Blackwell , Drew",La Salle,22,17,864,1,4,20,7,0
harvard:palacioalejandro,"Palacio, Alejandro",Harvard,27,16,857,2,2,13,4,0
brown:gogopetersjamin,"Gogo Peters, Jamin",Brown,11,14,851,3,0,25,8,0
charleston:bendvoldstian,"Bendvold, Stian",Charleston,15,14,834,2,2,18,7,0
mercer:corrliam,"Corr, Liam",Mercer,8,18,828,1,4,15,6,0
iuindy:isomnathaniel,"Isom, Nathaniel",IU Indy,15,15,823,2,2,16,10,0
delaware:pennyliam,"Penny, Liam",Delaware,14,16,815,2,2,13,5,0
westernmichigan:smithliam,"Smith, Liam",Western Michigan,13,22,814,3,0,25,12,0
mercyhurst:williamsmccrackenaiden,"Williams McCracken, Aiden",Mercyhurst,14,17,811,2,2,8,6,0
loyolachicago:mcfeelyjack,"McFeely, Jack",Loyola Chicago,11,14,800,2,2,14,5,0
indiana:bogardeaston,"Bogard, Easton",Indiana,14,19,798,3,0,27,6,0
northeastern:matthewsmorris,"Matthews, Morris",Northeastern,19,14,798,2,2,9,6,0
newhaven:meiraguilherme,"Meira, Guilherme",New Haven,10,15,781,3,0,30,14,0
butler:cunninghambrendan,"Cunningham, Brendan",Butler,12,16,778,2,2,20,10,0
centralarkansas:fontanapietro,"Fontana, Pietro",Central Arkansas,99,12,772,2,2,14,7,0
wofford:patnaudstewart,"Patnaud, Stewart",Wofford,7,19,771,2,2,12,7,0
niagara:knellerniklas,"Kneller, Niklas",Niagara,20,10,754,2,2,13,6,0
longwood:serraldeezrah,"Serralde, Ezrah",Longwood,17,14,748,2,2,12,10,0
stbonaventure:rittersbergergalanricardo,"Rittersberger Galan, Ricardo",St. Bonaventure,23,15,737,2,2,14,7,0
davidsoncollege:ibetobe,"Ibe, Tobe",Davidson College,9,19,731,3,0,12,6,0
georgewashington:russjoel,"Russ, Joel",George Washington,19,16,726,3,0,22,13,0
bostoncollege:asaremichael,"Asare, Michael",Boston College,14,17,717,3,0,17,12,0
georgetown:vanhornmatthew,"Van Horn, Matthew",Georgetown,8,18,709,1,4,13,3,0
belmontuniversity:woltherslucas,"Wolthers, Lucas",Belmont University,11,16,707,3,0,23,6,0
davidsoncollege:ramosjp,"Ramos, JP",Davidson College,26,19,705,2,2,15,6,0
omaha:jenkinsitalo,"Jenkins, Italo",Omaha,9,13,704,3,0,10,5,0
fordham:insalacoandre,"Insalaco, Andre",Fordham,7,17,699,2,2,32,11,0
ucirvine:smuckzac,"Smuck, Zac",UC Irvine,33,21,681,3,0,12,5,0
indiana:heuercharlie,"Heuer, Charlie",Indiana,16,18,672,1,4,12,3,0
newhampshire:piccardomatteo,"Piccardo, Matteo",New Hampshire,7,16,661,2,2,6,4,0
davidsoncollege:zeballosnico,"Zeballos, Nico",Davidson College,27,19,653,2,2,14,6,0
oregonstate:hoffmantim,"Hoffman, Tim",Oregon State,33,14,647,2,2,12,5,0
howard:mccloudnigel,"McCloud, Nigel",Howard,11,14,644,3,0,13,6,0
omaha:takamobradley,"Takamo, Bradley",Omaha,13,13,630,2,2,9,4,0
holycross:fiedlerjack,"Fiedler, Jack",Holy Cross,26,13,630,2,2,8,5,0
princeton:martinjackson,"Martin, Jackson",Princeton,16,17,629,3,0,17,5,0
stanford:allentomo,"Allen, Tomo",Stanford,17,19,627,3,0,26,13,0
marshall:noellarry,"Noel, Larry",Marshall,16,21,624,3,0,16,7,0
army:lusskineric,"Lusskin, Eric",Army,4,16,609,2,2,8,3,0
virginia:tandjigorabacary,"Tandjigora, Bacary",Virginia,17,15,605,2,2,7,2,0
uncgreensboro:sessomscolton,"Sessoms, Colton",UNC Greensboro,9,22,602,3,0,12,7,0
louisville:wilsonquinton,"Wilson, Quinton",Louisville,18,17,601,3,0,12,4,0
queens:kneeroliver,"Kneer, Oliver",Queens,9,16,600,3,0,12,4,0
detroitmercy:lafayetteclayton,"Lafayette, Clayton",Detroit Mercy,12,12,598,2,2,9,4,0
stetson:makowemdaniel,"Makowem, Daniel",Stetson,14,12,594,1,4,8,5,0
lasalle:forehandzach,"Forehand, Zach",La Salle,27,11,582,2,2,19,9,0
radford:mcclaincarter,"McClain, Carter",Radford,20,17,578,3,0,16,8,0
marshall:salkeldlouie,"Salkeld, Louie",Marshall,24,21,573,2,2,12,9,0
princeton:kelleykevin,"Kelley, Kevin",Princeton,7,16,573,2,2,17,8,0
charleston:dashinpavel,"Dashin, Pavel",Charleston,9,14,565,2,2,11,4,0
indiana:muradorclay,"Murador, Clay",Indiana,20,18,551,2,2,13,8,0
fordham:leitnerbennett,"Leitner, Bennett",Fordham,11,15,549,3,0,6,4,0
army:krygerjack,"Kryger, Jack",Army,23,18,514,3,0,7,4,0
bucknell:samelkojakub,"Samelko, Jakub",Bucknell,17,16,508,3,0,12,11,0
southcarolina:habelmika,"Habel, Mika",South Carolina,6,7,508,2,2,8,3,0
uncasheville:beckettlouis,"Beckett, Louis",UNC Asheville,6,16,497,3,0,11,7,0
ucf:hansendrew,"Hansen, Drew",UCF,18,19,495,3,0,8,4,0
olddominion:bisongotu,"Bisong, Otu",Old Dominion,16,13,495,3,0,7,6,0
ncstate:tolentinocaden,"Tolentino, Caden",NC State,17,23,478,3,0,8,5,0
centralarkansas:oliverimichael,"Oliveri, Michael",Central Arkansas,9,13,476,3,0,9,5,0
canisius:lesliegabriel,"Leslie, Gabriel",Canisius,17,16,470,3,0,12,4,0
bellarmine:mackeycolin,"Mackey, Colin",Bellarmine,3,15,459,2,2,5,3,0
umasslowell:phamjustin,"Pham, Justin",UMass Lowell,11,14,455,2,2,14,7,0
setonhall:tisonyaidan,"Tisony, Aidan",Seton Hall,20,19,454,3,0,9,3,0
wakeforest:subachanethan,"Subachan, Ethan",Wake Forest,21,16,434,2,2,9,2,0
seattle:stewartriver,"Stewart, River",Seattle,11,12,431,2,2,16,5,0
gardnerwebb:moreirafilipe,"Moreira, Filipe",Gardner-Webb,30,18,404,2,2,10,4,0
stjohns:abeijonxavi,"Abeijon, Xavi",St. John's,11,19,386,3,0,18,6,0
siena:navarroperezmario,"Navarro Perez, Mario",Siena,10,13,382,3,0,14,8,0
notredame:sylvesterren,"Sylvester, Ren",Notre Dame,19,15,381,2,2,8,5,0
virginia:burnsluke,"Burns, Luke",Virginia,10,18,364,2,2,12,7,0
etsu:baguenasergio,"Baguena, Sergio",ETSU,11,10,360,3,0,9,5,0
vermont:kuehnphilipp,"Kuehn, Philipp",Vermont,28,6,356,2,2,9,3,0
jax:gonzalezjuanpablo,"Gonzalez, Juan Pablo",JAX,11,5,320,3,0,10,6,0
lu:haeslerleandro,"Haesler, Leandro",LU,14,4,310,2,2,5,3,0
michigan:davisdylan,"Davis, Dylan",Michigan,27,18,245,1,4,3,2,0
washington:sovdechad,"Sovde, Chad",Washington,33,21,235,2,2,6,3,0
uic:tmteam,"TM 
                                            TEAM",UIC,TM,3,0,3,0,0,0,0
washington:akulovegor,"Akulov, Egor",Washington,4,24,2124,1,3,22,7,0
denver:semelsbergeraidan,"Semelsberger, Aidan",Denver,25,22,1988,0,5,13,3,0
akron:kamdemashton,"Kamdem, Ashton",Akron,27,21,1858,0,5,10,1,0
maryland:kelplasse,"Kelp, Lasse",Maryland,5,19,1730,1,3,12,7,0
furman:stoutconnor,"Stout, Connor",Furman,24,22,1726,0,5,6,3,0
universityofevansville:wurschmidtmartin,"Wurschmidt, Martin",University of Evansville,4,19,1710,2,1,22,11,0
bryant:diastiago,"Dias, Tiago",Bryant,4,20,1696,0,5,17,9,0
westernmichigan:beuvainmathieu,"Beuvain, Mathieu",Western Michigan,4,22,1691,2,1,12,6,0
ucla:nixonshakir,"Nixon, Shakir",UCLA,2,19,1647,0,5,12,4,0
maryland:costabileluca,"Costabile, Luca",Maryland,3,19,1632,2,1,21,9,0
liberty:blayperry,"Blay, Perry",Liberty,2,19,1610,0,5,6,2,0
stjohns:porucznikandrew,"Porucznik, Andrew",St. John's,19,19,1589,2,1,21,5,0
ucf:hewlettjem,"Hewlett, Jem",UCF,4,19,1552,2,1,12,4,0
sanjosestate:fernandezangel,"Fernandez, Angel",San Jose State,7,20,1538,1,3,12,5,0
louisville:ogunleyeolayinka,"Ogunleye, Olayinka",Louisville,3,17,1530,2,1,5,4,0
louisville:deblasisnoah,"De Blasis, Noah",Louisville,4,17,1530,1,3,8,4,0
rideruniversity:dasilvatheo,"Da Silva, Theo",Rider University,12,17,1529,2,1,17,7,0
michigan:fishermatthew,"Fisher, Matthew",Michigan,3,20,1487,0,5,5,1,0
hofstra:francousamuel,"Francou, Samuel",Hofstra,14,17,1483,1,3,7,1,0
fau:tourekerfalla,"Toure, Kerfalla",FAU,33,19,1482,2,1,9,4,0
maryland:steinleitnerchris,"Steinleitner, Chris",Maryland,22,19,1482,0,5,19,1,0
virginia:gashialbin,"Gashi, Albin",Virginia,12,18,1479,1,3,34,14,0
ucsantabarbara:martinezramses,"Martinez, Ramses",UC Santa Barbara,8,21,1449,1,3,27,7,0
houstonchristian:thirkillben,"Thirkill, Ben",Houston Christian,3,19,1448,1,3,19,6,0
vcu:ndiayemoussa,"Ndiaye, Moussa",VCU,5,16,1432,2,1,10,4,0
utahtech:dutratanner,"Dutra, Tanner",Utah Tech,23,16,1420,2,1,7,4,0
ohiostate:pechotaluciano,"Pechota, Luciano",Ohio State,11,16,1415,0,5,30,6,0
ucdavis:neulszachary,"Neuls, Zachary",UC Davis,19,18,1413,2,1,28,10,0
clevelandstate:hecklennart,"Heck, Lennart",Cleveland State,5,17,1410,1,3,2,2,0
calpoly:vickmichael,"Vick, Michael",Cal Poly,16,21,1403,0,5,13,3,0
saintpeters:ogarromicah,"O'Garro, Micah",Saint Peter's,5,16,1396,2,1,12,6,0
georgiastate:dallagnolvirgil,"Dall'Agnol, Virgil",Georgia State,8,17,1389,1,3,18,11,0
uic:zepedadaniel,"Zepeda, Daniel",UIC,17,17,1386,1,3,21,9,0
hofstra:barnettowen,"Barnett, Owen",Hofstra,7,17,1384,1,3,11,4,0
bucknell:sullivanjackson,"Sullivan, Jackson",Bucknell,18,16,1383,2,1,9,3,0
hofstra:orrasonthengill,"Orrason, Thengill",Hofstra,24,17,1340,0,5,8,3,0
ucsantabarbara:bjornssonsteinar,"Bjornsson, Steinar",UC Santa Barbara,10,21,1327,1,3,48,16,0
quinnipiac:moenfredrik,"Moen, Fredrik",Quinnipiac,30,18,1322,2,1,11,4,0
davidsoncollege:brownjack,"Brown, Jack",Davidson College,14,19,1310,1,3,2,2,0
saintmarys:dilleytj,"Dilley, TJ",Saint Mary's,3,16,1295,2,1,14,4,0
georgiastate:romerogarmendiapavel,"Romero-Garmendia, Pavel",Georgia State,17,17,1290,2,1,13,7,0
iona:schuttflorian,"Schutt, Florian",Iona,5,16,1283,2,1,8,3,0
indiana:maherjosh,"Maher, Josh",Indiana,4,19,1277,2,1,7,3,0
iuindy:herrerajoseantonio,"Herrera, Jose Antonio",IU Indy,22,15,1276,2,1,29,15,0
bellarmine:daviesrhys,"Davies, Rhys",Bellarmine,4,15,1274,2,1,6,3,0
ucsandiego:wellersteinevan,"Wellerstein, Evan",UC San Diego,2,15,1260,2,1,11,5,0
michigan:mendezraymundo,"Mendez, Raymundo",Michigan,29,20,1253,1,3,12,3,0
bryant:blascogomezsantiago,"Blasco Gomez, Santiago",Bryant,6,16,1246,2,1,8,2,0
fairfield:blunschijordan,"Blunschi, Jordan",Fairfield,5,15,1238,2,1,8,4,0
newhampshire:makedikaterry,"Makedika , Terry",New Hampshire,11,17,1233,1,3,9,3,0
etsu:betancourtgabriel,"Betancourt, Gabriel",ETSU,8,14,1222,1,3,4,2,0
northernkentucky:gerakbennett,"Gerak, Bennett",Northern Kentucky,25,14,1192,1,3,27,11,0
siena:svenssoneric,"Svensson, Eric",Siena,4,14,1189,1,3,11,3,0
universityofevansville:calvetepablo,"Calvete, Pablo",University of Evansville,26,17,1184,1,3,15,4,0
villanova:bogdanovgleb,"Bogdanov, Gleb",Villanova,25,19,1183,2,1,12,2,0
winthrop:pachecobernardo,"Pacheco, Bernardo",Winthrop,12,16,1182,2,1,19,3,0
seattle:philibbosianandre,"Philibbosian, Andre",Seattle,30,15,1182,2,1,8,5,0
westvirginia:hernandocarlos,"Hernando, Carlos",West Virginia,31,17,1176,2,1,9,2,0
omaha:perkinsmaguire,"Perkins, Maguire",Omaha,3,13,1170,2,1,6,3,0
washington:hestadasher,"Hestad, Asher",Washington,5,24,1136,2,1,19,8,0
saintjosephs:perezgasibasebastian,"Perez-Gasiba, Sebastian",Saint Joseph's,7,16,1129,1,3,19,7,0
jamesmadison:lolasmanuel,"Lolas, Manuel",James Madison,20,16,1123,1,3,30,12,0
fiu:helanjohan,"Helan, Johan",FIU,17,17,1121,2,1,17,8,0
stonybrook:reynosonelson,"Reynoso, Nelson",Stony Brook,6,18,1120,1,3,3,3,0
stthomas:selboronan,"Selbo, Ronan",St. Thomas,14,15,1113,2,1,14,3,0
marquette:milovanovjustin,"Milovanov, Justin",Marquette,8,16,1111,2,1,16,5,0
ucriverside:diazadrian,"Diaz, Adrian",UC Riverside,32,16,1107,2,1,17,10,0
purduefortwayne:valenciamarco,"Valencia, Marco",Purdue Fort Wayne,7,17,1104,1,3,23,7,0
centralarkansas:shearerlucas,"Shearer, Lucas",Central Arkansas,5,14,1094,0,5,8,5,0
newhampshire:brosselmatto,"Brossel, Mattéo",New Hampshire,8,15,1091,2,1,18,5,0
longwood:macayajesus,"Macaya, Jesus",Longwood,23,14,1089,0,5,18,7,0
pacific:berriosdominic,"Berrios, Dominic",Pacific,12,16,1086,1,3,7,2,0
stjohns:biggsantonio,"Biggs, Antonio",St. John's,5,19,1084,2,1,17,10,0
furman:travisgrayson,"Travis, Grayson",Furman,16,22,1082,1,3,9,3,0
clemson:magnasonlukas,"Magnason, Lukas",Clemson,2,12,1080,2,1,8,3,0
wrightstate:odorcicmarko,"Odorcic, Marko",Wright State,8,15,1073,2,1,16,6,0
syracuse:mingsachiel,"Ming, Sachiel",Syracuse,24,20,1052,2,1,24,9,0
loyolachicago:ivancicluka,"Ivancic, Luka",Loyola Chicago,12,14,1051,2,1,10,2,0
northernkentucky:purksjason,"Purks, Jason",Northern Kentucky,17,16,1028,2,1,21,12,0
georgiasouthern:picksleymitch,"Picksley, Mitch",Georgia Southern,14,18,1027,1,3,24,14,0
ucf:benedixfrederic,"Benedix, Frederic",UCF,17,19,1018,1,3,17,5,0
virginia:parvualex,"Parvu, Alex",Virginia,4,18,1018,0,5,2,0,0
xavier:waitesgeorge,"Waites, George",Xavier,6,15,1018,2,1,7,3,0
columbiauniversity:myrvanghenning,"Myrvang, Henning",Columbia University,20,15,1008,1,3,23,5,0
fiu:neilscott,"Neil, Scott",FIU,11,17,991,1,3,14,7,0
uconn:pickeringevan,"Pickering, Evan",UConn,12,21,990,1,3,21,10,0
yale:zhuangelo,"Zhu, Angelo",Yale,21,15,978,2,1,10,4,0
ucdavis:dutraandrew,"Dutra, Andrew",UC Davis,7,17,969,1,3,18,6,0
vcu:whitelucas,"White, Lucas",VCU,17,16,954,1,3,9,4,0
merrimackcollege:zunecbor,"Zunec, Bor",Merrimack College,8,12,950,1,3,19,10,0
drexel:shannonjack,"Shannon, Jack",Drexel,19,12,937,1,3,11,4,0
seattle:fongaidan,"Fong, Aidan",Seattle,13,14,927,1,3,4,1,0
dayton:buabengfelix,"Buabeng, Felix",Dayton,34,16,927,1,3,26,8,0
highpoint:behrmannnoah,"Behrmann, Noah",High Point,16,17,917,2,1,18,8,0
oralroberts:burgherronardo,"Burgher, Ronardo",Oral Roberts,17,17,915,2,1,12,5,0
bostonuniversity:delamaterquin,"DeLaMater, Quin",Boston University,14,17,909,1,3,3,2,0
missouristate:bateollie,"Bate, Ollie",Missouri State,7,16,907,1,3,13,4,0
fordham:betancourtelias,"Betancourt, Elias",Fordham,21,16,900,2,1,7,4,0
american:davistoshi,"Davis, Toshi",American,22,16,878,2,1,8,2,0
campbell:matosfilipe,"Matos, Filipe",Campbell,10,14,872,2,1,22,9,0
holycross:mancusothomas,"Mancuso, Thomas",Holy Cross,21,14,869,2,1,13,5,0
pacific:cruzalberto,"Cruz, Alberto",Pacific,9,16,849,2,1,13,7,0
pennstate:phillipkai,"Phillip, Kai",Penn State,19,16,843,2,1,24,7,0
rideruniversity:kostanjeklovro,"Kostanjšek, Lovro",Rider University,7,11,838,2,1,20,12,0
liu:tolabafrancisco,"Tolaba, Francisco",LIU,2,10,837,2,1,14,8,0
niagara:cardonajuan,"Cardona, Juan",Niagara,23,10,831,2,1,5,4,0
army:cullumriley,"Cullum, Riley",Army,7,19,821,2,1,19,5,0
incarnateword:roblesnoe,"Robles, Noe",Incarnate Word,21,11,815,2,1,20,12,0
newhaven:kipnessryan,"Kipness, Ryan",New Haven,11,14,813,2,1,10,4,0
queens:baptistellivitor,"Baptistelli, Vitor",Queens,12,15,812,1,3,16,8,0
jacksonville:gonzalezjuanpablo,"Gonzalez, Juan Pablo",Jacksonville,11,12,811,2,1,21,8,0
lemoynecollege:kreuzpaintnervito,"Kreuzpaintner, Vito",Le Moyne College,2,12,806,1,3,7,4,0
ohiostate:hurgeaaron,"Hurge, Aaron",Ohio State,13,16,800,2,1,10,6,0
longwood:ferrerobenjamin,"Ferrero, Benjamin",Longwood,24,11,799,2,1,10,5,0
quinnipiac:tellebenjamin,"Telle, Benjamin",Quinnipiac,27,17,794,2,1,12,7,0
lindenwood:blakeethan,"Blake, Ethan",Lindenwood,3,14,789,1,3,18,7,0
stthomas:irelandliam,"Ireland, Liam",St. Thomas,9,15,783,2,1,20,7,0
drexel:pittaoulisjulian,"Pittaoulis, Julian",Drexel,30,15,778,2,1,17,8,0
centralarkansas:kozenyvaclav,"Kozeny, Vaclav",Central Arkansas,8,14,766,2,1,14,9,0
canisius:baumslagnoah,"Baumslag, Noah",Canisius,23,15,759,1,3,17,8,0
michiganstate:okekechimnosoh,"Okeke, Chimnosoh",Michigan State,12,16,757,1,3,24,11,0
uncgreensboro:linbergtrym,"Linberg, Trym",UNC Greensboro,2,22,756,1,3,9,3,0
drexel:salvinobrian,"Salvino, Brian",Drexel,18,16,750,2,1,14,6,0
akron:orourkethomas,"O’Rourke, Thomas",Akron,24,21,744,2,1,17,7,0
stbonaventure:dreaskyavery,"Dreasky, Avery",St. Bonaventure,21,14,734,2,1,2,2,0
butler:gomezjosemir,"Gomez, Josemir",Butler,9,15,733,1,3,26,8,0
northernillinois:sheffieldvance,"Sheffield, Vance",Northern Illinois,15,10,711,2,1,22,9,0
easternillinois:griffisben,"Griffis, Ben",Eastern Illinois,17,17,708,2,1,24,7,0
westvirginia:alvarezjuan,"Alvarez, Juan",West Virginia,37,19,703,1,3,13,8,0
houstonchristian:presslerron,"Pressler, Ron",Houston Christian,10,17,703,1,3,15,7,0
furman:campbelltrip,"Campbell, Trip",Furman,3,21,702,2,1,16,5,0
lehigh:larrealuciano,"Larrea, Luciano",Lehigh,22,17,699,2,1,7,5,0
georgewashington:lamitommaso,"Lami, Tommaso",George Washington,14,16,697,1,3,13,6,0
sandiegostate:ballaghcarson,"Ballagh, Carson",San Diego State,4,14,692,0,5,5,1,0
incarnateword:roblesdiego,"Robles, Diego",Incarnate Word,28,11,691,2,1,12,7,0
charlotte:barclayjemone,"Barclay, Jemone",Charlotte,26,15,686,0,5,14,6,0
villanova:martelliluke,"Martelli, Luke",Villanova,31,12,677,2,1,11,4,0
saintmarys:dannersam,"Danner, Sam",Saint Mary's,10,15,668,2,1,10,5,0
universityofevansville:robertsnate,"Roberts, Nate",University of Evansville,12,19,667,2,1,8,3,0
vcu:hayesdeniss,"Hayes, Deniss",VCU,23,13,654,2,1,14,11,0
pacific:yangyuorujosephat,"Yangyuoru, Josephat",Pacific,7,16,652,2,1,10,4,0
lehigh:turkerbora,"Turker, Bora",Lehigh,23,16,646,2,1,5,4,0
bucknell:pielakasper,"Piela, Kasper",Bucknell,10,17,643,1,3,9,4,0
smu:floresluis,"Flores, Luis",SMU,25,15,641,1,3,17,4,0
niagara:talsmajeremy,"Talsma, Jeremy",Niagara,21,10,641,1,3,8,5,0
presbyterian:acreeaj,"Acree, AJ",Presbyterian,22,14,639,2,1,21,6,0
stetson:topolskydominik,"Topolsky, Dominik",Stetson,10,13,638,2,1,10,3,0
wisconsin:martinezaidan,"Martinez, Aidan",Wisconsin,19,16,636,0,5,10,5,0
robertmorris:cottonriley,"Cotton, Riley",Robert Morris,24,14,633,1,3,8,3,0
colgate:rameycole,"Ramey, Cole",Colgate,16,13,632,2,1,12,5,0
duke:voldthomas,"Vold, Thomas",Duke,12,20,627,1,3,5,2,0
bostonuniversity:mobrayaustin,"Mobray, Austin",Boston University,27,17,602,1,3,5,1,0
marshall:schaereryasha,"Schaerer, Yasha",Marshall,19,20,597,0,5,14,4,0
fiu:domnguesjoo,"Domíngues, João",FIU,18,10,593,0,5,8,2,0
robertmorris:millerkyler,"Miller, Kyler",Robert Morris,11,15,593,2,1,8,4,0
bostoncollege:torobryan,"Toro, Bryan",Boston College,6,17,592,2,1,7,2,0
rutgers:diponziofrancesco,"Di Ponzio, Francesco",Rutgers,22,16,583,2,1,13,6,0
bostoncollege:rojelnikolai,"Rojel, Nikolai",Boston College,9,17,578,2,1,13,4,0
elon:flowersjahmir,"Flowers, Jahmir",Elon,23,17,578,2,1,14,7,0
georgiastate:hallbraiden,"Hall, Braiden",Georgia State,7,17,572,2,1,10,6,0
universityofsouthernindiana:cvorovicedin,"Cvorovic, Edin",University of Southern Indiana,24,10,551,1,3,5,4,0
louisville:kondicleon,"Kondic, Leon",Louisville,10,17,545,1,3,23,10,0
virginiatech:sullinsandy,"Sullins, Andy",Virginia Tech,15,15,545,2,1,21,8,0
ualbany:hermelorodrigo,"Hermelo, Rodrigo",UAlbany,22,7,543,1,3,14,4,0
georgemason:gonzalezfernandezsergio,"Gonzalez Fernandez, Sergio",George Mason,6,12,533,0,5,5,0,0
virginia:oulouheusamuel,"Oulouheu, Samuel",Virginia,11,18,519,2,1,19,9,0
loyolauniversitymaryland:herleycharlie,"Herley, Charlie",Loyola University Maryland,12,6,513,2,1,9,3,0
sacredheart:mccannsam,"McCann, Sam",Sacred Heart,23,15,490,2,1,6,5,0
seattle:kearneypatrick,"Kearney, Patrick",Seattle,14,15,488,2,1,9,5,0
xavier:haraikawashogo,"Haraikawa, Shogo",Xavier,19,15,486,2,1,9,6,0
queens:feldmannmichel,"Feldmann, Michel",Queens,19,6,482,2,1,19,7,0
siena:amaralchristian,"Amaral, Christian",Siena,15,14,475,2,1,10,4,0
howard:campbellian,"Campbell, Ian",Howard,10,14,470,2,1,6,3,0
quinnipiac:monteserinandrew,"Monteserin, Andrew",Quinnipiac,20,17,461,2,1,11,7,0
portland:rosasdiego,"Rosas, Diego",Portland,10,6,460,1,3,7,3,0
calstatebakersfield:farrelljosh,"Farrell, Josh",Cal State Bakersfield,3,6,450,2,1,2,2,0
rideruniversity:kostanjseklovro,"Kostanjsek, Lovro",Rider University,7,6,449,2,1,12,4,0
liberty:ramosjayden,"Ramos, Jayden",Liberty,12,18,448,1,3,7,5,0
princeton:kelleykristian,"Kelley, Kristian",Princeton,6,16,442,2,1,16,4,0
ucla:bonsufrancis,"Bonsu, Francis",UCLA,21,16,441,1,3,12,6,0
campbell:bandurkristijan,"Bandur, Kristijan",Campbell,9,15,441,1,3,14,8,0
quinnipiac:milleralex,"Miller, Alex",Quinnipiac,11,15,433,2,1,11,5,0
holycross:heneghanliam,"Heneghan, Liam",Holy Cross,18,15,421,2,1,10,6,0
etsu:poolenoel,"Poole, Noel",ETSU,24,13,417,2,1,7,4,0
olddominion:godboltkolby,"Godbolt, Kolby",Old Dominion,19,17,416,2,1,12,7,0
furman:dunniganconnor,"Dunnigan, Connor",Furman,4,20,404,1,3,3,2,0
elon:nesseinar,"Ness, Einar",Elon,9,14,397,2,1,7,6,0
pittsburgh:silvamarco,"Silva, Marco",Pittsburgh,11,18,392,2,1,4,3,0
purduefortwayne:hissrichben,"Hissrich, Ben",Purdue Fort Wayne,28,15,390,1,3,9,3,0
grandcanyon:hermittealan,"Hermitte, Alan",Grand Canyon,12,12,390,2,1,7,5,0
setonhall:sellwoodthomas,"Sellwood, Thomas",Seton Hall,18,19,388,1,3,6,2,0
yale:altirsbilly,"Altirs, Billy",Yale,27,9,382,2,1,8,4,0
sandiego:duusmullersimon,"Duus Muller, Simon",San Diego,3,9,381,2,1,3,2,0
rhodeisland:taylormathias,"Taylor, Mathias",Rhode Island,14,15,367,2,1,7,3,0
hofstra:basenachaaron,"Basenach, Aaron",Hofstra,12,16,365,1,3,5,1,0
washington:dollinclarens,"Dollin, Clarens",Washington,8,23,364,2,1,7,3,0
jacksonville:tobonmatias,"Tobon, Matias",Jacksonville,27,10,363,2,1,8,5,0
wakeforest:belalryan,"Belal, Ryan",Wake Forest,14,17,361,2,1,9,4,0
creighton:herreramartin,"Herrera, Martin",Creighton,10,16,345,2,1,15,4,0
wisconsin:eisaroman,"Eisa, Roman",Wisconsin,16,15,345,2,1,6,3,0
fau:raisanenandreas,"Raisanen, Andreas",FAU,9,19,339,2,1,6,4,0
uscupstate:reynoldscaedon,"Reynolds, Caedon",USC Upstate,29,15,324,2,1,10,3,0
presbyterian:gritzbraden,"Gritz, Braden",Presbyterian,26,12,321,1,3,4,3,0
monmouth:kluzmarcin,"Kluz, Marcin",Monmouth,17,12,320,2,1,6,3,0
usi:daviladavid,"Davila, David",USI,9,4,313,2,1,10,7,0
utahvalley:mckaydan,"McKay, Dan",Utah Valley,6,14,298,2,1,7,3,0
lu:csiszargavin,"Csiszar, Gavin",LU,20,4,295,2,1,7,4,0
grandcanyon:rosalesallan,"Rosales, Allan",Grand Canyon,32,11,263,2,1,9,5,0
lasalle:sandovalitzak,"Sandoval, Itzak",La Salle,30,16,258,1,3,15,4,0
utahtech:williamsmitch,"Williams, Mitch",Utah Tech,26,9,216,2,1,3,2,0
vmi:choirowen,"Choi, Rowen",VMI,11,10,206,2,1,3,2,0
uab:nordinlucas,"Nordin, Lucas",UAB,27,14,198,1,3,3,2,0
uiw:roblesdiego,"Robles, Diego",UIW,28,3,179,2,1,11,7,0
delaware:williamsethan,"Williams, Ethan",Delaware,12,15,171,2,1,3,2,0
saintfrancisuniversity:denittisalex,"De Nittis, Alex",Saint Francis University,11,2,138,2,1,6,4,0
jax:wahlstrmchristian,"Wahlstrøm, Christian",JAX,16,3,103,1,3,2,2,0
calpoly:baltazarnico,"Baltazar, Nico",Cal Poly,5,21,1854,2,0,5,2,0
northcarolina:sandmeyerjack,"Sandmeyer, Jack",North Carolina,28,20,1809,2,0,14,7,0
sanjosestate:floresthomasruben,"Flores-Thomas, Ruben",San Jose State,2,20,1780,1,2,8,5,0
michigan:bakerwill,"Baker, Will",Michigan,5,20,1779,1,2,7,2,0
uncgreensboro:fritzkimito,"Fritz, Kimito",UNC Greensboro,25,22,1749,1,2,17,6,0
stanford:bankpalmer,"Bank, Palmer",Stanford,3,21,1729,2,0,12,4,0
houstonchristian:krossnico,"Kross, Nico",Houston Christian,15,19,1707,1,2,8,3,0
army:cooperkelly,"Cooper, Kelly",Army,5,19,1705,2,0,8,3,0
denver:kingwill,"King, Will",Denver,15,22,1674,2,0,11,4,0
virginia:popsebastian,"Pop, Sebastian",Virginia,16,18,1630,2,0,9,5,0
uic:gilhector,"Gil, Hector",UIC,5,18,1580,2,0,10,7,0
dayton:madsenmikkel,"Madsen, Mikkel",Dayton,6,18,1569,1,2,8,2,0
fairfield:doughertycole,"Dougherty, Cole",Fairfield,13,18,1565,2,0,5,4,0
olddominion:wattevan,"Watt, Evan",Old Dominion,4,17,1550,2,0,20,11,0
umbc:ocranjojo,"Ocran, Jojo",UMBC,4,17,1550,2,0,5,3,0
gardnerwebb:campostiago,"Campos, Tiago",Gardner-Webb,7,18,1549,1,2,14,7,0
wofford:anderssonjakob,"Andersson, Jakob",Wofford,3,18,1549,0,4,0,0,0
indiana:minzeybreckin,"Minzey, Breckin",Indiana,19,19,1547,2,0,11,7,0
calpoly:ramakatsabakuena,"Ramakatsa, Bakuena",Cal Poly,7,21,1511,1,2,16,5,0
robertmorris:gorbellkevin,"Gorbell, Kevin",Robert Morris,15,17,1500,1,2,7,4,0
sandiego:walzowen,"Walz, Owen",San Diego,4,17,1485,1,2,8,1,0
vcu:rodriguezandres,"Rodriguez, Andres",VCU,6,17,1485,0,4,7,1,0
ucdavis:banksnami,"Banks, Nami",UC Davis,21,18,1482,2,0,20,5,0
georgiasouthern:pierrekevin,"Pierre, Kevin",Georgia Southern,8,18,1470,1,2,16,5,0
california:morrisonbeau,"Morrison, Beau",California,33,18,1465,2,0,5,3,0
saintjosephs:perlazakobe,"Perlaza, Kobe",Saint Joseph's,27,17,1457,2,0,5,3,0
clevelandstate:rodittipaolo,"Roditti , Paolo",Cleveland State,4,18,1452,1,2,7,5,0
northwestern:johnsonandrew,"Johnson, Andrew",Northwestern,3,17,1451,1,2,9,4,0
lehigh:levynoah,"Levy, Noah",Lehigh,6,18,1444,1,2,5,3,0
army:berardinicholas,"Berardi, Nicholas",Army,18,19,1431,0,4,2,1,0
hofstra:ziewiecjan,"Ziewiec, Jan",Hofstra,20,16,1419,2,0,10,3,0
bostoncollege:burkhardtjack,"Burkhardt, Jack",Boston College,23,17,1407,1,2,14,3,0
umbc:johnsbranden,"Johns, Branden",UMBC,5,17,1406,1,2,4,2,0
saintlouis:schrammnick,"Schramm, Nick",Saint Louis,23,22,1387,2,0,4,2,0
uncasheville:woodcharlie,"Wood, Charlie",UNC Asheville,10,16,1383,1,2,9,3,0
creighton:edelmanbrian,"Edelman, Brian",Creighton,3,16,1379,2,0,8,2,0
ucirvine:gonzalezgustavo,"Gonzalez, Gustavo",UC Irvine,5,21,1378,1,2,3,1,0
saintlouis:fournierdrake,"Fournier, Drake",Saint Louis,19,19,1378,2,0,12,6,0
mercyhurst:gansermario,"Ganser, Mario",Mercyhurst,4,16,1362,2,0,9,3,0
davidsoncollege:quanbecknico,"Quanbeck, Nico",Davidson College,19,19,1361,2,0,19,10,0
calstatefullerton:wabwandalucien,"Wa Bwanda, Lucien",Cal State Fullerton,31,18,1360,1,2,5,2,0
templeuniversity:kampulapaolo,"Kampula, Paolo",Temple University,23,16,1359,2,0,11,3,0
pennstate:marshallmorgan,"Marshall, Morgan",Penn State,14,17,1358,1,2,15,7,0
manhattan:asplinrowleymax,"Asplin-Rowley, Max",Manhattan,3,16,1344,0,4,12,5,0
ucriverside:elliottbrady,"Elliott, Brady",UC Riverside,12,16,1343,1,2,5,3,0
belmontuniversity:forbesparker,"Forbes, Parker",Belmont University,2,16,1338,1,2,3,1,0
radford:kucalukas,"Kuca, Lukas",Radford,21,17,1333,2,0,13,4,0
uncwilmington:carmichaelgavin,"Carmichael, Gavin",UNC Wilmington,3,15,1331,1,2,8,6,0
stbonaventure:shillingtoncallum,"Shillington, Callum",St. Bonaventure,6,15,1316,1,2,23,7,0
notredame:baffourkk,"Baffour, KK",Notre Dame,10,18,1306,1,2,28,10,0
fiu:travisowen,"Travis, Owen",FIU,3,16,1306,2,0,16,4,0
clemson:jimenezmason,"Jimenez, Mason",Clemson,16,17,1300,1,2,14,4,0
purduefortwayne:leonchristian,"Leon, Christian",Purdue Fort Wayne,11,17,1294,1,2,12,6,0
army:meyerjack,"Meyer, Jack",Army,17,18,1294,0,4,10,1,0
northflorida:schachererpaul,"Schacherer, Paul",North Florida,5,15,1290,1,2,14,5,0
virginiatech:belatracheyanis,"Belatrache, Yanis",Virginia Tech,5,16,1285,1,2,14,6,0
georgewashington:prendergastcolin,"Prendergast, Colin",George Washington,4,16,1285,2,0,12,5,0
vermont:aokirui,"Aoki, Rui",Vermont,4,15,1283,2,0,12,5,0
drake:gjerdeeskil,"Gjerde, Eskil",Drake,15,17,1262,1,2,10,5,0
stthomas:klevbergsimon,"Klevberg, Simon",St. Thomas,2,15,1258,1,2,6,3,0
virginiatech:arielyamir,"Ariely, Amir",Virginia Tech,2,16,1252,1,2,12,9,0
greenbay:murraypowelljeloni,"Murray-Powell, Jeloni",Green Bay,6,15,1252,1,2,8,2,0
butler:pittseckersallsam,"Pitts-Eckersall, Sam",Butler,8,17,1251,2,0,14,3,0
georgemason:montavajavier,"Montava, Javier",George Mason,23,14,1242,1,2,13,2,0
howard:robinsonnaim,"Robinson, Naim",Howard,21,15,1240,1,2,24,5,0
akron:pedrojose,"Pedro, Jose",Akron,26,20,1235,0,4,10,2,0
delaware:kershneremmett,"Kershner, Emmett",Delaware,17,16,1232,1,2,7,4,0
navy:torresjp,"Torres, JP",Navy,18,15,1225,1,2,3,1,0
mercer:taylorwill,"Taylor, Will",Mercer,21,18,1224,1,2,26,9,0
davidsoncollege:maadirayman,"Maadir, Ayman",Davidson College,3,19,1219,2,0,11,6,0
wakeforest:thomasamoni,"Thomas, Amoni",Wake Forest,4,17,1213,0,4,11,1,0
northernkentucky:boaghebranistesteven,"Boaghe Braniste, Steven",Northern Kentucky,3,14,1211,2,0,12,7,0
northflorida:khelilanton,"Khelil, Anton",North Florida,10,15,1199,1,2,22,10,0
unlv:craigjonah,"Craig, Jonah",UNLV,6,14,1190,1,2,6,2,0
utahvalley:amtruptoke,"Amtrup, Toke",Utah Valley,3,14,1183,2,0,9,5,0
ucirvine:gutierrezisaiahs,"Gutierrez, Isaiahs",UC Irvine,8,21,1175,1,2,9,4,0
northwestern:tarletonbaraka,"Tarleton, Baraka",Northwestern,13,17,1174,1,2,8,2,0
grandcanyon:cobianfelipe,"Cobian, Felipe",Grand Canyon,3,13,1166,1,2,27,6,0
loyolachicago:firsdaniel,"Firs, Daniel",Loyola Chicago,14,13,1159,2,0,7,3,0
purduefortwayne:soriamarcos,"Soria, Marcos",Purdue Fort Wayne,2,16,1158,0,4,8,3,0
milwaukee:berghauerryan,"Berghauer, Ryan",Milwaukee,12,15,1141,2,0,18,8,0
georgemason:godinhojaime,"Godinho, Jaime",George Mason,22,14,1131,1,2,20,6,0
lindenwood:haeslerleandro,"Haesler, Leandro",Lindenwood,14,13,1130,1,2,7,3,0
villanova:avaloslorenzo,"Avalos, Lorenzo",Villanova,5,15,1128,1,2,5,2,0
furman:coxgabe,"Cox, Gabe",Furman,33,22,1128,1,2,14,4,0
airforce:odlesean,"Odle, Sean",Air Force,7,16,1124,2,0,17,8,0
butler:boscloukent,"Bosc, Lou-Kent",Butler,17,16,1120,1,2,7,2,0
georgiasouthern:steelefinn,"Steele, Finn",Georgia Southern,27,18,1110,0,4,2,0,0
creighton:shimonishiryusei,"Shimonishi, Ryusei",Creighton,12,16,1104,1,2,17,4,0
lemoynecollege:michittigiuliano,"Michitti, Giuliano",Le Moyne College,10,16,1096,2,0,17,6,0
westvirginia:christouconstantinos,"Christou, Constantinos",West Virginia,8,19,1094,0,4,9,2,0
unlv:roblesandres,"Robles, Andres",UNLV,24,14,1091,1,2,10,5,0
liu:keogansam,"Keogan, Sam",LIU,19,12,1080,2,0,5,2,0
stbonaventure:mercerdean,"Mercer, Dean",St. Bonaventure,15,15,1080,1,2,12,6,0
merrimackcollege:delgiudicerocco,"DelGiudice, Rocco",Merrimack College,5,13,1079,0,4,5,0,0
dartmouthcollege:wilsonjames,"Wilson, James",Dartmouth College,17,14,1078,1,2,8,4,0
utahvalley:aureliengilles,"Aurelien, Gilles",Utah Valley,5,13,1076,1,2,10,3,0
northflorida:riosrafa,"Rios, Rafa",North Florida,21,15,1071,1,2,3,2,0
mercyhurst:duffaumarcel,"Duffau, Marcel",Mercyhurst,13,16,1071,2,0,11,6,0
sacramentostate:gileszac,"Giles, Zac",Sacramento State,19,14,1066,2,0,19,9,0
stonehillcollege:lagoanathan,"Lagoa, Nathan",Stonehill College,18,15,1065,2,0,22,7,0
pacific:heisnerjacob,"Heisner, Jacob",Pacific,2,14,1057,2,0,9,6,0
lemoynecollege:stuartcameron,"Stuart, Cameron",Le Moyne College,7,16,1055,1,2,16,10,0
holycross:cullkevin,"Cull, Kevin",Holy Cross,13,14,1052,0,4,8,3,0
syracuse:fortierkristjan,"Fortier, Kristjan",Syracuse,26,20,1048,1,2,13,3,0
northwestern:princenigel,"Prince, Nigel",Northwestern,12,14,1046,2,0,12,7,0
georgetown:staffordoliver,"Stafford, Oliver",Georgetown,4,18,1043,2,0,3,3,0
depaul:waskijayden,"Waski, Jayden",DePaul,31,17,1035,0,4,12,4,0
oakland:baylongabriel,"Baylon, Gabriel",Oakland,6,17,1028,1,2,21,6,0
lafayette:gordonoliver,"Gordon, Oliver",Lafayette,13,21,1020,2,0,7,3,0
delaware:schroederjan,"Schroeder, Jan",Delaware,3,16,1016,0,4,12,7,0
easternillinois:hayashishion,"Hayashi, Shion",Eastern Illinois,21,17,1009,2,0,13,5,0
xavier:okekeekene,"Okeke, Ekene",Xavier,28,15,1005,1,2,3,2,0
elon:kitchcharlie,"Kitch, Charlie",Elon,15,16,1005,2,0,8,4,0
uab:melendezalan,"Melendez, Alan",UAB,14,15,1004,2,0,6,4,0
ucriverside:hamidehtarek,"Hamideh, Tarek",UC Riverside,14,16,994,1,2,15,5,0
bellarmine:mccrerytate,"McCrery, Tate",Bellarmine,12,15,987,2,0,16,7,0
sacramentostate:strangionick,"Strangio, Nick",Sacramento State,25,17,982,2,0,6,4,0
omaha:igarashiyoshiki,"Igarashi, Yoshiki",Omaha,11,13,982,0,4,15,8,0
manhattan:reinharthenry,"Reinhart, Henry",Manhattan,30,16,978,2,0,9,6,0
newhampshire:derozaxahvi,"DeRoza  , Xahvi",New Hampshire,12,17,959,1,2,17,5,0
mountstmarys:garciaisaiah,"Garcia, Isaiah",Mount St. Mary's,29,16,958,2,0,21,8,0
depaul:flowerstyler,"Flowers, Tyler",DePaul,16,17,954,2,0,15,6,0
westvirginia:swinehartbryce,"Swinehart, Bryce",West Virginia,12,19,946,1,2,3,2,0
hofstra:chrysostomouevangelos,"Chrysostomou, Evangelos",Hofstra,28,17,942,1,2,8,2,0
colgate:pipkinblake,"Pipkin, Blake",Colgate,11,13,941,1,2,30,13,0
californiabaptist:ezekwukafelix,"Ezekwuka, Felix",California Baptist,22,16,941,1,2,19,8,0
umasslowell:perezoscar,"Perez, Oscar",UMass Lowell,5,15,939,2,0,6,2,0
villanova:vazquezkarson,"Vazquez, Karson",Villanova,15,19,938,2,0,13,5,0
fiu:villalobosnicolas,"Villalobos, Nicolas",FIU,10,17,933,1,2,12,4,0
ucdavis:tanonchase,"Tanon, Chase",UC Davis,9,16,932,2,0,39,13,0
lafayette:papadopoulosnicolas,"Papadopoulos, Nicolas",Lafayette,11,22,928,1,2,12,4,0
yale:farouzjoseph,"Farouz, Joseph",Yale,10,15,924,2,0,23,10,0
seattle:brunellcooper,"Brunell, Cooper",Seattle,6,14,922,1,2,11,4,0
hofstra:armasaleksei,"Armas, Aleksei",Hofstra,34,16,922,1,2,17,5,0
northflorida:mcmanusjrbrian,"McManus Jr., Brian",North Florida,23,15,910,1,2,4,2,0
jacksonville:halllogan,"Hall, Logan",Jacksonville,22,11,910,1,2,9,4,0
duquesne:jellashton,"Jell, Ashton",Duquesne,16,15,884,1,2,6,4,0
ucriverside:gonzalezethan,"Gonzalez, Ethan",UC Riverside,16,16,868,1,2,2,2,0
louisville:quintosryan,"Quintos, Ryan",Louisville,13,17,864,2,0,10,2,0
davidsoncollege:louzannoah,"Louzan, Noah",Davidson College,10,19,861,2,0,22,5,0
indiana:kinsellanolan,"Kinsella, Nolan",Indiana,27,19,857,0,4,11,1,0
rhodeisland:vasicparker,"Vasic, Parker",Rhode Island,9,16,857,1,2,19,6,0
columbiauniversity:franciosaalessandro,"Franciosa, Alessandro",Columbia University,5,14,857,2,0,11,4,0
fiu:sanchezdiego,"Sanchez, Diego",FIU,27,17,856,1,2,7,4,0
drexel:moerckvictor,"Moerck, Victor",Drexel,10,16,850,2,0,14,5,0
tulsa:chonggyuwon,"Chong, Gyuwon",Tulsa,10,18,849,2,0,20,9,0
calpoly:linasfinn,"Linas, Finn",Cal Poly,13,21,837,2,0,20,8,0
canisius:mataglodie,"Mata, Glodie",Canisius,11,16,828,1,2,11,6,0
american:sullivanchris,"Sullivan, Chris",American,7,16,817,0,4,12,2,0
ohiostate:creechtanner,"Creech, Tanner",Ohio State,31,16,816,2,0,16,7,0
uic:cruzjacobo,"Cruz, Jacobo",UIC,4,9,805,2,0,3,2,0
clevelandstate:rimacjosip,"Rimac, Josip",Cleveland State,11,18,801,0,4,17,6,0
easternillinois:boykinadam,"Boykin, Adam",Eastern Illinois,9,16,800,2,0,21,14,0
dayton:lijewskicooper,"Lijewski, Cooper",Dayton,12,18,798,1,2,15,11,0
umasslowell:champagnealex,"Champagne, Alex",UMass Lowell,20,15,795,2,0,19,8,0
oralroberts:denisemmanuel,"Denis, Emmanuel",Oral Roberts,6,17,792,1,2,6,5,0
bellarmine:cadaganmartin,"Cadagan, Martin",Bellarmine,37,13,791,2,0,7,5,0
umbc:amoahkofi,"Amoah, Kofi",UMBC,23,17,788,0,4,16,4,0
williammary:brancodiogo,"Branco, Diogo",William & Mary,8,10,783,1,2,6,2,0
vmi:mejiayeirin,"Mejia, Yeirin",VMI,7,17,773,1,2,20,7,0
unlv:vazquezmanolo,"Vazquez, Manolo",UNLV,2,11,771,2,0,4,3,0
columbiauniversity:zielinskiluke,"Zielinski, Luke",Columbia University,13,15,755,1,2,19,9,0
california:lewiscallen,"Lewis, Callen",California,23,18,746,2,0,15,5,0
jamesmadison:ossadiego,"Ossa, Diego",James Madison,17,16,740,2,0,9,3,0
wrightstate:espinalelviredwin,"Espinal-Elvir, Edwin",Wright State,11,15,740,1,2,17,6,0
detroitmercy:karjianmano,"Karjian, Mano",Detroit Mercy,11,13,731,1,2,19,9,0
smu:hickamlandon,"Hickam, Landon",SMU,16,19,723,2,0,6,4,0
memphis:mutirisamuel,"Mutiri, Samuel",Memphis,6,15,720,2,0,9,3,0
niagara:applewhitezachary,"Applewhite, Zachary",Niagara,16,10,720,1,2,10,5,0
bostoncollege:abdulmalakziad,"Abdul-Malak, Ziad",Boston College,8,17,715,1,2,19,9,0
detroitmercy:sylvainguershom,"Sylvain, Guershom",Detroit Mercy,10,13,709,1,2,16,6,0
calpoly:stuppeloren,"Stuppel, Oren",Cal Poly,11,21,706,2,0,17,6,0
njit:martinezcubelsergio,"Martinez Cubel, Sergio",NJIT,11,10,704,1,2,20,11,0
templeuniversity:brownnathan,"Brown, Nathan",Temple University,20,16,703,1,2,7,3,0
pittsburgh:ferreirasantiago,"Ferreira, Santiago",Pittsburgh,28,18,701,1,2,13,2,0
memphis:aboohamidiadam,"Aboohamidi, Adam",Memphis,21,15,699,0,4,11,4,0
iona:romanjrjaime,"Roman Jr., Jaime",Iona,24,9,692,0,4,0,0,0
westernmichigan:villagomezgabe,"Villagomez, Gabe",Western Michigan,7,21,691,1,2,28,9,0
ohiostate:bilowashton,"Bilow, Ashton",Ohio State,10,14,691,1,2,20,9,0
omaha:kleintheo,"Klein, Theo",Omaha,10,10,689,2,0,14,5,0
ucsantabarbara:haldwillumsennicolas,"Hald Willumsen, Nicolas",UC Santa Barbara,9,22,680,2,0,24,8,0
sanfrancisco:judkinsjaggar,"Judkins, Jaggar",San Francisco,17,16,677,2,0,16,6,0
american:parrareyes,"Parra, Reyes",American,17,16,677,1,2,21,9,0
siue:hackenbergethan,"Hackenberg, Ethan",SIUE,8,13,667,2,0,24,7,0
umass:kellyaidan,"Kelly, Aidan",UMass,4,12,667,2,0,13,9,0
greenbay:lecheltnoah,"Lechelt, Noah",Green Bay,20,15,666,1,2,18,7,0
fgcu:martinezsalvador,"Martinez, Salvador",FGCU,17,11,664,1,2,14,7,0
vmi:fuentesramosandres,"Fuentes-Ramos, Andres",VMI,14,14,652,1,2,4,2,0
sandiego:eaglestontaj,"Eagleston, Taj",San Diego,27,17,651,0,4,21,4,0
bostoncollege:mafongdylan,"Mafong, Dylan",Boston College,29,17,650,2,0,15,8,0
fiu:mutsolienrique,"Mutsoli, Enrique",FIU,12,17,650,2,0,18,11,0
lindenwood:cerdatoussebastia,"Cerda Tous, Sebastia",Lindenwood,7,14,634,1,2,28,8,0
lipscomb:rodriguezrobert,"Rodriguez, Robert",Lipscomb,25,16,631,2,0,14,4,0
seattle:yeoismael,"Yeo, Ismael",Seattle,29,12,629,1,2,5,1,0
csun:pinedaenrique,"Pineda, Enrique",CSUN,15,14,625,2,0,19,9,0
liberty:tamashirokai,"Tamashiro, Kai",Liberty,17,19,620,1,2,14,8,0
kansascity:kisokaelie,"Kisoka, Elie",Kansas City,9,19,619,1,2,17,5,0
missouristate:jenningsjames,"Jennings, James",Missouri State,9,16,618,2,0,9,3,0
saintjosephs:tveitreffsgaardherman,"Tveit-Reffsgaard, Herman",Saint Joseph's,22,7,618,2,0,4,2,0
houstonchristian:oyebamijijireh,"Oyebamiji, Jireh",Houston Christian,36,18,614,2,0,14,7,0
northwestern:vandeventerjayvin,"Van Deventer, Jayvin",Northwestern,11,15,605,1,2,14,6,0
calstatefullerton:williamsfitz,"Williams, Fitz",Cal State Fullerton,15,11,604,2,0,16,6,0
ualbany:mrveljrokobranko,"Mrvelj, Roko Branko",UAlbany,5,7,599,1,2,11,5,0
marquette:lockergrant,"Locker, Grant",Marquette,16,16,597,1,2,9,4,0
fairfield:rangihaeatakaea,"Rangihaeata, Kaea",Fairfield,17,17,597,1,2,15,6,0
vermont:loebusnicolas,"Loebus, Nicolas",Vermont,16,9,593,1,2,4,3,0
charlotte:petzlandon,"Petz, Landon",Charlotte,21,15,591,1,2,7,4,0
universityofsouthernindiana:juanpablo,"Juan, Pablo",University of Southern Indiana,8,9,585,2,0,7,3,0
loyolamarymount:rodriguesnathan,"Rodrigues, Nathan",Loyola Marymount,5,7,585,0,4,5,1,0
oakland:jeanlegerchristopher,"Jean Leger, Christopher",Oakland,17,10,581,2,0,14,8,0
kansascity:gallucciogabriele,"Galluccio, Gabriele",Kansas City,10,16,578,0,4,6,1,0
depaul:clagettejordan,"Clagette, Jordan",DePaul,22,16,576,2,0,8,4,0
liu:philippkai,"Philipp, Kai",LIU,18,11,576,2,0,5,4,0
lipscomb:ramirezdiego,"Ramirez, Diego",Lipscomb,12,15,565,2,0,10,3,0
bryant:umarmuslim,"Umar, Muslim",Bryant,7,15,557,2,0,9,4,0
iona:manchenomatias,"Mancheno, Matias",Iona,27,12,543,0,4,0,0,0
umass:wadasthomas,"Wadas, Thomas",UMass,7,12,542,1,2,15,5,0
njit:leejunee,"Lee, Junee",NJIT,24,11,535,2,0,20,9,0
oralroberts:morganbenjamin,"Morgan, Benjamin",Oral Roberts,7,15,527,2,0,7,5,0
depaul:iaccinoluca,"Iaccino, Luca",DePaul,23,17,523,2,0,20,8,0
clevelandstate:celsodaniel,"Celso, Daniel",Cleveland State,13,14,523,1,2,8,5,0
jacksonville:skorveiver,"Skorve, Iver",Jacksonville,21,10,520,2,0,3,3,0
delaware:fieldbeckett,"Field, Beckett",Delaware,26,16,512,1,2,6,1,0
columbiauniversity:garciaandres,"Garcia, Andres",Columbia University,19,15,510,1,2,14,3,0
bucknell:whitmirecade,"Whitmire, Cade",Bucknell,21,16,506,0,4,1,1,0
southflorida:lasriyanis,"Lasri, Yanis",South Florida,27,18,505,1,2,6,4,0
detroitmercy:rustinsilas,"Rustin, Silas",Detroit Mercy,17,12,504,2,0,9,5,0
drake:bengelandon,"Benge, Landon",Drake,24,16,500,2,0,8,3,0
highpoint:guettelmo,"Guettel, Mo",High Point,11,15,495,2,0,20,9,0
dartmouthcollege:lulkawill,"Lulka, Will",Dartmouth College,23,14,493,2,0,5,3,0
stetson:freireandres,"Freire, Andres",Stetson,21,15,486,2,0,23,10,0
calstatebakersfield:bernauerjacob,"Bernauer, Jacob",Cal State Bakersfield,14,6,485,2,0,7,3,0
duquesne:bravopepo,"Bravo, Pepo",Duquesne,26,15,479,0,4,5,3,0
wrightstate:mitchelloneil,"Mitchell, Oneil",Wright State,24,12,469,2,0,4,2,0
wofford:dieboldsam,"Diebold, Sam",Wofford,22,17,464,1,2,4,3,0
kansascity:kodamashotaro,"Kodama, Shotaro",Kansas City,17,17,455,1,2,11,6,0
unlv:wallisbenjamin,"Wallis, Benjamin",UNLV,12,6,450,2,0,3,3,0
vcu:musabbahhakim,"Musabbah, Hakim",VCU,7,15,449,2,0,15,4,0
saintfrancis:mitchelliiithero,"Mitchell III, Thero",Saint Francis,15,7,446,2,0,12,8,0
american:beilnicholas,"Beil, Nicholas",American,4,12,443,2,0,11,3,0
westvirginia:walkersammie,"Walker, Sammie",West Virginia,27,19,442,2,0,17,10,0
westvirginia:smithbraedon,"Smith, Braedon",West Virginia,19,19,441,1,2,16,6,0
butler:rasoluca,"Raso, Luca",Butler,27,17,432,2,0,5,3,0
drake:seguradamian,"Segura, Damian",Drake,10,13,409,2,0,7,5,0
washington:obriennick,"O'Brien, Nick",Washington,11,24,407,1,2,21,7,0
villanova:mazzolamarcello,"Mazzola, Marcello",Villanova,7,14,403,1,2,9,3,0
milwaukee:huwilerfelix,"Huwiler, Felix",Milwaukee,18,13,400,1,2,5,2,0
stjohns:benjellounjad,"Benjelloun, Jad",St. John's,7,19,396,2,0,11,4,0
loyolamarymount:bokotaelie,"Bokota, Elie",Loyola Marymount,7,6,396,2,0,7,2,0
oralroberts:paladedavid,"Palade, David",Oral Roberts,9,13,388,2,0,9,4,0
oregonstate:fecteaupaul,"Fecteau, Paul",Oregon State,29,12,386,1,2,10,6,0
universityofsouthernindiana:murphytony,"Murphy, Tony",University of Southern Indiana,7,9,384,1,2,5,2,0
bryant:guerrerofernando,"Guerrero, Fernando",Bryant,5,8,377,2,0,5,3,0
rhodeisland:huhnholztim,"Huhnholz, Tim",Rhode Island,4,8,370,2,0,5,2,0
ualbany:clivevokesalexander,"Clive Vokes, Alexander",UAlbany,16,7,363,1,2,9,3,0
gardnerwebb:vaageyves,"Vaage, Yves",Gardner-Webb,4,17,360,1,2,3,2,0
niagarauniversity:cardonajuan,"Cardona, Juan",Niagara University,23,4,360,1,2,3,2,0
vcu:fengkai,"Feng, Kai",VCU,25,12,352,2,0,4,3,0
seattle:notzkaalex,"Notzka, Alex",Seattle,27,11,348,1,2,5,2,0
newhaven:buchananandrew,"Buchanan, Andrew",New Haven,9,14,345,2,0,10,4,0
chicagostate:ourognaoarafath,"Ouro-Gnao, Arafath",Chicago State,19,5,345,2,0,12,4,0
lehigh:wengerbeckett,"Wenger, Beckett",Lehigh,20,14,342,1,2,3,2,0
stetson:danielsisrael,"Daniels, Israel",Stetson,16,12,333,2,0,8,3,0
niagara:mittelstadttommy,"Mittelstadt, Tommy",Niagara,7,11,331,2,0,4,4,0
dayton:ogundarefarouq,"Ogundare, Farouq",Dayton,8,6,329,1,2,7,4,0
fdu:dlabaleric,"Dlabal, Eric",FDU,17,14,326,1,2,11,1,0
ualbany:navasandre,"Navas, Andre",UAlbany,11,7,326,1,2,7,1,0
dayton:scordomaxim,"Scordo, Maxim",Dayton,2,11,322,1,2,10,6,0
northernillinois:montoyamartin,"Montoya, Martin",Northern Illinois,23,10,318,1,2,15,3,0
stbonaventure:helledaniel,"Helle, Daniel",St. Bonaventure,19,10,313,2,0,14,5,0
ucriverside:radonjicandrija,"Radonjic, Andrija",UC Riverside,15,13,308,2,0,10,5,0
georgiasouthern:martinzachary,"Martin, Zachary",Georgia Southern,9,18,301,2,0,5,3,0
lasalle:kelleylucas,"Kelley, Lucas",La Salle,4,6,288,2,0,4,2,0
niagarauniversity:tezukareon,"Tezuka, Reon",Niagara University,9,4,274,2,0,11,5,0
campbell:saitokairi,"Saito, Kairi",Campbell,18,13,269,2,0,5,3,0
marshall:apolinariothiago,"Apolinario, Thiago",Marshall,4,19,269,2,0,4,4,0
sanjosestate:guzmananthony,"Guzman, Anthony",San Jose State,17,15,269,1,2,5,2,0
santaclara:windelljaiden,"Windell, Jaiden",Santa Clara,6,5,269,2,0,7,2,0
loyolamarymount:hutcheonjaxson,"Hutcheon, Jaxson",Loyola Marymount,17,8,262,2,0,11,7,0
unf:khelilanton,"Khelil, Anton",UNF,10,3,258,2,0,8,5,0
utrgv:deoliveiraeduardo,"De Oliveira, Eduardo",UTRGV,10,4,250,2,0,5,3,0
camels:robertsethan,"Roberts, Ethan",Camels,28,4,245,2,0,3,2,0
bradley:chesterconnor,"Chester, Connor",Bradley,20,8,243,2,0,4,4,0
camels:dapaahevans,"Dapaah, Evans",Camels,8,3,240,2,0,2,2,0
seattle:civricgavrilo,"Civric, Gavrilo",Seattle,7,10,239,1,2,3,2,0
calstatebakersfield:ogunrashaad,"Ogun, Rashaad",Cal State Bakersfield,11,6,239,2,0,5,2,0
mke:djungabienvenu,"Djunga, Bienvenu",MKE,10,3,237,2,0,7,3,0
lu:blakeethan,"Blake, Ethan",LU,3,4,231,1,2,14,7,0
utahvalley:sayawusharif,"Sayawu, Sharif",Utah Valley,29,8,228,1,2,5,3,0
fgcu:martinezromosalvador,"Martinez Romo, Salvador",FGCU,22,5,228,2,0,3,2,0
sanjosestate:baklijesper,"Bakli, Jesper",San Jose State,19,11,224,1,2,2,1,0
oregonstate:catlettsava,"Catlett, Sava",Oregon State,25,14,217,2,0,4,2,0
lasalle:forehandzachary,"Forehand, Zachary",La Salle,27,4,217,2,0,6,4,0
centralconnecticutstate:marinsantiago,"Marin, Santiago",Central Connecticut State,10,3,197,2,0,10,7,0
rhodeisland:gobadaniel,"Goba, Daniel",Rhode Island,27,6,186,2,0,4,3,0
washington:leberconner,"Leber, Conner",Washington,22,22,165,2,0,4,3,0
georgemason:diazbarragannacho,"Diaz Barragan, Nacho",George Mason,10,13,155,2,0,7,4,0
bostoncollege:reddypatrick,"Reddy, Patrick",Boston College,2,17,139,1,2,5,2,0
sandiegostate:carrilloisrael,"Carrillo, Israel",San Diego State,25,2,135,2,0,4,3,0
ualbany:mcfaddentommy,"McFadden, Tommy",UAlbany,21,7,130,2,0,4,2,0
drake:espersensnorre,"Espersen, Snorre",Drake,9,12,123,2,0,4,2,0
californiabaptist:escobarbowiezack,"Escobar-Bowie, Zack",California Baptist,21,7,114,2,0,5,4,0
grandcanyonuniversity:dioufjunior,"Diouf, Junior",Grand Canyon University,9,2,96,2,0,7,3,0
emoryhenry:ulrichdasilvasamuel,"Ulrich Da Silva, Samuel",Emory & Henry,9,1,76,2,0,6,3,0
fgu:martinezsalvador,"Martinez, Salvador",FGU,17,1,76,2,0,2,2,0
usf:belmudesjoo,"Belmudes, João",USF,10,1,70,2,0,3,2,0
ncw:miralriobryan,"Miralrio, Bryan",NCW,14,1,61,2,0,3,2,0
gu:zenguezach,"Zengue, Zach",GU,19,1,59,2,0,5,5,0
flames:swinehartdylan,"Swinehart, Dylan",FLAMES,13,1,39,2,0,2,2,0
indiana:bezerraluka,"Bezerra, Luka",Indiana,15,17,26,2,0,2,2,0
michiganstate:team,TEAM,Michigan State,TM,1,0,2,0,0,0,0
saintmarys:team,TEAM,Saint Mary's,TM,2,0,2,0,0,0,0
georgetown:team,TEAM,Georgetown,TM,2,0,2,0,0,0,0
calpoly:team,TEAM,Cal Poly,TM,2,0,2,0,0,0,0
kansascity:team,TEAM,Kansas City,TM,2,0,2,0,0,0,0
campbell:tmteam,"TM 
                                            TEAM",Campbell,TM,2,0,2,0,0,0,0
denver:akaudylan,"Akau, Dylan",Denver,2,22,2000,1,1,17,3,0
westernmichigan:shannonchristian,"Shannon, Christian",Western Michigan,14,22,1870,1,1,9,4,0
akron:dreasmatt,"Dreas, Matt",Akron,22,21,1852,1,1,10,5,0
northcarolina:kroppdylan,"Kropp, Dylan",North Carolina,4,20,1825,1,1,7,2,0
smu:starnesslade,"Starnes, Slade",SMU,5,20,1782,1,1,9,5,0
northcarolina:czechandrew,"Czech, Andrew",North Carolina,27,20,1779,0,3,17,3,0
lafayette:liebichnicholas,"Liebich, Nicholas",Lafayette,34,20,1777,1,1,20,9,0
setonhall:guskeliam,"Guske, Liam",Seton Hall,4,19,1717,0,3,4,3,0
georgetown:helfrichmatthew,"Helfrich, Matthew",Georgetown,20,19,1677,0,3,10,3,0
furman:munsonluke,"Munson, Luke",Furman,27,22,1663,0,3,12,6,0
sanjosestate:lopezjavier,"Lopez, Javier",San Jose State,18,19,1660,1,1,4,1,0
liberty:molerspencer,"Moler, Spencer",Liberty,14,19,1659,1,1,20,8,0
saintlouis:leathermancarlos,"Leatherman, Carlos",Saint Louis,2,22,1650,0,3,11,4,0
duke:acitokamran,"Acito, Kamran",Duke,3,20,1647,0,3,15,5,0
clevelandstate:jevticuros,"Jevtic, Uros",Cleveland State,3,18,1634,1,1,5,2,0
furman:wagnerryan,"Wagner, Ryan",Furman,5,20,1626,1,1,18,7,0
notredame:lewiswyatt,"Lewis, Wyatt",Notre Dame,6,18,1595,1,1,10,7,0
ucsantabarbara:villedaeddie,"Villeda, Eddie",UC Santa Barbara,24,20,1593,0,3,20,5,0
olddominion:dunneteagan,"Dunne, Teagan",Old Dominion,3,18,1572,0,3,6,2,0
olddominion:aktanjett,"Aktan, Jett",Old Dominion,6,18,1569,1,1,10,6,0
marshall:alvesjoao,"Alves, Joao",Marshall,3,21,1562,1,1,11,3,0
denver:lundgrant,"Lund, Grant",Denver,4,19,1558,1,1,6,2,0
setonhall:berglundaxel,"Berglund, Axel",Seton Hall,16,19,1557,0,3,6,3,0
smu:panozzoenzo,"Panozzo , Enzo",SMU,14,20,1554,1,1,8,2,0
ucla:wrighttre,"Wright, Tre",UCLA,3,19,1550,0,3,6,1,0
drake:schragecole,"Schrage, Cole",Drake,3,17,1530,0,3,11,3,0
georgetown:howarderic,"Howard, Eric",Georgetown,3,19,1477,0,3,9,2,0
houstonchristian:garciaricardo,"Garcia, Ricardo",Houston Christian,6,19,1475,1,1,29,10,0
akron:kossehassefreddy,"Kossehasse, Freddy",Akron,4,21,1467,1,1,6,1,0
westvirginia:veldhorstthijs,"Veldhorst, Thijs",West Virginia,6,19,1458,1,1,7,3,0
oralroberts:koduatweneboa,"Kodua, Tweneboa",Oral Roberts,18,17,1454,1,1,9,2,0
harvard:langenbahntim,"Langenbahn, Tim",Harvard,13,17,1451,1,1,8,2,0
rideruniversity:debbagekaelan,"Debbage, Kaelan",Rider University,24,17,1449,1,1,9,4,0
indiana:wagonerjack,"Wagoner, Jack",Indiana,6,19,1443,1,1,5,3,0
umbc:kilicyigit,"Kilic, Yigit",UMBC,15,17,1432,1,1,10,7,0
presbyterian:carvalhogabe,"Carvalho, Gabe",Presbyterian,24,18,1430,1,1,3,1,0
monmouth:garciaraul,"Garcia, Raul",Monmouth,2,16,1423,1,1,10,4,0
stjohns:nagaivar,"Nå Aga, Ivar",St. John's,12,19,1416,1,1,10,2,0
harvard:castelalexander,"Castel, Alexander",Harvard,4,16,1412,1,1,4,3,0
mercer:reddtommy,"Redd, Tommy",Mercer,5,18,1394,1,1,10,3,0
drake:kittsbarrett,"Kitts, Barrett",Drake,19,17,1391,1,1,18,8,0
setonhall:donalieskonstantin,"Donalies, Konstantin",Seton Hall,6,19,1379,1,1,5,3,0
missouristate:jolleyharry,"Jolley, Harry",Missouri State,4,16,1377,1,1,1,1,0
lasalle:pereiraamerico,"Pereira , Americo",La Salle,19,17,1375,1,1,8,2,0
navy:gallowayalex,"Galloway, Alex",Navy,17,16,1355,1,1,5,2,0
fordham:bernothluca,"Bernoth, Luca",Fordham,6,17,1341,1,1,12,2,0
vcu:drennantheo,"Drennan, Theo",VCU,4,16,1332,1,1,7,2,0
missouristate:wachowiczvictor,"Wachowicz, Victor",Missouri State,5,16,1322,1,1,5,2,0
fiu:boccuzzodavid,"Boccuzzo, David",FIU,8,17,1320,1,1,13,2,0
gardnerwebb:andradeleo,"Andrade, Leo",Gardner-Webb,5,18,1310,1,1,8,3,0
pittsburgh:cartergrayson,"Carter, Grayson",Pittsburgh,20,18,1307,1,1,14,3,0
fordham:grambergede,"Gramberg, Ede",Fordham,8,15,1305,1,1,20,6,0
siue:gibsonwes,"Gibson, Wes",SIUE,4,15,1305,1,1,6,4,0
templeuniversity:egarterlukas,"Egarter, Lukas",Temple University,8,16,1298,1,1,5,2,0
ohiostate:gilejthomas,"Gilej, Thomas",Ohio State,6,16,1290,1,1,15,6,0
marist:marquesevan,"Marques, Evan",Marist,6,16,1286,1,1,28,6,0
tulsa:orywolnils,"Orywol, Nils",Tulsa,2,18,1282,0,3,6,3,0
clemson:agyabengkwaku,"Agyabeng, Kwaku",Clemson,8,16,1281,1,1,11,3,0
stanford:chowalex,"Chow, Alex",Stanford,20,21,1278,1,1,25,10,0
bucknell:lapworthfreddie,"Lapworth, Freddie",Bucknell,00,15,1270,0,3,0,0,28
california:moralesnoe,"Morales, Noe",California,11,18,1264,1,1,37,13,0
quinnipiac:segurodrew,"Seguro, Drew",Quinnipiac,24,18,1261,0,3,28,12,0
penn:dawsonconnor,"Dawson, Connor",Penn,2,14,1255,0,3,9,4,0
penn:nealmalachi,"Neal, Malachi",Penn,14,14,1252,1,1,7,4,0
vermont:afugglasludvig,"af Ugglas, Ludvig",Vermont,25,18,1251,1,1,6,4,0
columbiauniversity:mcdaidjoe,"McDaid, Joe",Columbia University,14,15,1244,0,3,11,2,0
kansascity:munozguille,"Munoz, Guille",Kansas City,4,18,1232,1,1,3,2,0
bryant:veintimillajorge,"Veintimilla, Jorge",Bryant,8,20,1228,0,3,7,2,0
bostoncollege:williamscj,"Williams, CJ",Boston College,25,17,1222,1,1,3,3,0
greenbay:okazakikazuki,"Okazaki, Kazuki",Green Bay,2,15,1222,0,3,2,1,0
iona:vogelyannik,"Vogel, Yannik",Iona,19,17,1220,1,1,9,2,0
bellarmine:coxjeffrey,"Cox, Jeffrey",Bellarmine,20,14,1215,0,3,9,1,0
charleston:goldnoah,"Gold, Noah",Charleston,23,14,1210,1,1,4,2,0
notredame:ochoadiego,"Ochoa, Diego",Notre Dame,18,17,1209,1,1,5,5,0
umbc:millergunder,"Miller, Gunder",UMBC,6,17,1202,1,1,14,3,0
bucknell:krumovdavid,"Krumov, David",Bucknell,15,17,1189,0,3,27,9,0
uncwilmington:ampofowilliam,"Ampofo, William",UNC Wilmington,17,15,1183,0,3,24,8,0
milwaukee:djungabienvenu,"Djunga, Bienvenu",Milwaukee,10,15,1183,1,1,33,13,0
georgemason:naviosanchezjordi,"Navio Sanchez, Jordi",George Mason,3,14,1181,0,3,10,4,0
pennstate:bellfreddie,"Bell, Freddie",Penn State,10,15,1177,1,1,19,7,0
coastalcarolina:almudijon,"Almudi, Jon",Coastal Carolina,10,14,1177,0,3,10,3,0
mercer:griffithbryce,"Griffith, Bryce",Mercer,11,18,1177,0,3,21,8,0
charleston:whiteezra,"White, Ezra",Charleston,8,14,1167,0,3,9,3,0
manhattan:abbatiellopaul,"Abbatiello, Paul",Manhattan,19,15,1162,1,1,7,3,0
vcu:comicamilo,"Comi, Camilo",VCU,11,17,1152,1,1,17,10,0
virginiatech:feliciojoao,"Felicio, Joao",Virginia Tech,24,15,1151,0,3,8,1,0
duquesne:mcintoshgrant,"McIntosh, Grant",Duquesne,6,14,1150,0,3,17,6,0
brown:mitchellgreyson,"Mitchell, Greyson",Brown,3,14,1149,0,3,4,1,0
georgemason:carsonwill,"Carson, Will",George Mason,19,14,1145,1,1,11,4,0
georgewashington:nicholsonalex,"Nicholson, Alex",George Washington,7,16,1137,0,3,20,9,0
stthomas:kaniabaraka,"Kania, Baraka",St. Thomas,15,15,1128,0,3,8,3,0
mercyhurst:sanchezsergio,"Sanchez, Sergio",Mercyhurst,6,16,1118,1,1,13,5,0
stonehillcollege:rapozajared,"Rapoza, Jared",Stonehill College,2,17,1116,1,1,21,14,0
newhampshire:miyataryo,"Miyata, Ryo",New Hampshire,10,17,1115,1,1,19,7,0
missouristate:estebanadrin,"Esteban, Adrián",Missouri State,10,16,1102,0,3,19,9,0
lehigh:bealerlandon,"Bealer, Landon",Lehigh,17,18,1094,0,3,6,4,0
pittsburgh:srensenniklas,"Sørensen, Niklas",Pittsburgh,5,18,1085,0,3,5,0,0
syracuse:scottnathan,"Scott, Nathan",Syracuse,7,20,1083,1,1,13,7,0
liu:chiappofrancesco,"Chiappo, Francesco",LIU,23,12,1080,1,1,6,1,0
oakland:rokanoah,"Roka, Noah",Oakland,7,17,1078,0,3,5,2,0
dartmouthcollege:fentonsam,"Fenton, Sam",Dartmouth College,24,15,1074,1,1,6,1,0
winthrop:horiiharuto,"Horii, Haruto",Winthrop,6,16,1067,1,1,6,2,0
utahvalley:abdellamason,"Abdella, Mason",Utah Valley,8,13,1061,0,3,16,3,0
uncasheville:yaobenian,"Yao, Benian",UNC Asheville,5,16,1059,1,1,7,3,0
creighton:ramadanomar,"Ramadan, Omar",Creighton,8,16,1057,1,1,13,4,0
northeastern:schmidtwill,"Schmidt, Will",Northeastern,16,15,1055,0,3,17,4,0
sandiegostate:vivianitristan,"Viviani, Tristan",San Diego State,14,14,1048,1,1,12,5,0
california:nishimuragaku,"Nishimura, Gaku",California,6,18,1042,0,3,13,1,0
lindenwood:neelyluke,"Neely, Luke",Lindenwood,4,13,1041,1,1,3,2,0
sandiegostate:jaridlyrommee,"Jaridly, Rommee",San Diego State,22,15,1037,1,1,20,4,0
louisville:camarabilal,"Camara, Bilal",Louisville,6,17,1035,0,3,21,4,0
calstatefullerton:bengardaiden,"Bengard, Aiden",Cal State Fullerton,16,16,1035,1,1,21,8,0
fiu:consolonileonardo,"Consoloni, Leonardo",FIU,16,16,1035,0,3,4,2,0
rutgers:stopekdevon,"Stopek, Devon",Rutgers,3,17,1028,1,1,6,2,0
californiabaptist:cruzalexander,"Cruz, Alexander",California Baptist,2,15,1020,1,1,11,3,0
syracuse:mensahjrernest,"Mensah Jr., Ernest",Syracuse,3,19,1019,0,3,12,4,0
duquesne:sassonofek,"Sasson, Ofek",Duquesne,4,14,1017,0,3,16,5,0
ucriverside:martinezjona,"Martinez, Jona",UC Riverside,19,16,1011,0,3,9,1,0
lasalle:osobatobi,"Osoba, Tobi",La Salle,2,13,1011,1,1,6,5,0
quinnipiac:ferreirafrancisco,"Ferreira, Francisco",Quinnipiac,19,17,1002,1,1,17,3,0
iona:rossiemilio,"Rossi, Emilio",Iona,20,17,1000,1,1,6,2,0
davidsoncollege:clarkealonzo,"Clarke, Alonzo",Davidson College,30,19,999,1,1,11,6,0
belmontuniversity:markjimiyu,"Mark, Jimiyu",Belmont University,9,15,998,1,1,15,6,0
niagara:hungerfordlandon,"Hungerford, Landon",Niagara,3,11,986,1,1,8,2,0
merrimackcollege:ruglandherman,"Rugland, Herman",Merrimack College,21,13,981,1,1,16,7,0
clevelandstate:granadosfefo,"Granados, Fefo",Cleveland State,18,18,970,0,3,4,1,0
csun:wagonerzion,"Wagoner, Zion",CSUN,33,14,960,1,1,8,3,0
northeastern:tepekade,"Tepe, Kade",Northeastern,12,15,956,1,1,18,6,0
akron:sullivanjack,"Sullivan, Jack",Akron,19,21,952,0,3,21,4,0
umbc:calheiraryan,"Calheira, Ryan",UMBC,11,17,947,0,3,17,6,0
rutgers:cabreranestor,"Cabrera, Nestor",Rutgers,21,17,945,0,3,5,1,0
liu:wheelerlondell,"Wheeler, Londell",LIU,10,12,942,0,3,15,7,0
lehigh:coughlinshea,"Coughlin, Shea",Lehigh,12,19,931,1,1,11,3,0
bucknell:sullivancollin,"Sullivan, Collin",Bucknell,12,17,931,1,1,9,6,0
fau:aingejosh,"Ainge, Josh",FAU,15,19,921,0,3,4,2,0
charlotte:hollowayxavier,"Holloway, Xavier",Charlotte,2,15,909,1,1,6,3,0
georgetown:letayfdiego,"Letayf, Diego",Georgetown,6,16,906,0,3,5,2,0
saintpeters:holtadam,"Holt, Adam",Saint Peter's,9,15,905,0,3,12,4,0
njit:lograssocristian,"LoGrasso, Cristian",NJIT,8,12,904,1,1,10,3,0
longwood:salvesenchrister,"Salvesen, Christer",Longwood,8,11,903,1,1,1,1,0
pacific:erfanimassimo,"Erfani, Massimo",Pacific,17,17,894,1,1,14,6,0
iuindy:nielsenchristian,"Nielsen, Christian",IU Indy,32,15,894,1,1,13,5,0
bostonuniversity:williamsdylan,"Williams, Dylan",Boston University,22,17,893,0,3,15,6,0
wakeforest:kruegerdaniel,"Krueger, Daniel",Wake Forest,5,16,890,1,1,5,1,0
georgetown:godinhoaidan,"Godinho, Aidan",Georgetown,13,19,888,1,1,4,3,0
lemoynecollege:allportrhys,"Allport, Rhys",Le Moyne College,19,13,885,1,1,20,11,0
maryland:cissefarouk,"Cisse, Farouk",Maryland,90,19,883,1,1,14,3,0
wrightstate:mensahishmael,"Mensah, Ishmael",Wright State,14,15,875,0,3,8,3,0
westvirginia:scarglenicolas,"Scargle, Nicolas",West Virginia,5,18,872,1,1,3,3,0
colgate:beerlingjack,"Beerling, Jack",Colgate,6,13,867,1,1,6,1,0
olddominion:menendezmiguel,"Menendez, Miguel",Old Dominion,17,18,861,1,1,20,12,0
niagara:dadechase,"Dade, Chase",Niagara,18,11,860,1,1,7,6,0
williammary:delgadosam,"Delgado, Sam",William & Mary,15,11,855,1,1,23,11,0
saintmarys:knighttj,"Knight, TJ",Saint Mary's,7,16,853,1,1,14,4,0
calpoly:firouznamrylan,"Firouznam, Rylan",Cal Poly,10,21,852,1,1,13,5,0
siena:cajamarcamark,"Cajamarca, Mark",Siena,20,14,852,1,1,7,3,0
umasslowell:costamatteo,"Costa, Matteo",UMass Lowell,22,15,851,1,1,11,3,0
siue:renzzach,"Renz, Zach",SIUE,14,15,847,1,1,8,5,0
umass:vrhivan,"Vrh, Ivan",UMass,20,12,846,1,1,15,6,0
uncasheville:kwasnikdylan,"Kwasnik, Dylan",UNC Asheville,28,16,845,1,1,5,1,0
sanjosestate:ruizneo,"Ruiz, Neo",San Jose State,16,18,818,1,1,25,10,0
columbiauniversity:yahalomamir,"Yahalom, Amir",Columbia University,28,15,817,0,3,8,1,0
ucsantabarbara:noordegraafthomas,"Noordegraaf, Thomas",UC Santa Barbara,85,22,810,0,3,8,4,0
sandiegostate:imparatolleyton,"Imparato, Lleyton",San Diego State,11,16,806,0,3,8,2,0
winthrop:adamsondiomario,"Adamson, Diomario",Winthrop,8,16,800,1,1,19,3,0
penn:sakaloskyerickson,"Sakalosky, Erickson",Penn,11,14,796,0,3,21,6,0
radford:jergaanton,"Jerga, Anton",Radford,3,17,793,0,3,2,1,0
jacksonville:vallesdiego,"Valles, Diego",Jacksonville,8,11,790,1,1,7,3,0
incarnateword:padillagiovanni,"Padilla, Giovanni",Incarnate Word,34,11,789,0,3,1,0,0
williammary:burneydamen,"Burney, Damen",William & Mary,17,11,782,1,1,4,3,0
loyolachicago:janjicpetar,"Janjic, Petar",Loyola Chicago,15,14,777,0,3,14,4,0
columbiauniversity:casewill,"Case, Will",Columbia University,16,15,776,1,1,9,3,0
ucf:muendokenn,"Muendo, Kenn",UCF,28,19,768,1,1,15,5,0
houstonchristian:onutcezar,"Onut, Cezar",Houston Christian,9,18,767,0,3,15,7,0
bostonuniversity:grossmanjack,"Grossman, Jack",Boston University,33,17,763,1,1,8,2,0
californiabaptist:pinoadolfo,"Pino, Adolfo",California Baptist,7,16,761,1,1,13,5,0
wisconsin:portercristobal,"Porter, Cristobal",Wisconsin,10,16,757,1,1,17,6,0
michiganstate:munsonbrandon,"Munson, Brandon",Michigan State,5,16,756,1,1,8,2,0
bellarmine:morgancade,"Morgan, Cade",Bellarmine,2,14,754,1,1,25,4,0
sandiego:rhoadesoliver,"Rhoades, Oliver",San Diego,7,13,748,0,3,7,2,0
columbiauniversity:yangryan,"Yang, Ryan",Columbia University,7,15,746,1,1,12,3,0
greenbay:nicholsonluke,"Nicholson, Luke",Green Bay,7,15,739,1,1,16,8,0
stjohns:fargnoliluca,"Fargnoli, Luca",St. John's,16,19,733,1,1,26,10,0
milwaukee:jarvisbreon,"Jarvis, Breon",Milwaukee,16,14,728,0,3,5,1,0
templeuniversity:rigbertelliot,"Rigbert, Elliot",Temple University,15,16,723,1,1,8,5,0
oregonstate:carbonelliker,"Carbonell, Iker",Oregon State,2,10,722,0,3,9,1,0
loyolamarymount:nievesismail,"Nieves, Ismail",Loyola Marymount,12,8,720,1,1,6,3,0
saintlouis:delkusjackson,"Delkus, Jackson",Saint Louis,22,21,711,1,1,23,10,0
navy:parkerluke,"Parker, Luke",Navy,24,14,705,1,1,10,1,0
manhattan:lucasjames,"Lucas, James",Manhattan,27,15,704,1,1,20,6,0
stjohns:goncalvesigor,"Goncalves, Igor",St. John's,3,19,681,1,1,12,4,0
duquesne:matthassonhkondagur,"Matthíasson, Hákon Dagur",Duquesne,7,12,678,1,1,5,1,0
marquette:costabileantonio,"Costabile, Antonio",Marquette,7,16,677,1,1,19,7,0
villanova:oladelejosh,"Oladele, Josh",Villanova,18,15,676,1,1,11,5,0
quinnipiac:sigurjonssonsindri,"Sigurjonsson, Sindri",Quinnipiac,18,17,672,1,1,8,5,0
drexel:combschristian,"Combs, Christian",Drexel,11,16,670,1,1,9,2,0
kansascity:ospinatimothy,"Ospina, Timothy",Kansas City,21,19,668,1,1,10,2,0
fdu:timank,"Tima, Nk",FDU,6,14,667,1,1,4,2,0
lasalle:yurgelsean,"Yurgel, Sean",La Salle,14,16,657,1,1,21,6,0
manhattan:araujojason,"Araujo, Jason",Manhattan,20,15,655,1,1,5,3,0
umasslowell:wohlthenry,"Wohlt, Henry",UMass Lowell,3,15,650,1,1,1,1,0
clevelandstate:petrovicdjordje,"Petrovic, Djordje",Cleveland State,10,14,646,0,3,8,1,0
pennstate:ovesensamuel,"Ovesen, Samuel",Penn State,4,15,645,1,1,6,2,0
liu:sommermaximilian,"Sommer, Maximilian",LIU,16,10,645,1,1,3,2,0
canisius:petruccimason,"Petrucci, Mason",Canisius,7,15,642,0,3,8,1,0
creighton:braggbrady,"Bragg, Brady",Creighton,20,16,641,1,1,18,6,0
uab:barbosagustavo,"Barbosa, Gustavo",UAB,6,14,637,1,1,6,2,0
bradley:hjorvarssonnokkvi,"Hjorvarsson, Nokkvi",Bradley,22,9,635,0,3,8,4,0
bellarmine:marksjackson,"Marks, Jackson",Bellarmine,22,12,634,1,1,11,6,0
dartmouthcollege:bildenben,"Bilden, Ben",Dartmouth College,30,14,625,1,1,4,4,0
sanfrancisco:atiyesamuel,"Atiye, Samuel",San Francisco,6,16,624,1,1,7,3,0
providence:staffordcaden,"Stafford, Caden",Providence,6,16,622,1,1,12,3,0
calstatefullerton:quinterojorge,"Quintero, Jorge",Cal State Fullerton,99,11,619,1,1,13,7,0
oakland:knestrictmiller,"Knestrict, Miller",Oakland,14,13,613,1,1,4,1,0
harvard:lonerganshane,"Lonergan, Shane",Harvard,20,17,610,1,1,13,3,0
uncasheville:ragnarssonviar,"Ragnarsson, Viðar",UNC Asheville,2,7,607,1,1,1,1,0
drake:mendezjonathan,"Mendez, Jonathan",Drake,27,16,605,0,3,14,4,0
memphis:difalcoanthony,"DiFalco, Anthony",Memphis,27,15,602,0,3,4,2,0
bellarmine:halevyalex,"Halevy, Alex",Bellarmine,9,15,601,1,1,11,5,0
saintmarys:kobeycameron,"Kobey, Cameron",Saint Mary's,24,16,594,1,1,4,3,0
campbell:lavielleluc,"Lavielle, Luc",Campbell,23,14,593,1,1,9,3,0
penn:howardmichael,"Howard, Michael",Penn,17,13,593,1,1,10,6,0
wakeforest:walentvlad,"Walent, Vlad",Wake Forest,11,17,583,1,1,9,3,0
westernillinois:porrasdiego,"Porras, Diego",Western Illinois,10,17,578,1,1,11,4,0
olddominion:lottjago,"Lott, Jago",Old Dominion,30,15,577,1,1,6,2,0
sandiego:kanaansamy,"Kanaan, Samy",San Diego,10,15,567,1,1,14,6,0
saintjosephs:hernandezaldo,"Hernandez, Aldo",Saint Joseph's,28,12,567,1,1,4,2,0
airforce:perezmax,"Perez, Max",Air Force,33,12,564,1,1,10,5,0
pacific:abdulkadirmuharif,"Abdul-Kadir, Muharif",Pacific,4,7,562,1,1,4,3,0
duquesne:rasmussenmarko,"Rasmussen, Marko",Duquesne,19,16,560,1,1,12,2,0
calpoly:amancole,"Aman, Cole",Cal Poly,3,18,558,0,3,5,1,0
charlotte:fazendadiogo,"Fazenda, Diogo",Charlotte,7,15,547,0,3,4,1,0
creighton:kokoszkaayden,"Kokoszka, Ayden",Creighton,17,16,546,1,1,11,4,0
campbell:wrightskyler,"Wright, Skyler",Campbell,17,15,544,0,3,10,3,0
purduefortwayne:agyekumchristian,"Agyekum, Christian",Purdue Fort Wayne,15,16,539,1,1,12,4,0
iuindy:aschlimantyson,"Aschliman, Tyson",IU Indy,25,15,539,1,1,10,3,0
loyolachicago:vegesackarvedvon,"Vegesack, Arved von",Loyola Chicago,16,10,538,1,1,8,4,0
umasslowell:holmstromoliver,"Holmstrom, Oliver",UMass Lowell,9,15,530,1,1,12,7,0
calstatebakersfield:arrasfilip,"Arras, Filip",Cal State Bakersfield,16,6,529,0,3,11,3,0
mercyhurst:contiben,"Conti, Ben",Mercyhurst,34,16,528,1,1,7,2,0
portland:arorefetobo,"Aror, Efetobo",Portland,8,6,527,1,1,4,3,0
southflorida:jonesasher,"Jones, Asher",South Florida,7,17,523,1,1,8,4,0
gonzaga:onentiageremi,"Onentia, Geremi",Gonzaga,7,12,523,1,1,7,5,0
southcarolina:stjernegaardalexander,"Stjernegaard, Alexander",South Carolina,8,7,520,1,1,6,4,0
lehigh:pynadathjason,"Pynadath, Jason",Lehigh,7,16,518,0,3,8,1,0
ucla:rinconsebastian,"Rincon, Sebastian",UCLA,16,15,516,1,1,6,1,0
stetson:hausermaurice,"Hauser, Maurice",Stetson,9,12,514,1,1,10,5,0
loyolamarymount:tavareshugo,"Tavares, Hugo",Loyola Marymount,6,7,514,1,1,5,2,0
virginiatech:beutelcolin,"Beutel, Colin",Virginia Tech,11,16,513,1,1,13,7,0
iuindy:zapolskikhnikolai,"Zapolskikh, Nikolai",IU Indy,4,10,508,1,1,3,1,0
stetson:restrepomauricio,"Restrepo, Mauricio",Stetson,19,12,502,1,1,13,3,0
colgate:schachterryan,"Schachter, Ryan",Colgate,17,13,501,1,1,12,5,0
louisville:fredhallfilip,"Fredhall, Filip",Louisville,12,17,496,1,1,8,2,0
utahtech:coystetson,"Coy, Stetson",Utah Tech,35,15,490,1,1,8,3,0
ucsantabarbara:barberisaiah,"Barber, Isaiah",UC Santa Barbara,25,20,489,1,1,8,4,0
lafayette:biegonroy,"Biegon, Roy",Lafayette,29,15,489,1,1,14,5,0
robertmorris:schuenemankyle,"Schueneman, Kyle",Robert Morris,7,12,488,1,1,10,2,0
missouristate:aracridaniele,"Aracri, Daniele",Missouri State,27,16,487,1,1,8,1,0
saintmarys:monfaredkayvon,"Monfared, Kayvon",Saint Mary's,9,16,484,1,1,20,8,0
unlv:crisostomosawyer,"Crisostomo, Sawyer",UNLV,26,13,483,0,3,3,1,0
georgetown:urrutiadavid,"Urrutia, David",Georgetown,11,19,482,0,3,9,4,0
seattle:hammondluke,"Hammond, Luke",Seattle,22,12,481,0,3,7,1,0
butler:watsonadam,"Watson, Adam",Butler,10,17,480,1,1,7,4,0
marist:cavaletticaio,"Cavaletti, Caio",Marist,7,15,480,1,1,15,4,0
marshall:delaviborabonilladavid,"de la Vibora Bonilla, David",Marshall,11,8,476,1,1,6,1,0
fau:aiellofrancesco,"Aiello, Francesco",FAU,10,18,463,1,1,9,4,0
xavier:dettyely,"Detty, Ely",Xavier,27,15,462,1,1,5,2,0
fordham:disessanicholas,"Di Sessa, Nicholas",Fordham,23,13,462,1,1,8,4,0
grandcanyon:lopezjorge,"Lopez, Jorge",Grand Canyon,10,11,452,1,1,13,4,0
sacredheart:lopezcayuelajavier,"Lopez Cayuela, Javier",Sacred Heart,17,15,449,1,1,10,6,0
lindenwood:palushajjozef,"Palushaj, Jozef",Lindenwood,17,14,449,1,1,10,4,0
columbiauniversity:newmanbrandon,"Newman, Brandon",Columbia University,8,15,447,1,1,4,1,0
ncstate:lamaillethomas,"Lamaille, Thomas",NC State,5,23,436,1,1,4,1,0
stthomas:therrienchance,"Therrien, Chance",St. Thomas,11,14,431,1,1,8,6,0
dartmouthcollege:moirasvasilis,"Moiras, Vasilis",Dartmouth College,10,13,428,1,1,6,3,0
southcarolina:velazquezlopezalejandro,"Velazquez-Lopez, Alejandro",South Carolina,15,7,425,1,1,11,4,0
southflorida:haugenmathis,"Haugen, Mathis",South Florida,2,16,424,1,1,1,1,0
westernmichigan:markovskialek,"Markovski, Alek",Western Michigan,21,18,424,1,1,17,7,0
maryland:dejesusmatias,"De Jesus, Matias",Maryland,30,19,423,0,3,12,4,0
akron:fergusonnathan,"Ferguson, Nathan",Akron,9,20,420,1,1,12,3,0
sacramentostate:singhangad,"Singh, Angad",Sacramento State,22,9,419,1,1,2,2,0
universityofevansville:zecben,"Zec, Ben",University of Evansville,18,16,411,0,3,5,5,0
stthomas:corrisoliver,"Corris, Oliver",St. Thomas,13,12,411,1,1,7,1,0
bellarmine:franketeddy,"Franke, Teddy",Bellarmine,33,15,405,1,1,13,5,0
georgiastate:williamsgavin,"Williams, Gavin",Georgia State,10,9,404,1,1,6,3,0
milwaukee:zunigaalejandro,"Zuniga, Alejandro",Milwaukee,4,12,403,0,3,12,3,0
virginia:millerreese,"Miller, Reese",Virginia,19,13,402,1,1,12,2,0
bostoncollege:almendareserick,"Almendares, Erick",Boston College,22,17,398,1,1,6,1,0
campbell:martinxander,"Martin, Xander",Campbell,21,14,391,0,3,12,6,0
yale:roysebi,"Roy, Sebi",Yale,14,10,369,1,1,9,5,0
santaclara:berkovitzniv,"Berkovitz, Niv",Santa Clara,10,6,366,0,3,7,1,0
stbonaventure:vanhalderenjesper,"van Halderen, Jesper",St. Bonaventure,9,9,363,1,1,11,9,0
canisius:aggreysydney,"Aggrey, Sydney",Canisius,9,14,357,1,1,5,1,0
loyolauniversitymaryland:endacottjack,"Endacott, Jack",Loyola University Maryland,3,5,356,1,1,10,6,0
santaclara:diaganasimon,"Diagana, Simon",Santa Clara,11,6,355,0,3,5,5,0
virginia:beauvoistriton,"Beauvois, Triton",Virginia,15,14,352,1,1,8,3,0
sanfrancisco:solomisalex,"Solomis, Alex",San Francisco,8,16,344,0,3,5,1,0
niagarauniversity:hungerfordlandon,"Hungerford, Landon",Niagara University,3,4,344,1,1,3,2,0
calpoly:hogancharlie,"Hogan, Charlie",Cal Poly,24,18,343,1,1,5,3,0
rideruniversity:lucienbobby,"Lucien, Bobby",Rider University,4,14,338,1,1,8,4,0
ohiostate:waughnyle,"Waugh, Nyle",Ohio State,19,16,332,1,1,9,4,0
northflorida:mattocksalfie,"Mattocks, Alfie",North Florida,3,13,322,0,3,4,2,0
dartmouthcollege:blaketrenton,"Blake, Trenton",Dartmouth College,11,13,320,1,1,13,5,0
siena:fogartybenjamin,"Fogarty, Benjamin",Siena,44,13,311,0,3,2,1,0
georgemason:britokenzo,"Brito, Kenzo",George Mason,11,10,305,1,1,6,3,0
sacramentostate:yanghiroshi,"Yang, Hiroshi",Sacramento State,8,10,304,1,1,8,3,0
northflorida:ferreiraricardo,"Ferreira, Ricardo",North Florida,12,14,304,1,1,12,3,0
ucdavis:haggertygabriel,"Haggerty, Gabriel",UC Davis,5,12,296,1,1,6,2,0
loyolauniversitymaryland:luchiesjordy,"Luchies, Jordy",Loyola University Maryland,4,6,296,0,3,1,1,0
kansascity:beunzamariano,"Beunza, Mariano",Kansas City,7,17,293,1,1,9,2,0
loyolamarymount:cluttonlewis,"Clutton, Lewis",Loyola Marymount,10,7,293,1,1,12,5,0
maryland:quistthersonkenny,"Quist-Therson, Kenny",Maryland,17,19,288,1,1,3,1,0
southcarolina:baderkeanan,"Bader, Keanan",South Carolina,19,7,287,1,1,5,2,0
iona:curtisebastian,"Curti, Sebastian",Iona,17,9,286,1,1,5,2,0
akron:ngongangfarrel,"Ngongang, Farrel",Akron,21,20,284,1,1,9,3,0
sanfrancisco:alafranjizane,"Alafranji, Zane",San Francisco,19,16,283,1,1,2,2,0
liu:levytal,"Levy, Tal",LIU,9,8,282,1,1,8,5,0
umasslowell:leonardojean,"Leonardo, Jean",UMass Lowell,17,14,277,1,1,6,2,0
northwestern:jallowomar,"Jallow, Omar",Northwestern,14,11,276,1,1,9,4,0
northcarolina:antoneliuscharlie,"Antonelius, Charlie",North Carolina,6,19,274,1,1,6,3,0
seattle:wiskelnico,"Wiskel, Nico",Seattle,10,11,272,1,1,3,1,0
loyolachicago:mendezangel,"Mendez, Angel",Loyola Chicago,17,10,266,1,1,6,3,0
sandiego:antwigodwin,"Antwi, Godwin",San Diego,20,11,256,1,1,8,6,0
csubakersfield:heinrichnils,"Heinrich, Nils",CSU Bakersfield,9,7,246,1,1,2,2,0
belmontuniversity:arandaemmanuel,"Aranda, Emmanuel",Belmont University,25,14,244,1,1,5,5,0
templeuniversity:perezanthony,"Perez, Anthony",Temple University,12,16,242,1,1,6,4,0
grandcanyon:tabaresrichard,"Tabares, Richard",Grand Canyon,16,8,232,1,1,5,2,0
maryland:stmartinbrian,"St. Martin, Brian",Maryland,28,19,227,1,1,4,2,0
universityatalbany:mrveljrokobranko,"Mrvelj, Roko Branko",University at Albany,5,3,225,0,3,0,0,0
jax:tobonmatias,"Tobon, Matias",JAX,27,4,213,1,1,8,3,0
drexel:grubicgianluca,"Grubic, Gianluca",Drexel,14,14,211,1,1,5,3,0
presbyterian:walenchokmike,"Walenchok, Mike",Presbyterian,25,11,211,1,1,4,1,0
umasslowell:hwangjunyoung,"Hwang, Junyoung",UMass Lowell,13,15,210,1,1,3,2,0
loyola:endacottjack,"Endacott, Jack",Loyola,3,4,209,1,1,2,1,0
oregonstate:rodriguezdiego,"Rodriguez, Diego",Oregon State,8,12,205,1,1,3,1,0
furman:boxallben,"Boxall, Ben",Furman,7,14,204,0,3,1,1,0
setonhall:lampinenpyry,"Lampinen, Pyry",Seton Hall,11,19,201,1,1,5,2,0
westernillinois:lamarkisaiah,"Lamark, Isaiah",Western Illinois,25,9,197,1,1,3,1,0
akron:hayesbraxton,"Hayes, Braxton",Akron,14,21,196,1,1,4,1,0
ucsantabarbara:phancodominick,"Phanco, Dominick",UC Santa Barbara,17,9,190,1,1,3,2,0
uncasheville:steeljack,"Steel, Jack",UNC Asheville,8,15,188,1,1,3,2,0
lindenwood:legaimaxime,"Legai, Maxime",Lindenwood,15,8,186,1,1,3,1,0
lu:cerdatoussebastia,"Cerda Tous, Sebastia",LU,7,4,185,1,1,14,2,0
jax:wrightdante,"Wright, Dante",JAX,20,4,177,1,1,3,1,0
lwu:bedollabrando,"Bedolla, Brando",LWU,10,2,172,1,1,6,3,0
ccsu:marinsantiago,"Marin, Santiago",CCSU,10,2,162,1,1,13,2,0
clemson:wilsonduncan,"Wilson, Duncan",Clemson,23,10,161,1,1,6,3,0
universityofmassachusettslowell:youngethan,"Young, Ethan",University of Massachusetts Lowell,12,3,160,1,1,3,2,0
pittsburgh:lppingjakob,"Löpping, Jakob",Pittsburgh,8,12,157,1,1,7,2,0
ucriverside:rabadanvillanuevajosemaria,"Rabadan Villanueva, Jose Maria",UC Riverside,11,9,140,1,1,3,2,0
duke:byasiimaadrian,"Byasiima, Adrian",Duke,17,20,133,1,1,4,3,0
luc:mcfeelyjack,"McFeely, Jack",LUC,11,2,130,1,1,7,5,0
camels:wrightskyler,"Wright, Skyler",Camels,17,4,129,1,1,3,1,0
iona:oualaaloujohn,"Oualaalou, John",Iona,18,8,120,1,1,4,1,0
unf:miyakawarentaro,"Miyakawa, Rentaro",UNF,16,2,116,1,1,3,2,0
camels:saitokairi,"Saito, Kairi",Camels,18,3,100,1,1,4,2,0
camels:martinxander,"Martin, Xander",Camels,21,3,98,1,1,6,3,0
furmanthirdround:hutzellluke,"Hutzell, Luke",Furman - Third Round,6,1,93,1,1,3,2,0
northflorida:oyirwothgoffin,"Oyirwoth, Goffin",North Florida,26,15,92,0,3,4,2,0
bostoncollege:shevchenkorogersmitchell,"Shevchenko-Rogers, Mitchell",Boston College,20,17,91,1,1,2,1,0
mke:pirryfernando,"Pirry, Fernando",MKE,9,3,91,1,1,5,3,0
northflorida:warhaftbryce,"Warhaft, Bryce",North Florida,27,13,90,1,1,1,1,0
stfrancis:wolfjonah,"Wolf, Jonah",St. Francis,6,1,90,1,1,3,2,0
brynt:fernandezpaco,"Fernandez, Paco",BRYNT,16,1,90,1,1,1,1,0
sanjosestate:anwaryamir,"Anwary, Amir",San Jose State,23,7,89,1,1,2,2,0
siena:plazamiguel,"Plaza, Miguel",Siena,5,9,86,1,1,1,1,0
liu:depradosantiago,"de Prado, Santiago",LIU,22,1,83,1,1,2,2,0
uvm:khnphilipp,"Kühn, Philipp",UVM,28,1,79,1,1,5,3,0
hofstra:carlmanbastian,"Carlman, Bastian",Hofstra,7,1,70,1,1,5,4,0
uconn:arredondoalfonso,"Arredondo, Alfonso",UConn,30,21,67,1,1,9,5,0
westmont:mathewscooper,"Mathews, Cooper",Westmont,24,1,67,1,1,1,1,0
hope:mindlingjackson,"Mindling, Jackson",Hope,9,1,67,1,1,3,1,0
northflorida:maskerbraden,"Masker, Braden",North Florida,20,13,63,1,1,1,1,0
calbaptist:ezekwukafelix,"Ezekwuka, Felix",Cal Baptist,22,1,62,1,1,4,4,0
bellarmine:smithbrady,"Smith, Brady",Bellarmine,24,5,59,1,1,2,1,0
flames:ramosjayden,"Ramos, Jayden",FLAMES,12,1,59,1,1,1,1,0
liu:gehobrady,"Geho, Brady",LIU,20,1,52,1,1,4,2,0
furmanthirdround:bustamantewilfer,"Bustamante, Wilfer",Furman - Third Round,17,1,51,1,1,3,1,0
iona:recinosantony,"Recinos, Antony",Iona,26,3,42,1,1,2,1,0
ncstate:heffessisaac,"Heffess, Isaac",NC State,18,23,1969,0,2,5,1,0
ucirvine:dicenzonolan,"DiCenzo, Nolan",UC Irvine,4,21,1845,1,0,3,1,0
ucirvine:treinenbrady,"Treinen, Brady",UC Irvine,19,21,1832,0,2,13,1,0
ucf:eugnedegorcegwendal,"Eugène Degorce, Gwendal",UCF,3,20,1805,0,2,1,1,0
ucsantabarbara:mollerbergcalle,"Mollerberg, Calle",UC Santa Barbara,4,21,1754,1,0,11,2,0
maryland:rosetristen,"Rose, Tristen",Maryland,31,19,1730,0,2,5,3,0
lafayette:vajdajackson,"Vajda, Jackson",Lafayette,20,21,1729,1,0,7,1,0
lehigh:smajlajpaul,"Smajlaj, Paul",Lehigh,8,19,1714,1,0,9,6,0
villanova:cramptonbrody,"Crampton, Brody",Villanova,26,19,1710,1,0,15,3,0
liberty:mccarthycasey,"McCarthy, Casey",Liberty,18,19,1695,0,2,3,0,0
marshall:holmesryan,"Holmes, Ryan",Marshall,5,21,1675,1,0,8,5,0
army:hadleymiles,"Hadley, Miles",Army,22,19,1673,1,0,9,5,0
lafayette:leejoseph,"Lee, Joseph",Lafayette,24,20,1667,1,0,4,2,0
stonybrook:wilsonnicholas,"Wilson, Nicholas",Stony Brook,4,19,1665,0,2,7,0,0
dayton:yeboahpaul,"Yeboah, Paul",Dayton,18,18,1632,1,0,5,2,0
syracuse:holmangarrett,"Holman, Garrett",Syracuse,27,20,1609,1,0,4,2,0
marshall:pakhomovkirill,"Pakhomov, Kirill",Marshall,8,20,1600,1,0,13,3,0
mercer:morgangavin,"Morgan, Gavin",Mercer,4,18,1577,1,0,6,2,0
denver:smithjake,"Smith, Jake",Denver,6,21,1574,0,2,7,0,0
ucf:boudinaryounes,"Boudinar, Younes",UCF,5,20,1565,1,0,16,3,0
sacredheart:gonzalezpalaucarlos,"Gonzalez Palau, Carlos",Sacred Heart,5,18,1536,1,0,4,1,0
georgiasouthern:holmstrmnoah,"Holmstrøm, Noah",Georgia Southern,12,17,1532,0,2,6,4,0
uncgreensboro:lossecteva,"Lossec, Teva",UNC Greensboro,3,17,1529,1,0,11,3,0
oakland:sylvestermalik,"Sylvester, Malik",Oakland,24,17,1520,1,0,3,2,0
fau:cubeddufabrizio,"Cubeddu, Fabrizio",FAU,2,19,1516,0,2,11,1,0
easternillinois:nakamurayuki,"Nakamura, Yuki",Eastern Illinois,6,17,1509,0,2,11,2,0
westernmichigan:burkettconnor,"Burkett, Connor",Western Michigan,11,21,1508,0,2,10,3,0
southflorida:mondragonmarcelo,"Mondragon, Marcelo",South Florida,23,17,1497,0,2,3,2,0
sacredheart:sarromatthew,"Sarro, Matthew",Sacred Heart,25,18,1495,0,2,1,0,0
uic:alonsoalan,"Alonso, Alan",UIC,25,18,1490,0,2,9,2,0
lipscomb:firekdaniel,"Firek, Daniel",Lipscomb,8,17,1485,0,2,14,3,0
setonhall:managiacomo,"Mana, Giacomo",Seton Hall,30,19,1478,1,0,5,3,0
westernillinois:mcintyrejoel,"McIntyre, Joel",Western Illinois,6,20,1470,1,0,10,1,0
wofford:laangdahledvin,"Laangdahl, Edvin",Wofford,5,19,1457,1,0,6,1,0
uconn:tupayalex,"Tupay, Alex",UConn,5,21,1454,1,0,6,3,0
butler:raposobernardo,"Raposo, Bernardo",Butler,6,17,1454,1,0,22,5,0
vmi:dovgalyuktimofey,"Dovgalyuk, Timofey",VMI,8,18,1453,1,0,6,3,0
akron:paivamatthew,"Paiva, Matthew",Akron,6,21,1446,1,0,11,4,0
hofstra:pachecogabriel,"Pacheco, Gabriel",Hofstra,2,17,1441,1,0,4,2,0
lipscomb:stampatoridaniel,"Stampatori, Daniel",Lipscomb,3,17,1440,0,2,9,2,0
rideruniversity:schradermax,"Schrader, Max",Rider University,3,16,1440,1,0,7,2,0
navy:brownkeane,"Brown, Keane",Navy,2,16,1430,0,2,7,3,0
queens:gustafssonotto,"Gustafsson, Otto",Queens,3,16,1420,1,0,4,1,0
saintmarys:bentleysam,"Bentley, Sam",Saint Mary's,1,16,1419,0,2,0,0,47
mercyhurst:ginocchiangelo,"Ginocchi, Angelo",Mercyhurst,28,17,1419,0,2,4,3,0
davidsoncollege:wardpatrick,"Ward, Patrick",Davidson College,12,19,1418,1,0,12,5,0
ucsantabarbara:utsumiharuki,"Utsumi, Haruki",UC Santa Barbara,2,22,1416,1,0,10,6,0
duquesne:posadaalex,"Posada, Alex",Duquesne,33,16,1414,1,0,6,1,0
elon:jonkeweston,"Jonke, Weston",Elon,14,17,1410,0,2,6,1,0
pennstate:hendersonmatthew,"Henderson, Matthew",Penn State,3,17,1408,0,2,8,4,0
lehigh:davissam,"Davis, Sam",Lehigh,2,17,1407,1,0,10,3,0
northcarolina:bergeriley,"Berge, Riley",North Carolina,33,20,1406,1,0,3,1,0
virginiatech:uwimananoe,"Uwimana, Noe",Virginia Tech,21,16,1406,0,2,7,3,0
michiganstate:adamjosh,"Adam, Josh",Michigan State,14,16,1406,1,0,6,3,0
georgiasouthern:holtzlior,"Holtz, Lior",Georgia Southern,5,18,1393,0,2,12,2,0
airforce:wagneroliver,"Wagner, Oliver",Air Force,5,16,1388,1,0,3,1,0
universityofevansville:diazcanejanacho,"Diaz-Caneja, Nacho",University of Evansville,22,17,1387,0,2,4,2,0
greenbay:obilodubem,"Obilo, Dubem",Green Bay,23,15,1370,1,0,3,2,0
syracuse:dacostakelvin,"Da Costa, Kelvin",Syracuse,22,20,1366,1,0,4,2,0
canisius:diashenrique,"Dias, Henrique",Canisius,4,16,1359,1,0,2,2,0
sandiegostate:lucasjosh,"Lucas, Josh",San Diego State,7,17,1347,1,0,35,9,0
campbell:robertsjake,"Roberts, Jake",Campbell,5,15,1343,1,0,8,3,0
ucsandiego:morgannate,"Morgan, Nate",UC San Diego,3,17,1341,0,2,11,2,0
californiabaptist:contehharoun,"Conteh, Haroun",California Baptist,3,16,1338,1,0,3,1,0
clemson:stephensenolafurfloki,"Stephensen, Olafur Floki",Clemson,4,15,1337,1,0,11,5,0
notredame:shaulian,"Shaul, Ian",Notre Dame,15,18,1337,0,2,6,1,0
californiabaptist:martinezuly,"Martinez, Uly",California Baptist,23,16,1336,0,2,1,0,0
depaul:gordonethan,"Gordon, Ethan",DePaul,5,17,1331,0,2,11,4,0
american:keomanykobe,"Keomany, Kobe",American,5,16,1331,1,0,3,1,0
dayton:bonhammiles,"Bonham, Miles",Dayton,17,15,1328,1,0,12,5,0
pacific:floresiiiignacio,"Flores III, Ignacio",Pacific,27,17,1326,0,2,3,2,0
stonybrook:penneybruno,"Penney, Bruno",Stony Brook,15,16,1323,0,2,9,0,0
marquette:bebejkyle,"Bebej, Kyle",Marquette,2,16,1322,0,2,8,2,0
lasalle:zambranozeke,"Zambrano, Zeke",La Salle,26,17,1318,0,2,14,4,0
fiu:gilleardsorianoalfonso,"Gilleard-Soriano, Alfonso",FIU,24,16,1318,1,0,14,6,0
newhampshire:preusslaurin,"Preuss, Laurin",New Hampshire,13,16,1313,1,0,2,1,0
duquesne:bennetzenbendix,"Bennetzen, Bendix",Duquesne,8,16,1312,0,2,12,2,0
fgcu:lopesvictor,"Lopes, Victor",FGCU,3,15,1306,1,0,11,5,0
milwaukee:wagnerjack,"Wagner, Jack",Milwaukee,27,15,1305,1,0,8,2,0
utahtech:godinezanthony,"Godinez, Anthony",Utah Tech,3,15,1304,1,0,10,3,0
uscupstate:chopinjorhan,"Chopin, Jorhan",USC Upstate,10,15,1299,0,2,8,1,0
marist:ortizethan,"Ortiz, Ethan",Marist,3,15,1296,1,0,10,5,0
providence:teixeiravasco,"Teixeira, Vasco",Providence,23,16,1295,1,0,12,5,0
saintpeters:davisonharry,"Davison, Harry",Saint Peter's,6,15,1294,1,0,7,5,0
yale:zaffanelladiego,"Zaffanella, Diego",Yale,34,15,1289,1,0,4,2,0
jamesmadison:juniorflorentino,"Junior, Florentino",James Madison,6,16,1280,1,0,9,3,0
monmouth:taraskadamian,"Taraska, Damian",Monmouth,26,16,1280,1,0,10,6,0
airforce:kerntucker,"Kern, Tucker",Air Force,12,16,1280,1,0,12,6,0
syracuse:wigggavin,"Wigg, Gavin",Syracuse,12,20,1277,0,2,5,2,0
houstonchristian:lezahans,"Leza, Hans",Houston Christian,26,17,1268,1,0,3,2,0
newhaven:fiscellaluke,"Fiscella, Luke",New Haven,3,15,1267,1,0,18,5,0
seattle:hataeiji,"Hata, Eiji",Seattle,16,15,1266,0,2,5,1,0
howard:riceonarae,"Rice, Onarae",Howard,2,15,1264,0,2,9,3,0
holycross:myersluke,"Myers, Luke",Holy Cross,3,14,1260,0,2,1,1,0
easternillinois:iwasakicland,"Iwasaki, Cland",Eastern Illinois,15,17,1248,0,2,10,3,0
jamesmadison:wraymilo,"Wray, Milo",James Madison,5,16,1246,0,2,13,4,0
drexel:camejomateo,"Camejo, Mateo",Drexel,4,15,1246,1,0,6,2,0
jamesmadison:romeaustin,"Rome, Austin",James Madison,33,16,1239,1,0,1,1,0
georgiastate:bohmsevan,"Bohms, Evan",Georgia State,2,15,1239,1,0,5,3,0
rhodeisland:berntsensebastian,"Berntsen, Sebastian",Rhode Island,3,15,1235,0,2,6,2,0
quinnipiac:karlssonsixten,"Karlsson, Sixten",Quinnipiac,23,18,1225,0,2,2,0,0
presbyterian:burdettebryce,"Burdette, Bryce",Presbyterian,17,15,1224,0,2,2,1,0
coastalcarolina:kovalciknate,"Kovalcik, Nate",Coastal Carolina,12,14,1222,1,0,2,1,0
oregonstate:hernandezfernando,"Hernandez, Fernando",Oregon State,23,14,1217,1,0,6,3,0
uab:bricecarson,"Brice, Carson",UAB,15,15,1216,0,2,4,1,0
kansascity:fernandezmiguel,"Fernandez, Miguel",Kansas City,6,19,1210,0,2,14,3,0
ucriverside:schnitzlerjakob,"Schnitzler, Jakob",UC Riverside,3,16,1208,1,0,9,3,0
utahvalley:fritcheralex,"Fritcher, Alex",Utah Valley,19,14,1205,1,0,11,3,0
uncasheville:takagirinta,"Takagi, Rinta",UNC Asheville,13,16,1204,0,2,14,6,0
northernkentucky:behnfeldtmaddox,"Behnfeldt, Maddox",Northern Kentucky,5,16,1204,1,0,9,4,0
westernillinois:duaxty,"Duax, Ty",Western Illinois,21,20,1203,0,2,14,8,0
yale:myersonandrew,"Myerson, Andrew",Yale,20,14,1200,1,0,3,2,0
milwaukee:goodmanmitch,"Goodman, Mitch",Milwaukee,25,15,1196,0,2,2,0,0
providence:yriondocameron,"Yriondo, Cameron",Providence,12,16,1192,1,0,9,3,0
georgiastate:gonzalezjoel,"Gonzalez, Joel",Georgia State,5,18,1192,1,0,11,6,0
vmi:savagejordan,"Savage, Jordan",VMI,10,18,1191,1,0,24,9,0
newhaven:ehlindaniel,"Ehlin, Daniel",New Haven,4,15,1182,0,2,3,2,0
highpoint:johnsonkoven,"Johnson, Koven",High Point,6,17,1181,1,0,10,2,0
kentucky:gordonjosh,"Gordon, Josh",Kentucky,2,16,1172,0,2,13,5,0
georgiasouthern:neviletoby,"Nevile, Toby",Georgia Southern,6,18,1167,1,0,7,4,0
queens:salavuovalter,"Salavuo, Valter",Queens,20,15,1163,0,2,14,0,0
vmi:reidconner,"Reid, Conner",VMI,4,15,1151,1,0,6,3,0
providence:varleymitchel,"Varley, Mitchel",Providence,17,16,1141,0,2,4,0,0
uscupstate:burthenry,"Burt, Henry",USC Upstate,16,15,1141,1,0,13,4,0
umasslowell:nakajimashunnosuke,"Nakajima, Shunnosuke",UMass Lowell,6,15,1137,0,2,6,5,0
umbc:javittandres,"Javitt, Andres",UMBC,10,17,1129,1,0,21,9,0
uab:dansletfrederik,"Danslet, Frederik",UAB,4,15,1128,1,0,3,2,0
wrightstate:kedgleyroman,"Kedgley, Roman",Wright State,7,14,1127,0,2,12,7,0
calstatefullerton:borjajulian,"Borja, Julian",Cal State Fullerton,5,17,1115,0,2,2,1,0
olddominion:randolfmarcelo,"Randolf, Marcelo",Old Dominion,7,15,1110,0,2,5,2,0
westernmichigan:romerojuan,"Romero, Juan",Western Michigan,10,19,1109,1,0,7,2,0
kentucky:solmazsinan,"Solmaz, Sinan",Kentucky,6,16,1103,1,0,3,2,0
elon:tonidandeloscar,"Tonidandel, Oscar",Elon,12,17,1101,1,0,10,6,0
sanfrancisco:smithrylan,"Smith, Rylan",San Francisco,18,15,1099,1,0,6,2,0
elon:jacobsenmagnusmicha,"Jacobsen, Magnus Micha",Elon,24,16,1093,1,0,3,1,0
northernkentucky:borgmansilas,"Borgman, Silas",Northern Kentucky,14,15,1090,1,0,13,2,0
calstatefullerton:hugginsavery,"Huggins, Avery",Cal State Fullerton,22,16,1089,1,0,4,1,0
drexel:vandenbergfinn,"van den Berg, Finn",Drexel,3,16,1085,0,2,2,1,0
howard:simmonszach,"Simmons, Zach",Howard,16,15,1084,1,0,9,5,0
presbyterian:smaaskjaerole,"Smaaskjaer, Ole",Presbyterian,15,17,1081,0,2,1,0,0
penn:herbertgeorge,"Herbert, George",Penn,31,14,1077,0,2,3,0,0
sacramentostate:battistessasean,"Battistessa, Sean",Sacramento State,11,17,1076,1,0,19,7,0
tulsa:adamsluke,"Adams, Luke",Tulsa,29,18,1072,1,0,4,3,0
iuindy:thompsonrobertsjago,"Thompson-Roberts, Jago",IU Indy,23,14,1065,1,0,5,1,0
belmontuniversity:schlegelethan,"Schlegel, Ethan",Belmont University,27,16,1063,0,2,7,1,0
marist:cunhaskyler,"Cunha, Skyler",Marist,5,15,1061,0,2,8,5,0
bowlinggreen:hernandezanthony,"Hernandez, Anthony",Bowling Green,10,13,1049,0,2,13,2,0
utahtech:nguyentyson,"Nguyen, Tyson",Utah Tech,6,16,1047,1,0,10,3,0
olddominion:wynnejamie,"Wynne, Jamie",Old Dominion,11,16,1046,0,2,9,7,0
sandiego:favaluca,"Fava, Luca",San Diego,24,17,1044,0,2,17,3,0
delaware:richardsjoe,"Richards, Joe",Delaware,22,16,1044,0,2,4,1,0
xavier:bricenolan,"Brice, Nolan",Xavier,3,15,1039,0,2,3,1,0
xavier:decoteaujabari,"De Coteau, Jabari",Xavier,14,15,1039,1,0,7,3,0
elon:levycarlos,"Levy, Carlos",Elon,5,14,1037,1,0,1,1,0
army:minzeykasem,"Minzey, Kasem",Army,2,19,1036,1,0,15,4,0
wisconsin:delprioregianluca,"Del Priore, Gianluca",Wisconsin,22,16,1035,0,2,3,0,0
princeton:huntjack,"Hunt, Jack",Princeton,4,17,1033,1,0,5,1,0
siue:mcdonnellarchie,"McDonnell, Archie",SIUE,5,13,1032,0,2,1,0,0
louisville:boringjack,"Boring, Jack",Louisville,5,17,1029,0,2,7,5,0
maryland:clarkjace,"Clark, Jace",Maryland,18,19,1029,0,2,3,1,0
mercyhurst:mrvcicryan,"Mrvcic, Ryan",Mercyhurst,12,14,1021,1,0,6,2,0
virginiatech:alvarezbeltran,"Alvarez, Beltran",Virginia Tech,17,15,1018,1,0,15,5,0
bowlinggreen:riossaul,"Rios, Saul",Bowling Green,17,13,1017,1,0,3,2,0
mountstmarys:chensherwin,"Chen, Sherwin",Mount St. Mary's,7,16,1017,1,0,12,3,0
bucknell:pomborjimmy,"Pombor, Jimmy",Bucknell,6,16,1013,1,0,1,1,0
umasslowell:dasilvacristiano,"Da Silva, Cristiano",UMass Lowell,8,15,1012,0,2,11,6,0
bostonuniversity:harperanthony,"Harper, Anthony",Boston University,18,17,1011,1,0,6,5,0
northernkentucky:frakescaleb,"Frakes, Caleb",Northern Kentucky,12,14,1009,1,0,9,6,0
milwaukee:ivkovicpavle,"Ivkovic, Pavle",Milwaukee,3,12,1009,0,2,10,2,0
loyolachicago:bischofben,"Bischof, Ben",Loyola Chicago,8,13,995,1,0,12,4,0
georgiastate:williamsdylan,"Williams, Dylan",Georgia State,3,15,985,1,0,5,2,0
virginia:dangnick,"Dang, Nick",Virginia,2,12,984,0,2,16,4,0
belmontuniversity:steelydylan,"Steely, Dylan",Belmont University,26,14,983,0,2,7,2,0
centralarkansas:francoumatheo,"Francou, Matheo",Central Arkansas,6,13,983,0,2,3,0,0
sacramentostate:dadziejonathan,"Dadzie, Jonathan",Sacramento State,4,14,982,0,2,6,3,0
charlotte:nyandjojames,"Nyandjo, James",Charlotte,16,15,982,1,0,4,1,0
gonzaga:watsonterry,"Watson, Terry",Gonzaga,5,13,981,0,2,1,0,0
lipscomb:hurtbaxter,"Hurt, Baxter",Lipscomb,5,16,979,1,0,7,5,0
vermont:granttoby,"Grant, Toby",Vermont,19,16,977,0,2,3,1,0
wofford:dyernick,"Dyer, Nick",Wofford,4,15,977,1,0,4,3,0
universityofevansville:bencicwill,"Bencic, Will",University of Evansville,9,18,974,0,2,5,1,0
stetson:donatobenjamin,"Donato, Benjamin",Stetson,6,13,970,1,0,8,3,0
easternillinois:cordeiromanuel,"Cordeiro, Manuel",Eastern Illinois,8,14,969,0,2,5,1,0
utahtech:cinellijacob,"Cinelli, Jacob",Utah Tech,22,15,965,0,2,14,5,0
iuindy:kummrownoah,"Kummrow, Noah",IU Indy,5,14,958,1,0,2,1,0
michiganstate:guggemosjack,"Guggemos, Jack",Michigan State,19,16,956,0,2,15,3,0
pacific:maldonadocarlos,"Maldonado, Carlos",Pacific,21,13,947,0,2,4,1,0
grandcanyon:sanchezdiego,"Sanchez, Diego",Grand Canyon,33,14,944,0,2,7,1,0
bostoncollege:killeenmarci,"Killeen, Marci",Boston College,16,17,942,0,2,11,1,0
bostonuniversity:kiefferaidan,"Kieffer, Aidan",Boston University,15,17,933,1,0,3,2,0
gardnerwebb:carrilloalejandro,"Carrillo, Alejandro",Gardner-Webb,3,17,933,1,0,11,7,0
indiana:bruletticristiano,"Bruletti, Cristiano",Indiana,3,19,929,0,2,13,5,0
stetson:fontainevalentin,"Fontaine, Valentin",Stetson,8,13,929,1,0,13,3,0
lafayette:feathergriffin,"Feather, Griffin",Lafayette,15,19,928,1,0,5,2,0
northeastern:kangethan,"Kang, Ethan",Northeastern,10,14,926,1,0,7,3,0
navy:stewartnate,"Stewart, Nate",Navy,15,12,923,1,0,5,1,0
bowlinggreen:shafferandrew,"Shaffer, Andrew",Bowling Green,8,13,920,0,2,6,3,0
fau:alfredmatthew,"Alfred, Matthew",FAU,17,19,907,0,2,4,0,0
canisius:millerjosh,"Miller, Josh",Canisius,3,16,907,1,0,3,1,0
navy:mayorgajorge,"Mayorga, Jorge",Navy,8,15,906,1,0,3,1,0
williammary:howeshamilton,"Howes, Hamilton",William & Mary,2,11,905,1,0,2,1,0
lindenwood:connollyquinn,"Connolly, Quinn",Lindenwood,22,13,904,1,0,5,1,0
holycross:martellkyle,"Martell, Kyle",Holy Cross,17,14,903,0,2,8,4,0
brown:dagostinistefano,"D'Agostini, Stefano",Brown,4,14,900,1,0,4,1,0
csun:harriszack,"Harris, Zack",CSUN,8,13,897,1,0,19,8,0
kentucky:albanbertil,"Alban, Bertil",Kentucky,17,14,892,1,0,5,1,0
indiana:doben,"Do, Ben",Indiana,2,19,880,1,0,2,2,0
army:ennisowen,"Ennis, Owen",Army,3,18,878,0,2,7,3,0
ohiostate:arnesenwill,"Arnesen, Will",Ohio State,15,16,877,1,0,38,9,0
longwood:asamoahaaron,"Asamoah, Aaron",Longwood,7,14,876,1,0,10,4,0
vmi:blandfordcolin,"Blandford, Colin",VMI,5,12,870,1,0,1,1,0
syracuse:leiboldgiona,"Leibold, Giona",Syracuse,17,20,869,0,2,10,6,0
sacredheart:graciamartinezkoke,"Gracia Martinez, Koke",Sacred Heart,4,16,864,1,0,11,4,0
stetson:casasandre,"Casas, Andre",Stetson,2,13,864,1,0,6,3,0
etsu:sucklingryan,"Suckling, Ryan",ETSU,4,13,863,1,0,8,3,0
holycross:sneadjeb,"Snead, Jeb",Holy Cross,20,14,863,0,2,6,2,0
williammary:rabushevan,"Rabush, Evan",William & Mary,16,11,863,0,2,2,0,0
drexel:parkleon,"Park, Leon",Drexel,22,16,856,0,2,13,2,0
jacksonville:koglerfelix,"Kogler, Felix",Jacksonville,9,12,853,0,2,14,8,0
wrightstate:banfimaximilian,"Banfi, Maximilian",Wright State,2,15,848,0,2,10,4,0
vcu:hayesnikita,"Hayes, Nikita",VCU,24,16,847,0,2,15,9,0
centralarkansas:bishopelijah,"Bishop, Elijah",Central Arkansas,4,11,836,1,0,3,2,0
robertmorris:thompsonjrvictor,"Thompson, Jr., Victor",Robert Morris,22,11,834,0,2,4,0,0
williammary:ruitenberggabe,"Ruitenberg, Gabe",William & Mary,18,11,834,1,0,19,8,0
wrightstate:grevenoskar,"Greven, Oskar",Wright State,15,14,832,1,0,7,3,0
ohiostate:skubisnick,"Skubis, Nick",Ohio State,14,16,830,0,2,10,3,0
michigan:herreraduilio,"Herrera, Duilio",Michigan,10,20,829,0,2,13,2,0
umasslowell:esnaolaiaki,"Esnaola, Iñaki",UMass Lowell,10,13,827,1,0,15,4,0
airforce:muderlakquinn,"Muderlak, Quinn",Air Force,15,15,819,1,0,7,5,0
jacksonville:spailierromain,"Spailier, Romain",Jacksonville,6,11,818,1,0,16,4,0
presbyterian:libertuccialessandro,"Libertucci, Alessandro",Presbyterian,27,18,818,1,0,15,6,0
westvirginia:huckabydante,"Huckaby, Dante",West Virginia,25,19,817,1,0,4,3,0
jamesmadison:melvilleaidan,"Melville, Aidan",James Madison,11,16,813,1,0,5,3,0
bostonuniversity:bagnatogiuseppe,"Bagnato, Giuseppe",Boston University,16,17,810,0,2,7,2,0
manhattan:riveragiovanni,"Rivera, Giovanni",Manhattan,28,15,807,0,2,4,0,0
ucsandiego:uedasean,"Ueda, Sean",UC San Diego,28,16,806,1,0,5,3,0
niagara:trueljeremie,"Truel, Jeremie",Niagara,11,11,805,1,0,16,6,0
northernillinois:khelaroman,"Khela, Roman",Northern Illinois,2,10,804,0,2,4,0,0
rideruniversity:vaubelryan,"Vaubel, Ryan",Rider University,2,15,803,1,0,7,1,0
utahtech:allenjerod,"Allen, Jerod",Utah Tech,8,14,802,0,2,11,4,0
siena:tchounjinkarl,"Tchounjin, Karl",Siena,3,14,800,0,2,4,2,0
depaul:hickiewiczdaniel,"Hickiewicz, Daniel",DePaul,11,17,794,1,0,18,7,0
fdu:ferenacalex,"Ferenac, Alex",FDU,22,14,794,0,2,10,4,0
loyolachicago:urdialeshugo,"Urdiales, Hugo",Loyola Chicago,10,12,794,0,2,27,8,0
fgcu:shalaarber,"Shala, Arber",FGCU,24,15,791,0,2,2,2,0
saintlouis:oneilxavi,"O'Neil, Xavi",Saint Louis,11,20,789,1,0,30,13,0
saintlouis:eastongrady,"Easton, Grady",Saint Louis,14,14,789,1,0,3,1,0
bucknell:sheffieldben,"Sheffield, Ben",Bucknell,16,14,789,1,0,6,3,0
umasslowell:ortegajorge,"Ortega, Jorge",UMass Lowell,24,15,785,1,0,1,1,20
campbell:garciaronnie,"Garcia, Ronnie",Campbell,22,14,782,1,0,8,4,0
unlv:legendrenick,"Legendre, Nick",UNLV,13,14,782,1,0,16,2,0
northernillinois:paskusgrant,"Paskus, Grant",Northern Illinois,13,10,780,1,0,6,1,0
oralroberts:mesidorjeff,"Mesidor, Jeff",Oral Roberts,22,17,777,1,0,6,3,0
incarnateword:toberbryce,"Tober, Bryce",Incarnate Word,2,10,773,1,0,3,1,0
sacredheart:steineli,"Stein, Eli",Sacred Heart,12,18,773,0,2,28,14,0
tulsa:mccloudbowen,"McCloud, Bowen",Tulsa,19,17,769,1,0,4,1,0
njit:carraracaio,"Carrara, Caio",NJIT,15,12,765,1,0,3,1,0
cornell:johnsoncolin,"Johnson, Colin",Cornell,8,15,760,0,2,3,0,0
harvard:veghteethan,"Veghte, Ethan",Harvard,26,13,758,1,0,9,2,0
northwestern:mayerbryant,"Mayer, Bryant",Northwestern,26,13,758,0,2,6,4,0
liu:konefadel,"Kone, Fadel",LIU,15,11,756,1,0,5,3,0
davidsoncollege:boudroaiden,"Boudro, Aiden",Davidson College,21,19,756,1,0,13,5,0
lehigh:aitchisonmatthew,"Aitchison, Matthew",Lehigh,25,15,756,1,0,1,1,0
georgetown:caldwellwill,"Caldwell, Will",Georgetown,26,16,751,1,0,2,2,0
ucsantabarbara:senterethan,"Senter, Ethan",UC Santa Barbara,13,20,747,1,0,5,1,0
vermont:hartmanniels,"Hartman, Niels",Vermont,8,13,744,1,0,2,1,0
longwood:sonezjoaquin,"Sonez, Joaquin",Longwood,3,13,740,1,0,4,2,0
gonzaga:silvaian,"Silva, Ian",Gonzaga,8,13,737,1,0,12,7,0
longwood:espinozapaul,"Espinoza, Paul",Longwood,6,13,736,0,2,5,1,0
yale:adjakplesimon,"Adjakple, Simon",Yale,23,15,734,0,2,10,4,0
creighton:nedicluka,"Nedic, Luka",Creighton,6,16,733,0,2,4,2,0
calpoly:torresjoaquin,"Torres, Joaquin",Cal Poly,2,17,731,1,0,9,5,0
wakeforest:sullivanmason,"Sullivan, Mason",Wake Forest,24,17,730,1,0,2,1,0
elon:nenningersumner,"Nenninger, Sumner",Elon,25,17,728,1,0,9,5,0
queens:sigurdarsonsindri,"Sigurdarson, Sindri",Queens,11,15,726,1,0,11,7,0
siue:cornishhugo,"Cornish, Hugo",SIUE,10,15,726,0,2,16,7,0
stbonaventure:addogabriel,"Addo, Gabriel",St. Bonaventure,7,14,721,1,0,5,1,0
unlv:merrillkai,"Merrill, Kai",UNLV,11,12,717,1,0,7,4,0
stbonaventure:godinetienne,"Godin, Etienne",St. Bonaventure,14,11,716,1,0,2,1,0
lasalle:ulrichsofus,"Ulrich, Sofus",La Salle,16,16,713,1,0,3,2,0
stetson:desotoweston,"DeSoto, Weston",Stetson,25,14,710,0,2,5,0,0
northeastern:gardnermatty,"Gardner, Matty",Northeastern,30,14,710,1,0,1,1,0
missouristate:souzadaniel,"Souza, Daniel",Missouri State,21,15,704,0,2,7,1,0
stanford:stonejude,"Stone, Jude",Stanford,22,21,700,1,0,11,2,0
brown:treesemarshall,"Treese, Marshall",Brown,17,14,698,0,2,6,3,0
vmi:rutkauskasarnold,"Rutkauskas, Arnold",VMI,23,12,697,1,0,4,4,0
depaul:thomasryan,"Thomas, Ryan",DePaul,2,17,696,0,2,6,1,0
army:davidyockjustin,"Davidyock, Justin",Army,16,17,694,1,0,8,4,0
northernillinois:slawektomasz,"Slawek, Tomasz",Northern Illinois,17,10,691,1,0,4,1,0
uic:martindarien,"Martin, Darien",UIC,26,16,689,0,2,5,3,0
universityofevansville:timnlvaro,"Timón, Álvaro",University of Evansville,10,16,688,0,2,20,5,0
clemson:leibmatthias,"Leib, Matthias",Clemson,18,12,686,1,0,4,1,0
sacredheart:rullannacho,"Rullan, Nacho",Sacred Heart,14,17,686,0,2,6,1,0
stonybrook:webbscemar,"Webb, Scemar",Stony Brook,2,16,685,1,0,3,1,0
winthrop:almendarezcastrojayco,"Almendarez Castro, Jayco",Winthrop,15,11,683,1,0,16,8,0
robertmorris:dodziafawubowilliam,"Dodzi Afawubo, William",Robert Morris,21,15,683,0,2,14,5,0
sacredheart:zeberioguerenoaxier,"Zeberio Guereno, Axier",Sacred Heart,22,12,683,0,2,9,2,0
vermont:loebusnico,"Loebus, Nico",Vermont,16,9,681,0,2,8,2,0
winthrop:marksethan,"Marks, Ethan",Winthrop,7,12,674,1,0,10,8,0
sanfrancisco:harrisoscar,"Harris, Oscar",San Francisco,29,16,674,1,0,20,5,0
merrimackcollege:dayarchie,"Day, Archie",Merrimack College,15,13,674,1,0,1,1,0
bucknell:coughlinnate,"Coughlin, Nate",Bucknell,22,17,674,0,2,8,4,0
bostoncollege:farwellaidan,"Farwell, Aidan",Boston College,32,17,673,0,2,4,1,0
etsu:isaacstanley,"Isaac, Stanley",ETSU,7,14,672,1,0,14,6,0
newhaven:suagherjacopo,"Suagher, Jacopo",New Haven,7,11,669,0,2,5,4,0
syracuse:acquahmichael,"Acquah, Michael",Syracuse,19,20,664,1,0,32,14,0
monmouth:lawrencecam,"Lawrence, Cam",Monmouth,19,8,661,0,2,1,0,0
bowlinggreen:saavedrajoshua,"Saavedra, Joshua",Bowling Green,26,13,656,0,2,2,1,0
ucsandiego:arensbrian,"Arens, Brian",UC San Diego,11,16,653,1,0,13,3,0
oralroberts:usseryaiden,"Ussery, Aiden",Oral Roberts,2,11,646,1,0,2,2,0
incarnateword:kraenzelevan,"Kraenzel, Evan",Incarnate Word,15,11,644,1,0,3,1,0
creighton:ramadanali,"Ramadan, Ali",Creighton,18,16,643,1,0,19,6,0
elon:wilsonjordin,"Wilson, Jordin",Elon,7,16,639,1,0,18,11,0
saintpeters:somovkaloyan,"Somov, Kaloyan",Saint Peter's,25,12,638,1,0,6,5,0
northernillinois:drazekjakub,"Drazek, Jakub",Northern Illinois,6,8,636,1,0,7,2,0
unlv:lebeufthomas,"Lebeuf, Thomas",UNLV,3,13,630,0,2,7,2,0
georgiasouthern:helgheimjrthomas,"Helgheim Jr., Thomas",Georgia Southern,15,18,628,0,2,7,2,0
fgcu:lopezbrian,"Lopez, Brian",FGCU,20,14,628,0,2,4,3,0
templeuniversity:panaiteadrian,"Panaite, Adrian",Temple University,9,16,625,1,0,8,4,0
manhattan:dasilvathiago,"da Silva, Thiago",Manhattan,8,14,625,1,0,4,2,0
merrimackcollege:kratzjonathan,"Kratz, Jonathan",Merrimack College,11,12,623,0,2,13,2,0
chicagostate:santosowen,"Santos, Owen",Chicago State,18,10,622,1,0,5,3,0
dayton:frostasonkristjan,"Frostason, Kristjan",Dayton,5,12,620,1,0,5,2,0
villanova:haggertyluke,"Haggerty, Luke",Villanova,3,12,620,0,2,2,0,0
loyolachicago:rodrguezjoaquin,"Rodríguez, Joaquin",Loyola Chicago,3,8,614,0,2,5,1,0
ucirvine:gallocristian,"Gallo, Cristian",UC Irvine,6,21,611,1,0,5,2,0
bellarmine:foldscollin,"Folds, Collin",Bellarmine,31,15,611,1,0,3,1,0
northernkentucky:eckhardtoliver,"Eckhardt, Oliver",Northern Kentucky,15,13,609,1,0,2,1,0
marquette:anguilgabe,"Anguil, Gabe",Marquette,13,15,608,0,2,11,3,0
pittsburgh:bordoyanders,"Bordoy, Anders",Pittsburgh,26,18,600,0,2,13,3,0
creighton:vromanttodd,"Vromant, Todd",Creighton,29,16,600,0,2,13,10,0
centralarkansas:gomezaby,"Gomez, Aby",Central Arkansas,17,10,598,0,2,14,4,0
bradley:switalamichael,"Switala, Michael",Bradley,6,8,597,1,0,7,3,0
georgewashington:dubonjaden,"Dubon, Jaden",George Washington,8,16,590,1,0,14,6,0
monmouth:pantanomarco,"Pantano, Marco",Monmouth,15,12,590,1,0,2,1,0
merrimackcollege:santosnoah,"Santos, Noah",Merrimack College,16,12,589,1,0,4,2,0
calpoly:pearcecolin,"Pearce, Colin",Cal Poly,18,21,583,1,0,14,3,0
manhattan:sprenkelgregory,"Sprenkel, Gregory",Manhattan,15,8,580,1,0,2,2,0
lipscomb:coopermason,"Cooper, Mason",Lipscomb,9,16,580,1,0,14,3,0
milwaukee:riveracardonamiguel,"Rivera Cardona, Miguel",Milwaukee,5,14,575,0,2,5,1,0
bostonuniversity:romanjohn,"Roman, John",Boston University,4,16,574,1,0,2,2,0
olddominion:krohnstadmathias,"Krohnstad, Mathias",Old Dominion,15,15,565,0,2,9,2,0
rhodeisland:kalinamaksim,"Kalina, Maksim",Rhode Island,5,11,562,0,2,8,1,0
howard:mimsjustin,"Mims, Justin",Howard,14,13,560,0,2,6,4,0
american:obrienfinn,"O'Brien, Finn",American,13,11,558,0,2,4,2,0
uconn:hopeelijah,"Hope, Elijah",UConn,20,21,554,0,2,1,0,0
saintpeters:barnesdavis,"Barnes, Davis",Saint Peter's,28,15,554,0,2,8,4,0
monmouth:losamoyajavier,"Losa Moya, Javier",Monmouth,8,8,552,0,2,5,0,0
incarnateword:segurafrancisco,"Segura, Francisco",Incarnate Word,11,11,550,1,0,19,12,0
bradley:saladinstephen,"Saladin, Stephen",Bradley,7,9,545,1,0,11,4,0
purduefortwayne:arellanoabe,"Arellano, Abe",Purdue Fort Wayne,8,16,542,1,0,16,7,0
williammary:kosichwebb,"Kosich, Webb",William & Mary,7,11,542,1,0,11,5,0
memphis:hedgefletcher,"Hedge, Fletcher",Memphis,3,15,541,1,0,1,1,0
santaclara:martinezethan,"Martinez, Ethan",Santa Clara,22,6,540,0,2,9,1,0
syracuse:rodriguezbryson,"Rodriguez, Bryson",Syracuse,11,19,538,1,0,13,6,0
utahvalley:walktrevor,"Walk, Trevor",Utah Valley,21,12,538,0,2,8,1,0
fdu:hudginscorey,"Hudgins, Corey",FDU,31,12,538,0,2,0,0,0
jacksonville:izujoshua,"Izu, Joshua",Jacksonville,19,11,537,1,0,5,3,0
canisius:henaokerby,"Henao, Kerby",Canisius,18,14,536,1,0,6,1,0
georgemason:jacksonelijah,"Jackson, Elijah",George Mason,2,12,536,1,0,6,3,0
holycross:penzonegavin,"Penzone, Gavin",Holy Cross,14,14,530,0,2,5,0,0
harvard:benucesarvaslucas,"Benuce Sarvas, Lucas",Harvard,15,15,529,1,0,4,1,0
wakeforest:debahalfred,"Debah, Alfred",Wake Forest,20,17,528,1,0,11,5,0
marquette:rnnestadstevenstristan,"Rønnestad-Stevens, Tristan",Marquette,5,9,525,1,0,3,1,0
davidsoncollege:minikellacocqueben,"Minikel-Lacocque, Ben",Davidson College,20,19,524,0,2,5,3,0
elon:veltricolin,"Veltri, Colin",Elon,10,13,523,0,2,21,7,0
georgewashington:savillelouis,"Saville, Louis",George Washington,11,16,522,0,2,10,2,0
rutgers:jeromejoshua,"Jerome, Joshua",Rutgers,18,17,521,1,0,5,2,0
radford:amyxsam,"Amyx, Sam",Radford,24,17,521,1,0,1,1,0
depaul:amoomensahtyson,"Amoo-Mensah, Tyson",DePaul,13,17,514,1,0,6,2,0
ucriverside:pontingwyatt,"Ponting, Wyatt",UC Riverside,21,16,514,1,0,12,3,0
columbiauniversity:hiltoniiandrew,"Hilton II, Andrew",Columbia University,27,15,514,1,0,3,1,0
belmontuniversity:houghoscar,"Hough, Oscar",Belmont University,28,8,513,0,2,0,0,0
templeuniversity:jacksonchase,"Jackson, Chase",Temple University,18,15,511,1,0,7,5,0
umass:halldorssonmagnus,"Halldorsson, Magnus",UMass,10,10,511,1,0,3,3,0
stthomas:buschgunnar,"Busch, Gunnar",St. Thomas,3,15,510,1,0,6,3,0
quinnipiac:balbinomateo,"Balbino, Mateo",Quinnipiac,8,17,509,0,2,13,2,0
utahvalley:sambabdou,"Samb, Abdou",Utah Valley,4,10,506,1,0,12,4,0
unlv:eisenbergjoaquin,"Eisenberg, Joaquin",UNLV,8,13,506,0,2,6,2,0
bradley:mejiaskevin,"Mejias, Kevin",Bradley,23,9,505,1,0,8,3,0
loyolamarymount:dejesusferreiracivan,"de Jesus Ferreira, Civan",Loyola Marymount,4,6,505,1,0,2,1,0
uncwilmington:siikalalucas,"Siikala, Lucas",UNC Wilmington,6,15,501,1,0,10,5,0
sanjosestate:tortelldalyjordi,"Tortell Daly, Jordi",San Jose State,11,17,500,1,0,18,6,0
universityofevansville:haghighatarmon,"Haghighat, Armon",University of Evansville,19,18,499,1,0,9,6,0
belmontuniversity:meffordnate,"Mefford, Nate",Belmont University,5,15,498,1,0,5,3,0
presbyterian:murarsamuel,"Murar, Samuel",Presbyterian,8,16,493,1,0,8,3,0
merrimackcollege:sambatheom,"Samba, Theom",Merrimack College,9,12,492,1,0,7,4,0
oakland:klomparensjack,"Klomparens, Jack",Oakland,5,13,492,0,2,15,6,0
american:ezzahirmoad,"Ezzahir, Moad",American,12,13,491,0,2,3,1,0
csun:solorzanojorge,"Solorzano, Jorge",CSUN,7,9,488,1,0,10,3,0
centralconnecticutstate:tatajoey,"Tata, Joey",Central Connecticut State,20,6,488,0,2,0,0,0
pennstate:rumleymatiwos,"Rumley, Matiwos",Penn State,12,15,485,1,0,4,2,0
virginia:lambebrendan,"Lambe, Brendan",Virginia,8,12,484,1,0,10,5,0
californiabaptist:robsonkieran,"Robson, Kieran",California Baptist,13,15,479,0,2,1,1,0
sacramentostate:reyneveldeli,"Reyneveld, Eli",Sacramento State,7,15,478,1,0,16,5,0
williammary:dioriomichael,"DiOrio, Michael",William & Mary,23,10,477,0,2,1,1,0
marist:douglasmiles,"Douglas, Miles",Marist,8,13,476,1,0,2,2,0
vermont:thompsonconnor,"Thompson, Connor",Vermont,6,14,470,0,2,6,3,0
umass:beltquinn,"Belt, Quinn",UMass,2,12,468,0,2,1,1,0
fairfield:engenvikaudun,"Engen Vik, Audun",Fairfield,29,17,466,0,2,8,3,0
northeastern:saaronyshai,"Saarony, Shai",Northeastern,18,14,461,1,0,8,3,0
newhampshire:cashreed,"Cash, Reed",New Hampshire,22,17,460,1,0,3,1,0
westvirginia:limaantonio,"Lima, Antonio",West Virginia,11,18,458,0,2,5,1,0
seattle:sayeblegayjrallen,"Saye Blegay Jr, Allen",Seattle,25,11,458,1,0,3,2,0
williammary:coopermax,"Cooper, Max",William & Mary,26,11,458,1,0,10,7,0
charleston:hughescaio,"Hughes, Caio",Charleston,7,14,457,0,2,3,0,0
marquette:horgoienmads,"Horgoien, Mads",Marquette,28,7,456,1,0,10,4,0
clemson:santuarigabriel,"Santuari, Gabriel",Clemson,21,14,454,0,2,9,3,0
oakland:combsevan,"Combs, Evan",Oakland,8,8,453,1,0,1,1,0
southcarolina:ballekethan,"Ballek, Ethan",South Carolina,10,6,453,1,0,24,7,0
pennstate:nashben,"Nash, Ben",Penn State,2,15,451,1,0,4,2,0
marquette:mirandagabriel,"Miranda, Gabriel",Marquette,24,16,449,0,2,12,3,0
jax:paulsennahne,"Paulsen, Nahne",JAX,2,5,448,1,0,3,2,0
fdu:marquezjeffrey,"Marquez, Jeffrey",FDU,3,8,448,0,2,0,0,0
georgiasouthern:moralestomas,"Morales, Tomas",Georgia Southern,19,18,444,1,0,13,8,0
radford:moriartyrahul,"Moriarty, Rahul",Radford,23,15,442,1,0,8,3,0
kentucky:smithbains,"Smith, Bains",Kentucky,16,14,441,0,2,11,7,0
csun:fuentessebastian,"Fuentes, Sebastian",CSUN,2,14,441,1,0,6,3,0
csubakersfield:fosteroshea,"Foster, Oshea",CSU Bakersfield,23,8,439,1,0,15,3,0
presbyterian:dalehaugdaniel,"Dalehaug, Daniel",Presbyterian,21,12,439,1,0,4,1,0
seattle:iidatai,"Iida, Tai",Seattle,15,13,438,1,0,4,1,0
umass:mocciobrad,"Moccio, Brad",UMass,19,11,438,1,0,1,1,0
stbonaventure:sutherlandneshawn,"Sutherland, Neshawn",St. Bonaventure,17,11,437,1,0,12,6,0
jacksonville:wrightdante,"Wright, Dante",Jacksonville,20,7,436,1,0,7,6,0
ohiostate:demianjoel,"Demian, Joel",Ohio State,12,15,435,0,2,1,1,0
xavier:fitzgeraldcristiano,"Fitzgerald, Cristiano",Xavier,15,14,433,0,2,9,2,0
pittsburgh:bertranmiguel,"Bertran, Miguel",Pittsburgh,10,18,432,1,0,5,3,0
northflorida:miyakawarentaro,"Miyakawa, Rentaro",North Florida,16,15,431,0,2,7,2,0
jamesmadison:griesbauerjonas,"Griesbauer, Jonas",James Madison,7,15,431,1,0,8,5,0
saintpeters:etienneomre,"Etienne, Omre",Saint Peter's,11,14,429,0,2,9,2,0
duquesne:katotyler,"Kato, Tyler",Duquesne,22,14,429,1,0,6,2,0
georgiasouthern:daleharry,"Dale, Harry",Georgia Southern,11,18,427,1,0,9,4,0
charleston:jordheimjulian,"Jordheim, Julian",Charleston,3,14,427,1,0,3,1,0
tulsa:pedrolafortunyarnau,"Pedrola Fortuny, Arnau",Tulsa,7,18,426,1,0,11,6,0
virginiatech:bertelliugo,"Bertelli, Ugo",Virginia Tech,8,14,424,1,0,14,7,0
csubakersfield:knightonjustin,"Knighton, Justin",CSU Bakersfield,12,8,418,1,0,6,2,0
loyolamarymount:idiakhoadaniel,"Idiakhoa, Daniel",Loyola Marymount,14,6,418,1,0,15,7,0
chicagostate:geistjack,"Geist, Jack",Chicago State,9,8,417,1,0,6,3,0
njit:rubisjake,"Rubis, Jake",NJIT,19,14,414,1,0,5,3,0
drexel:wellerben,"Weller, Ben",Drexel,20,15,414,1,0,3,2,0
navy:lockharttommy,"Lockhart, Tommy",Navy,16,11,414,1,0,5,3,0
villanova:margitajoseph,"Margita, Joseph",Villanova,20,15,414,0,2,8,4,0
lasalle:demeismael,"Deme, Ismael",La Salle,13,14,414,1,0,6,6,0
lemoynecollege:piccoloandrew,"Piccolo, Andrew",Le Moyne College,12,10,411,1,0,3,2,0
westernmichigan:cormiercarter,"Cormier , Carter",Western Michigan,18,10,410,1,0,2,2,0
lipscomb:toledoluis,"Toledo, Luis",Lipscomb,13,13,410,1,0,3,3,0
southcarolina:trimnaltyler,"Trimnal, Tyler",South Carolina,9,7,408,1,0,12,7,0
radford:boothdax,"Booth, Dax",Radford,7,15,399,0,2,13,5,0
centralconnecticutstate:catanzaroanthony,"Catanzaro, Anthony",Central Connecticut State,27,7,399,1,0,10,7,0
tulsa:membrilaaimar,"Membrila, Aimar",Tulsa,21,18,398,0,2,4,3,0
sanfrancisco:bensonowen,"Benson, Owen",San Francisco,27,16,397,1,0,13,4,0
brown:elizaldediego,"Elizalde, Diego",Brown,23,14,397,1,0,8,4,0
ohiostate:ndiwenimichael,"Ndiweni, Michael",Ohio State,25,14,396,1,0,11,3,0
xavier:dursoryan,"D'urso, Ryan",Xavier,5,15,394,1,0,7,3,0
fgcu:choutejob,"Choute, Job",FGCU,26,12,393,1,0,15,7,0
bostoncollege:wassarmanhenry,"Wassarman, Henry",Boston College,26,17,392,1,0,4,1,0
brown:browncarlo,"Brown, Carlo",Brown,9,14,392,1,0,5,3,0
seattle:millerbrice,"Miller, Brice",Seattle,19,14,391,1,0,5,1,0
rutgers:jansentimo,"Jansen, Timo",Rutgers,7,17,386,0,2,6,3,0
usi:cvorovicedin,"Cvorovic, Edin",USI,24,5,383,1,0,7,2,0
pacific:careymontgomery,"Carey, Montgomery",Pacific,16,16,382,1,0,3,2,0
mercer:adeyemitolu,"Adeyemi, Tolu",Mercer,16,14,382,1,0,4,2,0
uncwilmington:lucasamare,"Lucas, Amare",UNC Wilmington,21,11,381,1,0,9,6,0
charlotte:stewartgrant,"Stewart, Grant",Charlotte,12,15,377,0,2,4,1,0
monmouth:croceandrea,"Croce, Andrea",Monmouth,18,14,375,1,0,11,4,0
uscupstate:zawlockijosh,"Zawlocki, Josh",USC Upstate,33,15,373,1,0,9,4,0
calstatefullerton:eatonhughie,"Eaton, Hughie",Cal State Fullerton,20,16,373,1,0,8,3,0
clemson:maneabdou,"Mane, Abdou",Clemson,15,13,372,1,0,11,1,0
gonzaga:luandemichael,"Luande, Michael",Gonzaga,12,14,369,1,0,4,1,0
utahvalley:gozoelijah,"Gozo, Elijah",Utah Valley,16,12,366,1,0,13,7,0
lindenwood:hendricksjarred,"Hendricks, Jarred",Lindenwood,19,13,366,1,0,5,3,0
presbyterian:brennanparker,"Brennan, Parker",Presbyterian,13,15,364,1,0,5,3,0
ualbany:shullenbergerjordan,"Shullenberger, Jordan",UAlbany,14,7,362,1,0,11,4,0
westvirginia:trujillolizrragaoscaremilio,"Trujillo Lizárraga, Oscar Emilio",West Virginia,3,15,361,0,2,3,2,0
loyolauniversitymaryland:flynntyler,"Flynn, Tyler",Loyola University Maryland,11,6,361,1,0,7,5,0
niagarauniversity:dadechase,"Dade, Chase",Niagara University,18,4,360,1,0,7,3,0
mercer:manzellaethan,"Manzella, Ethan",Mercer,15,15,358,1,0,9,3,0
wrightstate:jadidsammy,"Jadid, Sammy",Wright State,20,15,357,1,0,8,4,0
denver:carlsonkai,"Carlson, Kai",Denver,22,20,354,0,2,1,0,0
incarnateword:martinezemmanuel,"Martinez, Emmanuel",Incarnate Word,20,9,354,1,0,4,2,0
siue:gibbsryley,"Gibbs, Ryley",SIUE,21,12,351,1,0,7,3,0
wakeforest:youngchandler,"Young, Chandler",Wake Forest,23,16,351,1,0,16,4,0
vmi:perezricky,"Perez, Ricky",VMI,2,8,350,1,0,4,3,0
ucdavis:elkinsben,"Elkins, Ben",UC Davis,18,17,347,1,0,6,2,0
northeastern:carrollasiah,"Carroll, Asiah",Northeastern,17,15,347,1,0,4,3,0
villanova:mileszachary,"Miles, Zachary",Villanova,14,4,346,1,0,5,1,0
kentucky:onoseric,"Onos, Eric",Kentucky,7,12,346,0,2,4,0,0
northwestern:glassbergtyler,"Glassberg, Tyler",Northwestern,7,15,345,1,0,11,4,0
oakland:aoudenour,"Aoude, Nour",Oakland,19,13,345,1,0,8,5,0
centralconnecticutstate:shafeiyoussef,"Shafei, Youssef",Central Connecticut State,9,7,345,1,0,12,7,0
portland:zamoraethan,"Zamora, Ethan",Portland,5,6,343,1,0,3,1,0
calstatefullerton:mariscaljose,"Mariscal, Jose",Cal State Fullerton,17,12,341,0,2,21,4,0
winthrop:castrojayco,"Castro, Jayco",Winthrop,15,5,339,1,0,11,2,0
mountstmarys:oneileliot,"O'Neil, Eliot",Mount St. Mary's,16,10,338,1,0,4,2,0
georgemason:tuckermouhamed,"Tucker, Mouhamed",George Mason,24,7,338,0,2,1,0,0
vcu:estabioluca,"Estabio, Luca",VCU,8,13,335,1,0,14,4,0
queens:tzimoulismichael,"Tzimoulis, Michael",Queens,2,12,333,1,0,6,4,0
presbyterian:stofringthomas,"Stofring, Thomas",Presbyterian,20,16,333,1,0,9,6,0
stonybrook:jeanlouisjustin,"Jean-Louis, Justin",Stony Brook,12,13,333,0,2,3,0,0
milwaukee:ogwupraise,"Ogwu, Praise",Milwaukee,15,12,333,1,0,5,2,0
fairfield:drummondowen,"Drummond, Owen",Fairfield,14,14,332,1,0,2,1,0
denver:biggersdavid,"Biggers, David",Denver,7,22,331,1,0,2,2,0
camels:robertsjake,"Roberts, Jake",Camels,5,4,330,1,0,1,1,0
missouristate:mooneyfionn,"Mooney, Fionn",Missouri State,24,15,328,0,2,10,3,0
jax:koglerfelix,"Kogler, Felix",JAX,9,5,327,1,0,12,8,0
tulsa:nezianyachris,"Nezianya, Chris",Tulsa,35,18,325,0,2,6,4,0
vcu:tabordaafonso,"Taborda, Afonso",VCU,19,15,324,1,0,2,2,0
rideruniversity:rojekpatryk,"Rojek, Patryk",Rider University,17,14,324,1,0,10,4,0
northwestern:addimandiitalo,"Addimandi, Italo",Northwestern,23,14,322,0,2,7,3,0
sacredheart:lorenzzach,"Lorenz, Zach",Sacred Heart,21,17,319,1,0,4,3,0
fgcu:beemanbrooks,"Beeman, Brooks",FGCU,28,9,319,1,0,5,4,0
vmi:mullinsben,"Mullins, Ben",VMI,12,10,318,1,0,3,1,0
detroitmercy:crookszander,"Crooks, Zander",Detroit Mercy,8,8,316,1,0,4,2,0
highpoint:herbnick,"Herb, Nick",High Point,22,15,316,1,0,6,3,0
coastalcarolina:bjarkasonanton,"Bjarkason, Anton",Coastal Carolina,27,14,312,1,0,3,1,0
fau:wagnerfabian,"Wagner, Fabian",FAU,19,18,310,1,0,10,4,0
rhodeisland:martincollin,"Martin, Collin",Rhode Island,2,8,310,0,2,0,0,0
marshall:diopmouhamedmomo,"Diop, Mouhamed 'MoMo'",Marshall,7,13,309,1,0,10,5,0
camels:bendovlotem,"Ben Dov, Lotem",Camels,6,4,309,1,0,6,1,0
northflorida:amanciopedro,"Amancio, Pedro",North Florida,6,15,307,0,2,0,0,0
loyola:herleycharlie,"Herley, Charlie",Loyola,12,4,306,1,0,6,4,0
williammary:garrisonalex,"Garrison, Alex",William & Mary,13,10,301,1,0,6,3,0
niagarauniversity:santosandre,"Santos, Andre",Niagara University,15,4,301,1,0,4,3,0
saintpeters:rodriguezgabe,"Rodriguez, Gabe",Saint Peter's,21,9,298,1,0,9,4,0
colgate:stjohnalex,"St. John, Alex",Colgate,9,11,298,1,0,7,4,0
furman:siegelwesley,"Siegel, Wesley",Furman,8,11,297,1,0,7,4,0
universityofsouthernindiana:stevensnolan,"Stevens, Nolan",University of Southern Indiana,28,10,293,1,0,2,2,0
setonhall:saebbomans,"Saebbo, Mans",Seton Hall,14,19,291,1,0,6,2,0
newhaven:piresjoao,"Pires, Joao",New Haven,17,9,291,1,0,7,1,0
longwood:brueningaaron,"Bruening, Aaron",Longwood,11,12,291,0,2,11,4,0
usi:murphytony,"Murphy, Tony",USI,7,5,286,0,2,1,0,0
detroitmercy:sommerfeldryan,"Sommerfeld, Ryan",Detroit Mercy,15,9,285,1,0,5,2,0
detroitmercy:palominojohn,"Palomino, John",Detroit Mercy,7,8,283,1,0,5,2,0
umbc:vujinovicsimon,"Vujinovic, Simon",UMBC,20,15,281,1,0,2,1,0
setonhall:waightjoe,"Waight, Joe",Seton Hall,9,18,280,1,0,5,3,0
uscupstate:marinluke,"Marin, Luke",USC Upstate,28,15,277,0,2,8,2,0
niagarauniversity:knellerniklas,"Kneller, Niklas",Niagara University,20,4,277,1,0,9,5,0
marshall:diopmomo,"Diop, Momo",Marshall,7,6,274,1,0,8,3,0
ualbany:mcdermottbrennan,"McDermott, Brennan",UAlbany,20,7,273,0,2,3,1,0
unf:schachererpaul,"Schacherer, Paul",UNF,5,3,272,1,0,2,1,0
holycross:quinnpasinoscar,"Quinn Pasin, Oscar",Holy Cross,32,12,271,1,0,5,2,0
oregonstate:carbonellgarciaiker,"Carbonell Garcia, Iker",Oregon State,2,4,270,0,2,3,1,0
udm:piersondrew,"Pierson , Drew",UDM,27,3,270,1,0,4,2,0
mke:gongoraangel,"Gongora, Angel",MKE,6,3,270,1,0,4,2,0
universityofmassachusettslowell:ketbacheaamir,"Ketbache, Aamir",University of Massachusetts Lowell,4,3,270,1,0,1,1,0
ucsantabarbara:carvalhomateos,"Carvalho, Mateos",UC Santa Barbara,21,16,269,1,0,5,3,0
uncgreensboro:saeveraassigurd,"Saeveraas, Sigurd",UNC Greensboro,8,14,265,1,0,2,2,0
oralroberts:seixasleonardo,"Seixas, Leonardo",Oral Roberts,15,5,265,1,0,6,5,0
usi:juanpablo,"Juan, Pablo",USI,8,5,264,1,0,1,1,0
jax:skorveiver,"Skorve, Iver",JAX,21,4,261,1,0,4,2,0
drexel:starkerwill,"Starker, Will",Drexel,12,15,260,1,0,4,2,0
umasslowell:youngethan,"Young, Ethan",UMass Lowell,12,15,256,1,0,10,6,0
uncasheville:culbertsondylan,"Culbertson, Dylan",UNC Asheville,33,16,256,1,0,4,3,0
maryland:caridemateo,"Caride, Mateo",Maryland,11,19,255,1,0,5,1,0
newjerseyinstituteoftechnology:krongoldjack,"Krongold, Jack",New Jersey Institute of Technology,17,3,254,1,0,3,1,0
californiabaptist:coopenico,"Coope, Nico",California Baptist,20,7,253,1,0,11,3,0
csun:forforeyifehn,"Forfor, Eyifehn",CSUN,14,9,251,1,0,2,1,0
drake:viscontidalton,"Visconti, Dalton",Drake,20,10,250,1,0,5,1,0
sacredheart:bermudezjohan,"Bermudez, Johan",Sacred Heart,18,12,249,0,2,3,2,0
southflorida:wilsondominic,"Wilson, Dominic",South Florida,16,16,248,0,2,5,2,0
delaware:parryconnor,"Parry, Connor",Delaware,24,15,247,1,0,4,2,0
stjohns:pusztahegyimarkus,"Pusztahegyi, Markus",St. John's,4,19,246,1,0,6,2,0
queens:hakonhalldorssonsigurdur,"Hakon Halldorsson, Sigurdur",Queens,27,4,239,1,0,8,4,0
calpoly:owenscparker,"Owens (C), Parker",Cal Poly,4,7,237,1,0,3,1,0
jacksonville:cooperkailas,"Cooper, Kailas",Jacksonville,26,8,236,1,0,6,3,0
wisconsin:greenaden,"Green, Aden",Wisconsin,6,13,235,1,0,2,2,0
detroitmercy:pearcerex,"Pearce, Rex",Detroit Mercy,21,9,232,1,0,6,4,0
navy:nelsonstephen,"Nelson, Stephen",Navy,10,10,231,0,2,1,0,0
delaware:fokaspetros,"Fokas, Petros",Delaware,10,16,228,0,2,1,1,0
vmi:dowdysam,"Dowdy, Sam",VMI,15,9,228,0,2,2,2,0
brown:brownetimi,"Browne, Timi",Brown,19,13,228,1,0,5,5,0
williammary:cooperdevin,"Cooper, Devin",William & Mary,12,10,228,1,0,2,1,0
stjohns:nibogoraank,"Nibogora, Ank",St. John's,14,19,226,0,2,3,1,0
uscupstate:fabamifobeetolu,"Fabamifobee, Tolu",USC Upstate,19,13,226,1,0,5,2,0
rutgers:lukovicamer,"Lukovic, Amer",Rutgers,19,17,224,1,0,8,4,0
georgemason:fieldsbrent,"Fields, Brent",George Mason,15,12,222,1,0,3,2,0
uiw:roblesnoe,"Robles, Noe",UIW,21,3,221,1,0,6,3,0
duke:gudbjornssonaxel,"Gudbjornsson, Axel",Duke,24,19,220,1,0,4,1,0
newhaven:piresjoo,"Pires, João",New Haven,17,4,220,0,2,5,2,0
calstatebakersfield:fosteroshea,"Foster, Oshea",Cal State Bakersfield,23,6,220,1,0,7,5,0
georgemason:lemoineleo,"Lemoine, Leo",George Mason,34,8,216,1,0,2,1,0
loyolamaryland:tuckertyler,"Tucker, Tyler",Loyola Maryland,2,4,215,1,0,3,2,0
niagarauniversity:brooksthomas,"Brooks, Thomas",Niagara University,17,4,213,1,0,3,1,0
universityatalbany:gissurarsonivarorri,"Gissurarson, Ivar Orri",University at Albany,7,3,211,1,0,6,4,0
newhaven:mirandaandrew,"Miranda, Andrew",New Haven,27,7,209,1,0,3,1,0
radford:robertsonchristian,"Robertson, Christian",Radford,27,15,208,1,0,3,2,0
camels:matosfilipe,"Matos, Filipe",Camels,10,4,207,1,0,7,1,0
gonzaga:rochelletalan,"Rochelle, Talan",Gonzaga,11,10,206,0,2,7,0,0
rutgers:essumanjude,"Essuman, Jude",Rutgers,14,17,205,1,0,8,4,0
butler:opsahledgar,"Opsahl, Edgar",Butler,16,13,205,1,0,3,3,0
houstonchristian:obengnana,"Obeng, Nana",Houston Christian,4,13,205,0,2,1,1,0
jax:cooperkailas,"Cooper, Kailas",JAX,26,5,201,1,0,8,5,0
georgemason:kamaraabdul,"Kamara, Abdul",George Mason,21,10,200,1,0,6,3,0
indiana:stewartseth,"Stewart, Seth",Indiana,8,18,200,1,0,4,3,0
yale:harmonnathan,"Harmon, Nathan",Yale,24,11,200,1,0,2,1,0
uab:loevegrothmathias,"Loeve Groth, Mathias",UAB,16,3,200,0,2,2,1,0
centralconnecticutstate:washingtonnick,"Washington, Nick",Central Connecticut State,14,3,200,1,0,2,1,0
furman:wamusnelllloyd,"Wamu Snell, Lloyd",Furman,9,16,199,1,0,4,2,0
brown:stistruppetersenmads,"Stistrup Petersen, Mads",Brown,7,4,196,0,2,3,1,0
ucf:onoseiryu,"Ono, Seiryu",UCF,19,15,195,1,0,5,1,0
milwaukee:weirollie,"Weir, Ollie",Milwaukee,7,4,193,1,0,8,3,0
mke:bretzmannjack,"Bretzmann, Jack",MKE,20,3,190,1,0,10,6,0
fdu:hewharrison,"Hew, Harrison",FDU,35,12,189,1,0,6,4,0
notredame:dunphystevie,"Dunphy, Stevie",Notre Dame,23,12,188,1,0,2,1,0
drake:fearingelijah,"Fearing, Elijah",Drake,7,14,187,1,0,3,2,0
notredame:vonthunmartin,"von Thun, Martin",Notre Dame,13,13,185,1,0,3,2,0
lasalle:lawrencealex,"Lawrence, Alex",La Salle,21,10,185,1,0,3,2,0
clemson:kellyjames,"Kelly, James",Clemson,19,11,184,1,0,4,2,0
ncstate:defrancescofrankie,"DeFrancesco, Frankie",NC State,11,4,184,1,0,3,1,0
ucla:vovkartem,"Vovk, Artem",UCLA,27,11,182,1,0,9,3,0
lwu:salvesenchrister,"Salvesen, Christer",LWU,8,2,180,1,0,1,1,0
pc:cordovasteven,"Cordova, Steven",PC,6,2,180,1,0,3,3,0
pc:burdettebryce,"Burdette, Bryce",PC,17,2,180,1,0,1,1,0
universityofmassachusetts:cencematt,"Cence, Matt",University of Massachusetts,9,2,180,1,0,8,1,0
universityofsouthernindiana:martialkristopher,"Martial, Kristopher",University of Southern Indiana,3,3,179,1,0,1,1,0
lu:hendricksjarred,"Hendricks, Jarred",LU,19,4,177,1,0,7,2,0
rhodeisland:rockeaustin,"Rocke, Austin",Rhode Island,16,6,176,1,0,3,3,0
upst:hilmarssonhilmar,"Hilmarsson, Hilmar",UPST,4,2,175,1,0,2,2,0
mercyhurst:prextyler,"Prex, Tyler",Mercyhurst,31,10,174,1,0,4,1,0
uvm:ismaildavid,"Ismail, David",UVM,13,2,172,1,0,11,5,0
camels:lavielleluc,"Lavielle, Luc",Camels,23,4,172,0,2,3,0,0
grandcanyon:gomezrodrigueznelson,"Gomez Rodriguez, Nelson",Grand Canyon,7,9,171,1,0,8,4,0
calstatebakersfield:heinrichnils,"Heinrich, Nils",Cal State Bakersfield,9,6,171,1,0,5,2,0
lu:bartoniluca,"Bartoni, Luca",LU,11,4,170,1,0,3,2,0
utahtech:khedoobrandon,"Khedoo, Brandon",Utah Tech,14,8,169,1,0,2,1,0
loyolauniversitymaryland:memingerbrandon,"Meminger, Brandon",Loyola University Maryland,13,4,169,1,0,3,1,0
lipscomb:stinnetttyler,"Stinnett, Tyler",Lipscomb,21,11,168,1,0,2,1,0
ccsu:morosalvaro,"Moros, Alvaro",CCSU,19,2,167,1,0,3,1,0
quinnipiac:saputojoey,"Saputo, Joey",Quinnipiac,9,7,166,1,0,2,1,0
radford:francogianluca,"Franco, Gianluca",Radford,25,14,166,0,2,3,0,0
universityatalbany:clivevokesalexander,"Clive Vokes, Alexander",University at Albany,16,3,164,1,0,3,2,0
saintmarys:leedavid,"Lee, David",Saint Mary's,29,15,163,1,0,1,1,0
upst:takawirajrvitalis,"Takawira Jr, Vitalis",UPST,98,2,163,0,2,5,3,0
loyolauniversitymaryland:ogorchris,"Ogor, Chris",Loyola University Maryland,14,4,162,1,0,3,1,0
centralconnecticutstateuniversity:lilleholtklevbergjaran,"Lilleholt Klevberg, Jaran",Central Connecticut State University,21,2,162,1,0,1,1,0
upst:kaufmannoskar,"Kaufmann, Oskar",UPST,7,2,160,1,0,4,2,0
saintjosephs:oliveiracristian,"Oliveira, Cristian",Saint Joseph's,29,8,159,1,0,2,2,0
georgiasouthern:floresmanuel,"Flores, Manuel",Georgia Southern,18,18,157,1,0,6,2,0
lwu:asamoahaaron,"Asamoah, Aaron",LWU,7,2,157,1,0,4,1,0
uconn:westeredward,"Wester, Edward",UConn,17,21,155,1,0,9,4,0
centralconnecticutstate:canellasdiego,"Canellas, Diego",Central Connecticut State,15,6,155,1,0,6,3,0
northernillinois:curieldasha,"Curiel, Dasha",Northern Illinois,27,5,153,1,0,12,6,0
utahvalley:mangataljordan,"Mangatal, Jordan",Utah Valley,26,9,153,1,0,4,2,0
fdu:giraldomatt,"Giraldo, Matt",FDU,15,8,152,1,0,3,3,0
massachusetts:vrhivan,"Vrh, Ivan",Massachusetts,20,2,151,1,0,5,2,0
bostoncollege:galluzzodevon,"Galluzzo, Devon",Boston College,24,17,150,0,2,4,2,0
cornell:mayliam,"May, Liam",Cornell,21,8,149,1,0,8,2,0
vermont:liquorithaddeus,"Liquori, Thaddeus",Vermont,11,7,146,1,0,3,1,0
santaclara:wangsnessjames,"Wangsness, James",Santa Clara,21,4,146,1,0,2,1,0
washington:diopmani,"Diop, Mani",Washington,15,21,145,1,0,3,2,0
universityofmassachusetts:mbuthiajohnpaul,"Mbuthia, John Paul",University of Massachusetts,14,2,142,1,0,4,1,0
uncgreensboro:eikenessveraassigurd,"Eikenes Sæveraas, Sigurd",UNC Greensboro,8,5,141,1,0,2,1,0
charlotte:frankerobert,"Franke, Robert",Charlotte,11,15,139,1,0,1,1,0
drake:sowmamadou,"Sow, Mamadou",Drake,16,14,136,1,0,5,1,0
stjohns:marciniakmateusz,"Marciniak, Mateusz",St. John's,17,19,134,1,0,7,2,0
duquesne:matthiassonhakondagur,"Matthiasson, Hakon Dagur",Duquesne,7,2,134,1,0,1,1,0
delaware:granadacristobal,"Granada, Cristobal",Delaware,7,14,133,0,2,3,1,0
wisconsin:greensamuel,"Green, Samuel",Wisconsin,11,10,130,1,0,1,1,0
kansascity:clarkedin,"Clark, Edin",Kansas City,19,15,129,1,0,4,4,0
northflorida:garciadiogo,"Garcia, Diogo",North Florida,33,13,128,0,2,1,0,0
longwood:peprahkevin,"Peprah, Kevin",Longwood,12,12,126,1,0,6,3,0
udm:sylvainguershom,"Sylvain, Guershom",UDM,10,2,125,1,0,5,1,0
uiw:chigedetatenda,"Chigede, Tatenda",UIW,5,2,122,1,0,1,1,0
loyolamd:stephensonjahvar,"Stephenson, Jahvar",Loyola (Md.),15,2,120,1,0,2,1,0
houstonchristian:belongian,"Belong, Ian",Houston Christian,21,11,119,1,0,5,2,0
udm:sommerfeldryan,"Sommerfeld, Ryan",UDM,15,3,119,1,0,4,2,0
universityatalbany:vallancecaleb,"Vallance, Caleb",University at Albany,8,3,117,1,0,1,1,0
umasslowell:inthisoneben,"Inthisone, Ben",UMass Lowell,18,13,116,1,0,2,2,0
utahtech:cuevassamir,"Cuevas, Samir",Utah Tech,7,3,115,0,2,1,1,0
michiganstate:huertaoscar,"Huerta, Oscar",Michigan State,15,16,114,1,0,3,3,0
bryant:sentieirotomas,"Sentieiro, Tomas",Bryant,20,9,114,1,0,2,1,0
universityofmassachusettslowell:agyaredansoethan,"Agyare-Danso, Ethan",University of Massachusetts Lowell,99,3,113,1,0,3,2,0
colgate:wrightaidan,"Wright, Aidan",Colgate,8,10,112,1,0,4,2,0
massachusetts:kellyaidan,"Kelly, Aidan",Massachusetts,4,2,109,1,0,2,2,0
fiu:arevalojohan,"Arevalo, Johan",FIU,25,12,107,1,0,3,1,0
unf:reinhardtjaxon,"Reinhardt, Jaxon",UNF,19,3,107,1,0,2,2,0
calstatefullerton:gradojonathan,"Grado, Jonathan",Cal State Fullerton,21,4,106,1,0,2,1,0
canisius:weberelliott,"Weber, Elliott",Canisius,24,8,106,1,0,2,1,0
milwaukee:steinwegnico,"Steinweg, Nico",Milwaukee,11,5,105,1,0,4,3,0
jax:davicsantosleonardo,"Davi C Santos, Leonardo",JAX,12,4,102,1,0,5,2,0
usi:bellokadiri,"Bello, Kadiri",USI,20,5,102,1,0,3,2,0
luc:pintoantonio,"Pinto, Antonio",LUC,9,2,100,1,0,3,2,0
loyolamarymount:maciasnacho,"Macias, Nacho",Loyola Marymount,23,2,100,0,2,0,0,0
bellarmine:wladdimirojoaquin,"Wladdimiro, Joaquin",Bellarmine,21,7,98,1,0,4,3,0
dartmouthcollege:petersmilo,"Peters, Milo",Dartmouth College,29,14,97,1,0,1,1,0
duke:lagosjackson,"Lagos, Jackson",Duke,32,19,96,1,0,4,1,0
jax:outerbridgehunter,"Outerbridge, Hunter",JAX,31,4,96,1,0,2,1,0
saintlouis:badhkavi,"Badh, Kavi",Saint Louis,24,11,95,0,2,2,1,0
uvm:chavezgabriel,"Chavez, Gabriel",UVM,2,2,95,1,0,1,1,0
centralarkansas:schwartzkyle,"Schwartz, Kyle",Central Arkansas,26,8,93,1,0,4,3,0
bu:daviesrhys,"Davies, Rhys",BU,4,1,92,1,0,1,1,0
ou:mazzeimarco,"Mazzei, Marco",OU,10,1,90,1,0,1,1,0
aue:elgersmatroy,"Elgersma, Troy",AUE,30,1,90,1,0,3,1,0
bel:clothierriley,"Clothier, Riley",BEL,3,1,90,1,0,1,1,0
warner:flamingjason,"Flaming, Jason",Warner,55,1,90,1,0,3,2,0
9highpoint:yantzbeau,"Yantz, Beau",#9 High Point,12,1,90,0,2,1,0,0
flames:blayperry,"Blay, Perry",FLAMES,2,1,90,0,2,0,0,0
fu:dippolitodaniel,"D'Ippolito, Daniel",FU,10,1,90,1,0,8,2,0
grb:madrigalnoah,"Madrigal, Noah",GRB,10,1,90,1,0,5,1,0
brynt:talabiabdel,"Talabi, Abdel",BRYNT,2,1,90,1,0,2,1,0
brynt:amarojaime,"Amaro, Jaime",BRYNT,27,1,90,1,0,3,3,0
mrst:verheulgijs,"Verheul, Gijs",MRST,4,1,90,1,0,2,2,0
bradleyuniversity:kafedzicanel,"Kafedzic, Anel",Bradley University,2,1,90,1,0,1,1,0
bostoncollege:gillethan,"Gill, Ethan",Boston College,11,1,90,1,0,4,1,0
ucsd:braunkeenai,"Braun, Keenai",UCSD,17,1,90,1,0,1,1,0
brd:kafedzicanel,"Kafedzic, Anel",BRD,2,1,90,1,0,1,1,0
evv:wurschmidtmartin,"Wurschmidt, Martin",EVV,4,1,90,1,0,1,1,0
qnc:salavuovalter,"Salavuo, Valter",QNC,20,1,90,1,0,2,2,0
ind:klaverstan,"Klaver, Stan",IND,7,1,90,1,0,3,2,0
ind:herrerajoseantonio,"Herrera, Jose Antonio",IND,22,1,90,1,0,5,1,0
siu:grahamian,"Graham, Ian",SIU,2,1,90,1,0,1,1,0
columbiauniversity:changpeter,"Chang, Peter",Columbia University,25,13,89,1,0,4,1,0
ualbany:filippoisaac,"Filippo, Isaac",UAlbany,15,6,89,1,0,2,1,0
luc:janjicpetar,"Janjic, Petar",LUC,15,2,87,1,0,3,2,0
pacific:folikweiaaron,"Folikwei, Aaron",Pacific,23,8,87,1,0,1,1,0
caldwell:rakehakon,"Rake, Hakon",Caldwell,8,1,86,1,0,2,1,0
californialutheranuniversity:nishizawashaw,"Nishizawa, Shaw",California Lutheran University,29,1,84,1,0,1,1,0
liu:garcianacho,"Garcia, Nacho",LIU,4,1,83,1,0,1,1,0
pride:goddardlaurie,"Goddard, Laurie",Pride,27,1,83,1,0,2,2,0
lehighplsemifinal:zizzagiacomo,"Zizza, Giacomo",Lehigh – PL Semifinal,10,1,83,1,0,4,1,0
stfrancis:skurekharvey,"Skurek, Harvey",St. Francis,3,1,82,1,0,1,1,0
virginiastate:rochezdiddier,"Rochez, Diddier",Virginia State,23,1,79,1,0,1,1,0
furmanthirdround:hernandezdiego,"Hernandez, Diego",Furman - Third Round,10,1,79,1,0,5,2,0
oakland:gjokajgabe,"Gjokaj, Gabe",Oakland,11,6,78,1,0,2,1,0
georgetown:nerirodrigo,"Neri, Rodrigo",Georgetown,9,1,77,1,0,6,2,0
csun:wernerfinn,"Werner, Finn",CSUN,17,7,77,1,0,4,2,0
9highpoint:kruegerbrendan,"Krueger, Brendan",#9 High Point,8,1,77,1,0,2,2,0
usf:nyagurungobrandon,"Nyagurungo, Brandon",USF,11,1,77,1,0,4,2,0
calbaptist:dagostinoblake,"D'Agostino, Blake",Cal Baptist,9,1,76,1,0,2,2,0
warner:mofilip,"Mo, Filip",Warner,9,1,75,1,0,2,2,0
princeton:gaineyliam,"Gainey, Liam",Princeton,9,1,75,1,0,1,1,0
campbell:jenkinjames,"Jenkin, James",Campbell,24,6,74,1,0,2,1,0
bu:nissenliejohan,"Nissen-Lie, Johan",BU,11,1,74,1,0,2,1,0
bucknellplfirstround:roskosdrew,"Roskos, Drew",Bucknell – PL First Round,3,1,73,1,0,4,4,0
uk:albanbertil,"Alban, Bertil",UK,17,1,72,1,0,1,1,0
ucsd:brownwoody,"Brown, Woody",UCSD,19,1,72,1,0,1,1,0
siuedwardsville:bastianonicolin,"Bastianoni, Colin",SIU-Edwardsville,19,1,71,1,0,2,1,0
ust:guffroymathis,"Guffroy, Mathis",UST,8,1,71,1,0,5,2,0
fiu:nasatoalejandro,"Nasato, Alejandro",FIU,19,10,70,1,0,4,3,0
10westvirginia:ewaldfelix,"Ewald, Felix",#10 West Virginia,10,1,70,1,0,2,2,0
trinitycollegeofjacksonville:boninigabriel,"Bonini, Gabriel",Trinity College of Jacksonville,3,1,70,1,0,1,1,0
hope:dietzmichael,"Dietz, Michael",Hope,27,1,70,1,0,3,1,0
cofc:bagshawben,"Bagshaw, Ben",CofC,19,1,70,1,0,1,1,0
siuedwardsville:howardevan,"Howard, Evan",SIU-Edwardsville,9,1,68,1,0,4,2,0
bucknell:snyderchayse,"Snyder, Chayse",Bucknell,16,1,67,1,0,4,3,0
georgetown:sadapazjordi,"Sada-Paz, Jordi",Georgetown,27,16,67,1,0,6,3,0
charleston:emanueleezequiel,"Emanuele, Ezequiel",Charleston,14,8,67,1,0,3,2,0
massachusetts:wadasthomas,"Wadas, Thomas",Massachusetts,7,2,66,1,0,1,1,0
tcj:amesburynicolas,"Amesbury, Nicolas",TCJ,11,1,65,1,0,1,1,0
wofford:morenoalejandro,"Moreno, Alejandro",Wofford,24,13,65,1,0,3,1,0
cofc:dashinpavel,"Dashin, Pavel",CofC,9,1,65,1,0,2,1,0
universityofsouthcarolinaupstate:zawlockijosh,"Zawlocki, Josh",University of South Carolina - Upstate,33,1,63,1,0,4,1,0
ferrum:rauschpayton,"Rausch, Payton",Ferrum,10,1,62,1,0,1,1,0
bu:hjorvarssonnokkvi,"Hjorvarsson, Nokkvi",BU,22,1,61,1,0,1,1,0
westmont:olivoortizleonel,"Olivo Ortiz, Leonel",Westmont,13,1,61,1,0,1,1,0
10westvirginia:pozospablo,"Pozos, Pablo",#10 West Virginia,9,1,61,1,0,2,2,0
roos:nkumukevin,"Nkumu, Kevin",Roos,32,1,61,1,0,1,1,0
northernillinois:davistaylor,"Davis, Taylor",Northern Illinois,9,4,60,1,0,1,1,0
uca:richardsdevonte,"Richards, Devonte",UCA,10,1,60,1,0,1,1,0
santaclara:tiptontyler,"Tipton, Tyler",Santa Clara,14,3,59,1,0,1,1,0
saintfrancisuniversity:piresthiago,"Pires, Thiago",Saint Francis University,20,2,58,1,0,1,1,0
marquette:torrezhudson,"Torrez, Hudson",Marquette,26,15,57,1,0,1,1,0
clemson:beiruteandres,"Beirute, Andres",Clemson,20,7,57,1,0,1,1,0
csub:ogunrashaad,"Ogun, Rashaad",CSUB,11,1,57,1,0,1,1,0
bradleyuniversity:coughlonmitch,"Coughlon, Mitch",Bradley University,33,1,56,1,0,2,1,0
ou:allostim,"Allos, Tim",OU,23,1,55,1,0,2,1,0
hofstra:keanesean,"Keane, Sean",Hofstra,15,1,55,1,0,1,1,0
bucknell:oziriwinston,"Oziri, Winston",Bucknell,9,6,55,1,0,4,2,0
luc:vonvegesackarved,"von Vegesack, Arved",LUC,16,1,55,1,0,2,2,0
stfrancis:napoleonbrandon,"Napoleon, Brandon",St. Francis,16,1,54,1,0,1,1,0
9highpoint:lugodaniel,"Lugo, Daniel",#9 High Point,9,1,54,1,0,3,2,0
northgreenville:onzienrico,"Onzi, Enrico",North Greenville,11,1,52,1,0,1,1,0
siu:churcholiver,"Church, Oliver",SIU,30,1,52,1,0,1,1,0
blm:marksjackson,"Marks, Jackson",BLM,22,1,51,1,0,1,1,0
stetson:elkhamissyadam,"Elkhamissy, Adam",Stetson,32,6,50,1,0,1,1,0
wcb:naumannnathan,"Naumann, Nathan",WCB,9,1,49,1,0,1,1,0
presbyterian:shermeralbert,"Shermer, Albert",Presbyterian,33,8,48,1,0,1,1,0
indiana:reidellluke,"Reidell, Luke",Indiana,25,17,48,0,2,1,0,0
fdu:ivascudavid,"Ivascu, David",FDU,28,9,48,1,0,2,1,0
quincy:chapmanlewis,"Chapman, Lewis",Quincy,6,1,48,1,0,1,1,0
newjerseyinstituteoftechnology:sardinhahenrique,"Sardinha, Henrique",New Jersey Institute of Technology,20,2,48,1,0,2,1,0
wcb:sottilelucas,"Sottile, Lucas",WCB,7,1,46,1,0,1,1,0
gu:lindimorejack,"Lindimore, Jack",GU,2,1,45,1,0,1,1,0
eagles:murphytony,"Murphy, Tony",EAGLES,7,1,45,1,0,2,1,0
flames:tamashirokai,"Tamashiro, Kai",FLAMES,17,1,45,0,2,2,2,0
sie:bartonidom,"Bartoni, Dom",SIE,27,1,45,1,0,1,1,0
unioncommonwealthky:loskagianni,"Loska, Gianni",Union Commonwealth (Ky.),15,1,44,1,0,1,1,0
southdakotaschoolofmines:castanonerik,"Castanon, Erik",South Dakota School of Mines,27,1,44,1,0,1,1,0
1a10saintlouis:francatheo,"Franca, Theo",(#1 A-10) Saint Louis,18,1,44,1,0,1,1,0
lwu:blakeethan,"Blake, Ethan",LWU,3,1,43,1,0,3,3,0
gu:ponceocampomateo,"Ponce Ocampo, Mateo",GU,10,1,42,1,0,1,1,0
californiabaptist:hocheaston,"Hoch, Easton",California Baptist,24,11,40,1,0,4,2,0
kingscollege:maraiamatt,"Maraia, Matt",King's College,20,1,40,1,0,1,1,0
sie:perkinsben,"Perkins, Ben",SIE,18,1,40,1,0,3,1,0
tribe:kosichwebb,"Kosich, Webb",Tribe,7,1,39,1,0,2,1,0
lwu:soaresalander,"Soares, Alander",LWU,10,1,39,1,0,2,2,0
1a10saintlouis:andersontanner,"Anderson, Tanner",(#1 A-10) Saint Louis,9,1,38,1,0,2,1,0
providence:ogunsanyakhayr,"Ogunsanya, Khayr",Providence,15,16,37,1,0,1,1,0
virginiatech:pageethan,"Page, Ethan",Virginia Tech,3,7,35,1,0,2,1,0
uca:oliverimichael,"Oliveri, Michael",UCA,9,1,35,1,0,2,2,0
calbaptist:cruzalexander,"Cruz, Alexander",Cal Baptist,2,1,34,1,0,1,1,0
mack:sambatheom,"Samba, Theom",MACK,9,1,33,1,0,2,1,0
umo:abrahamhaytham,"Abraham, Haytham",UMO,15,1,32,1,0,2,2,0
pennstate:siibonziza,"Siibo, Nziza",Penn State,33,9,31,1,0,1,1,0
westmont:ashweston,"Ash, Weston",Westmont,23,1,28,1,0,2,1,0
hofstra:schmitzcarter,"Schmitz, Carter",Hofstra,23,7,27,1,0,2,2,0
maryland:sheppelaaidan,"Sheppela, Aidan",Maryland,49,19,26,1,0,2,1,0
milwaukee:thistlegabe,"Thistle, Gabe",Milwaukee,21,3,23,1,0,1,1,0
loyola:turturronicholas,"Turturro, Nicholas",Loyola,21,4,18,1,0,2,1,0
albany:fettbreckin,"Fett, Breckin",Albany,23,1,16,1,0,1,1,0
columbiauniversity:carnoywill,"Carnoy, Will",Columbia University,29,13,9,1,0,1,1,0
stcloudstate:maldonadomahmood,"Maldonado, Mahmood",St. Cloud State,14,1,9,1,0,1,1,0
northgreenville:grayquinten,"Gray, Quinten",North Greenville,15,1,5,1,0,1,1,0
sacredheart:mattarafa,"Matta, Rafa",Sacred Heart,20,9,5,1,0,1,1,0
holycross:tmteam,"TM 
                                            TEAM",Holy Cross,TM,1,0,1,0,0,0,0
georgemason:team,TEAM,George Mason,TM,1,0,1,0,0,0,0
ncstate:team,TEAM,NC State,TM,1,0,1,0,0,0,0
villanova:tmteam,"TM 
                                            TEAM",Villanova,TM,1,0,1,0,0,0,0
bostonuniversity:team,TEAM,Boston University,TM,1,0,1,0,0,0,0
ucsantabarbara:tmteam,"TM 
                                            TEAM",UC Santa Barbara,TM,1,0,1,0,0,0,0
washington:team,TEAM,Washington,TM,1,0,1,0,0,0,0
wrightstate:tmteam,"TM 
                                            TEAM",Wright State,TM,1,0,1,0,0,0,0
army:tmteam,"TM 
                                            TEAM",Army,TM,1,0,1,0,0,0,0
utahvalley:tmteam,"TM 
                                            TEAM",Utah Valley,TM,1,0,1,0,0,0,0
bryant:tmteam,"TM 
                                            TEAM",Bryant,TM,1,0,1,0,0,0,0
vermont:tmteam,"TM 
                                            TEAM",Vermont,TM,1,0,1,0,0,0,0
canisius:tmteam,"TM 
                                            TEAM",Canisius,TM,1,0,1,0,0,0,0
army:team,TEAM,Army,TM,1,0,1,0,0,0,0
lehigh:team,TEAM,Lehigh,TM,1,0,1,0,0,0,0
calstatefullerton:tmteam,"TM 
                                            TEAM",Cal State Fullerton,TM,1,0,1,0,0,0,0
ucla:team,TEAM,UCLA,TM,1,0,1,0,0,0,0
maryland:team,TEAM,Maryland,TM,1,0,1,0,0,0,0
brown:team,TEAM,Brown,TM,1,0,1,0,0,0,0
iona:tmteam,"TM 
                                            TEAM",Iona,TM,1,0,1,0,0,0,0
howard:tmteam,"TM 
                                            TEAM",Howard,TM,1,0,1,0,0,0,0
ucsandiego:team,TEAM,UC San Diego,TM,1,0,1,0,0,0,0
pc:tmteam,"TM 
                                            TEAM",PC,TM,1,0,1,0,0,0,0
seattle:tmteam,"TM 
                                            TEAM",Seattle,TM,1,0,1,0,0,0,0
camels:tmteam,"TM 
                                            TEAM",Camels,TM,1,0,1,0,0,0,0
bellarmine:tmteam,"TM 
                                            TEAM",Bellarmine,TM,1,0,1,0,0,0,0
fau:team,TEAM,FAU,TM,1,0,1,0,0,0,0
northeastern:tmteam,"TM 
                                            TEAM",Northeastern,TM,1,0,1,0,0,0,0
saintfrancisuniversity:tmteam,"TM 
                                            TEAM",Saint Francis University,TM,1,0,1,0,0,0,0
belmontuniversity:tmteam,"TM 
                                            TEAM",Belmont University,TM,1,0,1,0,0,0,0
georgewashington:tmteam,"TM 
                                            TEAM",George Washington,TM,1,0,1,0,0,0,0
dartmouthcollege:team,TEAM,Dartmouth College,TM,1,0,1,0,0,0,0
sandiego:team,TEAM,San Diego,TM,1,0,1,0,0,0,0
unf:tmteam,"TM 
                                            TEAM",UNF,TM,1,0,1,0,0,0,0
lu:tmteam,"TM 
                                            TEAM",LU,TM,1,0,1,0,0,0,0
lemoynecollege:tmteam,"TM 
                                            TEAM",Le Moyne College,TM,1,0,1,0,0,0,0
memphis:team,TEAM,Memphis,TM,1,0,1,0,0,0,0
delaware:team,TEAM,Delaware,TM,1,0,1,0,0,0,0
greenbay:tmteam,"TM 
                                            TEAM",Green Bay,TM,1,0,1,0,0,0,0
fairfield:tmteam,"TM 
                                            TEAM",Fairfield,TM,1,0,1,0,0,0,0
virginia:team,TEAM,Virginia,TM,1,0,1,0,0,0,0
elon:tmteam,"TM 
                                            TEAM",Elon,TM,1,0,1,0,0,0,0
saintlouis:team,TEAM,Saint Louis,TM,1,0,1,0,0,0,0
saintlouis:abonneljeremi,"Abonnel, Jeremi",Saint Louis,28,22,2034,0,1,0,0,20
uconn:durhamkyle,"Durham, Kyle",UConn,13,21,1890,0,1,0,0,98
ucf:muozjuanvi,"Muñoz, Juanvi",UCF,13,20,1814,0,1,0,0,52
northcarolina:frogsoncallum,"Frogson, Callum",North Carolina,23,20,1811,0,1,6,1,0
syracuse:huttomas,"Hut, Tomas",Syracuse,25,20,1800,0,1,0,0,73
sanjosestate:dossmannniklas,"Dossmann, Niklas",San Jose State,5,20,1786,0,1,5,0,0
smu:landspergvillads,"Landsperg, Villads",SMU,2,20,1785,0,1,5,1,0
westernillinois:ramirezmicah,"Ramirez, Micah",Western Illinois,1,20,1774,0,1,0,0,0
wofford:hinterschusterpepe,"Hinterschuster, Pepe",Wofford,1,19,1721,0,1,0,0,18
uncgreensboro:sumailamohammed,"Sumaila, Mohammed",UNC Greensboro,5,21,1667,0,1,4,2,0
bryant:carvalhoenzo,"Carvalho, Enzo",Bryant,99,18,1640,0,1,0,0,6
vermont:hercegniklas,"Herceg, Niklas",Vermont,1,18,1635,0,1,0,0,13
pittsburgh:gilmanjackson,"Gilman, Jackson",Pittsburgh,2,18,1605,0,1,12,3,0
ucdavis:goodmanluke,"Goodman, Luke",UC Davis,14,18,1601,0,1,4,2,0
ucf:dejesusmateus,"Dejesus, Mateus",UCF,33,20,1592,0,1,7,3,0
sanjosestate:guerraedgar,"Guerra, Edgar",San Jose State,1,18,1584,0,1,0,0,41
westvirginia:martineznacho,"Martinez, Nacho",West Virginia,22,19,1574,0,1,8,3,0
pittsburgh:wetzelgavin,"Wetzel, Gavin",Pittsburgh,24,18,1571,0,1,2,1,0
saintjosephs:tanddocassidy,"Tanddo, Cassidy",Saint Joseph's,21,18,1561,0,1,3,1,0
ucsantabarbara:kamienskidrew,"Kamienski, Drew",UC Santa Barbara,19,19,1550,0,1,7,2,0
highpoint:holtroman,"Holt, Roman",High Point,15,18,1540,0,1,8,4,0
fairfield:thompsondrew,"Thompson, Drew",Fairfield,8,18,1536,0,1,6,2,0
louisville:kahoaliitj,"Kahoalii, TJ",Louisville,8,17,1502,0,1,13,6,0
drake:delongsam,"DeLong, Sam",Drake,5,17,1499,0,1,6,1,0
westernillinois:swearengenleevi,"Swearengen, Leevi",Western Illinois,23,20,1497,0,1,6,2,0
vmi:murphyzack,"Murphy, Zack",VMI,1,17,1485,0,1,0,0,20
georgiastate:gondohideto,"Gondo, Hideto",Georgia State,27,18,1484,0,1,6,3,0
universityofevansville:edstrmhkon,"Edstrøm, Håkon",University of Evansville,21,18,1482,0,1,12,1,0
ucsandiego:braunkeenai,"Braun, Keenai",UC San Diego,17,17,1481,0,1,5,1,0
mercer:masamunamanza,"Masamuna, Manza",Mercer,6,17,1459,0,1,5,1,0
houstonchristian:harraranis,"Harrar, Anis",Houston Christian,23,18,1457,0,1,6,4,0
oakland:fosterjace,"Foster, Jace",Oakland,21,17,1450,0,1,8,6,0
clemson:duquennearthur,"Duquenne, Arthur",Clemson,3,17,1449,0,1,10,1,0
elon:mucchetticonnor,"Mucchetti, Connor",Elon,8,17,1442,0,1,9,4,0
lafayette:durlinganthony,"Durling, Anthony",Lafayette,6,21,1441,0,1,5,1,0
queens:rhormensmatheus,"Rhormens, Matheus",Queens,30,16,1440,0,1,0,0,27
northwestern:poncedeleonrafael,"Ponce De Leon, Rafael",Northwestern,1,17,1440,0,1,0,0,47
fordham:gattilukas,"Gatti, Lukas",Fordham,18,16,1436,0,1,2,1,0
sacredheart:marinelliluca,"Marinelli, Luca",Sacred Heart,1,17,1420,0,1,0,0,16
belmontuniversity:clothierriley,"Clothier, Riley",Belmont University,3,16,1416,0,1,2,0,0
fordham:graythomas,"Gray, Thomas",Fordham,4,16,1415,0,1,6,3,0
newhampshire:voigtmax,"Voigt, Max",New Hampshire,2,17,1410,0,1,6,4,0
newhampshire:leejiwoo,"Lee, Jiwoo",New Hampshire,18,17,1402,0,1,4,1,0
rideruniversity:arndtleo,"Arndt, Leo",Rider University,5,16,1394,0,1,6,0,0
marshall:pakhomovnikita,"Pakhomov, Nikita",Marshall,6,21,1391,0,1,13,5,0
kansascity:cribbwesley,"Cribb, Wesley",Kansas City,22,19,1389,0,1,5,0,0
providence:batistadiego,"Batista, Diego",Providence,10,16,1379,0,1,16,4,0
jamesmadison:hsiehbaileyjai,"Hsieh-Bailey, Jai",James Madison,4,16,1376,0,1,1,1,0
navy:grantjalen,"Grant, Jalen",Navy,6,16,1365,0,1,9,4,0
duquesne:chavezdiego,"Chavez, Diego",Duquesne,27,15,1350,0,1,0,0,16
campbell:fichellelilian,"Fichelle, Lilian",Campbell,2,15,1342,0,1,2,1,0
villanova:mileszach,"Miles, Zach",Villanova,14,15,1316,0,1,7,2,0
smu:salvoalex,"Salvo, Alex",SMU,6,17,1314,0,1,5,0,0
calstatefullerton:sacristanmatthew,"Sacristan, Matthew",Cal State Fullerton,6,18,1309,0,1,13,3,0
cornell:kolbldominik,"Kolbl, Dominik",Cornell,16,19,1308,0,1,15,2,0
olddominion:soabdou,"So, Abdou",Old Dominion,28,18,1305,0,1,11,1,0
purduefortwayne:hernandezjonny,"Hernandez, Jonny",Purdue Fort Wayne,6,17,1295,0,1,6,2,0
yale:bullowen,"Bull, Owen",Yale,15,15,1285,0,1,7,2,0
fiu:vanhaverennigel,"Van Haveren, Nigel",FIU,48,15,1280,0,1,0,0,29
iuindy:hornbrady,"Horn, Brady",IU Indy,28,15,1275,0,1,2,2,0
oregonstate:nicolsonjohn,"Nicolson, John",Oregon State,1,14,1274,0,1,1,1,31
charlotte:stritterleonard,"Stritter, Leonard",Charlotte,1,14,1274,0,1,0,0,45
westernillinois:olingdahloscar,"Olingdahl, Oscar",Western Illinois,8,19,1273,0,1,7,2,0
kansascity:bauchermathias,"Baucher, Mathias",Kansas City,8,19,1270,0,1,8,4,0
lasalle:rabalasasha,"Rabala, Sasha",La Salle,25,17,1266,0,1,7,3,0
njit:armstrongdevin,"Armstrong, Devin",NJIT,1,14,1260,0,1,0,0,5
csun:lezzarsiddiq,"Lezzar, Siddiq",CSUN,6,14,1260,0,1,10,0,0
milwaukee:diananic,"Diana, Nic",Milwaukee,0,14,1260,0,1,0,0,11
bostonuniversity:riveddiego,"Rived, Diego",Boston University,6,17,1258,0,1,13,5,0
canisius:pollardkyle,"Pollard, Kyle",Canisius,14,16,1258,0,1,8,3,0
butler:verkooijenvygo,"Verkooijen , Vygo",Butler,3,16,1254,0,1,6,3,0
brown:hillemathias,"Hille, Mathias",Brown,5,14,1254,0,1,4,0,0
louisville:lewisjack,"Lewis, Jack",Louisville,24,17,1252,0,1,11,1,0
wisconsin:brownsamperisaac,"Brown-Samper, Isaac",Wisconsin,3,16,1251,0,1,2,0,0
iona:riverabruno,"Rivera, Bruno",Iona,4,16,1251,0,1,9,3,0
howard:lloydmarshall,"Lloyd, Marshall",Howard,15,15,1248,0,1,0,0,0
pittsburgh:bedourettomas,"Bedouret, Tomas",Pittsburgh,23,18,1246,0,1,13,3,0
uncwilmington:riveramartin,"Rivera, Martin",UNC Wilmington,23,15,1243,0,1,2,0,0
winthrop:koketsusodai,"Koketsu, Sodai",Winthrop,66,16,1232,0,1,6,3,0
ucdavis:hammondcarson,"Hammond, Carson",UC Davis,12,18,1230,0,1,4,0,0
gonzaga:moustafafarhan,"Moustafa, Farhan",Gonzaga,2,14,1221,0,1,7,1,0
clevelandstate:bravosanchezadrian,"Bravo-Sanchez, Adrian",Cleveland State,23,16,1220,0,1,1,1,0
saintjosephs:avelardiego,"Avelar, Diego",Saint Joseph's,3,16,1218,0,1,7,2,0
campbell:dapaahevans,"Dapaah, Evans",Campbell,8,15,1217,0,1,9,5,0
michiganstate:ebywill,"Eby, Will",Michigan State,2,16,1208,0,1,6,2,0
bellarmine:saflysam,"Safly, Sam",Bellarmine,27,15,1205,0,1,0,0,0
calstatefullerton:relerfordnick,"Relerford, Nick",Cal State Fullerton,3,17,1202,0,1,10,2,0
radford:imamurafukai,"Imamura, Fukai",Radford,13,17,1200,0,1,4,0,0
navy:cawlfieldwill,"Cawlfield, Will",Navy,3,16,1190,0,1,10,5,0
northeastern:kapilarohin,"Kapila, Rohin",Northeastern,2,14,1189,0,1,6,3,0
northeastern:learyethan,"Leary, Ethan",Northeastern,4,14,1186,0,1,2,0,0
washington:cruzcameron,"Cruz, Cameron",Washington,17,21,1185,0,1,8,3,0
pennstate:sheridanjoseph,"Sheridan, Joseph",Penn State,5,15,1185,0,1,5,3,0
siena:samsthomas,"Sams, Thomas",Siena,27,14,1183,0,1,2,1,0
coastalcarolina:stlouisjimson,"St. Louis, Jimson",Coastal Carolina,21,14,1182,0,1,5,1,0
pacific:carbonematteo,"Carbone, Matteo",Pacific,3,14,1178,0,1,9,4,0
vcu:salmonpedro,"Salmon, Pedro",VCU,3,15,1174,0,1,5,2,0
charlotte:manuforsamuel,"Manufor, Samuel",Charlotte,14,15,1172,0,1,0,0,0
northflorida:prebendatyler,"Prebenda, Tyler",North Florida,2,15,1171,0,1,6,0,0
georgiastate:fillaudeautom,"Fillaudeau, Tom",Georgia State,20,14,1167,0,1,7,0,0
northflorida:barnettalex,"Barnett, Alex",North Florida,4,15,1157,0,1,3,0,0
oregonstate:richardstate,"Richards, Tate",Oregon State,14,14,1152,0,1,10,2,0
saintlouis:henrygershon,"Henry, Gershon",Saint Louis,3,21,1150,0,1,1,0,0
purduefortwayne:theardtrey,"Theard, Trey",Purdue Fort Wayne,21,17,1144,0,1,3,1,0
omaha:kvarnbackoskar,"Kvarnback, Oskar",Omaha,15,13,1143,0,1,16,5,0
sacramentostate:martinezleonardo,"Martinez, Leonardo",Sacramento State,15,17,1140,0,1,3,0,0
ohiostate:robertsandre,"Roberts, Andre",Ohio State,8,15,1131,0,1,6,2,0
grandcanyon:volcycharles,"Volcy, Charles",Grand Canyon,29,14,1127,0,1,0,0,0
grandcanyon:ibarradaniel,"Ibarra, Daniel",Grand Canyon,0,13,1125,0,1,0,0,7
georgiasouthern:porteropablo,"Portero, Pablo",Georgia Southern,21,18,1123,0,1,6,3,0
ucsandiego:oppenheimkai,"Oppenheim, Kai",UC San Diego,23,17,1120,0,1,18,8,0
delaware:chattenluke,"Chatten, Luke",Delaware,4,16,1118,0,1,0,0,0
drake:wakefieldchase,"Wakefield, Chase",Drake,2,17,1114,0,1,8,1,0
marquette:fotlandandreas,"Fotland, Andreas",Marquette,4,15,1106,0,1,6,3,0
newhampshire:recinosarian,"Recinos, Arian",New Hampshire,3,17,1100,0,1,7,1,0
northernkentucky:clinejoshua,"Cline, Joshua",Northern Kentucky,2,15,1099,0,1,7,3,0
uconn:hameljohan,"Hamel, Johan",UConn,22,21,1095,0,1,5,0,0
saintmarys:smithian,"Smith, Ian",Saint Mary's,17,16,1092,0,1,12,0,0
mercer:thambweanthony,"Thambwe, Anthony",Mercer,3,17,1084,0,1,7,3,0
seattle:lanphiercharlie,"Lanphier, Charlie",Seattle,1,12,1080,0,1,0,0,45
memphis:sabattifilip,"Sabatti, Filip",Memphis,1,14,1080,0,1,0,0,38
monmouth:bichlerjessy,"Bichler, Jessy",Monmouth,23,14,1076,0,1,7,3,0
stonehillcollege:hineschris,"Hines, Chris",Stonehill College,10,17,1071,0,1,15,7,0
penn:niehenkejoaquin,"Niehenke, Joaquin",Penn,5,14,1071,0,1,7,4,0
lindenwood:francombejosh,"Francombe, Josh",Lindenwood,6,14,1066,0,1,11,3,0
templeuniversity:votelcharlie,"Votel, Charlie",Temple University,19,16,1053,0,1,14,6,0
michigan:martinoliver,"Martin, Oliver",Michigan,15,20,1051,0,1,3,3,0
dayton:dikkoadebayo,"Dikko, Adebayo",Dayton,33,14,1050,0,1,5,2,0
sanfrancisco:doughertymason,"Dougherty, Mason",San Francisco,7,16,1044,0,1,7,3,0
queens:canovasrodrigo,"Canovas, Rodrigo",Queens,22,14,1035,0,1,4,2,0
stonybrook:drummondsebastian,"Drummond, Sebastian",Stony Brook,28,17,1034,0,1,11,4,0
rideruniversity:kirilenkoluke,"Kirilenko, Luke",Rider University,25,16,1020,0,1,7,2,0
bowlinggreen:soaresgiovanni,"Soares, Giovanni",Bowling Green,5,13,1009,0,1,4,0,0
oralroberts:daltonmason,"Dalton, Mason",Oral Roberts,16,15,1007,0,1,12,1,0
newhampshire:simakanboubacar,"Simakan, Boubacar",New Hampshire,5,17,996,0,1,3,1,0
marquette:richardsbryce,"Richards, Bryce",Marquette,20,16,992,0,1,16,8,0
saintpeters:rudjordsamuel,"Rudjord, Samuel",Saint Peter's,30,15,989,0,1,2,0,0
rideruniversity:heildrew,"Heil, Drew",Rider University,11,17,986,0,1,16,7,0
rutgers:andrusjack,"Andrus, Jack",Rutgers,28,17,982,0,1,7,1,0
drake:corrigannoah,"Corrigan, Noah",Drake,25,15,981,0,1,0,0,0
saintmarys:whittakerjaydon,"Whittaker, Jaydon",Saint Mary's,5,16,977,0,1,12,1,0
ohiostate:demiannathan,"Demian, Nathan",Ohio State,3,15,969,0,1,2,1,0
centralarkansas:atiaomar,"Atia, Omar",Central Arkansas,12,13,968,0,1,6,3,0
radford:paganojayce,"Pagano, Jayce",Radford,22,16,967,0,1,6,2,0
california:pickettdandre,"Pickett, D'Andre",California,28,18,965,0,1,4,3,0
notredame:greensebastian,"Green, Sebastian",Notre Dame,24,14,946,0,1,4,0,0
butler:tolkinpeter,"Tolkin, Peter",Butler,25,17,945,0,1,6,2,0
kansascity:nkumukevin,"Nkumu, Kevin",Kansas City,32,18,943,0,1,4,1,0
washington:fernandezgabe,"Fernandez, Gabe",Washington,44,23,941,0,1,1,0,0
kentucky:andersenmarcus,"Andersen, Marcus",Kentucky,18,15,930,0,1,3,0,0
greenbay:perkinsty,"Perkins, Ty",Green Bay,5,15,926,0,1,2,0,0
missouristate:lowrywill,"Lowry, Will",Missouri State,1,15,925,0,1,0,0,24
drexel:haberlmax,"Haberl, Max",Drexel,21,15,923,0,1,1,1,0
depaul:wattscallum,"Watts, Callum",DePaul,8,17,915,0,1,13,1,0
xavier:scretchencannon,"Scretchen, Cannon",Xavier,13,15,912,0,1,4,2,0
sandiego:ayalavicente,"Ayala, Vicente",San Diego,17,16,908,0,1,5,2,0
canisius:floresedson,"Flores, Edson",Canisius,8,16,901,0,1,9,3,0
umbc:tormolopezemigdio,"Tormo Lopez, Emigdio",UMBC,1,10,900,0,1,0,0,0
uab:mabontom,"Mabon, Tom",UAB,1,14,900,0,1,0,0,28
northernillinois:kamaraamara,"Kamara, Amara",Northern Illinois,22,10,898,0,1,7,3,0
oakland:alrashedabdul,"Al-Rashed, Abdul",Oakland,22,17,892,0,1,16,9,0
liberty:conleyty,"Conley, Ty",Liberty,6,18,888,0,1,2,0,0
sandiegostate:prestodylan,"Presto, Dylan",San Diego State,15,15,876,0,1,7,2,0
harvard:tanyixavier,"Tanyi, Xavier",Harvard,21,17,874,0,1,10,4,0
uconn:valenticmarco,"Valentic, Marco",UConn,8,21,873,0,1,13,7,0
ucla:aguilaradrian,"Aguilar, Adrian",UCLA,28,16,873,0,1,6,2,0
fdu:labitevictor,"Labite, Victor",FDU,4,12,866,0,1,4,1,0
easternillinois:todasho,"Toda, Sho",Eastern Illinois,13,17,856,0,1,8,3,0
quinnipiac:pisanimatthew,"Pisani, Matthew",Quinnipiac,12,15,855,0,1,0,0,12
ucla:sentsean,"Sent, Sean",UCLA,12,18,850,0,1,5,0,0
georgemason:garciadavid,"Garcia, David",George Mason,14,14,846,0,1,5,1,0
longwood:ambaekdavid,"Ambaek, David",Longwood,4,11,835,0,1,5,4,0
ucirvine:kaemerleshane,"Kaemerle, Shane",UC Irvine,22,21,832,0,1,7,3,0
saintmarys:batrescesar,"Batres, Cesar",Saint Mary's,12,16,827,0,1,10,2,0
saintpeters:mccreeryshane,"McCreery, Shane",Saint Peter's,3,14,823,0,1,4,2,0
rhodeisland:sanchisjoan,"Sanchis, Joan",Rhode Island,6,13,823,0,1,1,0,0
wisconsin:smithwill,"Smith, Will",Wisconsin,23,16,820,0,1,3,1,0
charleston:walkerhogan,"Walker, Hogan",Charleston,18,14,818,0,1,3,1,0
michiganstate:knoxjeb,"Knox, JEB",Michigan State,23,16,813,0,1,4,2,0
delaware:elliottjojo,"Elliott, JoJo",Delaware,33,9,810,0,1,0,0,10
njit:herediaalvaro,"Heredia, Alvaro",NJIT,10,14,802,0,1,10,6,0
california:cordovacesar,"Cordova, Cesar",California,17,18,801,0,1,8,1,0
universityofsouthernindiana:nakamaeahiro,"Nakamae, Ahiro",University of Southern Indiana,16,10,799,0,1,7,3,0
templeuniversity:strandteo,"Strand, Teo",Temple University,10,16,799,0,1,7,2,0
njit:massacesigiovanni,"Massacesi, Giovanni",NJIT,28,13,796,0,1,16,4,0
sacramentostate:alsakatihasan,"Alsakati, Hasan",Sacramento State,10,17,778,0,1,8,2,0
lipscomb:greenjosiah,"Green, Josiah",Lipscomb,11,17,776,0,1,13,3,0
lipscomb:hanlonluke,"Hanlon, Luke",Lipscomb,29,16,774,0,1,14,5,0
utahtech:reginomiguel,"Regino, Miguel",Utah Tech,2,13,774,0,1,6,2,0
etsu:kolbjornseningvar,"Kolbjornsen, Ingvar",ETSU,10,14,765,0,1,2,1,0
kentucky:millermax,"Miller, Max",Kentucky,3,12,761,0,1,4,1,0
mercyhurst:bustamantesantiago,"Bustamante, Santiago",Mercyhurst,8,11,760,0,1,3,0,0
lasalle:chihamichael,"Chiha, Michael",La Salle,7,12,759,0,1,6,2,0
northwestern:fisherevrit,"Fisher, Evrit",Northwestern,29,14,757,0,1,4,0,0
duke:bulljorgensennikolaironaldo,"Bull Jorgensen, Nikolai Ronaldo",Duke,8,16,754,0,1,6,1,0
missouristate:cellerinobruno,"Cellerino, Bruno",Missouri State,15,16,742,0,1,4,1,0
uncasheville:erikssonconradryu,"Eriksson, Conrad Ryu",UNC Asheville,3,15,728,0,1,0,0,0
umasslowell:agyaredansoethan,"Agyare-Danso, Ethan",UMass Lowell,99,16,725,0,1,11,1,0
winthrop:satotakumi,"Sato, Takumi",Winthrop,10,14,724,0,1,11,5,0
charleston:watsonryan,"Watson, Ryan",Charleston,17,14,721,0,1,4,0,0
csubakersfield:arrasfilip,"Arras, Filip",CSU Bakersfield,16,8,720,0,1,9,5,0
drexel:gavasyorgos,"Gavas, Yorgos",Drexel,17,15,719,0,1,7,1,0
lehigh:adkinsjax,"Adkins, Jax",Lehigh,21,16,719,0,1,2,1,0
bostonuniversity:abaikeke,"Abai, Keke",Boston University,28,17,718,0,1,6,3,0
saintpeters:garveytiernan,"Garvey, Tiernan",Saint Peter's,15,14,718,0,1,6,1,0
tulsa:gamboadani,"Gamboa, Dani",Tulsa,13,17,712,0,1,1,0,0
cornell:samwaysdaniel,"Samways, Daniel",Cornell,10,18,710,0,1,16,7,0
loyolachicago:chavarriabenji,"Chavarria, Benji",Loyola Chicago,19,13,704,0,1,7,0,0
charlotte:mayatichadi,"Mayati, Chadi",Charlotte,6,15,703,0,1,9,4,0
ucsandiego:brownwoody,"Brown, Woody",UC San Diego,19,17,703,0,1,4,0,0
duke:kabuusujamie,"Kabuusu, Jamie",Duke,2,16,702,0,1,1,0,0
siena:vrdoljaktomislav,"Vrdoljak, Tomislav",Siena,6,14,702,0,1,2,0,0
charleston:salifuissaka,"Salifu, Issaka",Charleston,6,14,702,0,1,7,2,0
bowlinggreen:bodurovryko,"Bodurov, Ryko",Bowling Green,7,12,701,0,1,9,4,0
oakland:kanzlerjulian,"Kanzler, Julian",Oakland,18,17,696,0,1,9,0,0
umass:fordhammatt,"Fordham, Matt",UMass,3,12,695,0,1,3,0,0
loyolachicago:baileygrant,"Bailey, Grant",Loyola Chicago,20,10,693,0,1,2,0,0
mercer:buffoneethan,"Buffone, Ethan",Mercer,20,14,692,0,1,4,1,0
bradley:fowlkesamari,"Fowlkes, Amari",Bradley,10,9,690,0,1,5,1,0
georgiasouthern:searsedan,"Sears, Edan",Georgia Southern,16,18,686,0,1,1,0,0
saintjosephs:rossjake,"Ross, Jake",Saint Joseph's,2,12,685,0,1,10,4,0
kansascity:yedmelkenny,"Yedmel, Kenny",Kansas City,15,19,681,0,1,2,0,0
tulsa:reichjake,"Reich, Jake",Tulsa,24,18,679,0,1,10,2,0
grandcanyon:kieferjack,"Kiefer, Jack",Grand Canyon,15,11,675,0,1,2,1,0
drake:barrettryder,"Barrett, Ryder",Drake,4,12,672,0,1,0,0,0
saintlouis:jaegerkai,"Jaeger, Kai",Saint Louis,13,21,669,0,1,5,0,0
purduefortwayne:shetiahameer,"Shetiah, Ameer",Purdue Fort Wayne,22,17,665,0,1,3,1,0
uic:chibatakeru,"Chiba, Takeru",UIC,4,8,665,0,1,1,0,0
army:adugyamfisean,"Adu-Gyamfi, Sean",Army,28,18,664,0,1,4,2,0
yale:jayaydin,"Jay, Aydin",Yale,11,15,663,0,1,12,4,0
chicagostate:quezadajayden,"Quezada, Jayden",Chicago State,23,9,653,0,1,5,2,0
holycross:rosatoadric,"Rosato, Adric",Holy Cross,2,14,652,0,1,6,2,0
marquette:amondryan,"Amond, Ryan",Marquette,27,16,650,0,1,4,1,0
stonybrook:smithkyle,"Smith, Kyle",Stony Brook,5,16,649,0,1,5,2,0
stbonaventure:bervillehugo,"Berville, Hugo",St. Bonaventure,4,10,641,0,1,1,0,0
presbyterian:buriadrian,"Buri, Adrian",Presbyterian,3,18,628,0,1,8,4,0
oralroberts:dealmeidaseixasleonardo,"de Almeida Seixas, Leonardo",Oral Roberts,15,11,627,0,1,5,1,0
missouristate:harlockjared,"Harlock, Jared",Missouri State,13,16,624,0,1,4,0,0
stbonaventure:khaledyaseen,"Khaled, Yaseen",St. Bonaventure,26,15,623,0,1,1,0,0
bowlinggreen:ptacekaiden,"Ptacek, Aiden",Bowling Green,14,12,619,0,1,2,0,0
pittsburgh:oliverlogan,"Oliver, Logan",Pittsburgh,6,16,615,0,1,1,0,0
westernmichigan:kleinjordan,"Klein, Jordan",Western Michigan,8,19,614,0,1,2,0,0
umasslowell:ketbacheaamir,"Ketbache, Aamir",UMass Lowell,4,15,611,0,1,0,0,0
wrightstate:burkettbrian,"Burkett, Brian",Wright State,19,15,610,0,1,3,1,0
southflorida:mccoymarcellus,"McCoy, Marcellus",South Florida,4,16,608,0,1,4,2,0
californiabaptist:arguellodamian,"Arguello, Damian",California Baptist,15,16,607,0,1,5,2,0
stetson:rodriguezandres,"Rodriguez, Andres",Stetson,12,14,603,0,1,4,2,0
pacific:andrewjames,"Andrew, James",Pacific,20,16,603,0,1,7,3,0
mountstmarys:cherifabou,"Cherif, Abou",Mount St. Mary's,17,16,601,0,1,8,5,0
southflorida:ericksoncade,"Erickson, Cade",South Florida,6,17,600,0,1,4,1,0
csubakersfield:rocabogart,"Roca, Bogart",CSU Bakersfield,24,8,597,0,1,5,1,0
mountstmarys:marstellerbobby,"Marsteller, Bobby",Mount St. Mary's,9,16,597,0,1,6,0,0
lafayette:duschangcole,"Duschang, Cole",Lafayette,16,16,596,0,1,3,2,0
siue:clausenmathias,"Clausen, Mathias",SIUE,20,11,596,0,1,4,2,0
liberty:swinehartdylan,"Swinehart, Dylan",Liberty,13,19,590,0,1,17,8,0
grandcanyon:santosxande,"Santos, Xande",Grand Canyon,19,13,590,0,1,7,3,0
northeastern:brownfraser,"Brown, Fraser",Northeastern,21,14,589,0,1,11,4,0
xavier:silvestrinialejandro,"Silvestrini, Alejandro",Xavier,16,15,584,0,1,9,2,0
chicagostate:brockertkresszephyn,"Brockert-Kress, Zephyn",Chicago State,16,10,580,0,1,8,3,0
detroitmercy:speensamuel,"Speen, Samuel",Detroit Mercy,14,13,579,0,1,4,1,0
ucsantabarbara:middletonjack,"Middleton, Jack",UC Santa Barbara,20,13,576,0,1,0,0,0
universityofsouthernindiana:colassacogian,"Colassaco, Gian",University of Southern Indiana,17,9,569,0,1,3,2,0
universityofsouthernindiana:smithchase,"Smith, Chase",University of Southern Indiana,19,10,569,0,1,1,0,0
gonzaga:jonespaul,"Jones, Paul",Gonzaga,18,12,568,0,1,0,0,0
uab:lovegrothmathias,"Love Groth, Mathias",UAB,16,12,566,0,1,5,2,0
xavier:trickettnathan,"Trickett, Nathan",Xavier,7,15,565,0,1,11,5,0
portland:hernandezmiguelangel,"Hernandez, Miguel-Angel",Portland,34,6,560,0,1,0,0,10
elon:taylorjoe,"Taylor, Joe",Elon,3,14,558,0,1,1,0,0
universityofsouthernindiana:kirchhoferwill,"Kirchhofer, Will",University of Southern Indiana,21,9,557,0,1,8,3,0
villanova:zulmanjasper,"Zulman, Jasper",Villanova,12,16,557,0,1,8,2,0
chicagostate:bhagentsangkarma,"Bhagentsang, Karma",Chicago State,13,10,553,0,1,8,3,0
portland:hernandezsebastian,"Hernandez, Sebastian",Portland,16,6,551,0,1,6,1,0
portland:clarketosczaknikos,"Clarke-Tosczak, Nikos",Portland,3,6,548,0,1,1,0,0
fgcu:bustamantejose,"Bustamante, Jose",FGCU,9,15,547,0,1,5,3,0
stetson:freitasjoao,"Freitas, Joao",Stetson,17,11,545,0,1,3,1,0
bradley:kafedzicanel,"Kafedzic, Anel",Bradley,2,8,542,0,1,2,1,0
wakeforest:torbicjoel,"Torbic, Joel",Wake Forest,16,16,537,0,1,9,2,0
georgewashington:robertsfinn,"Roberts, Finn",George Washington,10,15,536,0,1,6,1,0
davidsoncollege:castellinimateo,"Castellini, Mateo",Davidson College,8,19,536,0,1,0,0,0
portland:martinezangel,"Martinez, Angel",Portland,21,6,534,0,1,0,0,0
ualbany:tanakashawn,"Tanaka, Shawn",UAlbany,12,7,529,0,1,9,3,0
california:mceligotrohan,"McEligot, Rohan",California,9,18,528,0,1,12,4,0
stonehillcollege:schuelerfinn,"Schueler, Finn",Stonehill College,30,6,526,0,1,0,0,0
penn:sullivanowen,"Sullivan, Owen",Penn,34,14,518,0,1,12,3,0
denver:schommertyler,"Schommer, Tyler",Denver,9,22,517,0,1,14,6,0
westernmichigan:boerhenrik,"Boer, Henrik",Western Michigan,17,17,516,0,1,6,3,0
highpoint:behrmannryan,"Behrmann, Ryan",High Point,24,16,514,0,1,2,1,0
highpoint:mensahdesmond,"Mensah, Desmond",High Point,3,16,513,0,1,0,0,0
newhaven:youdonghyeon,"You, Donghyeon",New Haven,29,15,512,0,1,4,3,0
lindenwood:fornesbruno,"Fornes, Bruno",Lindenwood,2,10,507,0,1,4,2,0
charlotte:mormichael,"Mor, Michael",Charlotte,5,15,504,0,1,1,1,0
bucknell:hidalgokiko,"Hidalgo, Kiko",Bucknell,25,14,502,0,1,6,2,0
westernmichigan:nieuwhofemiel,"Nieuwhof,  Emiel",Western Michigan,31,19,500,0,1,4,1,0
wrightstate:fuentesuleto,"Fuentes, Uleto",Wright State,18,13,500,0,1,2,1,0
loyolamarymount:lopezrosalesdiego,"Lopez-Rosales, Diego",Loyola Marymount,9,8,500,0,1,6,1,0
radford:radomskimichael,"Radomski, Michael",Radford,28,16,499,0,1,5,1,0
oralroberts:shirleyrhys,"Shirley, Rhys",Oral Roberts,19,17,497,0,1,6,2,0
vermont:blascodevesamarcos,"Blasco Devesa, Marcos",Vermont,14,9,490,0,1,9,2,0
saintmarys:dringadam,"Dring, Adam",Saint Mary's,23,16,489,0,1,4,1,0
csun:garibayfrancisco,"Garibay, Francisco",CSUN,25,9,486,0,1,4,1,0
pittsburgh:redenforsjacob,"Redenfors, Jacob",Pittsburgh,3,16,479,0,1,2,2,0
pittsburgh:hardinjosh,"Hardin, Josh",Pittsburgh,13,18,471,0,1,5,4,0
calstatebakersfield:rocabogart,"Roca, Bogart",Cal State Bakersfield,24,6,471,0,1,2,1,0
depaul:lairdnathan,"Laird, Nathan",DePaul,27,17,470,0,1,9,2,0
furman:travisjack,"Travis, Jack",Furman,15,19,465,0,1,2,1,0
kentucky:shreinerluke,"Shreiner, Luke",Kentucky,23,13,465,0,1,3,0,0
loyolauniversitymaryland:nicholsrichie,"Nichols, Richie",Loyola University Maryland,6,6,464,0,1,13,5,0
siena:perezjordaalejandro,"Perez Jorda, Alejandro",Siena,22,14,462,0,1,4,1,0
fordham:siasjack,"Sias, Jack",Fordham,14,14,458,0,1,2,0,0
sacramentostate:looneyzach,"Looney, Zach",Sacramento State,18,14,456,0,1,5,1,0
memphis:grudkoanthony,"Grudko, Anthony",Memphis,16,15,453,0,1,11,7,0
unlv:madridmikah,"Madrid, Mikah",UNLV,15,10,451,0,1,5,0,0
indiana:micheljudewellin,"Michel, Judewellin",Indiana,1,18,450,0,1,0,0,14
lindenwood:clossonquinn,"Closson, Quinn",Lindenwood,31,6,450,0,1,0,0,4
lipscomb:appiahkubah,"Appiah, Kubah",Lipscomb,20,15,449,0,1,3,0,0
saintjosephs:murrayfinn,"Murray, Finn",Saint Joseph's,14,15,449,0,1,7,1,0
bucknell:weavercohen,"Weaver, Cohen",Bucknell,19,8,449,0,1,11,1,0
seattle:toyayuta,"Toya, Yuta",Seattle,12,11,448,0,1,4,1,0
bellarmine:gardevjames,"Gardev, James",Bellarmine,17,6,448,0,1,0,0,0
fairfield:muraniamassimo,"Murania, Massimo",Fairfield,9,17,446,0,1,5,1,0
ucriverside:mezakevin,"Meza, Kevin",UC Riverside,26,14,443,0,1,8,3,0
gardnerwebb:moorejalen,"Moore, Jalen",Gardner-Webb,12,18,442,0,1,4,0,0
houstonchristian:parishkacy,"Parish, Kacy",Houston Christian,8,15,440,0,1,2,2,0
saintfrancis:wolfjonah,"Wolf, Jonah",Saint Francis,6,7,439,0,1,4,1,0
uic:delgadoantonio,"Delgado, Antonio",UIC,9,14,436,0,1,7,2,0
mercyhurst:jacksontyusjalen,"Jackson-Tyus, Jalen",Mercyhurst,22,12,435,0,1,5,2,0
etsu:atolagbekhalifah,"Atolagbe, Khalifah",ETSU,27,11,434,0,1,3,1,0
centralarkansas:bamballinoa,"Bamballi, Noa",Central Arkansas,23,13,433,0,1,10,1,0
ucf:funakoshisora,"Funakoshi, Sora",UCF,11,16,431,0,1,5,4,0
utahtech:velasquezdenilson,"Velasquez, Denilson",Utah Tech,10,11,430,0,1,4,1,0
saintlouis:coughlansam,"Coughlan, Sam",Saint Louis,6,18,429,0,1,4,2,0
northeastern:rgerjulius,"Rüger, Julius",Northeastern,8,9,428,0,1,6,3,0
rideruniversity:punselieezra,"Punselie, Ezra",Rider University,8,12,425,0,1,8,6,0
centralconnecticutstate:wrightcolin,"Wright, Colin",Central Connecticut State,7,7,423,0,1,4,3,0
army:nguyenjacob,"Nguyen, Jacob",Army,12,17,421,0,1,3,1,0
southcarolina:biggerjonah,"Bigger, Jonah",South Carolina,13,6,421,0,1,2,0,0
syracuse:noedingtim,"Noeding, Tim",Syracuse,20,19,419,0,1,11,3,0
vermont:bultmanpieter,"Bultman, Pieter",Vermont,24,12,411,0,1,3,0,0
santaclara:dyalpierce,"Dyal, Pierce",Santa Clara,8,6,409,0,1,1,0,0
notredame:flanaganjack,"Flanagan, Jack",Notre Dame,11,16,408,0,1,12,6,0
columbiauniversity:limajoao,"Lima, Joao",Columbia University,10,14,407,0,1,7,2,0
virginiatech:ruizmateosfigueroaalvaro,"Ruiz-Mateos Figueroa, Alvaro",Virginia Tech,18,13,405,0,1,9,2,0
tulsa:mejiajareth,"Mejia, Jareth",Tulsa,14,18,394,0,1,2,0,0
depaul:tinocosam,"Tinoco, Sam",DePaul,7,17,393,0,1,7,1,0
denver:carrollchris,"Carroll, Chris",Denver,13,20,393,0,1,3,0,0
bucknell:bejaranojack,"Bejarano, Jack",Bucknell,19,8,392,0,1,7,3,0
uncasheville:hamidaysa,"Hamid, Aysa",UNC Asheville,14,12,391,0,1,12,3,0
merrimackcollege:labellejack,"Labelle, Jack",Merrimack College,7,6,390,0,1,0,0,0
omaha:bilinacstefan,"Bilinac, Stefan",Omaha,8,12,388,0,1,1,0,0
bradley:knottsluke,"Knotts, Luke",Bradley,26,9,384,0,1,3,0,0
bucknell:elderzain,"Elder, Zain",Bucknell,8,16,383,0,1,5,2,0
usi:nakamaeahiro,"Nakamae, Ahiro",USI,16,5,383,0,1,2,2,0
rutgers:lynchmatty,"Lynch, Matty",Rutgers,24,17,381,0,1,6,1,0
rideruniversity:joasilusricky,"Joasilus, Ricky",Rider University,21,6,379,0,1,2,0,0
harvard:ojeaquintanamarcos,"Ojea Quintana, Marcos",Harvard,10,15,378,0,1,3,1,0
delaware:hastingstj,"Hastings, TJ",Delaware,5,15,377,0,1,2,0,0
georgiastate:grahambrandon,"Graham, Brandon",Georgia State,16,13,375,0,1,7,3,0
california:onuomawisdom,"Onuoma, Wisdom",California,26,18,372,0,1,4,1,0
ohiostate:onwonaagyemandyland,"Onwona-Agyeman, Dyland",Ohio State,2,16,370,0,1,5,0,0
uncasheville:fiksdalbrede,"Fiksdal, Brede",UNC Asheville,9,15,369,0,1,6,2,0
californiabaptist:fischerluke,"Fischer, Luke",California Baptist,18,15,367,0,1,3,1,0
grandcanyon:vazquezraul,"Vazquez, Raul",Grand Canyon,2,8,367,0,1,4,0,0
fau:chapmancaleb,"Chapman, Caleb",FAU,8,19,362,0,1,0,0,0
unlv:gelebartlucas,"Gelebart, Lucas",UNLV,7,9,362,0,1,3,1,0
monmouth:losajavier,"Losa, Javier",Monmouth,8,7,361,0,1,5,3,0
incarnateword:diphokosello,"Diphoko, Sello",Incarnate Word,7,11,360,0,1,10,3,0
williammary:hiortwrightnoah,"Hiort-Wright, Noah",William & Mary,5,9,356,0,1,3,3,0
iuindy:danhkhoanguyenmarcus,"Danh-Khoa Nguyen, Marcus",IU Indy,27,10,349,0,1,4,1,0
colgate:kraussgavin,"Krauss, Gavin",Colgate,12,13,349,0,1,1,0,0
njit:kierzkowskipatrick,"Kierzkowski, Patrick",NJIT,27,9,348,0,1,8,2,0
newhampshire:dinizfelipe,"Diniz, Felipe",New Hampshire,26,17,346,0,1,5,0,0
sandiego:dillondevin,"Dillon, Devin",San Diego,29,11,345,0,1,2,0,0
seattle:almassylevente,"Almassy, Levente",Seattle,2,9,344,0,1,1,0,0
santaclara:arenasalejandro,"Arenas, Alejandro",Santa Clara,3,5,344,0,1,2,1,0
navy:robischbryce,"Robisch, Bryce",Navy,31,10,342,0,1,1,0,0
smu:dickmatthias,"Dick, Matthias",SMU,23,14,342,0,1,3,0,0
utrgv:pouyemouhamed,"Pouye, Mouhamed",UTRGV,7,4,334,0,1,5,2,0
camels:fichellelilian,"Fichelle, Lilian",Camels,2,4,331,0,1,1,0,0
vermont:blascomarcos,"Blasco, Marcos",Vermont,14,7,330,0,1,5,0,0
uab:jiwonhanjake,"Jiwon Han, Jake",UAB,24,11,323,0,1,1,0,0
californiabaptist:coopenicholas,"Coope, Nicholas",California Baptist,20,9,320,0,1,9,1,0
michiganstate:phelanaidan,"Phelan, Aidan",Michigan State,7,16,319,0,1,0,0,0
bucknell:handzelnoah,"Handzel, Noah",Bucknell,13,16,315,0,1,0,0,0
vermont:chavezgabriel,"Chavez, Gabriel",Vermont,2,12,314,0,1,3,2,0
saintlouis:sellersbraydon,"Sellers, Braydon",Saint Louis,10,13,310,0,1,10,3,0
greenbay:nyamedennis,"Nyame, Dennis",Green Bay,15,15,310,0,1,8,6,0
ucdavis:horiodeclan,"Horio, Declan",UC Davis,6,11,306,0,1,6,3,0
newhaven:illariotommaso,"Illario, Tommaso",New Haven,5,13,305,0,1,7,2,0
pittsburgh:veychekjoshua,"Veychek, Joshua",Pittsburgh,18,16,303,0,1,0,0,0
duquesne:brickmathieu,"Brick, Mathieu",Duquesne,13,12,302,0,1,3,1,0
westernmichigan:jogerstadrian,"Jogerst, Adrian",Western Michigan,27,11,301,0,1,4,0,0
georgetown:heapsjack,"Heaps, Jack",Georgetown,22,19,301,0,1,6,1,0
niagarauniversity:trueljeremie,"Truel, Jeremie",Niagara University,11,4,299,0,1,5,0,0
westernillinois:spaldingjt,"Spalding, JT",Western Illinois,20,8,296,0,1,3,2,0
lindenwood:chandlergeorge,"Chandler, George",Lindenwood,29,9,295,0,1,3,2,0
jax:halllogan,"Hall, Logan",JAX,22,5,294,0,1,1,1,0
marquette:iriartematthew,"Iriarte, Matthew",Marquette,14,9,293,0,1,2,2,0
utrgv:gonzalezalexis,"Gonzalez, Alexis",UTRGV,1,4,293,0,1,0,0,3
lemoynecollege:patoneanthony,"Patone, Anthony",Le Moyne College,20,14,289,0,1,7,3,0
loyolamaryland:endacottjack,"Endacott, Jack",Loyola Maryland,3,4,286,0,1,6,0,0
stjohns:montgomeryjayden,"Montgomery, Jayden",St. John's,21,19,284,0,1,7,4,0
williammary:kochellalex,"Kochell, Alex",William & Mary,4,9,284,0,1,2,1,0
michigan:dieboltdrew,"Diebolt, Drew",Michigan,25,19,282,0,1,1,0,0
charlotte:negrialessandro,"Negri, Alessandro",Charlotte,8,15,281,0,1,3,0,0
camels:santosrosadaniel,"Santos Rosa, Daniel",Camels,16,4,281,0,1,4,1,0
duke:suberjulius,"Suber, Julius",Duke,18,20,280,0,1,6,1,0
michiganstate:norkettcharlie,"Norkett, Charlie",Michigan State,6,16,279,0,1,3,2,0
hofstra:adegborioyedavid,"Adegborioye, David",Hofstra,26,13,279,0,1,3,2,0
oakland:hubbellkevin,"Hubbell, Kevin",Oakland,4,11,279,0,1,5,0,0
niagarauniversity:roachcameron,"Roach, Cameron",Niagara University,8,4,276,0,1,0,0,0
usi:smithchase,"Smith, Chase",USI,19,4,275,0,1,2,2,0
sanfrancisco:willcotjhared,"Willcot, Jhared",San Francisco,31,13,274,0,1,2,1,0
rideruniversity:bakerwilliam,"Baker, William",Rider University,13,13,273,0,1,0,0,0
utahtech:saucedoandre,"Saucedo, Andre",Utah Tech,28,10,272,0,1,7,4,0
american:gonzalezjavi,"Gonzalez, Javi",American,27,9,272,0,1,0,0,0
unf:barnettalex,"Barnett, Alex",UNF,4,3,272,0,1,1,0,0
unf:yearwoodjaylen,"Yearwood, Jaylen",UNF,8,3,272,0,1,1,1,0
unf:riosrafa,"Rios, Rafa",UNF,21,3,272,0,1,1,0,0
uscupstate:groppermikey,"Gropper, Mikey",USC Upstate,2,14,266,0,1,1,1,0
greenbay:mouanathan,"Moua, Nathan",Green Bay,22,12,266,0,1,6,3,0
centralarkansas:rahmannicholas,"Rahman, Nicholas",Central Arkansas,28,10,265,0,1,1,0,0
pittsburgh:mattssonloke,"Mattsson, Loke",Pittsburgh,19,18,262,0,1,4,1,0
oregonstate:marquezaidan,"Marquez, Aidan",Oregon State,11,12,260,0,1,5,1,0
radford:edgingtongavin,"Edgington, Gavin",Radford,19,16,260,0,1,4,1,0
universityofmassachusettslowell:nakajimashunnosuke,"Nakajima, Shunnosuke",University of Massachusetts Lowell,6,3,259,0,1,1,1,0
jax:vallesdiego,"Valles, Diego",JAX,8,4,256,0,1,2,1,0
californiabaptist:lovellandrew,"Lovell, Andrew",California Baptist,12,12,254,0,1,4,1,0
camels:wrightmarco,"Wright, Marco",Camels,7,4,253,0,1,7,2,0
columbiauniversity:owenconnor,"Owen, Connor",Columbia University,3,14,252,0,1,3,1,0
stbonaventure:streeterethan,"Streeter, Ethan",St. Bonaventure,12,10,251,0,1,5,3,0
northernkentucky:pirachaibrahim,"Piracha, Ibrahim",Northern Kentucky,22,10,251,0,1,5,2,0
stthomas:knisertommy,"Kniser, Tommy",St. Thomas,25,13,249,0,1,2,0,0
williammary:smithbryce,"Smith, Bryce",William & Mary,3,10,247,0,1,1,0,0
loyolauniversitymaryland:smitheddie,"Smith, Eddie",Loyola University Maryland,16,3,246,0,1,0,0,0
northeastern:davisethan,"Davis, Ethan",Northeastern,24,10,244,0,1,1,1,0
jax:aishhayden,"Aish, Hayden",JAX,17,5,244,0,1,0,0,0
centralconnecticutstateuniversity:rautrevor,"Rau, Trevor",Central Connecticut State University,3,3,243,0,1,1,1,0
bryant:mcconnellcaoimhin,"Mcconnell, Caoimhin",Bryant,26,12,243,0,1,4,2,0
loyola:flynntyler,"Flynn, Tyler",Loyola,11,4,242,0,1,1,0,0
lu:neelyluke,"Neely, Luke",LU,4,4,241,0,1,1,0,0
notredame:baquerokarson,"Baquero, Karson",Notre Dame,21,10,240,0,1,4,1,0
stanford:sasakitakashi,"Sasaki, Takashi",Stanford,29,13,239,0,1,0,0,0
clemson:mattispennantkyle,"Mattis Pennant, Kyle",Clemson,22,9,236,0,1,2,1,0
lindenwood:matthewsjordan,"Matthews, Jordan",Lindenwood,28,10,231,0,1,4,2,0
mke:jarvisbreon,"Jarvis, Breon",MKE,16,3,231,0,1,1,1,0
kansascity:schaeferethan,"Schaefer, Ethan",Kansas City,18,17,229,0,1,4,0,0
portland:garnettemicaah,"Garnette, Micaah",Portland,14,5,229,0,1,4,0,0
greenbay:manciutony,"Manciu, Tony",Green Bay,26,12,228,0,1,2,1,0
universityatalbany:tanakashawn,"Tanaka, Shawn",University at Albany,12,3,226,0,1,0,0,0
greenbay:nyembwerayme,"Nyembwe, Rayme",Green Bay,4,10,220,0,1,0,0,0
chicagostate:petersmaxx,"Peters, Maxx",Chicago State,3,8,218,0,1,0,0,0
newjerseyinstituteoftechnology:martinezcubelsergio,"Martinez Cubel, Sergio",New Jersey Institute of Technology,11,3,218,0,1,5,3,0
lindenwood:sapsfordnoah,"Sapsford, Noah",Lindenwood,21,9,215,0,1,2,0,0
hofstra:duffyjoe,"Duffy, Joe",Hofstra,11,11,214,0,1,4,2,0
mke:kumakawadaiki,"Kumakawa, Daiki",MKE,13,3,213,0,1,3,0,0
vermont:tsangjeremy,"Tsang, Jeremy",Vermont,31,12,210,0,1,4,3,0
dartmouthcollege:arveskardouglas,"Arveskar, Douglas",Dartmouth College,9,7,209,0,1,5,2,0
mke:wagnerjack,"Wagner, Jack",MKE,27,3,209,0,1,0,0,0
portland:mendozachristian,"Mendoza, Christian",Portland,6,6,208,0,1,2,0,0
clemson:hinelinecooper,"Hineline, Cooper",Clemson,14,10,207,0,1,3,1,0
mountstmarys:brownoliver,"Brown, Oliver",Mount St. Mary's,30,10,206,0,1,1,1,0
northernkentucky:mercecarlos,"Merce, Carlos",Northern Kentucky,9,5,205,0,1,6,2,0
loyolachicago:rodriguezortizjoaquin,"Rodriguez Ortiz, Joaquin",Loyola Chicago,3,3,205,0,1,0,0,0
bryant:delgadofernando,"Delgado, Fernando",Bryant,5,4,205,0,1,2,1,0
uncasheville:haydenmiller,"Hayden, Miller",UNC Asheville,7,13,204,0,1,1,1,0
monmouth:brunetian,"Brunet, Ian",Monmouth,13,12,204,0,1,1,1,0
georgetown:ahmedzayan,"Ahmed, Zayan",Georgetown,21,16,204,0,1,2,0,0
houstonchristian:lopezaidan,"Lopez, Aidan",Houston Christian,17,13,203,0,1,8,4,0
liu:colondiego,"Colon, Diego",LIU,13,9,203,0,1,8,4,0
southcarolina:dejiannematthew,"DeJianne, Matthew",South Carolina,16,7,203,0,1,2,0,0
williammary:harrisbeckham,"Harris, Beckham",William & Mary,21,8,203,0,1,2,0,0
greenbay:heldkamden,"Held, Kamden",Green Bay,12,8,202,0,1,3,0,0
holycross:ferrarojames,"Ferraro, James",Holy Cross,16,10,202,0,1,6,2,0
northflorida:moriokaryuta,"Morioka, Ryuta",North Florida,14,13,201,0,1,4,2,0
newhaven:lemosfelipe,"Lemos, Felipe",New Haven,8,3,200,0,1,0,0,0
calstatebakersfield:wangusijesse,"Wangusi, Jesse",Cal State Bakersfield,10,4,200,0,1,4,2,0
utahtech:taylorzach,"Taylor, Zach",Utah Tech,13,9,199,0,1,1,0,0
umbc:robesontrae,"Robeson, Trae",UMBC,25,6,199,0,1,0,0,0
wisconsin:banksjulian,"Banks, Julian",Wisconsin,12,14,198,0,1,6,2,0
gardnerwebb:cainwill,"Cain, Will",Gardner-Webb,15,17,198,0,1,0,0,0
milwaukee:bowdenjack,"Bowden, Jack",Milwaukee,32,10,197,0,1,2,2,0
northcarolina:rosslucas,"Ross, Lucas",North Carolina,17,19,196,0,1,10,1,0
saintjosephs:steinickeoskar,"Steinicke, Oskar",Saint Joseph's,13,8,191,0,1,1,1,0
loyolachicago:vonvegesackarved,"von Vegesack, Arved",Loyola Chicago,16,4,191,0,1,3,2,0
centralconnecticutstateuniversity:catanzaroanthony,"Catanzaro, Anthony",Central Connecticut State University,27,3,190,0,1,9,3,0
memphis:johndeniso,"John, Denis O.",Memphis,11,11,189,0,1,6,2,0
lu:fornesbruno,"Fornes, Bruno",LU,2,3,182,0,1,2,1,0
robertmorris:eckersallmatthew,"Eckersall, Matthew",Robert Morris,18,7,181,0,1,3,0,0
luc:ivancicluka,"Ivancic, Luka",LUC,12,2,180,0,1,1,0,0
universityofmassachusetts:kellyaidan,"Kelly, Aidan",University of Massachusetts,4,2,180,0,1,6,5,0
bellarmine:jonesjackson,"Jones, Jackson",Bellarmine,14,9,177,0,1,1,1,0
californiabaptist:suzukileon,"Suzuki, Leon",California Baptist,4,7,175,0,1,3,0,0
saintfrancisuniversity:quirogajulian,"Quiroga, Julian",Saint Francis University,14,2,172,0,1,1,1,0
calstatebakersfield:mpawenayojackson,"Mpawenayo, Jackson",Cal State Bakersfield,2,6,172,0,1,3,0,0
massachusetts:cencematt,"Cence, Matt",Massachusetts,9,2,171,0,1,6,3,0
mke:goodmanmitch,"Goodman, Mitch",MKE,25,3,170,0,1,0,0,0
vcu:johnsonty,"Johnson, Ty",VCU,27,10,165,0,1,2,0,0
newhaven:pimientelduarte,"Pimientel, Duarte",New Haven,20,9,163,0,1,0,0,0
siena:bitonben,"Biton, Ben",Siena,17,12,162,0,1,2,0,0
bryant:smallsmydas,"Smalls, Mydas",Bryant,25,13,161,0,1,4,1,0
stonybrook:walkerbrayden,"Walker, Brayden",Stony Brook,17,9,158,0,1,3,1,0
grandcanyonuniversity:fallbenassane,"Fall, Ben Assane",Grand Canyon University,18,2,156,0,1,3,2,0
iuindy:nguyenmarcusdanhkhoa,"Nguyen, Marcus Danh-Khoa",IU Indy,27,4,156,0,1,5,2,0
upst:chopinjorhan,"Chopin, Jorhan",UPST,10,2,155,0,1,2,1,0
luc:urdialeshugo,"Urdiales, Hugo",LUC,10,2,154,0,1,4,1,0
lwu:serraldeezrah,"Serralde, Ezrah",LWU,17,2,151,0,1,4,3,0
loyolamd:endacottjack,"Endacott, Jack",Loyola (Md.),3,2,150,0,1,2,1,0
houstonchristian:calderben,"Calder, Ben",Houston Christian,16,8,146,0,1,0,0,0
uvm:loebusnico,"Loebus, Nico",UVM,16,2,145,0,1,2,1,0
universityatalbany:galanomar,"Galan, Omar",University at Albany,19,3,143,0,1,0,0,0
uiw:segurafrancisco,"Segura, Francisco",UIW,11,3,143,0,1,3,1,0
stonybrook:busbyjamari,"Busby, Jamari",Stony Brook,20,8,142,0,1,3,2,0
northwestern:barretttre,"Barrett, Tre",Northwestern,28,10,139,0,1,6,1,0
csun:borasian,"Boras, Ian",CSUN,16,10,139,0,1,3,0,0
camels:bandurkristijan,"Bandur, Kristijan",Camels,9,4,137,0,1,3,1,0
lwu:macayajesus,"Macaya, Jesus",LWU,23,2,135,0,1,1,0,0
lipscomb:kennedyzach,"Kennedy, Zach",Lipscomb,16,13,134,0,1,3,1,0
ualbany:barkandavid,"Barkan, David",UAlbany,9,5,133,0,1,2,0,0
santaclara:yokokawayu,"Yokokawa, Yu",Santa Clara,29,4,131,0,1,0,0,0
uiw:diphokosello,"Diphoko, Sello",UIW,7,3,130,0,1,6,1,0
loyolamarymount:maciasignacio,"Macias, Ignacio",Loyola Marymount,23,3,130,0,1,0,0,0
calstatebakersfield:albertiulisse,"Alberti, Ulisse",Cal State Bakersfield,4,4,129,0,1,1,0,0
newhaven:miyawakirintaro,"Miyawaki, Rintaro",New Haven,14,9,128,0,1,1,1,0
jacksonville:lindtnerwahlstroemchristian,"Lindtner Wahlstroem, Christian",Jacksonville,16,6,128,0,1,0,0,0
saintfrancis:krushanskycarson,"Krushansky, Carson",Saint Francis,19,6,126,0,1,0,0,0
saintfrancis:libobrennan,"Libo, Brennan",Saint Francis,23,6,126,0,1,3,1,0
longwood:diazdiego,"Diaz, Diego",Longwood,30,8,126,0,1,0,0,0
niagarauniversity:applewhitezachary,"Applewhite, Zachary",Niagara University,16,2,123,0,1,3,2,0
loyola:ogorchris,"Ogor, Chris",Loyola,14,4,120,0,1,0,0,0
loyolamarymount:galvinquinn,"Galvin, Quinn",Loyola Marymount,32,4,120,0,1,0,0,0
lu:matthewsjordan,"Matthews, Jordan",LU,28,4,119,0,1,7,4,0
northflorida:graycameron,"Gray, Cameron",North Florida,28,13,118,0,1,2,1,0
purduefortwayne:iricaninstefan,"Iricanin, Stefan",Purdue Fort Wayne,19,12,115,0,1,3,0,0
uconn:depinhomateo,"DePinho, Mateo",UConn,25,21,114,0,1,0,0,0
universityatalbany:peppledavid,"Pepple, David",University at Albany,26,3,108,0,1,0,0,0
saintfrancisuniversity:katarinathan,"Katari, Nathan",Saint Francis University,28,2,108,0,1,3,0,0
sanfrancisco:medinaadrian,"Medina, Adrian",San Francisco,15,12,107,0,1,3,1,0
massachusetts:halldorssonmagnus,"Halldorsson, Magnus",Massachusetts,10,2,107,0,1,2,1,0
california:jacobsadrian,"Jacobs, Adrian",California,12,18,104,0,1,5,2,0
sandiego:findlayjaxson,"Findlay, Jaxson",San Diego,16,8,104,0,1,2,1,0
southflorida:belmudesjoo,"Belmudes, João",South Florida,10,3,104,0,1,0,0,0
utahtech:cuevassami,"Cuevas, Sami",Utah Tech,7,3,103,0,1,2,1,0
vermont:armellinogianluca,"Armellino, Gianluca",Vermont,5,8,100,0,1,2,0,0
saintjosephs:petkedylan,"Petke, Dylan",Saint Joseph's,17,7,98,0,1,2,0,0
pacific:loudenconnor,"Louden, Connor",Pacific,25,8,95,0,1,3,0,0
lu:soaresalander,"Soares, Alander",LU,10,2,95,0,1,3,1,0
gardnerwebb:spinamatheus,"Spina, Matheus",Gardner-Webb,33,17,93,0,1,4,3,0
duquesne:banksdan,"Banks, Dan",Duquesne,35,7,92,0,1,0,0,0
hofstra:benhamjack,"Benham, Jack",Hofstra,6,1,90,0,1,0,0,0
siuedwardsville:gibsonwes,"Gibson, Wes",SIU-Edwardsville,4,1,90,0,1,0,0,0
blm:saflysam,"Safly, Sam",BLM,27,1,90,0,1,0,0,0
bel:dildybrad,"Dildy, Brad",BEL,7,1,90,0,1,0,0,0
milwaukee:meyernolan,"Meyer, Nolan",Milwaukee,1,3,90,0,1,0,0,0
stfrancis:wernickemika,"Wernicke, Mika",St. Francis,4,1,90,0,1,1,1,0
stfrancis:isrealandre,"Isreal, Andre",St. Francis,17,1,90,0,1,1,0,0
ferrum:ginocchidaniel,"Ginocchi, Daniel",Ferrum,4,1,90,0,1,0,0,0
warner:mcauliffchad,"McAuliff, Chad",Warner,8,1,90,0,1,0,0,0
universityofsouthcarolinaupstate:kellyoscar,"Kelly, Oscar",University of South Carolina - Upstate,9,1,90,0,1,5,4,0
fgu:lopesvictor,"Lopes, Victor",FGU,3,1,90,0,1,0,0,0
fgu:demarkignatius,"Demark, Ignatius",FGU,34,1,90,0,1,0,0,0
grb:walkerkeegan,"Walker, Keegan",GRB,14,1,90,0,1,3,0,0
sie:howardevan,"Howard, Evan",SIE,9,1,90,0,1,3,2,0
sie:cornishhugo,"Cornish, Hugo",SIE,10,1,90,0,1,5,3,0
bradleyuniversity:koulaidj,"Koulai, DJ",Bradley University,13,1,90,0,1,3,0,0
csub:jimeneznathan,"Jimenez, Nathan",CSUB,28,1,90,0,1,0,0,0
ncw:carmichaelgavin,"Carmichael, Gavin",NCW,3,1,90,0,1,1,1,0
ncw:shannonjake,"Shannon, Jake",NCW,15,1,90,0,1,0,0,0
siu:kirchhoferwill,"Kirchhofer, Will",SIU,21,1,90,0,1,0,0,0
uvm:blascomarcos,"Blasco, Marcos",UVM,14,1,90,0,1,4,3,0
bucknellplfirstround:sullivancollin,"Sullivan, Collin",Bucknell – PL First Round,12,1,90,0,1,0,0,0
roos:betinajoackim,"Betina, Joackim",Roos,2,1,90,0,1,0,0,0
lindenwood:hubertharrison,"Hubert, Harrison",Lindenwood,16,9,89,0,1,0,0,0
denver:hannakieran,"Hanna, Kieran",Denver,12,21,88,0,1,0,0,0
lwu:francombejosh,"Francombe, Josh",LWU,6,1,88,0,1,0,0,0
tribe:delgadosam,"Delgado, Sam",Tribe,15,1,86,0,1,3,2,0
albany:filippoisaac,"Filippo, Isaac",Albany,15,2,86,0,1,0,0,0
flames:mccarthycasey,"McCarthy, Casey",FLAMES,18,1,85,0,1,0,0,0
camels:garzaemilio,"Garza, Emilio",Camels,15,3,84,0,1,1,0,0
washington:gaycarter,"Gay, Carter",Washington,12,20,83,0,1,2,0,0
ou:fosterjace,"Foster, Jace",OU,21,1,83,0,1,0,0,0
emoryhenry:eyidijeancharles,"Eyidi, Jean Charles",Emory & Henry,11,1,83,0,1,3,2,0
uic:paladinogianfranco,"Paladino, Gianfranco",UIC,2,6,83,0,1,1,0,0
siu:cvorovicedin,"Cvorovic, Edin",SIU,24,1,83,0,1,1,1,0
bu:koulaidj,"Koulai, DJ",BU,13,1,82,0,1,4,1,0
gu:helfrichmatthew,"Helfrich, Matthew",GU,20,1,82,0,1,0,0,0
northgreenville:dipasqualelucas,"Di Pasquale, Lucas",North Greenville,23,1,81,0,1,0,0,0
princeton:nunezian,"Nunez, Ian",Princeton,9,8,81,0,1,3,0,0
flames:johnelijah,"John, Elijah",FLAMES,10,1,81,0,1,6,1,0
fgcu:sahnijai,"Sahni, Jai",FGCU,27,8,80,0,1,1,0,0
marist:millsben,"Mills, Ben",Marist,16,4,80,0,1,3,2,0
caldwell:braendeningebrigt,"Braenden, Ingebrigt",Caldwell,10,1,78,0,1,1,1,0
northernillinois:kataimukuka,"Katai, Mukuka",Northern Illinois,40,1,77,0,1,2,0,0
cofc:bendvoldstian,"Bendvold, Stian",CofC,15,1,77,0,1,1,1,0
ou:bilousandriy,"Bilous, Andriy",OU,27,1,76,0,1,3,2,0
bucknell:permyashkinviktor,"Permyashkin, Viktor",Bucknell,7,1,76,0,1,1,0,0
qnc:feldmanmichel,"Feldman, Michel",QNC,19,1,76,0,1,2,1,0
duke:donaldsoncaleb,"Donaldson, Caleb",Duke,22,19,74,0,1,0,0,0
westernillinois:abarcagonzalezhenrry,"Abarca-Gonzalez, Henrry",Western Illinois,11,4,74,0,1,0,0,0
caldwell:mahamadoubilel,"Mahamadou, Bilel",Caldwell,2,1,73,0,1,0,0,0
unioncommonwealthky:hardmanzak,"Hardman, Zak",Union Commonwealth (Ky.),11,1,72,0,1,1,0,0
merrimackcollege:hansonbeniah,"Hanson, Beniah",Merrimack College,24,3,70,0,1,0,0,0
wcb:mathesdavin,"Mathes, Davin",WCB,24,1,69,0,1,0,0,0
uk:renmangustav,"Renman, Gustav",UK,12,1,67,0,1,0,0,0
qnc:baptistellivitor,"Baptistelli, Vitor",QNC,12,1,67,0,1,2,1,0
siu:murphytony,"Murphy, Tony",SIU,7,1,67,0,1,1,1,0
bostoncollege:karalisalexi,"Karalis, Alexi",Boston College,12,17,66,0,1,1,0,0
gardnerwebb:samsonkpardeh,"Samson, Kpardeh",Gardner-Webb,39,1,66,0,1,4,2,0
bostoncollege:raceharald,"Race, Harald",Boston College,27,17,65,0,1,2,2,0
merrimackcollege:hansonbenaiah,"Hanson, Benaiah",Merrimack College,24,4,65,0,1,0,0,0
10westvirginia:alvarezjuan,"Alvarez, Juan",#10 West Virginia,37,1,65,0,1,0,0,0
ind:kummrownoah,"Kummrow, Noah",IND,5,1,65,0,1,0,0,0
1a10saintlouis:leathermancarlos,"Leatherman, Carlos",(#1 A-10) Saint Louis,2,1,65,0,1,0,0,0
1a10saintlouis:dimariajack,"DiMaria, Jack",(#1 A-10) Saint Louis,12,1,65,0,1,1,0,0
wcb:cairerbraedon,"Cairer, Braedon",WCB,25,1,64,0,1,0,0,0
californialutheranuniversity:schelottomaximo,"Schelotto, Maximo",California Lutheran University,37,1,62,0,1,1,0,0
stanford:frintueric,"Frintu, Eric",Stanford,28,9,61,0,1,6,2,0
loyolamaryland:ozgasteven,"Ozga, Steven",Loyola Maryland,23,3,61,0,1,1,1,0
saintfrancisuniversity:elmoreharry,"Elmore, Harry",Saint Francis University,12,2,60,0,1,1,0,0
liberty:avalloneryan,"Avallone, Ryan",Liberty,7,11,59,0,1,0,0,0
southflorida:belmudesjoao,"Belmudes, Joao",South Florida,10,1,59,0,1,2,0,0
roos:bauchermathias,"Baucher, Mathias",Roos,8,1,59,0,1,3,0,0
hope:chenlocaden,"Chenlo, Caden",Hope,22,1,58,0,1,0,0,0
camels:morosioannis,"Moros, Ioannis",Camels,26,2,57,0,1,0,0,0
brynt:pitarchbayotmarc,"Pitarch Bayot, Marc",BRYNT,22,1,57,0,1,2,1,0
ust:lakhlifiyanis,"Lakhlifi, Yanis",UST,7,1,56,0,1,0,0,0
indiana:josephnoah,"Joseph, Noah",Indiana,23,17,55,0,1,1,1,0
northgreenville:galeasemilio,"Galeas, Emilio",North Greenville,26,1,55,0,1,0,0,0
9highpoint:blondelcelestin,"Blondel, Celestin",#9 High Point,19,1,54,0,1,0,0,0
bostoncollege:tuckermancharlie,"Tuckerman, Charlie",Boston College,24,1,54,0,1,1,1,0
luc:vegesackarvedvon,"Vegesack, Arved von",LUC,16,1,53,0,1,0,0,0
stfrancis:planaslvaro,"Planas, Álvaro",St. Francis,8,1,53,0,1,0,0,0
brd:coughlonmitch,"Coughlon, Mitch",BRD,33,1,53,0,1,0,0,0
hofstra:citrondavid,"Citron, David",Hofstra,17,1,51,0,1,0,0,0
williammary:garrisonalexander,"Garrison, Alexander",William & Mary,13,1,51,0,1,1,1,0
10westvirginia:dekeldaksethan,"Dekel Daks, Ethan",#10 West Virginia,17,1,51,0,1,0,0,0
oregonstate:hernandezparraoliver,"Hernandez Parra, Oliver",Oregon State,18,10,50,0,1,0,0,0
saintfrancisuniversity:libobrennan,"Libo, Brennan",Saint Francis University,23,2,50,0,1,0,0,0
uca:sheenkovmaxim,"Sheenkov, Maxim",UCA,15,1,50,0,1,1,0,0
gu:vanhornmatthew,"Van Horn, Matthew",GU,8,1,48,0,1,2,0,0
milwaukee:grimmben,"Grimm, Ben",Milwaukee,26,5,47,0,1,1,1,0
furmanthirdround:hilllandon,"Hill, Landon",Furman - Third Round,19,1,47,0,1,0,0,0
lehighplsemifinal:pynadathjason,"Pynadath, Jason",Lehigh – PL Semifinal,7,1,46,0,1,0,0,0
maryland:devriesmack,"DeVries, Mack",Maryland,4,19,45,0,1,0,0,0
trinitycollegeofjacksonville:amesburynoah,"Amesbury, Noah",Trinity College of Jacksonville,11,1,45,0,1,0,0,0
flames:farnersam,"Farner, Sam",FLAMES,9,1,45,0,1,3,0,0
sie:sousarodriguespaulojunior,"Sousa Rodrigues, Paulo Junior",SIE,13,1,45,0,1,0,0,0
lwu:bartoniluca,"Bartoni, Luca",LWU,11,1,45,0,1,1,0,0
denver:kellercollin,"Keller, Collin",Denver,28,20,44,0,1,0,0,0
kingscollege:egnatovichevan,"Egnatovich, Evan",King's College,22,1,44,0,1,0,0,0
duquesne:bennettsam,"Bennett, Sam",Duquesne,5,5,43,0,1,0,0,0
quinnipiac:bakkensimon,"Bakken, Simon",Quinnipiac,21,10,40,0,1,1,1,0
uca:atiaomar,"Atia, Omar",UCA,12,1,40,0,1,1,1,0
calbaptist:jonesliam,"Jones, Liam",Cal Baptist,17,1,39,0,1,1,0,0
fairfield:medeirosdylan,"Medeiros, Dylan",Fairfield,15,7,38,0,1,2,0,0
usi:murphyjimmy,"Murphy, Jimmy",USI,11,1,36,0,1,1,0,0
westmont:lomelicole,"Lomeli, Cole",Westmont,10,1,36,0,1,0,0,0
gu:vieramax,"Viera, Max",GU,7,1,35,0,1,0,0,0
bu:foldscollin,"Folds, Collin",BU,31,1,34,0,1,0,0,0
westmont:wilcoxgeb,"Wilcox, Geb",Westmont,8,1,32,0,1,1,1,0
wakeforest:russellbret,"Russell, Bret",Wake Forest,33,13,30,0,1,0,0,0
bellarmine:kirnbennett,"Kirn, Bennett",Bellarmine,15,5,29,0,1,2,1,0
ccsu:gikasjohannes,"Gikas, Johannes",CCSU,29,2,29,0,1,3,2,0
loyola:williamsdavid,"Williams, David",Loyola,22,4,28,0,1,1,0,0
bostoncollege:mobrayaustin,"Mobray, Austin",Boston College,27,1,28,0,1,1,1,0
bu:halevyalex,"Halevy, Alex",BU,9,1,27,0,1,1,0,0
wcb:harrisonowen,"Harrison, Owen",WCB,27,1,24,0,1,0,0,0
gu:brownjack,"Brown, Jack",GU,16,1,24,0,1,2,2,0
usf:lasriyanis,"Lasri, Yanis",USF,27,1,20,0,1,0,0,0
southdakotaschoolofmines:rueckertsawyer,"Rueckert, Sawyer",South Dakota School of Mines,29,1,16,0,1,0,0,0
lasalle:lainsburydaniel,"Lainsbury, Daniel",La Salle,23,4,14,0,1,0,0,0
virginia:okoriedavid,"Okorie, David",Virginia,23,7,14,0,1,0,0,0
setonhall:fernandezdiego,"Fernandez, Diego",Seton Hall,32,19,13,0,1,1,0,0
fu:grambergede,"Gramberg, Ede",FU,8,1,12,0,1,0,0,0
northgreenville:leggettdarragh,"Leggett, Darragh",North Greenville,22,1,10,0,1,0,0,0
grb:nyamedennis,"Nyame, Dennis",GRB,15,1,9,0,1,0,0,0
maryland:brownjoel,"Brown, Joel",Maryland,13,19,8,0,1,0,0,0
detroitmercy:morogalvezrafael,"Moro Galvez, Rafael",Detroit Mercy,20,3,4,0,1,0,0,0
uncgreensboro:wilsonseth,"Wilson, Seth",UNC Greensboro,1,22,2037,0,0,0,0,37
ncstate:erblogan,"Erb, Logan",NC State,1,23,2006,0,0,0,0,58
denver:nehmeisaac,"Nehme, Isaac",Denver,1,22,1901,0,0,0,0,52
akron:budlermitch,"Budler, Mitch",Akron,1,21,1890,0,0,0,0,47
calpoly:mccunenicky,"McCune, Nicky",Cal Poly,1,21,1859,0,0,0,0,43
stanford:schneblyrowan,"Schnebly, Rowan",Stanford,1,21,1848,0,0,0,0,37
ucirvine:oshaughnessyjoe,"O'Shaughnessy, Joe",UC Irvine,1,21,1845,0,0,0,0,37
northcarolina:cordesandrew,"Cordes, Andrew",North Carolina,1,20,1840,0,0,0,0,42
michigan:goldsonisaiah,"Goldson, Isaiah",Michigan,1,20,1800,0,0,0,0,56
saintlouis:cortezjc,"Cortez, JC",Saint Louis,5,22,1794,0,0,5,0,0
uconn:roudettegregorykhaya,"Roudette-Gregory, Khaya",UConn,6,21,1762,0,0,8,4,0
furman:horvativan,"Horvat, Ivan",Furman,30,21,1755,0,0,0,0,38
lafayette:axtmaneric,"Axtman, Eric",Lafayette,31,20,1732,0,0,0,0,19
maryland:macklaurin,"Mack, Laurin",Maryland,38,19,1730,0,0,0,0,61
houstonchristian:aitkenalex,"Aitken, Alex",Houston Christian,1,19,1721,0,0,0,0,3
washington:bowtonjadon,"Bowton, Jadon",Washington,1,23,1718,0,0,0,0,43
setonhall:molinamatias,"Molina, Matias",Seton Hall,1,19,1717,0,0,0,0,49
westernillinois:bessingernathan,"Bessinger, Nathan",Western Illinois,17,20,1713,0,0,9,5,0
universityofevansville:mrozmichal,"Mroz, Michal",University of Evansville,31,19,1710,0,0,0,0,10
lehigh:kinnunenanton,"Kinnunen, Anton",Lehigh,1,19,1710,0,0,0,0,38
liberty:becktyler,"Beck, Tyler",Liberty,1,19,1710,0,0,0,0,25
cornell:friedbergryan,"Friedberg, Ryan",Cornell,1,19,1710,0,0,0,0,12
westvirginia:bonnairemarc,"Bonnaire, Marc",West Virginia,1,19,1708,0,0,0,0,42
universityofevansville:garcianacho,"Garcia, Nacho",University of Evansville,5,19,1704,0,0,8,3,0
ucla:karumanchitarun,"Karumanchi, Tarun",UCLA,6,19,1699,0,0,3,0,0
stanford:groenevelddylan,"Groeneveld, Dylan",Stanford,6,21,1694,0,0,20,5,0
duke:dymoraeryk,"Dymora, Eryk",Duke,1,20,1665,0,0,0,0,42
georgiasouthern:martineznate,"Martinez, Nate",Georgia Southern,1,18,1634,0,0,0,0,53
bryant:merrittchristien,"Merritt, Christien",Bryant,28,20,1622,0,0,3,3,0
tulsa:sayloncarlito,"Saylon, Carlito",Tulsa,0,18,1621,0,0,0,0,45
pittsburgh:moxomjack,"Moxom, Jack",Pittsburgh,1,18,1620,0,0,0,0,55
kansascity:popowmarc,"Popow, Marc",Kansas City,1,18,1620,0,0,0,0,43
georgiastate:marinloan,"Marin, Loan",Georgia State,1,18,1620,0,0,0,0,5
gardnerwebb:horrocksalan,"Horrocks, Alan",Gardner-Webb,31,18,1620,0,0,0,0,40
westernillinois:wrobleskiryan,"Wrobleski, Ryan",Western Illinois,2,20,1617,0,0,7,1,0
notredame:kellyblake,"Kelly, Blake",Notre Dame,1,18,1615,0,0,0,0,66
akron:reillydaragh,"Reilly, Daragh",Akron,3,21,1610,0,0,2,1,0
davidsoncollege:beltranlucas,"Beltran, Lucas",Davidson College,1,19,1604,0,0,0,0,53
mercer:hampshawhenry,"Hampshaw, Henry",Mercer,1,18,1604,0,0,0,0,42
highpoint:caronjosh,"Caron, Josh",High Point,1,18,1602,0,0,0,0,21
georgetown:mansketenzing,"Manske, Tenzing",Georgetown,1,19,1585,0,0,0,0,44
lafayette:melnickjames,"Melnick, James",Lafayette,25,21,1550,0,0,8,4,0
olddominion:stathammichael,"Statham, Michael",Old Dominion,1,17,1550,0,0,0,0,56
dayton:kreneckigavin,"Krenecki, Gavin",Dayton,26,17,1550,0,0,0,0,4
saintjosephs:jenningscooper,"Jennings, Cooper",Saint Joseph's,1,17,1550,0,0,0,0,14
elon:leavittjackson,"Leavitt, Jackson",Elon,1,17,1550,0,0,0,0,21
clevelandstate:polingryan,"Poling, Ryan",Cleveland State,1,17,1544,0,0,0,0,6
drake:butkovictomas,"Butkovic, Tomas",Drake,99,17,1532,0,0,0,0,11
southflorida:wickhamjahiem,"Wickham, Jahiem",South Florida,30,17,1531,0,0,0,0,55
louisville:svetanoffalex,"Svetanoff, Alex",Louisville,29,17,1530,0,0,0,0,53
rutgers:daltonciaran,"Dalton, Ciaran",Rutgers,1,17,1530,0,0,0,0,59
butler:briscoeaurie,"Briscoe, Aurie",Butler,1,17,1530,0,0,0,0,18
northwestern:volmarfritz,"Volmar, Fritz",Northwestern,19,17,1530,0,0,4,0,0
oralroberts:gindroenzo,"Gindro, Enzo",Oral Roberts,5,17,1530,0,0,12,3,0
westernmichigan:lindewirthalex,"Lindewirth, Alex",Western Michigan,29,20,1530,0,0,0,0,14
houstonchristian:maynezsantiago,"Maynez, Santiago",Houston Christian,2,19,1527,0,0,6,3,0
princeton:samuelsandrew,"Samuels, Andrew",Princeton,1,17,1525,0,0,0,0,35
robertmorris:lanejosh,"Lane, Josh",Robert Morris,1,17,1523,0,0,0,0,12
clemson:andemajoseph,"Andema, Joseph",Clemson,1,17,1520,0,0,0,0,37
purduefortwayne:habibisep,"Habibi, Sep",Purdue Fort Wayne,1,17,1519,0,0,0,0,32
purduefortwayne:hollenbachandrew,"Hollenbach, Andrew",Purdue Fort Wayne,13,17,1519,0,0,6,2,0
cornell:mellyjustin,"Melly, Justin",Cornell,5,19,1503,0,0,2,0,0
radford:millerben,"Miller, Ben",Radford,30,17,1501,0,0,0,0,58
northcarolina:matheimmanuel,"Mathe , Immanuel",North Carolina,5,20,1491,0,0,4,0,0
umbc:shvartshteinshawn,"Shvartshtein, Shawn",UMBC,16,17,1488,0,0,6,3,0
fairfield:nanasinkammarques,"Nana-Sinkam, Marques",Fairfield,19,18,1481,0,0,2,1,0
kentucky:conlonsebastian,"Conlon, Sebastian",Kentucky,24,16,1474,0,0,0,0,38
presbyterian:rambertjavien,"Rambert, Javien",Presbyterian,23,18,1469,0,0,1,1,0
stjohns:mclachlanalec,"McLachlan, Alec",St. John's,1,19,1464,0,0,0,0,39
elon:msabahamajaliwa,"Msabaha, Majaliwa",Elon,6,17,1462,0,0,1,0,0
virginia:molscasper,"Mols, Casper",Virginia,1,17,1460,0,0,0,0,38
rhodeisland:bonajoel,"Bona, Joel",Rhode Island,15,17,1451,0,0,3,0,0
ucsandiego:redingtonjames,"Redington, James",UC San Diego,12,17,1450,0,0,17,6,0
virginiatech:josephsam,"Joseph, Sam",Virginia Tech,1,16,1440,0,0,0,0,46
providence:dickersoncharlie,"Dickerson, Charlie",Providence,4,16,1440,0,0,10,2,0
creighton:hudsonmatthew,"Hudson, Matthew",Creighton,1,16,1440,0,0,0,0,49
missouristate:matthewsalex,"Matthews, Alex",Missouri State,8,16,1440,0,0,5,1,0
mountstmarys:marcosjulian,"Marcos, Julian",Mount St. Mary's,1,16,1440,0,0,0,0,0
mountstmarys:czyzmaks,"Czyz, Maks",Mount St. Mary's,4,16,1440,0,0,1,1,0
lemoynecollege:dupellwyatt,"Dupell, Wyatt",Le Moyne College,0,16,1440,0,0,0,0,0
wakeforest:mednardjonah,"Mednard, Jonah",Wake Forest,0,17,1439,0,0,0,0,49
princeton:papezdash,"Papez, Dash",Princeton,23,16,1434,0,0,4,1,0
rutgers:montgomerybraxton,"Montgomery, Braxton",Rutgers,2,17,1430,0,0,0,0,0
providence:carneyryan,"Carney, Ryan",Providence,1,16,1428,0,0,0,0,43
belmontuniversity:calvertgrant,"Calvert, Grant",Belmont University,1,16,1427,0,0,0,0,11
michiganstate:kellyzac,"Kelly, Zac",Michigan State,30,16,1424,0,0,0,0,44
sandiego:warneethan,"Warne, Ethan",San Diego,6,16,1421,0,0,4,1,0
gardnerwebb:ssebulimepius,"Ssebulime, Pius",Gardner-Webb,20,18,1421,0,0,8,2,0
navy:eatonrobert,"Eaton, Robert",Navy,1,16,1420,0,0,0,0,35
lafayette:maglionecade,"Maglione, Cade",Lafayette,3,19,1410,0,0,18,1,0
northwestern:gajadharjason,"Gajadhar, Jason",Northwestern,6,17,1407,0,0,11,4,0
ucdavis:schwengelernoah,"Schwengeler, Noah",UC Davis,1,17,1407,0,0,0,0,14
templeuniversity:lukicluka,"Lukic, Luka",Temple University,17,16,1404,0,0,6,1,0
sanfrancisco:chretienmatisse,"Chretien, Matisse",San Francisco,5,16,1404,0,0,6,1,0
wakeforest:smithjrtravis,"Smith Jr., Travis",Wake Forest,3,17,1401,0,0,2,1,0
umbc:pantaleoadamo,"Pantaleo, Adamo",UMBC,3,17,1398,0,0,4,2,0
bostoncollege:henzefynn,"Henze, Fynn",Boston College,5,17,1395,0,0,1,0,0
vcu:maloneytrevor,"Maloney, Trevor",VCU,0,17,1395,0,0,0,0,12
ucdavis:gaultjoshua,"Gault, Joshua",UC Davis,24,18,1395,0,0,4,2,0
saintmarys:starekjona,"Starek, Jona",Saint Mary's,15,16,1382,0,0,11,3,0
army:guirymichael,"Guiry, Michael",Army,1,18,1363,0,0,0,0,40
calstatefullerton:mahoneylogan,"Mahoney, Logan",Cal State Fullerton,4,19,1361,0,0,12,2,0
kentucky:muirmarqes,"Muir, Marqes",Kentucky,4,16,1360,0,0,2,0,0
monmouth:cadigansean,"Cadigan, Sean",Monmouth,6,16,1359,0,0,7,1,0
stonehillcollege:hargravescolin,"Hargraves, Colin",Stonehill College,3,17,1359,0,0,2,1,0
tulsa:stevensdanny,"Stevens, Danny",Tulsa,22,18,1355,0,0,1,0,0
californiabaptist:doregohugo,"Do Rego, Hugo",California Baptist,1,16,1353,0,0,0,0,37
american:tibbettsmatthew,"Tibbetts, Matthew",American,32,15,1352,0,0,0,0,16
ohiostate:trejomax,"Trejo, Max",Ohio State,1,16,1350,0,0,0,0,49
northeastern:jahntobias,"Jahn, Tobias",Northeastern,1,15,1350,0,0,0,0,7
uic:cornellowen,"Cornell, Owen",UIC,1,15,1350,0,0,0,0,9
ohiostate:williamsdonovan,"Williams, Donovan",Ohio State,23,16,1349,0,0,7,2,0
airforce:bulankouandrei,"Bulankou, Andrei",Air Force,19,15,1349,0,0,4,2,0
vcu:miyanohayato,"Miyano, Hayato",VCU,26,16,1348,0,0,0,0,0
rhodeisland:kumakuratakumi,"Kumakura, Takumi",Rhode Island,31,16,1346,0,0,3,0,0
winthrop:vrataricdragen,"Vrataric, Dragen",Winthrop,2,16,1343,0,0,7,1,0
uncwilmington:smileytrey,"Smiley, Trey",UNC Wilmington,0,15,1341,0,0,0,0,21
marist:lowelljamie,"Lowell, Jamie",Marist,1,15,1339,0,0,0,0,0
yale:leeconrad,"Lee, Conrad",Yale,40,15,1337,0,0,0,0,26
easternillinois:endoshuntaro,"Endo, Shuntaro",Eastern Illinois,3,16,1332,0,0,6,1,0
siue:paulybobby,"Pauly, Bobby",SIUE,15,15,1330,0,0,1,0,0
radford:puliktyler,"Pulik, Tyler",Radford,18,17,1329,0,0,2,1,0
creighton:savicandrija,"Savic, Andrija",Creighton,4,16,1328,0,0,4,2,0
fairfield:chomowevan,"Chomow, Evan",Fairfield,31,15,1327,0,0,1,0,4
southflorida:zujovicluka,"Zujovic, Luka",South Florida,22,17,1313,0,0,4,1,0
belmontuniversity:mooregriffin,"Moore, Griffin",Belmont University,4,15,1312,0,0,0,0,0
memphis:stavrosdino,"Stavros, Dino",Memphis,26,15,1306,0,0,2,0,0
bellarmine:vaneuwenpeter,"Van Euwen, Peter",Bellarmine,0,15,1305,0,0,0,0,9
airforce:smithbrody,"Smith, Brody",Air Force,0,15,1302,0,0,0,0,42
jamesmadison:frasierbrock,"Frasier, Brock",James Madison,3,16,1301,0,0,8,4,0
georgewashington:russconnor,"Russ, Connor",George Washington,24,16,1301,0,0,3,1,0
northflorida:natoliluciano,"Natoli, Luciano",North Florida,1,15,1300,0,0,0,0,42
manhattan:cobolucas,"Cobo, Lucas",Manhattan,26,16,1293,0,0,2,0,0
marist:evansliam,"Evans, Liam",Marist,18,15,1293,0,0,11,3,0
american:snowdonoliver,"Snowdon, Oliver",American,26,16,1293,0,0,6,3,0
sandiegostate:nguepissicianole,"Nguepissi, Cianole",San Diego State,20,17,1292,0,0,7,1,0
virginia:ehrenpreiszachary,"Ehrenpreis, Zachary",Virginia,18,17,1292,0,0,4,1,0
coastalcarolina:davispierson,"Davis, Pierson",Coastal Carolina,15,14,1280,0,0,0,0,0
lemoynecollege:boldrinimattia,"Boldrini, Mattia",Le Moyne College,3,16,1279,0,0,2,0,0
winthrop:kilstromjack,"Kilstrom, Jack",Winthrop,1,15,1278,0,0,0,0,20
siue:scheidweilernoah,"Scheidweiler, Noah",SIUE,1,15,1273,0,0,0,0,7
american:fogeljonah,"Fogel, Jonah",American,2,16,1273,0,0,1,0,0
michiganstate:arcecolin,"Arce, Colin",Michigan State,16,16,1272,0,0,9,2,0
etsu:holmbergemil,"Holmberg, Emil",ETSU,1,14,1270,0,0,0,0,14
iona:alvesschmelzfernando,"Alves Schmelz, Fernando",Iona,1,15,1269,0,0,0,0,2
greenbay:arroyooscar,"Arroyo, Oscar",Green Bay,28,15,1265,0,0,2,0,0
rhodeisland:schwabbrett,"Schwab, Brett",Rhode Island,21,17,1262,0,0,7,2,0
bostoncollege:borakandrej,"Borak, Andrej",Boston College,35,17,1260,0,0,0,0,63
pennstate:evansjonathan,"Evans, Jonathan",Penn State,27,14,1260,0,0,0,0,49
uscupstate:wuerslinjarrett,"Wuerslin, Jarrett",USC Upstate,1,15,1260,0,0,0,0,46
sanfrancisco:dugganmatthew,"Duggan, Matthew",San Francisco,4,16,1260,0,0,5,2,0
northernkentucky:kronalex,"Kron, Alex",Northern Kentucky,20,14,1260,0,0,0,0,8
georgemason:salvadojaume,"Salvado, Jaume",George Mason,18,14,1260,0,0,0,0,33
indiana:brownholden,"Brown, Holden",Indiana,99,18,1260,0,0,0,0,45
siena:diaismail,"Dia, Ismail",Siena,2,14,1260,0,0,6,1,0
unlv:lemoshugo,"Lemos, Hugo",UNLV,1,14,1260,0,0,0,0,10
smu:dominguezmartin,"Dominguez, Martin",SMU,1,14,1260,0,0,0,0,11
campbell:levitonmax,"Leviton, Max",Campbell,37,15,1251,0,0,0,0,11
gonzaga:preciadochema,"Preciado, Chema",Gonzaga,1,14,1251,0,0,0,0,36
saintmarys:deragonhubert,"Deragon, Hubert",Saint Mary's,2,16,1250,0,0,8,1,0
stonybrook:hermannssonheidar,"Hermannsson, Heidar",Stony Brook,31,14,1245,0,0,0,0,5
siena:glinderbennet,"Glinder, Bennet",Siena,99,14,1243,0,0,0,0,27
georgewashington:macauleytom,"Macauley, Tom",George Washington,1,16,1241,0,0,0,0,40
njit:sadlochaeric,"Sadlocha, Eric",NJIT,4,14,1241,0,0,4,2,0
louisville:brijbasielijah,"Brijbasi, Elijah",Louisville,17,17,1237,0,0,24,7,0
wisconsin:jonesellis,"Jones, Ellis",Wisconsin,25,16,1237,0,0,3,2,0
newhaven:jourdainmarc,"Jourdain, Marc",New Haven,24,15,1235,0,0,2,1,0
lindenwood:lennonmikey,"Lennon, Mikey",Lindenwood,5,14,1235,0,0,0,0,0
rutgers:ruizerick,"Ruiz, Erick",Rutgers,26,17,1234,0,0,3,2,0
fau:mikkelsenalfred,"Mikkelsen, Alfred",FAU,13,19,1230,0,0,0,0,39
american:webbjohnsonian,"Webb-Johnson, Ian",American,23,14,1223,0,0,3,0,0
ucsantabarbara:blachjacob,"Blach, Jacob",UC Santa Barbara,14,20,1222,0,0,15,2,0
mountstmarys:kyriacouchristian,"Kyriacou, Christian",Mount St. Mary's,13,15,1219,0,0,15,8,0
fau:robertsdavid,"Roberts, David",FAU,4,18,1218,0,0,4,1,0
saintpeters:conradmoritz,"Conrad, Moritz",Saint Peter's,22,14,1215,0,0,0,0,19
hofstra:cervonigino,"Cervoni, Gino",Hofstra,30,17,1215,0,0,0,0,2
newhaven:bizzinialessandro,"Bizzini, Alessandro",New Haven,00,15,1215,0,0,0,0,18
butler:ferreresmanolo,"Ferreres, Manolo",Butler,4,16,1209,0,0,5,2,0
gonzaga:dahlinsam,"Dahlin, Sam",Gonzaga,6,14,1208,0,0,2,0,0
columbiauniversity:tenoeverjackson,"ten Oever, Jackson",Columbia University,4,15,1204,0,0,3,1,0
oralroberts:demichelisjuan,"Demichelis, Juan",Oral Roberts,3,16,1202,0,0,4,2,0
sacredheart:marquesivan,"Marques, Ivan",Sacred Heart,6,17,1201,0,0,1,1,0
saintmarys:allmonfynn,"Allmon, Fynn",Saint Mary's,22,16,1197,0,0,8,3,0
grandcanyon:lualamartin,"Luala, Martin",Grand Canyon,8,14,1192,0,0,3,1,0
wakeforest:escribanocristian,"Escribano, Cristian",Wake Forest,19,17,1188,0,0,6,2,0
harvard:dasnayan,"Das, Nayan",Harvard,23,17,1187,0,0,2,0,0
radford:mcclellandonovan,"McClellan, Donovan",Radford,17,17,1184,0,0,5,0,0
princeton:fravoliniwhitchurchgiuliano,"Fravolini Whitchurch, Giuliano",Princeton,34,16,1182,0,0,7,3,0
marshall:demarcoeddie,"DeMarco, Eddie",Marshall,36,20,1181,0,0,0,0,28
yale:mccammonteague,"McCammon, Teague",Yale,6,15,1179,0,0,9,3,0
georgewashington:mcgovernben,"McGovern, Ben",George Washington,15,16,1177,0,0,4,2,0
brown:snaithjames,"Snaith, James",Brown,8,14,1175,0,0,5,0,0
coastalcarolina:ulrichlincoln,"Ulrich, Lincoln",Coastal Carolina,3,14,1173,0,0,5,1,0
lemoynecollege:hussmaximilian,"Huss, Maximilian",Le Moyne College,24,14,1173,0,0,2,1,0
canisius:dubinskiryl,"Dubins, Kiryl",Canisius,15,16,1172,0,0,3,0,0
fairfield:stapletonjahmani,"Stapleton, Jahmani",Fairfield,24,17,1171,0,0,1,0,0
ucriverside:richtermatti,"Richter, Matti",UC Riverside,5,16,1170,0,0,7,1,0
sanfrancisco:joneslucas,"Jones, Lucas",San Francisco,1,15,1170,0,0,0,0,36
lipscomb:karaalex,"Kara, Alex",Lipscomb,1,17,1170,0,0,0,0,29
csun:drucksdorian,"Drucks, Dorian",CSUN,1,13,1170,0,0,0,0,19
merrimackcollege:semedonelton,"Semedo, Nelton",Merrimack College,1,13,1170,0,0,0,0,9
uncasheville:barroslucca,"Barros, Lucca",UNC Asheville,45,13,1170,0,0,0,0,23
colgate:widrickeric,"Widrick, Eric",Colgate,1,13,1170,0,0,0,0,32
oralroberts:bittencourtantonio,"Bittencourt, Antonio",Oral Roberts,4,15,1170,0,0,1,1,0
quinnipiac:ostfynn,"Ost, Fynn",Quinnipiac,3,17,1165,0,0,6,2,0
etsu:broccanicola,"Brocca, Nicola",ETSU,15,13,1158,0,0,5,2,0
wofford:hernandezmikey,"Hernandez, Mikey",Wofford,23,19,1156,0,0,4,1,0
queens:zacharialeontios,"Zacharia, Leontios",Queens,10,15,1152,0,0,2,0,0
oakland:jamalissamohammad,"Jamal Issa, Mohammad",Oakland,15,16,1150,0,0,4,2,0
templeuniversity:jacksonjayden,"Jackson, Jayden",Temple University,5,16,1149,0,0,4,1,0
fiu:lefebvremathys,"Lefebvre, Mathys",FIU,6,16,1149,0,0,4,2,0
stbonaventure:schnefelix,"Schöne, Felix",St. Bonaventure,31,13,1149,0,0,0,0,7
ucirvine:ferreirabraden,"Ferreira, Braden",UC Irvine,21,21,1141,0,0,16,4,0
loyolachicago:roenicholas,"Roe, Nicholas",Loyola Chicago,7,13,1141,0,0,6,3,0
csun:lawrenceluke,"Lawrence, Luke",CSUN,21,14,1138,0,0,4,0,0
marshall:godardtheo,"Godard, Theo",Marshall,21,21,1138,0,0,3,1,0
ucsantabarbara:beningaowen,"Beninga, Owen",UC Santa Barbara,29,16,1135,0,0,0,0,10
michiganstate:spadaforajake,"Spadafora, Jake",Michigan State,22,16,1132,0,0,12,5,0
ucriverside:hermosilloandrew,"Hermosillo, Andrew",UC Riverside,40,14,1125,0,0,0,0,33
mercyhurst:onrubiagonzalo,"Onrubia, Gonzalo",Mercyhurst,1,14,1125,0,0,0,0,1
depaul:mcguirenolan,"McGuire, Nolan",DePaul,25,17,1124,0,0,11,1,0
bostoncollege:gundelachmoritz,"Gundelach, Moritz",Boston College,4,17,1120,0,0,3,1,0
depaul:jimersonevan,"Jimerson, Evan",DePaul,24,17,1119,0,0,2,1,0
drexel:christielevi,"Christie, Levi",Drexel,6,16,1117,0,0,0,0,0
georgewashington:medinanico,"Medina, Nico",George Washington,21,16,1115,0,0,4,1,0
notredame:mcdowdsean,"McDowd, Sean",Notre Dame,3,17,1113,0,0,6,3,0
calpoly:owensparker,"Owens, Parker",Cal Poly,4,14,1111,0,0,8,3,0
harvard:khosravirustin,"Khosravi, Rustin",Harvard,2,16,1111,0,0,7,0,0
charleston:baldwinben,"Baldwin, Ben",Charleston,16,14,1105,0,0,2,1,0
butler:higginsonkiel,"Higginson, Kiel",Butler,5,16,1104,0,0,9,2,0
missouristate:hogbenharry,"Hogben, Harry",Missouri State,22,16,1104,0,0,9,3,0
gardnerwebb:christensenlucas,"Christensen, Lucas",Gardner-Webb,27,18,1104,0,0,4,0,0
longwood:yoderjoshua,"Yoder, Joshua",Longwood,22,13,1103,0,0,2,1,0
fordham:stephanitristan,"Stephani, Tristan",Fordham,1,13,1100,0,0,0,0,0
newhampshire:williamsscott,"Williams, Scott",New Hampshire,1,17,1100,0,0,0,0,43
iuindy:maungmaungcameron,"Maung-Maung, Cameron",IU Indy,1,13,1100,0,0,0,0,10
umasslowell:fernandezmauro,"Fernandez, Mauro",UMass Lowell,14,15,1097,0,0,0,0,0
holycross:johnsonwade,"Johnson, Wade",Holy Cross,6,15,1094,0,0,13,1,0
omaha:chibatakeru,"Chiba, Takeru",Omaha,5,13,1092,0,0,1,1,0
iona:becerraandres,"Becerra, Andres",Iona,2,15,1091,0,0,9,5,0
saintpeters:etiennedarrell,"Etienne, Darrell",Saint Peter's,2,16,1090,0,0,2,2,0
winthrop:candiadiego,"Candia, Diego",Winthrop,20,15,1085,0,0,0,0,0
wisconsin:kuhrjulian,"Kuhr, Julian",Wisconsin,4,16,1083,0,0,5,0,0
mercer:hamptongrant,"Hampton, Grant",Mercer,28,17,1083,0,0,6,0,0
jamesmadison:jasperserik,"Jaspers, Erik",James Madison,1,16,1080,0,0,0,0,52
lasalle:kneistino,"Kneis, Tino",La Salle,32,12,1080,0,0,0,0,0
colgate:sammsmalik,"Samms, Malik",Colgate,3,13,1080,0,0,9,2,0
oakland:thompsoncole,"Thompson, Cole",Oakland,33,16,1080,0,0,0,0,3
charleston:schumacherjourdan,"Schumacher, Jourdan",Charleston,0,14,1080,0,0,0,0,39
sandiegostate:vargaseddy,"Vargas, Eddy",San Diego State,1,15,1075,0,0,0,0,24
canisius:zarconeaj,"Zarcone, AJ",Canisius,6,16,1073,0,0,1,0,0
stonehillcollege:walshdylan,"Walsh, Dylan",Stonehill College,15,17,1073,0,0,7,3,0
ucsandiego:hillisadam,"Hillis, Adam",UC San Diego,6,16,1071,0,0,5,2,0
westernmichigan:biggersliam,"Biggers, Liam",Western Michigan,6,23,1070,0,0,3,1,0
duke:zabinkopreston,"Zabinko, Preston",Duke,20,20,1067,0,0,12,5,0
sandiego:adamslucca,"Adams, Lucca",San Diego,36,14,1065,0,0,0,0,4
lemoynecollege:ehrlichxaver,"Ehrlich, Xaver",Le Moyne College,6,14,1065,0,0,3,0,0
unlv:chaviraroblesscott,"Chavira Robles, Scott",UNLV,18,14,1065,0,0,2,1,0
pacific:ruizhurstmateus,"Ruiz-Hurst, Mateus",Pacific,1,12,1064,0,0,0,0,7
georgewashington:hobbsjake,"Hobbs, Jake",George Washington,5,16,1063,0,0,3,0,0
csun:shakedjake,"Shaked, Jake",CSUN,4,13,1063,0,0,8,4,0
hofstra:santipietro,"Santi, Pietro",Hofstra,16,16,1060,0,0,3,1,0
stetson:appolonross,"Appolon, Ross",Stetson,4,13,1058,0,0,3,0,0
easternillinois:tanikento,"Tani, Kento",Eastern Illinois,25,17,1057,0,0,15,7,0
howard:clarkebryson,"Clarke, Bryson",Howard,5,13,1053,0,0,2,1,0
ucla:legaspiallan,"Legaspi, Allan",UCLA,15,18,1052,0,0,1,0,0
sacramentostate:narangamjot,"Narang, Amjot",Sacramento State,24,17,1048,0,0,2,1,0
dartmouthcollege:huneaualexis,"Huneau, Alexis",Dartmouth College,2,14,1048,0,0,2,2,0
saintlouis:barnettdraven,"Barnett, Draven",Saint Louis,8,20,1045,0,0,2,1,0
dartmouthcollege:karagiorgispanagiotis,"Karagiorgis, Panagiotis",Dartmouth College,5,14,1045,0,0,1,0,0
colgate:harrisethan,"Harris, Ethan",Colgate,13,13,1044,0,0,2,1,0
uncgreensboro:kjollermagnus,"Kjoller, Magnus",UNC Greensboro,27,22,1043,0,0,7,1,0
njit:krongoldjack,"Krongold, Jack",NJIT,17,13,1039,0,0,6,3,0
wrightstate:testerbrayden,"Tester, Brayden",Wright State,25,14,1039,0,0,4,0,0
mountstmarys:decoteauantoine,"DeCoteau, Antoine",Mount St. Mary's,5,13,1039,0,0,1,0,0
cornell:reececampbell,"Reece, Campbell",Cornell,18,19,1039,0,0,14,5,0
colgate:stephansdrew,"Stephans, Drew",Colgate,4,13,1038,0,0,7,3,0
vmi:millerjack,"Miller, Jack",VMI,3,17,1035,0,0,4,1,0
duke:vukovicaleksandar,"Vukovic, Aleksandar",Duke,6,19,1032,0,0,6,2,0
airforce:brophyben,"Brophy, Ben",Air Force,20,16,1031,0,0,16,4,0
uscupstate:tomasewan,"Tomas, Ewan",USC Upstate,5,14,1028,0,0,7,0,0
manhattan:keitaibrahima,"Keita, Ibrahima",Manhattan,6,15,1027,0,0,4,1,0
unlv:saisjace,"Sais, Jace",UNLV,16,14,1023,0,0,2,0,0
kentucky:mikoyowen,"Mikoy, Owen",Kentucky,22,13,1023,0,0,3,1,0
lipscomb:straitbrayden,"Strait, Brayden",Lipscomb,2,17,1021,0,0,3,0,0
fdu:kopayryan,"Kopay, Ryan",FDU,27,13,1020,0,0,1,0,0
saintpeters:dunncurtis,"Dunn, Curtis",Saint Peter's,4,15,1018,0,0,5,2,0
njit:rebelodiogo,"Rebelo, Diogo",NJIT,6,14,1015,0,0,48,16,0
pittsburgh:svendbycasper,"Svendby, Casper",Pittsburgh,21,18,1013,0,0,7,1,0
delaware:smithsean,"Smith, Sean",Delaware,6,16,1013,0,0,3,3,0
stthomas:schaefermerrick,"Schaefer, Merrick",St. Thomas,5,14,1010,0,0,3,2,0
holycross:bebanjulian,"Beban, Julian",Holy Cross,4,15,1010,0,0,6,1,0
colgate:diluciajulian,"Di Lucia, Julian",Colgate,5,13,1009,0,0,6,1,0
stonehillcollege:oconnorethan,"O'Connor, Ethan",Stonehill College,22,13,1008,0,0,2,0,0
virginiatech:schroederevan,"Schroeder, Evan",Virginia Tech,4,15,1002,0,0,4,1,0
etsu:ramirezpablo,"Ramirez, Pablo",ETSU,3,13,999,0,0,1,0,0
saintjosephs:reffsgaardherman,"Reffsgaard, Herman",Saint Joseph's,22,11,999,0,0,2,0,0
fgcu:wengoliver,"Weng, Oliver",FGCU,31,15,997,0,0,0,0,5
airforce:bennerbrayden,"Benner, Brayden",Air Force,21,16,994,0,0,1,0,0
brown:dafeiyke,"Dafe, Iyke",Brown,2,14,991,0,0,3,2,0
depaul:davilasantiago,"Davila, Santiago",DePaul,1,16,990,0,0,0,0,32
incarnateword:delatorrealejandro,"DeLaTorre, Alejandro",Incarnate Word,99,11,990,0,0,0,0,14
wrightstate:maltereralessandro,"Malterer, Alessandro",Wright State,1,14,990,0,0,0,0,25
villanova:yagudayevalex,"Yagudayev, Alex",Villanova,1,11,990,0,0,0,0,14
penn:falconiiiphillip,"Falcon III, Phillip",Penn,1,13,990,0,0,0,0,14
xavier:mennelljonny,"Mennell, Jonny",Xavier,1,15,989,0,0,0,0,42
merrimackcollege:bosiogabriele,"Bosio, Gabriele",Merrimack College,19,15,986,0,0,3,1,0
quinnipiac:matobataiga,"Matoba, Taiga",Quinnipiac,17,17,985,0,0,3,1,0
wofford:hegleniklasszabo,"Hegle, Niklas Szabo",Wofford,18,14,985,0,0,0,0,0
seattle:wojdyladylan,"Wojdyla, Dylan",Seattle,4,13,983,0,0,1,1,0
mountstmarys:majcherczykmaciej,"Majcherczyk, Maciej",Mount St. Mary's,15,12,981,0,0,8,3,0
sanfrancisco:afsarikaleb,"Afsari, Kaleb",San Francisco,21,16,980,0,0,26,5,0
stetson:radaellinicol,"Radaelli, Nicolò",Stetson,1,11,977,0,0,0,0,26
pacific:frimpongemmanuel,"Frimpong, Emmanuel",Pacific,22,15,977,0,0,3,2,0
fdu:francamatheus,"Franca, Matheus",FDU,1,12,974,0,0,0,0,14
stbonaventure:sundbyritter,"Sundby, Ritter",St. Bonaventure,8,15,967,0,0,6,2,0
stetson:crocegiuseppe,"Croce, Giuseppe",Stetson,22,14,966,0,0,5,2,0
howard:matingoutroy,"Matingou, Troy",Howard,3,13,966,0,0,1,0,0
colgate:winogradliam,"Winograd, Liam",Colgate,15,12,964,0,0,1,0,0
utahtech:campoliluca,"Campoli, Luca",Utah Tech,1,11,964,0,0,0,0,8
stthomas:krencmoritz,"Krenc, Moritz",St. Thomas,1,15,961,0,0,0,0,16
bryant:jacobstibo,"Jacobs, Tibo",Bryant,13,19,956,0,0,1,0,0
georgewashington:poolejake,"Poole, Jake",George Washington,12,16,955,0,0,3,1,0
njit:grenharodrigo,"Grenha, Rodrigo",NJIT,3,14,954,0,0,4,1,0
uscupstate:vanderdonkteun,"van der Donk, Teun",USC Upstate,26,15,953,0,0,2,1,0
etsu:marvikmorgan,"Marvik, Morgan",ETSU,22,14,950,0,0,2,0,0
fdu:naumoskidamian,"Naumoski, Damian",FDU,8,14,950,0,0,1,0,0
lafayette:hadjimitsisnikolas,"Hadjimitsis, Nikolas",Lafayette,23,19,949,0,0,3,0,0
detroitmercy:ninojohn,"Nino, John",Detroit Mercy,4,12,948,0,0,1,0,0
ucf:smithalex,"Smith, Alex",UCF,2,18,947,0,0,5,0,0
howard:stallingsroman,"Stallings, Roman",Howard,19,15,947,0,0,5,2,0
ucsandiego:murdinliam,"Murdin, Liam",UC San Diego,14,13,945,0,0,3,2,0
california:lambeconnor,"Lambe, Connor",California,24,18,944,0,0,0,0,37
creighton:cavalcantelucas,"Cavalcante, Lucas",Creighton,25,15,944,0,0,1,0,0
sandiegostate:orthnik,"Orth, Nik",San Diego State,17,16,942,0,0,8,1,0
memphis:ruguaruryan,"Ruguaru, Ryan",Memphis,13,15,941,0,0,2,0,0
ucsandiego:premacknolan,"Premack, Nolan",UC San Diego,1,13,936,0,0,0,0,19
fordham:krohnstaderik,"Krohnstad, Erik",Fordham,17,16,935,0,0,13,4,0
northernkentucky:sofferitay,"Soffer, Itay",Northern Kentucky,8,15,935,0,0,14,0,0
notredame:schroederwill,"Schroeder, Will",Notre Dame,14,15,931,0,0,8,3,0
bucknell:thomasjacob,"Thomas, Jacob",Bucknell,20,17,926,0,0,7,2,0
uncwilmington:goodingbenjamin,"Gooding, Benjamin",UNC Wilmington,22,14,923,0,0,5,1,0
coastalcarolina:goughharrison,"Gough, Harrison",Coastal Carolina,1,14,920,0,0,0,0,38
ucla:boxkevin,"Box, Kevin",UCLA,18,13,920,0,0,0,0,30
greenbay:swancuttdrew,"Swancutt, Drew",Green Bay,1,11,920,0,0,0,0,19
bowlinggreen:christensenmads,"Christensen, Mads",Bowling Green,15,11,916,0,0,3,0,0
jacksonville:decortesacha,"De Corte, Sacha",Jacksonville,5,11,915,0,0,2,0,0
umass:brownalex,"Brown, Alex",UMass,22,12,908,0,0,2,1,0
sacramentostate:venegasfernando,"Venegas, Fernando",Sacramento State,14,14,903,0,0,7,1,0
sacramentostate:rosalesandres,"Rosales, Andres",Sacramento State,0,12,900,0,0,0,0,10
lipscomb:walzpatrick,"Walz, Patrick",Lipscomb,19,17,900,0,0,4,1,0
niagara:wylesgrant,"Wyles, Grant",Niagara,1,10,900,0,0,0,0,6
stthomas:perazoliveronagabriel,"Perazoli Verona, Gabriel",St. Thomas,22,10,900,0,0,0,0,0
utahvalley:sessionskolby,"Sessions, Kolby",Utah Valley,24,10,900,0,0,0,0,0
wrightstate:jenkinsjack,"Jenkins, Jack",Wright State,12,14,893,0,0,5,3,0
robertmorris:dominguezmiguel,"Dominguez, Miguel",Robert Morris,12,13,892,0,0,7,1,0
calstatefullerton:padillaemanuel,"Padilla, Emanuel",Cal State Fullerton,1,12,891,0,0,0,0,7
vmi:benjaminamari,"Benjamin, Amari",VMI,6,15,890,0,0,5,0,0
uscupstate:bitonitamar,"Biton, Itamar",USC Upstate,3,15,887,0,0,1,0,0
drexel:bartellraphael,"Bartell, Raphael",Drexel,0,14,886,0,0,0,0,27
stonehillcollege:kahawaijaxson,"Kahawai, Jaxson",Stonehill College,29,17,885,0,0,5,1,0
winthrop:straubejonah,"Straube, Jonah",Winthrop,4,13,884,0,0,4,2,0
vmi:osortomiguel,"Osorto, Miguel",VMI,20,15,884,0,0,2,0,0
bucknell:mcgrathcade,"McGrath, Cade",Bucknell,2,16,884,0,0,3,3,0
drake:dancerjack,"Dancer, Jack",Drake,12,17,879,0,0,4,1,0
queens:andersonjaiden,"Anderson, Jaiden",Queens,17,15,877,0,0,1,0,0
merrimackcollege:diturifrancesco,"Di Turi, Francesco",Merrimack College,6,10,875,0,0,0,0,0
detroitmercy:nkassatom,"Nkassa, Tom",Detroit Mercy,3,13,873,0,0,0,0,0
centralarkansas:kissalex,"Kiss, Alex",Central Arkansas,2,13,872,0,0,0,0,0
manhattan:josephtolu,"Joseph, Tolu",Manhattan,2,14,866,0,0,4,0,0
njit:dixonkyle,"Dixon, Kyle",NJIT,26,13,865,0,0,8,1,0
lehigh:mundyryan,"Mundy, Ryan",Lehigh,27,16,863,0,0,1,0,0
winthrop:riveronsagrerobruno,"Riveron Sagrero, Bruno",Winthrop,11,15,860,0,0,11,5,0
davidsoncollege:thissellmatthew,"Thissell, Matthew",Davidson College,13,19,860,0,0,9,2,0
colgate:staffordcason,"Stafford, Cason",Colgate,10,13,860,0,0,16,5,0
oregonstate:zapienjacob,"Zapien, Jacob",Oregon State,6,14,859,0,0,3,0,0
omaha:stukenholtzmikey,"Stukenholtz, Mikey",Omaha,7,12,859,0,0,11,5,0
wrightstate:amrozakaria,"Amro, Zakaria",Wright State,3,13,855,0,0,1,0,0
oralroberts:mesquitajoao,"Mesquita, Joao",Oral Roberts,30,11,855,0,0,0,0,19
brown:whartonzion,"Wharton, Zion",Brown,18,14,855,0,0,4,2,0
rideruniversity:heliasmarius,"Helias, Marius",Rider University,32,10,855,0,0,0,0,0
fordham:mojabikamran,"Mojabi, Kamran",Fordham,29,14,854,0,0,3,1,0
omaha:guardierosimon,"Guardiero, Simon",Omaha,22,12,853,0,0,3,1,0
airforce:bennettjoseph,"Bennett, Joseph",Air Force,31,12,848,0,0,8,1,0
sacramentostate:gimenezlucas,"Gimenez, Lucas",Sacramento State,5,15,846,0,0,2,0,0
ucsantabarbara:skinnerluke,"Skinner, Luke",UC Santa Barbara,1,12,845,0,0,0,0,11
uscupstate:vallejojustin,"Vallejo, Justin",USC Upstate,12,15,844,0,0,10,1,0
setonhall:rubionico,"Rubio, Nico",Seton Hall,17,19,841,0,0,17,8,0
newhaven:delmastrovalerio,"Del Mastro, Valerio",New Haven,6,15,841,0,0,2,0,0
templeuniversity:osullivanaiden,"O'Sullivan, Aiden",Temple University,16,16,839,0,0,7,2,0
howard:welbornerayce,"Welborne, Rayce",Howard,17,12,839,0,0,3,3,0
calstatefullerton:hemmerasger,"Hemmer, Asger",Cal State Fullerton,0,11,839,0,0,0,0,7
uab:richtermathis,"Richter, Mathis",UAB,5,15,839,0,0,2,1,0
niagara:roachcameron,"Roach, Cameron",Niagara,8,11,834,0,0,0,0,0
stbonaventure:haynesbenjamin,"Haynes, Benjamin",St. Bonaventure,3,15,832,0,0,4,2,0
sandiegostate:apolinarbeto,"Apolinar, Beto",San Diego State,8,13,831,0,0,5,0,0
centralarkansas:matsudokaisei,"Matsudo, Kaisei",Central Arkansas,18,13,831,0,0,5,3,0
incarnateword:kamathaarush,"Kamath, Aarush",Incarnate Word,22,10,830,0,0,2,1,0
bowlinggreen:taschetocaio,"Tascheto, Caio",Bowling Green,6,13,827,0,0,3,0,0
fdu:leguengabriel,"Le Guen, Gabriel",FDU,5,13,826,0,0,0,0,0
stonehillcollege:sohaljordan,"Sohal, Jordan",Stonehill College,20,15,825,0,0,1,1,0
presbyterian:kraskrivers,"Krask, Rivers",Presbyterian,18,15,825,0,0,2,2,0
gonzaga:doudethan,"Doud, Ethan",Gonzaga,3,11,824,0,0,4,0,0
memphis:owensjoshua,"Owens, Joshua",Memphis,8,15,823,0,0,11,2,0
oralroberts:fordzak,"Ford, Zak",Oral Roberts,12,15,822,0,0,2,0,0
lindenwood:robertsgavin,"Roberts, Gavin",Lindenwood,18,10,822,0,0,0,0,0
chicagostate:silvasaul,"Silva, Saul",Chicago State,27,11,820,0,0,8,3,0
niagara:santosandre,"Santos, Andre",Niagara,15,11,819,0,0,3,3,0
incarnateword:kamathavaneesh,"Kamath, Avaneesh",Incarnate Word,18,11,817,0,0,2,1,0
queens:tozzinathan,"Tozzi, Nathan",Queens,13,15,816,0,0,2,2,0
duquesne:fiscusluke,"Fiscus, Luke",Duquesne,32,13,816,0,0,0,0,0
stthomas:akhigbemiles,"Akhigbe, Miles",St. Thomas,4,15,815,0,0,3,1,0
newhaven:garbarinolorenzo,"Garbarino, Lorenzo",New Haven,16,12,815,0,0,6,2,0
marist:salivonchikwilliam,"Salivonchik, William",Marist,23,13,813,0,0,1,0,0
williammary:sigurjonssonthor,"Sigurjonsson, Thor",William & Mary,14,11,813,0,0,8,3,0
templeuniversity:dauzierdiego,"Dauzier, Diego",Temple University,1,16,810,0,0,0,0,37
bradley:berrydrew,"Berry, Drew",Bradley,0,9,810,0,0,0,0,19
incarnateword:torreshazani,"Torres, Hazani",Incarnate Word,6,10,810,0,0,2,0,0
presbyterian:baerwaldetimbenjamin,"Baerwalde, Tim Benjamin",Presbyterian,1,9,810,0,0,0,0,0
howard:keillerliam,"Keiller, Liam",Howard,0,11,810,0,0,0,0,8
northernillinois:arslanatahan,"Arslan, Atahan",Northern Illinois,1,9,810,0,0,0,0,3
greenbay:cruzgiovanni,"Cruz, Giovanni",Green Bay,3,14,810,0,0,1,1,0
jacksonville:paulsennahne,"Paulsen, Nahne",Jacksonville,2,11,810,0,0,3,1,0
easternillinois:ortizlucas,"Ortiz, Lucas",Eastern Illinois,0,10,810,0,0,0,0,0
columbiauniversity:kelliherdean,"Kelliher, Dean",Columbia University,1,14,810,0,0,0,0,25
harvard:macneilcullen,"MacNeil, Cullen",Harvard,1,12,810,0,0,0,0,10
grandcanyon:gustavssonviggo,"Gustavsson, Viggo",Grand Canyon,5,10,810,0,0,0,0,0
longwood:kamdjinaristhid,"Kamdjin, Aristhid",Longwood,2,12,809,0,0,3,0,0
uscupstate:hilmarssonhilmar,"Hilmarsson, Hilmar",USC Upstate,4,15,805,0,0,2,1,0
iuindy:velingsgijs,"Velings, Gijs",IU Indy,8,14,804,0,0,2,0,0
uncasheville:ragnarssonvidar,"Ragnarsson, Vidar",UNC Asheville,2,9,804,0,0,2,1,0
syracuse:nutornutsibright,"Nutornutsi, Bright",Syracuse,9,20,802,0,0,16,4,0
lemoynecollege:farriskellen,"Farris, Kellen",Le Moyne College,35,15,799,0,0,1,0,0
liu:robinsonnic,"Robinson, Nic",LIU,8,11,798,0,0,14,2,0
presbyterian:baerwaldetim,"Baerwalde, Tim",Presbyterian,1,9,798,0,0,0,0,21
queens:brownjamahl,"Brown, Jamahl",Queens,16,10,797,0,0,8,2,0
georgiasouthern:oconnorjoe,"O'Connor, Joe",Georgia Southern,10,18,796,0,0,4,2,0
csun:sosajustin,"Sosa, Justin",CSUN,3,13,796,0,0,27,8,0
radford:smirnovkiril,"Smirnov, Kiril",Radford,12,14,794,0,0,1,0,0
manhattan:mlbergludvig,"Målberg, Ludvig",Manhattan,1,9,793,0,0,0,0,0
coastalcarolina:suarezjoaquin,"Suarez, Joaquin",Coastal Carolina,5,14,789,0,0,5,2,0
siue:perkinsben,"Perkins, Ben",SIUE,18,15,789,0,0,13,3,0
navy:schuetzaj,"Schuetz, A.J.",Navy,23,14,786,0,0,15,5,0
princeton:vilettyler,"Vilet, Tyler",Princeton,33,17,785,0,0,10,6,0
coastalcarolina:reiterdaniel,"Reiter, Daniel",Coastal Carolina,13,14,784,0,0,4,0,0
virginiatech:peraltatito,"Peralta, Tito",Virginia Tech,22,16,783,0,0,17,7,0
pennstate:leaveydavy,"Leavey, Davy",Penn State,16,17,781,0,0,12,5,0
templeuniversity:sumnernore,"Sumner, Nore",Temple University,4,15,780,0,0,1,0,0
siena:berbachirayan,"Berbachi, Rayan",Siena,23,14,780,0,0,6,1,0
yale:osgavaughan,"Osga, Vaughan",Yale,3,15,780,0,0,5,2,0
holycross:buyumateo,"Buyu, Mateo",Holy Cross,1,13,779,0,0,0,0,5
incarnateword:bakerrochaine,"Baker, Rochaine",Incarnate Word,4,10,778,0,0,0,0,0
siue:forestierelliott,"Forestier, Elliott",SIUE,3,13,778,0,0,4,1,0
queens:feldmanmichel,"Feldman, Michel",Queens,19,10,774,0,0,13,6,0
iuindy:parrishowen,"Parrish, Owen",IU Indy,17,15,773,0,0,3,2,0
northernkentucky:rasheedjabari,"Rasheed, Jabari",Northern Kentucky,19,13,773,0,0,2,0,0
winthrop:castrovaldezemidio,"Castro-Valdez, Emidio",Winthrop,3,10,772,0,0,1,0,0
xavier:widmanezra,"Widman, Ezra",Xavier,8,15,770,0,0,6,2,0
siue:murraydaniel,"Murray, Daniel",SIUE,23,12,769,0,0,2,1,0
westvirginia:pusztahegyitristan,"Pusztahegyi, Tristan",West Virginia,4,18,765,0,0,4,2,0
canisius:dominguezdom,"Dominguez, Dom",Canisius,31,9,765,0,0,0,0,0
detroitmercy:simonlouis,"Simon, Louis",Detroit Mercy,6,11,762,0,0,9,2,0
sacramentostate:cejagio,"Ceja, Gio",Sacramento State,6,16,758,0,0,3,1,0
xavier:doraconnor,"Dora, Connor",Xavier,34,15,758,0,0,5,2,0
longwood:hinkemax,"Hinke, Max",Longwood,1,9,756,0,0,0,0,7
northernillinois:hernandezjoe,"Hernandez, Joe",Northern Illinois,8,10,755,0,0,11,3,0
colgate:bourneotto,"Bourne, Otto",Colgate,21,11,754,0,0,5,2,0
omaha:perkinsbrett,"Perkins, Brett",Omaha,14,13,752,0,0,7,2,0
calpoly:jimenezbenji,"Jimenez, Benji",Cal Poly,25,21,751,0,0,2,1,0
sacramentostate:padillavincent,"Padilla, Vincent",Sacramento State,20,15,749,0,0,2,0,0
omaha:williamssahai,"Williams, Sahai",Omaha,4,12,748,0,0,1,1,0
providence:marshallbrandon,"Marshall, Brandon",Providence,5,16,746,0,0,3,1,0
universityofevansville:wagnernalu,"Wagner, Nalu",University of Evansville,8,18,745,0,0,6,0,0
davidsoncollege:wildaj,"Wild, AJ",Davidson College,18,19,745,0,0,2,2,0
ucsandiego:cashtyler,"Cash, Tyler",UC San Diego,25,16,742,0,0,11,4,0
jacksonville:sekaninachristian,"Sekanina, Christian",Jacksonville,1,12,740,0,0,0,0,3
oregonstate:morlanspol,"Morlans, Pol",Oregon State,5,14,738,0,0,3,2,0
bostonuniversity:tuckermancharlie,"Tuckerman, Charlie",Boston University,24,17,738,0,0,2,0,0
mountstmarys:perezfabian,"Perez, Fabian",Mount St. Mary's,8,16,738,0,0,12,5,0
centralarkansas:mwambajoseph,"Mwamba, Joseph",Central Arkansas,34,10,738,0,0,1,0,0
liberty:danielsnoah,"Daniels, Noah",Liberty,22,17,736,0,0,6,2,0
wisconsin:hebertmatisse,"Hebert, Matisse",Wisconsin,1,10,735,0,0,0,0,23
lipscomb:daviscaleb,"Davis, Caleb",Lipscomb,28,13,731,0,0,1,0,0
calpoly:oetingerjake,"Oetinger, Jake",Cal Poly,15,17,724,0,0,3,1,0
detroitmercy:phillipsmateo,"Phillips, Mateo",Detroit Mercy,18,12,724,0,0,5,0,0
ucla:baylessblake,"Bayless, Blake",UCLA,19,16,724,0,0,1,0,0
umass:biancojoey,"Bianco, Joey",UMass,13,10,724,0,0,1,1,0
dartmouthcollege:dellaskonstantinos,"Dellas, Konstantinos",Dartmouth College,00,13,724,0,0,0,0,27
marquette:brinkmarten,"Brink, Marten",Marquette,1,15,720,0,0,0,0,17
marquette:simpsoncameron,"Simpson, Cameron",Marquette,30,15,720,0,0,0,0,26
easternillinois:barbafranco,"Barba, Franco",Eastern Illinois,1,8,720,0,0,0,0,15
bostonuniversity:saadatsheraz,"Saadat, Sheraz",Boston University,36,16,720,0,0,0,0,26
omaha:ndionekamy,"Ndione, Kamy",Omaha,30,10,720,0,0,0,0,21
csubakersfield:hartzenden,"Hart, Zenden",CSU Bakersfield,1,8,720,0,0,0,0,11
csubakersfield:farrelljosh,"Farrell, Josh",CSU Bakersfield,3,8,720,0,0,1,1,0
villanova:cutlerdejesussebastian,"Cutler-DeJesus, Sebastian",Villanova,23,12,720,0,0,0,0,0
ucla:tiltackryan,"Tiltack, Ryan",UCLA,22,14,720,0,0,0,0,18
oralroberts:morenojuan,"Moreno, Juan",Oral Roberts,10,14,720,0,0,9,1,0
loyolamarymount:hoversphilip,"Hovers, Philip",Loyola Marymount,0,8,720,0,0,0,0,10
rhodeisland:synnestvedtwilliam,"Synnestvedt, William",Rhode Island,30,10,720,0,0,0,0,5
utahtech:huebnerlandon,"Huebner, Landon",Utah Tech,20,15,719,0,0,8,4,0
utahvalley:willeykeith,"Willey, Keith",Utah Valley,14,9,716,0,0,0,0,0
rutgers:crutherscole,"Cruthers, Cole",Rutgers,8,17,715,0,0,9,1,0
jamesmadison:halloransmith,"Halloran, Smith",James Madison,16,16,715,0,0,4,1,0
jacksonville:libertsimon,"Libert, Simon",Jacksonville,4,9,710,0,0,3,1,0
northeastern:schurzchristoph,"Schurz, Christoph",Northeastern,29,11,710,0,0,2,1,0
bostoncollege:gibsonconnor,"Gibson, Connor",Boston College,19,17,708,0,0,4,1,0
detroitmercy:monroecolin,"Monroe, Colin",Detroit Mercy,0,8,708,0,0,0,0,4
wisconsin:stinsonwade,"Stinson, Wade",Wisconsin,5,16,707,0,0,7,1,0
fgcu:barsoelucas,"Barsoe, Lucas",FGCU,16,10,707,0,0,4,2,0
rideruniversity:lacknerlandon,"Lackner, Landon",Rider University,20,13,707,0,0,1,0,0
ncstate:defrancescofrank,"DeFrancesco, Frank",NC State,11,19,705,0,0,20,7,0
georgetown:barrioscristalesjulian,"Barrios Cristales, Julian",Georgetown,17,18,705,0,0,5,2,0
charleston:toulsondan,"Toulson, Dan",Charleston,4,14,702,0,0,2,2,0
rideruniversity:joasilusricardo,"Joasilus, Ricardo",Rider University,21,10,699,0,0,3,0,0
georgiastate:sozadiego,"Soza, Diego",Georgia State,19,15,696,0,0,2,0,0
jacksonville:aishhayden,"Aish, Hayden",Jacksonville,17,12,695,0,0,6,2,0
creighton:foulksben,"Foulks, Ben",Creighton,15,15,694,0,0,3,1,0
universityofsouthernindiana:englishjacob,"English, Jacob",University of Southern Indiana,27,10,691,0,0,0,0,7
jamesmadison:aguilarjeffrey,"Aguilar, Jeffrey",James Madison,15,16,691,0,0,5,1,0
centralarkansas:ramirezjavier,"Ramirez, Javier",Central Arkansas,1,9,691,0,0,0,0,8
monmouth:annbornerik,"Annborn, Erik",Monmouth,4,12,690,0,0,0,0,0
tulsa:thallingerkevin,"Thallinger, Kevin",Tulsa,4,17,689,0,0,3,3,0
villanova:bangurafoday,"Bangura, Foday",Villanova,4,13,688,0,0,2,1,0
njit:jeongminki,"Jeong, Minki",NJIT,18,13,687,0,0,6,2,0
williammary:eapenryan,"Eapen, Ryan",William & Mary,25,10,684,0,0,0,0,17
smu:zarnickowen,"Zarnick, Owen",SMU,3,10,681,0,0,5,0,0
villanova:zaretsermikhail,"Zaretser, Mikhail",Villanova,6,16,681,0,0,7,0,0
fgcu:bastantemario,"Bastante, Mario",FGCU,2,9,679,0,0,3,0,0
california:juarezallan,"Juarez, Allan",California,10,18,677,0,0,7,3,0
utahtech:caliskancihan,"Caliskan, Cihan",Utah Tech,5,10,677,0,0,3,2,0
dartmouthcollege:rollamullisbenny,"Rolla-Mullis, Benny",Dartmouth College,13,14,676,0,0,0,0,0
oralroberts:grzesiakjakub,"Grzesiak, Jakub",Oral Roberts,1,14,675,0,0,0,0,6
stbonaventure:sheehanbrendan,"Sheehan, Brendan",St. Bonaventure,11,14,673,0,0,12,4,0
georgewashington:coffeyliam,"Coffey, Liam",George Washington,6,16,671,0,0,7,3,0
liberty:trottcarlos,"Trott, Carlos",Liberty,5,11,671,0,0,4,1,0
syracuse:irinimbabaziivan,"Irinimbabazi, Ivan",Syracuse,6,20,663,0,0,5,1,0
ucla:browndrew,"Brown, Drew",UCLA,5,16,662,0,0,0,0,0
howard:jamescorey,"James, Corey",Howard,6,15,657,0,0,7,2,0
csun:rostenodin,"Rosten, Odin",CSUN,13,14,654,0,0,1,1,0
bowlinggreen:ramoscaue,"Ramos, Caue",Bowling Green,23,11,652,0,0,8,2,0
northflorida:perezdavid,"Perez, David",North Florida,99,14,650,0,0,15,2,0
brown:weiperhenrik,"Weiper, Henrik",Brown,1,13,650,0,0,0,0,24
umbc:lopezemigdio,"Lopez, Emigdio",UMBC,1,7,650,0,0,0,0,13
georgewashington:alsabaghomar,"Alsabagh, Omar",George Washington,20,14,649,0,0,3,2,0
stonehillcollege:kuzmichalex,"Kuzmich, Alex",Stonehill College,12,15,647,0,0,3,1,0
lasalle:maartenssontheo,"Maartensson, Theo",La Salle,18,12,644,0,0,4,0,0
umass:adugyamfikwame,"Adu-Gyamfi, Kwame",UMass,27,12,644,0,0,6,1,0
columbiauniversity:kinnersage,"Kinner, Sage",Columbia University,22,14,643,0,0,3,0,0
dartmouthcollege:kohlerhudson,"Kohler, Hudson",Dartmouth College,22,11,643,0,0,2,1,0
westernillinois:adradoscastrofernando,"Adrados Castro, Fernando",Western Illinois,5,8,643,0,0,2,1,0
fordham:varelajon,"Varela, Jon",Fordham,3,11,642,0,0,1,0,0
newhampshire:matimanogershom,"Matimano, Gershom",New Hampshire,25,17,642,0,0,3,1,0
csubakersfield:cucchiaradorian,"Cucchiara, Dorian",CSU Bakersfield,8,8,642,0,0,5,0,0
easternillinois:baylissconner,"Bayliss, Conner",Eastern Illinois,14,16,641,0,0,2,0,0
butler:demiguelnacho,"de Miguel, Nacho",Butler,11,15,639,0,0,7,3,0
harvard:cortellessamikey,"Cortellessa, Mikey",Harvard,12,15,639,0,0,4,0,0
seattle:mungombadavis,"Mungomba, Davis",Seattle,5,10,636,0,0,3,1,0
fiu:gobettibo,"Gobet, Tibo",FIU,2,13,636,0,0,4,1,0
providence:loperasteban,"Lopera, Steban",Providence,2,16,635,0,0,4,1,0
memphis:traoreabdallah,"Traore, Abdallah",Memphis,4,14,633,0,0,0,0,0
csubakersfield:jimeneznathan,"Jimenez, Nathan",CSU Bakersfield,28,8,633,0,0,8,1,0
sacramentostate:bostlucas,"Bost, Lucas",Sacramento State,1,9,630,0,0,0,0,3
templeuniversity:nealpreston,"Neal, Preston",Temple University,0,15,630,0,0,0,0,41
saintfrancis:okeefeconner,"O'Keefe, Conner",Saint Francis,2,7,630,0,0,2,1,0
manhattan:malbergludvig,"Malberg, Ludvig",Manhattan,1,7,630,0,0,0,0,23
bostonuniversity:alexanderben,"Alexander, Ben",Boston University,1,15,630,0,0,0,0,17
bowlinggreen:gilenzo,"Gil, Enzo",Bowling Green,1,7,630,0,0,0,0,23
umass:geczyalex,"Geczy, Alex",UMass,1,12,630,0,0,0,0,24
harvard:woodlucian,"Wood, Lucian",Harvard,99,11,630,0,0,0,0,12
monmouth:seierstadjohnsenherman,"Seierstad Johnsen, Herman",Monmouth,1,8,630,0,0,0,0,16
saintfrancis:wernickemika,"Wernicke, Mika",Saint Francis,4,7,629,0,0,3,1,0
utahtech:stoneoliver,"Stone, Oliver",Utah Tech,24,16,629,0,0,3,1,0
csun:garciadaniel,"Garcia, Daniel",CSUN,27,14,628,0,0,3,1,0
quinnipiac:pintojoao,"Pinto, Joao",Quinnipiac,2,8,627,0,0,5,3,0
siue:bastianonicolin,"Bastianoni, Colin",SIUE,19,13,623,0,0,6,2,0
uncasheville:spijkerssjoerd,"Spijkers, Sjoerd",UNC Asheville,29,16,623,0,0,2,0,0
universityofsouthernindiana:stevensvirgil,"Stevens, Virgil",University of Southern Indiana,18,10,622,0,0,0,0,0
northwestern:hainerdoug,"Hainer, Doug",Northwestern,15,16,622,0,0,13,8,0
california:thomasisaiah,"Thomas, Isaiah",California,25,18,621,0,0,3,2,0
loyolachicago:velascogabe,"Velasco, Gabe",Loyola Chicago,1,7,621,0,0,0,0,8
longwood:ouattarakunandy,"Ouattara, Kunandy",Longwood,5,10,619,0,0,1,1,0
ucsantabarbara:rentoncolby,"Renton, Colby",UC Santa Barbara,28,18,618,0,0,4,0,0
sandiego:bauermathias,"Bauer, Mathias",San Diego,35,9,614,0,0,5,1,0
saintfrancis:isrealandre,"Isreal, Andre",Saint Francis,17,7,613,0,0,1,1,0
jamesmadison:madoironald,"Madoi, Ronald",James Madison,23,16,613,0,0,3,1,0
omaha:demontignygael,"de Montigny, Gael",Omaha,17,12,613,0,0,1,0,0
presbyterian:falconermax,"Falconer, Max",Presbyterian,14,16,613,0,0,8,4,0
northernkentucky:maxwelljames,"Maxwell, James",Northern Kentucky,27,15,611,0,0,12,4,0
gonzaga:avilakobe,"Avila, Kobe",Gonzaga,14,11,611,0,0,2,0,0
binghamton:mahoneywill,"Mahoney, Will",Binghamton,22,7,610,0,0,1,0,0
depaul:netzelgavin,"Netzel, Gavin",DePaul,12,16,610,0,0,4,0,0
brown:pfaffmanmax,"Pfaffman, Max",Brown,25,14,610,0,0,0,0,22
mercyhurst:amarenako,"Amare, Nako",Mercyhurst,11,15,609,0,0,6,2,0
southcarolina:nilssonwilliam,"Nilsson, William",South Carolina,5,7,608,0,0,2,0,0
binghamton:knuewesimon,"Knuewe, Simon",Binghamton,6,7,606,0,0,2,1,0
binghamton:moecalvin,"Moe, Calvin",Binghamton,11,7,606,0,0,5,1,0
chicagostate:okumubill,"Okumu, Bill",Chicago State,10,8,605,0,0,4,2,0
saintfrancis:skurekharvey,"Skurek, Harvey",Saint Francis,3,7,603,0,0,2,0,0
ualbany:cookethan,"Cook, Ethan",UAlbany,3,7,601,0,0,1,1,0
jamesmadison:rodriguezzemi,"Rodriguez, Zemi",James Madison,8,16,600,0,0,2,0,0
saintjosephs:boylesean,"Boyle, Sean",Saint Joseph's,24,14,599,0,0,1,0,0
bostonuniversity:mazzabergeronben,"Mazza-Bergeron, Ben",Boston University,3,17,598,0,0,2,1,0
radford:fergusoncasey,"Ferguson, Casey",Radford,16,14,596,0,0,1,1,0
etsu:hendriksulysses,"Hendriks, Ulysses",ETSU,5,12,594,0,0,4,2,0
ucsandiego:thielenic,"Thiele, Nic",UC San Diego,00,10,594,0,0,0,0,12
uab:jolivetivan,"Jolivet, Ivan",UAB,8,15,594,0,0,4,1,0
detroitmercy:peleskaevan,"Peleska, Evan",Detroit Mercy,26,12,591,0,0,3,1,0
dartmouthcollege:oppongowusuraphael,"Oppong Owusu, Raphael",Dartmouth College,20,14,589,0,0,2,1,0
umasslowell:dugganliam,"Duggan, Liam",UMass Lowell,23,15,588,0,0,4,3,0
liu:blankchristian,"Blank, Christian",LIU,32,10,587,0,0,2,1,0
centralconnecticutstate:rautrevor,"Rau, Trevor",Central Connecticut State,3,7,586,0,0,6,3,0
queens:christodouloukyriakos,"Christodoulou, Kyriakos",Queens,24,16,585,0,0,10,5,0
umasslowell:medranoalvaro,"Medrano, Alvaro",UMass Lowell,1,14,585,0,0,0,0,30
vmi:ndakprigabriel,"N'Dakpri, Gabriel",VMI,19,16,584,0,0,5,4,0
elon:guinleaugust,"Guinle, August",Elon,2,17,584,0,0,0,0,0
southcarolina:versterrefilip,"Versterre, Filip",South Carolina,1,7,584,0,0,0,0,15
penn:jeremiahjackryan,"Jeremiah, Jack-Ryan",Penn,8,12,580,0,0,4,0,0
georgiastate:williamsnolan,"Williams, Nolan",Georgia State,12,14,577,0,0,2,0,0
army:willisjustice,"Willis, Justice",Army,31,18,576,0,0,2,0,0
centralconnecticutstate:toftevaagherman,"Toftevaag, Herman",Central Connecticut State,2,7,575,0,0,2,2,0
centralarkansas:cookmerrick,"Cook, Merrick",Central Arkansas,45,10,570,0,0,0,0,12
umass:belongjalen,"Belong, Jalen",UMass,29,12,568,0,0,8,3,0
depaul:paduamax,"Padua, Max",DePaul,14,16,567,0,0,7,2,0
stetson:condeafonso,"Conde, Afonso",Stetson,7,13,567,0,0,6,1,0
ucsandiego:barrettcole,"Barrett, Cole",UC San Diego,8,17,567,0,0,16,5,0
georgetown:lindimorejack,"Lindimore, Jack",Georgetown,2,17,567,0,0,1,0,0
southcarolina:whittakerfrancisisaiah,"Whittaker-Francis, Isaiah",South Carolina,7,7,567,0,0,2,0,0
brown:gryglaslangdon,"Gryglas, Langdon",Brown,6,14,567,0,0,3,1,0
stthomas:pachecojorge,"Pacheco, Jorge",St. Thomas,12,15,566,0,0,4,2,0
umasslowell:kailaysaihaj,"Kailay, Saihaj",UMass Lowell,16,14,565,0,0,1,0,0
chicagostate:talebikaeden,"Talebi, Kaeden",Chicago State,6,10,564,0,0,1,0,0
centralconnecticutstate:mohliibrian,"Mohl II, Brian",Central Connecticut State,12,7,564,0,0,3,2,0
westernillinois:jacusaugust,"Jacus, August",Western Illinois,16,16,563,0,0,5,3,0
easternillinois:osilajapatrick,"Osilaja, Patrick",Eastern Illinois,2,12,563,0,0,0,0,0
stonehillcollege:kampejack,"Kampe, Jack",Stonehill College,33,16,562,0,0,15,4,0
universityofevansville:hawkinsmatt,"Hawkins, Matt",University of Evansville,6,15,561,0,0,1,1,0
princeton:sadjakfrederik,"Sadjak, Frederik",Princeton,26,16,560,0,0,2,2,0
ualbany:krivokapicandrej,"Krivokapic, Andrej",UAlbany,13,7,560,0,0,0,0,5
chicagostate:herreravictor,"Herrera, Victor",Chicago State,7,10,559,0,0,2,1,0
virginia:sloanparker,"Sloan, Parker",Virginia,5,13,556,0,0,0,0,0
lipscomb:lombarditony,"Lombardi, Tony",Lipscomb,26,13,556,0,0,3,2,0
newhaven:salinasmathew,"Salinas, Mathew",New Haven,18,10,556,0,0,0,0,0
bostonuniversity:lauryan,"Lau, Ryan",Boston University,2,15,555,0,0,3,2,0
yale:millernick,"Miller, Nick",Yale,4,13,553,0,0,0,0,0
fiu:dominguesjoao,"Domingues, Joao",FIU,18,7,552,0,0,7,4,0
navy:hongyul,"Hong, Yul",Navy,28,11,552,0,0,6,0,0
xavier:bernaldelagarzafabrizio,"Bernal de la Garza, Fabrizio",Xavier,9,15,551,0,0,17,6,0
memphis:banhamcarson,"Banham, Carson",Memphis,17,15,550,0,0,8,2,0
marshall:rosedan,"Rose, Dan",Marshall,1,19,549,0,0,0,0,9
creighton:moralesedward,"Morales, Edward",Creighton,22,16,548,0,0,9,5,0
binghamton:balkeyalex,"Balkey, Alex",Binghamton,12,7,547,0,0,6,0,0
newhampshire:moriconisantino,"Moriconi, Santino",New Hampshire,20,17,545,0,0,11,4,0
loyolachicago:abdullahameer,"Abdullah, Ameer",Loyola Chicago,5,8,543,0,0,3,1,0
ucsandiego:fujitamasa,"Fujita, Masa",UC San Diego,18,15,542,0,0,11,6,0
binghamton:rootjack,"Root, Jack",Binghamton,1,7,540,0,0,0,0,0
smu:russellsoren,"Russell, Soren",SMU,18,8,540,0,0,0,0,0
liu:marottaandrew,"Marotta, Andrew",LIU,30,7,540,0,0,0,0,6
drexel:mooreowen,"Moore, Owen",Drexel,1,15,540,0,0,0,0,9
howard:wyzedalyireal,"Wyze-Daly, Ireal",Howard,1,7,540,0,0,0,0,9
canisius:haroldpreston,"Harold, Preston",Canisius,1,7,540,0,0,0,0,5
liu:boboceaalex,"Bobocea, Alex",LIU,0,8,540,0,0,0,0,6
bowlinggreen:balljason,"Ball, Jason",Bowling Green,30,10,540,0,0,0,0,0
columbiauniversity:obrienalexander,"O'Brien, Alexander",Columbia University,42,13,540,0,0,0,0,14
loyolachicago:crawfordaidan,"Crawford, Aidan",Loyola Chicago,0,7,540,0,0,0,0,0
delaware:elliottjrjojo,"Elliott Jr., JoJo",Delaware,33,7,540,0,0,0,0,24
calstatebakersfield:hartzenden,"Hart, Zenden",Cal State Bakersfield,1,6,540,0,0,0,0,9
calpoly:macknalu,"Mack, Nalu",Cal Poly,17,18,539,0,0,4,0,0
templeuniversity:haeufgloecknerrocco,"Haeufgloeckner, Rocco",Temple University,11,8,539,0,0,6,2,0
ucsandiego:sellersquinn,"Sellers, Quinn",UC San Diego,10,12,535,0,0,3,0,0
niagara:brooksthomas,"Brooks, Thomas",Niagara,17,10,534,0,0,6,3,0
kentucky:stavdaloliver,"Stavdal, Oliver",Kentucky,8,14,533,0,0,4,1,0
howard:harrisjustin,"Harris, Justin",Howard,13,11,533,0,0,1,1,0
washington:meierzack,"Meier, Zack",Washington,16,24,532,0,0,3,1,0
tulsa:nevesjoao,"Neves, Joao",Tulsa,11,18,531,0,0,4,0,0
centralconnecticutstate:vigilalejandro,"Vigil, Alejandro",Central Connecticut State,6,6,529,0,0,2,0,0
davidsoncollege:wilkensgarrett,"Wilkens, Garrett",Davidson College,5,19,525,0,0,2,1,0
holycross:raphaelgabe,"Raphael, Gabe",Holy Cross,22,14,525,0,0,4,0,0
lasalle:esquivelmezaalbertototo,"Esquivel Meza, Alberto ""Toto""",La Salle,8,12,525,0,0,6,4,0
binghamton:yatesluke,"Yates, Luke",Binghamton,4,7,523,0,0,4,2,0
campbell:garzaemilio,"Garza, Emilio",Campbell,15,15,523,0,0,7,2,0
duquesne:hardyblaize,"Hardy, Blaize",Duquesne,3,7,523,0,0,0,0,0
michigan:otoolepatrick,"O'Toole, Patrick",Michigan,2,19,523,0,0,2,0,0
chicagostate:rodriguezmoralesjohan,"Rodriguez Morales, Johan",Chicago State,1,6,521,0,0,0,0,19
californiabaptist:quispeljan,"Quispel, Jan",California Baptist,6,14,520,0,0,6,2,0
lindenwood:perestrelohenrique,"Perestrelo, Henrique",Lindenwood,13,11,520,0,0,6,3,0
sandiegostate:schatzwhit,"Schatz, Whit",San Diego State,13,15,519,0,0,3,1,0
calstatebakersfield:cucchiaradorian,"Cucchiara, Dorian",Cal State Bakersfield,8,6,519,0,0,4,1,0
bradley:beaumanansahethan,"Beauman-Ansah, Ethan",Bradley,4,8,518,0,0,1,0,0
mercyhurst:chungalex,"Chung, Alex",Mercyhurst,5,15,517,0,0,5,2,0
winthrop:wilsonthomas,"Wilson, Thomas",Winthrop,18,16,516,0,0,5,0,0
charleston:crockfordcharlie,"Crockford, Charlie",Charleston,12,14,516,0,0,3,1,0
missouristate:kliewerjonathan,"Kliewer, Jonathan",Missouri State,31,14,515,0,0,0,0,7
bradley:poncejaime,"Ponce, Jaime",Bradley,14,8,514,0,0,0,0,0
winthrop:vidalayden,"Vidal, Ayden",Winthrop,5,11,514,0,0,0,0,0
columbiauniversity:falcocarmine,"Falco, Carmine",Columbia University,2,15,514,0,0,8,1,0
jamesmadison:fuentesluis,"Fuentes, Luis",James Madison,18,16,513,0,0,3,1,0
omaha:uekikaito,"Ueki, Kaito",Omaha,24,12,512,0,0,9,1,0
siue:karolczakjake,"Karolczak, Jake",SIUE,22,14,512,0,0,7,2,0
mercyhurst:rimmerjared,"Rimmer, Jared",Mercyhurst,21,9,511,0,0,2,0,0
presbyterian:beckertjonathan,"Beckert, Jonathan",Presbyterian,10,13,510,0,0,2,0,0
easternillinois:yamagatasaneyuki,"Yamagata, Saneyuki",Eastern Illinois,18,17,507,0,0,7,2,0
bradley:abdullaiardit,"Abdullai, Ardit",Bradley,17,9,505,0,0,3,1,0
bryant:boadiaugustine,"Boadi, Augustine",Bryant,11,19,505,0,0,9,5,0
ncstate:condeibrahim,"Conde, Ibrahim",NC State,9,23,504,0,0,19,9,0
portland:trujillowylie,"Trujillo, Wylie",Portland,2,6,504,0,0,3,0,0
longwood:ouendenoyoussou,"Ouendeno, Youssou",Longwood,0,8,504,0,0,0,0,7
jacksonville:aanensenkarlsennicolas,"Aanensen Karlsen, Nicolas",Jacksonville,7,12,503,0,0,7,1,0
iona:romanjaime,"Roman, Jaime",Iona,24,6,503,0,0,2,1,0
bowlinggreen:peacockgus,"Peacock, Gus",Bowling Green,2,10,501,0,0,2,0,0
charleston:barrettjames,"Barrett, James",Charleston,2,14,500,0,0,1,0,0
stjohns:tomlinsonkaief,"Tomlinson, Kaief",St. John's,26,19,499,0,0,10,3,0
tulsa:achermannstanfieldluc,"Achermann-Stanfield, Luc",Tulsa,5,17,499,0,0,8,2,0
universityofsouthernindiana:grahamian,"Graham, Ian",University of Southern Indiana,2,9,498,0,0,1,0,0
ucsantabarbara:salariocean,"Salari, Ocean",UC Santa Barbara,22,18,497,0,0,11,5,0
csun:diopseydou,"Diop, Seydou",CSUN,23,11,497,0,0,12,0,0
southcarolina:goldsworthyandrew,"Goldsworthy, Andrew",South Carolina,2,6,495,0,0,3,1,0
ualbany:wattlucas,"Watt, Lucas",UAlbany,4,7,495,0,0,1,0,0
csun:agurciaaxel,"Agurcia, Axel",CSUN,5,13,494,0,0,8,2,0
loyolamarymount:palgawawa,"Palga, Wawa",Loyola Marymount,20,8,494,0,0,0,0,0
ohiostate:oloruntojustis,"Olorunto, Justis",Ohio State,30,16,493,0,0,8,2,0
georgemason:sanchezjavi,"Sanchez, Javi",George Mason,4,10,493,0,0,0,0,0
quinnipiac:pintojoo,"Pinto, João",Quinnipiac,2,8,493,0,0,5,0,0
sacramentostate:battistessaevan,"Battistessa, Evan",Sacramento State,2,11,493,0,0,3,1,0
universityofsouthernindiana:mcconnellsam,"McConnell, Sam",University of Southern Indiana,33,7,492,0,0,0,0,0
tulsa:mcintoshian,"McIntosh, Ian",Tulsa,27,18,491,0,0,2,0,0
calstatebakersfield:jimeneznathan,"Jimenez, Nathan",Cal State Bakersfield,28,6,490,0,0,9,1,0
binghamton:egangaven,"Egan, Gaven",Binghamton,21,7,489,0,0,2,0,0
duquesne:sanghadaman,"Sangha, Daman",Duquesne,24,12,488,0,0,1,1,0
santaclara:garrettquinn,"Garrett, Quinn",Santa Clara,5,6,487,0,0,1,0,0
westernillinois:adradosfernando,"Adrados, Fernando",Western Illinois,5,7,485,0,0,2,0,0
grandcanyon:harringtonliam,"Harrington, Liam",Grand Canyon,26,12,484,0,0,4,2,0
loyolachicago:siemionkodavid,"Siemionko, David",Loyola Chicago,26,10,484,0,0,2,0,0
american:obriencolin,"O'Brien, Colin",American,9,13,482,0,0,7,4,0
dartmouthcollege:kashambuzinick,"Kashambuzi, Nick",Dartmouth College,4,13,482,0,0,0,0,0
detroitmercy:stocktonvincent,"Stockton, Vincent",Detroit Mercy,2,13,481,0,0,3,2,0
fau:pipologuilherme,"Pipolo, Guilherme",FAU,1,17,480,0,0,0,0,7
georgiastate:marquesgustavo,"Marques, Gustavo",Georgia State,9,14,480,0,0,8,3,0
northernkentucky:merccarlos,"Mercé, Carlos",Northern Kentucky,9,7,478,0,0,12,4,0
dartmouthcollege:braynecameron,"Brayne, Cameron",Dartmouth College,21,12,478,0,0,2,1,0
saintmarys:hoeltingluke,"Hoelting, Luke",Saint Mary's,19,15,477,0,0,10,4,0
northernkentucky:hoenderkampdiego,"Hoenderkamp, Diego",Northern Kentucky,18,14,477,0,0,5,1,0
utahtech:shortstockton,"Short, Stockton",Utah Tech,12,7,476,0,0,0,0,0
westernillinois:palisakmaksim,"Palisak, Maksim",Western Illinois,28,18,475,0,0,7,3,0
fau:cancarjozo,"Cancar, Jozo",FAU,30,19,474,0,0,1,0,0
csubakersfield:velasquezjoey,"Velasquez, Joey",CSU Bakersfield,7,8,474,0,0,3,2,0
quinnipiac:balderramaemilio,"Balderrama, Emilio",Quinnipiac,26,12,472,0,0,0,0,5
chicagostate:odhiambohilary,"Odhiambo, Hilary",Chicago State,17,9,472,0,0,10,6,0
saintfrancis:quirogajulian,"Quiroga, Julian",Saint Francis,14,7,471,0,0,2,0,0
marquette:iriartematt,"Iriarte, Matt",Marquette,14,7,471,0,0,5,1,0
loyolauniversitymaryland:oladinnikayin,"Oladinni, Kayin",Loyola University Maryland,34,6,469,0,0,2,0,0
universityofsouthernindiana:weidnerisaac,"Weidner, Isaac",University of Southern Indiana,15,9,468,0,0,6,2,0
army:boozercurtis,"Boozer, Curtis",Army,24,19,468,0,0,2,0,0
uncgreensboro:salterben,"Salter, Ben",UNC Greensboro,16,17,466,0,0,0,0,0
pacific:risenhoovermilo,"Risenhoover, Milo",Pacific,29,7,466,0,0,0,0,0
fau:jesusdavid,"Jesus, David",FAU,29,19,465,0,0,9,1,0
monmouth:tanseybrendan,"Tansey, Brendan",Monmouth,21,13,465,0,0,5,1,0
stonybrook:sandyrushon,"Sandy, Rushon",Stony Brook,1,8,465,0,0,0,0,0
marquette:wandschneiderjack,"Wandschneider, Jack",Marquette,18,15,463,0,0,3,1,0
dartmouthcollege:manonsebastian,"Manon, Sebastian",Dartmouth College,18,7,462,0,0,3,2,0
milwaukee:denzpaul,"Denz, Paul",Milwaukee,17,13,461,0,0,2,0,0
houstonchristian:rodriguezsebastian,"Rodriguez, Sebastian",Houston Christian,5,12,461,0,0,2,0,0
longwood:ulianilucas,"Uliani, Lucas",Longwood,15,11,461,0,0,0,0,0
california:broughermarco,"Brougher, Marco",California,1,18,460,0,0,0,0,18
memphis:hollidaymichael,"Holliday, Michael",Memphis,12,15,459,0,0,2,0,0
stonybrook:fahrelars,"Fahre, Lars",Stony Brook,27,10,458,0,0,3,1,0
lemoynecollege:priestmanjakob,"Priestman, Jakob",Le Moyne College,22,12,458,0,0,2,2,0
ucf:ariastimothy,"Arias, Timothy",UCF,16,15,457,0,0,1,0,0
penn:frickaiden,"Frick, Aiden",Penn,29,13,456,0,0,7,2,0
etsu:wortonshewit,"Worton, Shewit",ETSU,25,12,455,0,0,7,2,0
chicagostate:radulskimason,"Radulski, Mason",Chicago State,25,8,455,0,0,4,1,0
ucriverside:yohannesermias,"Yohannes, Ermias",UC Riverside,36,15,454,0,0,3,1,0
binghamton:meglioladt,"Megliola, D.T.",Binghamton,25,7,453,0,0,3,1,0
templeuniversity:medillgeorge,"Medill, George",Temple University,24,16,453,0,0,4,0,0
templeuniversity:haeufglocknerrocco,"Haeufglockner, Rocco",Temple University,11,7,452,0,0,6,2,0
stanford:doyleliam,"Doyle, Liam",Stanford,14,18,451,0,0,21,9,0
rutgers:angelonethomas,"Angelone, Thomas",Rutgers,13,17,451,0,0,12,1,0
westernmichigan:adamstimi,"Adams, Timi",Western Michigan,1,11,451,0,0,0,0,1
sandiego:salamaadam,"Salama, Adam",San Diego,1,6,450,0,0,0,0,6
depaul:brooksclayton,"Brooks, Clayton",DePaul,18,16,450,0,0,0,0,9
saintfrancis:garciarenadiego,"Garciarena, Diego",Saint Francis,33,7,450,0,0,0,0,6
wisconsin:hbertmatisse,"Hébert, Matisse",Wisconsin,1,6,450,0,0,0,0,14
newhampshire:fuentealbaclaudio,"Fuentealba, Claudio",New Hampshire,0,16,450,0,0,0,0,20
monmouth:moosbruggerotto,"Moosbrugger, Otto",Monmouth,12,9,450,0,0,0,0,5
jax:sekaninachristian,"Sekanina, Christian",JAX,1,5,450,0,0,0,0,0
umass:lindendean,"Linden, Dean",UMass,0,11,450,0,0,0,0,24
omaha:stewartcole,"Stewart, Cole",Omaha,31,10,450,0,0,0,0,9
uab:ranierifrancisco,"Ranieri, Francisco",UAB,30,13,450,0,0,0,0,20
rideruniversity:arikhayoav,"Arikha, Yoav",Rider University,42,5,450,0,0,0,0,4
greenbay:oesterbaekphilip,"Oesterbaek, Philip",Green Bay,32,9,450,0,0,0,0,7
rhodeisland:mcneilcaleb,"McNeil, Caleb",Rhode Island,0,7,450,0,0,0,0,6
unlv:wallisben,"Wallis, Ben",UNLV,12,5,450,0,0,2,0,0
missouristate:jinkinsonhugo,"Jinkinson, Hugo",Missouri State,2,15,449,0,0,1,0,0
uscupstate:grassologan,"Grasso, Logan",USC Upstate,30,14,448,0,0,2,1,0
harvard:lobleydrew,"Lobley, Drew",Harvard,16,16,448,0,0,3,1,0
radford:nlamukarim,"Nlamu, Karim",Radford,4,16,447,0,0,9,2,0
bryant:bastosfilipe,"Bastos, Filipe",Bryant,17,14,446,0,0,0,0,0
delaware:phlepsenflorian,"Phlepsen, Florian",Delaware,19,16,446,0,0,1,0,0
santaclara:ozburnjackson,"Ozburn, Jackson",Santa Clara,99,5,446,0,0,0,0,9
airforce:gehringbraedon,"Gehring, Braedon",Air Force,21,13,446,0,0,4,3,0
chicagostate:cuevastapiabrayan,"Cuevas-Tapia, Brayan",Chicago State,4,5,445,0,0,1,1,0
navy:mcbridegavin,"McBride, Gavin",Navy,20,16,444,0,0,9,0,0
lemoynecollege:martinezdiego,"Martinez, Diego",Le Moyne College,5,11,442,0,0,4,2,0
detroitmercy:sandahlnoah,"Sandahl, Noah",Detroit Mercy,13,10,442,0,0,0,0,0
indiana:akoumvictor,"Akoum, Victor",Indiana,5,18,441,0,0,4,3,0
butler:albkyle,"Alb, Kyle",Butler,23,14,441,0,0,2,1,0
washington:bieberlevi,"Bieber, Levi",Washington,0,21,441,0,0,0,0,15
wofford:lewisgavin,"Lewis, Gavin",Wofford,20,11,440,0,0,0,0,0
westernillinois:velascogabriel,"Velasco, Gabriel",Western Illinois,18,10,440,0,0,3,0,0
northeastern:kenisonalec,"Kenison, Alec",Northeastern,7,12,439,0,0,3,1,0
sanfrancisco:rabyjameson,"Raby, Jameson",San Francisco,25,15,437,0,0,8,2,0
stthomas:veronagabriel,"Verona, Gabriel",St. Thomas,22,5,435,0,0,0,0,0
canisius:ellingsonmesafint,"Ellingson, Mesafint",Canisius,30,12,434,0,0,1,0,0
fgcu:dahllinus,"Dahl, Linus",FGCU,6,11,433,0,0,2,0,0
mountstmarys:gainesevan,"Gaines, Evan",Mount St. Mary's,2,12,431,0,0,1,0,0
wrightstate:edmondsonluis,"Edmondson, Luis",Wright State,5,13,429,0,0,2,0,0
mountstmarys:fanellianthony,"Fanelli, Anthony",Mount St. Mary's,3,6,429,0,0,0,0,0
fau:asikainenelias,"Asikainen, Elias",FAU,14,19,428,0,0,1,0,0
uncasheville:lingjoseph,"Ling, Joseph",UNC Asheville,16,9,428,0,0,2,0,0
gonzaga:mckennagreenawaltdamoni,"McKenna-Greenawalt, Damoni",Gonzaga,4,8,427,0,0,3,1,0
southflorida:hilpertfabian,"Hilpert, Fabian",South Florida,14,17,425,0,0,10,1,0
loyolamarymount:habovstakmathew,"Habovstak, Mathew",Loyola Marymount,16,7,425,0,0,0,0,0
quinnipiac:dipalmaflavio,"Di Palma, Flavio",Quinnipiac,16,13,423,0,0,1,0,0
california:clementssintayehu,"Clements, Sintayehu",California,2,18,422,0,0,3,0,0
louisville:flowersashton,"Flowers, Ashton",Louisville,20,17,422,0,0,3,2,0
queens:halldorssonsigurdurhakon,"Halldorsson, Sigurdur Hakon",Queens,27,10,422,0,0,12,4,0
radford:redjamnael,"Redjam, Nael",Radford,5,15,422,0,0,4,0,0
templeuniversity:olearyalex,"O'Leary, Alex",Temple University,27,16,418,0,0,1,0,0
greenbay:ariasjustin,"Arias, Justin",Green Bay,21,14,418,0,0,6,4,0
saintfrancis:planaslvaro,"Planas, Álvaro",Saint Francis,8,7,417,0,0,4,2,0
northernkentucky:kapicalen,"Kapic, Alen",Northern Kentucky,11,13,414,0,0,5,1,0
syracuse:christeyquentin,"Christey, Quentin",Syracuse,8,19,413,0,0,6,1,0
universityofsouthernindiana:descotojoaquin,"d'Escoto, Joaquin",University of Southern Indiana,4,8,411,0,0,1,1,0
vmi:joyaian,"Joya, Ian",VMI,26,11,411,0,0,0,0,0
saintjosephs:csapomason,"Csapo, Mason",Saint Joseph's,5,12,411,0,0,1,0,0
winthrop:kliebertpierson,"Kliebert, Pierson",Winthrop,19,12,410,0,0,2,1,0
westernillinois:schweringjack,"Schwering, Jack",Western Illinois,30,16,409,0,0,8,4,0
stbonaventure:davidsonxavier,"Davidson, Xavier",St. Bonaventure,5,8,409,0,0,2,0,0
lemoynecollege:koagelbryce,"Koagel, Bryce",Le Moyne College,8,9,407,0,0,3,0,0
northernillinois:vasicluka,"Vasic, Luka",Northern Illinois,4,7,407,0,0,2,1,0
delaware:kellycolin,"Kelly, Colin",Delaware,16,15,406,0,0,1,1,0
umass:brummergavin,"Brummer, Gavin",UMass,12,12,406,0,0,7,3,0
sanjosestate:duartefernando,"Duarte, Fernando",San Jose State,20,15,405,0,0,6,1,0
loyolauniversitymaryland:okeefeconnor,"O'Keefe, Connor",Loyola University Maryland,31,5,405,0,0,0,0,0
saintpeters:vaughanlex,"Vaughan, Lex",Saint Peter's,19,11,404,0,0,10,5,0
binghamton:gillonryan,"Gillon, Ryan",Binghamton,23,7,403,0,0,1,0,0
iona:divincenzoriccardo,"Di Vincenzo, Riccardo",Iona,22,9,403,0,0,1,0,0
uscupstate:cromedyjacob,"Cromedy, Jacob",USC Upstate,25,14,403,0,0,8,1,0
saintmarys:gibbsgaige,"Gibbs, Gaige",Saint Mary's,4,15,402,0,0,4,0,0
oralroberts:waeschhagen,"Waesch, Hagen",Oral Roberts,8,13,402,0,0,8,6,0
chicagostate:zhaoaaron,"Zhao, Aaron",Chicago State,22,10,402,0,0,1,0,0
marshall:ngoranadam,"N'Goran, Adam",Marshall,77,21,400,0,0,9,4,0
dartmouthcollege:mansebastin,"Mañón, Sebastián",Dartmouth College,18,7,398,0,0,1,0,0
lipscomb:constantraphael,"Constant, Raphael",Lipscomb,10,15,395,0,0,1,0,0
mercer:ellisoncolton,"Ellison, Colton",Mercer,12,17,394,0,0,2,0,0
universityofsouthernindiana:churcholiver,"Church, Oliver",University of Southern Indiana,30,10,393,0,0,4,2,0
drexel:wojtalikmateusz,"Wojtalik, Mateusz",Drexel,2,14,393,0,0,1,0,0
centralarkansas:sortojonathan,"Sorto, Jonathan",Central Arkansas,22,13,393,0,0,6,2,0
stetson:lenhardjacob,"Lenhard, Jacob",Stetson,20,13,392,0,0,2,0,0
sacramentostate:rattiganronan,"Rattigan, Ronan",Sacramento State,27,14,391,0,0,11,1,0
westernillinois:brunetguillaume,"Brunet, Guillaume",Western Illinois,19,8,391,0,0,2,1,0
holycross:hafnerschneealaistar,"Hafner Schnee, Alaistar",Holy Cross,25,8,391,0,0,0,0,11
centralconnecticutstate:levittbrio,"Levitt, Brio",Central Connecticut State,25,6,391,0,0,0,0,0
saintjosephs:mazzonimark,"Mazzoni, Mark",Saint Joseph's,12,13,390,0,0,1,0,0
uncasheville:lingjoe,"Ling, Joe",UNC Asheville,16,7,390,0,0,2,2,0
pacific:fernandezmartinezrodrigo,"Fernandez Martinez, Rodrigo",Pacific,5,10,389,0,0,0,0,0
robertmorris:thompsonvictor,"Thompson, Victor",Robert Morris,22,6,389,0,0,4,4,0
usi:englishjacob,"English, Jacob",USI,27,5,389,0,0,0,0,0
stthomas:olszewskicameron,"Olszewski, Cameron",St. Thomas,30,11,389,0,0,0,0,10
charlotte:mccarthydaire,"McCarthy, Daire",Charlotte,24,15,388,0,0,3,1,0
merrimackcollege:canaleschamizoignacio,"Canales Chamizo, Ignacio",Merrimack College,27,12,388,0,0,3,2,0
usi:mcconnellsam,"McConnell, Sam",USI,33,5,388,0,0,1,1,0
lipscomb:hyltoncaleb,"Hylton, Caleb",Lipscomb,4,14,387,0,0,1,1,0
csun:cupidohagan,"Cupido, Hagan",CSUN,20,13,386,0,0,3,1,0
memphis:escamillaignacio,"Escamilla, Ignacio",Memphis,28,15,385,0,0,2,0,0
lehigh:derousselthomas,"DeRoussel, Thomas",Lehigh,28,16,385,0,0,5,0,0
centralarkansas:wolfegarner,"Wolfe, Garner",Central Arkansas,30,12,385,0,0,3,1,0
loyolauniversitymaryland:hallsoscar,"Halls, Oscar",Loyola University Maryland,5,5,385,0,0,0,0,0
mountstmarys:chhetridanny,"Chhetri, Danny",Mount St. Mary's,19,14,384,0,0,5,3,0
utahtech:dinkelelijah,"Dinkel, Elijah",Utah Tech,19,11,384,0,0,3,2,0
wakeforest:berkleycopeland,"Berkley, Copeland",Wake Forest,27,16,383,0,0,0,0,0
ucla:ratoviztamir,"Ratoviz, Tamir",UCLA,8,14,382,0,0,8,1,0
georgewashington:fallbabacar,"Fall, Babacar",George Washington,22,15,382,0,0,8,3,0
airforce:seghipaxton,"Seghi, Paxton",Air Force,26,16,381,0,0,1,0,0
santaclara:efratitamar,"Efrat, Itamar",Santa Clara,7,5,380,0,0,0,0,0
calstatefullerton:mestremati,"Mestre, Mati",Cal State Fullerton,18,12,380,0,0,1,0,0
manhattan:tarrasantiago,"Tarra, Santiago",Manhattan,23,9,379,0,0,5,3,0
uncwilmington:hornadaalex,"Hornada, Alex",UNC Wilmington,8,12,379,0,0,5,3,0
tulsa:chukwujoses,"Chukwu, Joses",Tulsa,18,17,378,0,0,6,2,0
fdu:yamamotohodgesyugo,"Yamamoto-Hodges, Yugo",FDU,21,13,377,0,0,5,1,0
newhaven:salinasmatthew,"Salinas, Matthew",New Haven,18,5,376,0,0,3,1,0
pennstate:egermatthew,"Eger, Matthew",Penn State,15,15,375,0,0,1,0,0
mercyhurst:alerethan,"Aler, Ethan",Mercyhurst,2,7,375,0,0,1,0,0
stonehillcollege:likhitecade,"Likhite, Cade",Stonehill College,0,5,374,0,0,0,0,0
binghamton:randazzoanthony,"Randazzo, Anthony",Binghamton,14,6,373,0,0,12,0,0
csun:johnsonmiles,"Johnson, Miles",CSUN,26,11,373,0,0,4,1,0
sacramentostate:castrencezach,"Castrence, Zach",Sacramento State,3,12,372,0,0,0,0,0
fgcu:heronryan,"Heron, Ryan",FGCU,23,14,372,0,0,3,1,0
wrightstate:etiennecourtoissacha,"Etienne-Courtois, Sacha",Wright State,21,9,372,0,0,2,1,0
airforce:ramarajuabhinav,"Ramaraju, Abhinav",Air Force,25,14,372,0,0,1,0,0
detroitmercy:tewsquinn,"Tews, Quinn",Detroit Mercy,1,7,372,0,0,0,0,0
fdu:ramirezjulian,"Ramirez, Julian",FDU,29,9,371,0,0,2,1,0
stonehillcollege:oneillterence,"O'Neill, Terence",Stonehill College,6,12,370,0,0,0,0,0
dayton:acheampongkingsford,"Acheampong, Kingsford",Dayton,4,9,369,0,0,5,0,0
california:motagiancarlo,"Mota, Giancarlo",California,3,18,368,0,0,0,0,0
coastalcarolina:polierogiovanni,"Poliero, Giovanni",Coastal Carolina,6,14,367,0,0,0,0,0
holycross:donovanryan,"Donovan, Ryan",Holy Cross,8,13,366,0,0,8,3,0
fgcu:escobarjose,"Escobar, Jose",FGCU,21,10,366,0,0,2,0,0
williammary:cartwrightlandon,"Cartwright, Landon",William & Mary,6,9,366,0,0,0,0,0
csun:revelesarturo,"Reveles, Arturo",CSUN,10,8,365,0,0,2,1,0
davidsoncollege:linzoainpablo,"Linzoain, Pablo",Davidson College,22,19,365,0,0,7,1,0
loyolauniversitymaryland:chenluca,"Chen, Luca",Loyola University Maryland,18,6,365,0,0,2,0,0
ucdavis:ngonethongian,"Ngonethong, Ian",UC Davis,10,11,364,0,0,5,1,0
uic:huitronpreston,"Huitron, Preston",UIC,11,13,364,0,0,18,5,0
bradley:madrigalemilio,"Madrigal, Emilio",Bradley,12,8,363,0,0,3,1,0
mercyhurst:hanamotojo,"Hanamoto, Jo",Mercyhurst,18,12,363,0,0,2,0,0
binghamton:onwumererio,"Onwumere, Rio",Binghamton,3,6,362,0,0,0,0,0
oralroberts:spulercolin,"Spuler, Colin",Oral Roberts,14,15,362,0,0,5,0,0
michigan:noblesnick,"Nobles, Nick",Michigan,24,18,362,0,0,5,3,0
dartmouthcollege:samsnoah,"Sams, Noah",Dartmouth College,14,14,362,0,0,0,0,0
xavier:kuffelgabriel,"Kuffel, Gabriel",Xavier,31,14,360,0,0,0,0,14
coastalcarolina:laiblealec,"Laible, Alec",Coastal Carolina,30,14,360,0,0,0,0,16
lipscomb:kumpnoah,"Kump, Noah",Lipscomb,22,11,360,0,0,0,0,20
rhodeisland:schmidtlenno,"Schmidt, Lenno",Rhode Island,1,6,360,0,0,0,0,4
lasalle:kneisvalentin,"Kneis, Valentin",La Salle,32,4,360,0,0,0,0,20
unlv:hanussanti,"Hanus, Santi",UNLV,4,6,360,0,0,1,0,0
jacksonville:havigsimen,"Havig, Simen",Jacksonville,28,4,360,0,0,0,0,17
utahvalley:lvendalsebastian,"Løvendal, Sebastian",Utah Valley,18,4,360,0,0,0,0,0
stonehillcollege:tenczakyle,"Tencza, Kyle",Stonehill College,00,4,360,0,0,0,0,0
fgcu:zavatinidylan,"Zavatini, Dylan",FGCU,14,8,359,0,0,2,2,0
highpoint:daaouzakaria,"Daaou, Zakaria",High Point,2,13,359,0,0,1,0,0
bostoncollege:martinsenwoldsander,"Martinsen-Wold, Sander",Boston College,10,17,358,0,0,8,2,0
georgiasouthern:pamaaj,"Pama, AJ",Georgia Southern,4,18,358,0,0,1,0,0
setonhall:pascarellaralph,"Pascarella, Ralph",Seton Hall,23,19,357,0,0,0,0,0
houstonchristian:pembertonrio,"Pemberton, Rio",Houston Christian,11,13,357,0,0,8,2,0
vermont:barlownash,"Barlow, Nash",Vermont,12,17,356,0,0,5,0,0
dartmouthcollege:jeffreystj,"Jeffreys, TJ",Dartmouth College,0,13,356,0,0,0,0,8
calstatebakersfield:geishauserluka,"Geishauser, Luka",Cal State Bakersfield,6,6,356,0,0,1,1,0
lafayette:fujimorimax,"Fujimori, Max",Lafayette,17,16,355,0,0,3,0,0
marquette:hamlerclayton,"Hamler, Clayton",Marquette,22,15,355,0,0,0,0,0
xavier:snaergudbjornssonaron,"Snaer Gudbjornsson, Aron",Xavier,4,15,355,0,0,3,1,0
jamesmadison:tilahunhenok,"Tilahun, Henok",James Madison,24,15,354,0,0,0,0,0
greenbay:pituchaleks,"Pituch, Aleks",Green Bay,19,15,353,0,0,7,3,0
fgcu:leitenicolas,"Leite, Nicolas",FGCU,1,5,353,0,0,0,0,7
radford:habibelahykevin,"Habibelahy, Kevin",Radford,8,15,352,0,0,2,0,0
radford:conwaydevin,"Conway, Devin",Radford,11,15,352,0,0,7,3,0
marshall:manekemax,"Maneke, Max",Marshall,47,21,352,0,0,0,0,0
njit:daoudkhaled,"Daoud, Khaled",NJIT,22,10,352,0,0,7,1,0
centralconnecticutstate:bravadogavin,"Bravado, Gavin",Central Connecticut State,22,7,352,0,0,5,4,0
queens:brownanthony,"Brown, Anthony",Queens,16,4,351,0,0,2,0,0
uncwilmington:radkekieran,"Radke, Kieran",UNC Wilmington,16,12,350,0,0,3,0,0
notredame:zimmermannnate,"Zimmermann, Nate",Notre Dame,7,17,349,0,0,8,2,0
csubakersfield:wangusijesse,"Wangusi, Jesse",CSU Bakersfield,10,8,349,0,0,6,3,0
kentucky:pollardkaden,"Pollard, Kaden",Kentucky,19,12,348,0,0,2,2,0
incarnateword:chigedetatenda,"Chigede, Tatenda",Incarnate Word,5,10,348,0,0,2,0,0
rhodeisland:forsterlou,"Forster, Lou",Rhode Island,13,15,347,0,0,1,1,0
lu:lennonmikey,"Lennon, Mikey",LU,5,4,347,0,0,0,0,0
calstatebakersfield:velasquezjoey,"Velasquez, Joey",Cal State Bakersfield,7,6,347,0,0,9,3,0
stetson:bullarddesmond,"Bullard, Desmond",Stetson,35,11,346,0,0,1,0,0
southflorida:hervouinlouis,"Hervouin, Louis",South Florida,17,17,346,0,0,3,0,0
westernmichigan:wilcoxronan,"Wilcox, Ronan",Western Michigan,20,17,344,0,0,1,1,0
robertmorris:nicolemeric,"Nicol, Emeric",Robert Morris,26,10,344,0,0,10,2,0
ucsandiego:allegaertgavin,"Allegaert, Gavin",UC San Diego,16,14,344,0,0,8,2,0
universityofsouthernindiana:naessenszachary,"Naessens, Zachary",University of Southern Indiana,13,7,343,0,0,1,0,0
lemoynecollege:morellinoah,"Morelli, Noah",Le Moyne College,28,14,343,0,0,4,1,0
detroitmercy:powespencer,"Powe, Spencer",Detroit Mercy,23,13,342,0,0,1,0,0
hofstra:bohansean,"Bohan, Sean",Hofstra,1,7,342,0,0,0,0,5
oakland:rokahtal,"Rokah, Tal",Oakland,20,11,342,0,0,2,0,0
calpoly:rhodeskeagan,"Rhodes, Keagan",Cal Poly,29,18,341,0,0,1,1,0
newhaven:lemosfilipe,"Lemos, Filipe",New Haven,8,7,340,0,0,3,2,0
northcarolina:fishermax,"Fisher, Max",North Carolina,15,18,339,0,0,8,2,0
ucdavis:powellcole,"Powell, Cole",UC Davis,16,14,338,0,0,0,0,0
fiu:mcgregorwickhamdamian,"McGregor-Wickham, Damian",FIU,22,12,338,0,0,1,0,0
sandiegostate:millerbeckett,"Miller, Beckett",San Diego State,23,9,337,0,0,3,1,0
quinnipiac:hernandezjuan,"Hernandez, Juan",Quinnipiac,15,13,337,0,0,1,1,0
saintfrancis:elmoreharry,"Elmore, Harry",Saint Francis,12,6,337,0,0,5,2,0
lemoynecollege:biasicole,"Biasi, Cole",Le Moyne College,13,11,335,0,0,2,1,0
chicagostate:cenicerosjoshua,"Ceniceros, Joshua",Chicago State,5,6,334,0,0,2,1,0
jax:decortesacha,"De Corte, Sacha",JAX,5,5,333,0,0,1,0,0
fiu:bradydominic,"Brady, Dominic",FIU,14,13,332,0,0,5,1,0
princeton:duchovnygabriel,"Duchovny, Gabriel",Princeton,8,16,331,0,0,1,1,0
fairfield:tullochdaunte,"Tulloch, Daunte",Fairfield,6,9,331,0,0,4,1,0
virginia:akwaboahjed,"Akwaboah, Jed",Virginia,20,13,330,0,0,3,0,0
lasalle:osobaoluwatobi,"Osoba, Oluwatobi",La Salle,2,4,330,0,0,2,1,0
gardnerwebb:porterfieldnate,"Porterfield, Nate",Gardner-Webb,14,17,329,0,0,0,0,0
csubakersfield:mileycurtis,"Miley, Curtis",CSU Bakersfield,19,7,329,0,0,0,0,0
westernillinois:harrisbruce,"Harris, Bruce",Western Illinois,22,14,328,0,0,2,0,0
loyolamaryland:hallsoscar,"Halls, Oscar",Loyola Maryland,5,4,328,0,0,0,0,0
easternillinois:lararafael,"Lara, Rafael",Eastern Illinois,27,14,327,0,0,11,6,0
virginiatech:kriegharrison,"Krieg, Harrison",Virginia Tech,12,15,326,0,0,2,0,0
ucriverside:morenojason,"Moreno, Jason",UC Riverside,34,16,326,0,0,5,3,0
umbc:nistadjonas,"Nistad, Jonas",UMBC,13,10,326,0,0,5,1,0
siue:bartonidom,"Bartoni, Dom",SIUE,27,11,325,0,0,10,2,0
westvirginia:londonozapatatyler,"Londono Zapata, Tyler",West Virginia,14,16,323,0,0,2,1,0
detroitmercy:floydlincoln,"Floyd, Lincoln",Detroit Mercy,24,12,323,0,0,3,2,0
mercyhurst:contijacob,"Conti, Jacob",Mercyhurst,0,5,323,0,0,0,0,6
elon:whartonalex,"Wharton, Alex",Elon,27,17,320,0,0,6,0,0
ucsandiego:namdarryan,"Namdar, Ryan",UC San Diego,9,16,319,0,0,13,5,0
loyolamarymount:morenogreyson,"Moreno, Greyson",Loyola Marymount,25,6,319,0,0,4,0,0
fgcu:bastantepejenautemario,"Bastante Pejenaute, Mario",FGCU,2,5,319,0,0,4,1,0
loyolamaryland:nicholsrichie,"Nichols, Richie",Loyola Maryland,6,4,319,0,0,7,4,0
binghamton:almozninosaar,"Almoznino, Saar",Binghamton,5,7,317,0,0,2,0,0
loyolauniversitymaryland:tuckertyler,"Tucker, Tyler",Loyola University Maryland,2,6,317,0,0,0,0,0
kentucky:renmangustav,"Renman, Gustav",Kentucky,12,12,316,0,0,4,3,0
marshall:amarobraian,"Amaro, Braian",Marshall,43,20,316,0,0,1,1,0
ucriverside:sagredogiancarlo,"Sagredo, Giancarlo",UC Riverside,0,12,315,0,0,0,0,0
drexel:shannoniiijohn,"Shannon, III, John",Drexel,19,4,315,0,0,8,5,0
uconn:prezxavier,"Pérez, Xavier",UConn,15,17,315,0,0,2,0,0
camels:levitonmax,"Leviton, Max",Camels,37,4,315,0,0,0,0,0
chicagostate:rodriguezjohan,"Rodriguez , Johan",Chicago State,1,4,315,0,0,0,0,0
incarnateword:ordonezdaniel,"Ordonez, Daniel",Incarnate Word,8,10,314,0,0,4,2,0
memphis:antcliffaidan,"Antcliff, Aidan",Memphis,18,14,312,0,0,1,1,0
niagara:kildeedoolanpaddy,"Kildee-Doolan, Paddy",Niagara,2,11,312,0,0,6,1,0
notredame:hildenbrady,"Hilden, Brady",Notre Dame,20,15,311,0,0,4,0,0
oakland:matuzaktyler,"Matuzak, Tyler",Oakland,16,13,311,0,0,1,0,0
ucf:michaelisarne,"Michaelis, Arne",UCF,23,13,310,0,0,1,0,0
michiganstate:smidjared,"Smid, Jared",Michigan State,3,16,310,0,0,2,0,0
loyola:stephensonjahvar,"Stephenson, Jahvar",Loyola,15,4,310,0,0,4,0,0
templeuniversity:dandridgeharrison,"Dandridge, Harrison",Temple University,29,16,309,0,0,2,1,0
mercer:awetimi,"Awe, Timi",Mercer,25,15,308,0,0,0,0,0
centralconnecticutstate:lilleholtklevbergjaran,"Lilleholt Klevberg, Jaran",Central Connecticut State,21,5,308,0,0,3,1,0
canisius:villacortaosortokevin,"Villacorta-Osorto, Kevin",Canisius,5,4,308,0,0,2,0,0
saintpeters:muurrobin,"Muur, Robin",Saint Peter's,12,14,307,0,0,5,3,0
csubakersfield:albertiulisse,"Alberti, Ulisse",CSU Bakersfield,4,6,307,0,0,0,0,0
winthrop:armijoryan,"Armijo, Ryan",Winthrop,23,9,306,0,0,5,0,0
calpoly:schaeferluke,"Schaefer, Luke",Cal Poly,23,15,305,0,0,4,0,0
villanova:tolsoncam,"Tolson, Cam",Villanova,21,9,304,0,0,5,2,0
penn:kellywill,"Kelly, Will",Penn,35,13,304,0,0,2,1,0
fordham:foleyryan,"Foley, Ryan",Fordham,0,4,301,0,0,0,0,2
army:leejacob,"Lee, Jacob",Army,14,17,301,0,0,4,0,0
greenbay:nishikawaso,"Nishikawa, So",Green Bay,13,8,301,0,0,3,2,0
incarnateword:rieraandres,"Riera, Andres",Incarnate Word,17,8,300,0,0,3,3,0
airforce:corbettdonovan,"Corbett, Donovan",Air Force,16,14,300,0,0,0,0,0
ucdavis:teclesaul,"Tecle, Saul",UC Davis,8,10,299,0,0,8,1,0
portland:hjalmarssonanton,"Hjalmarsson, Anton",Portland,11,5,299,0,0,8,5,0
georgewashington:altamiranopat,"Altamirano, Pat",George Washington,28,15,298,0,0,3,1,0
usi:kirchhoferwill,"Kirchhofer, Will",USI,21,4,298,0,0,1,0,0
fairfield:nikolovviktor,"Nikolov, Viktor",Fairfield,1,6,298,0,0,0,0,0
uncasheville:montininathan,"Montini, Nathan",UNC Asheville,17,13,297,0,0,0,0,0
stthomas:kerrsidney,"Kerr, Sidney",St. Thomas,16,11,297,0,0,0,0,0
newhaven:rosendavid,"Rosen, David",New Haven,2,9,296,0,0,0,0,0
wofford:jacksoneli,"Jackson, Eli",Wofford,31,10,295,0,0,1,1,0
fairfield:prescottethan,"Prescott, Ethan",Fairfield,21,16,295,0,0,5,1,0
calstatebakersfield:knightonjustin,"Knighton, Justin",Cal State Bakersfield,12,6,295,0,0,3,1,0
sanjosestate:moodietiko,"Moodie, Tiko",San Jose State,31,12,294,0,0,0,0,0
iuindy:finnegandeclan,"Finnegan, Declan",IU Indy,35,5,294,0,0,0,0,0
ualbany:vallancecaleb,"Vallance, Caleb",UAlbany,8,7,294,0,0,4,0,0
loyolauniversitymaryland:andrewsryan,"Andrews, Ryan",Loyola University Maryland,24,5,294,0,0,7,2,0
easternillinois:freiredaniel,"Freire, Daniel",Eastern Illinois,20,7,294,0,0,1,1,0
njit:campoliandrea,"Campoli, Andrea",NJIT,5,5,293,0,0,0,0,0
unlv:ssempijjaangello,"Ssempijja, Angello",UNLV,25,6,293,0,0,1,1,0
fgcu:barsoeelucas,"Barsoee, Lucas",FGCU,16,5,293,0,0,0,0,0
quinnipiac:cardonanickolas,"Cardona, Nickolas",Quinnipiac,32,9,292,0,0,0,0,11
csubakersfield:bernauerjacob,"Bernauer, Jacob",CSU Bakersfield,14,8,292,0,0,2,2,0
michigan:martenszach,"Martens, Zach",Michigan,18,18,292,0,0,3,0,0
manhattan:arrudafelipe,"Arruda, Felipe",Manhattan,11,12,291,0,0,2,1,0
uncwilmington:leeryan,"Lee, Ryan",UNC Wilmington,13,11,291,0,0,12,5,0
sacredheart:radshahan,"Rad, Shahan",Sacred Heart,16,14,291,0,0,1,1,0
oralroberts:botiebenezer,"Boti, Ebenezer",Oral Roberts,13,16,291,0,0,0,0,0
monmouth:decapuakevin,"DeCapua, Kevin",Monmouth,20,9,291,0,0,6,2,0
southcarolina:malarteyvan,"Malarte, Yvan",South Carolina,20,6,291,0,0,0,0,0
quinnipiac:limtaehyeon,"Lim, Taehyeon",Quinnipiac,10,13,290,0,0,6,1,0
umasslowell:fengli,"Feng, Li",UMass Lowell,66,15,290,0,0,1,0,0
howard:spallingerjude,"Spallinger, Jude",Howard,22,11,290,0,0,4,2,0
newhaven:orosthomas,"Oros, Thomas",New Haven,13,11,290,0,0,3,0,0
liu:cerratojoe,"Cerrato, Joe",LIU,3,6,290,0,0,0,0,0
georgiastate:blantondavid,"Blanton, David",Georgia State,15,14,290,0,0,1,1,0
monmouth:lawrencecamron,"Lawrence, Camron",Monmouth,19,7,290,0,0,0,0,0
uncgreensboro:lossectva,"Lossec, Téva",UNC Greensboro,3,4,290,0,0,3,1,0
iuindy:flowersquentin,"Flowers, Quentin",IU Indy,6,7,289,0,0,5,1,0
dartmouthcollege:arveskrdouglas,"Arveskär, Douglas",Dartmouth College,9,7,289,0,0,3,2,0
loyolachicago:cairneytj,"Cairney, TJ",Loyola Chicago,4,6,289,0,0,2,0,0
sanfrancisco:joneskian,"Jones, Kian",San Francisco,2,15,288,0,0,4,1,0
stonehillcollege:muzaffaramman,"Muzaffar, Amman",Stonehill College,26,12,288,0,0,0,0,0
duke:bulljorgensennikolai,"Bull Jorgensen, Nikolai",Duke,8,4,288,0,0,5,3,0
sandiegostate:hernandezlorenzo,"Hernandez, Lorenzo",San Diego State,24,15,287,0,0,2,1,0
clemson:bunkdaniel,"Bunk, Daniel",Clemson,6,11,287,0,0,5,0,0
xavier:cousinoreece,"Cousino, Reece",Xavier,36,14,286,0,0,1,1,0
universityofevansville:williamslionel,"Williams, Lionel",University of Evansville,17,13,286,0,0,0,0,0
kansascity:kohoutekales,"Kohoutek, Ales",Kansas City,12,17,286,0,0,2,1,0
longwood:coutinhojose,"Coutinho, Jose",Longwood,29,10,286,0,0,11,5,0
ucsantabarbara:harriscole,"Harris, Cole",UC Santa Barbara,3,12,284,0,0,2,0,0
lafayette:cohenconor,"Cohen, Conor",Lafayette,14,17,284,0,0,2,1,0
coastalcarolina:butterworththeo,"Butterworth, Theo",Coastal Carolina,4,14,284,0,0,4,2,0
southcarolina:sanykongloic,"Sany Kong, Loic",South Carolina,11,7,283,0,0,11,5,0
setonhall:koffiuri,"Koffi, Uri",Seton Hall,29,18,282,0,0,2,0,0
incarnateword:hendersonjosiah,"Henderson, Josiah",Incarnate Word,12,10,282,0,0,1,0,0
vermont:vassiliouioannis,"Vassiliou, Ioannis",Vermont,17,9,282,0,0,2,2,0
jacksonville:wilkinsdaniel,"Wilkins, Daniel",Jacksonville,13,10,282,0,0,1,0,0
usi:stevensvirgil,"Stevens, Virgil",USI,18,4,281,0,0,0,0,0
santaclara:eldernaji,"Elder, Naji",Santa Clara,4,4,281,0,0,1,1,0
saintmarys:jacksonsam,"Jackson, Sam",Saint Mary's,18,14,280,0,0,0,0,0
utrgv:zunigaramon,"Zuniga, Ramon",UTRGV,20,4,280,0,0,1,0,0
binghamton:nahimmarcus,"Nahim, Marcus",Binghamton,27,7,279,0,0,3,2,0
georgiasouthern:seherjulien,"Seher, Julien",Georgia Southern,13,18,279,0,0,0,0,0
uab:garciamatthew,"Garcia, Matthew",UAB,21,14,279,0,0,6,2,0
usi:colassacogian,"Colassaco, Gian",USI,17,5,279,0,0,1,0,0
fau:rodamesfin,"Roda, Mesfin",FAU,37,19,278,0,0,3,0,0
stetson:fentonlucas,"Fenton, Lucas",Stetson,13,11,278,0,0,1,0,0
calpoly:anastroman,"Anast, Roman",Cal Poly,14,17,277,0,0,2,2,0
saintfrancis:katarinathan,"Katari, Nathan",Saint Francis,28,7,277,0,0,2,0,0
ualbany:galanomar,"Galan, Omar",UAlbany,19,7,277,0,0,4,1,0
stetson:mastroiannidaniele,"Mastroianni, Daniele",Stetson,15,11,276,0,0,2,1,0
army:thomaskai,"Thomas, Kai",Army,20,17,275,0,0,0,0,0
lasalle:chihamikey,"Chiha, Mikey",La Salle,7,4,275,0,0,5,2,0
stthomas:slivakevin,"Sliva, Kevin",St. Thomas,18,15,274,0,0,1,0,0
chicagostate:penabryan,"Pena, Bryan",Chicago State,15,7,274,0,0,0,0,0
fgcu:nissimshachar,"Nissim, Shachar",FGCU,19,12,273,0,0,3,1,0
stonehillcollege:bilbieandrew,"Bilbie, Andrew",Stonehill College,7,13,273,0,0,3,1,0
yale:laytoncaleb,"Layton, Caleb",Yale,22,13,272,0,0,0,0,0
unf:natoliluciano,"Natoli, Luciano",UNF,1,3,272,0,0,0,0,0
queens:woodardcaleb,"Woodard, Caleb",Queens,15,8,271,0,0,3,2,0
ucirvine:conyersjustin,"Conyers, Justin",UC Irvine,15,20,270,0,0,4,1,0
sanfrancisco:krausewilliam,"Krause, William",San Francisco,13,13,270,0,0,0,0,4
memphis:buhrkuhljakob,"Buhrkuhl, Jakob",Memphis,00,15,270,0,0,0,0,6
csubakersfield:ogunrashaad,"Ogun, Rashaad",CSU Bakersfield,11,8,270,0,0,6,2,0
wrightstate:normandeaualex,"Normandeau, Alex",Wright State,36,9,270,0,0,0,0,3
uic:dabrowskikevin,"Dabrowski, Kevin",UIC,77,6,270,0,0,0,0,0
stonehillcollege:sloantyler,"Sloan, Tyler",Stonehill College,35,3,270,0,0,0,0,0
seattle:kapciakaleksander,"Kapciak, Aleksander",Seattle,18,8,270,0,0,0,0,8
fiu:fernandezbeltran,"Fernandez, Beltran",FIU,1,8,270,0,0,0,0,3
oakland:stanajsebastian,"Stanaj, Sebastian",Oakland,1,5,270,0,0,0,0,15
pennstate:grundinfredrick,"Grundin, Fredrick",Penn State,31,11,270,0,0,0,0,0
uncasheville:barrosluca,"Barros, Luca",UNC Asheville,45,3,270,0,0,0,0,0
bryant:camejoramon,"Camejo, Ramon",Bryant,1,6,270,0,0,0,0,0
utrgv:veraarev,"Vera, Arev",UTRGV,24,3,270,0,0,0,0,0
penn:howarddavid,"Howard, David",Penn,30,8,270,0,0,0,0,7
niagarauniversity:wylesgrant,"Wyles, Grant",Niagara University,1,3,270,0,0,0,0,0
udm:ninojohn,"Nino, John",UDM,4,3,270,0,0,1,1,0
mke:diananic,"Diana, Nic",MKE,0,3,270,0,0,0,0,0
universityofmassachusettslowell:dasilvacristiano,"Da Silva, Cristiano",University of Massachusetts Lowell,8,3,270,0,0,1,1,0
uiw:bakerrochaine,"Baker, Rochaine",UIW,4,3,270,0,0,1,0,0
uiw:kamathaarush,"Kamath, Aarush",UIW,22,3,270,0,0,0,0,0
uiw:delatorrealejandro,"DeLaTorre, Alejandro",UIW,99,3,270,0,0,0,0,0
newjerseyinstituteoftechnology:armstrongdevin,"Armstrong, Devin",New Jersey Institute of Technology,1,3,270,0,0,0,0,0
monmouth:johnsenherman,"Johnsen, Herman",Monmouth,1,3,270,0,0,0,0,0
iuindy:kegerreisluke,"Kegerreis, Luke",IU Indy,21,5,269,0,0,0,0,0
ualbany:peppledavid,"Pepple, David",UAlbany,26,7,269,0,0,0,0,0
mke:berghauerryan,"Berghauer, Ryan",MKE,12,3,269,0,0,4,1,0
unf:prebendatyler,"Prebenda, Tyler",UNF,2,3,269,0,0,1,0,0
bostoncollege:bejarchristian,"Bejar, Christian",Boston College,3,17,268,0,0,1,0,0
centralconnecticutstate:nnurofrimpongnana,"Nnuro-Frimpong, Nana",Central Connecticut State,8,7,268,0,0,4,2,0
memphis:galizzilucho,"Galizzi, Lucho",Memphis,9,4,268,0,0,3,1,0
georgewashington:matlockjohn,"Matlock, John",George Washington,16,11,267,0,0,0,0,0
saintfrancis:celikkolvolkan,"celikkol, volkan",Saint Francis,7,7,266,0,0,2,1,0
yale:roysabalian,"Roy, Sabalian",Yale,14,5,266,0,0,7,3,0
utrgv:oswaldezekiel,"Oswald, Ezekiel",UTRGV,17,4,265,0,0,0,0,0
xavier:gourleyjohnny,"Gourley, Johnny",Xavier,20,15,264,0,0,7,2,0
georgemason:mamboyannick,"Mambo, Yannick",George Mason,26,9,264,0,0,5,2,0
umasslowell:garciadavid,"Garcia, David",UMass Lowell,21,15,263,0,0,3,1,0
siue:peartmurray,"Peart, Murray",SIUE,28,9,263,0,0,2,1,0
howard:rufaelchristian,"Rufael, Christian",Howard,7,10,263,0,0,6,4,0
columbiauniversity:pericluka,"Peric, Luka",Columbia University,21,14,263,0,0,2,1,0
loyolamarymount:harshesam,"Harshe, Sam",Loyola Marymount,3,5,262,0,0,1,1,0
detroitmercy:stricklerjohnny,"Strickler, Johnny",Detroit Mercy,22,9,262,0,0,4,1,0
utrgv:chavesmichael,"Chaves, Michael",UTRGV,13,4,261,0,0,6,3,0
bellarmine:jacobsethan,"Jacobs, Ethan",Bellarmine,10,11,260,0,0,1,1,0
uncwilmington:damicocesare,"D'Amico, Cesare",UNC Wilmington,9,10,260,0,0,4,3,0
gonzaga:bianchinicholas,"Bianchi, Nicholas",Gonzaga,13,13,259,0,0,6,3,0
ucsandiego:maiian,"Mai, Ian",UC San Diego,29,10,259,0,0,1,1,0
duke:kabussujamie,"Kabussu, Jamie",Duke,2,4,259,0,0,1,0,0
loyolamaryland:schoutenben,"Schouten, Ben",Loyola Maryland,8,4,259,0,0,1,0,0
universityofmassachusettslowell:fernandezmauro,"Fernandez, Mauro",University of Massachusetts Lowell,14,3,259,0,0,0,0,0
brown:robledoisaiah,"Robledo, Isaiah",Brown,13,14,258,0,0,1,1,0
jamesmadison:moyajoshua,"Moya, Joshua",James Madison,0,15,257,0,0,0,0,12
drexel:mikulaty,"Mikula, Ty",Drexel,25,15,257,0,0,1,0,0
northernillinois:creartobias,"Crear, Tobias",Northern Illinois,7,10,257,0,0,1,0,0
csun:blevinsmichael,"Blevins, Michael",CSUN,9,13,256,0,0,9,3,0
winthrop:castroemidio,"Castro, Emidio",Winthrop,3,3,256,0,0,0,0,0
etsu:duncanberkay,"Duncan, Berkay",ETSU,12,4,256,0,0,4,2,0
wisconsin:shriversluke,"Shrivers, Luke",Wisconsin,33,13,255,0,0,0,0,11
merrimackcollege:labellejohn,"Labelle, John",Merrimack College,7,5,255,0,0,2,0,0
sandiegostate:wilsontrevor,"Wilson, Trevor",San Diego State,00,7,255,0,0,0,0,4
rutgers:goddenscott,"Godden, Scott",Rutgers,6,16,254,0,0,2,1,0
loyola:wagnercurtis,"Wagner, Curtis",Loyola,26,4,254,0,0,1,1,0
memphis:feeneyruadhan,"Feeney, Ruadhan",Memphis,2,15,253,0,0,0,0,0
northernillinois:ladasniko,"Ladas, Niko",Northern Illinois,25,8,253,0,0,5,2,0
stetson:manningxavier,"Manning, Xavier",Stetson,5,8,253,0,0,0,0,0
loyola:chenluca,"Chen, Luca",Loyola,18,4,252,0,0,0,0,0
purduefortwayne:titteringtonmax,"Titterington, Max",Purdue Fort Wayne,4,13,251,0,0,2,1,0
army:wiggintonbrantley,"Wigginton, Brantley",Army,26,16,251,0,0,6,4,0
american:rojekpatryk,"Rojek, Patryk",American,11,11,251,0,0,4,1,0
jax:spailierromain,"Spailier, Romain",JAX,6,4,251,0,0,4,3,0
stjohns:bezamanico,"Bezama, Nico",St. John's,00,16,250,0,0,0,0,1
robertmorris:reidtayshaun,"Reid, Tayshaun",Robert Morris,14,5,249,0,0,1,1,0
bradley:woolleydominic,"Woolley, Dominic",Bradley,5,8,248,0,0,3,0,0
colgate:yatescharlie,"Yates, Charlie",Colgate,14,13,248,0,0,3,2,0
williammary:katsarihoeferalexandros,"Katsari-Hoefer, Alexandros",William & Mary,19,11,248,0,0,0,0,0
fairfield:ortizcristian,"Ortiz, Cristian",Fairfield,20,8,247,0,0,3,0,0
umass:omalleyaaron,"O'Malley, Aaron",UMass,6,12,247,0,0,1,0,0
memphis:johnsonshaiyon,"Johnson, Shaiyon",Memphis,23,15,246,0,0,0,0,0
wofford:menendezfabian,"Menendez, Fabian",Wofford,33,16,246,0,0,1,0,0
bostoncollege:donovanpatrick,"Donovan, Patrick",Boston College,1,17,245,0,0,0,0,2
creighton:ravellietienne,"Ravelli, Etienne",Creighton,5,14,245,0,0,0,0,0
merrimackcollege:plantzbaischpedro,"Plantz Baisch, Pedro",Merrimack College,23,7,245,0,0,2,1,0
saintfrancis:piresthiago,"Pires, Thiago",Saint Francis,20,7,244,0,0,3,1,0
usi:churcholiver,"Church, Oliver",USI,30,5,244,0,0,1,1,0
universityatalbany:cookethan,"Cook, Ethan",University at Albany,3,3,244,0,0,0,0,0
uiw:kamathavaneesh,"Kamath, Avaneesh",UIW,18,3,243,0,0,0,0,0
penn:ambrusaikelinadam,"Ambrus-Aikelin, Adam",Penn,13,12,242,0,0,6,2,0
rutgers:avileslenny,"Aviles, Lenny",Rutgers,12,16,241,0,0,2,0,0
lemoynecollege:weisserlouis,"Weisser, Louis",Le Moyne College,25,9,241,0,0,0,0,0
bradley:fergusonian,"Ferguson, Ian",Bradley,37,8,240,0,0,3,0,0
newhampshire:mclarencabot,"McLaren , Cabot",New Hampshire,28,17,240,0,0,6,1,0
vmi:sennaadam,"Senna, Adam",VMI,25,10,240,0,0,2,0,0
colgate:geraghtyconor,"Geraghty, Conor",Colgate,20,12,240,0,0,8,3,0
grandcanyon:babacardialloserigne,"Babacar Diallo, Serigne",Grand Canyon,4,11,240,0,0,1,1,0
uconn:dennisgiovanni,"Dennis, Giovanni",UConn,29,21,239,0,0,4,0,0
butler:kleinmax,"Klein, Max",Butler,18,8,239,0,0,2,1,0
creighton:reyesismael,"Reyes, Ismael",Creighton,21,16,239,0,0,0,0,0
newjerseyinstituteoftechnology:rubisjake,"Rubis, Jake",New Jersey Institute of Technology,19,3,239,0,0,5,2,0
newjerseyinstituteoftechnology:massacesigiovanni,"Massacesi, Giovanni",New Jersey Institute of Technology,28,3,239,0,0,2,1,0
akron:alemignacio,"Alem, Ignacio",Akron,17,20,237,0,0,2,2,0
creighton:gbeange,"Gbe, Ange",Creighton,16,14,237,0,0,4,1,0
calstatefullerton:aubourcesar,"Aubour, Cesar",Cal State Fullerton,19,12,237,0,0,2,1,0
yale:millsryder,"Mills, Ryder",Yale,30,10,237,0,0,3,0,0
fdu:simbotinashe,"Simbo, Tinashe",FDU,11,12,237,0,0,3,1,0
centralconnecticutstateuniversity:mohliibrian,"Mohl II, Brian",Central Connecticut State University,12,3,237,0,0,1,0,0
detroitmercy:sanbornryan,"Sanborn, Ryan",Detroit Mercy,9,9,236,0,0,3,0,0
airforce:bennettjoe,"Bennett, Joe",Air Force,8,4,236,0,0,1,0,0
wofford:spiresfranklin,"Spires, Franklin",Wofford,17,16,236,0,0,5,1,0
utrgv:matsuosota,"Matsuo, Sota",UTRGV,15,4,236,0,0,1,1,0
georgiastate:monongokuanguyverson,"Monongo-Kuangu, Yverson",Georgia State,28,6,236,0,0,1,1,0
holycross:groomalex,"Groom, Alex",Holy Cross,11,12,235,0,0,3,0,0
universityatalbany:hermelorodrigo,"Hermelo, Rodrigo",University at Albany,22,3,235,0,0,4,1,0
centralconnecticutstateuniversity:tatajoey,"Tata, Joey",Central Connecticut State University,20,3,235,0,0,3,3,0
northcarolina:oferralparker,"O'Ferral, Parker",North Carolina,21,19,234,0,0,1,0,0
marquette:nesthuslucas,"Nesthus, Lucas",Marquette,11,15,234,0,0,4,0,0
chicagostate:rossrylan,"Ross, Rylan",Chicago State,31,4,234,0,0,0,0,0
udm:simonlouis,"Simon, Louis",UDM,6,3,234,0,0,0,0,0
universityatalbany:wattlucas,"Watt, Lucas",University at Albany,4,3,234,0,0,0,0,0
ucdavis:wilsonmekhai,"Wilson, Mekhai",UC Davis,00,8,233,0,0,0,0,2
loyolamaryland:herleycharlie,"Herley, Charlie",Loyola Maryland,12,3,233,0,0,2,0,0
bradley:crovoolav,"Crovo, Olav",Bradley,19,8,232,0,0,3,1,0
njit:sardinhahenrique,"Sardinha, Henrique",NJIT,20,10,232,0,0,2,0,0
davidsoncollege:ringdahlpiers,"Ringdahl, Piers",Davidson College,17,19,232,0,0,0,0,0
ualbany:fragakisjohn,"Fragakis, John",UAlbany,17,5,232,0,0,0,0,0
winthrop:crichlowemory,"Crichlow, Emory",Winthrop,24,7,231,0,0,0,0,0
ucdavis:sardansensio,"Sardans, Ensio",UC Davis,13,7,231,0,0,2,0,0
loyola:nicholsrichie,"Nichols, Richie",Loyola,6,4,231,0,0,6,2,0
loyolauniversitymaryland:schoutenben,"Schouten, Ben",Loyola University Maryland,8,4,230,0,0,1,0,0
universityofmassachusettslowell:costamatteo,"Costa, Matteo",University of Massachusetts Lowell,22,3,230,0,0,4,2,0
uncasheville:leonardtyler,"Leonard, Tyler",UNC Asheville,4,13,229,0,0,0,0,0
northernkentucky:dickersonshaun,"Dickerson, Shaun",Northern Kentucky,29,6,229,0,0,3,1,0
chicagostate:rivasefrain,"Rivas, Efrain",Chicago State,2,6,229,0,0,0,0,0
williammary:caldaslucas,"Caldas, Lucas",William & Mary,9,6,229,0,0,8,5,0
bryant:fariajosealves,"Faria, Jose Alves",Bryant,14,10,228,0,0,2,0,0
fiu:maldonadofreiemilio,"Maldonado Frei, Emilio",FIU,21,11,228,0,0,1,0,0
delaware:glasserthaddeus,"Glasser, Thaddeus",Delaware,23,15,228,0,0,1,0,0
mercer:pondecaaaron,"Pondeca, Aaron",Mercer,7,16,228,0,0,3,0,0
robertmorris:reidtayshuan,"Reid, Tayshuan",Robert Morris,14,6,228,0,0,1,0,0
universityofmassachusettslowell:champagnealex,"Champagne, Alex",University of Massachusetts Lowell,20,3,228,0,0,3,0,0
ucf:pulkkinenmikael,"Pulkkinen, Mikael",UCF,34,11,227,0,0,0,0,0
lu:francombejosh,"Francombe, Josh",LU,6,4,227,0,0,1,0,0
creighton:ferruzzidiego,"Ferruzzi, Diego",Creighton,13,15,226,0,0,4,0,0
universityofevansville:iglesiascarlos,"Iglesias, Carlos",University of Evansville,7,10,226,0,0,4,1,0
uab:carlsonneal,"Carlson, Neal",UAB,3,13,226,0,0,0,0,0
drake:barrettcharliefinn,"Barrett, Charlie-Finn",Drake,28,10,226,0,0,0,0,0
brown:thompsonshayne,"Thompson, Shayne",Brown,16,13,226,0,0,1,1,0
sandiegostate:moreirastephan,"Moreira, Stephan",San Diego State,21,7,225,0,0,5,2,0
ucirvine:quarcooisaiah,"Quarcoo, Isaiah",UC Irvine,20,20,225,0,0,2,1,0
newhampshire:lewisbrady,"Lewis	, Brady",New Hampshire,16,16,225,0,0,1,0,0
rideruniversity:collinsben,"Collins, Ben",Rider University,1,4,225,0,0,0,0,0
american:millermason,"Miller, Mason",American,15,5,225,0,0,0,0,0
canisius:villacortakevin,"Villacorta, Kevin",Canisius,5,3,225,0,0,1,0,0
loyolachicago:odonoghueliam,"O'Donoghue, Liam",Loyola Chicago,27,8,225,0,0,4,0,0
gonzaga:mckennadamoni,"McKenna, Damoni",Gonzaga,4,3,225,0,0,1,1,0
newjerseyinstituteoftechnology:sadlochaeric,"Sadlocha, Eric",New Jersey Institute of Technology,4,3,225,0,0,1,0,0
ucsantabarbara:gomesjustin,"Gomes, Justin",UC Santa Barbara,6,9,224,0,0,0,0,0
sandiego:kubrakovvolodymyr,"Kubrakov, Volodymyr",San Diego,14,9,224,0,0,0,0,0
saintpeters:alaviuhkolaoliver,"Alaviuhkola, Oliver",Saint Peter's,1,6,224,0,0,0,0,1
liu:dongmonopoudemnelson,"Dongmo Nopoudem, Nelson",LIU,17,6,224,0,0,5,4,0
stetson:radaellinicolo,"Radaelli, Nicolo",Stetson,1,3,224,0,0,0,0,0
missouristate:dawsonlucas,"Dawson, Lucas",Missouri State,12,16,223,0,0,2,0,0
loyola:tuckertyler,"Tucker, Tyler",Loyola,2,4,223,0,0,0,0,0
uncwilmington:bralsmats,"Brals, Mats",UNC Wilmington,2,11,223,0,0,1,0,0
stonehillcollege:sullivanethan,"Sullivan, Ethan",Stonehill College,14,8,223,0,0,3,3,0
santaclara:robertsspencer,"Roberts, Spencer",Santa Clara,23,6,223,0,0,4,0,0
camels:garciaronnie,"Garcia, Ronnie",Camels,22,4,223,0,0,2,0,0
usi:grahamian,"Graham, Ian",USI,2,3,223,0,0,2,1,0
duke:racajaridon,"Racaj, Aridon",Duke,15,4,223,0,0,4,1,0
bradley:grahamtommy,"Graham, Tommy",Bradley,32,8,222,0,0,0,0,0
rideruniversity:grahamchristian,"Graham, Christian",Rider University,33,8,222,0,0,1,0,0
chicagostate:mutalibovalexander,"Mutalibov, Alexander",Chicago State,32,6,222,0,0,0,0,0
oakland:jeanlgerchristopher,"Jean Léger, Christopher",Oakland,17,4,222,0,0,8,2,0
binghamton:contiryan,"Conti, Ryan",Binghamton,20,5,221,0,0,2,0,0
highpoint:ramirezanthony,"Ramirez, Anthony",High Point,10,16,221,0,0,5,1,0
jacksonville:outerbridgehunter,"Outerbridge, Hunter",Jacksonville,31,10,220,0,0,4,3,0
sandiegostate:caffolucas,"Caffo, Lucas",San Diego State,30,11,220,0,0,2,2,0
saintmarys:abebesurafel,"Abebe, Surafel",Saint Mary's,11,14,219,0,0,0,0,0
duquesne:philibinchris,"Philibin, Chris",Duquesne,21,10,219,0,0,3,0,0
canisius:arceogael,"Arceo, Gael",Canisius,2,4,219,0,0,2,0,0
american:cobbinarexemmanuel,"Cobbina, Rex-Emmanuel",American,3,5,219,0,0,1,1,0
sanjosestate:axelsonronin,"Axelson, Ronin",San Jose State,0,6,219,0,0,0,0,3
ualbany:brucewilliam,"Bruce, William",UAlbany,2,6,219,0,0,1,0,0
universityofmassachusettslowell:esnaolainaki,"Esnaola, Inaki",University of Massachusetts Lowell,10,3,219,0,0,3,2,0
georgiasouthern:carusomassimo,"Caruso, Massimo",Georgia Southern,25,18,218,0,0,0,0,0
saintmarys:bieleveldtoliver,"Bieleveldt, Oliver",Saint Mary's,8,15,217,0,0,1,1,0
southcarolina:cargillted,"Cargill, Ted",South Carolina,22,7,216,0,0,2,0,0
utrgv:boscherurvan,"Boscher, Urvan",UTRGV,5,3,216,0,0,1,0,0
virginia:hallnoah,"Hall, Noah",Virginia,27,12,215,0,0,1,1,0
saintfrancis:denittisalex,"De Nittis, Alex",Saint Francis,11,5,215,0,0,6,2,0
memphis:breidenbachdominic,"Breidenbach, Dominic",Memphis,19,14,215,0,0,2,2,0
bryant:gomezsantiagoblasco,"Gomez, Santiago Blasco",Bryant,6,4,215,0,0,1,0,0
newjerseyinstituteoftechnology:grenharodrigo,"Grenha, Rodrigo",New Jersey Institute of Technology,3,3,215,0,0,1,0,0
california:andohzack,"Andoh, Zack",California,99,18,214,0,0,0,0,1
sacredheart:moskowitzasa,"Moskowitz, Asa",Sacred Heart,2,12,214,0,0,2,1,0
binghamton:howelljamie,"Howell, Jamie",Binghamton,7,6,213,0,0,1,0,0
stjohns:vsquezdiego,"Vásquez, Diego",St. John's,20,19,213,0,0,6,4,0
ucriverside:koschmikasebastian,"Kosch, Mika Sebastian",UC Riverside,4,10,213,0,0,0,0,0
manhattan:vailharrison,"Vail, Harrison",Manhattan,13,13,213,0,0,0,0,0
virginiatech:portelatiago,"Portela, Tiago",Virginia Tech,23,10,213,0,0,2,2,0
sanjosestate:fakhrieamon,"Fakhri, Eamon",San Jose State,26,13,212,0,0,4,1,0
harvard:ojanenjuho,"Ojanen, Juho",Harvard,14,11,212,0,0,1,0,0
centralconnecticutstateuniversity:vigilalejandro,"Vigil, Alejandro",Central Connecticut State University,6,3,212,0,0,0,0,0
ncstate:antoinenakai,"Antoine, Nakai",NC State,27,22,211,0,0,4,0,0
oakland:wienerroithermarkus,"Wienerroither, Markus",Oakland,2,9,211,0,0,1,0,0
uab:vivaldiniguilherme,"Vivaldini, Guilherme",UAB,10,11,211,0,0,4,3,0
harvard:nyquistnicholas,"Nyquist, Nicholas",Harvard,9,14,211,0,0,3,2,0
loyola:schoutenben,"Schouten, Ben",Loyola,8,4,210,0,0,2,0,0
jacksonville:amalbertipierce,"Amalberti, Pierce",Jacksonville,23,8,210,0,0,4,0,0
calstatefullerton:bjorkmanbenjamin,"Bjorkman, Benjamin",Cal State Fullerton,12,8,209,0,0,0,0,0
detroitmercy:iaquaniellojoey,"Iaquaniello, Joey",Detroit Mercy,19,11,208,0,0,1,1,0
etsu:franksnoah,"Franks, Noah",ETSU,14,9,207,0,0,3,1,0
camels:robersonsam,"Roberson, Sam",Camels,19,4,207,0,0,3,2,0
princeton:franciswill,"Francis, Will",Princeton,13,15,207,0,0,5,1,0
vermont:imarenakhuebruno,"Imarenakhue, Bruno",Vermont,26,12,207,0,0,2,0,0
duke:simpsonmax,"Simpson, Max",Duke,16,4,207,0,0,5,2,0
ucla:marticorenasaezander,"Marticorena Saez, Ander",UCLA,20,3,206,0,0,0,0,0
umasslowell:scholtencalvin,"Scholten, Calvin",UMass Lowell,28,15,206,0,0,4,2,0
sacredheart:diloretonate,"DiLoreto, Nate",Sacred Heart,0,9,206,0,0,0,0,4
santaclara:sullivanandrew,"Sullivan, Andrew",Santa Clara,19,5,205,0,0,4,2,0
incarnateword:monrrealjuan,"Monrreal, Juan",Incarnate Word,10,8,204,0,0,2,1,0
santaclara:diazdiego,"Diaz, Diego",Santa Clara,30,4,204,0,0,0,0,0
lafayette:clarkthomas,"Clark, Thomas",Lafayette,19,11,203,0,0,5,1,0
loyola:luchiesjordy,"Luchies, Jordy",Loyola,4,4,203,0,0,2,0,0
wakeforest:nguemadavid,"Nguema, David",Wake Forest,8,9,203,0,0,2,0,0
furman:sosamiguel,"Sosa, Miguel",Furman,14,14,202,0,0,1,1,0
iona:leitelucas,"Leite, Lucas",Iona,14,10,202,0,0,2,2,0
sacredheart:zeberioaxier,"Zeberio , Axier",Sacred Heart,22,4,202,0,0,2,0,0
unf:mcmanusjrbrian,"McManus Jr., Brian",UNF,23,3,202,0,0,1,0,0
loyolamaryland:oladinnikayin,"Oladinni, Kayin",Loyola Maryland,34,3,202,0,0,0,0,0
ucsandiego:barnumbryce,"Barnum, Bryce",UC San Diego,7,10,201,0,0,0,0,0
furman:millermax,"Miller, Max",Furman,0,10,201,0,0,0,0,4
loyola:oladinnikayin,"Oladinni, Kayin",Loyola,34,4,200,0,0,1,0,0
colgate:hughescolin,"Hughes, Colin",Colgate,19,12,200,0,0,9,4,0
uab:wanzernoah,"Wanzer, Noah",UAB,26,13,200,0,0,0,0,0
bellarmine:wojdabartosz,"Wojda, Bartosz",Bellarmine,7,10,200,0,0,3,2,0
gcu:ibarradaniel,"Ibarra, Daniel",GCU,0,2,200,0,0,0,0,6
gcu:volcycharles,"Volcy, Charles",GCU,29,2,200,0,0,0,0,0
lafayette:lizewskibeaux,"Lizewski, Beaux",Lafayette,4,9,199,0,0,0,0,0
georgewashington:peadiego,"Peña, Diego",George Washington,30,11,199,0,0,0,0,14
cornell:hovannate,"Hovan, Nate",Cornell,9,12,199,0,0,4,3,0
centralconnecticutstateuniversity:wrightcolin,"Wright, Colin",Central Connecticut State University,7,3,199,0,0,1,0,0
washington:hernandezkevin,"Hernandez, Kevin",Washington,13,21,198,0,0,6,2,0
chicagostate:leonjorge,"Leon, Jorge",Chicago State,21,6,198,0,0,5,3,0
uncasheville:howesam,"Howe, Sam",UNC Asheville,15,11,197,0,0,1,0,0
marist:morozeric,"Moroz, Eric",Marist,15,9,197,0,0,10,3,0
lemoynecollege:lundstromsvahnqvistkarl,"Lundstrom Svahnqvist, Karl",Le Moyne College,34,8,197,0,0,0,0,0
furman:fraglereece,"Fragle, Reece",Furman,2,15,197,0,0,1,1,0
iuindy:kalavitzluke,"Kalavitz, Luke",IU Indy,3,11,197,0,0,1,1,0
yale:altirswilliam,"Altirs, William",Yale,27,5,197,0,0,4,2,0
dayton:dorkoalex,"Dorko, Alex",Dayton,31,8,197,0,0,0,0,0
loyolamaryland:wagnercurtis,"Wagner, Curtis",Loyola Maryland,26,4,197,0,0,0,0,0
gardnerwebb:yeboahtony,"Yeboah, Tony",Gardner-Webb,17,17,196,0,0,7,0,0
csubakersfield:estradakevin,"Estrada, Kevin",CSU Bakersfield,17,5,196,0,0,0,0,0
fgcu:schorrleo,"Schorr, Leo",FGCU,11,12,195,0,0,1,0,0
bryant:krespiilay,"Krespi, Ilay",Bryant,15,7,195,0,0,0,0,0
unf:mansourikaiss,"Mansouri, Kaiss",UNF,24,3,195,0,0,8,2,0
lemoynecollege:grangeraiden,"Granger, Aiden",Le Moyne College,14,10,194,0,0,0,0,0
greenbay:denubaylor,"Denu, Baylor",Green Bay,18,11,194,0,0,0,0,0
colgate:steinmanjake,"Steinman, Jake",Colgate,27,9,193,0,0,0,0,0
gcu:fallbenassane,"Fall, Ben Assane",GCU,18,2,193,0,0,4,1,0
smu:ervinnoah,"Ervin, Noah",SMU,17,15,192,0,0,2,0,0
etsu:choijimmy,"Choi, Jimmy",ETSU,17,7,192,0,0,2,0,0
easternillinois:ottapedro,"Otta, Pedro",Eastern Illinois,23,10,192,0,0,2,1,0
sandiegostate:fourniervincent,"Fournier, Vincent",San Diego State,01,6,192,0,0,0,0,3
sacredheart:prettogiancarlo,"Pretto, Giancarlo",Sacred Heart,27,9,192,0,0,4,2,0
templeuniversity:schwartzraz,"Schwartz, Raz",Temple University,6,16,191,0,0,1,1,0
utahtech:bradleycole,"Bradley, Cole",Utah Tech,4,7,191,0,0,1,0,0
fdu:anevskinathaniel,"Anevski, Nathaniel",FDU,23,11,191,0,0,3,1,0
utrgv:mandiangmalang,"Mandiang, Malang",UTRGV,11,4,191,0,0,3,1,0
yale:gurionlior,"Gurion, Lior",Yale,28,11,191,0,0,0,0,0
gcu:cobianfelipe,"Cobian, Felipe",GCU,3,2,191,0,0,3,0,0
centralconnecticutstate:morosalvaro,"Moros, Alvaro",Central Connecticut State,19,5,191,0,0,3,1,0
centralconnecticutstateuniversity:morosalvaro,"Moros, Alvaro",Central Connecticut State University,19,3,191,0,0,2,0,0
coastalcarolina:cintradominic,"Cintra, Dominic",Coastal Carolina,14,14,190,0,0,1,0,0
niagara:buscaglialuca,"Buscaglia, Luca",Niagara,6,10,190,0,0,0,0,0
radford:kiloshosadock,"Kilosho, Sadock",Radford,6,14,190,0,0,1,0,0
iuindy:hollandspencer,"Holland, Spencer",IU Indy,16,9,190,0,0,1,0,0
newjerseyinstituteoftechnology:lazojaluan,"Lazoja, Luan",New Jersey Institute of Technology,25,3,189,0,0,1,0,0
chicagostate:frazilusjustin,"Frazilus, Justin",Chicago State,26,5,188,0,0,0,0,0
fgcu:viebrantzzavatinidylan,"Viebrantz-Zavatini, Dylan",FGCU,4,5,188,0,0,2,0,0
columbiauniversity:kuttnerchristoph,"Kuttner, Christoph",Columbia University,9,11,187,0,0,1,0,0
siue:gibbskarson,"Gibbs, Karson",SIUE,24,7,187,0,0,1,0,0
lu:clossonquinn,"Closson, Quinn",LU,31,3,187,0,0,0,0,0
uiw:padillagiovanni,"Padilla, Giovanni",UIW,34,3,187,0,0,0,0,0
stbonaventure:choudhryben,"Choudhry, Ben",St. Bonaventure,0,5,186,0,0,0,0,0
njit:klingerjeremy,"Klinger, Jeremy",NJIT,12,10,185,0,0,1,0,0
bucknell:lillismason,"Lillis, Mason",Bucknell,26,15,185,0,0,1,1,0
ucla:mastrodimoszach,"Mastrodimos, Zach",UCLA,14,13,185,0,0,2,1,0
airforce:perezmaximilian,"Perez, Maximilian",Air Force,3,4,184,0,0,0,0,0
loyolamarymount:cunninghamokeefe,"Cunningham, Okeefe",Loyola Marymount,8,8,184,0,0,0,0,0
longwood:nancemateo,"Nance, Mateo",Longwood,13,9,183,0,0,4,1,0
wisconsin:vanmolarien,"van Mol, Arien",Wisconsin,13,10,182,0,0,0,0,0
ucdavis:kellettcaelan,"Kellett, Caelan",UC Davis,22,13,181,0,0,4,0,0
jax:wilkinsdaniel,"Wilkins, Daniel",JAX,13,5,181,0,0,2,1,0
omaha:robinsbrady,"Robins, Brady",Omaha,27,9,181,0,0,0,0,0
indiana:gaydoshdrew,"Gaydosh, Drew",Indiana,26,18,180,0,0,1,1,0
saintfrancis:sorensenbraeden,"Sorensen, Braeden",Saint Francis,1,3,180,0,0,0,0,14
bostonuniversity:clavierwilliam,"Clavier, William",Boston University,0,14,180,0,0,0,0,5
loyola:okeefeconnor,"O'Keefe, Connor",Loyola,31,4,180,0,0,0,0,4
grandcanyonuniversity:cobianfelipe,"Cobian, Felipe",Grand Canyon University,3,2,180,0,0,5,2,0
luc:firsdaniel,"Firs, Daniel",LUC,14,2,180,0,0,2,0,0
rhodeisland:frobergconnor,"Froberg, Connor",Rhode Island,20,11,180,0,0,0,0,0
lwu:hinkemax,"Hinke, Max",LWU,1,2,180,0,0,0,0,0
lwu:yoderjoshua,"Yoder, Joshua",LWU,22,2,180,0,0,0,0,0
newhaven:wattsarchie,"Watts, Archie",New Haven,0,6,180,0,0,0,0,6
army:camargoblair,"Camargo, Blair",Army,00,13,180,0,0,0,0,3
marshall:magotaeijin,"Magota, Eijin",Marshall,99,18,180,0,0,0,0,6
oakland:smithaiden,"Smith, Aiden",Oakland,30,6,180,0,0,0,0,0
colgate:hearnconnor,"Hearn, Connor",Colgate,7,10,180,0,0,2,0,0
pc:baerwaldetimbenjamin,"Baerwalde, Tim Benjamin",PC,1,2,180,0,0,0,0,0
pc:sundlihardigjonas,"Sundli-Hardig, Jonas",PC,16,2,180,0,0,1,0,0
pc:rambertjavien,"Rambert, Javien",PC,23,2,180,0,0,2,1,0
pc:carvalhogabe,"Carvalho, Gabe",PC,24,2,180,0,0,1,0,0
newhaven:ribeirokauan,"Ribeiro, Kauan",New Haven,12,8,180,0,0,3,1,0
charleston:duskecharlie,"Duske, Charlie",Charleston,28,13,180,0,0,0,0,4
csubakersfield:geishauserluka,"Geishauser, Luka",CSU Bakersfield,6,4,180,0,0,2,1,0
uvm:hercegniklas,"Herceg, Niklas",UVM,1,2,180,0,0,0,0,0
holycross:smithjohn,"Smith, John",Holy Cross,31,8,180,0,0,0,0,2
dartmouthcollege:mcphersonmatt,"McPherson, Matt",Dartmouth College,40,10,180,0,0,0,0,14
yale:umanaalex,"Umana, Alex",Yale,7,10,180,0,0,0,0,0
universityofmassachusetts:geczyalex,"Geczy, Alex",University of Massachusetts,1,2,180,0,0,0,0,0
universityofmassachusetts:brownalex,"Brown, Alex",University of Massachusetts,22,2,180,0,0,0,0,0
fdu:laraccavictor,"Laracca, Victor",FDU,36,8,180,0,0,0,0,0
massachusetts:geczyalex,"Geczy, Alex",Massachusetts,1,2,180,0,0,0,0,3
massachusetts:biancojoey,"Bianco, Joey",Massachusetts,13,2,180,0,0,2,0,0
massachusetts:brownalex,"Brown, Alex",Massachusetts,22,2,180,0,0,1,1,0
virginia:tunkscaleb,"Tunks, Caleb",Virginia,00,6,180,0,0,0,0,5
ccsu:toftevaagherman,"Toftevaag, Herman",CCSU,2,2,180,0,0,3,2,0
ccsu:mohliibrian,"Mohl II, Brian",CCSU,12,2,180,0,0,0,0,0
marquette:ronnestadstevenstristan,"Ronnestad-Stevens, Tristan",Marquette,5,5,180,0,0,0,0,0
loyolamaryland:vanderwaltdylan,"van der Walt, Dylan",Loyola Maryland,1,3,180,0,0,0,0,4
loyolamaryland:luchiesjordy,"Luchies, Jordy",Loyola Maryland,4,4,180,0,0,0,0,0
mke:ivkovicpavle,"Ivkovic, Pavle",MKE,3,2,180,0,0,0,0,0
saintfrancisuniversity:okeefeconner,"O'Keefe, Conner",Saint Francis University,2,2,180,0,0,1,1,0
saintfrancisuniversity:wernickemika,"Wernicke, Mika",Saint Francis University,4,2,180,0,0,0,0,0
saintfrancisuniversity:garciarenadiego,"Garciarena, Diego",Saint Francis University,33,2,180,0,0,0,0,0
umass:biancojoseph,"Bianco, Joseph",UMass,13,2,180,0,0,1,1,0
upst:wuerslinjarrett,"Wuerslin, Jarrett",UPST,1,2,180,0,0,0,0,0
upst:tomasewan,"Tomas, Ewan",UPST,5,2,180,0,0,2,0,0
universityofmassachusettslowell:ortegajorge,"Ortega, Jorge",University of Massachusetts Lowell,24,2,180,0,0,0,0,0
loyolamaryland:okeefeconnor,"O'Keefe, Connor",Loyola Maryland,31,3,180,0,0,0,0,3
newjerseyinstituteoftechnology:carraracaio,"Carrara, Caio",New Jersey Institute of Technology,15,2,180,0,0,4,2,0
newjerseyinstituteoftechnology:dixonkyle,"Dixon, Kyle",New Jersey Institute of Technology,26,2,180,0,0,2,0,0
purduefortwayne:miereliam,"Mier, Eliam",Purdue Fort Wayne,14,14,179,0,0,2,1,0
newhampshire:stazenskijacob,"Stazenski, Jacob",New Hampshire,14,17,179,0,0,1,0,0
universityofmassachusetts:velezshane,"Velez, Shane",University of Massachusetts,16,2,179,0,0,3,2,0
udm:nkassatom,"Nkassa, Tom",UDM,3,3,179,0,0,0,0,0
iona:bellsjosh,"Bells, Josh",Iona,32,3,179,0,0,0,0,0
loyolamaryland:chenluca,"Chen, Luca",Loyola Maryland,18,4,179,0,0,0,0,0
portland:waggoneralex,"Waggoner, Alex",Portland,9,6,178,0,0,5,4,0
penn:seelegavin,"Seele, Gavin",Penn,4,13,178,0,0,2,1,0
clemson:sevianxander,"Sevian, Xander",Clemson,28,13,177,0,0,5,1,0
universityofsouthernindiana:novillobrian,"Novillo, Brian",University of Southern Indiana,14,4,177,0,0,2,0,0
kansascity:mouramateus,"Moura, Mateus",Kansas City,14,16,177,0,0,0,0,0
purduefortwayne:hallereason,"Haller, Eason",Purdue Fort Wayne,20,12,177,0,0,3,1,0
vmi:sistaadhbuth,"Sista, Adhbuth",VMI,13,8,177,0,0,0,0,0
universityofmassachusetts:vrhivan,"Vrh, Ivan",University of Massachusetts,20,2,177,0,0,3,2,0
notredame:bartlettnico,"Bartlett, Nico",Notre Dame,8,11,176,0,0,4,2,0
wrightstate:normandeaueric,"Normandeau, Eric",Wright State,22,10,176,0,0,2,1,0
gonzaga:brunkhudson,"Brunk, Hudson",Gonzaga,19,10,176,0,0,0,0,0
centralarkansas:correiaedgar,"Correia, Edgar",Central Arkansas,3,4,176,0,0,2,0,0
santaclara:mazonasgabrielius,"Mazonas, Gabrielius",Santa Clara,26,6,176,0,0,3,1,0
columbiauniversity:romorafa,"Romo, Rafa",Columbia University,24,14,176,0,0,1,0,0
gcu:sanchezdiego,"Sanchez, Diego",GCU,33,2,176,0,0,0,0,0
princeton:duncanstephen,"Duncan, Stephen",Princeton,25,14,176,0,0,4,1,0
massachusetts:fordhammatt,"Fordham, Matt",Massachusetts,3,2,176,0,0,2,2,0
rutgers:gorczowskisimon,"Gorczowski, Simon",Rutgers,15,16,175,0,0,0,0,0
fau:laustenemil,"Lausten, Emil",FAU,16,19,175,0,0,1,1,0
umbc:ehartlogan,"Ehart, Logan",UMBC,24,6,175,0,0,0,0,0
ucdavis:sanchezgabriel,"Sanchez, Gabriel",UC Davis,27,10,174,0,0,3,1,0
bucknell:heintzjack,"Heintz, Jack",Bucknell,23,16,174,0,0,0,0,0
princeton:zhanggarry,"Zhang, Garry",Princeton,30,15,174,0,0,2,0,0
universityofmassachusetts:fordhammatt,"Fordham, Matt",University of Massachusetts,3,2,174,0,0,2,1,0
westernmichigan:chapelasduarte,"Chapelas, Duarte",Western Michigan,16,7,173,0,0,0,0,0
northernkentucky:santosantonio,"Santos, Antonio",Northern Kentucky,16,8,173,0,0,2,1,0
centralarkansas:gaonajordan,"Gaona, Jordan",Central Arkansas,19,8,173,0,0,1,1,0
centralconnecticutstate:gikasjohannes,"Gikas, Johannes",Central Connecticut State,29,6,173,0,0,1,1,0
californiabaptist:suzukileontaiyo,"Suzuki, Leon Taiyo",California Baptist,4,4,173,0,0,3,0,0
utrgv:riveradiego,"Rivera, Diego",UTRGV,21,3,173,0,0,2,2,0
saintfrancisuniversity:skurekharvey,"Skurek, Harvey",Saint Francis University,3,2,173,0,0,1,0,0
mercyhurst:agostoniroman,"Agostoni, Roman",Mercyhurst,26,6,172,0,0,0,0,0
canisius:quinterojuansebastian,"Quintero, Juansebastian",Canisius,16,7,172,0,0,0,0,0
virginiatech:onwudiweosi,"Onwudiwe, Osi",Virginia Tech,14,10,172,0,0,6,1,0
navy:strothkampbraedy,"Strothkamp, Braedy",Navy,12,7,172,0,0,0,0,0
ucdavis:brownkota,"Brown, Kota",UC Davis,28,11,171,0,0,1,0,0
siue:sousarodriguespaulojunior,"Sousa Rodrigues, Paulo Junior",SIUE,13,9,171,0,0,0,0,0
williammary:sobtikaran,"Sobti, Karan",William & Mary,22,6,171,0,0,0,0,4
massachusetts:mbuthiajohnpaul,"Mbuthia, John Paul",Massachusetts,14,2,171,0,0,3,0,0
loyolamaryland:flynntyler,"Flynn, Tyler",Loyola Maryland,11,4,171,0,0,1,1,0
saintfrancisuniversity:wolfjonah,"Wolf, Jonah",Saint Francis University,6,2,171,0,0,4,3,0
saintfrancisuniversity:isrealandre,"Isreal, Andre",Saint Francis University,17,2,171,0,0,0,0,0
georgetown:logantimothy,"Logan, Timothy",Georgetown,18,19,170,0,0,0,0,0
utrgv:nodasora,"Noda, Sora",UTRGV,16,4,170,0,0,0,0,0
bucknell:alphenrex,"Alphen, Rex",Bucknell,0,12,170,0,0,0,0,2
loyolauniversitymaryland:stephensonjahvar,"Stephenson, Jahvar",Loyola University Maryland,15,6,170,0,0,1,1,0
uiw:torreshazani,"Torres, Hazani",UIW,6,2,170,0,0,0,0,0
umasslowell:esnaolainaki,"Esnaola, Inaki",UMass Lowell,10,2,170,0,0,7,2,0
templeuniversity:hernandezerick,"Hernandez, Erick",Temple University,2,16,169,0,0,0,0,0
ucriverside:walkerethan,"Walker, Ethan",UC Riverside,13,12,169,0,0,2,1,0
howard:winstonjonathan,"Winston, Jonathan",Howard,23,9,169,0,0,0,0,0
bellarmine:crowegavin,"Crowe, Gavin",Bellarmine,38,6,169,0,0,0,0,0
ccsu:vigilalejandro,"Vigil, Alejandro",CCSU,6,2,169,0,0,1,0,0
calstatebakersfield:mileycurtis,"Miley, Curtis",Cal State Bakersfield,19,5,169,0,0,0,0,0
csubakersfield:enechisom,"Ene, Chisom",CSU Bakersfield,25,7,168,0,0,7,2,0
fairfield:mcelderryliam,"McElderry, Liam",Fairfield,2,8,168,0,0,2,0,0
grandcanyonuniversity:lualamartin,"Luala, Martin",Grand Canyon University,8,2,167,0,0,0,0,0
marist:arberaidan,"Arber, Aidan",Marist,27,10,167,0,0,1,0,0
loyola:vanderwaltdylan,"van der Walt, Dylan",Loyola,1,3,167,0,0,0,0,8
loyolachicago:lacycharlie,"Lacy, Charlie",Loyola Chicago,24,5,167,0,0,1,1,0
army:gilbertcollin,"Gilbert, Collin",Army,0,13,167,0,0,0,0,2
clevelandstate:kovacevicmatea,"Kovacevic, Matea",Cleveland State,22,4,167,0,0,1,0,0
niagarauniversity:talsmajeremy,"Talsma, Jeremy",Niagara University,21,3,167,0,0,4,2,0
luc:roenicholas,"Roe, Nicholas",LUC,7,2,166,0,0,1,0,0
umo:geryreece,"Gery, Reece",UMO,8,2,166,0,0,1,0,0
uab:kellerhalsjake,"Kellerhals, Jake",UAB,12,13,166,0,0,0,0,0
universityofmassachusetts:biancojoey,"Bianco, Joey",University of Massachusetts,13,2,166,0,0,0,0,0
lu:chandlergeorge,"Chandler, George",LU,29,3,166,0,0,1,0,0
usi:descotojoaquin,"d'Escoto, Joaquin",USI,4,2,166,0,0,0,0,0
universityatalbany:shullenbergerjordan,"Shullenberger, Jordan",University at Albany,14,3,164,0,0,3,2,0
umass:halldrssonmagnsingi,"Halldórsson, Magnús Ingi",UMass,10,2,164,0,0,1,1,0
mke:zunigadominic,"Zuniga, Dominic",MKE,14,2,164,0,0,3,1,0
universityofsouthernindiana:bellokadiri,"Bello, Kadiri",University of Southern Indiana,20,8,163,0,0,3,0,0
lafayette:faustgabe,"Faust, Gabe",Lafayette,9,12,163,0,0,2,1,0
fau:paniaguajaiden,"Paniagua, Jaiden",FAU,12,18,163,0,0,0,0,0
regent:farleylanden,"Farley, Landen",Regent,28,2,163,0,0,0,0,0
detroitmercy:moodyryan,"Moody, Ryan",Detroit Mercy,16,6,163,0,0,0,0,0
uiw:martinezemmanuel,"Martinez, Emmanuel",UIW,20,3,163,0,0,3,2,0
winthrop:barnescharles,"Barnes, Charles",Winthrop,22,7,162,0,0,0,0,9
princeton:manfroybenjamin,"Manfroy, Benjamin",Princeton,21,13,162,0,0,2,0,0
udm:karjianmano,"Karjian, Mano",UDM,11,3,162,0,0,1,0,0
uiw:toberbryce,"Tober, Bryce",UIW,2,2,162,0,0,1,0,0
universityatalbany:krivokapicandrej,"Krivokapic, Andrej",University at Albany,13,2,162,0,0,0,0,0
umo:duranmanny,"Duran, Manny",UMO,14,2,161,0,0,2,0,0
wofford:harveyhugo,"Harvey, Hugo",Wofford,28,14,161,0,0,0,0,0
butler:hosiercharlie,"Hosier, Charlie",Butler,22,9,161,0,0,0,0,0
udm:lafayetteclayton,"Lafayette, Clayton",UDM,12,3,161,0,0,3,1,0
ccsu:lilleholtklevbergjaran,"Lilleholt Klevberg, Jaran",CCSU,21,2,161,0,0,1,0,0
newjerseyinstituteoftechnology:rebelodiogo,"Rebelo, Diogo",New Jersey Institute of Technology,6,3,161,0,0,3,1,0
newjerseyinstituteoftechnology:herediaalvaro,"Heredia, Alvaro",New Jersey Institute of Technology,10,3,161,0,0,2,0,0
umasslowell:natsumekotaro,"Natsume, Kotaro",UMass Lowell,2,14,160,0,0,0,0,0
robertmorris:twillsullivan,"Twill, Sullivan",Robert Morris,19,7,160,0,0,2,1,0
sanjosestate:nievesdiego,"Nieves, Diego",San Jose State,12,9,160,0,0,0,0,0
bostoncollege:andrewsmax,"Andrews, Max",Boston College,18,17,159,0,0,1,0,0
newhampshire:mcconnochiearturo,"McConnochie, Arturo",New Hampshire,17,17,159,0,0,1,0,0
grandcanyonuniversity:gustavssonviggo,"Gustavsson, Viggo",Grand Canyon University,5,2,159,0,0,0,0,0
furman:grantmalachi,"Grant, Malachi",Furman,29,13,159,0,0,1,1,0
utahvalley:rochajaret,"Rocha, Jaret",Utah Valley,2,8,159,0,0,2,0,0
lu:sapsfordnoah,"Sapsford, Noah",LU,21,4,159,0,0,0,0,0
stanford:hooperdylan,"Hooper, Dylan",Stanford,5,11,158,0,0,0,0,0
saintpeters:kambourismanu,"Kambouris, Manu",Saint Peter's,17,13,158,0,0,4,4,0
grandcanyon:salamatoto,"Salama, Toto",Grand Canyon,6,7,158,0,0,2,1,0
loyolamarymount:miltonviktor,"Milton, Viktor",Loyola Marymount,13,3,158,0,0,0,0,0
elon:mackinnonnicholas,"Mackinnon, Nicholas",Elon,17,11,158,0,0,2,0,0
gcu:lualamartin,"Luala, Martin",GCU,8,2,158,0,0,1,0,0
grandcanyonuniversity:sanchezdiego,"Sanchez, Diego",Grand Canyon University,33,2,157,0,0,0,0,0
umo:barbozafilhojoao,"Barboza Filho, Joao",UMO,10,2,157,0,0,3,2,0
pc:beckertjonathan,"Beckert, Jonathan",PC,10,2,157,0,0,2,1,0
bellarmine:gondaluke,"Gonda, Luke",Bellarmine,16,6,156,0,0,0,0,0
gonzaga:golesisnicolas,"Golesis, Nicolas",Gonzaga,21,8,156,0,0,3,2,0
uncwilmington:yatesethan,"Yates, Ethan",UNC Wilmington,26,8,156,0,0,1,1,0
dartmouthcollege:tziortzismarios,"Tziortzis, Marios",Dartmouth College,12,11,156,0,0,1,0,0
southcarolina:lanzashawn,"Lanza, Shawn",South Carolina,23,5,156,0,0,1,0,0
louisville:sanchezfernando,"Sanchez, Fernando",Louisville,22,17,155,0,0,2,0,0
newhaven:capellarafael,"Capella, Rafael",New Haven,28,13,155,0,0,1,0,0
regent:stapleslanden,"Staples, Landen",Regent,13,2,155,0,0,0,0,0
fairfield:olanrewajupipeloreoluwa,"Olanrewaju, Pipeloreoluwa",Fairfield,27,4,155,0,0,4,0,0
universityofmassachusettslowell:musielaklinus,"Musielak, Linus",University of Massachusetts Lowell,7,3,155,0,0,3,1,0
upst:burthenry,"Burt, Henry",UPST,16,2,155,0,0,1,0,0
uiw:kraenzelevan,"Kraenzel, Evan",UIW,15,3,155,0,0,4,1,0
chicagostate:hollanderaiden,"Hollander, Aiden",Chicago State,0,5,154,0,0,0,0,2
greenbay:bjornskovoscar,"Bjornskov, Oscar",Green Bay,11,9,154,0,0,4,0,0
lu:robertsgavin,"Roberts, Gavin",LU,18,2,154,0,0,0,0,0
loyola:smitheddie,"Smith, Eddie",Loyola,16,4,153,0,0,0,0,0
umo:cutlipnick,"Cutlip, Nick",UMO,1,2,153,0,0,0,0,0
uncwilmington:coatesjacob,"Coates, Jacob",UNC Wilmington,18,11,153,0,0,5,1,0
saintfrancis:seamanryan,"Seaman, Ryan",Saint Francis,27,5,151,0,0,1,1,0
northernkentucky:jervieriigregory,"Jervier II, Gregory",Northern Kentucky,28,6,151,0,0,4,1,0
ccsu:rautrevor,"Rau, Trevor",CCSU,3,2,151,0,0,2,0,0
utrgv:gashojonah,"Gasho, Jonah",UTRGV,3,4,150,0,0,1,0,0
depaul:wachseli,"Wachs, Eli",DePaul,15,17,149,0,0,0,0,0
purduefortwayne:aguirrebryan,"Aguirre, Bryan",Purdue Fort Wayne,24,12,149,0,0,4,2,0
stthomas:hoelschercharlie,"Hoelscher, Charlie",St. Thomas,27,13,149,0,0,0,0,0
fairfield:novinaelias,"Novina, Elias",Fairfield,26,10,149,0,0,0,0,0
uic:wardkyle,"Ward, Kyle",UIC,13,7,149,0,0,0,0,0
southcarolina:oddiriccardo,"Oddi, Riccardo",South Carolina,3,7,149,0,0,0,0,0
centralconnecticutstate:velasquezallen,"Velasquez, Allen",Central Connecticut State,11,4,149,0,0,0,0,0
saintjosephs:undorfcharlie,"Undorf, Charlie",Saint Joseph's,30,9,149,0,0,1,1,0
ncstate:caeiropedro,"Caeiro, Pedro",NC State,19,22,148,0,0,1,0,0
fau:rabotenzo,"Rabot, Enzo",FAU,20,18,148,0,0,0,0,0
bryant:guerreropablo,"Guerrero, Pablo",Bryant,23,13,148,0,0,3,0,0
stetson:bennettmaxwell,"Bennett, Maxwell",Stetson,24,7,148,0,0,0,0,1
loyolamaryland:memingerbrandon,"Meminger, Brandon",Loyola Maryland,13,4,148,0,0,0,0,0
louisville:sukatikg,"Sukati, KG",Louisville,9,16,147,0,0,3,0,0
rhodeisland:yurkovicnate,"Yurkovic, Nate",Rhode Island,28,14,147,0,0,0,0,0
saintjosephs:donnellyaidan,"Donnelly, Aidan",Saint Joseph's,15,9,147,0,0,4,0,0
brown:turiacesawyer,"Turiace, Sawyer",Brown,24,13,147,0,0,2,0,0
umo:thompsoncolby,"Thompson, Colby",UMO,20,2,146,0,0,0,0,0
regent:morrisisaiah,"Morris, Isaiah",Regent,11,2,146,0,0,0,0,0
usi:stevensnolan,"Stevens, Nolan",USI,28,5,146,0,0,1,0,0
lipscomb:franchiyohan,"Franchi, Yohan",Lipscomb,17,11,145,0,0,1,0,0
michigan:bramekamau,"Brame, Kamau",Michigan,22,18,145,0,0,0,0,0
clevelandstate:spencejourdan,"Spence, Jourdan",Cleveland State,9,8,145,0,0,1,0,0
usi:weidnerisaac,"Weidner, Isaac",USI,15,5,145,0,0,0,0,0
syracuse:friassantiago,"Frias, Santiago",Syracuse,33,19,144,0,0,0,0,0
southflorida:hunnicuttkyle,"Hunnicutt, Kyle",South Florida,21,16,144,0,0,5,0,0
fgcu:rosengrengustaf,"Rosengren, Gustaf",FGCU,12,10,144,0,0,0,0,0
indiana:shrefflerjustin,"Shreffler, Justin",Indiana,17,18,144,0,0,0,0,0
delaware:pastorerocco,"Pastore, Rocco",Delaware,20,11,144,0,0,0,0,0
wisconsin:chavezandrew,"Chavez, Andrew",Wisconsin,28,13,143,0,0,2,0,0
uncasheville:lagerweyowen,"Lagerwey, Owen",UNC Asheville,20,13,143,0,0,0,0,0
loyolamaryland:takawiramatthew,"Takawira, Matthew",Loyola Maryland,10,4,143,0,0,4,1,0
luc:bischofben,"Bischof, Ben",LUC,8,2,142,0,0,3,1,0
grandcanyon:healyliam,"Healy, Liam",Grand Canyon,25,9,142,0,0,0,0,0
stthomas:marshallowen,"Marshall, Owen",St. Thomas,21,13,142,0,0,0,0,0
providence:garrepybrian,"Garrepy, Brian",Providence,26,16,141,0,0,0,0,0
lafayette:deangelisconnor,"Deangelis, Connor",Lafayette,7,9,141,0,0,3,1,0
grandcanyonuniversity:kiefermax,"Kiefer, Max",Grand Canyon University,11,2,141,0,0,1,0,0
campbell:serysam,"Sery, Sam",Campbell,14,10,141,0,0,0,0,0
umo:gonzalezgancedojuan,"Gonzalez-Gancedo, Juan",UMO,7,2,141,0,0,1,0,0
ccsu:catanzaroanthony,"Catanzaro, Anthony",CCSU,27,2,141,0,0,7,2,0
loyolamd:andrewsryan,"Andrews, Ryan",Loyola (Md.),24,2,141,0,0,1,0,0
wrightstate:carpentercharlie,"Carpenter, Charlie",Wright State,4,10,140,0,0,3,1,0
jax:libertsimon,"Libert, Simon",JAX,4,3,140,0,0,2,2,0
oakland:abdulrazzakkinan,"Abdulrazzak, Kinan",Oakland,12,10,140,0,0,2,1,0
georgiastate:acevedojosh,"Acevedo, Josh",Georgia State,18,8,140,0,0,2,1,0
massachusetts:velezshane,"Velez, Shane",Massachusetts,16,2,140,0,0,6,3,0
loyolamd:nicholsrichie,"Nichols, Richie",Loyola (Md.),6,2,140,0,0,6,3,0
uncasheville:berryeli,"Berry, Eli",UNC Asheville,35,14,139,0,0,2,0,0
bowlinggreen:messingeraiden,"Messinger, Aiden",Bowling Green,25,7,139,0,0,0,0,0
niagarauniversity:kildeedoolanpaddy,"Kildee-Doolan, Paddy",Niagara University,2,4,139,0,0,2,1,0
westernillinois:philpotttyler,"Philpott, Tyler",Western Illinois,13,9,138,0,0,2,1,0
winthrop:williamsmathew,"Williams, Mathew",Winthrop,17,7,138,0,0,1,0,0
seattle:guerreroenrique,"Guerrero, Enrique",Seattle,26,9,138,0,0,1,1,0
regent:thoamsdrew,"Thoams, Drew",Regent,31,2,138,0,0,0,0,0
jax:amalbertipierce,"Amalberti, Pierce",JAX,23,3,138,0,0,4,1,0
airforce:robinsoncaydence,"Robinson, Caydence",Air Force,1,13,138,0,0,0,0,4
loyolamd:herleycharlie,"Herley, Charlie",Loyola (Md.),12,2,137,0,0,2,0,0
queens:grafakosmaximos,"Grafakos, Maximos",Queens,26,10,136,0,0,2,0,0
butler:dawberoscar,"Dawber, Oscar",Butler,2,7,136,0,0,1,1,0
wisconsin:vanmolari,"van Mol, Ari",Wisconsin,13,6,136,0,0,1,0,0
sanjosestate:navarretesamuel,"Navarrete, Samuel",San Jose State,22,5,136,0,0,2,0,0
ucsandiego:aghaiannick,"Aghaian, Nick",UC San Diego,24,11,136,0,0,0,0,0
ualbany:rachorbenedikt,"Rachor, Benedikt",UAlbany,6,7,136,0,0,0,0,0
udm:phillipsmateo,"Phillips, Mateo",UDM,18,3,136,0,0,2,1,0
vcu:monteiromanuel,"Monteiro, Manuel",VCU,13,5,135,0,0,0,0,0
fordham:perelmanleo,"Perelman, Leo",Fordham,31,3,135,0,0,0,0,0
ucdavis:greenderrick,"Green, Derrick",UC Davis,4,11,135,0,0,2,0,0
grandcanyonuniversity:kieferjack,"Kiefer, Jack",Grand Canyon University,15,2,135,0,0,1,0,0
gardnerwebb:delsouzramesh,"Delsouz, Ramesh",Gardner-Webb,28,18,135,0,0,2,1,0
canisius:dominguezdominic,"Dominguez, Dominic",Canisius,31,2,135,0,0,0,0,2
northernkentucky:barthlandon,"Barth, Landon",Northern Kentucky,35,4,135,0,0,0,0,0
grandcanyon:atkinsongavin,"Atkinson, Gavin",Grand Canyon,1,3,135,0,0,0,0,0
vmi:rochasantiago,"Rocha, Santiago",VMI,33,5,135,0,0,0,0,0
uvm:robbanaomar,"Robbana, Omar",UVM,3,2,135,0,0,0,0,0
uvm:afugglasludvig,"af Ugglas, Ludvig",UVM,25,2,135,0,0,0,0,0
bellarmine:gribblesawyer,"Gribble, Sawyer",Bellarmine,13,3,135,0,0,0,0,0
williammary:gormanjack,"Gorman, Jack",William & Mary,00,5,135,0,0,0,0,6
centralconnecticutstate:torreschristian,"Torres, Christian",Central Connecticut State,24,2,135,0,0,0,0,2
loyolamarymount:gameiroadrien,"Gameiro, Adrien",Loyola Marymount,2,6,135,0,0,1,0,0
centralconnecticutstateuniversity:velasquezallen,"Velasquez, Allen",Central Connecticut State University,11,2,135,0,0,0,0,0
loyolauniversitymaryland:vanderwaltdylan,"Van der Walt, Dylan",Loyola University Maryland,1,2,135,0,0,0,0,0
kentucky:haughtonparrismekhi,"Haughton-Parris, Mekhi",Kentucky,21,8,135,0,0,1,0,0
loyolamd:hallsoscar,"Halls, Oscar",Loyola (Md.),5,2,135,0,0,1,0,0
albany:hermelorodrigo,"Hermelo, Rodrigo",Albany,22,2,135,0,0,2,1,0
udm:tewsquinn,"Tews, Quinn",UDM,1,2,135,0,0,0,0,0
rutgers:gordonjaeden,"Gordon, Jaeden",Rutgers,17,16,134,0,0,0,0,0
ucla:concepcionkian,"Concepcion, Kian",UCLA,13,10,134,0,0,0,0,0
bostonuniversity:salamidamola,"Salami, Damola",Boston University,25,15,134,0,0,4,3,0
saintpeters:vickeryteejay,"Vickery, Teejay",Saint Peter's,8,9,134,0,0,1,0,0
regent:peterraik,"Peter, Raik",Regent,29,2,134,0,0,0,0,3
jacksonville:davicsantosleonardo,"Davi C Santos, Leonardo",Jacksonville,12,8,134,0,0,2,1,0
niagarauniversity:buscaglialuca,"Buscaglia, Luca",Niagara University,6,4,134,0,0,3,0,0
albany:cookethan,"Cook, Ethan",Albany,3,2,134,0,0,1,1,0
easternillinois:freiresilvadaniel,"Freire Silva, Daniel",Eastern Illinois,20,4,133,0,0,1,0,0
liu:juszczakalex,"Juszczak, Alex",LIU,12,8,133,0,0,0,0,0
virginia:serafinodrew,"Serafino, Drew",Virginia,22,10,133,0,0,1,1,0
yale:leintusalif,"Leintu, Salif",Yale,9,11,133,0,0,0,0,0
gcu:kieferjack,"Kiefer, Jack",GCU,15,2,133,0,0,0,0,0
universityofmassachusetts:wadasthomas,"Wadas, Thomas",University of Massachusetts,7,2,133,0,0,3,0,0
etsu:camachojosue,"Camacho, Josue",ETSU,16,7,133,0,0,1,0,0
northflorida:trtoomar,"Trto, Omar",North Florida,15,13,132,0,0,0,0,0
howard:julienjorden,"Julien, Jorden",Howard,9,11,132,0,0,2,1,0
centralconnecticutstate:bowmanparker,"Bowman, Parker",Central Connecticut State,28,6,132,0,0,4,3,0
milwaukee:weiroliver,"Weir, Oliver",Milwaukee,7,3,132,0,0,1,1,0
easternillinois:cotejackson,"Cote, Jackson",Eastern Illinois,16,10,131,0,0,3,2,0
charleston:watsonjames,"Watson, James",Charleston,25,13,131,0,0,1,0,0
uconn:emmerlingmaxim,"Emmerling, Maxim",UConn,3,21,130,0,0,0,0,0
ucdavis:leypongavin,"Leypon, Gavin",UC Davis,2,6,130,0,0,3,2,0
american:pazpaulino,"Paz, Paulino",American,20,9,130,0,0,0,0,0
wakeforest:davilajojo,"Davila, Jojo",Wake Forest,15,14,130,0,0,0,0,0
georgetown:brownjack,"Brown, Jack",Georgetown,16,17,130,0,0,3,1,0
georgetown:rosenthalcharles,"Rosenthal, Charles",Georgetown,23,16,130,0,0,5,1,0
uvm:lockermannnick,"Lockermann, Nick",UVM,10,2,130,0,0,4,1,0
purduefortwayne:lileyjackson,"Liley, Jackson",Purdue Fort Wayne,17,10,129,0,0,1,1,0
umasslowell:somorrostrosantiago,"Somorrostro, Santiago",UMass Lowell,27,14,129,0,0,5,4,0
csun:vanlieshoutyart,"van Lieshout, Yart",CSUN,11,8,129,0,0,1,0,0
etsu:idlibizayd,"Idlibi, Zayd",ETSU,9,5,129,0,0,1,0,0
uab:sigurdssonolafur,"Sigurdsson, Olafur",UAB,9,10,129,0,0,1,0,0
lehigh:sharkeythomas,"Sharkey, Thomas",Lehigh,18,12,129,0,0,0,0,0
templeuniversity:holmanwilson,"Holman, Wilson",Temple University,7,16,128,0,0,1,0,0
akron:filsingerconnor,"Filsinger, Connor",Akron,7,20,128,0,0,1,0,0
bostonuniversity:zacariasjason,"Zacarias, Jason",Boston University,26,15,128,0,0,0,0,0
dayton:brinkhaukur,"Brink, Haukur",Dayton,11,5,128,0,0,3,2,0
canisius:hernandezjason,"Hernandez, Jason",Canisius,12,6,128,0,0,0,0,0
wofford:dissingercooper,"Dissinger, Cooper",Wofford,13,10,128,0,0,0,0,0
quinnipiac:saputojrjoey,"Saputo Jr., Joey",Quinnipiac,9,8,128,0,0,2,0,0
easternillinois:browndavid,"Brown, David",Eastern Illinois,4,6,128,0,0,1,1,0
centralconnecticutstateuniversity:gikasjohannes,"Gikas, Johannes",Central Connecticut State University,29,3,128,0,0,2,0,0
loyolauniversitymaryland:takawiramatthew,"Takawira, Matthew",Loyola University Maryland,10,4,128,0,0,7,0,0
uscupstate:westollie,"West, Ollie",USC Upstate,15,13,127,0,0,0,0,0
belmontuniversity:elliottaj,"Elliott, AJ",Belmont University,17,11,127,0,0,0,0,0
canisius:dehmgriffen,"Dehm, Griffen",Canisius,20,8,127,0,0,4,2,0
cornell:bredemancaden,"Bredeman, Caden",Cornell,29,9,127,0,0,0,0,0
uscupstate:ruzmirbj,"Ruzmir, BJ",USC Upstate,6,13,126,0,0,0,0,0
pacific:goveadaniel,"Govea, Daniel",Pacific,8,5,126,0,0,1,1,0
umo:bayoumirami,"Bayoumi, Rami",UMO,11,2,126,0,0,1,1,0
calstatefullerton:obradoribanezpablo,"Obrador-Ibanez, Pablo",Cal State Fullerton,8,6,126,0,0,2,0,0
newhaven:carolabernardo,"Carola, Bernardo",New Haven,34,7,126,0,0,0,0,0
universityofmassachusettslowell:perezoscar,"Perez, Oscar",University of Massachusetts Lowell,5,2,126,0,0,1,1,0
umo:njiealagie,"Njie, Alagie",UMO,5,2,125,0,0,0,0,0
georgetown:demarcocharlie,"DeMarco, Charlie",Georgetown,24,15,125,0,0,0,0,1
lu:palushajjozef,"Palushaj, Jozef",LU,17,4,125,0,0,3,1,0
loyolamd:tuckertyler,"Tucker, Tyler",Loyola (Md.),2,2,125,0,0,0,0,0
centralconnecticutstateuniversity:bravadogavin,"Bravado, Gavin",Central Connecticut State University,22,2,125,0,0,4,2,0
westernillinois:knightwill,"Knight, Will",Western Illinois,24,4,124,0,0,0,0,0
missouristate:oconnorharris,"O'Connor, Harris",Missouri State,3,14,124,0,0,1,0,0
calstatefullerton:mestrematias,"Mestre, Matias",Cal State Fullerton,18,3,124,0,0,1,1,0
villanova:mazzolaluca,"Mazzola, Luca",Villanova,8,8,124,0,0,1,1,0
albany:mrveljrokobranko,"Mrvelj, Roko Branko",Albany,5,2,124,0,0,0,0,0
holycross:kelnergrant,"Kelner, Grant",Holy Cross,12,9,123,0,0,0,0,0
etsu:gunjason,"Gun, Jason",ETSU,13,6,123,0,0,0,0,0
ucsandiego:bogonkomhone,"Bogonko, Mhone",UC San Diego,25,10,123,0,0,1,0,0
butler:osornioernesto,"Osornio, Ernesto",Butler,7,9,123,0,0,1,0,0
ucirvine:jugelijah,"Jugé, Elijah",UC Irvine,3,14,123,0,0,0,0,0
holycross:everettowen,"Everett, Owen",Holy Cross,7,9,123,0,0,3,1,0
mercyhurst:mullenliam,"Mullen, Liam",Mercyhurst,20,8,123,0,0,0,0,0
centralconnecticutstate:carriassam,"Carrias, Sam",Central Connecticut State,5,4,123,0,0,1,0,0
udm:sandahlnoah,"Sandahl, Noah",UDM,13,2,123,0,0,0,0,0
centralconnecticutstateuniversity:toftevaagherman,"Toftevaag, Herman",Central Connecticut State University,2,2,123,0,0,0,0,0
loyolamd:flynntyler,"Flynn, Tyler",Loyola (Md.),11,2,123,0,0,6,1,0
harvard:hatayuta,"Hata, Yuta",Harvard,22,10,122,0,0,7,3,0
stthomas:kuelthaujack,"Kuelthau, Jack",St. Thomas,29,11,122,0,0,0,0,0
lu:hubertharrison,"Hubert, Harrison",LU,16,4,122,0,0,0,0,0
california:bellbrendan,"Bell, Brendan",California,18,18,121,0,0,2,2,0
creighton:deppeaaron,"Deppe, Aaron",Creighton,14,14,121,0,0,1,1,0
holycross:rostanpatrick,"Rostan, Patrick",Holy Cross,29,8,121,0,0,0,0,0
mercyhurst:hakeljustin,"Hakel, Justin",Mercyhurst,32,7,121,0,0,0,0,0
utrgv:hernandezdylan,"Hernandez, Dylan",UTRGV,19,4,121,0,0,1,0,0
udm:crookszander,"Crooks, Zander",UDM,8,3,121,0,0,4,3,0
merrimackcollege:mancaniellojack,"Mancaniello, Jack",Merrimack College,12,4,121,0,0,0,0,0
loyolamd:wagnercurtis,"Wagner, Curtis",Loyola (Md.),26,2,121,0,0,0,0,0
unf:graniturluc,"Granitur, Luc",UNF,11,3,121,0,0,1,0,0
winthrop:morganbrandon,"Morgan, Brandon",Winthrop,26,10,120,0,0,3,1,0
tulsa:nkansadwamenanick,"Nkansa-Dwamena, Nick",Tulsa,20,17,120,0,0,1,0,0
lasalle:ariassteven,"Arias, Steven",La Salle,36,7,120,0,0,1,0,0
santaclara:kengeyebaronyi,"Kengeye, Baronyi",Santa Clara,9,4,120,0,0,2,0,0
universityofsouthernindiana:mcgowankael,"McGowan, Kael",University of Southern Indiana,0,4,119,0,0,0,0,6
ohiostate:faupelanthony,"Faupel, Anthony",Ohio State,16,15,119,0,0,4,1,0
bowlinggreen:simsxavier,"Sims, Xavier",Bowling Green,13,11,119,0,0,2,0,0
uic:zanijaime,"Zani, Jaime",UIC,15,4,119,0,0,2,1,0
cornell:eckgriffin,"Eck, Griffin",Cornell,14,8,119,0,0,3,0,0
universityatalbany:navasandre,"Navas, Andre",University at Albany,11,3,119,0,0,4,1,0
jamesmadison:tarrychris,"Tarry, Chris",James Madison,2,12,118,0,0,1,0,0
oregonstate:vidaloriol,"Vidal, Oriol",Oregon State,4,9,118,0,0,0,0,0
loyola:takawiramatthew,"Takawira, Matthew",Loyola,10,4,118,0,0,3,1,0
bucknell:findlaycolin,"Findlay, Colin",Bucknell,9,9,118,0,0,1,1,0
merrimackcollege:fanduhyaneduard,"Fanduhyan, Eduard",Merrimack College,22,5,118,0,0,2,2,0
butler:lindseytrent,"Lindsey, Trent",Butler,19,8,118,0,0,1,0,0
centralconnecticutstateuniversity:nnurofrimpongnana,"Nnuro-Frimpong, Nana",Central Connecticut State University,8,3,118,0,0,0,0,0
sandiego:vigilchristian,"Vigil, Christian",San Diego,22,8,117,0,0,0,0,0
michigan:tatchjake,"Tatch, Jake",Michigan,21,19,117,0,0,5,2,0
northcarolina:hernandezjavier,"Hernandez , Javier",North Carolina,18,18,117,0,0,1,0,0
creighton:boumnlendamos,"Boum Nlend, Amos",Creighton,9,15,117,0,0,3,0,0
missouristate:heronarchie,"Heron, Archie",Missouri State,18,14,117,0,0,0,0,0
umo:seilerdevin,"Seiler, Devin",UMO,4,2,117,0,0,0,0,0
westernillinois:prestamarco,"Presta, Marco",Western Illinois,4,6,117,0,0,2,0,0
binghamton:tullochdmitri,"Tulloch, Dmitri",Binghamton,17,6,116,0,0,1,0,0
pc:falconermax,"Falconer, Max",PC,14,2,116,0,0,1,0,0
californiabaptist:escobarbowiezacarias,"Escobar-Bowie, Zacarias",California Baptist,21,8,116,0,0,1,1,0
upst:bitonitamar,"Biton, Itamar",UPST,3,2,116,0,0,1,0,0
rutgers:kozasawyer,"Koza, Sawyer",Rutgers,44,17,115,0,0,4,1,0
marquette:molnarbence,"Molnar, Bence",Marquette,9,15,115,0,0,3,1,0
easternillinois:getzingernolan,"Getzinger, Nolan",Eastern Illinois,11,10,115,0,0,3,1,0
pennstate:clairconor,"Clair, Conor",Penn State,23,12,115,0,0,0,0,0
winthrop:mcdougalldavid,"McDougall, David",Winthrop,13,10,115,0,0,1,1,0
northernkentucky:jervieriitre,"Jervier II, Tre",Northern Kentucky,28,6,115,0,0,2,1,0
gcu:tabaresrichard,"Tabares, Richard",GCU,16,2,115,0,0,3,1,0
umass:tsuchiyayuto,"Tsuchiya, Yuto",UMass,15,9,115,0,0,0,0,0
chicagostate:mutalibovalex,"Mutalibov, Alex",Chicago State,32,2,115,0,0,0,0,0
vcu:garitafabian,"Garita, Fabian",VCU,16,10,114,0,0,2,1,0
utrgv:jarahobieda,"Jarah, Obieda",UTRGV,4,2,114,0,0,0,0,0
harvard:vicianmatus,"Vician, Matus",Harvard,18,12,114,0,0,1,1,0
loyolachicago:moralesbilbaokike,"Morales Bilbao, Kike",Loyola Chicago,21,6,114,0,0,6,1,0
universityofmassachusettslowell:dugganliam,"Duggan, Liam",University of Massachusetts Lowell,23,3,114,0,0,0,0,0
stanford:logandillon,"Logan, Dillon",Stanford,21,10,113,0,0,1,0,0
njit:canicajordan,"Canica, Jordan",NJIT,7,5,113,0,0,0,0,0
regent:bellcooper,"Bell, Cooper",Regent,17,2,113,0,0,0,0,0
wofford:causeywilliam,"Causey, William",Wofford,21,12,113,0,0,1,0,0
omaha:maganajohan,"Magana, Johan",Omaha,19,10,113,0,0,1,0,0
highpoint:bruckermatt,"Brucker, Matt",High Point,25,14,113,0,0,4,1,0
udm:stocktonvincent,"Stockton, Vincent",UDM,2,2,113,0,0,4,2,0
lwu:coutinhojose,"Coutinho, Jose",LWU,29,2,112,0,0,9,2,0
calstatefullerton:ibessainetarek,"Ibessaine, Tarek",Cal State Fullerton,13,9,112,0,0,4,1,0
uvm:granttoby,"Grant, Toby",UVM,19,2,112,0,0,0,0,0
centralconnecticutstateuniversity:shafeiyoussef,"Shafei, Youssef",Central Connecticut State University,9,3,112,0,0,2,0,0
duke:heckerian,"Hecker, Ian",Duke,19,20,111,0,0,4,2,0
pittsburgh:hauskrechtalex,"Hauskrecht, Alex",Pittsburgh,27,16,111,0,0,0,0,0
westvirginia:bowethomas,"Bowe, Thomas",West Virginia,20,15,111,0,0,2,0,0
dayton:bazanedgar,"Bazan, Edgar",Dayton,14,4,111,0,0,2,0,0
centralconnecticutstate:mcconneryjake,"McConnery, Jake",Central Connecticut State,4,3,111,0,0,0,0,0
wakeforest:ndongnguemadavid,"Ndong Nguema, David",Wake Forest,8,7,111,0,0,0,0,0
ccsu:wrightcolin,"Wright, Colin",CCSU,7,2,111,0,0,0,0,0
loyolamaryland:andrewsryan,"Andrews, Ryan",Loyola Maryland,24,2,111,0,0,2,0,0
saintmarys:beattyhenry,"Beatty, Henry",Saint Mary's,14,14,110,0,0,3,1,0
northcarolina:maimartin,"Mai, Martin",North Carolina,26,18,110,0,0,4,0,0
manhattan:alleynedaniel,"Alleyne, Daniel",Manhattan,18,8,110,0,0,2,1,0
uncgreensboro:rustamiadam,"Rustami, Adam",UNC Greensboro,21,11,110,0,0,0,0,0
fiu:durhanjameel,"Durhan, Jameel",FIU,26,9,110,0,0,2,1,0
graphitedivisionstetson:radaellinicol,"Radaelli, Nicolò",(Graphite Division) Stetson,1,1,110,0,0,0,0,3
graphitedivisionstetson:casasandre,"Casas, Andre",(Graphite Division) Stetson,2,1,110,0,0,0,0,0
graphitedivisionstetson:appolonross,"Appolon, Ross",(Graphite Division) Stetson,4,1,110,0,0,0,0,0
graphitedivisionstetson:donatobenjamin,"Donato, Benjamin",(Graphite Division) Stetson,6,1,110,0,0,2,1,0
graphitedivisionstetson:fontainevalentin,"Fontaine, Valentin",(Graphite Division) Stetson,8,1,110,0,0,3,0,0
graphitedivisionstetson:crocegiuseppe,"Croce, Giuseppe",(Graphite Division) Stetson,22,1,110,0,0,0,0,0
ucla:solansormosergi,"Solans Ormo, Sergi",UCLA,9,1,110,0,0,8,4,0
gcu:gustavssonviggo,"Gustavsson, Viggo",GCU,5,1,110,0,0,0,0,0
furmanthirdround:wagnerryan,"Wagner, Ryan",Furman - Third Round,5,1,110,0,0,1,0,0
furmanthirdround:stoutconnor,"Stout, Connor",Furman - Third Round,24,1,110,0,0,2,1,0
furmanthirdround:dunhambraden,"Dunham, Braden",Furman - Third Round,25,1,110,0,0,0,0,0
furmanthirdround:munsonluke,"Munson, Luke",Furman - Third Round,27,1,110,0,0,1,0,0
furmanthirdround:horvativan,"Horvat, Ivan",Furman - Third Round,30,1,110,0,0,0,0,0
binghamton:thomascailen,"Thomas, Cailen",Binghamton,13,5,109,0,0,1,0,0
saintfrancis:escobaralejandro,"Escobar, Alejandro",Saint Francis,22,5,109,0,0,0,0,0
uncgreensboro:schmidtbautista,"Schmidt, Bautista",UNC Greensboro,15,12,109,0,0,1,0,0
jax:izujoshua,"Izu, Joshua",JAX,19,3,109,0,0,1,1,0
loyolachicago:rettenmaierbeck,"Rettenmaier, Beck",Loyola Chicago,22,6,109,0,0,2,0,0
queens:whittcaden,"Whitt, Caden",Queens,18,8,108,0,0,0,0,0
ohiostate:onodizsombar,"Onodi, Zsombar",Ohio State,29,8,107,0,0,1,0,0
regent:groschtrevor,"Grosch, Trevor",Regent,1,2,107,0,0,0,0,12
utrgv:mendoncabastosdiogo,"Mendonca Bastos, Diogo",UTRGV,27,3,107,0,0,2,1,0
uic:assafluka,"Assaf, Luka",UIC,15,5,107,0,0,2,1,0
ucsantabarbara:neymika,"Ney, Mika",UC Santa Barbara,5,8,106,0,0,1,1,0
liu:vivoricardo,"Vivo, Ricardo",LIU,14,7,106,0,0,1,1,0
saintpeters:hallgrenjohn,"Hallgren, John",Saint Peter's,29,8,106,0,0,1,1,0
newhaven:yamadataichi,"Yamada, Taichi",New Haven,25,8,106,0,0,1,0,0
fdu:reuschernoah,"Reuscher, Noah",FDU,13,7,106,0,0,0,0,4
grandcanyon:watkinsmichael,"Watkins, Michael",Grand Canyon,21,4,106,0,0,2,1,0
loyolamaryland:stephensonjahvar,"Stephenson, Jahvar",Loyola Maryland,15,4,106,0,0,0,0,0
upst:vanderdonkteun,"van der Donk, Teun",UPST,26,2,106,0,0,0,0,0
graphitedivisionstetson:condeafonso,"Conde, Afonso",(Graphite Division) Stetson,7,1,106,0,0,1,0,0
wisconsin:caponecaleb,"Capone, Caleb",Wisconsin,24,14,105,0,0,1,1,0
grandcanyonuniversity:volcycharles,"Volcy, Charles",Grand Canyon University,29,2,105,0,0,0,0,0
albany:barkandavid,"Barkan, David",Albany,9,2,105,0,0,3,0,0
gcu:dioufjunior,"Diouf, Junior",GCU,9,1,105,0,0,3,0,0
lasalle:esquivelalberto,"Esquivel, Alberto",La Salle,8,4,104,0,0,0,0,0
ncstate:abdouhadam,"Abdouh, Adam",NC State,25,22,103,0,0,0,0,0
northcarolina:bakayokoyaya,"Bakayoko, Yaya",North Carolina,35,18,103,0,0,0,0,0
jamesmadison:dooguejack,"Doogue, Jack",James Madison,99,15,103,0,0,0,0,4
loyola:lacknercal,"Lackner, Cal",Loyola,28,4,103,0,0,1,0,0
southflorida:stanciubence,"Stanciu, Bence",South Florida,19,15,103,0,0,0,0,0
radford:itoharu,"Ito, Haru",Radford,15,13,103,0,0,1,0,0
regent:gillgraylan,"Gill, Graylan",Regent,18,2,103,0,0,0,0,0
ucla:cantafiodylan,"Cantafio, Dylan",UCLA,25,11,103,0,0,1,1,0
bowlinggreen:mccoytyson,"McCoy, Tyson",Bowling Green,9,10,103,0,0,2,0,0
uab:vivaldinigiulherme,"Vivaldini, Giulherme",UAB,10,3,103,0,0,1,1,0
albany:brucewilliam,"Bruce, William",Albany,2,2,103,0,0,0,0,0
pennstate:rungejeppe,"Runge, Jeppe",Penn State,7,10,102,0,0,2,0,0
lehigh:bergerethan,"Berger, Ethan",Lehigh,19,13,102,0,0,0,0,0
harvard:fregosojuanpablo,"Fregoso, Juan Pablo",Harvard,24,8,102,0,0,0,0,0
lafayette:clarktommy,"Clark, Tommy",Lafayette,19,5,102,0,0,3,2,0
columbiauniversity:kuttnercristoph,"Kuttner, Cristoph",Columbia University,9,2,102,0,0,3,1,0
winthrop:swensoncaleb,"Swenson, Caleb",Winthrop,21,10,101,0,0,4,3,0
charlotte:navarroaciocypress,"Navarro-Acio, Cypress",Charlotte,19,15,101,0,0,0,0,0
michigan:parkermurphy,"Parker, Murphy",Michigan,16,18,101,0,0,0,0,0
charleston:rayramsey,"Ray, Ramsey",Charleston,20,14,101,0,0,0,0,0
saintfrancisuniversity:mitchelliiithero,"Mitchell III, Thero",Saint Francis University,15,2,101,0,0,1,1,0
duke:hauschildalex,"Hauschild, Alex",Duke,5,20,100,0,0,3,1,0
umo:sousajacques,"Sousa, Jacques",UMO,6,2,100,0,0,0,0,0
howard:agyemangezekiel,"Agyemang, Ezekiel",Howard,27,9,100,0,0,1,0,0
chicagostate:adsyaseen,"Ads, Yaseen",Chicago State,28,6,100,0,0,1,0,0
cornell:momanyicalvin,"Momanyi, Calvin",Cornell,26,10,100,0,0,3,1,0
rhodeisland:casadojaime,"Casado, Jaime",Rhode Island,11,4,100,0,0,2,1,0
massachusetts:adugyamfikwame,"Adu-Gyamfi, Kwame",Massachusetts,27,2,100,0,0,1,0,0
denver:schwartzgabe,"Schwartz, Gabe",Denver,24,20,99,0,0,0,0,2
wisconsin:greensam,"Green, Sam",Wisconsin,11,6,99,0,0,3,0,0
wrightstate:magalhaesjoao,"Magalhaes, Joao",Wright State,31,10,99,0,0,0,0,0
uncwilmington:powellcaleb,"Powell, Caleb",UNC Wilmington,19,12,99,0,0,0,0,0
liu:burghartmanuel,"Burghart, Manuel",LIU,5,5,99,0,0,0,0,0
chicagostate:dengjacob,"Deng, Jacob",Chicago State,20,4,99,0,0,0,0,0
loyolachicago:pintofrankie,"Pinto, Frankie",Loyola Chicago,30,3,99,0,0,0,0,0
niagarauniversity:mittelstadttommy,"Mittelstadt, Tommy",Niagara University,7,4,99,0,0,3,0,0
loyolauniversitymaryland:ozgasteven,"Ozga, Steven",Loyola University Maryland,23,3,99,0,0,1,1,0
olddominion:rodgersjordan,"Rodgers, Jordan",Old Dominion,18,8,98,0,0,1,1,0
incarnateword:longzion,"Long, Zion",Incarnate Word,32,6,98,0,0,4,2,0
northernillinois:squiresjosh,"Squires, Josh",Northern Illinois,12,4,98,0,0,1,0,0
pc:buriadrian,"Buri, Adrian",PC,3,2,98,0,0,6,2,0
longwood:ratinhojoao,"Ratinho, Joao",Longwood,14,6,98,0,0,4,2,0
universityatalbany:brucewilliam,"Bruce, William",University at Albany,2,2,98,0,0,0,0,0
universityatalbany:mcdermottbrennan,"McDermott, Brennan",University at Albany,20,3,98,0,0,0,0,0
northwestern:naganosam,"Nagano, Sam",Northwestern,2,13,97,0,0,0,0,0
loyola:mcevoycole,"McEvoy, Cole",Loyola,7,4,97,0,0,3,1,0
regent:johnsaustin,"Johns, Austin",Regent,7,2,97,0,0,0,0,0
regent:dehoamayajonathan,"Deho-Amaya, Jonathan",Regent,12,2,97,0,0,1,0,0
oakland:pinheirojayden,"Pinheiro, Jayden",Oakland,25,5,97,0,0,0,0,0
unlv:randjayse,"Rand, Jayse",UNLV,23,9,97,0,0,1,1,0
portland:jeppeoliver,"Jeppe, Oliver",Portland,12,6,97,0,0,0,0,0
portland:portisandrew,"Portis, Andrew",Portland,24,6,97,0,0,1,0,0
udm:speensamuel,"Speen, Samuel",UDM,14,3,97,0,0,0,0,0
saintfrancis:napoleanbrandon,"Napolean, Brandon",Saint Francis,16,3,97,0,0,0,0,0
purduefortwayne:nunezbrandon,"Nunez, Brandon",Purdue Fort Wayne,23,12,96,0,0,2,2,0
coastalcarolina:valdimarssonrobert,"Valdimarsson, Robert",Coastal Carolina,20,14,96,0,0,2,0,0
campbell:morosioannis,"Moros, Ioannis",Campbell,26,9,96,0,0,2,0,0
northeastern:concesrichard,"Conces, Richard",Northeastern,13,8,96,0,0,3,1,0
uvm:zellefrowryan,"Zellefrow, Ryan",UVM,27,2,96,0,0,1,0,0
upst:kellyoscar,"Kelly, Oscar",UPST,9,2,96,0,0,3,1,0
georgiasouthern:wilsonty,"Wilson, Ty",Georgia Southern,23,18,95,0,0,1,0,0
fiu:gorebiemmanuel,"Gore Bi, Emmanuel",FIU,5,10,95,0,0,0,0,0
luc:baileygrant,"Bailey, Grant",LUC,20,2,95,0,0,0,0,0
northeastern:sciarratomas,"Sciarra, Tomas",Northeastern,9,6,95,0,0,3,1,0
wrightstate:abramsshayne,"Abrams, Shayne",Wright State,35,9,95,0,0,1,0,0
ucsandiego:fujitamasayuki,"Fujita, Masayuki",UC San Diego,15,2,95,0,0,2,0,0
centralarkansas:ngongangclaudel,"Ngongang, Claudel",Central Arkansas,27,6,95,0,0,2,0,0
marist:kaspinben,"Kaspin, Ben",Marist,12,10,95,0,0,2,2,0
uvm:bultmanpieter,"Bultman, Pieter",UVM,24,2,95,0,0,1,0,0
graphitedivisionstetson:mataandres,"Mata, Andres",(Graphite Division) Stetson,23,1,95,0,0,2,0,0
queens:kemptonjacob,"Kempton, Jacob",Queens,31,7,94,0,0,1,1,0
lafayette:gamezjeovany,"Gamez, Jeovany",Lafayette,2,8,94,0,0,3,1,0
templeuniversity:siravomichael,"Siravo, Michael",Temple University,34,15,94,0,0,0,0,0
ucirvine:brownabraham,"Brown, Abraham",UC Irvine,24,18,94,0,0,2,0,0
jamesmadison:carlyonjackson,"Carlyon, Jackson",James Madison,25,15,94,0,0,0,0,0
omaha:brakkebrody,"Brakke, Brody",Omaha,6,11,94,0,0,0,0,0
lasalle:rodriguezandres,"Rodriguez, Andres",La Salle,35,10,94,0,0,0,0,0
regent:rendonantonio,"Rendon, Antonio",Regent,16,2,94,0,0,0,0,0
stbonaventure:boothharry,"Booth, Harry",St. Bonaventure,20,6,94,0,0,2,0,0
charleston:neroty,"Nero, Ty",Charleston,5,13,94,0,0,0,0,0
utrgv:dahlmads,"Dahl, Mads",UTRGV,6,2,94,0,0,1,0,0
pennstate:delacruzsebastian,"Delacruz, Sebastian",Penn State,24,11,94,0,0,2,0,0
niagara:woodsrobert,"Woods, Robert",Niagara,12,6,94,0,0,1,0,0
merrimackcollege:baischpedro,"Baisch, Pedro",Merrimack College,23,4,94,0,0,0,0,0
providence:munozjeremy,"Munoz, Jeremy",Providence,22,16,93,0,0,0,0,0
luc:abdullahameer,"Abdullah, Ameer",LUC,5,2,93,0,0,0,0,0
robertmorris:alexandrechase,"Alexandre, Chase",Robert Morris,8,12,93,0,0,1,1,0
gonzaga:vandeijckjelle,"Van Deijck, Jelle",Gonzaga,28,6,93,0,0,2,1,0
chicagostate:herzogthomas,"Herzog, Thomas",Chicago State,8,5,93,0,0,3,1,0
bellarmine:trowelsawyer,"Trowel, Sawyer",Bellarmine,25,7,93,0,0,0,0,0
unf:perezdavid,"Perez, David",UNF,99,2,93,0,0,0,0,0
albany:vallancecaleb,"Vallance, Caleb",Albany,8,2,93,0,0,0,0,0
georgiastate:djehasamirmohamed,"Djeha, Samir-Mohamed",Georgia State,21,2,93,0,0,2,0,0
stjohns:ranisavljevicduan,"Ranisavljevic, Dušan",St. John's,29,16,92,0,0,1,0,0
olddominion:yoshikawakosuke,"Yoshikawa, Kosuke",Old Dominion,27,7,92,0,0,1,1,0
umass:murasawashun,"Murasawa, Shun",UMass,8,12,92,0,0,1,1,0
njit:lazojaluan,"Lazoja, Luan",NJIT,25,5,92,0,0,2,0,0
stetson:millswilliam,"Mills, William",Stetson,29,3,92,0,0,3,1,0
dartmouthcollege:careyevansdaniel,"Carey-Evans, Daniel",Dartmouth College,3,11,92,0,0,0,0,0
gcu:kiefermax,"Kiefer, Max",GCU,11,2,92,0,0,0,0,0
army:mccarthycolin,"McCarthy, Colin",Army,6,14,92,0,0,0,0,0
upst:vallejojustin,"Vallejo, Justin",UPST,12,2,92,0,0,2,0,0
bu:vaneuwenpeter,"Van Euwen, Peter",BU,0,1,92,0,0,0,0,0
bu:coxjeffrey,"Cox, Jeffrey",BU,20,1,92,0,0,1,0,0
bu:saflysam,"Safly, Sam",BU,27,1,92,0,0,0,0,0
bu:harshawnick,"Harshaw, Nick",BU,29,1,92,0,0,2,1,0
bu:cadaganmartin,"Cadagan, Martin",BU,37,1,92,0,0,0,0,0
stanford:bennettbrad,"Bennett, Brad",Stanford,26,10,91,0,0,0,0,0
omaha:gravekampmaarten,"Gravekamp, Maarten",Omaha,21,12,91,0,0,0,0,0
bucknell:newcombegavin,"Newcombe, Gavin",Bucknell,14,15,91,0,0,0,0,0
bowlinggreen:poppellbradley,"Poppell, Bradley",Bowling Green,22,7,91,0,0,1,1,0
lemoynecollege:palmermyles,"Palmer, Myles",Le Moyne College,17,3,91,0,0,2,1,0
wakeforest:barnettowen,"Barnett, Owen",Wake Forest,30,14,91,0,0,0,0,6
fdu:mutomboyayo,"Mutombo, Yayo",FDU,12,8,91,0,0,1,0,0
utrgv:nelsonmicah,"Nelson, Micah",UTRGV,12,3,91,0,0,1,1,0
duquesne:meonoaaron,"Meono, Aaron",Duquesne,0,4,91,0,0,0,0,0
ucdavis:sanchezgabe,"Sanchez, Gabe",UC Davis,28,4,91,0,0,2,1,0
albany:shullenbergerjordan,"Shullenberger, Jordan",Albany,14,2,91,0,0,3,1,0
albany:galanomar,"Galan, Omar",Albany,19,2,91,0,0,0,0,0
bostoncollege:richmondwatts,"Richmond, Watts",Boston College,28,17,90,0,0,0,0,0
binghamton:cresswellconnor,"Cresswell, Connor",Binghamton,32,1,90,0,0,0,0,3
duke:gavisernathan,"Gaviser, Nathan",Duke,30,19,90,0,0,0,0,0
universityofsouthernindiana:faermanandre,"Faerman, Andre",University of Southern Indiana,25,2,90,0,0,0,0,5
highpoint:smithkieran,"Smith, Kieran",High Point,2,1,90,0,0,0,0,0
highpoint:morrisonaidan,"Morrison, Aidan",High Point,24,1,90,0,0,1,1,0
georgetown:popovicljubomir,"Popovic, Ljubomir",Georgetown,5,1,90,0,0,1,0,0
georgetown:koehlleon,"Koehl, Leon",Georgetown,6,1,90,0,0,1,0,0
georgetown:ndrenikaalbi,"Ndrenika, Albi",Georgetown,8,1,90,0,0,2,1,0
georgetown:quistthersonkenny,"Quist-Therson, Kenny",Georgetown,17,1,90,0,0,1,0,0
georgetown:macklaurin,"Mack, Laurin",Georgetown,38,1,90,0,0,0,0,0
georgetown:affanyifranklin,"Affanyi, Franklin",Georgetown,88,1,90,0,0,0,0,0
georgetown:cissefarouk,"Cisse, Farouk",Georgetown,90,1,90,0,0,1,0,0
lafayette:brokmarco,"Brok, Marco",Lafayette,0,7,90,0,0,0,0,4
lafayette:wolfromharrison,"Wolfrom, Harrison",Lafayette,30,8,90,0,0,0,0,0
lafayette:gardenierslucas,"Gardeniers, Lucas",Lafayette,35,8,90,0,0,0,0,0
depaul:vostalhayden,"Vostal, Hayden",DePaul,30,15,90,0,0,0,0,2
marquette:alvaradodiegoarmando,"Alvarado, Diegoarmando",Marquette,3,14,90,0,0,2,1,0
ucla:nelsonwyatt,"Nelson, Wyatt",UCLA,1,10,90,0,0,0,0,2
charlotte:stritterleo,"Stritter, Leo",Charlotte,1,1,90,0,0,0,0,0
olddominion:bellinalogan,"Bellina, Logan",Old Dominion,24,6,90,0,0,0,0,0
csun:castanedabryan,"Castaneda, Bryan",CSUN,99,5,90,0,0,0,0,4
grandcanyonuniversity:atkinsongavin,"Atkinson, Gavin",Grand Canyon University,1,2,90,0,0,0,0,0
campbell:johnsonkaeden,"Johnson, Kaeden",Campbell,38,5,90,0,0,0,0,1
setonhill:reissjannik,"Reiss, Jannik",Seton Hill,1,1,90,0,0,0,0,0
setonhill:klingerron,"Klinger, Ron",Seton Hill,4,1,90,0,0,0,0,0
setonhill:christodoulouvasilis,"Christodoulou, Vasilis",Seton Hill,10,1,90,0,0,0,0,0
setonhill:hywoodtate,"Hywood, Tate",Seton Hill,21,1,90,0,0,0,0,0
ou:sylvestermalik,"Sylvester, Malik",OU,24,1,90,0,0,0,0,0
ou:pinheirojayden,"Pinheiro, Jayden",OU,25,1,90,0,0,0,0,0
ou:smithaiden,"Smith, Aiden",OU,30,1,90,0,0,0,0,0
luc:velascogabe,"Velasco, Gabe",LUC,1,1,90,0,0,0,0,0
lwu:kamdjinaristhid,"Kamdjin, Aristhid",LWU,2,1,90,0,0,0,0,0
lwu:ulianilucas,"Uliani, Lucas",LWU,15,1,90,0,0,0,0,0
hofstra:grodzkianthony,"Grodzki, Anthony",Hofstra,2,5,90,0,0,0,0,0
hofstra:bonajoel,"Bona, Joel",Hofstra,4,1,90,0,0,0,0,0
hofstra:yorkjames,"York, James",Hofstra,8,1,90,0,0,3,0,0
hofstra:risenhoovermilo,"Risenhoover, Milo",Hofstra,13,1,90,0,0,0,0,0
hofstra:schulzben,"Schulz, Ben",Hofstra,23,1,90,0,0,0,0,0
bucknell:yerburythomas,"Yerbury, Thomas",Bucknell,00,12,90,0,0,0,0,0
unioncommonwealthky:mendozagabriel,"Mendoza, Gabriel",Union Commonwealth (Ky.),1,1,90,0,0,0,0,0
unioncommonwealthky:brambleisa,"Bramble, Isa",Union Commonwealth (Ky.),10,1,90,0,0,2,1,0
unioncommonwealthky:baileyedwardstyrique,"Bailey-Edwards, Tyrique",Union Commonwealth (Ky.),19,1,90,0,0,0,0,0
wrightstate:youdkevichnadav,"Youdkevich, Nadav",Wright State,33,8,90,0,0,0,0,4
californiabaptist:netzellkarl,"Netzell, Karl",California Baptist,33,9,90,0,0,0,0,2
american:tubbsevan,"Tubbs, Evan",American,31,3,90,0,0,0,0,0
emoryhenry:mimbelealain,"Mimbele, Alain",Emory & Henry,4,1,90,0,0,0,0,0
emoryhenry:lopesmarcelo,"Lopes, Marcelo",Emory & Henry,5,1,90,0,0,0,0,0
emoryhenry:demarestlouis,"Demarest, Louis",Emory & Henry,14,1,90,0,0,0,0,0
emoryhenry:itiertitouan,"Itier, Titouan",Emory & Henry,16,1,90,0,0,0,0,0
tcj:davidchristian,"David, Christian",TCJ,1,1,90,0,0,0,0,0
tcj:concepcionleandro,"Concepcion, Leandro",TCJ,8,1,90,0,0,3,2,0
uscupstate:rondonjesus,"Rondon, Jesus",USC Upstate,0,12,90,0,0,0,0,2
collegeoftheholycross:buyumateo,"Buyu, Mateo",College of the Holy Cross,1,1,90,0,0,0,0,0
collegeoftheholycross:waltoncayden,"Walton, Cayden",College of the Holy Cross,15,1,90,0,0,1,1,0
lasalle:choiwanwi,"Choi, Wanwi",La Salle,31,4,90,0,0,0,0,0
kansascity:mcgaughbrandon,"McGaugh, Brandon",Kansas City,0,9,90,0,0,0,0,0
monmouth:kingjason,"King, Jason",Monmouth,30,6,90,0,0,0,0,0
csubakersfield:rodriguezkevin,"Rodriguez, Kevin",CSU Bakersfield,15,5,90,0,0,1,0,0
njcu:bastostristan,"Bastos, Tristan",NJCU,14,1,90,0,0,1,0,0
rhi:fitchphilip,"Fitch, Philip",RHI,00,1,90,0,0,0,0,0
usi:martialkris,"Martial, Kris",USI,3,1,90,0,0,1,1,0
warrenwilson:francoismalik,"Francois, Malik",Warren Wilson,12,1,90,0,0,0,0,0
warrenwilson:wittenmyernoah,"Wittenmyer, Noah",Warren Wilson,17,1,90,0,0,0,0,0
ohiostate:mclaughlinpatrick,"McLaughlin, Patrick",Ohio State,32,13,90,0,0,0,0,3
dayton:munteanujonathan,"Munteanu, Jonathan",Dayton,1,3,90,0,0,0,0,0
saintfrancispa:sorensenbraeden,"Sorensen, Braeden",Saint Francis (PA),1,1,90,0,0,0,0,0
saintfrancispa:okeefeconner,"O'Keefe, Conner",Saint Francis (PA),2,1,90,0,0,2,1,0
saintfrancispa:skurekharvey,"Skurek, Harvey",Saint Francis (PA),3,1,90,0,0,0,0,0
saintfrancispa:wernickemika,"Wernicke, Mika",Saint Francis (PA),4,1,90,0,0,0,0,0
saintfrancispa:seamanryan,"Seaman, Ryan",Saint Francis (PA),27,1,90,0,0,0,0,0
uwm:diananic,"Diana, Nic",UWM,0,1,90,0,0,0,0,0
uwm:berghauerryan,"Berghauer, Ryan",UWM,12,1,90,0,0,0,0,0
uwm:denzpaul,"Denz, Paul",UWM,17,1,90,0,0,0,0,0
bu:berrydrew,"Berry, Drew",BU,0,1,90,0,0,0,0,0
bu:beaumanansahethan,"Beauman-Ansah, Ethan",BU,4,1,90,0,0,0,0,0
bu:fowlkesamari,"Fowlkes, Amari",BU,10,1,90,0,0,1,1,0
bu:poncejaime,"Ponce, Jaime",BU,14,1,90,0,0,0,0,0
siuedwardsville:scheidweilernoah,"Scheidweiler, Noah",SIU-Edwardsville,1,1,90,0,0,0,0,6
siuedwardsville:mcdonnellarchie,"McDonnell, Archie",SIU-Edwardsville,5,1,90,0,0,0,0,0
siuedwardsville:zomenocarles,"Zomeno, Carles",SIU-Edwardsville,6,1,90,0,0,1,0,0
siuedwardsville:paulybobby,"Pauly, Bobby",SIU-Edwardsville,15,1,90,0,0,1,0,0
lifepacific:moraleso,"Morales, O",Life Pacific,1,1,90,0,0,0,0,8
lifepacific:rodriguezj,"Rodriguez, J",Life Pacific,2,1,90,0,0,1,0,0
lifepacific:schwinda,"Schwind, A",Life Pacific,4,1,90,0,0,0,0,0
lifepacific:janisses,"Janisse, S",Life Pacific,13,1,90,0,0,0,0,0
lifepacific:virgeni,"Virgen, I",Life Pacific,23,1,90,0,0,0,0,0
aue:keomanykobe,"Keomany, Kobe",AUE,5,1,90,0,0,0,0,0
aue:takahashitaku,"Takahashi, Taku",AUE,6,1,90,0,0,0,0,0
aue:webbjohnsonian,"Webb-Johnson, Ian",AUE,23,1,90,0,0,0,0,0
aue:snowdonoliver,"Snowdon, Oliver",AUE,26,1,90,0,0,0,0,0
aue:tibbettsmatthew,"Tibbetts, Matthew",AUE,32,1,90,0,0,0,0,0
tribe:howeshamilton,"Howes, Hamilton",Tribe,2,1,90,0,0,0,0,0
tribe:morrisonaidan,"Morrison, Aidan",Tribe,11,1,90,0,0,3,1,0
tribe:sigurjonssonthor,"Sigurjonsson, Thor",Tribe,14,1,90,0,0,0,0,0
tribe:ruitenberggabe,"Ruitenberg, Gabe",Tribe,18,1,90,0,0,1,1,0
tribe:sobtikaran,"Sobti, Karan",Tribe,22,1,90,0,0,0,0,0
universityoftheincarnateword:delatorrealejandro,"DeLaTorre, Alejandro",University of the Incarnate Word,99,1,90,0,0,0,0,7
universityoftheincarnateword:bakerrochaine,"Baker, Rochaine",University of the Incarnate Word,4,1,90,0,0,0,0,0
universityoftheincarnateword:torreshazani,"Torres, Hazani",University of the Incarnate Word,6,1,90,0,0,0,0,0
universityoftheincarnateword:kamathavaneesh,"Kamath, Avaneesh",University of the Incarnate Word,18,1,90,0,0,0,0,0
universityoftheincarnateword:kamathaarush,"Kamath, Aarush",University of the Incarnate Word,22,1,90,0,0,2,0,0
universityoftheincarnateword:padillagiovanni,"Padilla, Giovanni",University of the Incarnate Word,34,1,90,0,0,1,0,0
utg:gonzalezalexis,"Gonzalez, Alexis",UTG,1,1,90,0,0,0,0,0
utg:boscherurvan,"Boscher, Urvan",UTG,5,1,90,0,0,0,0,0
utg:oswaldezekiel,"Oswald, Ezekiel",UTG,17,1,90,0,0,0,0,0
utg:chavesmichael,"Chaves, Michael",UTG,22,1,90,0,0,0,0,0
utg:veraarev,"Vera, Arev",UTG,24,1,90,0,0,0,0,0
graceland:beltrandither,"Beltran, Dither",Graceland,1,1,90,0,0,0,0,0
clevelandstate:kolaraleksandar,"Kolar, Aleksandar",Cleveland State,32,3,90,0,0,0,0,0
detroitmercy:sulcviktor,"Sulc, Viktor",Detroit Mercy,40,3,90,0,0,0,0,0
universityofsouthernindiana:martialkris,"Martial, Kris",University of Southern Indiana,3,1,90,0,0,1,1,0
niagara:casimirjulien,"Casimir, Julien",Niagara,0,2,90,0,0,0,0,0
northernillinois:pearsoncaleb,"Pearson, Caleb",Northern Illinois,0,3,90,0,0,0,0,0
blm:vaneuwenpeter,"Van Euwen, Peter",BLM,0,1,90,0,0,0,0,0
blm:daviesrhys,"Davies, Rhys",BLM,4,1,90,0,0,1,1,0
blm:mccrerytate,"McCrery, Tate",BLM,12,1,90,0,0,2,1,0
blm:gardevjames,"Gardev, James",BLM,17,1,90,0,0,0,0,0
blm:coxjeffrey,"Cox, Jeffrey",BLM,20,1,90,0,0,0,0,0
bel:calvertgrant,"Calvert, Grant",BEL,1,1,90,0,0,0,0,0
bel:forbesparker,"Forbes, Parker",BEL,2,1,90,0,0,0,0,0
bel:mooregriffin,"Moore, Griffin",BEL,4,1,90,0,0,0,0,0
saintfrancisu:sorensenbraeden,"Sorensen, Braeden",Saint Francis U,1,1,90,0,0,0,0,0
saintfrancisu:okeefeconner,"O'Keefe, Conner",Saint Francis U,2,1,90,0,0,2,1,0
saintfrancisu:skurekharvey,"Skurek, Harvey",Saint Francis U,3,1,90,0,0,0,0,0
saintfrancisu:wernickemika,"Wernicke, Mika",Saint Francis U,4,1,90,0,0,0,0,0
saintfrancisu:isrealandre,"Isreal, Andre",Saint Francis U,17,1,90,0,0,0,0,0
harvard:broomejason,"Broome, Jason",Harvard,00,8,90,0,0,0,0,0
northwestern:hangijosue,"Hangi, Josue",Northwestern,0,5,90,0,0,0,0,3
pacific:barrerajosemaria,"Barrera, Jose Maria",Pacific,11,1,90,0,0,2,0,0
loyolachicago:hesscalvin,"Hess, Calvin",Loyola Chicago,25,2,90,0,0,0,0,0
niagarauniversity:wilsonantonio,"Wilson, Antonio",Niagara University,19,4,90,0,0,2,0,0
ust:krencmoritz,"Krenc, Moritz",UST,1,1,90,0,0,0,0,0
ust:selboronan,"Selbo, Ronan",UST,14,1,90,0,0,1,0,0
udm:monroecolin,"Monroe , Colin",UDM,0,1,90,0,0,0,0,0
uk:muirmarqes,"Muir, Marqes",UK,4,1,90,0,0,0,0,0
uk:shreinerluke,"Shreiner, Luke",UK,23,1,90,0,0,1,1,0
uk:conlonsebastian,"Conlon, Sebastian",UK,24,1,90,0,0,0,0,0
floridanational:fermosellejuan,"Fermoselle, Juan",Florida National,1,1,90,0,0,0,0,4
floridanational:cigainamatteo,"Cigaina, Matteo",Florida National,2,1,90,0,0,0,0,0
floridanational:jordaohenrique,"Jordao, Henrique",Florida National,3,1,90,0,0,0,0,0
floridanational:puginjuan,"Pugin, Juan",Florida National,10,1,90,0,0,0,0,0
floridanational:bakalemarcos,"Bakale, Marcos",Florida National,11,1,90,0,0,0,0,0
floridanational:hernandezchristian,"Hernandez, Christian",Florida National,12,1,90,0,0,0,0,0
floridanational:terradohirsabastian,"Terra Dohir, Sabastian",Florida National,13,1,90,0,0,0,0,0
floridanational:ospinamatias,"Ospina, Matias",Florida National,16,1,90,0,0,0,0,0
floridanational:amorespatricio,"Amores, Patricio",Florida National,17,1,90,0,0,0,0,0
floridanational:deoliveiranunespatrick,"De Oliveira Nunes, Patrick",Florida National,19,1,90,0,0,0,0,0
floridanational:setteriveirofilipe,"Sette Riveiro, Filipe",Florida National,20,1,90,0,0,0,0,0
floridamemorial:villalobosdelgado,"Villalobos, Delgado",Florida Memorial,0,1,90,0,0,0,0,0
floridamemorial:herrerocesar,"Herrero, Cesar",Florida Memorial,4,1,90,0,0,1,0,0
floridamemorial:gutierrezluis,"Gutierrez, Luis",Florida Memorial,6,1,90,0,0,0,0,0
floridamemorial:sanchezfrank,"Sanchez, Frank",Florida Memorial,7,1,90,0,0,0,0,0
floridamemorial:benbellanasreddine,"Benbella, Nasreddine",Florida Memorial,11,1,90,0,0,1,1,0
floridamemorial:lopezcarlo,"Lopez, Carlo",Florida Memorial,13,1,90,0,0,0,0,0
universityatalbany:genzalexander,"Genz, Alexander",University at Albany,0,1,90,0,0,0,0,0
centralconnecticutstateuniversity:marinsantiago,"Marin, Santiago",Central Connecticut State University,10,1,90,0,0,5,1,0
wcb:naumannnoah,"Naumann, Noah",WCB,10,1,90,0,0,0,0,0
wcb:matallahkhamani,"Matallah, Khamani",WCB,11,1,90,0,0,0,0,0
liu:krespiilay,"Krespi, Ilay",LIU,15,1,90,0,0,0,0,0
liu:penalveraimar,"Penalver, Aimar",LIU,30,1,90,0,0,0,0,0
stfrancis:okeefeconner,"O'Keefe, Conner",St. Francis,2,1,90,0,0,0,0,0
stfrancis:quirogajulian,"Quiroga, Julian",St. Francis,14,1,90,0,0,1,0,0
stfrancis:garciarenadiego,"Garciarena, Diego",St. Francis,33,1,90,0,0,0,0,0
pride:barnettowen,"Barnett, Owen",Pride,7,1,90,0,0,0,0,0
pride:francousamuel,"Francou, Samuel",Pride,14,1,90,0,0,1,0,0
pride:ziewiecjan,"Ziewiec, Jan",Pride,20,1,90,0,0,0,0,0
pride:orrasonthengill,"Orrason, Thengill",Pride,24,1,90,0,0,0,0,0
pride:cervonigino,"Cervoni, Gino",Pride,30,1,90,0,0,0,0,0
tigers:samuelsandrew,"Samuels, Andrew",Tigers,1,1,90,0,0,0,0,0
tigers:tsunehararoka,"Tsunehara, Roka",Tigers,2,1,90,0,0,0,0,0
tigers:jasinskijack,"Jasinski, Jack",Tigers,10,1,90,0,0,1,0,0
tigers:fravoliniwhitchurchgiuliano,"Fravolini Whitchurch, Giuliano",Tigers,34,1,90,0,0,0,0,0
manchester:martinwill,"Martin, Will",Manchester,0,1,90,0,0,0,0,16
manchester:bryantaiden,"Bryant, Aiden",Manchester,3,1,90,0,0,0,0,0
manchester:rodriguezedwin,"Rodriguez, Edwin",Manchester,4,1,90,0,0,0,0,0
manchester:borriesbrodie,"Borries, Brodie",Manchester,8,1,90,0,0,0,0,0
manchester:spagnacole,"Spagna, Cole",Manchester,13,1,90,0,0,1,0,0
caldwell:talbotjustin,"Talbot, Justin",Caldwell,1,1,90,0,0,0,0,7
caldwell:hengeveldpieter,"Hengeveld, Pieter",Caldwell,3,1,90,0,0,0,0,0
caldwell:abdulrahmanimranbin,"Abdul Rahman, Imran Bin",Caldwell,12,1,90,0,0,0,0,0
caldwell:ramoscarlos,"Ramos, Carlos",Caldwell,16,1,90,0,0,0,0,0
oregontech:bollandharvey,"Bolland, Harvey",Oregon Tech,001,2,90,0,0,0,0,8
oregontech:chanpatrick,"Chan, Patrick",Oregon Tech,16,1,90,0,0,0,0,0
oregontech:meyerbridger,"Meyer, Bridger",Oregon Tech,20,1,90,0,0,0,0,0
ur:schradermax,"Schrader, Max",UR,3,1,90,0,0,0,0,0
ur:arndtleo,"Arndt, Leo",UR,5,1,90,0,0,0,0,0
ur:dasilvatheo,"Da Silva, Theo",UR,12,1,90,0,0,0,0,0
ur:heliasmarius,"Helias, Marius",UR,32,1,90,0,0,0,0,0
gu:staffordoliver,"Stafford, Oliver",GU,4,1,90,0,0,1,1,0
cuc:fichellelilian,"Fichelle, Lilian",CUC,2,1,90,0,0,0,0,0
cuc:robertsjake,"Roberts, Jake",CUC,5,1,90,0,0,0,0,0
cuc:dapaahevans,"Dapaah, Evans",CUC,8,1,90,0,0,0,0,0
cuc:santosrosadaniel,"Santos Rosa, Daniel",CUC,16,1,90,0,0,1,1,0
cuc:lavielleluc,"Lavielle, Luc",CUC,23,1,90,0,0,1,0,0
cuc:levitonmax,"Leviton, Max",CUC,37,1,90,0,0,0,0,0
chs:schumacherjourdan,"Schumacher, Jourdan",CHS,0,1,90,0,0,0,0,0
chs:toulsondan,"Toulson, Dan",CHS,4,1,90,0,0,1,0,0
chs:whiteezra,"White, Ezra",CHS,8,1,90,0,0,1,1,0
chs:lenertmatt,"Lenert, Matt",CHS,11,1,90,0,0,3,1,0
chs:baldwinben,"Baldwin, Ben",CHS,16,1,90,0,0,1,1,0
chs:goldnoah,"Gold, Noah",CHS,23,1,90,0,0,0,0,0
usi:naessenszachary,"Naessens, Zachary",USI,13,2,90,0,0,0,0,0
southdakotaschoolofmines:abdullahabdosalem,"Abdullah, Abdo Salem",South Dakota School of Mines,18,1,90,0,0,0,0,6
southdakotaschoolofmines:henrikseneven,"Henriksen, Even",South Dakota School of Mines,2,1,90,0,0,3,2,0
southdakotaschoolofmines:miklasjacob,"Miklas, Jacob",South Dakota School of Mines,6,1,90,0,0,3,2,0
southdakotaschoolofmines:growrider,"Grow, Rider",South Dakota School of Mines,24,1,90,0,0,0,0,0
ccsu:wilsongrady,"Wilson, Grady",CCSU,1,2,90,0,0,0,0,0
ccsu:tatajoey,"Tata, Joey",CCSU,20,2,90,0,0,0,0,0
calbaptist:doregohugo,"Do Rego, Hugo",Cal Baptist,1,1,90,0,0,0,0,7
calbaptist:charalampousstavros,"Charalampous, Stavros",Cal Baptist,8,1,90,0,0,1,1,0
calbaptist:martinezuly,"Martinez, Uly",Cal Baptist,23,1,90,0,0,1,1,0
spaldinguniversityky:frankenfeldoliver,"Frankenfeld, Oliver",Spalding University (Ky.),3,1,90,0,0,0,0,0
spaldinguniversityky:mendezperezeddie,"Mendez-Perez, Eddie",Spalding University (Ky.),8,1,90,0,0,2,1,0
utriograndevalley:gonzalezalexis,"Gonzalez, Alexis",UT Rio Grande Valley,1,1,90,0,0,0,0,0
utriograndevalley:pouyemouhamed,"Pouye, Mouhamed",UT Rio Grande Valley,7,1,90,0,0,2,1,0
utriograndevalley:oswaldezekiel,"Oswald, Ezekiel",UT Rio Grande Valley,17,1,90,0,0,0,0,0
utriograndevalley:zunigaramon,"Zuniga, Ramon",UT Rio Grande Valley,20,1,90,0,0,0,0,0
utriograndevalley:veraarev,"Vera, Arev",UT Rio Grande Valley,24,1,90,0,0,0,0,0
ferrum:arzillomichael,"Arzillo, Michael",Ferrum,1,1,90,0,0,0,0,0
ferrum:guzmansantozaid,"Guzman Santo, Zaid",Ferrum,3,1,90,0,0,0,0,0
ferrum:asfhafili,"Asfha, Fili",Ferrum,8,1,90,0,0,0,0,0
ferrum:tillangus,"Till, Angus",Ferrum,12,1,90,0,0,1,1,0
niagarauniversity:casimirjulien,"Casimir, Julien",Niagara University,0,1,90,0,0,0,0,0
bowlinggreenstateuniversity:gilenzo,"Gil, Enzo",Bowling Green State University,1,1,90,0,0,0,0,0
bowlinggreenstateuniversity:riossaul,"Rios, Saul",Bowling Green State University,17,1,90,0,0,0,0,0
warner:lacywesley,"Lacy, Wesley",Warner,1,1,90,0,0,0,0,0
warner:stoneadler,"Stone, Adler",Warner,2,1,90,0,0,0,0,0
warner:motemichael,"Mote, Michael",Warner,37,1,90,0,0,0,0,0
indy:maungmaungcameron,"Maung-Maung, Cameron",INDY,1,1,90,0,0,0,0,0
indy:klaverstan,"Klaver, Stan",INDY,7,1,90,0,0,3,1,0
indy:herrerajoseantonio,"Herrera, Jose Antonio",INDY,22,1,90,0,0,5,1,0
indy:thompsonrobertsjago,"Thompson-Roberts, Jago",INDY,23,1,90,0,0,0,0,0
indy:hornbrady,"Horn, Brady",INDY,28,1,90,0,0,1,1,0
indy:esquivelbali,"Esquivel, Bali",INDY,29,1,90,0,0,2,0,0
ualbany:tsuzukikodai,"Tsuzuki, Kodai",UAlbany,1,4,90,0,0,0,0,3
stcloudstate:langerhuizenyannick,"Langerhuizen, Yannick",St. Cloud State,4,1,90,0,0,0,0,0
farmingdalestate:ortizanthony,"Ortiz, Anthony",Farmingdale State,2,1,90,0,0,0,0,0
farmingdalestate:hernandezomar,"Hernandez, Omar",Farmingdale State,4,1,90,0,0,0,0,0
farmingdalestate:guillenwilliam,"Guillen, William",Farmingdale State,7,1,90,0,0,1,0,0
farmingdalestate:granadosjosue,"Granados, Josue",Farmingdale State,8,1,90,0,0,2,2,0
farmingdalestate:noboalucca,"Noboa, Lucca",Farmingdale State,9,1,90,0,0,3,2,0
farmingdalestate:baskinjrtyree,"Baskin Jr., Tyree",Farmingdale State,11,1,90,0,0,0,0,0
farmingdalestate:coreajosue,"Corea, Josue",Farmingdale State,12,1,90,0,0,0,0,0
farmingdalestate:hernandezcarlos,"Hernandez, Carlos",Farmingdale State,17,1,90,0,0,0,0,0
farmingdalestate:velizperezjayson,"Veliz Perez, Jayson",Farmingdale State,20,1,90,0,0,0,0,0
farmingdalestate:munozxavi,"Munoz, Xavi",Farmingdale State,27,1,90,0,0,1,0,0
adriancollege:sizemoreeli,"Sizemore, Eli",Adrian College,1,1,90,0,0,0,0,0
iona:georgiouloukas,"Georgiou, Loukas",Iona,31,2,90,0,0,0,0,0
10westvirginia:bonnairemarc,"Bonnaire, Marc",#10 West Virginia,1,1,90,0,0,0,0,2
10westvirginia:scarglenicolas,"Scargle, Nicolas",#10 West Virginia,5,1,90,0,0,0,0,0
10westvirginia:hernandocarlos,"Hernando, Carlos",#10 West Virginia,31,1,90,0,0,0,0,0
9highpoint:caronjosh,"Caron, Josh",#9 High Point,1,1,90,0,0,0,0,7
9highpoint:kamrathlukas,"Kamrath, Lukas",#9 High Point,5,1,90,0,0,0,0,0
9highpoint:holtroman,"Holt, Roman",#9 High Point,15,1,90,0,0,0,0,0
ccsu:torrescristian,"Torres, Cristian",CCSU,24,1,90,0,0,0,0,6
trinitycollegeofjacksonville:perezdiego,"Perez, Diego",Trinity College of Jacksonville,12,1,90,0,0,1,1,0
trinitycollegeofjacksonville:uribeaaron,"Uribe, Aaron",Trinity College of Jacksonville,6,1,90,0,0,0,0,0
loyolamd:vanderwaltdylan,"van der Walt, Dylan",Loyola (Md.),1,1,90,0,0,0,0,0
eagles:descotojoaquin,"d'Escoto, Joaquin",EAGLES,4,1,90,0,0,1,1,0
eagles:daviladavid,"Davila, David",EAGLES,9,1,90,0,0,0,0,0
eagles:naessenszach,"Naessens, Zach",EAGLES,13,1,90,0,0,0,0,0
eagles:nakamaeahiro,"Nakamae, Ahiro",EAGLES,16,1,90,0,0,1,0,0
eagles:englishjacob,"English, Jacob",EAGLES,27,1,90,0,0,0,0,0
flames:becktyler,"Beck, Tyler",FLAMES,1,1,90,0,0,0,0,0
flames:molerspencer,"Moler, Spencer",FLAMES,14,1,90,0,0,1,1,0
flames:danielsnoah,"Daniels, Noah",FLAMES,22,1,90,0,0,2,1,0
universityofmassachusettslowell:medranoalvaro,"Medrano, Alvaro",University of Massachusetts Lowell,1,1,90,0,0,0,0,0
averett:gutierrezmario,"Gutierrez, Mario",Averett,2,1,90,0,0,0,0,0
averett:sierradaniel,"Sierra, Daniel",Averett,6,1,90,0,0,0,0,0
averett:garciajoshua,"Garcia, Joshua",Averett,8,1,90,0,0,0,0,0
averett:giffunidiego,"Giffuni, Diego",Averett,10,1,90,0,0,0,0,0
averett:bradleyhudson,"Bradley, Hudson",Averett,11,1,90,0,0,0,0,0
hope:mcdanieljack,"McDaniel, Jack",Hope,00,1,90,0,0,0,0,6
hope:smitleybenjamin,"Smitley, Benjamin",Hope,16,1,90,0,0,0,0,0
hope:lowmanjack,"Lowman, Jack",Hope,5,1,90,0,0,0,0,0
holycrosscollegeind:blountdiego,"Blount, Diego",Holy Cross College (Ind.),2,1,90,0,0,0,0,0
holycrosscollegeind:alfarodaniel,"Alfaro, Daniel",Holy Cross College (Ind.),12,1,90,0,0,1,0,0
holycrosscollegeind:velacesar,"Vela, Cesar",Holy Cross College (Ind.),15,1,90,0,0,0,0,0
saintjosephs:labellexander,"LaBelle, Xander",Saint Joseph's,88,4,90,0,0,0,0,0
fu:stephanitristan,"Stephani, Tristan",FU,1,1,90,0,0,0,0,0
fu:varelajon,"Varela, Jon",FU,3,1,90,0,0,0,0,0
fu:graythomas,"Gray, Thomas",FU,4,1,90,0,0,0,0,0
fu:bernothluca,"Bernoth, Luca",FU,6,1,90,0,0,0,0,0
fu:gattilukas,"Gatti, Lukas",FU,18,1,90,0,0,0,0,0
luc:crawfordaidan,"Crawford, Aidan",LUC,0,1,90,0,0,0,0,0
luc:siemionkodavid,"Siemionko, David",LUC,26,1,90,0,0,1,0,0
cofc:schumacherjourdan,"Schumacher, Jourdan",CofC,0,1,90,0,0,0,0,0
cofc:baldwinben,"Baldwin, Ben",CofC,16,1,90,0,0,0,0,0
sacredheart:losfablos1,"Losfablos, 1",Sacred Heart,8,1,90,0,0,0,0,0
centralconnecticutstateuniversity:levittbrio,"Levitt, Brio",Central Connecticut State University,25,1,90,0,0,0,0,0
universityofsouthcarolinaupstate:tomasewan,"Tomas, Ewan",University of South Carolina - Upstate,5,1,90,0,0,0,0,0
fgu:bastantemario,"Bastante, Mario",FGU,2,1,90,0,0,1,1,0
fgu:barsoelucas,"Barsoe, Lucas",FGU,16,1,90,0,0,0,0,0
fgu:wengoliver,"Weng, Oliver",FGU,31,1,90,0,0,0,0,0
grb:okazakikazuki,"Okazaki, Kazuki",GRB,2,1,90,0,0,0,0,0
grb:murraypowelljeloni,"Murray-Powell, Jeloni",GRB,6,1,90,0,0,0,0,0
grb:obilodubem,"Obilo, Dubem",GRB,23,1,90,0,0,0,0,0
grb:arroyooscar,"Arroyo, Oscar",GRB,28,1,90,0,0,1,0,0
grb:oesterbaekphilip,"Oesterbaek, Philip",GRB,32,1,90,0,0,0,0,0
northernillinoisuniversity:arslanatahan,"Arslan, Atahan",Northern Illinois University,1,1,90,0,0,0,0,0
northernillinoisuniversity:khelaroman,"Khela, Roman",Northern Illinois University,2,1,90,0,0,0,0,0
northernillinoisuniversity:vasicluka,"Vasic, Luka",Northern Illinois University,4,1,90,0,0,1,0,0
northernillinoisuniversity:hernandezjoe,"Hernandez, Joe",Northern Illinois University,8,1,90,0,0,2,1,0
northernillinoisuniversity:gomezjose,"Gomez, Jose",Northern Illinois University,10,1,90,0,0,3,2,0
northernillinoisuniversity:paskusgrant,"Paskus, Grant",Northern Illinois University,13,1,90,0,0,0,0,0
northernillinoisuniversity:sheffieldvance,"Sheffield, Vance",Northern Illinois University,15,1,90,0,0,2,0,0
northernillinoisuniversity:kamaraamara,"Kamara, Amara",Northern Illinois University,22,1,90,0,0,1,1,0
loyolamd:okeefeconnor,"O'Keefe, Connor",Loyola Md.,31,1,90,0,0,0,0,0
sie:scheidweilernoah,"Scheidweiler, Noah",SIE,1,1,90,0,0,0,0,0
sie:gibsonwes,"Gibson, Wes",SIE,4,1,90,0,0,1,0,0
sie:mcdonnellarchie,"McDonnell, Archie",SIE,5,1,90,0,0,0,0,0
sie:zomenocarles,"Zomeno, Carles",SIE,6,1,90,0,0,2,2,0
sie:paulybobby,"Pauly, Bobby",SIE,15,1,90,0,0,0,0,0
grandcanyonuniversity:ibarradaniel,"Ibarra, Daniel",Grand Canyon University,0,1,90,0,0,0,0,5
aic:solamartinezjavier,"Sola Martinez, Javier",AIC,1,1,90,0,0,0,0,11
aic:christensencornelius,"Christensen, Cornelius",AIC,3,1,90,0,0,0,0,0
aic:ribywilliamsleonard,"Riby-Williams, Leonard",AIC,5,1,90,0,0,0,0,0
brynt:camejoramon,"Camejo, Ramon",BRYNT,1,1,90,0,0,0,0,0
brynt:diastiago,"Dias, Tiago",BRYNT,4,1,90,0,0,1,0,0
brwn:weiperhenrik,"Weiper, Henrik",BRWN,1,1,90,0,0,0,0,0
brwn:dafeiyke,"Dafe, Iyke",BRWN,2,1,90,0,0,1,0,0
brwn:mitchellgreyson,"Mitchell, Greyson",BRWN,3,1,90,0,0,1,0,0
brwn:hillemathias,"Hille, Mathias",BRWN,5,1,90,0,0,2,1,0
brwn:snaithjames,"Snaith, James",BRWN,8,1,90,0,0,0,0,0
brwn:whartonzion,"Wharton, Zion",BRWN,18,1,90,0,0,1,0,0
mum:manzanomatthew,"Manzano, Matthew",MUM,14,1,90,0,0,0,0,0
colgateuniversity:widrickeric,"Widrick, Eric",Colgate University,1,1,90,0,0,0,0,0
colgateuniversity:sammsmalik,"Samms, Malik",Colgate University,3,1,90,0,0,0,0,0
colgateuniversity:bourneotto,"Bourne, Otto",Colgate University,21,1,90,0,0,1,0,0
colgateuniversity:steinmanjake,"Steinman, Jake",Colgate University,27,1,90,0,0,0,0,0
neumann:henryaj,"Henry, AJ",Neumann,00,1,90,0,0,0,0,3
neumann:gorczycacarter,"Gorczyca, Carter",Neumann,3,1,90,0,0,0,0,0
santaclara:tseucarter,"Tseu, Carter",Santa Clara,0,3,90,0,0,0,0,0
johnsonwales:ackerjackson,"Acker, Jackson",Johnson & Wales,1,1,90,0,0,0,0,6
johnsonwales:terranovaantonino,"Terranova, Antonino",Johnson & Wales,2,1,90,0,0,0,0,0
johnsonwales:tsoukalasalex,"Tsoukalas, Alex",Johnson & Wales,4,1,90,0,0,0,0,0
johnsonwales:billesdonluke,"Billesdon, Luke",Johnson & Wales,14,1,90,0,0,0,0,0
baldwinwallace:gomezjacek,"Gomez, Jacek",Baldwin Wallace,4,1,90,0,0,0,0,0
baldwinwallace:getzthomas,"Getz, Thomas",Baldwin Wallace,5,1,90,0,0,0,0,0
baldwinwallace:rochfordrobbie,"Rochford, Robbie",Baldwin Wallace,8,1,90,0,0,2,2,0
baldwinwallace:lambbraden,"Lamb, Braden",Baldwin Wallace,24,1,90,0,0,0,0,0
lwu:lennonmikey,"Lennon, Mikey",LWU,5,1,90,0,0,0,0,0
lwu:haeslerleandro,"Haesler, Leandro",LWU,14,1,90,0,0,1,0,0
lwu:robertsgavin,"Roberts, Gavin",LWU,18,1,90,0,0,0,0,0
lwu:connollyquinn,"Connolly, Quinn",LWU,22,1,90,0,0,1,0,0
georgiasouthern:holmstromnoah,"Holmstrom, Noah",Georgia Southern,12,1,90,0,0,2,0,0
sts:radaellinicol,"Radaelli, Nicolò",STS,1,1,90,0,0,0,0,0
sts:appolonross,"Appolon, Ross",STS,4,1,90,0,0,0,0,0
sts:fontainevalentin,"Fontaine, Valentin",STS,8,1,90,0,0,2,1,0
sts:crocegiuseppe,"Croce, Giuseppe",STS,22,1,90,0,0,0,0,0
mrst:lowelljamie,"Lowell, Jamie",MRST,1,1,90,0,0,0,0,0
mrst:ortizethan,"Ortiz, Ethan",MRST,3,1,90,0,0,0,0,0
mrst:marquesevan,"Marques, Evan",MRST,6,1,90,0,0,2,0,0
mrst:douglasmiles,"Douglas, Miles",MRST,8,1,90,0,0,0,0,0
mrst:evanskyle,"Evans, Kyle",MRST,10,1,90,0,0,1,0,0
mrst:evansliam,"Evans, Liam",MRST,18,1,90,0,0,3,2,0
mack:semedonelton,"Semedo, Nelton",MACK,1,1,90,0,0,0,0,0
mack:bedeialessandro,"Bedei, Alessandro",MACK,4,1,90,0,0,1,0,0
mack:delgiudicerocco,"DelGiudice, Rocco",MACK,5,1,90,0,0,1,0,0
mack:diturifrancesco,"Di Turi, Francesco",MACK,6,1,90,0,0,0,0,0
mack:vallocchianicolo,"Vallocchia, Nicolo",MACK,10,1,90,0,0,1,0,0
mack:ruglandherman,"Rugland, Herman",MACK,21,1,90,0,0,1,1,0
bradleyuniversity:berrydrew,"Berry, Drew",Bradley University,0,1,90,0,0,0,0,0
bradleyuniversity:beaumanansahethan,"Beauman-Ansah, Ethan",Bradley University,4,1,90,0,0,0,0,0
bradleyuniversity:fowlkesamari,"Fowlkes, Amari",Bradley University,10,1,90,0,0,0,0,0
bradleyuniversity:abdullaiardit,"Abdullai, Ardit",Bradley University,17,1,90,0,0,0,0,0
bradleyuniversity:chesterconnor,"Chester, Connor",Bradley University,20,1,90,0,0,0,0,0
bostoncollege:romanjohn,"Roman, John",Boston College,4,1,90,0,0,0,0,0
bostoncollege:riveddiego,"Rived, Diego",Boston College,6,1,90,0,0,1,1,0
bostoncollege:saadatsheraz,"Saadat, Sheraz",Boston College,29,1,90,0,0,0,0,0
edgewood:vanlaanenmaverick,"Van Laanen, Maverick",Edgewood,1,1,90,0,0,0,0,11
edgewood:knightjack,"Knight, Jack",Edgewood,5,1,90,0,0,1,1,0
edgewood:brodyben,"Brody, Ben",Edgewood,12,1,90,0,0,0,0,0
albany:genzalexander,"Genz, Alexander",Albany,0,1,90,0,0,0,0,0
albany:tanakashawn,"Tanaka, Shawn",Albany,12,2,90,0,0,0,0,0
albany:clivevokesalexander,"Clive Vokes, Alexander",Albany,16,2,90,0,0,0,0,0
csub:hartzenden,"Hart, Zenden",CSUB,1,1,90,0,0,0,0,0
csub:geishauserluka,"Geishauser, Luka",CSUB,6,1,90,0,0,2,0,0
csub:cucchiaradorian,"Cucchiara, Dorian",CSUB,8,1,90,0,0,1,1,0
csub:arrasfilip,"Arras, Filip",CSUB,16,1,90,0,0,3,3,0
csub:rocabogart,"Roca, Bogart",CSUB,24,1,90,0,0,0,0,0
ucsd:thielenic,"Thiele, Nic",UCSD,00,1,90,0,0,0,0,0
ucsd:redingtonjames,"Redington, James",UCSD,12,1,90,0,0,0,0,0
brd:berrydrew,"Berry, Drew",BRD,0,1,90,0,0,0,0,0
brd:beaumanansahethan,"Beauman-Ansah, Ethan",BRD,4,1,90,0,0,0,0,0
brd:fowlkesamari,"Fowlkes, Amari",BRD,10,1,90,0,0,0,0,0
brd:abdullaiardit,"Abdullai, Ardit",BRD,17,1,90,0,0,0,0,0
evv:garcianacho,"Garcia, Nacho",EVV,5,1,90,0,0,2,0,0
evv:faddatancredi,"Fadda, Tancredi",EVV,11,1,90,0,0,6,3,0
evv:diazcanejanacho,"Diaz-Caneja, Nacho",EVV,22,1,90,0,0,0,0,0
evv:mrozmichal,"Mroz, Michal",EVV,31,1,90,0,0,0,0,0
qnc:gustafssonotto,"Gustafsson, Otto",QNC,3,1,90,0,0,1,0,0
qnc:pumpiancole,"Pumpian, Cole",QNC,7,1,90,0,0,1,1,0
qnc:zacharialeontios,"Zacharia, Leontios",QNC,10,1,90,0,0,1,1,0
qnc:andersonjaiden,"Anderson, Jaiden",QNC,17,1,90,0,0,0,0,0
qnc:canovasrodrigo,"Canovas, Rodrigo",QNC,22,1,90,0,0,1,0,0
qnc:rhormensmatheus,"Rhormens, Matheus",QNC,30,1,90,0,0,0,0,0
uca:ramirezjavier,"Ramirez, Javier",UCA,1,1,90,0,0,0,0,0
uca:kissalex,"Kiss, Alex",UCA,2,1,90,0,0,0,0,0
uca:bishopelijah,"Bishop, Elijah",UCA,4,1,90,0,0,0,0,0
uca:shearerlucas,"Shearer, Lucas",UCA,5,1,90,0,0,2,2,0
uca:francoumatheo,"Francou, Matheo",UCA,6,1,90,0,0,0,0,0
uca:matsudokaisei,"Matsudo, Kaisei",UCA,18,1,90,0,0,1,0,0
ju:sekaninachristian,"Sekanina, Christian",JU,1,1,90,0,0,0,0,0
ju:paulsennahne,"Paulsen, Nahne",JU,2,1,90,0,0,0,0,0
ju:izujoshua,"Izu, Joshua",JU,19,1,90,0,0,1,1,0
ju:skorveiver,"Skorve, Iver",JU,21,1,90,0,0,0,0,0
lwu:ambaekdavid,"Ambaek, David",LWU,4,1,90,0,0,0,0,0
lwu:ferrerobenjamin,"Ferrero, Benjamin",LWU,24,1,90,0,0,1,0,0
ind:maungmaungcameron,"Maung-Maung, Cameron",IND,1,1,90,0,0,0,0,0
ind:velingsgijs,"Velings, Gijs",IND,8,1,90,0,0,0,0,0
ind:parrishowen,"Parrish, Owen",IND,17,1,90,0,0,3,0,0
ind:thompsonrobertsjago,"Thompson-Roberts, Jago",IND,23,1,90,0,0,0,0,0
ind:hornbrady,"Horn, Brady",IND,28,1,90,0,0,1,0,0
ind:esquivelbali,"Esquivel, Bali",IND,29,1,90,0,0,2,0,0
usf:wickhamjahiem,"Wickham, Jahiem",USF,30,1,90,0,0,0,0,1
usf:mccoymarcellus,"McCoy, Marcellus",USF,4,1,90,0,0,0,0,0
usf:faifepedro,"Faife, Pedro",USF,8,1,90,0,0,1,0,0
usf:mondragonmarcelo,"Mondragon, Marcelo",USF,23,1,90,0,0,1,0,0
usf:pietrantonionicolas,"Pietrantonio, Nicolas",USF,24,1,90,0,0,0,0,0
ncw:smileytrey,"Smiley, Trey",NCW,0,1,90,0,0,0,0,0
ncw:newsomeethan,"Newsome, Ethan",NCW,10,1,90,0,0,0,0,0
ncw:clarksonjack,"Clarkson, Jack",NCW,12,1,90,0,0,1,0,0
ncw:riveramartin,"Rivera, Martin",NCW,23,1,90,0,0,0,0,0
virginiastate:fernandezelijah,"Fernandez, Elijah",Virginia State,1,1,90,0,0,0,0,0
virginiastate:agyeimicaiah,"Agyei, Micaiah",Virginia State,6,1,90,0,0,0,0,0
virginiastate:allenben,"Allen, Ben",Virginia State,8,1,90,0,0,0,0,0
virginiastate:dawitkebron,"Dawit, Kebron",Virginia State,12,1,90,0,0,1,1,0
virginiastate:anthonyshawn,"Anthony, Shawn",Virginia State,25,1,90,0,0,0,0,0
siu:descotojoaquin,"d'Escoto, Joaquin",SIU,4,1,90,0,0,0,0,0
siu:daviladavid,"Davila, David",SIU,9,1,90,0,0,0,0,0
siu:nakamaeahiro,"Nakamae, Ahiro",SIU,16,1,90,0,0,0,0,0
siu:englishjacob,"English, Jacob",SIU,27,1,90,0,0,0,0,0
albany:krivokapicandrej,"Krivokapic, Andrej",Albany,13,1,90,0,0,0,0,0
niu:arslanatahan,"Arslan, Atahan",NIU,1,1,90,0,0,0,0,0
niu:khelaroman,"Khela, Roman",NIU,2,1,90,0,0,1,1,0
niu:vasicluka,"Vasic, Luka",NIU,4,1,90,0,0,1,0,0
niu:hernandezjoe,"Hernandez, Joe",NIU,8,1,90,0,0,2,2,0
niu:gomezjose,"Gomez, Jose",NIU,10,1,90,0,0,2,0,0
niu:paskusgrant,"Paskus, Grant",NIU,13,1,90,0,0,0,0,0
niu:sheffieldvance,"Sheffield, Vance",NIU,15,1,90,0,0,3,1,0
niu:kamaraamara,"Kamara, Amara",NIU,22,1,90,0,0,1,0,0
holyfamilyuniversity:phillipsjoey,"Phillips, Joey",Holy Family University,1,1,90,0,0,0,0,0
carroll:garciauriel,"Garcia, Uriel",Carroll,1,1,90,0,0,0,0,4
carroll:rastrollomanel,"Rastrollo, Manel",Carroll,5,1,90,0,0,0,0,0
carroll:sharipoviskander,"Sharipov, Iskander",Carroll,10,1,90,0,0,0,0,0
carroll:hintennico,"Hinten, Nico",Carroll,14,1,90,0,0,0,0,0
carroll:behringeralec,"Behringer, Alec",Carroll,19,1,90,0,0,0,0,0
carroll:solanellesmarti,"Solanelles, Marti",Carroll,23,1,90,0,0,2,1,0
centralconnecticutstateuniversity:torrescristian,"Torres, Cristian",Central Connecticut State University,24,1,90,0,0,0,0,0
californialutheranuniversity:soundanthony,"Sound, Anthony",California Lutheran University,0,1,90,0,0,0,0,8
1a10saintlouis:blairquinten,"Blair, Quinten",(#1 A-10) Saint Louis,4,1,90,0,0,1,0,0
1a10saintlouis:cortezjc,"Cortez, JC",(#1 A-10) Saint Louis,5,1,90,0,0,0,0,0
1a10saintlouis:barnettdraven,"Barnett, Draven",(#1 A-10) Saint Louis,8,1,90,0,0,1,0,0
1a10saintlouis:abonneljeremi,"Abonnel, Jeremi",(#1 A-10) Saint Louis,28,1,90,0,0,0,0,0
bucknellplfirstround:alphenrex,"Alphen, Rex",Bucknell – PL First Round,0,1,90,0,0,0,0,2
bucknellplfirstround:thomasjacob,"Thomas, Jacob",Bucknell – PL First Round,20,1,90,0,0,0,0,0
ccny:mossoangel,"Mosso, Angel",CCNY,3,1,90,0,0,0,0,0
ccny:ndiayealiou,"Ndiaye, Aliou",CCNY,8,1,90,0,0,0,0,0
ccny:psomaraskonstantinos,"Psomaras, Konstantinos",CCNY,10,1,90,0,0,1,0,0
ccny:romanyair,"Roman, Yair",CCNY,18,1,90,0,0,3,2,0
ccny:ortizcarlos,"Ortiz, Carlos",CCNY,20,1,90,0,0,0,0,0
ccny:saldivarelizer,"Saldivar, Elizer",CCNY,24,1,90,0,0,0,0,0
lehighplsemifinal:kinnunenanton,"Kinnunen, Anton",Lehigh – PL Semifinal,1,1,90,0,0,0,0,5
lehighplsemifinal:davissam,"Davis, Sam",Lehigh – PL Semifinal,2,1,90,0,0,1,1,0
lehighplsemifinal:levynoah,"Levy, Noah",Lehigh – PL Semifinal,6,1,90,0,0,0,0,0
lehighplsemifinal:smajlajpaul,"Smajlaj, Paul",Lehigh – PL Semifinal,8,1,90,0,0,0,0,0
lehighplsemifinal:adkinsjax,"Adkins, Jax",Lehigh – PL Semifinal,21,1,90,0,0,0,0,0
lehighplsemifinal:aitchisonmatthew,"Aitchison, Matthew",Lehigh – PL Semifinal,25,1,90,0,0,0,0,0
princeton:lindendean,"Linden, Dean",Princeton,0,1,90,0,0,0,0,0
princeton:blunschijordan,"Blunschi, Jordan",Princeton,3,1,90,0,0,0,0,0
princeton:streetdavid,"Street, David",Princeton,7,1,90,0,0,1,0,0
princeton:wadasthomas,"Wadas, Thomas",Princeton,10,1,90,0,0,3,1,0
princeton:marcodylan,"Marco, Dylan",Princeton,15,1,90,0,0,0,0,0
lions:neelyluke,"Neely, Luke",Lions,4,1,90,0,0,1,0,0
lions:lennonmikey,"Lennon, Mikey",Lions,5,1,90,0,0,1,0,0
lions:francombejosh,"Francombe, Josh",Lions,6,1,90,0,0,0,0,0
lions:haeslerleandro,"Haesler, Leandro",Lions,14,1,90,0,0,1,1,0
lions:robertsgavin,"Roberts, Gavin",Lions,18,1,90,0,0,0,0,0
lions:connollyquinn,"Connolly, Quinn",Lions,22,1,90,0,0,1,0,0
roos:popowmarc,"Popow, Marc",Roos,1,1,90,0,0,0,0,0
roos:goschbryson,"Gosch, Bryson",Roos,5,1,90,0,0,0,0,0
roos:cribbwesley,"Cribb, Wesley",Roos,22,1,90,0,0,0,0,0
stonehillcollege:marquisethan,"Marquis, Ethan",Stonehill College,19,2,89,0,0,3,2,0
emoryhenry:nugentantoine,"Nugent, Antoine",Emory & Henry,8,1,89,0,0,0,0,0
usi:novillobrian,"Novillo, Brian",USI,14,2,89,0,0,2,1,0
saintfrancispa:quirogajulian,"Quiroga, Julian",Saint Francis (PA),14,1,89,0,0,0,0,0
manchester:munoschristian,"Munos, Christian",Manchester,14,1,89,0,0,2,1,0
warner:hobencarson,"Hoben, Carson",Warner,3,1,89,0,0,0,0,0
mke:riveracardonamiguel,"Rivera Cardona, Miguel",MKE,5,2,89,0,0,3,1,0
bucknellplfirstround:sullivanjackson,"Sullivan, Jackson",Bucknell – PL First Round,18,1,89,0,0,1,0,0
universityofsouthernindiana:murphyjimmy,"Murphy, Jimmy",University of Southern Indiana,11,5,88,0,0,1,0,0
pittsburgh:dykezahir,"Dyke, Zahir",Pittsburgh,15,16,88,0,0,0,0,0
westernillinois:beltranalexis,"Beltran, Alexis",Western Illinois,27,6,88,0,0,4,1,0
umbc:hanksspencer,"Hanks, Spencer",UMBC,17,10,88,0,0,3,3,0
monmouth:fuentesmatthew,"Fuentes, Matthew",Monmouth,14,8,88,0,0,0,0,0
unioncommonwealthky:maciasrodriguezivan,"Macias Rodriguez, Ivan",Union Commonwealth (Ky.),3,1,88,0,0,0,0,0
villanova:rairickjosh,"Rairick, Josh",Villanova,16,4,88,0,0,1,0,0
westernmichigan:matejsmolcicadam,"Matej Smolcic, Adam",Western Michigan,24,7,88,0,0,0,0,0
loyolamarymount:maneismael,"Mane, Ismael",Loyola Marymount,11,3,88,0,0,1,0,0
uwm:wagnerjack,"Wagner, Jack",UWM,27,1,88,0,0,0,0,0
uvm:pappmarcell,"Papp, Marcell",UVM,18,2,88,0,0,2,1,0
floridamemorial:silvavicente,"Silva, Vicente",Florida Memorial,14,1,88,0,0,2,1,0
ferrum:blancogabriel,"Blanco, Gabriel",Ferrum,14,1,88,0,0,0,0,0
unf:netogeraldo,"Neto, Geraldo",UNF,9,3,88,0,0,2,1,0
uiw:hendersonjosiah,"Henderson, Josiah",UIW,12,3,88,0,0,0,0,0
ncstate:busenzeisaac,"Busenze, Isaac",NC State,24,22,87,0,0,2,0,0
highpoint:milesashton,"Miles, Ashton",High Point,5,1,87,0,0,1,0,0
saintfrancispa:planaslvaro,"Planas, Álvaro",Saint Francis (PA),8,1,87,0,0,1,0,0
clemson:streelmanseamus,"Streelman, Seamus",Clemson,27,7,87,0,0,0,0,0
universityofmassachusetts:adugyamfikwame,"Adu-Gyamfi, Kwame",University of Massachusetts,27,2,87,0,0,0,0,0
manchester:galvezalan,"Galvez, Alan",Manchester,22,1,87,0,0,3,1,0
loyolamaryland:ogorchris,"Ogor, Chris",Loyola Maryland,14,4,87,0,0,0,0,0
trinitycollegeofjacksonville:davidchristian,"David, Christian",Trinity College of Jacksonville,1,1,87,0,0,0,0,13
trinitycollegeofjacksonville:jeanfrancoischristykerry,"Jean Francois, Christy Kerry",Trinity College of Jacksonville,23,1,87,0,0,1,1,0
albany:navasandre,"Navas, Andre",Albany,11,2,87,0,0,1,1,0
ucsd:morgannate,"Morgan, Nate",UCSD,3,1,87,0,0,0,0,0
ncw:ampofowilliam,"Ampofo, William",NCW,17,1,87,0,0,1,0,0
bu:schoemehlbrendan,"Schoemehl, Brendan",BU,8,1,87,0,0,1,0,0
ucla:scottsam,"Scott, Sam",UCLA,17,11,86,0,0,2,0,0
oregonstate:menesesmassimo,"Meneses, Massimo",Oregon State,16,11,86,0,0,1,0,0
njit:parksgrayson,"Parks, Grayson",NJIT,2,7,86,0,0,0,0,0
grandcanyon:mongeerick,"Monge, Erick",Grand Canyon,17,8,86,0,0,0,0,0
bu:kafedzicanel,"Kafedzic, Anel",BU,2,1,86,0,0,0,0,0
universityofmassachusetts:belongjalen,"Belong, Jalen",University of Massachusetts,29,2,86,0,0,2,2,0
spaldinguniversityky:huertajose,"Huerta, Jose",Spalding University (Ky.),4,1,86,0,0,0,0,0
holycrosscollegeind:rubioisaia,"Rubio, Isaia",Holy Cross College (Ind.),1,1,86,0,0,0,0,0
usf:haugenmathis,"Haugen, Mathis",USF,2,1,86,0,0,0,0,0
carroll:patzernathan,"Patzer, Nathan",Carroll,3,1,86,0,0,0,0,0
ucla:charlesian,"Charles, Ian",UCLA,4,10,85,0,0,0,0,0
csun:oyewosamahj,"Oyewo, Samahj",CSUN,24,9,85,0,0,0,0,0
jacksonville:wahlstrmchristian,"Wahlstrøm, Christian",Jacksonville,16,3,85,0,0,0,0,0
lasalle:kelemenabris,"Kelemen , Abris",La Salle,6,6,85,0,0,0,0,0
pc:libertuccialessandro,"Libertucci, Alessandro",PC,27,2,85,0,0,3,1,0
newhaven:gabrieldarsein,"Gabriel, Darsein",New Haven,37,7,85,0,0,1,0,0
northgreenville:marquesricardo,"Marques, Ricardo",North Greenville,1,1,85,0,0,0,0,0
northgreenville:silvarodrigo,"Silva, Rodrigo",North Greenville,4,1,85,0,0,0,0,0
uvm:millarandrew,"Millar, Andrew",UVM,7,2,85,0,0,0,0,0
pride:pachecogabriel,"Pacheco, Gabriel",Pride,2,1,85,0,0,0,0,0
tigers:papezdash,"Papez, Dash",Tigers,23,1,85,0,0,1,0,0
spaldinguniversityky:mattesmicah,"Mattes, Micah",Spalding University (Ky.),0,1,85,0,0,0,0,0
newjerseyinstituteoftechnology:leejunee,"Lee, Junee",New Jersey Institute of Technology,24,3,85,0,0,1,1,0
edgewood:moreiraliam,"Moreira, Liam",Edgewood,19,1,85,0,0,0,0,0
udm:rustinsilas,"Rustin , Silas",UDM,17,1,85,0,0,3,0,0
saintpeters:weirarchie,"Weir, Archie",Saint Peter's,20,7,84,0,0,0,0,0
michigan:reynajoah,"Reyna, Joah",Michigan,13,18,84,0,0,1,0,0
siena:kellysean,"Kelly, Sean",Siena,18,7,84,0,0,2,1,0
incarnateword:williamsjaylen,"Williams, Jaylen",Incarnate Word,25,4,84,0,0,0,0,0
umbc:robesontrajan,"Robeson, Trajan",UMBC,25,6,84,0,0,0,0,0
bowlinggreenstateuniversity:terrytrace,"Terry, Trace",Bowling Green State University,21,1,84,0,0,2,0,0
mke:zunigaalejandro,"Zuniga, Alejandro",MKE,4,1,84,0,0,0,0,0
hope:davidsonmatt,"Davidson, Matt",Hope,24,1,84,0,0,0,0,0
johnsonwales:hernandezgael,"Hernandez, Gael",Johnson & Wales,28,1,84,0,0,0,0,0
mrst:verheulchris,"Verheul, Chris",MRST,9,1,84,0,0,2,1,0
mrst:ulajarion,"Ulaj, Arion",MRST,11,1,84,0,0,1,1,0
mrst:iannelloadriano,"Iannello, Adriano",MRST,21,1,84,0,0,1,0,0
ju:aishhayden,"Aish, Hayden",JU,17,1,84,0,0,0,0,0
ju:halllogan,"Hall, Logan",JU,22,1,84,0,0,0,0,0
californialutheranuniversity:merrillcaleb,"Merrill, Caleb",California Lutheran University,22,1,84,0,0,0,0,0
californialutheranuniversity:gominiakjack,"Gominiak, Jack",California Lutheran University,25,1,84,0,0,0,0,0
michiganstate:hudsonkayden,"Hudson, Kayden",Michigan State,20,16,83,0,0,1,0,0
ou:alrashedabdul,"Al-Rashed, Abdul",OU,22,1,83,0,0,0,0,0
uscupstate:stokkedaloliver,"Stokkedal, Oliver",USC Upstate,18,13,83,0,0,0,0,0
tribe:cartwrightlandon,"Cartwright, Landon",Tribe,6,1,83,0,0,0,0,0
floridamemorial:kleinmichel,"Klein, Michel",Florida Memorial,21,1,83,0,0,0,0,0
indy:velingsgijs,"Velings, Gijs",INDY,8,1,83,0,0,0,0,0
aic:pullansam,"Pullan, Sam",AIC,13,1,83,0,0,0,0,0
baldwinwallace:brownbrady,"Brown, Brady",Baldwin Wallace,3,1,83,0,0,0,0,0
baldwinwallace:skladanymathew,"Skladany, Mathew",Baldwin Wallace,10,1,83,0,0,1,0,0
csub:bernauerjacob,"Bernauer, Jacob",CSUB,14,1,83,0,0,0,0,0
ucsd:wellersteinevan,"Wellerstein, Evan",UCSD,2,1,83,0,0,0,0,0
ncw:gyamfiosei,"Gyamfi, Osei",NCW,7,1,83,0,0,1,0,0
california:robiecameron,"Robie, Cameron",California,32,18,82,0,0,0,0,0
ucf:wingsternaespetter,"Wingsternaes, Petter",UCF,8,10,82,0,0,1,0,0
setonhill:markerjulian,"Marker, Julian",Seton Hill,8,1,82,0,0,1,1,0
belmontuniversity:nielsenpaulclaes,"Nielsen, Paul Claes",Belmont University,18,1,82,0,0,1,0,0
belmontuniversity:betapudisimeon,"Betapudi, Simeon",Belmont University,24,8,82,0,0,2,0,0
emoryhenry:barriogonzalezlander,"Barrio Gonzalez, Lander",Emory & Henry,19,1,82,0,0,1,0,0
pc:kalalairagi,"Kalala, Iragi",PC,7,2,82,0,0,2,1,0
warrenwilson:avilaaidan,"Avila, Aidan",Warren Wilson,6,1,82,0,0,2,0,0
kentucky:alexruiz,Alex Ruiz,Kentucky,14,1,82,0,0,2,0,0
uab:sigurdssonolafurvidar,"Sigurdsson, Olafur Vidar",UAB,9,3,82,0,0,0,0,0
princeton:joutzryker,"Joutz, Ryker",Princeton,15,13,82,0,0,0,0,0
universityatalbany:rachorbenedikt,"Rachor, Benedikt",University at Albany,6,2,82,0,0,0,0,0
gu:mansketenzing,"Manske, Tenzing",GU,1,1,82,0,0,0,0,0
gu:howarderic,"Howard, Eric",GU,3,1,82,0,0,1,1,0
fgu:arcoverdepedro,"Arcoverde, Pedro",FGU,5,1,82,0,0,2,1,0
brwn:treesemarshall,"Treese, Marshall",BRWN,17,1,82,0,0,0,0,0
lwu:neelyluke,"Neely, Luke",LWU,4,1,82,0,0,1,0,0
sts:desotoweston,"DeSoto, Weston",STS,25,1,82,0,0,0,0,0
edgewood:gageconnor,"Gage, Connor",Edgewood,10,1,82,0,0,3,0,0
edgewood:stevensriley,"Stevens, Riley",Edgewood,24,1,82,0,0,2,0,0
upst:grassologan,"Grasso, Logan",UPST,30,1,82,0,0,0,0,0
graphitedivisionstetson:rodriguezandres,"Rodriguez, Andres",(Graphite Division) Stetson,12,1,82,0,0,1,0,0
northcarolina:veraluis,"Vera, Luis",North Carolina,25,18,81,0,0,2,0,0
northflorida:maricsasha,"Maric, Sasha",North Florida,25,13,81,0,0,0,0,0
georgiasouthern:brathwaitejelani,"Brathwaite, Jelani",Georgia Southern,26,18,81,0,0,3,0,0
regent:pendegrastlucas,"Pendegrast, Lucas",Regent,4,2,81,0,0,0,0,0
siena:nilssonjonathan,"Nilsson, Jonathan",Siena,24,6,81,0,0,0,0,0
southcarolina:flynngalen,"Flynn, Galen",South Carolina,18,6,81,0,0,0,0,0
njcu:alveskevin,"Alves, Kevin",NJCU,7,1,81,0,0,0,0,0
njcu:caballerojona,"Caballero, Jona",NJCU,12,1,81,0,0,0,0,0
bel:claesnielsenpaul,"Claes Nielsen, Paul",BEL,18,1,81,0,0,0,0,0
canisius:webereliott,"Weber, Eliott",Canisius,24,2,81,0,0,0,0,0
oregontech:huntcooper,"Hunt, Cooper",Oregon Tech,6,1,81,0,0,0,0,0
oregontech:bradshowben,"Bradshow, Ben",Oregon Tech,13,1,81,0,0,1,1,0
southdakotaschoolofmines:cardonalucas,"Cardona, Lucas",South Dakota School of Mines,16,1,81,0,0,1,0,0
ccsu:nnurofrimpongnana,"Nnuro-Frimpong, Nana",CCSU,8,2,81,0,0,1,0,0
loyolamaryland:smitheddie,"Smith, Eddie",Loyola Maryland,16,3,81,0,0,1,0,0
bowlinggreenstateuniversity:shafferandrew,"Shaffer, Andrew",Bowling Green State University,8,1,81,0,0,1,0,0
bowlinggreenstateuniversity:hernandezanthony,"Hernandez, Anthony",Bowling Green State University,10,1,81,0,0,1,0,0
9highpoint:behrmannryan,"Behrmann, Ryan",#9 High Point,24,1,81,0,0,0,0,0
upst:bergforslucas,"Bergfors, Lucas",UPST,11,2,81,0,0,0,0,0
saintjosephs:bratrokvegard,"Bratrok, Vegard",Saint Joseph's,23,6,81,0,0,0,0,0
fu:langdaniel,"Lang, Daniel",FU,26,1,81,0,0,2,0,0
grb:albumchris,"Album, Chris",GRB,9,1,81,0,0,2,1,0
bostoncollege:petricapharis,"Petrica, Pharis",Boston College,13,1,81,0,0,3,0,0
virginiastate:powellalan,"Powell, Alan",Virginia State,7,1,81,0,0,2,1,0
sandiego:gardenhourconner,"Gardenhour, Conner",San Diego,26,6,80,0,0,0,0,0
ncstate:peeplesbrendan,"Peeples, Brendan",NC State,28,22,80,0,0,2,0,0
syracuse:cappelloemanuel,"Cappello, Emanuel",Syracuse,15,17,80,0,0,1,0,0
lwu:sonezjoaquin,"Sonez, Joaquin",LWU,3,2,80,0,0,2,0,0
unioncommonwealthky:tretelmatias,"Tretel, Matias",Union Commonwealth (Ky.),29,1,80,0,0,0,0,0
canisius:jimenezlarry,"Jimenez, Larry",Canisius,22,6,80,0,0,0,0,0
regent:scholefieldjohn,"Scholefield, John",Regent,3,2,80,0,0,0,0,0
dartmouthcollege:magnussonoskar,"Magnusson, Oskar",Dartmouth College,16,10,80,0,0,0,0,0
udm:peleskaevan,"Peleska , Evan",UDM,26,2,80,0,0,0,0,0
mke:huwilerfelix,"Huwiler, Felix",MKE,18,3,80,0,0,0,0,0
fgu:oliveiracaio,"Oliveira, Caio",FGU,7,1,80,0,0,0,0,0
fgu:schorrleo,"Schorr, Leo",FGU,11,1,80,0,0,2,2,0
bu:marksjackson,"Marks, Jackson",BU,22,1,80,0,0,0,0,0
njit:lichtenheimstefan,"Lichtenheim, Stefan",NJIT,21,7,79,0,0,0,0,0
loyola:ajagbemichael,"Ajagbe, Michael",Loyola,9,4,79,0,0,2,2,0
stonehillcollege:deberardinisandrew,"DeBerardinis, Andrew",Stonehill College,4,6,79,0,0,1,0,0
uwm:gongoraangel,"Gongora, Angel",UWM,6,1,79,0,0,0,0,0
spaldinguniversityky:welshethan,"Welsh, Ethan",Spalding University (Ky.),6,1,79,0,0,0,0,0
utriograndevalley:riveradiego,"Rivera, Diego",UT Rio Grande Valley,21,1,79,0,0,1,0,0
utahtech:roblesangel,"Robles, Angel",Utah Tech,15,2,79,0,0,0,0,0
10westvirginia:veldhorstthijs,"Veldhorst, Thijs",#10 West Virginia,6,1,79,0,0,2,0,0
pittsburgh:loppingjakob,"Lopping, Jakob",Pittsburgh,8,4,79,0,0,2,2,0
averett:lopezanibal,"Lopez, Anibal",Averett,1,1,79,0,0,0,0,12
newhaven:pimentelduarte,"Pimentel, Duarte",New Haven,20,2,79,0,0,1,0,0
newjerseyinstituteoftechnology:lograssocristian,"LoGrasso, Cristian",New Jersey Institute of Technology,8,1,79,0,0,0,0,0
fgu:bustamantejose,"Bustamante, Jose",FGU,9,1,79,0,0,1,0,0
csub:farrelljosh,"Farrell, Josh",CSUB,3,1,79,0,0,0,0,0
evv:shepherddevin,"Shepherd, Devin",EVV,2,1,79,0,0,4,0,0
udm:palominojohn,"Palomino , John",UDM,7,2,79,0,0,2,0,0
virginiastate:roachshane,"Roach, Shane",Virginia State,3,1,79,0,0,0,0,0
californialutheranuniversity:rodriguezdanny,"Rodriguez, Danny",California Lutheran University,6,1,79,0,0,1,0,0
furmanthirdround:coxgabe,"Cox, Gabe",Furman - Third Round,33,1,79,0,0,2,0,0
highpoint:rekkaenzo,"Rekka, Enzo",High Point,11,1,78,0,0,1,1,0
providence:ajayimayowa,"Ajayi, Mayowa",Providence,24,15,78,0,0,3,0,0
fordham:tristanicosimo,"Tristani, Cosimo",Fordham,5,7,78,0,0,0,0,0
oglethorpe:duncansmithjake,"Duncan-Smith, Jake",Oglethorpe,22,1,78,0,0,1,0,0
collegeoftheholycross:johnsonwade,"Johnson, Wade",College of the Holy Cross,6,1,78,0,0,1,0,0
merrimackcollege:iaiapasquale,"Iaia, Pasquale",Merrimack College,3,7,78,0,0,1,0,0
southcarolina:kolbysamy,"Kolby, Samy",South Carolina,17,7,78,0,0,0,0,0
njit:sunolsebastian,"Sunol, Sebastian",NJIT,9,6,78,0,0,0,0,0
lifepacific:pizar,"Piza, R",Life Pacific,17,1,78,0,0,0,0,0
gcu:babacardialloserigne,"Babacar Diallo, Serigne",GCU,4,2,78,0,0,0,0,0
iona:krstulovicluka,"Krstulovic, Luka",Iona,28,6,78,0,0,2,0,0
cuc:bendovlotem,"Ben Dov, Lotem",CUC,6,1,78,0,0,1,0,0
adriancollege:kretschmerdominic,"Kretschmer, Dominic",Adrian College,12,1,78,0,0,0,0,0
adriancollege:binderjeanluc,"Binder, Jean-Luc",Adrian College,23,1,78,0,0,0,0,0
southcarolina:kowalskicamden,"Kowalski, Camden",South Carolina,14,4,78,0,0,1,0,0
holycrosscollegeind:foxxaiver,"Fox, Xaiver",Holy Cross College (Ind.),18,1,78,0,0,0,0,0
fu:siasjack,"Sias, Jack",FU,14,1,78,0,0,1,1,0
cofc:lenertmatt,"Lenert, Matt",CofC,11,1,78,0,0,1,1,0
kingscollege:lanebrayden,"Lane, Brayden",King's College,12,1,78,0,0,0,0,0
neumann:difilippojason,"DiFilippo, Jason",Neumann,18,1,78,0,0,0,0,0
neumann:petruzzellidominic,"Petruzzelli, Dominic",Neumann,25,1,78,0,0,0,0,0
sts:casasandre,"Casas, Andre",STS,2,1,78,0,0,0,0,0
bradleyuniversity:hjorvarssonnokkvi,"Hjorvarsson, Nokkvi",Bradley University,22,1,78,0,0,0,0,0
holyfamilyuniversity:stockowen,"Stock, Owen",Holy Family University,24,1,78,0,0,0,0,0
lions:blakeethan,"Blake, Ethan",Lions,3,1,78,0,0,0,0,0
davidsoncollege:naborsjackson,"Nabors, Jackson",Davidson College,11,19,77,0,0,2,1,0
pennstate:bradyconrad,"Brady, Conrad",Penn State,26,10,77,0,0,1,0,0
uwm:zunigadominic,"Zuniga, Dominic",UWM,14,1,77,0,0,3,3,0
siuedwardsville:hackenbergethan,"Hackenberg, Ethan",SIU-Edwardsville,8,1,77,0,0,1,0,0
uvm:kisselmaximilian,"Kissel, Maximilian",UVM,9,2,77,0,0,0,0,0
tribe:rabushevan,"Rabush, Evan",Tribe,16,1,77,0,0,0,0,0
siue:kornasethan,"Kornas, Ethan",SIUE,29,3,77,0,0,0,0,3
saintfrancisu:mitchelliiithero,"Mitchell III, Thero",Saint Francis U,15,1,77,0,0,0,0,0
utrgv:abboudemiliano,"Abboud, Emiliano",UTRGV,18,3,77,0,0,2,2,0
ust:perazoliveronagabriel,"Perazoli Verona, Gabriel",UST,22,1,77,0,0,0,0,0
sacredheart:almuzararomeroalex,"Almuzara Romero, Alex",Sacred Heart,10,7,77,0,0,0,0,0
spaldinguniversityky:mulumekevin,"Mulume, Kevin",Spalding University (Ky.),22,1,77,0,0,0,0,0
utriograndevalley:deoliveiraeduardo,"De Oliveira, Eduardo",UT Rio Grande Valley,10,1,77,0,0,1,0,0
9highpoint:johnsonkoven,"Johnson, Koven",#9 High Point,6,1,77,0,0,1,0,0
unf:ferreiraricardo,"Ferreira, Ricardo",UNF,12,3,77,0,0,2,0,0
holycrosscollegeind:panayiotouniko,"Panayiotou, Niko",Holy Cross College (Ind.),20,1,77,0,0,0,0,0
brynt:jacobstibo,"Jacobs, Tibo",BRYNT,13,1,77,0,0,0,0,0
neumann:rolleshunter,"Rolles, Hunter",Neumann,8,1,77,0,0,0,0,0
albany:peppledavid,"Pepple, David",Albany,26,2,77,0,0,0,0,0
ju:koglerfelix,"Kogler, Felix",JU,9,1,77,0,0,2,1,0
loyola:andrewsryan,"Andrews, Ryan",Loyola,24,1,77,0,0,0,0,0
1a10saintlouis:oneilxavi,"O'Neil, Xavi",(#1 A-10) Saint Louis,11,1,77,0,0,6,2,0
saintfrancis:frenchbrendan,"French, Brendan",Saint Francis,30,4,76,0,0,0,0,0
wisconsin:kaemmererrobert,"Kaemmerer, Robert",Wisconsin,2,14,76,0,0,0,0,0
southflorida:owensmichael,"Owens, Michael",South Florida,20,15,76,0,0,2,0,0
emoryhenry:alesmilan,"Ales, Milan",Emory & Henry,15,1,76,0,0,1,0,0
regent:kamgayannolivier,"Kamga, Yann-Olivier",Regent,9,1,76,0,0,2,2,0
umass:fernandezdavilasean,"Fernandez-Davila, Sean",UMass,24,12,76,0,0,2,1,0
uvm:aokirui,"Aoki, Rui",UVM,35,1,76,0,0,1,0,0
westmont:aranibartiago,"Aranibar, Tiago",Westmont,15,1,76,0,0,0,0,0
loyolauniversitymaryland:angelinicody,"Angelini, Cody",Loyola University Maryland,17,3,76,0,0,1,0,0
uk:andersenmarcus,"Andersen, Marcus",UK,18,1,76,0,0,0,0,0
pride:santipietro,"Santi, Pietro",Pride,16,1,76,0,0,0,0,0
pride:burkodaniel,"Burko, Daniel",Pride,21,1,76,0,0,1,1,0
manchester:mbuthiapj,"Mbuthia, PJ",Manchester,7,1,76,0,0,0,0,0
caldwell:torjmanroy,"Torjman, Roy",Caldwell,7,1,76,0,0,3,1,0
stcloudstate:atiaramy,"Atia, Ramy",St. Cloud State,34,1,76,0,0,0,0,4
holycrosscollegeind:lulickia,"Lulic, Kia",Holy Cross College (Ind.),11,1,76,0,0,0,0,0
mum:carternicholas,"Carter, Nicholas",MUM,23,1,76,0,0,0,0,0
colgateuniversity:staffordcason,"Stafford, Cason",Colgate University,10,1,76,0,0,0,0,0
colgateuniversity:pipkinblake,"Pipkin, Blake",Colgate University,11,1,76,0,0,1,0,0
colgateuniversity:smithconnor,"Smith, Connor",Colgate University,24,1,76,0,0,1,1,0
sts:freitasjoao,"Freitas, Joao",STS,17,1,76,0,0,2,0,0
mrst:cunhaskyler,"Cunha, Skyler",MRST,5,1,76,0,0,0,0,0
ucsd:uedasean,"Ueda, Sean",UCSD,28,1,76,0,0,0,0,0
qnc:brownjamahl,"Brown, Jamahl",QNC,16,1,76,0,0,0,0,0
siu:juanpablo,"Juan, Pablo",SIU,8,1,76,0,0,1,0,0
siu:naessenszach,"Naessens, Zach",SIU,13,1,76,0,0,0,0,0
holyfamilyuniversity:sterebogdan,"Stere, Bogdan",Holy Family University,2,1,76,0,0,1,0,0
holyfamilyuniversity:castrokevin,"Castro, Kevin",Holy Family University,6,1,76,0,0,0,0,0
holyfamilyuniversity:panicciagiraldezricardo,"Paniccia Giraldez, Ricardo",Holy Family University,17,1,76,0,0,2,1,0
luc:rodrguezjoaquin,"Rodríguez, Joaquin",LUC,3,1,75,0,0,0,0,0
unioncommonwealthky:kikuchitakuma,"Kikuchi, Takuma",Union Commonwealth (Ky.),13,1,75,0,0,1,0,0
vmi:vuekong,"Vue, Kong",VMI,18,4,75,0,0,2,0,0
njcu:josephukaegbusomto,"Joseph Ukaegbu, Somto",NJCU,3,1,75,0,0,1,0,0
calstatela:antunageovanni,"Antuna, Geovanni",Cal State LA,27,1,75,0,0,0,0,0
northgreenville:myersalec,"Myers, Alec",North Greenville,3,1,75,0,0,0,0,0
aue:fogeljonah,"Fogel, Jonah",AUE,2,1,75,0,0,0,0,0
yale:renforthluke,"Renforth, Luke",Yale,18,8,75,0,0,0,0,0
utg:pouyemouhamed,"Pouye, Mouhamed",UTG,7,1,75,0,0,0,0,0
gcu:santosxande,"Santos, Xande",GCU,19,2,75,0,0,1,0,0
saintfrancisu:quirogajulian,"Quiroga, Julian",Saint Francis U,14,1,75,0,0,0,0,0
mountstmarys:riverakevin,"Rivera, Kevin",Mount St. Mary's,21,3,75,0,0,4,1,0
averett:maireleshugo,"Maireles, Hugo",Averett,21,1,75,0,0,0,0,0
aic:botassopietro,"Botasso, Pietro",AIC,9,1,75,0,0,2,1,0
aic:pelejahenrique,"Peleja, Henrique",AIC,16,1,75,0,0,0,0,0
brynt:veintimillajorge,"Veintimilla, Jorge",BRYNT,8,1,75,0,0,0,0,0
hanovercollege:betzdavid,"Betz, David",Hanover College,2,1,75,0,0,0,0,0
brd:knottsluke,"Knotts, Luke",BRD,26,1,75,0,0,0,0,0
evv:edstrmhkon,"Edstrøm, Håkon",EVV,21,1,75,0,0,1,0,0
evv:escuderoandres,"Escudero, Andres",EVV,27,1,75,0,0,3,1,0
niu:mukukakatai,"Mukuka, Katai",NIU,40,1,75,0,0,1,0,0
ccny:pingarronmilton,"Pingarron, Milton",CCNY,22,1,75,0,0,0,0,0
ucsantabarbara:brownkevin,"Brown, Kevin",UC Santa Barbara,31,7,74,0,0,0,0,0
sacredheart:keatingnicholas,"Keating, Nicholas",Sacred Heart,29,13,74,0,0,1,0,0
memphis:tangredialejo,"Tangredi, Alejo",Memphis,29,14,74,0,0,1,0,0
unioncommonwealthky:gasquezperezoriol,"Gasquez Perez, Oriol",Union Commonwealth (Ky.),6,1,74,0,0,0,0,0
liberty:allentyee,"Allen, Tyee",Liberty,15,12,74,0,0,3,1,0
dean:godwinjake,"Godwin, Jake",Dean,1,1,74,0,0,0,0,9
oregontech:schweigersylver,"Schweiger, Sylver",Oregon Tech,12,1,74,0,0,1,0,0
southdakotaschoolofmines:northnickolas,"North, Nickolas",South Dakota School of Mines,9,1,74,0,0,0,0,0
trinitycollegeofjacksonville:concepcionleandro,"Concepcion, Leandro",Trinity College of Jacksonville,8,1,74,0,0,1,1,0
hope:tsandesevan,"Tsandes, Evan",Hope,18,1,74,0,0,1,0,0
uiw:monrrealjuan,"Monrreal, Juan",UIW,10,3,74,0,0,2,1,0
udm:sanbornryan,"Sanborn , Ryan",UDM,9,2,74,0,0,0,0,0
roos:kohoutekales,"Kohoutek, Ales",Roos,12,1,74,0,0,0,0,0
duke:bagcasey,"Bag, Casey",Duke,25,19,73,0,0,1,1,0
akron:royerjamai,"Royer, Jamai",Akron,25,21,73,0,0,0,0,0
wisconsin:couryalejandro,"Coury, Alejandro",Wisconsin,7,13,73,0,0,2,2,0
charlotte:anguianoadrian,"Anguiano, Adrian",Charlotte,20,15,73,0,0,0,0,0
oglethorpe:montesluke,"Montes, Luke",Oglethorpe,15,1,73,0,0,1,0,0
tcj:perezdiego,"Perez, Diego",TCJ,5,1,73,0,0,1,1,0
tcj:morenodaniel,"Moreno, Daniel",TCJ,7,1,73,0,0,2,0,0
jax:holtantobias,"Holtan, Tobias",JAX,10,1,73,0,0,3,0,0
umass:cucinottaaj,"Cucinotta, A.J.",UMass,5,12,73,0,0,0,0,0
robertmorris:krugjohn,"Krug, John",Robert Morris,2,5,73,0,0,2,2,0
missouristate:atienzagabriel,"Atienza, Gabriel",Missouri State,25,8,73,0,0,1,0,0
uwm:djungabienvenu,"Djunga, Bienvenu",UWM,10,1,73,0,0,5,2,0
sandiegostate:carrilloprezisrael,"Carrillo Pérez, Israel",San Diego State,25,5,73,0,0,0,0,0
saintpeters:ettiennejrdarrell,"Ettienne Jr., Darrell",Saint Peter's,31,1,73,0,0,4,1,0
virginia:hurlockstephen,"Hurlock, Stephen",Virginia,13,10,73,0,0,3,2,0
ur:debbagekaelan,"Debbage, Kaelan",UR,24,1,73,0,0,0,0,0
ferrum:brooksjadon,"Brooks, Jadon",Ferrum,18,1,73,0,0,2,2,0
ferrum:bhutiaalex,"Bhutia, Alex",Ferrum,25,1,73,0,0,1,0,0
bowlinggreenstateuniversity:painterbennett,"Painter, Bennett",Bowling Green State University,12,1,73,0,0,2,2,0
universityofmassachusettslowell:leonardojean,"Leonardo, Jean",University of Massachusetts Lowell,17,3,73,0,0,1,1,0
newjerseyinstituteoftechnology:daoudkhaled,"Daoud, Khaled",New Jersey Institute of Technology,22,2,73,0,0,2,0,0
grb:cruzgiovanni,"Cruz, Giovanni",GRB,3,1,73,0,0,0,0,0
grb:perkinsty,"Perkins, Ty",GRB,5,1,73,0,0,1,0,0
carroll:greearjackson,"Greear, Jackson",Carroll,22,1,73,0,0,0,0,0
bucknellplfirstround:lucasjack,"Lucas, Jack",Bucknell – PL First Round,11,1,73,0,0,1,0,0
umass:wrightbraeden,"Wright, Braeden",UMass,17,12,72,0,0,1,0,0
quincy:allimadiismael,"Allimadi, Ismael",Quincy,22,1,72,0,0,1,1,0
warrenwilson:hutchinsonjahmari,"Hutchinson, Jahmari",Warren Wilson,5,1,72,0,0,1,1,0
warrenwilson:millanjaime,"Millan, Jaime",Warren Wilson,11,1,72,0,0,0,0,0
lifepacific:tarol,"Taro, L",Life Pacific,11,1,72,0,0,3,0,0
westmont:racelogan,"Race, Logan",Westmont,29,1,72,0,0,0,0,0
cornell:feherbalazs,"Feher, Balazs",Cornell,7,11,72,0,0,2,0,0
uk:pollardkaden,"Pollard, Kaden",UK,19,1,72,0,0,0,0,0
uk:haughtonparismekhi,"Haughton-Paris, Mekhi",UK,21,1,72,0,0,3,2,0
floridamemorial:sadikimohamed,"Sadiki, Mohamed",Florida Memorial,9,1,72,0,0,1,0,0
oregontech:fletcherreece,"Fletcher, Reece",Oregon Tech,4,1,72,0,0,0,0,0
gu:letayfdiego,"Letayf, Diego",GU,6,1,72,0,0,0,0,0
gu:bakermitchell,"Baker, Mitchell",GU,9,1,72,0,0,5,4,0
bowlinggreenstateuniversity:christensenmads,"Christensen, Mads",Bowling Green State University,15,1,72,0,0,0,0,0
indy:kummrownoah,"Kummrow, Noah",INDY,5,1,72,0,0,1,0,0
indy:keijseryouri,"Keijser, Youri",INDY,11,1,72,0,0,1,1,0
indy:isomnathaniel,"Isom, Nathaniel",INDY,15,1,72,0,0,4,1,0
indy:nielsenchristian,"Nielsen, Christian",INDY,32,1,72,0,0,6,3,0
trinitycollegeofjacksonville:mcdonaldliam,"McDonald, Liam",Trinity College of Jacksonville,5,1,72,0,0,0,0,0
eagles:mcconnellsam,"McConnell, Sam",EAGLES,33,1,72,0,0,0,0,0
flames:morrisonaidan,"Morrison, Aidan",FLAMES,8,1,72,0,0,2,1,0
mum:panosgarrett,"Panos, Garrett",MUM,19,1,72,0,0,0,0,0
mum:thomaskaleb,"Thomas, Kaleb",MUM,27,1,72,0,0,0,0,0
johnsonwales:delaparrapolinaeugenio,"de la Parra Polina, Eugenio",Johnson & Wales,10,1,72,0,0,1,1,0
gcu:hermittealan,"Hermitte, Alan",GCU,12,1,72,0,0,1,0,0
lions:soaresalander,"Soares, Alander",Lions,10,1,72,0,0,0,0,0
lions:bartoniluca,"Bartoni, Luca",Lions,11,1,72,0,0,0,0,0
calpoly:guerradiego,"Guerra, Diego",Cal Poly,8,15,71,0,0,0,0,0
quinnipiac:gloriesroigdidac,"Glories Roig, Didac",Quinnipiac,4,2,71,0,0,0,0,0
northcarolina:mayanjaabubaker,"Mayanja, Abubaker",North Carolina,8,14,71,0,0,3,1,0
ou:matuzaktyler,"Matuzak, Tyler",OU,16,1,71,0,0,0,0,0
umo:shepperttristan,"Sheppert, Tristan",UMO,27,2,71,0,0,0,0,0
regent:baileyconnor,"Bailey, Connor",Regent,19,2,71,0,0,0,0,0
hofstra:poztommy,"Poz, Tommy",Hofstra,37,8,71,0,0,5,0,0
rhodeisland:brueningsinan,"Bruening, Sinan",Rhode Island,10,1,71,0,0,3,0,0
calstatela:sevillanoangel,"Sevillano, Angel",Cal State LA,2,1,71,0,0,2,1,0
utg:gashojonah,"Gasho, Jonah",UTG,3,1,71,0,0,0,0,0
utg:zunigaramon,"Zuniga, Ramon",UTG,20,1,71,0,0,0,0,0
bel:pealouis,"Peña, Louis",BEL,6,1,71,0,0,0,0,0
bel:kiperbrock,"Kiper, Brock",BEL,19,1,71,0,0,1,0,0
ust:schaefermerrick,"Schaefer, Merrick",UST,5,1,71,0,0,0,0,0
ust:therrienchance,"Therrien, Chance",UST,11,1,71,0,0,0,0,0
massachusetts:mocciobrad,"Moccio, Brad",Massachusetts,19,2,71,0,0,2,0,0
oregontech:smithkasey,"Smith, Kasey",Oregon Tech,15,1,71,0,0,0,0,0
cuc:matosfilipe,"Matos, Filipe",CUC,10,1,71,0,0,1,1,0
calbaptist:lawsonwilliam,"Lawson, William",Cal Baptist,5,1,71,0,0,0,0,0
stcloudstate:delportryder,"Delport, Ryder",St. Cloud State,5,1,71,0,0,0,0,0
averett:alvarezdelrioalvaro,"Alvarez del Rio, Alvaro",Averett,3,1,71,0,0,0,0,0
pc:acreeaj,"Acree, AJ",PC,22,1,71,0,0,3,1,0
fu:pomplianoluke,"Pompliano, Luke",FU,12,1,71,0,0,4,1,0
cofc:whiteezra,"White, Ezra",CofC,8,1,71,0,0,0,0,0
cofc:goldnoah,"Gold, Noah",CofC,23,1,71,0,0,0,0,0
colgateuniversity:stephansdrew,"Stephans, Drew",Colgate University,4,1,71,0,0,0,0,0
baldwinwallace:halilajcimi,"Halilaj, Cimi",Baldwin Wallace,6,1,71,0,0,0,0,0
virginiastate:diabagateibrahim,"Diabagate, Ibrahim",Virginia State,19,1,71,0,0,0,0,0
graphitedivisionstetson:makowemdaniel,"Makowem, Daniel",(Graphite Division) Stetson,14,1,71,0,0,1,0,0
roos:francoujeremy,"Francou, Jeremy",Roos,11,1,71,0,0,4,0,0
sanfrancisco:firestoneryan,"Firestone, Ryan",San Francisco,3,14,70,0,0,0,0,0
luc:chavarriabenji,"Chavarria, Benji",LUC,19,2,70,0,0,0,0,0
canisius:vanengenkiernan,"Van Engen, Kiernan",Canisius,25,5,70,0,0,0,0,0
sanjosestate:walkerkaylob,"Walker, Kaylob",San Jose State,4,8,70,0,0,1,1,0
regent:bayliscaswell,"Baylis, Caswell",Regent,14,2,70,0,0,0,0,0
uk:solmazsinan,"Solmaz, Sinan",UK,6,1,70,0,0,0,0,0
tigers:beckwithliam,"Beckwith, Liam",Tigers,5,1,70,0,0,0,0,0
tigers:vigilantesam,"Vigilante, Sam",Tigers,18,1,70,0,0,0,0,0
caldwell:cielakjakub,"Cielak, Jakub",Caldwell,36,1,70,0,0,0,0,0
oregontech:aguiarcasillasanthony,"Aguiar Casillas, Anthony",Oregon Tech,10,1,70,0,0,0,0,0
spaldinguniversityky:paynecarter,"Payne, Carter",Spalding University (Ky.),21,1,70,0,0,0,0,0
10westvirginia:caldeiramarcus,"Caldeira, Marcus",#10 West Virginia,7,1,70,0,0,5,3,0
loyolamd:luchiesjordy,"Luchies, Jordy",Loyola (Md.),4,2,70,0,0,0,0,0
loyolamd:smitheddie,"Smith, Eddie",Loyola (Md.),16,1,70,0,0,0,0,0
averett:lesliepatrick,"Leslie, Patrick",Averett,16,1,70,0,0,0,0,0
aic:albanojoseph,"Albano, Joseph",AIC,2,1,70,0,0,0,0,0
aic:mckinnonjack,"McKinnon, Jack",AIC,22,1,70,0,0,0,0,0
mack:zanisalvatore,"Zani, Salvatore",MACK,28,1,70,0,0,0,0,0
brd:saladinstephen,"Saladin, Stephen",BRD,7,1,70,0,0,1,0,0
usf:hervouinlouis,"Hervouin, Louis",USF,17,1,70,0,0,0,0,0
californialutheranuniversity:arcegavin,"Arce, Gavin",California Lutheran University,2,1,70,0,0,0,0,0
setonhill:aubreyjames,"Aubrey, James",Seton Hill,9,1,69,0,0,0,0,0
setonhill:reddenzach,"Redden, Zach",Seton Hill,16,1,69,0,0,0,0,0
stonehillcollege:thompsonpreston,"Thompson, Preston",Stonehill College,11,6,69,0,0,0,0,0
quincy:venvertlohcarter,"Venvertloh, Carter",Quincy,9,1,69,0,0,1,1,0
quincy:ellisjake,"Ellis, Jake",Quincy,17,1,69,0,0,1,0,0
csubakersfield:mpawenayojackson,"Mpawenayo, Jackson",CSU Bakersfield,2,5,69,0,0,3,1,0
njcu:vieiraaugusto,"Vieira, Augusto",NJCU,17,1,69,0,0,0,0,0
bu:switalamichael,"Switala, Michael",BU,6,1,69,0,0,0,0,0
bel:biggarnzuhri,"Biggar, Nzuhri",BEL,10,1,69,0,0,1,0,0
princeton:klinenbergcyrus,"Klinenberg, Cyrus",Princeton,12,13,69,0,0,1,0,0
liu:willemsjaiden,"Willems, Jaiden",LIU,2,1,69,0,0,1,0,0
liu:blascomarcos,"Blasco, Marcos",LIU,6,1,69,0,0,1,0,0
massachusetts:brummergavin,"Brummer, Gavin",Massachusetts,12,2,69,0,0,0,0,0
pride:chrysostomouevangelos,"Chrysostomou, Evangelos",Pride,28,1,69,0,0,0,0,0
oregontech:georgeandrew,"George, Andrew",Oregon Tech,30,1,69,0,0,0,0,0
chs:walkerhogan,"Walker, Hogan",CHS,18,1,69,0,0,0,0,0
universityofsouthernindiana:naessenszach,"Naessens, Zach",University of Southern Indiana,13,2,69,0,0,0,0,0
fgu:lopezbrian,"Lopez, Brian",FGU,20,1,69,0,0,1,1,0
mke:denzpaul,"Denz, Paul",MKE,17,2,69,0,0,2,0,0
neumann:zimermantom,"Zimerman, Tom",Neumann,19,1,69,0,0,0,0,0
ucsd:arensbrian,"Arens, Brian",UCSD,11,1,69,0,0,3,2,0
evv:bencicwill,"Bencic, Will",EVV,9,1,69,0,0,1,1,0
holyfamilyuniversity:kissjackson,"Kiss, Jackson",Holy Family University,12,1,69,0,0,1,0,0
carroll:sanzignacio,"Sanz, Ignacio",Carroll,20,1,69,0,0,0,0,0
georgetown:bernsteinhenry,"Bernstein, Henry",Georgetown,27,1,68,0,0,4,2,0
tulsa:kirehyonis,"Kireh, Yonis",Tulsa,17,17,68,0,0,0,0,0
quincy:nswosujosh,"Nswosu, Josh",Quincy,10,1,68,0,0,3,2,0
utg:mendoncabastosdiogo,"Mendonca Bastos, Diogo",UTG,27,1,68,0,0,1,0,0
northwestern:nimrodiyuval,"Nimrodi, Yuval",Northwestern,10,9,68,0,0,2,0,0
niagarauniversity:woodsrobert,"Woods, Robert",Niagara University,12,4,68,0,0,0,0,0
southdakotaschoolofmines:frenchethan,"French, Ethan",South Dakota School of Mines,10,1,68,0,0,1,1,0
southdakotaschoolofmines:udotoalvin,"Udoto, Alvin",South Dakota School of Mines,11,1,68,0,0,1,0,0
warner:cipollagio,"Cipolla, Gio",Warner,27,1,68,0,0,0,0,0
averett:blanksgavin,"Blanks, Gavin",Averett,29,1,68,0,0,0,0,0
hope:waltersseth,"Walters, Seth",Hope,4,1,68,0,0,0,0,0
brynt:blascogomezsantiago,"Blasco Gomez, Santiago",BRYNT,6,1,68,0,0,0,0,0
johnsonwales:abrilpaul,"Abril, Paul",Johnson & Wales,8,1,68,0,0,0,0,0
bostoncollege:oterosebastian,"Otero, Sebastian",Boston College,8,1,68,0,0,1,1,0
niu:slawektomasz,"Slawek, Tomasz",NIU,17,1,68,0,0,3,2,0
ucsantabarbara:brownpeleg,"Brown, Peleg",UC Santa Barbara,77,6,67,0,0,1,0,0
setonhall:bofingerakira,"Bofinger, Akira",Seton Hall,27,19,67,0,0,0,0,0
templeuniversity:dokovdaniel,"Dokov, Daniel",Temple University,21,7,67,0,0,0,0,0
setonhill:fosterisaac,"Foster, Isaac",Seton Hill,12,1,67,0,0,0,0,0
lwu:brueningaaron,"Bruening, Aaron",LWU,11,2,67,0,0,1,1,0
oglethorpe:vanmarterowen,"VanMarter, Owen",Oglethorpe,23,1,67,0,0,1,0,0
quincy:myattryan,"Myatt, Ryan",Quincy,3,1,67,0,0,0,0,0
njcu:larrahondoerick,"Larrahondo, Erick",NJCU,19,1,67,0,0,0,0,0
newhampshire:brosselmatteo,"Brossel, Matteo",New Hampshire,8,1,67,0,0,0,0,0
uwm:kumakawadaiki,"Kumakawa, Daiki",UWM,13,1,67,0,0,2,1,0
jamesmadison:tarrychristopher,"Tarry, Christopher",James Madison,2,3,67,0,0,0,0,0
yale:dammannjorik,"Dammann, Jorik",Yale,13,10,67,0,0,0,0,0
clevelandstate:janjetovicpetar,"Janjetovic, Petar",Cleveland State,21,5,67,0,0,1,0,0
etsu:montragullalbert,"Montragull, Albert",ETSU,6,3,67,0,0,0,0,0
cuc:wrightmarco,"Wright, Marco",CUC,7,1,67,0,0,1,0,0
cuc:robertsethan,"Roberts, Ethan",CUC,28,1,67,0,0,2,0,0
9highpoint:amayajefferson,"Amaya, Jefferson",#9 High Point,4,1,67,0,0,0,0,0
trinitycollegeofjacksonville:bernardodelimarichard,"Bernardo de Lima, Richard",Trinity College of Jacksonville,4,1,67,0,0,0,0,0
hope:weigeljosh,"Weigel, Josh",Hope,13,1,67,0,0,1,0,0
lwu:csiszargavin,"Csiszar, Gavin",LWU,20,1,67,0,0,4,2,0
bradleyuniversity:switalamichael,"Switala, Michael",Bradley University,6,1,67,0,0,0,0,0
brd:chesterconnor,"Chester, Connor",BRD,20,1,67,0,0,0,0,0
brd:hjorvarssonnokkvi,"Hjorvarsson, Nokkvi",BRD,22,1,67,0,0,0,0,0
evv:calvetepablo,"Calvete, Pablo",EVV,26,1,67,0,0,1,0,0
ind:isomnathaniel,"Isom, Nathaniel",IND,15,1,67,0,0,1,1,0
graphitedivisionstetson:pallzsombor,"Pall, Zsombor",(Graphite Division) Stetson,11,1,67,0,0,2,1,0
ncstate:terranovasamuel,"Terranova, Samuel",NC State,26,22,66,0,0,0,0,2
ucriverside:terminisilvio,"Termini, Silvio",UC Riverside,20,9,66,0,0,1,0,0
easternillinois:hagemannnate,"Hagemann, Nate",Eastern Illinois,5,3,66,0,0,0,0,0
campbell:naguibxander,"Naguib, Xander",Campbell,25,9,66,0,0,0,0,0
oglethorpe:nkosiangelo,"Nkosi, Angelo",Oglethorpe,20,1,66,0,0,0,0,0
quincy:vistnespaal,"Vistnes, Paal",Quincy,12,1,66,0,0,1,1,0
warrenwilson:moodiesteve,"Moodie, Steve",Warren Wilson,16,1,66,0,0,0,0,0
utrgv:paltinyoav,"Paltin, Yoav",UTRGV,0,2,66,0,0,0,0,1
chicagostate:lainezlucas,"Lainez, Lucas",Chicago State,12,4,66,0,0,0,0,0
bu:coughlonmitch,"Coughlon, Mitch",BU,33,1,66,0,0,2,0,0
lifepacific:mirona,"Miron, A",Life Pacific,19,1,66,0,0,1,1,0
bel:houghoscar,"Hough, Oscar",BEL,28,1,66,0,0,0,0,0
ust:pachecojorge,"Pacheco, Jorge",UST,12,1,66,0,0,0,0,0
udm:moodyryan,"Moody , Ryan",UDM,16,3,66,0,0,1,0,0
floridamemorial:koutsouraisnikos,"Koutsourais, Nikos",Florida Memorial,17,1,66,0,0,1,1,0
wcb:schmittevan,"Schmitt, Evan",WCB,21,1,66,0,0,0,0,0
wcb:schaupertbrandon,"Schaupert, Brandon",WCB,17,1,66,0,0,0,0,0
wcb:bonckkyle,"Bonck, Kyle",WCB,30,1,66,0,0,0,0,0
manchester:gerbergrant,"Gerber, Grant",Manchester,10,1,66,0,0,0,0,0
adriancollege:millernick,"Miller, Nick",Adrian College,22,1,66,0,0,0,0,0
adriancollege:kiafoulisnicholas,"Kiafoulis, Nicholas",Adrian College,26,1,66,0,0,2,1,0
usf:bozesanfabio,"Bozesan, Fabio",USF,9,1,66,0,0,0,0,0
usf:richardsontyler,"Richardson, Tyler",USF,13,1,66,0,0,0,0,0
californialutheranuniversity:paulsondane,"Paulson, Dane",California Lutheran University,12,1,66,0,0,0,0,0
queens:lucenabrock,"Lucena, Brock",Queens,29,9,65,0,0,1,0,0
rutgers:carlsondylan,"Carlson, Dylan",Rutgers,16,16,65,0,0,0,0,0
ou:rokahtal,"Rokah, Tal",OU,20,1,65,0,0,0,0,0
oglethorpe:tapiaalex,"Tapia, Alex",Oglethorpe,21,1,65,0,0,0,0,0
tcj:mohammadisalim,"Mohammadi, Salim",TCJ,20,1,65,0,0,0,0,0
seattle:bruinjoepjoshua,"Bruin, Joep Joshua",Seattle,23,6,65,0,0,1,0,0
quincy:imigcolin,"Imig, Colin",Quincy,2,1,65,0,0,0,0,0
uwm:goodmanmitch,"Goodman, Mitch",UWM,25,1,65,0,0,0,0,0
bellarmine:iordantudor,"Iordan, Tudor",Bellarmine,1,3,65,0,0,0,0,0
graceland:tejadaguillermo,"Tejada, Guillermo",Graceland,16,1,65,0,0,0,0,0
saintfrancisu:planaslvaro,"Planas, Álvaro",Saint Francis U,8,1,65,0,0,0,0,0
ust:klevbergsimon,"Klevberg, Simon",UST,2,1,65,0,0,0,0,0
udm:pearcerex,"Pearce, Rex",UDM,21,2,65,0,0,0,0,0
tigers:ittycheriadaniel,"Ittycheria, Daniel",Tigers,11,1,65,0,0,0,0,0
caldwell:pittlfrancesco,"Pittl, Francesco",Caldwell,11,1,65,0,0,1,0,0
calbaptist:hardindrew,"Hardin, Drew",Cal Baptist,10,1,65,0,0,0,0,0
spaldinguniversityky:amayamarlon,"Amaya, Marlon",Spalding University (Ky.),10,1,65,0,0,0,0,0
loyolamd:angelinicody,"Angelini, Cody",Loyola (Md.),17,1,65,0,0,0,0,0
cofc:toulsondan,"Toulson, Dan",CofC,4,1,65,0,0,1,0,0
uiw:ordonezdaniel,"Ordonez, Daniel",UIW,8,3,65,0,0,0,0,0
loyolamd:schoutenben,"Schouten, Ben",Loyola Md.,8,1,65,0,0,1,0,0
neumann:megnazior,"Megnazi, Or",Neumann,6,1,65,0,0,0,0,0
mack:dayarchie,"Day, Archie",MACK,15,1,65,0,0,0,0,0
mack:cassidykeller,"Cassidy, Keller",MACK,36,1,65,0,0,0,0,0
edgewood:vounggabe,"Voung, Gabe",Edgewood,16,1,65,0,0,1,0,0
californialutheranuniversity:reesekane,"Reese, Kane",California Lutheran University,19,1,65,0,0,2,1,0
californialutheranuniversity:smartjackson,"Smart, Jackson",California Lutheran University,34,1,65,0,0,0,0,0
bucknellplfirstround:pomborjimmy,"Pombor, Jimmy",Bucknell – PL First Round,6,1,65,0,0,0,0,0
bucknellplfirstround:weavercohen,"Weaver, Cohen",Bucknell – PL First Round,19,1,65,0,0,0,0,0
lehighplsemifinal:sheelertrey,"Sheeler, Trey",Lehigh – PL Semifinal,4,1,65,0,0,1,0,0
lions:csiszargavin,"Csiszar, Gavin",Lions,20,1,65,0,0,0,0,0
ucsantabarbara:wallowen,"Wall, Owen",UC Santa Barbara,15,8,64,0,0,0,0,0
vcu:fujishirotetsunari,"Fujishiro, Tetsunari",VCU,22,5,64,0,0,0,0,0
northflorida:harrisjacob,"Harris, Jacob",North Florida,17,13,64,0,0,1,1,0
memphis:kuldanekryan,"Kuldanek, Ryan",Memphis,30,14,64,0,0,0,0,0
hofstra:mattonlewis,"Matton, Lewis",Hofstra,31,1,64,0,0,0,0,0
uic:lemusandres,"Lemus, Andres",UIC,18,8,64,0,0,2,0,0
stetson:santosnate,"Santos, Nate",Stetson,27,7,64,0,0,0,0,0
collegeoftheholycross:quinnpasinoscar,"Quinn Pasin, Oscar",College of the Holy Cross,32,1,64,0,0,1,0,0
collegeoftheholycross:rostanpatrick,"Rostan, Patrick",College of the Holy Cross,29,1,64,0,0,1,0,0
quincy:offermanjake,"Offerman, Jake",Quincy,1,1,64,0,0,0,0,0
newhaven:stenebytheodor,"Steneby, Theodor",New Haven,30,7,64,0,0,1,1,0
warrenwilson:riverakevin,"Rivera, Kevin",Warren Wilson,28,1,64,0,0,0,0,0
calstatela:efstathiouchristos,"Efstathiou, Christos",Cal State LA,22,1,64,0,0,0,0,0
calstatela:yoellevan,"Yoell, Evan",Cal State LA,28,1,64,0,0,0,0,0
westmont:ruetschlejohn,"Ruetschle, John",Westmont,16,1,64,0,0,2,0,0
westmont:seagerchase,"Seager, Chase",Westmont,26,1,64,0,0,0,0,0
unlv:carbajalcesar,"Carbajal, Cesar",UNLV,5,6,64,0,0,0,0,0
stcloudstate:holmesandrew,"Holmes, Andrew",St. Cloud State,6,1,64,0,0,0,0,0
stcloudstate:worsdellowen,"Worsdell, Owen",St. Cloud State,22,1,64,0,0,0,0,0
adriancollege:dawidsimon,"Dawid, Simon",Adrian College,16,1,64,0,0,0,0,0
upst:cromedyjacob,"Cromedy, Jacob",UPST,25,2,64,0,0,0,0,0
fu:leitnerbennett,"Leitner, Bennett",FU,11,1,64,0,0,1,1,0
camels:serysam,"Sery, Sam",Camels,14,2,64,0,0,0,0,0
brwn:elizaldediego,"Elizalde, Diego",BRWN,23,1,64,0,0,0,0,0
arcadia:griermatthew,"Grier, Matthew",Arcadia,13,1,64,0,0,0,0,0
colgateuniversity:hearnconnor,"Hearn, Connor",Colgate University,7,1,64,0,0,0,0,0
neumann:remowen,"Rem, Owen",Neumann,2,1,64,0,0,1,1,0
hanovercollege:gutierrezolveragonzalezrodrigo,"Gutierrez Olvera Gonzalez, Rodrigo",Hanover College,1,1,64,0,0,0,0,2
hanovercollege:seabaughbrandon,"Seabaugh, Brandon",Hanover College,12,1,64,0,0,0,0,0
albany:rachorbenedikt,"Rachor, Benedikt",Albany,6,2,64,0,0,0,0,0
ind:keijseryouri,"Keijser, Youri",IND,11,1,64,0,0,0,0,0
holyfamilyuniversity:lekishvilidimitri,"Lekishvili, Dimitri",Holy Family University,10,1,64,0,0,1,1,0
holyfamilyuniversity:gutierrezhugo,"Gutierrez, Hugo",Holy Family University,11,1,64,0,0,3,0,0
princeton:hutchinsonhenry,"Hutchinson, Henry",Princeton,14,1,64,0,0,1,1,0
roos:gallucciogabriele,"Galluccio, Gabriele",Roos,10,1,64,0,0,0,0,0
roos:outmanbryce,"Outman, Bryce",Roos,29,1,64,0,0,0,0,0
ucdavis:wouterstristan,"Wouters, Tristan",UC Davis,3,6,63,0,0,0,0,0
ou:baylongabriel,"Baylon, Gabriel",OU,6,1,63,0,0,0,0,0
drexel:alberolagonzalo,"Alberola, Gonzalo",Drexel,23,13,63,0,0,0,0,0
uncgreensboro:poveromomason,"Poveromo, Mason",UNC Greensboro,24,10,63,0,0,1,0,0
calstatefullerton:halecollin,"Hale, Collin",Cal State Fullerton,30,6,63,0,0,1,0,0
emoryhenry:alexanderluke,"Alexander, Luke",Emory & Henry,12,1,63,0,0,0,0,0
marshall:tchemmounrayane,"Tchemmoun, Rayane",Marshall,17,20,63,0,0,1,1,0
quincy:morenohenaocarlos,"Moreno Henao, Carlos",Quincy,5,1,63,0,0,1,1,0
njcu:goicocheacarlos,"Goicochea, Carlos",NJCU,5,1,63,0,0,0,0,0
saintfrancispa:isrealandre,"Isreal, Andre",Saint Francis (PA),17,1,63,0,0,0,0,0
clevelandstate:ortegaisaac,"Ortega, Isaac",Cleveland State,15,4,63,0,0,0,0,0
bel:markjimiyu,"Mark, Jimiyu",BEL,9,1,63,0,0,0,0,0
saintfrancisu:celikkolvolkan,"celikkol, volkan",Saint Francis U,7,1,63,0,0,1,1,0
penn:pakphilip,"Pak, Philip",Penn,6,8,63,0,0,1,1,0
uk:chisolmisaiah,"Chisolm, Isaiah",UK,9,1,63,0,0,2,2,0
centralconnecticutstateuniversity:mcconneryjake,"McConnery, Jake",Central Connecticut State University,4,2,63,0,0,0,0,0
wcb:garronematthew,"Garrone, Matthew",WCB,6,1,63,0,0,0,0,0
ur:punselieezra,"Punselie, Ezra",UR,8,1,63,0,0,2,0,0
calbaptist:suzukileontaiyo,"Suzuki, Leon Taiyo",Cal Baptist,4,1,63,0,0,0,0,0
calbaptist:pinoadolfo,"Pino, Adolfo",Cal Baptist,7,1,63,0,0,1,0,0
northernillinoisuniversity:ladasniko,"Ladas, Niko",Northern Illinois University,25,1,63,0,0,0,0,0
aic:lafayettethomas,"Lafayette, Thomas",AIC,7,1,63,0,0,0,0,0
aic:ferreiratyler,"Ferreira, Tyler",AIC,12,1,63,0,0,0,0,0
brwn:stistruppetersenmads,"Stistrup Petersen, Mads",BRWN,7,1,63,0,0,0,0,0
brwn:gogopetersjamin,"Gogo Peters, Jamin",BRWN,11,1,63,0,0,0,0,0
arcadia:decubaleandro,"de Cuba, Leandro",Arcadia,31,1,63,0,0,0,0,0
arcadia:dunphyjake,"Dunphy, Jake",Arcadia,34,1,63,0,0,0,0,0
mum:mottjosh,"Mott, Josh",MUM,3,1,63,0,0,2,0,0
bradleyuniversity:knottsluke,"Knotts, Luke",Bradley University,26,1,63,0,0,0,0,0
templeuniversity:haeufglocknerrrocco,"Haeufglocknerr, Rocco",Temple University,11,1,63,0,0,1,1,0
ju:spailierromain,"Spailier, Romain",JU,6,1,63,0,0,3,1,0
lions:cerdatoussebastia,"Cerda Tous, Sebastia",Lions,7,1,63,0,0,0,0,0
furmanthirdround:travisgrayson,"Travis, Grayson",Furman - Third Round,16,1,63,0,0,2,2,0
furmanthirdround:reidryan,"Reid, Ryan",Furman - Third Round,20,1,63,0,0,0,0,0
ucf:callowayfinn,"Calloway, Finn",UCF,21,11,62,0,0,1,0,0
georgetown:ayelladominic,"Ayella, Dominic",Georgetown,10,1,62,0,0,2,0,0
bucknell:marronigianluca,"Marroni, Gianluca",Bucknell,4,14,62,0,0,0,0,0
hofstra:jelercicjon,"Jelercic, Jon",Hofstra,4,9,62,0,0,0,0,0
umo:hernandezjonathan,"Hernandez, Jonathan",UMO,13,1,62,0,0,0,0,0
collegeoftheholycross:bebanjulian,"Beban, Julian",College of the Holy Cross,4,1,62,0,0,0,0,0
collegeoftheholycross:hatcherarchie,"Hatcher, Archie",College of the Holy Cross,9,1,62,0,0,0,0,0
charleston:emanuelegoetzkeezequiel,"Emanuele Goetzke, Ezequiel",Charleston,14,5,62,0,0,1,0,0
njcu:orozcojose,"Orozco, Jose",NJCU,6,1,62,0,0,0,0,0
saintfrancispa:piresthiago,"Pires, Thiago",Saint Francis (PA),20,1,62,0,0,2,0,0
northgreenville:silvavinicius,"Silva, Vinicius",North Greenville,10,1,62,0,0,0,0,0
aue:sullivanchris,"Sullivan, Chris",AUE,7,1,62,0,0,1,0,0
aue:garcessebastian,"Garces, Sebastian",AUE,16,1,62,0,0,0,0,0
northeastern:mendietagus,"Mendieta, Gus",Northeastern,25,5,62,0,0,1,1,0
graceland:salinasmario,"Salinas, Mario",Graceland,17,1,62,0,0,1,1,0
graceland:porterandrew,"Porter, Andrew",Graceland,6,1,62,0,0,2,1,0
graceland:williamscale,"Williams, Cale",Graceland,12,1,62,0,0,0,0,0
detroitmercy:zelejitravis,"Zeleji, Travis",Detroit Mercy,5,4,62,0,0,1,0,0
oregontech:tambiomerrick,"Tambio, Merrick",Oregon Tech,7,1,62,0,0,0,0,0
ur:lacknerlandon,"Lackner, Landon",UR,20,1,62,0,0,0,0,0
spaldinguniversityky:buttsnoah,"Butts, Noah",Spalding University (Ky.),32,1,62,0,0,0,0,0
bowlinggreenstateuniversity:soaresgiovanni,"Soares, Giovanni",Bowling Green State University,5,1,62,0,0,0,0,0
bowlinggreenstateuniversity:bodurovryko,"Bodurov, Ryko",Bowling Green State University,7,1,62,0,0,4,2,0
bowlinggreenstateuniversity:messingeraiden,"Messinger, Aiden",Bowling Green State University,25,1,62,0,0,2,1,0
eagles:kirchhoferwill,"Kirchhofer, Will",EAGLES,21,1,62,0,0,0,0,0
newjerseyinstituteoftechnology:kierzkowskipatrick,"Kierzkowski, Patrick",New Jersey Institute of Technology,27,3,62,0,0,0,0,0
sie:karolczakjake,"Karolczak, Jake",SIE,22,1,62,0,0,0,0,0
bostoncollege:diblasioandrea,"Di Blasio, Andrea",Boston College,7,1,62,0,0,2,1,0
holyfamilyuniversity:mckennasean,"McKenna, Sean",Holy Family University,13,1,62,0,0,0,0,0
princeton:mulherinrian,"Mulherin, Rian",Princeton,33,1,62,0,0,1,0,0
northcarolina:mcdowelljohn,"McDowell, John",North Carolina,14,18,61,0,0,0,0,0
michiganstate:casselljustin,"Cassell, Justin",Michigan State,18,16,61,0,0,2,1,0
uncgreensboro:dancymason,"Dancy, Mason",UNC Greensboro,19,11,61,0,0,0,0,0
howard:perkinslouis,"Perkins, Louis",Howard,24,4,61,0,0,1,1,0
newhaven:nazormarco,"Nazor, Marco",New Haven,31,9,61,0,0,0,0,0
quincy:cannleo,"Cann, Leo",Quincy,23,1,61,0,0,1,0,0
clevelandstate:santosrui,"Santos, Rui",Cleveland State,2,3,61,0,0,0,0,0
csubakersfield:medinadakotah,"Medina, Dakotah",CSU Bakersfield,20,4,61,0,0,0,0,0
northgreenville:marinojacob,"Marino, Jacob",North Greenville,2,1,61,0,0,1,1,0
graceland:eshsimon,"Esh, Simon",Graceland,26,1,61,0,0,0,0,0
saintfrancisu:wolfjonah,"Wolf, Jonah",Saint Francis U,6,1,61,0,0,0,0,0
centralconnecticutstateuniversity:canellasdiego,"Canellas, Diego",Central Connecticut State University,15,2,61,0,0,3,2,0
spaldinguniversityky:bessforte,"Bess, Forte",Spalding University (Ky.),11,1,61,0,0,3,0,0
spaldinguniversityky:abdellahussein,"Abdella, Hussein",Spalding University (Ky.),29,1,61,0,0,0,0,0
10westvirginia:martineznacho,"Martinez, Nacho",#10 West Virginia,22,1,61,0,0,0,0,0
trinitycollegeofjacksonville:ortiznicolas,"Ortiz, Nicolas",Trinity College of Jacksonville,2,1,61,0,0,0,0,0
loyolamd:lacknercal,"Lackner, Cal",Loyola (Md.),28,2,61,0,0,2,0,0
eagles:smithchase,"Smith, Chase",EAGLES,19,1,61,0,0,0,0,0
holycrosscollegeind:alfarotristian,"Alfaro, Tristian",Holy Cross College (Ind.),8,1,61,0,0,0,0,0
holycrosscollegeind:cruzanthony,"Cruz, Anthony",Holy Cross College (Ind.),16,1,61,0,0,1,1,0
mack:kratzjonathan,"Kratz, Jonathan",MACK,11,1,61,0,0,0,0,0
siu:mcconnellsam,"McConnell, Sam",SIU,33,1,61,0,0,0,0,0
carroll:josephsheridan,"Joseph, Sheridan",Carroll,8,1,61,0,0,0,0,0
pittsburgh:baquferran,"Baqué, Ferran",Pittsburgh,4,16,60,0,0,0,0,0
ucf:guerreirofabio,"Guerreiro, Fabio",UCF,14,10,60,0,0,0,0,0
georgetown:ritaritarocket,"Ritarita, Rocket",Georgetown,11,1,60,0,0,0,0,0
lafayette:amankulornoah,"Amankulor, Noah",Lafayette,12,8,60,0,0,1,1,0
westvirginia:burkesebastian,"Burke, Sebastian",West Virginia,29,15,60,0,0,1,0,0
pacific:wilkinsonbenmartin,"Wilkinson, Ben-Martin",Pacific,19,5,60,0,0,0,0,0
setonhill:knornfelix,"Knorn, Felix",Seton Hill,6,1,60,0,0,1,1,0
unioncommonwealthky:taylorpatrick,"Taylor, Patrick",Union Commonwealth (Ky.),16,1,60,0,0,0,0,0
regent:johnsondraven,"Johnson, Draven",Regent,2,2,60,0,0,0,0,0
oglethorpe:watsonchristian,"Watson, Christian",Oglethorpe,10,2,60,0,0,0,0,0
colgate:cheneyowen,"Cheney, Owen",Colgate,23,7,60,0,0,0,0,0
collegeoftheholycross:penzonegavin,"Penzone, Gavin",College of the Holy Cross,14,1,60,0,0,0,0,0
utrgv:floresdaniel,"Flores, Daniel",UTRGV,25,3,60,0,0,0,0,0
universityoftheincarnateword:roblesnoe,"Robles, Noe",University of the Incarnate Word,21,1,60,0,0,1,0,0
utg:dahlmads,"Dahl, Mads",UTG,6,1,60,0,0,1,1,0
graceland:adrianashton,"Adrian, Ashton",Graceland,25,1,60,0,0,0,0,0
missouristate:chekinatienzagabriel,"Chekin Atienza, Gabriel",Missouri State,25,5,60,0,0,0,0,0
saintfrancisu:elmoreharry,"Elmore, Harry",Saint Francis U,12,1,60,0,0,0,0,0
mercyhurst:tedaldijaime,"Tedaldi, Jaime",Mercyhurst,00,3,60,0,0,0,0,0
brd:switalamichael,"Switala, Michael",BRD,6,1,60,0,0,0,0,0
uca:fontanapietro,"Fontana, Pietro",UCA,99,1,60,0,0,0,0,0
bu:mccrerytate,"McCrery, Tate",BU,12,1,60,0,0,2,0,0
fau:campbelljahiem,"Campbell, Jahiem",FAU,25,18,59,0,0,0,0,0
niagara:arghittupiecarlo,"Arghittu, Piecarlo",Niagara,13,6,59,0,0,1,1,0
merrimackcollege:depeppelucas,"Depeppe, Lucas",Merrimack College,17,8,59,0,0,2,1,0
umo:fobergkamerin,"Foberg, Kamerin",UMO,23,1,59,0,0,0,0,0
pc:murarsamuel,"Murar, Samuel",PC,8,2,59,0,0,1,0,0
lasalle:viksestian,"Vikse, Stian",La Salle,11,4,59,0,0,4,1,0
vmi:panoutsosmarkos,"Panoutsos, Markos",VMI,16,6,59,0,0,0,0,0
utrgv:kleinkoren,"Klein, Koren",UTRGV,9,2,59,0,0,2,1,0
saintfrancispa:elmoreharry,"Elmore, Harry",Saint Francis (PA),12,1,59,0,0,0,0,0
uwm:zunigaalejandro,"Zuniga, Alejandro",UWM,4,1,59,0,0,0,0,0
uvm:thompsonconnor,"Thompson, Connor",UVM,6,2,59,0,0,0,0,0
cornell:wehibebennett,"Wehibe, Bennett",Cornell,25,9,59,0,0,0,0,0
merrimackcollege:pettitalec,"Pettit, Alec",Merrimack College,33,3,59,0,0,0,0,0
southdakotaschoolofmines:peroffzach,"Peroff, Zach",South Dakota School of Mines,20,1,59,0,0,1,0,0
ferrum:lasassochase,"LaSasso, Chase",Ferrum,20,1,59,0,0,0,0,0
loyolamaryland:ajagbemichael,"Ajagbe, Michael",Loyola Maryland,9,4,59,0,0,1,1,0
adriancollege:petersonkyle,"Peterson, Kyle",Adrian College,11,1,59,0,0,0,0,0
loyolamd:oladinnikayin,"Oladinni, Kayin",Loyola (Md.),34,2,59,0,0,0,0,0
holycrosscollegeind:sancheznathan,"Sanchez, Nathan",Holy Cross College (Ind.),3,1,59,0,0,0,0,0
holycrosscollegeind:martinezdiego,"Martinez, Diego",Holy Cross College (Ind.),5,1,59,0,0,0,0,0
pc:elfualoni,"Elfu, Aloni",PC,11,1,59,0,0,1,0,0
calstatebakersfield:medinadakotah,"Medina, Dakotah",Cal State Bakersfield,20,4,59,0,0,0,0,0
centralconnecticutstate:torrescristian,"Torres, Cristian",Central Connecticut State,24,2,59,0,0,0,0,0
edgewood:camposanthony,"Campos, Anthony",Edgewood,18,1,59,0,0,0,0,0
dayton:bremaudluis,"Bremaud, Luis",Dayton,21,4,58,0,0,0,0,0
oralroberts:smithdaniel,"Smith, Daniel",Oral Roberts,21,9,58,0,0,0,0,0
american:schliemanntim,"Schliemann, Tim",American,8,5,58,0,0,0,0,0
tcj:ortiznicolas,"Ortiz, Nicolas",TCJ,2,1,58,0,0,0,0,0
mercyhurst:thomasaidan,"Thomas, Aidan",Mercyhurst,25,6,58,0,0,1,1,0
newhaven:alarconyans,"Alarcon, Yans",New Haven,22,7,58,0,0,1,1,0
njcu:celidom,"Celi, Dom",NJCU,9,1,58,0,0,0,0,0
warrenwilson:castrejonadolfo,"Castrejon, Adolfo",Warren Wilson,10,1,58,0,0,1,1,0
calstatela:kischkaemil,"Kischka, Emil",Cal State LA,34,1,58,0,0,0,0,0
fdu:nitekkrystian,"Nitek, Krystian",FDU,25,9,58,0,0,0,0,0
universityoftheincarnateword:segurafrancisco,"Segura, Francisco",University of the Incarnate Word,11,1,58,0,0,1,1,0
ust:buschgunnar,"Busch, Gunnar",UST,3,1,58,0,0,1,1,0
utriograndevalley:nodasora,"Noda, Sora",UT Rio Grande Valley,16,1,58,0,0,0,0,0
saintfrancisuniversity:krushanskycarson,"Krushansky, Carson",Saint Francis University,19,2,58,0,0,0,0,0
universityofmassachusettslowell:holmstromoliver,"Holmstrom, Oliver",University of Massachusetts Lowell,9,2,58,0,0,1,1,0
cofc:crockfordcharlie,"Crockford, Charlie",CofC,12,1,58,0,0,1,0,0
cofc:walkerhogan,"Walker, Hogan",CofC,18,1,58,0,0,0,0,0
kingscollege:gordonparker,"Gordon, Parker",King's College,15,1,58,0,0,0,0,0
mum:lambertcameron,"Lambert, Cameron",MUM,10,1,58,0,0,0,0,0
johnsonwales:ramirezalan,"Ramirez, Alan",Johnson & Wales,21,1,58,0,0,2,0,0
hanovercollege:pavliskoandrew,"Pavlisko, Andrew",Hanover College,24,1,58,0,0,0,0,0
edgewood:hardyryan,"Hardy, Ryan",Edgewood,15,1,58,0,0,2,1,0
ucsd:fujitamasayuki,"Fujita, Masayuki",UCSD,15,1,58,0,0,1,0,0
uca:gomezaby,"Gomez, Aby",UCA,17,1,58,0,0,1,1,0
ccny:meliuskerneil,"Melius, Kerneil",CCNY,6,1,58,0,0,1,1,0
davidsoncollege:burdenjack,"Burden, Jack",Davidson College,0,19,57,0,0,0,0,0
umo:alexanderjordan,"Alexander, Jordan",UMO,22,1,57,0,0,0,0,0
hofstra:williamscaleb,"Williams, Caleb",Hofstra,17,10,57,0,0,4,1,0
collegeoftheholycross:myersluke,"Myers, Luke",College of the Holy Cross,3,1,57,0,0,0,0,0
collegeoftheholycross:martellkyle,"Martell, Kyle",College of the Holy Cross,17,1,57,0,0,1,0,0
quincy:bringedalmathias,"Bringedal, Mathias",Quincy,19,1,57,0,0,2,1,0
calstatela:morenoignacio,"Moreno, Ignacio",Cal State LA,6,1,57,0,0,1,0,0
bu:fergusonian,"Ferguson, Ian",BU,37,1,57,0,0,3,1,0
siuedwardsville:karolczakjake,"Karolczak, Jake",SIU-Edwardsville,22,1,57,0,0,1,1,0
lifepacific:ramirezi,"Ramirez, I",Life Pacific,3,1,57,0,0,0,0,0
northeastern:wilbertandrew,"Wilbert, Andrew",Northeastern,36,4,57,0,0,0,0,0
universityoftheincarnateword:chigedetatenda,"Chigede, Tatenda",University of the Incarnate Word,5,1,57,0,0,0,0,0
graceland:steinersamuel,"Steiner, Samuel",Graceland,8,1,57,0,0,0,0,0
ust:kaniabaraka,"Kania, Baraka",UST,15,1,57,0,0,0,0,0
floridamemorial:rodriguezbrayan,"Rodriguez, Brayan",Florida Memorial,30,1,57,0,0,0,0,0
wcb:eckelkampbrayden,"Eckelkamp, Brayden",WCB,2,1,57,0,0,0,0,0
ur:vaubelryan,"Vaubel, Ryan",UR,2,1,57,0,0,0,0,0
chs:bagshawben,"Bagshaw, Ben",CHS,19,1,57,0,0,2,1,0
chs:bendvoldstian,"Bendvold, Stian",CHS,15,1,57,0,0,2,0,0
ccsu:bravadogavin,"Bravado, Gavin",CCSU,22,2,57,0,0,0,0,0
adriancollege:goekeryan,"Goeke, Ryan",Adrian College,6,1,57,0,0,0,0,0
adriancollege:eldredzachary,"Eldred, Zachary",Adrian College,27,1,57,0,0,0,0,0
eagles:novillobrian,"Novillo, Brian",EAGLES,14,1,57,0,0,0,0,0
hope:hassenrikgrant,"Hassenrik, Grant",Hope,14,1,57,0,0,1,1,0
fu:mojabikamran,"Mojabi, Kamran",FU,29,1,57,0,0,0,0,0
cofc:gilllennon,"Gill, Lennon",CofC,10,1,57,0,0,1,1,0
kingscollege:ferreluke,"Ferre, Luke",King's College,3,1,57,0,0,0,0,0
universityofsouthcarolinaupstate:bitonitamar,"Biton, Itamar",University of South Carolina - Upstate,3,1,57,0,0,0,0,0
universityofsouthcarolinaupstate:stokkedaloliver,"Stokkedal, Oliver",University of South Carolina - Upstate,18,1,57,0,0,1,0,0
universityofsouthcarolinaupstate:vanderdonkteun,"van der Donk, Teun",University of South Carolina - Upstate,26,1,57,0,0,3,0,0
universityofsouthcarolinaupstate:marinluke,"Marin, Luke",University of South Carolina - Upstate,28,1,57,0,0,0,0,0
universityofsouthcarolinaupstate:reynoldscaedon,"Reynolds, Caedon",University of South Carolina - Upstate,29,1,57,0,0,3,0,0
universityofsouthcarolinaupstate:grassologan,"Grasso, Logan",University of South Carolina - Upstate,30,1,57,0,0,0,0,0
northernillinoisuniversity:mukukakatai,"Mukuka, Katai",Northern Illinois University,40,1,57,0,0,0,0,0
brynt:rodriguezfermin,"Rodriguez, Fermin",BRYNT,19,1,57,0,0,1,1,0
sts:hausermaurice,"Hauser, Maurice",STS,9,1,57,0,0,1,0,0
sts:pallzsombor,"Pall, Zsombor",STS,11,1,57,0,0,0,0,0
sts:restrepomauricio,"Restrepo, Mauricio",STS,19,1,57,0,0,2,1,0
mack:abdelaaladam,"Abdelaal, Adam",MACK,13,1,57,0,0,1,0,0
lwu:espinozapaul,"Espinoza, Paul",LWU,6,1,57,0,0,0,0,0
albany:fragakisjohn,"Fragakis, John",Albany,17,1,57,0,0,0,0,0
californialutheranuniversity:staffordbrendan,"Stafford, Brendan",California Lutheran University,11,1,57,0,0,1,0,0
bucknellplfirstround:mcgrathcade,"McGrath, Cade",Bucknell – PL First Round,2,1,57,0,0,0,0,0
bucknellplfirstround:pielakasper,"Piela, Kasper",Bucknell – PL First Round,10,1,57,0,0,0,0,0
roos:fernandezmiguel,"Fernandez, Miguel",Roos,6,1,57,0,0,0,0,0
california:djerbakakai,"Djerbaka, Kai",California,4,18,56,0,0,0,0,0
georgewashington:seiduarozarashid,"Seidu-Aroza, Rashid",George Washington,25,13,56,0,0,1,1,0
ucsantabarbara:fargokeaton,"Fargo, Keaton",UC Santa Barbara,16,6,56,0,0,0,0,0
umo:jimenezkevin,"Jimenez, Kevin",UMO,3,1,56,0,0,1,0,0
uncgreensboro:lamethan,"Lam, Ethan",UNC Greensboro,13,11,56,0,0,0,0,0
oglethorpe:canasgustavo,"Canas, Gustavo",Oglethorpe,8,1,56,0,0,0,0,0
uncwilmington:throneburghandrew,"Throneburgh, Andrew",UNC Wilmington,20,9,56,0,0,0,0,0
warrenwilson:vismaraalessio,"Vismara, Alessio",Warren Wilson,23,1,56,0,0,0,0,0
uwm:pirryfernando,"Pirry, Fernando",UWM,9,1,56,0,0,4,3,0
lifepacific:pinedaf,"Pineda, F",Life Pacific,12,1,56,0,0,0,0,0
holycross:borgespeter,"Borges, Peter",Holy Cross,28,9,56,0,0,1,0,0
graceland:hopferdavid,"Hopfer, David",Graceland,5,1,56,0,0,0,0,0
navy:stevenswyatt,"Stevens, Wyatt",Navy,9,7,56,0,0,2,0,0
northwestern:vanderheidedimas,"van der Heide, Dimas",Northwestern,5,7,56,0,0,0,0,0
monmouth:stinglelias,"Stingl, Elias",Monmouth,5,8,56,0,0,0,0,0
niagarauniversity:arghittupiecarlo,"Arghittu, Piecarlo",Niagara University,13,3,56,0,0,1,0,0
tigers:huntjack,"Hunt, Jack",Tigers,4,1,56,0,0,0,0,0
tigers:hormozibardia,"Hormozi, Bardia",Tigers,14,1,56,0,0,2,0,0
tigers:martinjackson,"Martin, Jackson",Tigers,16,1,56,0,0,1,0,0
10westvirginia:swinehartbryce,"Swinehart, Bryce",#10 West Virginia,12,1,56,0,0,0,0,0
hanovercollege:marxcarter,"Marx, Carter",Hanover College,14,1,56,0,0,0,0,0
bucknellplfirstround:elderzain,"Elder, Zain",Bucknell – PL First Round,8,1,56,0,0,0,0,0
wisconsin:mottmatias,"Mott, Matias",Wisconsin,21,13,55,0,0,0,0,0
umo:lopesdasilvaelijah,"Lopes Da Silva, Elijah",UMO,47,2,55,0,0,0,0,0
oglethorpe:martinezethan,"Martinez, Ethan",Oglethorpe,16,1,55,0,0,0,0,0
pc:brennanparker,"Brennan, Parker",PC,13,2,55,0,0,2,0,0
collegeoftheholycross:groomalex,"Groom, Alex",College of the Holy Cross,11,1,55,0,0,1,0,0
calstatela:devlinhunter,"Devlin, Hunter",Cal State LA,11,1,55,0,0,1,1,0
niagara:wilsonantonio,"Wilson, Antonio",Niagara,19,5,55,0,0,2,0,0
aue:obriencolin,"O'Brien, Colin",AUE,9,1,55,0,0,1,0,0
harvard:velikinchristo,"Velikin, Christo",Harvard,29,8,55,0,0,2,1,0
blm:mackeycolin,"Mackey, Colin",BLM,3,1,55,0,0,0,0,0
ur:kostanjseklovro,"Kostanjsek, Lovro",UR,7,1,55,0,0,0,0,0
9highpoint:niblockchris,"Niblock, Chris",#9 High Point,7,1,55,0,0,0,0,0
loyolamaryland:lacknercal,"Lackner, Cal",Loyola Maryland,28,3,55,0,0,0,0,0
sie:renzzach,"Renz, Zach",SIE,14,1,55,0,0,0,0,0
aic:sandustefan,"Sandu, Stefan",AIC,21,1,55,0,0,0,0,0
hanovercollege:beckandrew,"Beck, Andrew",Hanover College,42,1,55,0,0,0,0,0
carroll:pusicmax,"Pusic, Max",Carroll,16,1,55,0,0,1,0,0
1a10saintlouis:schrammnick,"Schramm, Nick",(#1 A-10) Saint Louis,23,1,55,0,0,0,0,0
coastalcarolina:murphysammy,"Murphy, Sammy",Coastal Carolina,7,14,54,0,0,0,0,0
grandcanyonuniversity:rosalesallan,"Rosales, Allan",Grand Canyon University,32,2,54,0,0,1,0,0
mountstmarys:korbamichal,"Korba, Michal",Mount St. Mary's,47,4,54,0,0,0,0,0
uwm:weirollie,"Weir, Ollie",UWM,7,1,54,0,0,1,0,0
blm:schoemehlbrendan,"Schoemehl, Brendan",BLM,8,1,54,0,0,0,0,0
stfrancis:celikkolvolkan,"celikkol, volkan",St. Francis,7,1,54,0,0,0,0,0
massachusetts:belongjalen,"Belong, Jalen",Massachusetts,29,2,54,0,0,0,0,0
chs:salifuissaka,"Salifu, Issaka",CHS,6,1,54,0,0,0,0,0
stonybrook:leesean,"Lee, Sean",Stony Brook,26,3,54,0,0,0,0,0
10westvirginia:christouconstantinos,"Christou, Constantinos",#10 West Virginia,8,1,54,0,0,1,0,0
fu:kisseemile,"Kisse, Emile",FU,9,1,54,0,0,1,0,0
universityofsouthcarolinaupstate:fabamifobeetolu,"Fabamifobee, Tolu",University of South Carolina - Upstate,19,1,54,0,0,2,1,0
mum:ramsonalex,"Ramson, Alex",MUM,16,1,54,0,0,1,0,0
neumann:beugremarkus,"Beugre, Markus",Neumann,9,1,54,0,0,1,1,0
johnsonwales:steevesdylan,"Steeves, Dylan",Johnson & Wales,6,1,54,0,0,0,0,0
johnsonwales:seguinniklas,"Seguin, Niklas",Johnson & Wales,11,1,54,0,0,0,0,0
sts:topolskydominik,"Topolsky, Dominik",STS,10,1,54,0,0,0,0,0
csun:susiemanuele,"Susi, Emanuele",CSUN,12,8,53,0,0,0,0,0
colgate:bournenicholas,"Bourne, Nicholas",Colgate,21,1,53,0,0,0,0,0
southcarolina:cheethamjordan,"Cheetham, Jordan",South Carolina,24,7,53,0,0,0,0,0
warrenwilson:kiserryan,"Kiser, Ryan",Warren Wilson,9,1,53,0,0,1,0,0
calstatela:greenjoel,"Green, Joel",Cal State LA,19,1,53,0,0,1,0,0
westmont:durnaserkan,"Durna, Serkan",Westmont,11,1,53,0,0,2,0,0
universityoftheincarnateword:kraenzelevan,"Kraenzel, Evan",University of the Incarnate Word,15,1,53,0,0,1,1,0
graceland:wimanadam,"Wiman, Adam",Graceland,4,1,53,0,0,0,0,0
loyolauniversitymaryland:ajagbemichael,"Ajagbe, Michael",Loyola University Maryland,9,2,53,0,0,1,0,0
gcu:lopezjorge,"Lopez, Jorge",GCU,10,1,53,0,0,0,0,0
princeton:gabrielligiacomo,"Gabrielli, Giacomo",Princeton,31,13,53,0,0,3,0,0
lu:connollyquinn,"Connolly, Quinn",LU,22,2,53,0,0,0,0,0
dean:allenbrian,"Allen, Brian",Dean,10,1,53,0,0,0,0,0
utriograndevalley:matsuosota,"Matsuo, Sota",UT Rio Grande Valley,15,1,53,0,0,0,0,0
utriograndevalley:abboudemiliano,"Abboud, Emiliano",UT Rio Grande Valley,18,1,53,0,0,3,1,0
ferrum:danleyadrien,"Danley, Adrien",Ferrum,33,1,53,0,0,0,0,0
stcloudstate:boschmatteo,"Bosch, Matteo",St. Cloud State,10,1,53,0,0,1,1,0
eagles:cvorovicedin,"Cvorovic, Edin",EAGLES,24,1,53,0,0,1,1,0
newhaven:ribierokauan,"Ribiero, Kauan",New Haven,12,3,53,0,0,1,1,0
grb:lecheltnoah,"Lechelt, Noah",GRB,20,1,53,0,0,1,1,0
colgateuniversity:harrisethan,"Harris, Ethan",Colgate University,13,1,53,0,0,0,0,0
hanovercollege:barbermclain,"Barber, McLain",Hanover College,3,1,53,0,0,1,0,0
hanovercollege:hubertcole,"Hubert, Cole",Hanover College,26,1,53,0,0,0,0,0
bostoncollege:kiefferaidan,"Kieffer, Aidan",Boston College,15,1,53,0,0,0,0,0
albany:medinadavid,"Medina, David",Albany,28,2,53,0,0,0,0,0
csub:velasquezjoey,"Velasquez, Joey",CSUB,7,1,53,0,0,2,0,0
csub:fosteroshea,"Foster, Oshea",CSUB,23,1,53,0,0,0,0,0
brd:woolleydominic,"Woolley, Dominic",BRD,5,1,53,0,0,2,1,0
ju:vallesdiego,"Valles, Diego",JU,8,1,53,0,0,1,0,0
holyfamilyuniversity:saadlucca,"Saad, Lucca",Holy Family University,20,1,53,0,0,3,2,0
princeton:comeyjack,"Comey, Jack",Princeton,27,1,53,0,0,2,2,0
ucriverside:wadanoa,"Wada, Noa",UC Riverside,35,9,52,0,0,1,0,0
easternillinois:cassidylandon,"Cassidy, Landon",Eastern Illinois,31,5,52,0,0,0,0,0
grandcanyonuniversity:gomezrodrigueznelson,"Gomez Rodriguez, Nelson",Grand Canyon University,7,2,52,0,0,0,0,0
stonehillcollege:olsvikhenrik,"Olsvik, Henrik",Stonehill College,27,4,52,0,0,0,0,0
tcj:amesburyjoshua,"Amesbury, Joshua",TCJ,14,1,52,0,0,0,0,0
quincy:kurkcolin,"Kurk, Colin",Quincy,4,1,52,0,0,0,0,0
calstatela:mendezalex,"Mendez, Alex",Cal State LA,10,1,52,0,0,1,0,0
siuedwardsville:murraydaniel,"Murray, Daniel",SIU-Edwardsville,23,1,52,0,0,0,0,0
northgreenville:hamidinoham,"Hamidi, Noham",North Greenville,14,1,52,0,0,2,2,0
etsu:delellismatias,"Delellis, Matias",ETSU,21,6,52,0,0,1,1,0
utg:deoliveiraeduardo,"De Oliveira, Eduardo",UTG,10,1,52,0,0,0,0,0
liu:rodriguezfermin,"Rodriguez, Fermin",LIU,10,1,52,0,0,1,1,0
ccsu:carriassam,"Carrias, Sam",CCSU,5,2,52,0,0,1,0,0
warner:bunneuan,"Bunn, Euan",Warner,6,1,52,0,0,0,0,0
stcloudstate:hadleyelliot,"Hadley, Elliot",St. Cloud State,8,1,52,0,0,0,0,0
adriancollege:saadhadi,"Saad, Hadi",Adrian College,21,1,52,0,0,0,0,0
hope:lairdluke,"Laird, Luke",Hope,11,1,52,0,0,0,0,0
arcadia:jankowskityler,"Jankowski, Tyler",Arcadia,4,1,52,0,0,0,0,0
baldwinwallace:reyesowen,"Reyes, Owen",Baldwin Wallace,7,1,52,0,0,0,0,0
edgewood:gantertaylor,"Ganter, Taylor",Edgewood,2,1,52,0,0,0,0,0
ucsd:oppenheimkai,"Oppenheim, Kai",UCSD,23,1,52,0,0,2,2,0
evv:rickerchase,"Ricker, Chase",EVV,37,1,52,0,0,0,0,0
ju:tobonmatias,"Tobon, Matias",JU,27,1,52,0,0,0,0,0
ucriverside:ramirezdiego,"Ramirez, Diego",UC Riverside,25,10,51,0,0,2,0,0
missouristate:kinoshitakei,"Kinoshita, Kei",Missouri State,23,14,51,0,0,1,1,0
tulsa:berzenben,"Berzen, Ben",Tulsa,16,17,51,0,0,0,0,0
grandcanyonuniversity:harringtonliam,"Harrington, Liam",Grand Canyon University,26,2,51,0,0,1,0,0
setonhill:dancetoby,"Dance, Toby",Seton Hill,18,1,51,0,0,0,0,0
wakeforest:jacksonwill,"Jackson, Will",Wake Forest,25,13,51,0,0,0,0,0
sanjosestate:buezojason,"Buezo, Jason",San Jose State,24,5,51,0,0,1,0,0
lasalle:smithdaniel,"Smith, Daniel",La Salle,3,5,51,0,0,0,0,0
northgreenville:henaodaniel,"Henao, Daniel",North Greenville,24,1,51,0,0,0,0,0
bucknell:mcleodmatt,"McLeod, Matt",Bucknell,5,13,51,0,0,0,0,0
tribe:kochellalex,"Kochell, Alex",Tribe,4,1,51,0,0,0,0,0
tribe:brancodiogo,"Branco, Diogo",Tribe,8,1,51,0,0,1,0,0
tribe:coopermax,"Cooper, Max",Tribe,26,1,51,0,0,0,0,0
westmont:anderholtcash,"Anderholt, Cash",Westmont,4,1,51,0,0,0,0,0
blm:nissenliejohan,"Nissen-Lie, Johan",BLM,11,1,51,0,0,0,0,0
loyolauniversitymaryland:mcevoycole,"McEvoy, Cole",Loyola University Maryland,7,3,51,0,0,0,0,0
gcu:salamatoto,"Salama, Toto",GCU,6,1,51,0,0,0,0,0
floridamemorial:nhematinotendadominic,"Nhema, Tinotenda Dominic",Florida Memorial,27,1,51,0,0,2,2,0
liu:vilanacho,"Vila, Nacho",LIU,3,1,51,0,0,0,0,0
oregontech:lopezcarillomoises,"Lopez Carillo, Moises",Oregon Tech,19,1,51,0,0,0,0,0
warner:padronrolando,"Padron, Rolando",Warner,19,1,51,0,0,0,0,0
warner:tovarmarcel,"Tovar, Marcel",Warner,10,1,51,0,0,0,0,0
trinitycollegeofjacksonville:karimcadetjesus,"Karim Cadet, Jesus",Trinity College of Jacksonville,27,1,51,0,0,0,0,0
flames:connehleo,"Conneh, Leo",FLAMES,11,1,51,0,0,3,3,0
johnsonwales:ortizjustin,"Ortiz, Justin",Johnson & Wales,7,1,51,0,0,2,0,0
albany:mcfaddentommy,"McFadden, Tommy",Albany,21,2,51,0,0,1,0,0
lehighplsemifinal:gonzalezaiden,"Gonzalez, Aiden",Lehigh – PL Semifinal,30,1,51,0,0,0,0,0
rutgers:adalsteinssonarnar,"Adalsteinsson, Arnar",Rutgers,5,16,50,0,0,2,0,0
saintpeters:melchioriguilherme,"Melchiori, Guilherme",Saint Peter's,10,5,50,0,0,0,0,0
unioncommonwealthky:furmeierlaurin,"Furmeier, Laurin",Union Commonwealth (Ky.),17,1,50,0,0,0,0,0
njcu:crespojp,"Crespo, JP",NJCU,11,1,50,0,0,0,0,0
santaclara:saggaujames,"Saggau, James",Santa Clara,16,3,50,0,0,0,0,0
saintfrancispa:mitchelliiithero,"Mitchell III, Thero",Saint Francis (PA),15,1,50,0,0,0,0,0
bu:saladinstephen,"Saladin, Stephen",BU,7,1,50,0,0,0,0,0
quinnipiac:swideraleks,"Swider, Aleks",Quinnipiac,14,8,50,0,0,2,0,0
northgreenville:byrdjerome,"Byrd, Jerome",North Greenville,30,1,50,0,0,1,0,0
universityoftheincarnateword:martinezemmanuel,"Martinez, Emmanuel",University of the Incarnate Word,20,1,50,0,0,0,0,0
stfrancis:escobaralejandro,"Escobar, Alejandro",St. Francis,22,1,50,0,0,0,0,0
caldwell:holmesdarius,"Holmes, Darius",Caldwell,19,1,50,0,0,0,0,0
utriograndevalley:chavesmichael,"Chaves, Michael",UT Rio Grande Valley,13,1,50,0,0,0,0,0
averett:aronignacio,"Aron, Ignacio",Averett,27,1,50,0,0,0,0,0
sie:hackenbergethan,"Hackenberg, Ethan",SIE,8,1,50,0,0,0,0,0
brwn:brownetimi,"Browne, Timi",BRWN,19,1,50,0,0,0,0,0
neumann:bergerdarwin,"Berger, Darwin",Neumann,5,1,50,0,0,0,0,0
neumann:mejialuke,"Mejia, Luke",Neumann,10,1,50,0,0,0,0,0
sts:makowemdaniel,"Makowem, Daniel",STS,14,1,50,0,0,2,1,0
uca:rahmannicholas,"Rahman, Nicholas",UCA,28,1,50,0,0,0,0,0
virginiastate:quintanillayoskar,"Quintanilla, Yoskar",Virginia State,11,1,50,0,0,0,0,0
holyfamilyuniversity:recchimuzziluiz,"Recchimuzzi, Luiz",Holy Family University,21,1,50,0,0,0,0,0
1a10saintlouis:henrygershon,"Henry, Gershon",(#1 A-10) Saint Louis,3,1,50,0,0,0,0,0
davidsoncollege:pridiecarson,"Pridie, Carson",Davidson College,35,19,49,0,0,0,0,2
gardnerwebb:dennislandon,"Dennis, Landon",Gardner-Webb,19,17,49,0,0,1,0,0
tcj:karimcadetjesus,"Karim Cadet, Jesus",TCJ,27,1,49,0,0,0,0,0
aue:davistoshi,"Davis, Toshi",AUE,22,1,49,0,0,0,0,0
udm:stricklerjohnny,"Strickler , Johnny",UDM,22,2,49,0,0,0,0,0
mke:ogwupraise,"Ogwu, Praise",MKE,15,2,49,0,0,1,1,0
loyolamaryland:angelinicody,"Angelini, Cody",Loyola Maryland,17,3,49,0,0,0,0,0
newjerseyinstituteoftechnology:klingerjeremy,"Klinger, Jeremy",New Jersey Institute of Technology,12,1,49,0,0,0,0,0
lipscomb:qureshijaami,"Qureshi, Jaami",Lipscomb,7,11,48,0,0,2,1,0
grandcanyonuniversity:watkinsmichael,"Watkins, Michael",Grand Canyon University,21,2,48,0,0,0,0,0
setonhill:jensenvillads,"Jensen, Villads",Seton Hill,14,1,48,0,0,0,0,0
regent:baugusadam,"Baugus, Adam",Regent,15,2,48,0,0,0,0,0
northernkentucky:richardsonaaron,"Richardson, Aaron",Northern Kentucky,23,3,48,0,0,0,0,0
quincy:barberolucca,"Barbero, Lucca",Quincy,16,1,48,0,0,0,0,0
njcu:penajavier,"Pena, Javier",NJCU,10,1,48,0,0,0,0,0
rhi:filaoliver,"Fila, Oliver",RHI,8,1,48,0,0,1,0,0
rhi:millereli,"Miller, Eli",RHI,9,1,48,0,0,1,1,0
rhi:phillipsnick,"Phillips, Nick",RHI,11,1,48,0,0,0,0,0
rhi:shapiroryan,"Shapiro, Ryan",RHI,13,1,48,0,0,0,0,0
graceland:iossaalex,"Iossa, Alex",Graceland,11,1,48,0,0,0,0,0
gcu:vazquezraul,"Vazquez, Raul",GCU,2,1,48,0,0,0,0,0
manchester:hochstettlerandrew,"Hochstettler, Andrew",Manchester,15,1,48,0,0,0,0,0
ur:csatoxavi,"Csato, Xavi",UR,16,1,48,0,0,0,0,0
gu:barrioscristalesjulian,"Barrios Cristales, Julian",GU,17,1,48,0,0,1,0,0
vermont:adjashalom,"Adja, Shalom",Vermont,20,7,48,0,0,0,0,0
chs:gilllennon,"Gill, Lennon",CHS,10,1,48,0,0,0,0,0
loyolamd:takawiramatthew,"Takawira, Matthew",Loyola (Md.),10,2,48,0,0,0,0,0
kingscollege:lagunasjrsaul,"Lagunas Jr., Saul",King's College,6,1,48,0,0,0,0,0
kingscollege:sahaydakfreddy,"Sahaydak, Freddy",King's College,35,1,48,0,0,0,0,0
uiw:rieraandres,"Riera, Andres",UIW,17,3,48,0,0,1,0,0
northernillinoisuniversity:angulonico,"Angulo, Nico",Northern Illinois University,20,1,48,0,0,0,0,0
grandcanyonuniversity:santosxande,"Santos, Xande",Grand Canyon University,19,1,48,0,0,2,1,0
ncw:damicocesare,"D'Amico, Cesare",NCW,9,1,48,0,0,0,0,0
virginiastate:sevaliegboriedaniel,"Sevalie-Gborie, Daniel",Virginia State,18,1,48,0,0,0,0,0
1a10saintlouis:pareabdoulkarim,"Pare, Abdoul Karim",(#1 A-10) Saint Louis,7,1,48,0,0,2,0,0
ohiostate:maisonneuvejacob,"Maisonneuve, Jacob",Ohio State,20,15,47,0,0,0,0,0
fau:voilesednilson,"Voiles, Ednilson",FAU,31,18,47,0,0,0,0,0
depaul:mullinsliam,"Mullins, Liam",DePaul,9,15,47,0,0,1,0,0
winthrop:bennettcaleb,"Bennett, Caleb",Winthrop,16,5,47,0,0,0,0,0
newhampshire:glenneychristopher,"Glenney , Christopher",New Hampshire,27,17,47,0,0,1,1,0
stthomas:saraivajoao,"Saraiva, Joao",St. Thomas,6,11,47,0,0,0,0,0
newhaven:zaldivardiego,"Zaldivar, Diego",New Haven,33,7,47,0,0,0,0,0
bu:abdullaiardit,"Abdullai, Ardit",BU,17,1,47,0,0,0,0,0
fgcu:chavescao,"Chaves, Cao",FGCU,8,7,47,0,0,0,0,0
rhodeisland:casadojamie,"Casado, Jamie",Rhode Island,11,2,47,0,0,2,0,0
ualbany:brandmayrmarius,"Brandmayr, Marius",UAlbany,10,5,47,0,0,0,0,0
liu:mayapablo,"Maya, Pablo",LIU,19,1,47,0,0,0,0,0
liu:deandradefelipe,"De Andrade, Felipe",LIU,31,1,47,0,0,0,0,0
pride:campisistefano,"Campisi, Stefano",Pride,8,1,47,0,0,1,0,0
stcloudstate:wardrhys,"Ward, Rhys",St. Cloud State,20,1,47,0,0,0,0,0
hanovercollege:mcmillenmiles,"McMillen, Miles",Hanover College,11,1,47,0,0,2,0,0
hanovercollege:yearwoodgavin,"Yearwood, Gavin",Hanover College,18,1,47,0,0,0,0,0
hanovercollege:fariasalex,"Farias, Alex",Hanover College,19,1,47,0,0,0,0,0
hanovercollege:campospatricio,"Campos, Patricio",Hanover College,47,1,47,0,0,1,0,0
albany:gissurarsonivarorri,"Gissurarson, Ivar Orri",Albany,7,1,47,0,0,1,1,0
albany:lindzach,"Lind, Zach",Albany,25,2,47,0,0,1,0,0
bu:morgancade,"Morgan, Cade",BU,2,1,47,0,0,1,0,0
kentucky:isaacdanny,"Isaac, Danny",Kentucky,20,10,46,0,0,0,0,0
manhattan:lobatohenrique,"Lobato, Henrique",Manhattan,16,3,46,0,0,0,0,0
tcj:jeanfrancoischristykerry,"Jean Francois, Christy Kerry",TCJ,23,1,46,0,0,0,0,0
uncwilmington:hornadaandrew,"Hornada, Andrew",UNC Wilmington,4,9,46,0,0,0,0,0
ohiostate:onodizsombor,"Onodi, Zsombor",Ohio State,29,7,46,0,0,2,0,0
stonehillcollege:leviseetj,"Levisee, TJ",Stonehill College,31,3,46,0,0,1,0,0
stetson:russseth,"Russ, Seth",Stetson,3,6,46,0,0,3,2,0
loyolauniversitymaryland:wagnercurtis,"Wagner, Curtis",Loyola University Maryland,26,2,46,0,0,0,0,0
universityofmassachusetts:murasawashun,"Murasawa, Shun",University of Massachusetts,8,2,46,0,0,1,1,0
campbell:jenkinsjames,"Jenkins, James",Campbell,24,1,46,0,0,0,0,0
cuc:martinxander,"Martin, Xander",CUC,21,1,46,0,0,3,1,0
bowlinggreenstateuniversity:ramoscaue,"Ramos, Caue",Bowling Green State University,23,1,46,0,0,0,0,0
liu:dongmonelson,"Dongmo, Nelson",LIU,17,5,46,0,0,0,0,0
edgewood:kannriley,"Kann, Riley",Edgewood,17,1,46,0,0,0,0,0
albany:grillaluca,"Grilla, Luca",Albany,27,1,46,0,0,0,0,0
ucsd:dunbaradam,"Dunbar, Adam",UCSD,32,1,46,0,0,1,0,0
ncw:yatesethan,"Yates, Ethan",NCW,26,1,46,0,0,0,0,0
lehighplsemifinal:robertsonthomas,"Robertson, Thomas",Lehigh – PL Semifinal,11,1,46,0,0,1,1,0
furmanthirdround:rizzogianluca,"Rizzo, Gianluca",Furman - Third Round,22,1,46,0,0,2,1,0
ncstate:webermoritz,"Weber, Moritz",NC State,14,22,45,0,0,1,1,0
purduefortwayne:jonesjosh,"Jones, Josh",Purdue Fort Wayne,0,9,45,0,0,0,0,1
northflorida:pentinatiu,"Pentinat, Iu",North Florida,0,13,45,0,0,0,0,1
westvirginia:mawertoby,"Mawer, Toby",West Virginia,18,15,45,0,0,0,0,0
oregonstate:ogwangjoseph,"Ogwang, Joseph",Oregon State,20,9,45,0,0,0,0,0
tulsa:bottenburgwes,"Bottenburg, Wes",Tulsa,3,17,45,0,0,0,0,0
grandcanyonuniversity:babacardialloserigne,"Babacar Diallo, Serigne",Grand Canyon University,4,2,45,0,0,0,0,0
grandcanyonuniversity:lopezjorge,"Lopez, Jorge",Grand Canyon University,10,2,45,0,0,1,0,0
hofstra:perkuhnmarc,"Perkuhn, Marc",Hofstra,21,1,45,0,0,0,0,0
unioncommonwealthky:blakejordan,"Blake, Jordan",Union Commonwealth (Ky.),9,1,45,0,0,0,0,0
emoryhenry:bertelsennikolaj,"Bertelsen, Nikolaj",Emory & Henry,1,1,45,0,0,0,0,0
emoryhenry:berthozatbaptise,"Berthozat, Baptise",Emory & Henry,22,1,45,0,0,0,0,0
oglethorpe:lowriejack,"Lowrie, Jack",Oglethorpe,1,1,45,0,0,0,0,0
oglethorpe:lewissebastian,"Lewis, Sebastian",Oglethorpe,13,1,45,0,0,0,0,5
oglethorpe:brownlashawn,"Brown, Lashawn",Oglethorpe,7,1,45,0,0,0,0,0
tcj:uribeaaron,"Uribe, Aaron",TCJ,6,1,45,0,0,0,0,0
tcj:cupitcasey,"Cupit, Casey",TCJ,18,1,45,0,0,0,0,0
tcj:greggdawson,"Gregg, Dawson",TCJ,24,1,45,0,0,0,0,0
wofford:ricebear,"Rice, Bear",Wofford,8,9,45,0,0,2,0,0
wakeforest:currielorenze,"Currie, Lorenze",Wake Forest,6,14,45,0,0,1,0,0
northernkentucky:paparestaromeo,"Paparesta, Romeo",Northern Kentucky,13,3,45,0,0,0,0,0
delaware:deakstephen,"Deak, Stephen",Delaware,0,11,45,0,0,0,0,3
delaware:campbellcaelin,"Campbell, Caelin",Delaware,1,11,45,0,0,0,0,1
siena:kaciczackary,"Kacic, Zackary",Siena,1,6,45,0,0,0,0,2
newhaven:antaoshane,"Antao, Shane",New Haven,32,6,45,0,0,0,0,0
newhaven:araminiedoardo,"Aramini, Edoardo",New Haven,19,6,45,0,0,0,0,0
lasalle:danieljonathan,"Daniel, Jonathan",La Salle,15,4,45,0,0,3,1,0
njcu:pascualverducamilo,"Pascual Verdu, Camilo",NJCU,1,1,45,0,0,0,0,0
njcu:cunhadominic,"Cunha, Dominic",NJCU,0,1,45,0,0,0,0,0
rhi:pohljacob,"Pohl, Jacob",RHI,15,1,45,0,0,0,0,0
rhi:kangaslandon,"Kangas, Landon",RHI,17,1,45,0,0,0,0,0
rhi:bellwil,"Bell, Wil",RHI,18,1,45,0,0,0,0,0
rhi:borgerpeter,"Borger, Peter",RHI,24,1,45,0,0,0,0,0
rhi:cameronandrew,"Cameron, Andrew",RHI,2,1,45,0,0,0,0,0
rhi:kriekaidan,"Kriek, Aidan",RHI,3,1,45,0,0,0,0,0
rhi:neemannben,"Neemann, Ben",RHI,29,1,45,0,0,0,0,0
rhi:traverdylan,"Traver, Dylan",RHI,33,1,45,0,0,0,0,0
warrenwilson:gramschmillikenkamdyn,"Gramsch-Milliken, Kamdyn",Warren Wilson,1,1,45,0,0,0,0,0
warrenwilson:bushwilliam,"Bush, William",Warren Wilson,4,1,45,0,0,0,0,0
warrenwilson:gonzaleskevin,"Gonzales, Kevin",Warren Wilson,8,1,45,0,0,1,0,0
warrenwilson:hefnerconnor,"Hefner, Connor",Warren Wilson,22,1,45,0,0,0,0,0
drake:essnercole,"Essner, Cole",Drake,6,5,45,0,0,2,0,0
drake:holtebeckaustin,"Holtebeck, Austin",Drake,21,5,45,0,0,0,0,0
ucsantabarbara:gutierrezlantz,"Gutierrez, Lantz",UC Santa Barbara,35,5,45,0,0,0,0,0
ucirvine:shieldsalex,"Shields, Alex",UC Irvine,0,17,45,0,0,0,0,2
calstatela:tempeltim,"Tempel, Tim",Cal State LA,1,1,45,0,0,0,0,1
calstatela:mcclellandbrayden,"McClelland, Brayden",Cal State LA,30,1,45,0,0,0,0,2
incarnateword:avilescristian,"Aviles, Cristian",Incarnate Word,13,4,45,0,0,0,0,0
bellarmine:rinconalessandro,"Rincon, Alessandro",Bellarmine,40,2,45,0,0,2,1,0
westmont:angelojoseph,"Angelo, Joseph",Westmont,18,1,45,0,0,0,0,0
westmont:florianomario,"Floriano, Mario",Westmont,77,1,45,0,0,0,0,0
westmont:strickleraidan,"Strickler, Aidan",Westmont,1,1,45,0,0,0,0,0
westmont:cruijffbeanejordan,"Cruijff-Beane, Jordan",Westmont,14,1,45,0,0,0,0,0
universityoftheincarnateword:rieraandres,"Riera, Andres",University of the Incarnate Word,17,1,45,0,0,1,0,0
universityoftheincarnateword:roblesdiego,"Robles, Diego",University of the Incarnate Word,28,1,45,0,0,2,0,0
utg:nelsonmicah,"Nelson, Micah",UTG,12,1,45,0,0,1,1,0
portland:dunbarnicholas,"Dunbar, Nicholas",Portland,13,5,45,0,0,3,0,0
blm:harshawnick,"Harshaw, Nick",BLM,29,1,45,0,0,0,0,0
blm:halevyalex,"Halevy, Alex",BLM,9,1,45,0,0,1,1,0
elon:donlanjack,"Donlan, Jack",Elon,4,10,45,0,0,0,0,0
centralconnecticutstate:wilsongrady,"Wilson, Grady",Central Connecticut State,1,1,45,0,0,0,0,3
saintfrancisu:escobaralejandro,"Escobar, Alejandro",Saint Francis U,22,1,45,0,0,1,0,0
ust:slivakevin,"Sliva, Kevin",UST,18,1,45,0,0,1,1,0
centralconnecticutstateuniversity:wilsongrady,"Wilson, Grady",Central Connecticut State University,1,1,45,0,0,0,0,0
centralconnecticutstateuniversity:torreschristian,"Torres, Christian",Central Connecticut State University,24,1,45,0,0,0,0,0
wcb:deekenhunter,"Deeken, Hunter",WCB,0,1,45,0,0,0,0,0
wcb:monroydanny,"Monroy, Danny",WCB,1,1,45,0,0,0,0,0
dean:phibbsciaran,"Phibbs, Ciaran",Dean,3,1,45,0,0,0,0,0
dean:ziglerethan,"Zigler, Ethan",Dean,4,1,45,0,0,0,0,0
dean:dohertyseamus,"Doherty, Seamus",Dean,5,1,45,0,0,0,0,0
dean:chasewill,"Chase, Will",Dean,22,1,45,0,0,0,0,0
dean:castillofelipe,"Castillo, Felipe",Dean,27,1,45,0,0,0,0,0
dean:coonliam,"Coon, Liam",Dean,44,1,45,0,0,0,0,0
ur:grahamchristian,"Graham, Christian",UR,33,1,45,0,0,0,0,0
gu:caldwellwill,"Caldwell, Will",GU,26,1,45,0,0,0,0,0
bryant:alvesfariajose,"Alves Faria, Jose",Bryant,14,5,45,0,0,1,0,0
chs:crockfordcharlie,"Crockford, Charlie",CHS,12,1,45,0,0,0,0,0
chs:watsonryan,"Watson, Ryan",CHS,17,1,45,0,0,0,0,0
usi:mcgowankael,"McGowan, Kael",USI,0,1,45,0,0,0,0,0
calbaptist:contehharoun,"Conteh, Haroun",Cal Baptist,3,1,45,0,0,0,0,0
calbaptist:robsonkieran,"Robson, Kieran",Cal Baptist,13,1,45,0,0,0,0,0
utriograndevalley:mandiangmalang,"Mandiang, Malang",UT Rio Grande Valley,11,1,45,0,0,0,0,0
bowlinggreenstateuniversity:saavedrajoshua,"Saavedra, Joshua",Bowling Green State University,26,1,45,0,0,0,0,0
stcloudstate:harmonyuken,"Harmon, Yuken",St. Cloud State,7,1,45,0,0,0,0,0
stcloudstate:garcaandrs,"García, Andrés",St. Cloud State,9,1,45,0,0,0,0,0
stcloudstate:ramosdiego,"Ramos, Diego",St. Cloud State,11,1,45,0,0,0,0,0
stcloudstate:rueterjalenjoshua,"Rueter, Jalen Joshua",St. Cloud State,33,1,45,0,0,0,0,0
farmingdalestate:dispinserirocco,"Dispinseri, Rocco",Farmingdale State,1,1,45,0,0,0,0,0
farmingdalestate:dallasvas,"Dallas, Vas",Farmingdale State,0,1,45,0,0,0,0,0
adriancollege:ignatovichandy,"Ignatovich, Andy",Adrian College,10,1,45,0,0,0,0,0
loyolamd:ozgasteven,"Ozga, Steven",Loyola (Md.),23,1,45,0,0,0,0,0
southcarolina:skoglundnash,"Skoglund, Nash",South Carolina,25,4,45,0,0,0,0,1
upst:marinluke,"Marin, Luke",UPST,28,1,45,0,0,0,0,0
universityofsouthcarolinaupstate:wuerslinjarrett,"Wuerslin, Jarrett",University of South Carolina - Upstate,1,1,45,0,0,0,0,0
universityofsouthcarolinaupstate:rondonjesus,"Rondon, Jesus",University of South Carolina - Upstate,0,1,45,0,0,0,0,0
grandcanyonuniversity:vazquezraul,"Vazquez, Raul",Grand Canyon University,2,1,45,0,0,0,0,0
brynt:bastosfilipe,"Bastos, Filipe",BRYNT,17,1,45,0,0,0,0,0
brynt:merrittchristien,"Merritt, Christien",BRYNT,28,1,45,0,0,0,0,0
arcadia:razukiewiczaden,"Razukiewicz, Aden",Arcadia,1,1,45,0,0,0,0,0
arcadia:yoderelijah,"Yoder, Elijah",Arcadia,5,1,45,0,0,1,0,0
arcadia:neelyjosh,"Neely, Josh",Arcadia,18,1,45,0,0,0,0,0
arcadia:kessingersam,"Kessinger, Sam",Arcadia,28,1,45,0,0,0,0,0
mum:floydsteven,"Floyd, Steven",MUM,5,1,45,0,0,0,0,0
mum:gohrtrey,"Gohr, Trey",MUM,18,1,45,0,0,0,0,0
mum:benderlucas,"Bender, Lucas",MUM,21,1,45,0,0,0,0,0
mum:alarconangel,"Alarcon, Angel",MUM,39,1,45,0,0,0,0,0
mum:walkermatthew,"Walker, Matthew",MUM,1,1,45,0,0,0,0,0
camels:holdstockluke,"Holdstock, Luke",Camels,0,1,45,0,0,0,0,0
camels:valenciasamuel,"Valencia, Samuel",Camels,12,1,45,0,0,0,0,0
camels:zarategabe,"Zarate, Gabe",Camels,32,1,45,0,0,0,0,0
johnsonwales:boninicarter,"Bonini, Carter",Johnson & Wales,3,1,45,0,0,0,0,0
lwu:cerdatoussebastia,"Cerda Tous, Sebastia",LWU,7,1,45,0,0,1,0,0
lwu:hendricksjarred,"Hendricks, Jarred",LWU,19,1,45,0,0,1,0,0
lwu:perestrelohenrique,"Perestrelo, Henrique",LWU,13,1,45,0,0,0,0,0
sts:mataandres,"Mata, Andres",STS,23,1,45,0,0,1,0,0
sts:condeafonso,"Conde, Afonso",STS,7,1,45,0,0,1,0,0
bostoncollege:bagnatogiuseppe,"Bagnato, Giuseppe",Boston College,16,1,45,0,0,0,0,0
bostoncollege:grossmanjack,"Grossman, Jack",Boston College,33,1,45,0,0,0,0,0
bostoncollege:williamsdylan,"Williams, Dylan",Boston College,22,1,45,0,0,2,1,0
bostoncollege:abaikeke,"Abai, Keke",Boston College,28,1,45,0,0,1,0,0
ju:libertsimon,"Libert, Simon",JU,4,1,45,0,0,0,0,0
ju:gonzalezjuanpablo,"Gonzalez, Juan Pablo",JU,11,1,45,0,0,2,2,0
udm:sulcviktor,"Sulc, Viktor",UDM,40,1,45,0,0,0,0,0
1a10saintlouis:eastongrady,"Easton, Grady",(#1 A-10) Saint Louis,14,1,45,0,0,0,0,0
ccny:garciacarlos,"Garcia, Carlos",CCNY,1,1,45,0,0,0,0,2
ccny:ngonmedoune,"Ngon, Medoune",CCNY,23,1,45,0,0,0,0,6
ccny:chakmabitoshoke,"Chakma, Bitoshoke",CCNY,33,1,45,0,0,0,0,0
princeton:gayletaylon,"Gayle, Taylon",Princeton,4,1,45,0,0,0,0,0
princeton:vrhivan,"Vrh, Ivan",Princeton,5,1,45,0,0,0,0,0
roos:kistmannraphael,"Kistmann, Raphael",Roos,20,1,45,0,0,3,0,0
roos:muttittwade,"Muttitt, Wade",Roos,27,1,45,0,0,1,1,0
duke:gallagherryan,"Gallagher, Ryan",Duke,0,19,44,0,0,0,0,0
westvirginia:bushtyler,"Bush, Tyler",West Virginia,16,15,44,0,0,0,0,0
grandcanyonuniversity:hermittealan,"Hermitte, Alan",Grand Canyon University,12,2,44,0,0,0,0,0
newhaven:huangdavid,"Huang, David",New Haven,23,7,44,0,0,1,0,0
etsu:moussarodrigue,"Moussa, Rodrigue",ETSU,20,4,44,0,0,0,0,0
oglethorpe:rouseanthony,"Rouse, Anthony",Oglethorpe,6,1,44,0,0,0,0,0
oglethorpe:sanchezandy,"Sanchez, Andy",Oglethorpe,25,2,44,0,0,0,0,0
collegeoftheholycross:cullkevin,"Cull, Kevin",College of the Holy Cross,13,1,44,0,0,2,1,0
calstatela:alverdalefelix,"Alverdale, Felix",Cal State LA,7,1,44,0,0,0,0,0
siuedwardsville:renzzach,"Renz, Zach",SIU-Edwardsville,14,1,44,0,0,0,0,0
brown:smithcarter,"Smith, Carter",Brown,28,13,44,0,0,1,0,0
westmont:valdezmarco,"Valdez, Marco",Westmont,12,1,44,0,0,0,0,0
rhodeisland:turcojoey,"Turco, Joey",Rhode Island,12,4,44,0,0,0,0,0
rhodeisland:carrollkai,"Carroll, Kai",Rhode Island,19,4,44,0,0,0,0,0
ust:gineralejandro,"Giner, Alejandro",UST,10,1,44,0,0,0,0,0
universityatalbany:brandmayrmarius,"Brandmayr, Marius",University at Albany,10,2,44,0,0,1,0,0
dean:tunleychris,"Tunley, Chris",Dean,11,1,44,0,0,0,0,0
dean:potternate,"Potter, Nate",Dean,18,1,44,0,0,0,0,0
calbaptist:lovellandrew,"Lovell, Andrew",Cal Baptist,12,1,44,0,0,2,1,0
warner:vegakahekili,"Vega, Kahekili",Warner,24,1,44,0,0,0,0,0
adriancollege:beiteraidan,"Beiter, Aidan",Adrian College,15,1,44,0,0,0,0,0
eagles:colassacogian,"Colassaco, Gian",EAGLES,17,1,44,0,0,0,0,0
universityofmassachusettslowell:wohlthenry,"Wohlt, Henry",University of Massachusetts Lowell,3,2,44,0,0,0,0,0
kingscollege:javadpoursantiago,"Javadpour, Santiago",King's College,14,1,44,0,0,0,0,0
arcadia:matthewsjonathan,"Matthews, Jonathan",Arcadia,33,1,44,0,0,0,0,0
arcadia:lauschcaden,"Lausch, Caden",Arcadia,37,1,44,0,0,0,0,0
baldwinwallace:massarodominic,"Massaro, Dominic",Baldwin Wallace,17,1,44,0,0,1,1,0
baldwinwallace:nixongavin,"Nixon, Gavin",Baldwin Wallace,34,1,44,0,0,2,0,0
edgewood:bruceconor,"Bruce, Conor",Edgewood,44,1,44,0,0,0,0,0
albany:tuttleowen,"Tuttle, Owen",Albany,18,1,44,0,0,0,0,0
ucsd:barrettcole,"Barrett, Cole",UCSD,8,1,44,0,0,0,0,0
ncw:goodingbenjamin,"Gooding, Benjamin",NCW,22,1,44,0,0,0,0,0
niu:montoyamartin,"Montoya, Martin",NIU,23,1,44,0,0,2,2,0
ccny:rodriguezfausto,"Rodriguez, Fausto",CCNY,16,1,44,0,0,0,0,0
princeton:hawkinsmatt,"Hawkins, Matt",Princeton,6,1,44,0,0,0,0,0
furmanthirdround:wamusnelllloyd,"Wamu Snell, Lloyd",Furman - Third Round,9,1,44,0,0,4,0,0
stanford:fungvictor,"Fung, Victor",Stanford,23,8,43,0,0,0,0,0
stanford:reillyaidan,"Reilly, Aidan",Stanford,24,8,43,0,0,0,0,0
saintjosephs:vanipatrick,"Vani, Patrick",Saint Joseph's,10,6,43,0,0,1,1,0
umo:olorunyomiebenezer,"Olorunyomi, Ebenezer",UMO,24,2,43,0,0,1,0,0
uscupstate:willemvanhattemxibbe,"Willem van Hattem, Xibbe",USC Upstate,8,7,43,0,0,0,0,0
oralroberts:hemphillroman,"Hemphill, Roman",Oral Roberts,20,10,43,0,0,0,0,0
quinnipiac:gloriesdidac,"Glories, Didac",Quinnipiac,4,8,43,0,0,0,0,0
saintfrancisu:frenchbrendan,"French, Brendan",Saint Francis U,30,1,43,0,0,0,0,0
udm:floydlincoln,"Floyd, Lincoln",UDM,24,1,43,0,0,2,0,0
universityatalbany:mcfaddentommy,"McFadden, Tommy",University at Albany,21,3,43,0,0,1,1,0
ur:polizzigio,"Polizzi, Gio",UR,22,1,43,0,0,1,1,0
southdakotaschoolofmines:arteagajulen,"Arteaga, Julen",South Dakota School of Mines,26,1,43,0,0,1,0,0
utriograndevalley:mendoncabastosdiogo,"Mendonca Bastos, Diogo",UT Rio Grande Valley,27,1,43,0,0,2,2,0
stcloudstate:gonzalezwilliam,"Gonzalez, William",St. Cloud State,3,1,43,0,0,0,0,0
eagles:stevensvirgil,"Stevens, Virgil",EAGLES,18,1,43,0,0,0,0,0
fu:betancourtelias,"Betancourt, Elias",FU,21,1,43,0,0,0,0,0
aic:ramirezfernando,"Ramirez, Fernando",AIC,14,1,43,0,0,0,0,0
camels:naguibxander,"Naguib, Xander",Camels,25,1,43,0,0,1,0,0
hanovercollege:burchettmatt,"Burchett, Matt",Hanover College,4,1,43,0,0,0,0,0
hanovercollege:sotomateo,"Soto, Mateo",Hanover College,15,1,43,0,0,0,0,0
holyfamilyuniversity:gouvearafael,"Gouvea, Rafael",Holy Family University,35,1,43,0,0,2,1,0
graphitedivisionstetson:topolskydominik,"Topolsky, Dominik",(Graphite Division) Stetson,10,1,43,0,0,0,0,0
princeton:theisssamuel,"Theiss, Samuel",Princeton,17,1,43,0,0,1,0,0
saintfrancis:yeboahbennett,"Yeboah, Bennett",Saint Francis,25,3,42,0,0,1,1,0
washington:kleemannphilip,"Kleemann, Philip",Washington,2,21,42,0,0,1,1,0
uscupstate:vanhattemxibbewillem,"Van Hattem, Xibbe Willem",USC Upstate,8,6,42,0,0,1,0,0
kentucky:mchaledan,"McHale, Dan",Kentucky,5,9,42,0,0,1,0,0
howard:mosedonovan,"Mose, Donovan",Howard,4,6,42,0,0,0,0,0
hofstra:blaircharlie,"Blair, Charlie",Hofstra,25,11,42,0,0,0,0,0
regent:holestinjacob,"Holestin, Jacob",Regent,5,1,42,0,0,0,0,0
regent:parkercharles,"Parker, Charles",Regent,8,1,42,0,0,0,0,0
collegeoftheholycross:rosatoadric,"Rosato, Adric",College of the Holy Cross,2,1,42,0,0,0,0,0
njcu:rondonmassimo,"Rondon, Massimo",NJCU,22,1,42,0,0,0,0,0
rhi:hannahcameron,"Hannah, Cameron",RHI,10,1,42,0,0,0,0,0
rhi:kedziorchase,"Kedzior, Chase",RHI,16,1,42,0,0,1,0,0
rhi:morelpace,"Morel, Pace",RHI,28,1,42,0,0,1,0,0
rhi:gilmorealex,"Gilmore, Alex",RHI,35,1,42,0,0,0,0,0
calstatela:solerluc,"Soler, Luc",Cal State LA,24,1,42,0,0,0,0,0
gonzaga:golesisnico,"Golesis, Nico",Gonzaga,21,3,42,0,0,1,1,0
clemson:geromelvitor,"Geromel, Vitor",Clemson,24,5,42,0,0,0,0,0
graceland:wesnerjoaquin,"Wesner, Joaquin",Graceland,15,1,42,0,0,0,0,0
stfrancis:mitchelliiithero,"Mitchell III, Thero",St. Francis,15,1,42,0,0,0,0,0
dean:tylerclay,"Tyler, Clay",Dean,6,1,42,0,0,0,0,0
manchester:hollisgarrett,"Hollis, Garrett",Manchester,25,1,42,0,0,1,1,0
ur:heildrew,"Heil, Drew",UR,11,1,42,0,0,2,0,0
gu:godinhoaidan,"Godinho, Aidan",GU,13,1,42,0,0,0,0,0
chs:dashinpavel,"Dashin, Pavel",CHS,9,1,42,0,0,1,0,0
calbaptist:arguellodamian,"Arguello, Damian",Cal Baptist,15,1,42,0,0,0,0,0
warner:farringtonnoah,"Farrington, Noah",Warner,4,1,42,0,0,0,0,0
averett:hanscommarek,"Hanscom, Marek",Averett,13,1,42,0,0,0,0,0
upst:reynoldscaedon,"Reynolds, Caedon",UPST,29,2,42,0,0,4,1,0
universityofsouthcarolinaupstate:takawirajrvitalis,"Takawira Jr, Vitalis",University of South Carolina - Upstate,98,1,42,0,0,1,1,0
colgateuniversity:stjohnalex,"St. John, Alex",Colgate University,9,1,42,0,0,0,0,0
neumann:johnvictor,"John, Victor",Neumann,28,1,42,0,0,0,0,0
brd:koulaidj,"Koulai, DJ",BRD,13,1,42,0,0,2,1,0
ncw:acevedochristian,"Acevedo, Christian",NCW,24,1,42,0,0,2,2,0
virginiastate:danielsebastine,"Daniel, Sebastine",Virginia State,20,1,42,0,0,0,0,0
1a10saintlouis:heckenlaibleandrew,"Heckenlaible, Andrew",(#1 A-10) Saint Louis,17,1,42,0,0,2,1,0
furmanthirdround:johnsoncaleb,"Johnson, Caleb",Furman - Third Round,11,1,42,0,0,1,0,0
furmanthirdround:campbelltrip,"Campbell, Trip",Furman - Third Round,3,1,42,0,0,1,0,0
queens:mendozacesar,"Mendoza, Cesar",Queens,8,6,41,0,0,1,0,0
michigan:michaeliguy,"Michaeli, Guy",Michigan,23,19,41,0,0,1,0,0
highpoint:killgorejrjohn,"Killgore Jr., John",High Point,23,5,41,0,0,1,0,0
georgetown:kalanzidennis,"Kalanzi, Dennis",Georgetown,25,1,41,0,0,0,0,0
georgiasouthern:colomercarlos,"Colomer, Carlos",Georgia Southern,32,18,41,0,0,1,1,0
army:drabenstottjack,"Drabenstott, Jack",Army,9,15,41,0,0,0,0,0
furman:laplacaandrew,"Laplaca, Andrew",Furman,31,10,41,0,0,0,0,0
quincy:herediagarciaalvaro,"Heredia Garcia, Alvaro",Quincy,7,1,41,0,0,1,1,0
dayton:moumbokojonathan,"Moumboko, Jonathan",Dayton,36,4,41,0,0,0,0,0
northgreenville:boonedavid,"Boone, David",North Greenville,25,1,41,0,0,1,1,0
aue:rojekpatryk,"Rojek, Patryk",AUE,11,1,41,0,0,1,0,0
loyolauniversitymaryland:lacknercal,"Lackner, Cal",Loyola University Maryland,28,3,41,0,0,0,0,0
smu:skilbergfredrik,"Skilberg, Fredrik",SMU,11,4,41,0,0,2,1,0
centralconnecticutstateuniversity:carriassam,"Carrias, Sam",Central Connecticut State University,5,1,41,0,0,0,0,0
wcb:murphyparker,"Murphy, Parker",WCB,20,1,41,0,0,0,0,0
southdakotaschoolofmines:yocomparker,"Yocom, Parker",South Dakota School of Mines,7,1,41,0,0,0,0,0
sacramentostate:bandabailaisaac,"Bandabaila, Isaac",Sacramento State,16,4,40,0,0,0,0,0
luc:mendezangel,"Mendez, Angel",LUC,17,1,40,0,0,1,0,0
gardnerwebb:halkettluke,"Halkett, Luke",Gardner-Webb,6,17,40,0,0,0,0,0
unioncommonwealthky:campbelldonte,"Campbell, Donte",Union Commonwealth (Ky.),4,1,40,0,0,0,0,0
marshall:tanedaharuhi,"Taneda, Haruhi",Marshall,10,18,40,0,0,0,0,0
oglethorpe:etiennestanlee,"Etienne, Stanlee",Oglethorpe,11,1,40,0,0,0,0,0
oglethorpe:orsiluca,"Orsi, Luca",Oglethorpe,18,1,40,0,0,0,0,0
ohiostate:evanscole,"Evans, Cole",Ohio State,26,15,40,0,0,0,0,0
bu:woolleydominic,"Woolley, Dominic",BU,5,1,40,0,0,2,1,0
longwood:sagirmuazu,"Sagir, Muazu",Longwood,16,4,40,0,0,0,0,0
stfrancis:elmoreharry,"Elmore, Harry",St. Francis,12,1,40,0,0,1,0,0
massachusetts:omalleyaaron,"O'Malley, Aaron",Massachusetts,6,1,40,0,0,0,0,0
ur:bakerwilliam,"Baker, William",UR,13,1,40,0,0,0,0,0
gu:urrutiadavid,"Urrutia, David",GU,11,1,40,0,0,2,2,0
unf:amanciopedro,"Amancio, Pedro",UNF,6,2,40,0,0,0,0,0
brwn:amarallorenzo,"Amaral, Lorenzo",BRWN,10,1,40,0,0,1,1,0
neumann:morelandjosh,"Moreland, Josh",Neumann,20,1,40,0,0,1,1,0
johnsonwales:davidsonparker,"Davidson, Parker",Johnson & Wales,12,1,40,0,0,0,0,0
lwu:palushajjozef,"Palushaj, Jozef",LWU,17,1,40,0,0,2,1,0
virginiastate:brooksjrandrew,"Brooks Jr., Andrew",Virginia State,17,1,40,0,0,0,0,0
holyfamilyuniversity:grantadriel,"Grant, Adriel",Holy Family University,15,1,40,0,0,0,0,0
holyfamilyuniversity:gouveajoaoluiz,"Gouvea, Joao Luiz",Holy Family University,37,1,40,0,0,0,0,0
stjohns:michelisjorian,"Michelis, Jorian",St. John's,23,19,39,0,0,0,0,0
xavier:dindiyaljai,"Dindiyal, Jai",Xavier,12,14,39,0,0,0,0,0
fordham:giannolajoseph,"Giannola, Joseph",Fordham,2,6,39,0,0,0,0,0
setonhill:duranchris,"Duran, Chris",Seton Hill,2,1,39,0,0,0,0,0
omaha:shooknoah,"Shook, Noah",Omaha,25,8,39,0,0,0,0,0
pc:stofringthomas,"Stofring, Thomas",PC,20,1,39,0,0,0,0,0
kentucky:haughtonparismekhi,"Haughton-Paris, Mekhi",Kentucky,21,2,39,0,0,0,0,0
kansascity:garofaloemmanuele,"Garofalo, Emmanuele",Kansas City,23,15,39,0,0,0,0,0
northgreenville:vrkicognjen,"Vrkic, Ognjen",North Greenville,6,1,39,0,0,0,0,0
northgreenville:hoffmanezra,"Hoffman, Ezra",North Greenville,31,1,39,0,0,0,0,0
tribe:katsarihoeferalexandros,"Katsari-Hoefer, Alexandros",Tribe,19,1,39,0,0,0,0,0
tribe:dioriomichael,"DiOrio, Michael",Tribe,23,1,39,0,0,0,0,0
blm:franketeddy,"Franke, Teddy",BLM,33,1,39,0,0,0,0,0
gcu:harringtonliam,"Harrington, Liam",GCU,26,1,39,0,0,0,0,0
liu:vilandavid,"Vilan, David",LIU,7,1,39,0,0,0,0,0
liu:rodriguezjorge,"Rodriguez, Jorge",LIU,18,1,39,0,0,1,0,0
liu:merrittchristien,"Merritt, Christien",LIU,28,1,39,0,0,0,0,0
stfrancis:piresthiago,"Pires, Thiago",St. Francis,20,1,39,0,0,1,1,0
ccsu:canellasdiego,"Canellas, Diego",CCSU,15,2,39,0,0,0,0,0
10westvirginia:scheerisaac,"Scheer, Isaac",#10 West Virginia,21,1,39,0,0,2,2,0
9highpoint:herbnick,"Herb, Nick",#9 High Point,22,1,39,0,0,0,0,0
edgewood:lewisgavin,"Lewis, Gavin",Edgewood,6,1,39,0,0,0,0,0
edgewood:murrowbeckham,"Murrow, Beckham",Edgewood,13,1,39,0,0,0,0,0
highpoint:sarantakosnick,"Sarantakos, Nick",High Point,7,1,38,0,0,0,0,0
highpoint:kellylucas,"Kelly, Lucas",High Point,12,1,38,0,0,0,0,0
creighton:kolotasgeorgios,"Kolotas, Georgios",Creighton,19,15,38,0,0,0,0,0
coastalcarolina:shawpatrick,"Shaw, Patrick",Coastal Carolina,19,14,38,0,0,0,0,0
fiu:parejalukas,"Pareja, Lukas",FIU,15,9,38,0,0,0,0,0
tcj:aritakevin,"Arita, Kevin",TCJ,15,1,38,0,0,0,0,0
loyola:iavaronecarmine,"Iavarone, Carmine",Loyola,19,3,38,0,0,1,0,0
utahvalley:vincentjacob,"Vincent, Jacob",Utah Valley,11,7,38,0,0,1,0,0
collegeoftheholycross:fiedlerjack,"Fiedler, Jack",College of the Holy Cross,26,1,38,0,0,1,0,0
ucirvine:lopezdarwin,"Lopez, Darwin",UC Irvine,23,18,38,0,0,1,0,0
siuedwardsville:cornishhugo,"Cornish, Hugo",SIU-Edwardsville,10,1,38,0,0,2,0,0
northgreenville:pursleyjoshua,"Pursley, Joshua",North Greenville,17,1,38,0,0,0,0,0
uvm:armellinogianluca,"Armellino, Gianluca",UVM,5,1,38,0,0,0,0,0
westmont:cortesluis,"Cortes, Luis",Westmont,7,1,38,0,0,0,0,0
furman:pricejackson,"Price, Jackson",Furman,21,12,38,0,0,1,1,0
saintfrancisu:piresthiago,"Pires, Thiago",Saint Francis U,20,1,38,0,0,0,0,0
udm:iaquaniellojoey,"Iaquaniello , Joey",UDM,19,1,38,0,0,0,0,0
liu:martinsjesus,"Martins, Jesus",LIU,17,1,38,0,0,0,0,0
liu:perezangel,"Perez, Angel",LIU,21,1,38,0,0,1,1,0
southdakotaschoolofmines:delkadominic,"Delka, Dominic",South Dakota School of Mines,23,1,38,0,0,0,0,0
warner:polickeseth,"Policke, Seth",Warner,29,1,38,0,0,0,0,0
mke:weiroliver,"Weir, Oliver",MKE,7,1,38,0,0,1,1,0
averett:daviswill,"Davis, Will",Averett,19,1,38,0,0,0,0,0
arcadia:whitmoreaiden,"Whitmore, Aiden",Arcadia,38,1,38,0,0,0,0,0
penn:pakphil,"Pak, Phil",Penn,6,2,38,0,0,0,0,0
baldwinwallace:beggsbrayden,"Beggs, Brayden",Baldwin Wallace,30,1,38,0,0,0,0,0
hanovercollege:elizarrarasbrandon,"Elizarraras, Brandon",Hanover College,10,1,38,0,0,0,0,0
hanovercollege:dizdaromar,"Dizdar, Omar",Hanover College,34,1,38,0,0,0,0,0
edgewood:vazqueztrejobrian,"Vazquez Trejo, Brian",Edgewood,34,1,38,0,0,0,0,0
ucsd:allegaertgavin,"Allegaert, Gavin",UCSD,16,1,38,0,0,1,1,0
brd:mejiaskevin,"Mejias, Kevin",BRD,23,1,38,0,0,0,0,0
evv:hawkinsmatt,"Hawkins, Matt",EVV,6,1,38,0,0,0,0,0
graphitedivisionstetson:restrepomauricio,"Restrepo, Mauricio",(Graphite Division) Stetson,19,1,38,0,0,2,0,0
bradley:reyesivan,"Reyes, Ivan",Bradley,30,4,37,0,0,0,0,0
liberty:fullerivberkley,"Fuller IV, Berkley",Liberty,24,11,37,0,0,1,0,0
mercer:haligasflint,"Haligas, Flint",Mercer,29,12,37,0,0,0,0,0
loyola:memingerbrandon,"Meminger, Brandon",Loyola,13,3,37,0,0,0,0,0
greenbay:mouadylan,"Moua, Dylan",Green Bay,27,5,37,0,0,0,0,0
calstatela:gutierrezemiliano,"Gutierrez, Emiliano",Cal State LA,13,1,37,0,0,0,0,0
lifepacific:ochoaa,"Ochoa, A",Life Pacific,14,1,37,0,0,0,0,0
uvm:vassiliouioannis,"Vassiliou, Ioannis",UVM,17,1,37,0,0,1,1,0
graceland:edwardskaden,"Edwards, Kaden",Graceland,10,1,37,0,0,0,0,0
clevelandstate:marellagianni,"Marella, Gianni",Cleveland State,12,3,37,0,0,1,0,0
williammary:einarssonvaldi,"Einarsson, Valdi",William & Mary,20,6,37,0,0,0,0,0
bel:woltherslucas,"Wolthers, Lucas",BEL,11,1,37,0,0,0,0,0
gcu:healyliam,"Healy, Liam",GCU,25,2,37,0,0,0,0,0
gcu:watkinsmichael,"Watkins, Michael",GCU,21,1,37,0,0,4,1,0
harvard:cuppsbobby,"Cupps, Bobby",Harvard,19,8,37,0,0,1,1,0
etsu:chunuwegeorge,"Chunuwe, George",ETSU,23,5,37,0,0,0,0,0
dean:pordagejohn,"Pordage, John",Dean,19,1,37,0,0,0,0,0
dean:powernevan,"Power, Nevan",Dean,20,1,37,0,0,0,0,0
dean:maldonadoraul,"Maldonado, Raul",Dean,30,1,37,0,0,0,0,0
dean:ripleycole,"Ripley, Cole",Dean,36,1,37,0,0,0,0,0
utriograndevalley:dahlmads,"Dahl, Mads",UT Rio Grande Valley,6,1,37,0,0,0,0,0
kingscollege:lecknersam,"Leckner, Sam",King's College,17,1,37,0,0,0,0,0
grb:nicholsonluke,"Nicholson, Luke",GRB,7,1,37,0,0,2,1,0
colgateuniversity:yatescharlie,"Yates, Charlie",Colgate University,14,1,37,0,0,0,0,0
colgateuniversity:rameycole,"Ramey, Cole",Colgate University,16,1,37,0,0,0,0,0
bostoncollege:harperanthony,"Harper, Anthony",Boston College,18,1,37,0,0,0,0,0
georgiastate:taylormatt,"Taylor, Matt",Georgia State,32,2,37,0,0,1,0,0
csub:heinrichnils,"Heinrich, Nils",CSUB,9,1,37,0,0,0,0,0
lwu:conollysyrus,"Conolly, Syrus",LWU,9,1,37,0,0,1,0,0
carroll:manetschremy,"Manetsch, Remy",Carroll,7,1,37,0,0,0,0,0
smu:garciarichard,"Garcia, Richard",SMU,13,5,36,0,0,0,0,0
northcarolina:swettmaclovio,"Swett, Maclovio",North Carolina,16,18,36,0,0,1,0,0
ucriverside:millergrant,"Miller, Grant",UC Riverside,6,12,36,0,0,2,0,0
washington:gangulysheehan,"Ganguly, Sheehan",Washington,23,20,36,0,0,1,1,0
manhattan:fatohouboniface,"Fatohou, Boniface",Manhattan,17,4,36,0,0,1,0,0
siue:arieron,"Arie, Ron",SIUE,7,5,36,0,0,0,0,0
setonhill:amoskeegan,"Amos, Keegan",Seton Hill,19,1,36,0,0,0,0,0
calstatefullerton:rucquoisyanis,"Rucquois, Yanis",Cal State Fullerton,9,5,36,0,0,2,0,0
uscupstate:christoffersentheodor,"Christoffersen, Theodor",USC Upstate,13,12,36,0,0,0,0,0
santaclara:rashadkhalil,"Rashad, Khalil",Santa Clara,20,3,36,0,0,1,0,0
santaclara:almontesmoises,"Almontes, Moises",Santa Clara,15,4,36,0,0,0,0,0
northernillinois:catalangeovanny,"Catalan, Geovanny",Northern Illinois,21,4,36,0,0,1,0,0
universityoftheincarnateword:ordonezdaniel,"Ordonez, Daniel",University of the Incarnate Word,8,1,36,0,0,0,0,0
blm:morgancade,"Morgan, Cade",BLM,2,1,36,0,0,2,1,0
gcu:gomezrodrigueznelson,"Gomez Rodriguez, Nelson",GCU,7,1,36,0,0,0,0,0
sacramentostate:vacalorenzisimon,"Vaca-Lorenzi, Simon",Sacramento State,9,4,36,0,0,0,0,0
manchester:mitchelladmasu,"Mitchell, Admasu",Manchester,19,1,36,0,0,0,0,0
stetson:quinceyowen,"Quincey, Owen",Stetson,28,1,36,0,0,0,0,0
9highpoint:adaganiprosper,"Adagani, Prosper",#9 High Point,14,1,36,0,0,0,0,0
loyolamd:mcevoycole,"McEvoy, Cole",Loyola (Md.),7,1,36,0,0,0,0,0
flames:conleyty,"Conley, Ty",FLAMES,6,1,36,0,0,0,0,0
hope:cobbrory,"Cobb, Rory",Hope,26,1,36,0,0,0,0,0
mountstmarys:albangarrett,"Alban, Garrett",Mount St. Mary's,31,3,36,0,0,0,0,0
upst:fabamifobeetolu,"Fabamifobee, Tolu",UPST,19,2,36,0,0,2,1,0
kingscollege:gandarillasmatthew,"Gandarillas, Matthew",King's College,29,1,36,0,0,0,0,0
northernillinoisuniversity:montoyamartin,"Montoya, Martin",Northern Illinois University,23,1,36,0,0,0,0,0
arcadia:vacchiogiacomo,"Vacchio, Giacomo",Arcadia,40,1,36,0,0,1,1,0
mum:stretzcarson,"Stretz, Carson",MUM,12,1,36,0,0,1,0,0
mum:cohoonaidan,"Cohoon, Aidan",MUM,32,1,36,0,0,0,0,0
bostoncollege:mazzabergeronben,"Mazza-Bergeron, Ben",Boston College,3,1,36,0,0,0,0,0
ncstate:bushaustin,"Bush, Austin",NC State,23,22,35,0,0,0,0,0
jamesmadison:millertyler,"Miller, Tyler",James Madison,21,15,35,0,0,0,0,0
fordham:mattisonryan,"Mattison, Ryan",Fordham,15,5,35,0,0,2,1,0
southflorida:fukudomekohsuke,"Fukudome, Kohsuke",South Florida,3,15,35,0,0,0,0,0
grandcanyonuniversity:tabaresrichard,"Tabares, Richard",Grand Canyon University,16,2,35,0,0,0,0,0
ou:jeanlegerchristopher,"Jean Leger, Christopher",OU,17,1,35,0,0,1,0,0
hofstra:pollhenri,"Poll, Henri",Hofstra,20,1,35,0,0,2,0,0
calstatefullerton:shermangabriel,"Sherman, Gabriel",Cal State Fullerton,27,6,35,0,0,0,0,0
collegeoftheholycross:donovanryan,"Donovan, Ryan",College of the Holy Cross,8,1,35,0,0,1,1,0
santaclara:begovicalen,"Begovic, Alen",Santa Clara,13,3,35,0,0,1,0,0
northgreenville:dzokamushuredenzel,"Dzokamushure, Denzel",North Greenville,28,1,35,0,0,0,0,0
aue:pazpaulino,"Paz, Paulino",AUE,20,1,35,0,0,1,0,0
westmont:reyesalex,"Reyes, Alex",Westmont,2,1,35,0,0,0,0,0
blm:foldscollin,"Folds, Collin",BLM,31,1,35,0,0,0,0,0
loyolauniversitymaryland:williamsdavid,"Williams, David",Loyola University Maryland,22,3,35,0,0,1,1,0
universityatalbany:barkandavid,"Barkan, David",University at Albany,9,3,35,0,0,0,0,0
dean:cookbrody,"Cook, Brody",Dean,32,1,35,0,0,0,0,0
stcloudstate:wasmundowen,"Wasmund, Owen",St. Cloud State,12,1,35,0,0,0,0,0
luc:moralesbilbaokike,"Morales Bilbao, Kike",LUC,21,1,35,0,0,0,0,0
fgu:murguiaedson,"Murguia, Edson",FGU,10,1,35,0,0,0,0,0
johnsonwales:leshlucas,"Lesh, Lucas",Johnson & Wales,9,1,35,0,0,1,0,0
georgiasouthern:sorensenemilseedorff,"Sorensen, Emil Seedorff",Georgia Southern,20,1,35,0,0,1,0,0
lu:perestrelohenrique,"Perestrelo, Henrique",LU,13,1,35,0,0,0,0,0
1a10saintlouis:coughlansam,"Coughlan, Sam",(#1 A-10) Saint Louis,6,1,35,0,0,2,0,0
bucknellplfirstround:krumovdavid,"Krumov, David",Bucknell – PL First Round,15,1,35,0,0,0,0,0
highpoint:vandeheijames,"VandeHei, James",High Point,21,9,34,0,0,0,0,0
jacksonville:holtantobias,"Holtan, Tobias",Jacksonville,10,5,34,0,0,1,1,0
georgetown:millikencasey,"Milliken, Casey",Georgetown,12,16,34,0,0,1,1,0
newhaven:volpicellivittorio,"Volpicelli, Vittorio",New Haven,35,6,34,0,0,1,0,0
rhi:lipskyevan,"Lipsky, Evan",RHI,19,1,34,0,0,0,0,0
rhi:ganeshbabusidharth,"Ganeshbabu, Sidharth",RHI,27,1,34,0,0,0,0,0
uwm:riveracardonamiguel,"Rivera Cardona, Miguel",UWM,5,1,34,0,0,1,0,0
utg:kleinkoren,"Klein, Koren",UTG,9,1,34,0,0,3,0,0
graceland:vandenoetelaarjack,"Van Den Oetelaar, Jack",Graceland,3,1,34,0,0,0,0,0
navy:strothkampbraeden,"Strothkamp, Braeden",Navy,12,4,34,0,0,1,0,0
ust:hoelschercharlie,"Hoelscher, Charlie",UST,27,1,34,0,0,1,1,0
lu:doddtaylor,"Dodd, Taylor",LU,24,2,34,0,0,0,0,0
cornell:nevadomassosahyd,"Nevado Masso, Sahyd",Cornell,11,9,34,0,0,0,0,0
tigers:kelleykevin,"Kelley, Kevin",Tigers,7,1,34,0,0,0,0,0
tigers:manfroybenjamin,"Manfroy, Benjamin",Tigers,21,1,34,0,0,1,0,0
tigers:vilettyler,"Vilet, Tyler",Tigers,33,1,34,0,0,0,0,0
manchester:wilsonchris,"Wilson, Chris",Manchester,17,1,34,0,0,0,0,0
caldwell:castrochristopher,"Castro, Christopher",Caldwell,47,1,34,0,0,0,0,0
oregontech:spoonercannon,"Spooner, Cannon",Oregon Tech,17,1,34,0,0,0,0,0
cuc:bandurkristijan,"Bandur, Kristijan",CUC,9,1,34,0,0,1,1,0
flames:carmanben,"Carman, Ben",FLAMES,16,1,34,0,0,0,0,0
upst:zawlockijosh,"Zawlocki, Josh",UPST,33,2,34,0,0,0,0,0
luc:rodriguezortizjoaquin,"Rodriguez Ortiz, Joaquin",LUC,3,1,34,0,0,0,0,0
kingscollege:gutkowskiaaron,"Gutkowski, Aaron",King's College,49,1,34,0,0,0,0,0
brwn:pereyramateo,"Pereyra, Mateo",BRWN,14,1,34,0,0,0,0,0
neumann:mccarthyconor,"McCarthy, Conor",Neumann,12,1,34,0,0,1,1,0
neumann:conoveraiden,"Conover, Aiden",Neumann,29,1,34,0,0,0,0,0
bradleyuniversity:saladinstephen,"Saladin, Stephen",Bradley University,7,1,34,0,0,0,0,0
ju:aanensenkarlsennicolas,"Aanensen Karlsen, Nicolas",JU,7,1,34,0,0,1,0,0
lehighplsemifinal:gueyeyusef,"Gueye, Yusef",Lehigh – PL Semifinal,14,1,34,0,0,0,0,0
lehighplsemifinal:turkerbora,"Turker, Bora",Lehigh – PL Semifinal,23,1,34,0,0,0,0,0
westvirginia:ekqvistakseli,"Ekqvist, Akseli",West Virginia,2,15,33,0,0,0,0,0
newhampshire:moonjaehyuk,"Moon, Jaehyuk",New Hampshire,4,16,33,0,0,0,0,0
lwu:ratinhojoao,"Ratinho, Joao",LWU,14,1,33,0,0,0,0,0
newhaven:jacintojose,"Jacinto, Jose",New Haven,39,6,33,0,0,0,0,0
belmontuniversity:stantonzach,"Stanton, Zach",Belmont University,15,6,33,0,0,0,0,0
regent:visserbrandon,"Visser, Brandon",Regent,10,2,33,0,0,0,0,0
loyola:andrewswilliam,"Andrews, William",Loyola,24,2,33,0,0,1,0,0
michigan:ibsaistamer,"Ibsais, Tamer",Michigan,26,18,33,0,0,0,0,0
collegeoftheholycross:kelnergrant,"Kelner, Grant",College of the Holy Cross,12,1,33,0,0,0,0,0
quincy:buergrant,"Buer, Grant",Quincy,8,1,33,0,0,1,1,0
calstatela:vegasergio,"Vega, Sergio",Cal State LA,9,1,33,0,0,2,0,0
bu:mejiaskevin,"Mejias, Kevin",BU,23,1,33,0,0,1,1,0
siuedwardsville:perkinsben,"Perkins, Ben",SIU-Edwardsville,18,1,33,0,0,0,0,0
siuedwardsville:gibbsryley,"Gibbs, Ryley",SIU-Edwardsville,21,1,33,0,0,1,0,0
lifepacific:yanol,"Yano, L",Life Pacific,16,1,33,0,0,0,0,0
lifepacific:padillaj,"Padilla, J",Life Pacific,21,1,33,0,0,0,0,0
lehigh:neureiterkent,"Neureiter, Kent",Lehigh,16,10,33,0,0,0,0,0
cornell:flanarycooper,"Flanary, Cooper",Cornell,12,7,33,0,0,2,1,0
graceland:hendersonhenry,"Henderson, Henry",Graceland,23,1,33,0,0,1,0,0
blm:wojdabartosz,"Wojda, Bartosz",BLM,7,1,33,0,0,1,1,0
bel:schlegelethan,"Schlegel, Ethan",BEL,27,1,33,0,0,0,0,0
chs:hughescaio,"Hughes, Caio",CHS,7,1,33,0,0,0,0,0
kingscollege:leonardjames,"Leonard, James",King's College,26,1,33,0,0,0,0,0
universityofsouthcarolinaupstate:hilmarssonhilmar,"Hilmarsson, Hilmar",University of South Carolina - Upstate,4,1,33,0,0,0,0,0
universityofsouthcarolinaupstate:chopinjorhan,"Chopin, Jorhan",University of South Carolina - Upstate,10,1,33,0,0,0,0,0
universityofsouthcarolinaupstate:vallejojustin,"Vallejo, Justin",University of South Carolina - Upstate,12,1,33,0,0,1,1,0
universityofsouthcarolinaupstate:burthenry,"Burt, Henry",University of South Carolina - Upstate,16,1,33,0,0,0,0,0
universityofsouthcarolinaupstate:cromedyjacob,"Cromedy, Jacob",University of South Carolina - Upstate,25,1,33,0,0,1,0,0
northernillinoisuniversity:creartobias,"Crear, Tobias",Northern Illinois University,7,1,33,0,0,1,1,0
brynt:rodriguezjorge,"Rodriguez, Jorge",BRYNT,18,1,33,0,0,0,0,0
baldwinwallace:warrickseth,"Warrick, Seth",Baldwin Wallace,00,1,33,0,0,0,0,0
baldwinwallace:aldenmaguire,"Alden, Maguire",Baldwin Wallace,12,1,33,0,0,0,0,0
baldwinwallace:aspinallmatt,"Aspinall, Matt",Baldwin Wallace,28,1,33,0,0,0,0,0
californialutheranuniversity:bodiatyusuf,"Bodiat, Yusuf",California Lutheran University,32,1,33,0,0,1,1,0
1a10saintlouis:jaegerkai,"Jaeger, Kai",(#1 A-10) Saint Louis,13,1,33,0,0,3,0,0
1a10saintlouis:delkusjackson,"Delkus, Jackson",(#1 A-10) Saint Louis,22,1,33,0,0,0,0,0
bucknellplfirstround:domsohnzane,"Domsohn, Zane",Bucknell – PL First Round,7,1,33,0,0,1,1,0
bucknellplfirstround:coughlinnate,"Coughlin, Nate",Bucknell – PL First Round,22,1,33,0,0,0,0,0
ccny:pembertondavid,"Pemberton, David",CCNY,21,1,33,0,0,0,0,0
harvard:desouzagil,"de Souza, Gil",Harvard,24,1,33,0,0,0,0,0
liu:tolabafranciscofernando,"Tolaba, Francisco Fernando",LIU,2,2,32,0,0,0,0,0
tcj:shawshakeem,"Shaw, Shakeem",TCJ,21,1,32,0,0,0,0,0
virginia:jonesgraham,"Jones, Graham",Virginia,24,7,32,0,0,0,0,0
njcu:valladareskenneth,"Valladares, Kenneth",NJCU,21,1,32,0,0,0,0,0
universityofevansville:kimberlingkyle,"Kimberling, Kyle",University of Evansville,25,5,32,0,0,1,0,0
calstatela:lopezjose,"Lopez, Jose",Cal State LA,21,1,32,0,0,0,0,0
airforce:dustinluke,"Dustin, Luke",Air Force,18,13,32,0,0,0,0,0
sacredheart:woelperalejo,"Woelper, Alejo",Sacred Heart,24,8,32,0,0,1,0,0
fordham:mesquitanick,"Mesquita, Nick",Fordham,24,2,32,0,0,1,0,0
centralconnecticutstate:dubashjulian,"Dubash, Julian",Central Connecticut State,17,2,32,0,0,0,0,0
cuc:wrightskyler,"Wright, Skyler",CUC,17,1,32,0,0,2,2,0
utriograndevalley:kleinkoren,"Klein, Koren",UT Rio Grande Valley,9,1,32,0,0,0,0,0
9highpoint:behrmannnoah,"Behrmann, Noah",#9 High Point,16,1,32,0,0,1,0,0
marist:mellennoah,"Mellen, Noah",Marist,17,3,32,0,0,1,0,0
cofc:jordheimjulian,"Jordheim, Julian",CofC,3,1,32,0,0,0,0,0
kingscollege:permyashkinphilip,"Permyashkin, Philip",King's College,10,1,32,0,0,1,0,0
kingscollege:carpentertj,"Carpenter, TJ",King's College,80,1,32,0,0,0,0,0
universityatalbany:fragakisjohn,"Fragakis, John",University at Albany,17,1,32,0,0,0,0,0
mum:bradleygerard,"Bradley, Gerard",MUM,33,1,32,0,0,0,0,0
ucsd:bogonkomhone,"Bogonko, Mhone",UCSD,18,1,32,0,0,0,0,0
ucsd:cashtyler,"Cash, Tyler",UCSD,25,1,32,0,0,0,0,0
qnc:sigurdarsonsindri,"Sigurdarson, Sindri",QNC,11,1,32,0,0,0,0,0
uca:kozenyvaclav,"Kozeny, Vaclav",UCA,8,1,32,0,0,0,0,0
loyolauniversitymaryland:iavaronecarminedutch,"Iavarone, Carmine ""Dutch""",Loyola University Maryland,19,2,32,0,0,0,0,0
niu:creartobias,"Crear, Tobias",NIU,7,1,32,0,0,1,1,0
ccny:islascarlos,"Islas, Carlos",CCNY,4,1,32,0,0,0,0,0
ccny:meierkai,"Meier, Kai",CCNY,32,1,32,0,0,0,0,0
lehighplsemifinal:coughlinshea,"Coughlin, Shea",Lehigh – PL Semifinal,12,1,32,0,0,1,1,0
louisville:griderdaniel,"Grider, Daniel",Louisville,23,17,31,0,0,0,0,0
washington:bowersbrecken,"Bowers, Brecken",Washington,31,20,31,0,0,1,0,0
lwu:diazdiego,"Diaz, Diego",LWU,30,2,31,0,0,2,0,0
howard:chicasaxel,"Chicas, Axel",Howard,8,4,31,0,0,1,1,0
howard:sharrieffkhari,"Sharrieff, Khari",Howard,20,3,31,0,0,0,0,0
chicagostate:alamilloalejandro,"Alamillo, Alejandro",Chicago State,24,3,31,0,0,0,0,0
saintfrancispa:escobaralejandro,"Escobar, Alejandro",Saint Francis (PA),22,1,31,0,0,0,0,0
calstatela:alamoerick,"Alamo, Erick",Cal State LA,8,1,31,0,0,0,0,0
calstatela:gonzalezjohnny,"Gonzalez, Johnny",Cal State LA,17,1,31,0,0,0,0,0
calstatela:lipertismarcos,"Lipertis, Marcos",Cal State LA,36,1,31,0,0,0,0,0
westmont:guerreroerik,"Guerrero, Erik",Westmont,20,1,31,0,0,0,0,0
williammary:quinterjt,"Quinter, JT",William & Mary,28,6,31,0,0,0,0,0
bel:meffordnate,"Mefford, Nate",BEL,5,1,31,0,0,1,0,0
uk:lopezagustin,"Lopez, Agustin",UK,10,1,31,0,0,2,1,0
uk:larssonkevin,"Larsson, Kevin",UK,11,1,31,0,0,1,0,0
caldwell:hoppasnikolas,"Hoppas, Nikolas",Caldwell,38,1,31,0,0,0,0,0
bryant:breuersean,"Breuer, Sean",Bryant,3,7,31,0,0,0,0,0
southdakotaschoolofmines:fordrawley,"Ford, Rawley",South Dakota School of Mines,30,1,31,0,0,0,0,0
princeton:nuezian,"Nuñez, Ian",Princeton,9,5,31,0,0,0,0,0
loyolamaryland:turturronicholas,"Turturro, Nicholas",Loyola Maryland,21,4,31,0,0,1,1,0
stcloudstate:greenlandmatthew,"Greenland, Matthew",St. Cloud State,21,1,31,0,0,0,0,0
stcloudstate:macorittidrew,"Macoritti, Drew",St. Cloud State,24,1,31,0,0,0,0,0
adriancollege:emertowen,"Emert, Owen",Adrian College,9,1,31,0,0,0,0,0
adriancollege:stanlucas,"Stan, Lucas",Adrian College,14,1,31,0,0,0,0,0
adriancollege:jenningskyle,"Jennings, Kyle",Adrian College,17,1,31,0,0,0,0,0
adriancollege:munogovictor,"Munogo, Victor",Adrian College,32,1,31,0,0,0,0,0
trinitycollegeofjacksonville:morenodaniel,"Moreno, Daniel",Trinity College of Jacksonville,7,1,31,0,0,0,0,0
holycrosscollegeind:rodriguezvincent,"Rodriguez, Vincent",Holy Cross College (Ind.),6,1,31,0,0,0,0,0
holycrosscollegeind:medinaaidan,"Medina, Aidan",Holy Cross College (Ind.),7,1,31,0,0,0,0,0
universityofmassachusettslowell:hwangjunyoung,"Hwang, Junyoung",University of Massachusetts Lowell,13,1,31,0,0,1,0,0
kingscollege:huntleyjonathan,"Huntley, Jonathan",King's College,25,1,31,0,0,0,0,0
sie:clausenmathias,"Clausen, Mathias",SIE,20,1,31,0,0,2,0,0
mum:wigginsdavid,"Wiggins, David",MUM,7,1,31,0,0,0,0,0
mum:bagwelltanner,"Bagwell, Tanner",MUM,28,1,31,0,0,0,0,0
bostoncollege:romierilapo,"Romieri, Lapo",Boston College,12,1,31,0,0,0,0,0
edgewood:kaupbrandon,"Kaup, Brandon",Edgewood,7,1,31,0,0,1,1,0
princeton:murphygarrison,"Murphy, Garrison",Princeton,18,1,31,0,0,0,0,0
georgetown:wrightmarco,"Wright, Marco",Georgetown,19,1,30,0,0,0,0,0
missouristate:ferreirarodrigo,"Ferreira, Rodrigo",Missouri State,6,14,30,0,0,0,0,0
newhampshire:fradymateo,"Frady, Mateo",New Hampshire,19,16,30,0,0,0,0,0
southflorida:keisemikhail,"Keise, Mikhail",South Florida,5,15,30,0,0,0,0,0
setonhill:lambertleo,"Lambert, Leo",Seton Hill,13,1,30,0,0,0,0,0
seattle:teuberbowen,"Teuber, Bowen",Seattle,21,6,30,0,0,1,0,0
loyolamarymount:armanitristan,"Armani, Tristan",Loyola Marymount,21,2,30,0,0,0,0,0
centralarkansas:bartaoliver,"Barta, Oliver",Central Arkansas,11,4,30,0,0,0,0,0
columbiauniversity:goulandrisyianni,"Goulandris, Yianni",Columbia University,31,12,30,0,0,0,0,0
westmont:johnsonkristian,"Johnson, Kristian",Westmont,5,1,30,0,0,0,0,0
utg:hernandezdylan,"Hernandez, Dylan",UTG,19,1,30,0,0,0,0,0
graceland:iossamatteo,"Iossa, Matteo",Graceland,24,1,30,0,0,0,0,0
fairfield:rosenasher,"Rosen, Asher",Fairfield,11,7,30,0,0,0,0,0
stonehillcollege:tinnerloc,"Tinner, Loïc",Stonehill College,32,1,30,0,0,0,0,0
northcarolina:mayanjaabubakar,"Mayanja, Abubakar",North Carolina,8,4,30,0,0,0,0,0
penn:shinetim,"Shine, Tim",Penn,28,10,30,0,0,1,1,0
spaldinguniversityky:mulumebenit,"Mulume, Benit",Spalding University (Ky.),17,1,30,0,0,0,0,0
trinitycollegeofjacksonville:sorianojasson,"Soriano, Jasson",Trinity College of Jacksonville,30,1,30,0,0,0,0,0
loyolamd:memingerbrandon,"Meminger, Brandon",Loyola (Md.),13,2,30,0,0,1,1,0
universityofmassachusettslowell:fengli,"Feng, Li",University of Massachusetts Lowell,66,1,30,0,0,0,0,0
lwu:sapsfordnoah,"Sapsford, Noah",LWU,21,1,30,0,0,0,0,0
universityatalbany:medinadavid,"Medina, David",University at Albany,28,1,30,0,0,0,0,0
uca:bamballinoa,"Bamballi, Noa",UCA,23,1,30,0,0,0,0,0
uca:schwartzkyle,"Schwartz, Kyle",UCA,26,1,30,0,0,0,0,0
ju:davicsantosleonardo,"Davi C Santos, Leonardo",JU,12,1,30,0,0,0,0,0
mke:bowdenjack,"Bowden, Jack",MKE,32,1,30,0,0,0,0,0
bu:wojdabartosz,"Wojda, Bartosz",BU,7,1,30,0,0,0,0,0
lions:legaimaxime,"Legai, Maxime",Lions,15,1,30,0,0,0,0,0
uconn:ryanjack,"Ryan, Jack",UConn,27,21,29,0,0,1,0,0
michiganstate:masonjosh,"Mason, Josh",Michigan State,26,16,29,0,0,0,0,0
radford:daviesfelix,"Davies, Felix",Radford,1,12,29,0,0,0,0,2
loyola:hallsoscar,"Halls, Oscar",Loyola,5,3,29,0,0,0,0,0
northgreenville:tylercooper,"Tyler, Cooper",North Greenville,21,1,29,0,0,0,0,0
dean:pequitajustin,"Pequita, Justin",Dean,15,1,29,0,0,0,0,0
dean:morineaunacifpablo,"Morineau Nacif, Pablo",Dean,35,1,29,0,0,0,0,0
pride:basenachaaron,"Basenach, Aaron",Pride,12,1,29,0,0,0,0,0
merrimackcollege:magnussongeir,"Magnusson, Geir",Merrimack College,20,5,29,0,0,0,0,0
10westvirginia:smithbraedon,"Smith, Braedon",#10 West Virginia,19,1,29,0,0,0,0,0
10westvirginia:huckabydante,"Huckaby, Dante",#10 West Virginia,25,1,29,0,0,2,0,0
trinitycollegeofjacksonville:shawshakeem,"Shaw, Shakeem",Trinity College of Jacksonville,21,1,29,0,0,0,0,0
holycrosscollegeind:panayiotouanthony,"Panayiotou, Anthony",Holy Cross College (Ind.),4,1,29,0,0,0,0,0
holycrosscollegeind:velazquezfabian,"Velazquez, Fabian",Holy Cross College (Ind.),23,1,29,0,0,0,0,0
upst:groppermikey,"Gropper, Mikey",UPST,2,2,29,0,0,0,0,0
kingscollege:tighenick,"Tighe, Nick",King's College,33,1,29,0,0,0,0,0
brynt:mcconnellcaoimhin,"McConnell, Caoimhin",BRYNT,26,1,29,0,0,0,0,0
arcadia:torpeyethan,"Torpey, Ethan",Arcadia,7,1,29,0,0,1,0,0
baldwinwallace:terandiego,"Teran, Diego",Baldwin Wallace,1,1,29,0,0,0,0,0
mack:baischpedro,"Baisch, Pedro",MACK,23,1,29,0,0,0,0,0
ncw:lucasamare,"Lucas, Amare",NCW,21,1,29,0,0,0,0,0
niu:angulonico,"Angulo, Nico",NIU,20,1,29,0,0,1,1,0
carroll:preissignate,"Preissig, Nate",Carroll,4,1,29,0,0,0,0,0
roos:yedmelkenny,"Yedmel, Kenny",Roos,15,1,29,0,0,0,0,0
sacramentostate:mcnairycollin,"McNairy, Collin",Sacramento State,17,3,28,0,0,0,0,0
fau:sanoalseny,"Sano, Alseny",FAU,5,18,28,0,0,0,0,0
regent:henriquesconnor,"Henriques, Connor",Regent,99,1,28,0,0,0,0,1
pc:walenchokmike,"Walenchok, Mike",PC,25,1,28,0,0,0,0,0
collegeoftheholycross:ferrarojames,"Ferraro, James",College of the Holy Cross,16,1,28,0,0,0,0,0
njcu:ferreirabrian,"Ferreira, Brian",NJCU,13,1,28,0,0,0,0,0
rhi:wittichwilliam,"Wittich, William",RHI,4,1,28,0,0,0,0,0
rhi:seyboldweston,"Seybold, Weston",RHI,6,1,28,0,0,0,0,0
rhi:manescarson,"Manes, Carson",RHI,14,1,28,0,0,1,1,0
rhi:hutternoah,"Hutter, Noah",RHI,39,1,28,0,0,0,0,0
saintfrancispa:yeboahbennett,"Yeboah, Bennett",Saint Francis (PA),25,1,28,0,0,0,0,0
saintfrancispa:katarinathan,"Katari, Nathan",Saint Francis (PA),28,1,28,0,0,1,1,0
uwm:ogwupraise,"Ogwu, Praise",UWM,15,1,28,0,0,3,2,0
aue:sowemustapha,"Sowe, Mustapha",AUE,10,1,28,0,0,0,0,0
aue:parrareyes,"Parra, Reyes",AUE,17,1,28,0,0,0,0,0
graceland:dyeowen,"Dye, Owen",Graceland,20,1,28,0,0,0,0,0
graceland:nevshemalstosh,"Nevshemal, Stosh",Graceland,13,1,28,0,0,0,0,0
clevelandstate:bouffardthomas,"Bouffard, Thomas",Cleveland State,14,3,28,0,0,0,0,0
stetson:millswilliams,"Mills, Williams",Stetson,29,5,28,0,0,0,0,0
presbyterian:grantkyle,"Grant, Kyle",Presbyterian,19,7,28,0,0,2,0,0
army:kapustinniko,"Kapustin, Niko",Army,15,12,28,0,0,0,0,0
pride:jelercicjon,"Jelercic, Jon",Pride,4,1,28,0,0,0,0,0
ur:joasilusricky,"Joasilus, Ricky",UR,21,1,28,0,0,0,0,0
calbaptist:borreroluis,"Borrero, Luis",Cal Baptist,11,1,28,0,0,2,2,0
ferrum:torrescortesandres,"Torres-Cortes, Andres",Ferrum,16,1,28,0,0,1,0,0
bowlinggreenstateuniversity:taschetocaio,"Tascheto, Caio",Bowling Green State University,6,1,28,0,0,0,0,0
bowlinggreenstateuniversity:ptacekaiden,"Ptacek, Aiden",Bowling Green State University,14,1,28,0,0,0,0,0
fu:insalacoandre,"Insalaco, Andre",FU,7,1,28,0,0,0,0,0
loyolamaryland:stewartjackson,"Stewart, Jackson",Loyola Maryland,27,3,28,0,0,0,0,0
colgateuniversity:hughescolin,"Hughes, Colin",Colgate University,19,1,28,0,0,0,0,0
baldwinwallace:jergensmichael,"Jergens, Michael",Baldwin Wallace,0,1,28,0,0,0,0,0
lwu:landaismatteo,"Landais, Matteo",LWU,9,1,28,0,0,0,0,0
hanovercollege:chawlakunal,"Chawla, Kunal",Hanover College,41,1,28,0,0,0,0,0
csub:knightonjustin,"Knighton, Justin",CSUB,12,1,28,0,0,0,0,0
qnc:christodouloukyriakos,"Christodoulou, Kyriakos",QNC,24,1,28,0,0,0,0,0
ju:cooperkailas,"Cooper, Kailas",JU,26,1,28,0,0,0,0,0
mke:steinwegnico,"Steinweg, Nico",MKE,11,1,28,0,0,2,1,0
graphitedivisionstetson:desotoweston,"DeSoto, Weston",(Graphite Division) Stetson,25,1,28,0,0,0,0,0
stanford:victorjordan,"Victor, Jordan",Stanford,30,7,27,0,0,0,0,0
binghamton:tilgnerramsey,"Tilgner, Ramsey",Binghamton,2,4,27,0,0,0,0,0
syracuse:lugtoncallum,"Lugton, Callum",Syracuse,18,17,27,0,0,0,0,0
ucriverside:tendaleace,"Tendale, Ace",UC Riverside,18,11,27,0,0,0,0,0
northflorida:gainsaustin,"Gains, Austin",North Florida,30,13,27,0,0,0,0,2
saintlouis:rosscole,"Ross, Cole",Saint Louis,25,13,27,0,0,0,0,0
ou:kanzlerjulian,"Kanzler, Julian",OU,18,1,27,0,0,0,0,0
umo:lockleardaniel,"Locklear, Daniel",UMO,0,1,27,0,0,0,0,0
hofstra:rubenaxel,"Ruben, Axel",Hofstra,24,1,27,0,0,2,1,0
oglethorpe:greenfieldkaden,"Greenfield, Kaden",Oglethorpe,17,1,27,0,0,0,0,0
gardnerwebb:francoocana,"Franco, Ocana",Gardner-Webb,42,1,27,0,0,1,0,0
saintfrancispa:celikkolvolkan,"celikkol, volkan",Saint Francis (PA),7,1,27,0,0,1,0,0
brown:novymarxroman,"Novy-Marx, Roman",Brown,29,13,27,0,0,0,0,0
lehigh:cohatefernando,"Cohate, Fernando",Lehigh,5,10,27,0,0,0,0,0
westmont:marinovyordan,"Marinov, Yordan",Westmont,21,1,27,0,0,0,0,0
furman:goodwinwesley,"Goodwin, Wesley",Furman,13,10,27,0,0,1,1,0
universityoftheincarnateword:toberbryce,"Tober, Bryce",University of the Incarnate Word,2,1,27,0,0,0,0,0
yale:schwartzfelipe,"Schwartz, Felipe",Yale,17,8,27,0,0,1,0,0
sacredheart:lasteprettogiancarlo,"Laste Pretto, Giancarlo",Sacred Heart,27,4,27,0,0,1,1,0
uk:brizuelajoaqun,"Brizuela, Joaquín",UK,29,1,27,0,0,2,1,0
centralconnecticutstateuniversity:washingtonnick,"Washington, Nick",Central Connecticut State University,14,1,27,0,0,0,0,0
wcb:schulzkrischan,"Schulz, Krischan",WCB,26,1,27,0,0,0,0,0
dean:folleydrew,"Folley, Drew",Dean,2,1,27,0,0,0,0,0
mountstmarys:kolarlebankris,"Kolar Leban, Kris",Mount St. Mary's,27,3,27,0,0,0,0,0
newjerseyinstituteoftechnology:jeongminki,"Jeong, Minki",New Jersey Institute of Technology,18,2,27,0,0,1,1,0
universityofsouthcarolinaupstate:kaufmannoskar,"Kaufmann, Oskar",University of South Carolina - Upstate,7,1,27,0,0,0,0,0
universityofsouthcarolinaupstate:bergforslucas,"Bergfors, Lucas",University of South Carolina - Upstate,11,1,27,0,0,0,0,0
northernillinoisuniversity:slawektomasz,"Slawek, Tomasz",Northern Illinois University,17,1,27,0,0,0,0,0
aic:schillingergregor,"Schillinger, Gregor",AIC,6,1,27,0,0,1,0,0
aic:nikolettidesgiorgos,"Nikolettides, Giorgos",AIC,11,1,27,0,0,1,0,0
brwn:browncarlo,"Brown, Carlo",BRWN,9,1,27,0,0,0,0,0
arcadia:chyzowychalex,"Chyzowych, Alex",Arcadia,29,1,27,0,0,0,0,0
arcadia:locksean,"Lock, Sean",Arcadia,30,1,27,0,0,0,0,0
mum:iemmamichael,"Iemma, Michael",MUM,15,1,27,0,0,0,0,0
bradleyuniversity:mejiaskevin,"Mejias, Kevin",Bradley University,23,1,27,0,0,2,0,0
csub:mpawenayojackson,"Mpawenayo, Jackson",CSUB,2,1,27,0,0,0,0,0
calpoly:glowaskidylan,"Glowaski, Dylan",Cal Poly,31,15,26,0,0,0,0,2
fordham:giannolaluca,"Giannola, Luca",Fordham,16,4,26,0,0,0,0,0
uncasheville:grolimundedvin,"Grolimund, Edvin",UNC Asheville,34,10,26,0,0,0,0,0
wrightstate:conleykeegan,"Conley, Keegan",Wright State,13,8,26,0,0,0,0,0
gonzaga:carlespencer,"Carle, Spencer",Gonzaga,27,9,26,0,0,0,0,0
merrimackcollege:popelawson,"Pope, Lawson",Merrimack College,29,6,26,0,0,0,0,0
quincy:frericksmax,"Frericks, Max",Quincy,26,1,26,0,0,0,0,0
warrenwilson:tobinwilliam,"Tobin, William",Warren Wilson,2,1,26,0,0,0,0,0
unlv:lopezalosclaudio,"Lopez Alos, Claudio",UNLV,20,4,26,0,0,1,1,0
siuedwardsville:peartmurray,"Peart, Murray",SIU-Edwardsville,28,1,26,0,0,0,0,0
elon:dunnwilliam,"Dunn, William",Elon,18,7,26,0,0,0,0,0
wcb:kahiyablessing,"Kahiya, Blessing",WCB,8,1,26,0,0,0,0,0
vermont:stevensongavin,"Stevenson, Gavin",Vermont,22,5,26,0,0,2,0,0
spaldinguniversityky:alkhabiali,"Alkhabi, Ali",Spalding University (Ky.),7,1,26,0,0,0,0,0
ferrum:nicaciojonathan,"Nicacio, Jonathan",Ferrum,9,1,26,0,0,0,0,0
stcloudstate:dwumahacheampongking,"Dwumah Acheampong, King",St. Cloud State,23,1,26,0,0,0,0,0
adriancollege:hayesconnor,"Hayes, Connor",Adrian College,18,1,26,0,0,0,0,0
adriancollege:munogojob,"Munogo, Job",Adrian College,19,1,26,0,0,1,0,0
adriancollege:millerowen,"Miller, Owen",Adrian College,31,1,26,0,0,0,0,0
cofc:hughescaio,"Hughes, Caio",CofC,7,1,26,0,0,0,0,0
kingscollege:cortezjonathan,"Cortez, Jonathan",King's College,16,1,26,0,0,0,0,0
kingscollege:chavezpazmateo,"Chavez Paz, Mateo",King's College,30,1,26,0,0,0,0,4
arcadia:pozojuan,"Pozo, Juan",Arcadia,3,1,26,0,0,2,0,0
arcadia:mulcahytylan,"Mulcahy, Tylan",Arcadia,6,1,26,0,0,0,0,0
arcadia:delucamatthew,"De Luca, Matthew",Arcadia,12,1,26,0,0,0,0,0
arcadia:watkinslogan,"Watkins, Logan",Arcadia,15,1,26,0,0,0,0,0
arcadia:perrybrayden,"Perry, Brayden",Arcadia,17,1,26,0,0,0,0,0
arcadia:canalnicolas,"Canal, Nicolas",Arcadia,23,1,26,0,0,0,0,0
arcadia:jordanscott,"Jordan, Scott",Arcadia,24,1,26,0,0,1,1,0
neumann:attakrahzion,"Atta-Krah, Zion",Neumann,7,1,26,0,0,0,0,0
hanovercollege:schoelligpatrick,"Schoellig, Patrick",Hanover College,22,1,26,0,0,0,0,4
hanovercollege:cheshiregriffin,"Cheshire, Griffin",Hanover College,28,1,26,0,0,0,0,0
unf:mattocksalfie,"Mattocks, Alfie",UNF,3,2,26,0,0,1,0,0
niagara:covelligiovanni,"Covelli, Giovanni",Niagara,10,3,26,0,0,1,1,0
westernillinois:gunnphanuel,"Gunn, Phanuel",Western Illinois,0,1,26,0,0,0,0,0
holyfamilyuniversity:yorkecorey,"Yorke, Corey",Holy Family University,39,1,26,0,0,0,0,0
princeton:pelamattiandrea,"Pelamatti, Andrea",Princeton,21,1,26,0,0,0,0,0
bostoncollege:seidelleo,"Seidel, Leo",Boston College,13,17,25,0,0,0,0,0
california:gustafsongriffin,"Gustafson, Griffin",California,14,18,25,0,0,0,0,0
ou:knestrictmiller,"Knestrict, Miller",OU,14,1,25,0,0,0,0,0
unioncommonwealthky:odamasamuel,"Odama, Samuel",Union Commonwealth (Ky.),8,1,25,0,0,0,0,0
liberty:bendercade,"Bender, Cade",Liberty,21,10,25,0,0,0,0,0
oglethorpe:shashashama,"Shasha, Shama",Oglethorpe,2,1,25,0,0,2,1,0
oglethorpe:littshawn,"Litt, Shawn",Oglethorpe,4,2,25,0,0,0,0,0
oglethorpe:biggsjackson,"Biggs, Jackson",Oglethorpe,9,1,25,0,0,0,0,0
oglethorpe:krullnick,"Krull, Nick",Oglethorpe,12,1,25,0,0,0,0,0
utahvalley:wheelerashton,"Wheeler, Ashton",Utah Valley,33,4,25,0,0,0,0,0
newhaven:britoecunhajoao,"Brito e Cunha, Joao",New Haven,15,6,25,0,0,0,0,0
calstatela:christouandreas,"Christou, Andreas",Cal State LA,29,1,25,0,0,1,0,0
uwm:jarvisbreon,"Jarvis, Breon",UWM,16,1,25,0,0,0,0,0
highpoint:paparoupasangelo,"Paparoupas, Angelo",High Point,17,8,25,0,0,0,0,0
graceland:gourzongryan,"Gourzong, Ryan",Graceland,14,1,25,0,0,0,0,0
ust:akhigbemiles,"Akhigbe, Miles",UST,4,1,25,0,0,0,0,0
dean:cardonagabriel,"Cardona, Gabriel",Dean,12,1,25,0,0,0,0,0
dean:jenningsjames,"Jennings, James",Dean,42,1,25,0,0,0,0,0
tigers:duncanstephen,"Duncan, Stephen",Tigers,25,1,25,0,0,1,0,0
ur:rojekpatryk,"Rojek, Patryk",UR,17,1,25,0,0,0,0,0
spaldinguniversityky:mccoomertrey,"McCoomer, Trey",Spalding University (Ky.),23,1,25,0,0,0,0,0
spaldinguniversityky:brownspencer,"Brown, Spencer",Spalding University (Ky.),20,1,25,0,0,0,0,0
indy:aschlimantyson,"Aschliman, Tyson",INDY,25,1,25,0,0,0,0,0
10westvirginia:limaantonio,"Lima, Antonio",#10 West Virginia,11,1,25,0,0,0,0,0
eagles:murphyjimmy,"Murphy, Jimmy",EAGLES,11,1,25,0,0,0,0,0
cofc:salifuissaka,"Salifu, Issaka",CofC,6,1,25,0,0,0,0,0
kingscollege:ruachristian,"Rua, Christian",King's College,28,1,25,0,0,0,0,0
kingscollege:zelayawilliam,"Zelaya, William",King's College,23,1,25,0,0,0,0,0
calstatebakersfield:enechisom,"Ene, Chisom",Cal State Bakersfield,25,4,25,0,0,0,0,0
loyolamd:chenluca,"Chen, Luca",Loyola Md.,18,1,25,0,0,0,0,0
mack:santosnoah,"Santos, Noah",MACK,16,1,25,0,0,0,0,0
mack:bosiogabriele,"Bosio, Gabriele",MACK,19,1,25,0,0,0,0,0
californialutheranuniversity:burnsilversilas,"Burnsilver, Silas",California Lutheran University,24,1,25,0,0,0,0,0
bucknellplfirstround:whitmirecade,"Whitmire, Cade",Bucknell – PL First Round,21,1,25,0,0,0,0,0
bucknellplfirstround:heintzjack,"Heintz, Jack",Bucknell – PL First Round,23,1,25,0,0,0,0,0
ccny:salimabdul,"Salim, Abdul",CCNY,9,1,25,0,0,0,0,0
lehighplsemifinal:larrealuciano,"Larrea, Luciano",Lehigh – PL Semifinal,22,1,25,0,0,0,0,0
lions:perestrelohenrique,"Perestrelo, Henrique",Lions,13,1,25,0,0,0,0,0
army:kimandrew,"Kim, Andrew",Army,33,13,24,0,0,1,0,0
airforce:farkasmyles,"Farkas, Myles",Air Force,2,13,24,0,0,0,0,0
mercer:cumminslawson,"Cummins, Lawson",Mercer,14,12,24,0,0,1,0,0
omaha:kaiseraustin,"Kaiser, Austin",Omaha,28,8,24,0,0,0,0,0
warrenwilson:chinyamahullibutton,"Chinyama, Hullibutton",Warren Wilson,21,1,24,0,0,0,0,0
lifepacific:rayam,"Raya, M",Life Pacific,6,1,24,0,0,0,0,0
northgreenville:jayneethan,"Jayne, Ethan",North Greenville,13,1,24,0,0,0,0,0
uvm:hartmanniels,"Hartman, Niels",UVM,8,1,24,0,0,1,0,0
uvm:tsangjeremy,"Tsang, Jeremy",UVM,31,1,24,0,0,1,1,0
highpoint:brittcaleb,"Britt, Caleb",High Point,20,7,24,0,0,2,0,0
floridamemorial:olguindiego,"Olguin, Diego",Florida Memorial,5,1,24,0,0,0,0,0
wcb:farrellcollin,"Farrell, Collin",WCB,3,1,24,0,0,0,0,0
manchester:ettnerhayden,"Ettner, Hayden",Manchester,12,1,24,0,0,0,0,0
loyolamaryland:mcevoycole,"McEvoy, Cole",Loyola Maryland,7,4,24,0,0,1,1,0
grandcanyonuniversity:healyliam,"Healy, Liam",Grand Canyon University,25,1,24,0,0,0,0,0
colgateuniversity:kraussgavin,"Krauss, Gavin",Colgate University,12,1,24,0,0,0,0,0
usf:jonesasher,"Jones, Asher",USF,7,1,24,0,0,0,0,0
usf:stanciubence,"Stanciu, Bence",USF,19,1,24,0,0,0,0,0
princeton:ceolluke,"Ceol, Luke",Princeton,13,1,24,0,0,0,0,0
stanford:jarvieduncan,"Jarvie, Duncan",Stanford,19,8,23,0,0,1,0,0
setonhall:feiguinnico,"Feiguin, Nico",Seton Hall,2,18,23,0,0,0,0,0
northwestern:bulowskidalton,"Bulowski, Dalton",Northwestern,4,7,23,0,0,0,0,0
ucsantabarbara:medinajacob,"Medina, Jacob",UC Santa Barbara,18,6,23,0,0,2,0,0
setonhill:fabeanmason,"Fabean, Mason",Seton Hill,23,1,23,0,0,0,0,0
umo:adasiakdaniel,"Adasiak, Daniel",UMO,9,1,23,0,0,0,0,0
lwu:peprahkevin,"Peprah, Kevin",LWU,12,1,23,0,0,1,1,0
oglethorpe:brownlucas,"Brown, Lucas",Oglethorpe,3,1,23,0,0,0,0,0
tcj:bernardodelimarichard,"Bernardo de Lima, Richard",TCJ,4,1,23,0,0,0,0,0
pc:smaaskjaerole,"Smaaskjaer, Ole",PC,15,1,23,0,0,0,0,0
pc:gritzbraden,"Gritz, Braden",PC,26,1,23,0,0,3,0,0
universityofevansville:campbellmalike,"Campbell, Malike",University of Evansville,24,5,23,0,0,0,0,0
lifepacific:ocabmontes,"Oca, B.Montes",Life Pacific,9,1,23,0,0,0,0,0
highpoint:nwokejijosh,"Nwokeji, Josh",High Point,29,9,23,0,0,1,0,0
dartmouthcollege:hadjigeorgiousymeon,"Hadjigeorgiou, Symeon",Dartmouth College,6,10,23,0,0,0,0,0
dartmouthcollege:vargasraul,"Vargas, Raul",Dartmouth College,27,10,23,0,0,0,0,0
rideruniversity:subersebastian,"Suber, Sebastian",Rider University,14,3,23,0,0,0,0,0
loyolauniversitymaryland:turturronick,"Turturro, Nick",Loyola University Maryland,21,2,23,0,0,0,0,0
universityofmassachusetts:brummergavin,"Brummer, Gavin",University of Massachusetts,12,2,23,0,0,1,0,0
sacredheart:almuzaraalejandro,"Almuzara, Alejandro",Sacred Heart,10,4,23,0,0,0,0,0
milwaukee:torhorstsam,"Torhorst, Sam",Milwaukee,2,3,23,0,0,0,0,0
9highpoint:guettelmo,"Guettel, Mo",#9 High Point,11,1,23,0,0,0,0,0
trinitycollegeofjacksonville:amesburyjoshua,"Amesbury, Joshua",Trinity College of Jacksonville,14,1,23,0,0,0,0,0
hope:wielandmicah,"Wieland, Micah",Hope,12,1,23,0,0,0,0,0
smu:grimmmason,"Grimm, Mason",SMU,4,3,23,0,0,0,0,0
kingscollege:hughesshane,"Hughes, Shane",King's College,1,1,23,0,0,0,0,2
kingscollege:ramirezanthony,"Ramirez, Anthony",King's College,13,1,23,0,0,0,0,0
kingscollege:brummettandrew,"Brummett, Andrew",King's College,19,1,23,0,0,0,0,0
lwu:matthewsjordan,"Matthews, Jordan",LWU,28,1,23,0,0,1,0,0
bradleyuniversity:woolleydominic,"Woolley, Dominic",Bradley University,5,1,23,0,0,0,0,0
albany:mcdermottbrennan,"McDermott, Brennan",Albany,20,1,23,0,0,1,0,0
evv:zecben,"Zec, Ben",EVV,18,1,23,0,0,1,0,0
qnc:kneeroliver,"Kneer, Oliver",QNC,9,1,23,0,0,0,0,0
ju:wilkinsdaniel,"Wilkins, Daniel",JU,13,1,23,0,0,0,0,0
albany:wattlucas,"Watt, Lucas",Albany,4,1,23,0,0,0,0,0
uconn:francissebastian,"Francis, Sebastian",UConn,26,21,22,0,0,0,0,0
marquette:rokovgabriel,"Rokov, Gabriel",Marquette,21,14,22,0,0,0,0,0
iona:ebertlinus,"Ebert, Linus",Iona,3,2,22,0,0,0,0,0
belmontuniversity:stantondru,"Stanton, Dru",Belmont University,29,6,22,0,0,0,0,0
fdu:pichardoalex,"Pichardo, Alex",FDU,26,8,22,0,0,0,0,0
liu:vanegasjeffrey,"Vanegas, Jeffrey",LIU,11,5,22,0,0,0,0,0
calstatefullerton:moskowitzroi,"Moskowitz, Roi",Cal State Fullerton,2,6,22,0,0,0,0,0
siuedwardsville:arieron,"Arie, Ron",SIU-Edwardsville,7,1,22,0,0,1,1,0
siue:sargenttyler,"Sargent, Tyler",SIUE,2,4,22,0,0,0,0,0
mercyhurst:granicmaksim,"Granic, Maksim",Mercyhurst,42,3,22,0,0,0,0,0
stfrancis:katarinathan,"Katari, Nathan",St. Francis,28,1,22,0,0,0,0,0
manchester:merrionnick,"Merrion, Nick",Manchester,20,1,22,0,0,0,0,0
oregontech:ramirezandre,"Ramirez, Andre",Oregon Tech,5,1,22,0,0,0,0,0
southdakotaschoolofmines:hoodkaulden,"Hood, Kaulden",South Dakota School of Mines,22,1,22,0,0,0,0,0
trinitycollegeofjacksonville:karneyashton,"Karney, Ashton",Trinity College of Jacksonville,17,1,22,0,0,1,0,0
kingscollege:jonescameron,"Jones, Cameron",King's College,7,1,22,0,0,0,0,0
kingscollege:vanvalkenburgben,"Van Valkenburg, Ben",King's College,31,1,22,0,0,0,0,0
niu:ladasniko,"Ladas, Niko",NIU,25,1,22,0,0,2,0,0
californialutheranuniversity:darghalidorian,"Darghali, Dorian",California Lutheran University,16,1,22,0,0,0,0,0
saintmarys:davistommy,"Davis, Tommy",Saint Mary's,30,13,21,0,0,0,0,0
akron:dodigaljaz,"Dodig, Aljaz",Akron,8,20,21,0,0,1,1,0
fordham:sanchezfabiosebastian,"Sanchez, Fabio Sebastian",Fordham,27,4,21,0,0,0,0,0
setonhill:opielaethan,"Opiela, Ethan",Seton Hill,7,1,21,0,0,1,0,0
setonhill:wilsontristan,"Wilson, Tristan",Seton Hill,20,1,21,0,0,0,0,0
luc:lacycharlie,"Lacy, Charlie",LUC,24,2,21,0,0,0,0,0
tcj:karneyashton,"Karney, Ashton",TCJ,17,1,21,0,0,0,0,0
tcj:morenojose,"Moreno, Jose",TCJ,22,1,21,0,0,0,0,0
tcj:jeunejahkelson,"Jeune, Jah'Kelson",TCJ,26,1,21,0,0,0,0,0
indiana:dreherej,"Dreher, EJ",Indiana,22,17,21,0,0,1,0,0
warrenwilson:locklearkevin,"Locklear, Kevin",Warren Wilson,3,1,21,0,0,0,0,0
cuc:robersonsam,"Roberson, Sam",CUC,19,1,21,0,0,0,0,0
merrimackcollege:fandunyaneddy,"Fandunyan, Eddy",Merrimack College,22,4,21,0,0,1,0,0
loyolamaryland:williamsdavid,"Williams, David",Loyola Maryland,22,4,21,0,0,0,0,0
kingscollege:andersoncj,"Anderson, CJ",King's College,4,1,21,0,0,0,0,0
kingscollege:jamesevan,"James, Evan",King's College,27,1,21,0,0,0,0,0
johnsonwales:pegueroyomar,"Peguero, Yomar",Johnson & Wales,13,1,21,0,0,0,0,0
ucsd:namdarryan,"Namdar, Ryan",UCSD,9,1,21,0,0,0,0,0
evv:wagnernalu,"Wagner, Nalu",EVV,8,1,21,0,0,1,1,0
ind:flowersquentin,"Flowers, Quentin",IND,6,1,21,0,0,0,0,0
ind:aschlimantyson,"Aschliman, Tyson",IND,25,1,21,0,0,0,0,0
ind:nielsenchristian,"Nielsen, Christian",IND,32,1,21,0,0,0,0,0
holyfamilyuniversity:schnakenbergwilliam,"Schnakenberg, William",Holy Family University,29,1,21,0,0,0,0,0
calpoly:buettnermarlow,"Buettner, Marlow",Cal Poly,26,14,20,0,0,0,0,0
saintmarys:suarezrafael,"Suarez, Rafael",Saint Mary's,16,13,20,0,0,0,0,0
queens:vanstratenjoseph,"van Straten, Joseph",Queens,36,7,20,0,0,0,0,0
omaha:arszmanjonah,"Arszman, Jonah",Omaha,29,8,20,0,0,0,0,0
navy:carmodydylan,"Carmody, Dylan",Navy,0,7,20,0,0,0,0,0
bu:knottsluke,"Knotts, Luke",BU,26,1,20,0,0,1,0,0
westernillinois:abarcahenrry,"Abarca, Henrry",Western Illinois,11,1,20,0,0,0,0,0
lifepacific:pereze,"Perez, E",Life Pacific,28,1,20,0,0,0,0,0
lehigh:armitagecalan,"Armitage, Calan",Lehigh,0,10,20,0,0,0,0,2
yale:hampeljohn,"Hampel, John",Yale,25,7,20,0,0,0,0,0
niagarauniversity:covelligiovanni,"Covelli, Giovanni",Niagara University,10,2,20,0,0,1,0,0
butler:juareznikolas,"Juarez, Nikolas",Butler,26,6,20,0,0,0,0,0
wcb:picovazquezjuan,"Pico-Vazquez, Juan",WCB,18,1,20,0,0,0,0,0
dean:dallarablake,"Dallara, Blake",Dean,37,1,20,0,0,0,0,0
tigers:duchovnygabriel,"Duchovny, Gabriel",Tigers,8,1,20,0,0,0,0,0
tigers:klinenbergcyrus,"Klinenberg, Cyrus",Tigers,12,1,20,0,0,0,0,0
caldwell:porthousesam,"Porthouse, Sam",Caldwell,18,1,20,0,0,0,0,0
vermont:liquoritj,"Liquori, TJ",Vermont,11,5,20,0,0,0,0,0
ferrum:churchmikko,"Church, Mikko",Ferrum,6,1,20,0,0,0,0,0
10westvirginia:walkersammie,"Walker, Sammie",#10 West Virginia,27,1,20,0,0,1,0,0
trinitycollegeofjacksonville:aritakevin,"Arita, Kevin",Trinity College of Jacksonville,15,1,20,0,0,0,0,0
eagles:grahamian,"Graham, Ian",EAGLES,2,1,20,0,0,0,0,0
eagles:weidnerisaac,"Weidner, Isaac",EAGLES,15,1,20,0,0,0,0,0
eagles:churcholiver,"Church, Oliver",EAGLES,30,1,20,0,0,0,0,0
southcarolina:karpkieran,"Karp, Kieran",South Carolina,21,5,20,0,0,0,0,0
aic:mcgoniglekeegan,"McGonigle, Keegan",AIC,26,1,20,0,0,0,0,0
aic:smithliam,"Smith, Liam",AIC,39,1,20,0,0,0,0,0
brynt:sentieirotomas,"Sentieiro, Tomas",BRYNT,20,1,20,0,0,0,0,0
mack:hansonbeniah,"Hanson, Beniah",MACK,24,1,20,0,0,0,0,0
californialutheranuniversity:lumbasamir,"Lumba, Samir",California Lutheran University,23,1,20,0,0,0,0,0
uconn:aldridgemaquan,"Aldridge, Maquan",UConn,21,21,19,0,0,0,0,0
providence:lorapepe,"Lora, Pepe",Providence,9,16,19,0,0,1,1,0
jamesmadison:enamoradojustin,"Enamorado, Justin",James Madison,32,15,19,0,0,0,0,0
sanfrancisco:daijorayden,"Daijo, Rayden",San Francisco,12,12,19,0,0,0,0,0
uncwilmington:bawakwaku,"Bawa, Kwaku",UNC Wilmington,11,7,19,0,0,1,0,0
ou:rokanoah,"Roka, Noah",OU,7,1,19,0,0,0,0,0
umo:augustinmakenley,"Augustin, Makenley",UMO,2,1,19,0,0,0,0,0
umo:berubegeorge,"Berube, George",UMO,32,1,19,0,0,0,0,0
umo:mezajoshua,"Meza, Joshua",UMO,34,1,19,0,0,0,0,0
loyola:tettemerzach,"Tettemer, Zach",Loyola,36,3,19,0,0,0,0,0
uscupstate:sykessamuel,"Sykes, Samuel",USC Upstate,20,12,19,0,0,1,0,0
collegeoftheholycross:raphaelgabe,"Raphael, Gabe",College of the Holy Cross,22,1,19,0,0,0,0,0
siuedwardsville:ezquerroenrique,"Ezquerro, Enrique",SIU-Edwardsville,12,1,19,0,0,0,0,0
utg:jarahobieda,"Jarah, Obieda",UTG,4,1,19,0,0,0,0,0
presbyterian:boldthenry,"Boldt, Henry",Presbyterian,4,6,19,0,0,0,0,0
ualbany:medinadavid,"Medina, David",UAlbany,28,5,19,0,0,0,0,0
ust:irelandliam,"Ireland, Liam",UST,9,1,19,0,0,0,0,0
ust:marshallowen,"Marshall, Owen",UST,21,1,19,0,0,0,0,0
ust:knisertommy,"Kniser, Tommy",UST,25,1,19,0,0,0,0,0
lu:shalemason,"Shale, Mason",LU,30,1,19,0,0,0,0,0
dean:talabiayomide,"Talabi, Ayomide",Dean,47,1,19,0,0,0,0,0
usi:martialkristopher,"Martial, Kristopher",USI,3,1,19,0,0,0,0,0
calbaptist:fischerluke,"Fischer, Luke",Cal Baptist,18,1,19,0,0,0,0,0
spaldinguniversityky:thomasnolan,"Thomas, Nolan",Spalding University (Ky.),19,1,19,0,0,0,0,0
stcloudstate:waltersandr,"Walters, André",St. Cloud State,2,1,19,0,0,0,0,0
stcloudstate:tiedtalex,"Tiedt, Alex",St. Cloud State,16,1,19,0,0,0,0,0
stcloudstate:atiayousif,"Atia, Yousif",St. Cloud State,18,1,19,0,0,1,1,0
stcloudstate:zellmanncharles,"Zellmann, Charles",St. Cloud State,27,1,19,0,0,0,0,0
ccsu:velasquezallen,"Velasquez, Allen",CCSU,11,1,19,0,0,0,0,0
marist:millsbenjamin,"Mills, Benjamin",Marist,16,2,19,0,0,1,1,0
fu:krohnstaderik,"Krohnstad, Erik",FU,17,1,19,0,0,0,0,0
cofc:emanuelegoetzkeezequiel,"Emanuele Goetzke, Ezequiel",CofC,14,1,19,0,0,1,0,0
cofc:watsonryan,"Watson, Ryan",CofC,17,1,19,0,0,0,0,0
cofc:watsonjames,"Watson, James",CofC,25,1,19,0,0,0,0,0
kingscollege:kepplerethan,"Keppler, Ethan",King's College,24,1,19,0,0,0,0,3
loyolamaryland:iavaronecarmine,"Iavarone, Carmine",Loyola Maryland,19,2,19,0,0,0,0,0
calstatebakersfield:rodriguezkevin,"Rodriguez, Kevin",Cal State Bakersfield,15,4,19,0,0,0,0,0
sie:forestierelliott,"Forestier, Elliott",SIE,3,1,19,0,0,0,0,0
brwn:turiacesawyer,"Turiace, Sawyer",BRWN,24,1,19,0,0,0,0,0
arcadia:cohenryan,"Cohen, Ryan",Arcadia,11,1,19,0,0,0,0,0
arcadia:reynoldsadam,"Reynolds, Adam",Arcadia,14,1,19,0,0,0,0,0
arcadia:willismatthew,"Willis, Matthew",Arcadia,16,1,19,0,0,0,0,0
arcadia:santamariaaiden,"Santamaria, Aiden",Arcadia,22,1,19,0,0,1,0,0
arcadia:sottilebraiden,"Sottile, Braiden",Arcadia,32,1,19,0,0,0,0,0
arcadia:griffincian,"Griffin, Cian",Arcadia,42,1,19,0,0,0,0,0
baldwinwallace:kanemike,"Kane, Mike",Baldwin Wallace,11,1,19,0,0,0,0,0
virginiastate:fryiianwar,"Fry II, Anwar",Virginia State,16,1,19,0,0,0,0,0
californialutheranuniversity:parksnoah,"Parks, Noah",California Lutheran University,15,1,19,0,0,0,0,0
californialutheranuniversity:kiyabuodin,"Kiyabu, Odin",California Lutheran University,33,1,19,0,0,0,0,0
lehighplsemifinal:mundyryan,"Mundy, Ryan",Lehigh – PL Semifinal,27,1,19,0,0,1,0,0
roos:kodamashotaro,"Kodama, Shotaro",Roos,17,1,19,0,0,0,0,0
california:ruiznico,"Ruiz, Nico",California,29,18,18,0,0,1,0,0
xavier:fonsecanicolas,"Fonseca, Nicolas",Xavier,21,14,18,0,0,0,0,0
xavier:bilyeujack,"Bilyeu, Jack",Xavier,25,14,18,0,0,0,0,0
northflorida:poolaakash,"Poola, Akash",North Florida,00,13,18,0,0,0,0,0
unioncommonwealthky:ribieroeduardo,"Ribiero, Eduardo",Union Commonwealth (Ky.),12,1,18,0,0,1,1,0
uab:campbelljoshwa,"Campbell, Joshwa",UAB,23,12,18,0,0,0,0,0
warrenwilson:hayesdallas,"Hayes, Dallas",Warren Wilson,13,1,18,0,0,0,0,0
warrenwilson:derensiswilliamskian,"De Rensis-Williams, Kian",Warren Wilson,14,1,18,0,0,0,0,0
vmi:bobkostephen,"Bobko, Stephen",VMI,21,4,18,0,0,0,0,0
drake:millerdquinn,"Millerd, Quinn",Drake,31,5,18,0,0,0,0,0
lifepacific:tejedad,"Tejeda, D",Life Pacific,24,1,18,0,0,0,0,0
westernmichigan:deitrichnoah,"Deitrich, Noah",Western Michigan,0,5,18,0,0,0,0,0
highpoint:moranopeter,"Morano, Peter",High Point,0,7,18,0,0,0,0,0
centralarkansas:seyeomar,"Seye, Omar",Central Arkansas,25,6,18,0,0,0,0,0
columbiauniversity:sokolowskicy,"Sokolowski, Cy",Columbia University,15,13,18,0,0,1,0,0
universityoftheincarnateword:hendersonjosiah,"Henderson, Josiah",University of the Incarnate Word,12,1,18,0,0,0,0,0
graceland:parksmalachi,"Parks, Malachi",Graceland,19,1,18,0,0,0,0,0
mercyhurst:ruthevan,"Ruth, Evan",Mercyhurst,36,3,18,0,0,0,0,0
princeton:swarysebastian,"Swary, Sebastian",Princeton,24,13,18,0,0,1,0,0
pacific:cliburncaleb,"Cliburn, Caleb",Pacific,26,4,18,0,0,1,1,0
universityofmassachusetts:halldorssonmagnus,"Halldorsson, Magnus",University of Massachusetts,10,1,18,0,0,0,0,0
uk:gordonjosh,"Gordon, Josh",UK,2,1,18,0,0,1,1,0
uk:stavdaloliver,"Stavdal, Oliver",UK,8,1,18,0,0,0,0,0
liu:guerrerofernando,"Guerrero, Fernando",LIU,5,1,18,0,0,0,0,0
liu:fernandezpaco,"Fernandez, Paco",LIU,16,1,18,0,0,1,0,0
dean:ramsayjordan,"Ramsay, Jordan",Dean,25,1,18,0,0,0,0,0
dean:cabralryan,"Cabral, Ryan",Dean,34,1,18,0,0,0,0,0
gu:maroutsisloukas,"Maroutsis, Loukas",GU,15,1,18,0,0,0,0,0
gu:heapsjack,"Heaps, Jack",GU,22,1,18,0,0,0,0,0
indy:zapolskikhnikolai,"Zapolskikh, Nikolai",INDY,4,1,18,0,0,0,0,0
indy:parrishowen,"Parrish, Owen",INDY,17,1,18,0,0,0,0,0
indy:danhkhoanguyenmarcus,"Danh-Khoa Nguyen, Marcus",INDY,27,1,18,0,0,0,0,0
trinitycollegeofjacksonville:mohammadisalim,"Mohammadi, Salim",Trinity College of Jacksonville,20,1,18,0,0,0,0,0
eagles:juanpablo,"Juan, Pablo",EAGLES,8,1,18,0,0,0,0,0
universityatalbany:tsuzukikodai,"Tsuzuki, Kodai",University at Albany,1,1,18,0,0,0,0,0
arcadia:millerharris,"Miller, Harris",Arcadia,25,1,18,0,0,0,0,0
mum:hancoxcamden,"Hancox, Camden",MUM,17,1,18,0,0,0,0,0
colgateuniversity:geraghtyconor,"Geraghty, Conor",Colgate University,20,1,18,0,0,1,0,0
marist:zulaufjason,"Zulauf, Jason",Marist,25,3,18,0,0,1,1,0
usf:aubyjakob,"Auby, Jakob",USF,12,1,18,0,0,0,0,0
bu:franketeddy,"Franke, Teddy",BU,33,1,18,0,0,1,1,0
lions:hendricksjarred,"Hendricks, Jarred",Lions,19,1,18,0,0,0,0,0
providence:shepperdhayden,"Shepperd, Hayden",Providence,16,16,17,0,0,0,0,0
washington:feltonjaeger,"Felton, Jaeger",Washington,30,20,17,0,0,0,0,1
manhattan:polakowskidaniel,"Polakowski, Daniel",Manhattan,41,4,17,0,0,0,0,0
davidsoncollege:hugheshampton,"Hughes, Hampton",Davidson College,2,19,17,0,0,0,0,0
lwu:appeltphil,"Appelt, Phil",LWU,19,1,17,0,0,1,0,0
oglethorpe:pollardrhys,"Pollard, Rhys",Oglethorpe,5,1,17,0,0,0,0,0
tcj:sorianojasson,"Soriano, Jasson",TCJ,30,1,17,0,0,0,0,0
tcj:bruntluke,"Brunt, Luke",TCJ,31,1,17,0,0,0,0,0
houstonchristian:salasjake,"Salas, Jake",Houston Christian,28,3,17,0,0,1,0,0
charleston:duranalessandro,"Duran, Alessandro",Charleston,26,13,17,0,0,1,1,0
houstonchristian:ejerenwadaniel,"Ejerenwa, Daniel",Houston Christian,25,2,17,0,0,1,0,0
bu:chesterconnor,"Chester, Connor",BU,20,1,17,0,0,0,0,0
airforce:tchokokamcyrille,"Tchokokam, Cyrille",Air Force,29,13,17,0,0,0,0,0
siue:mosleyanton,"Mosley, Anton",SIUE,25,6,17,0,0,0,0,0
graceland:kofinesta,"Kofi, Nesta",Graceland,21,1,17,0,0,0,0,0
princeton:traviswill,"Travis, Will",Princeton,19,13,17,0,0,1,0,0
princeton:maciverian,"MacIver, Ian",Princeton,22,13,17,0,0,1,1,0
presbyterian:arroyonathan,"Arroyo, Nathan",Presbyterian,9,6,17,0,0,1,0,0
ur:lucienbobby,"Lucien, Bobby",UR,4,1,17,0,0,0,0,0
ur:kirilenkoluke,"Kirilenko, Luke",UR,25,1,17,0,0,0,0,0
ferrum:sanderscalvin,"Sanders, Calvin",Ferrum,11,1,17,0,0,0,0,0
ferrum:larussonpetur,"Larusson, Petur",Ferrum,26,1,17,0,0,0,0,0
grb:nyembwerayme,"Nyembwe, Rayme",GRB,4,1,17,0,0,0,0,0
grb:heldkamden,"Held, Kamden",GRB,12,1,17,0,0,0,0,0
qnc:tozzinathan,"Tozzi, Nathan",QNC,13,1,17,0,0,0,0,0
unf:romanomark,"Romano, Mark",UNF,18,1,17,0,0,0,0,0
bucknellplfirstround:samelkojakub,"Samelko, Jakub",Bucknell – PL First Round,17,1,17,0,0,0,0,0
bucknellplfirstround:lillismason,"Lillis, Mason",Bucknell – PL First Round,26,1,17,0,0,0,0,0
binghamton:topphenry,"Topp, Henry",Binghamton,18,2,16,0,0,0,0,0
quinnipiac:clarkekevin,"Clarke, Kevin",Quinnipiac,31,10,16,0,0,0,0,0
templeuniversity:jordheimsimon,"Jordheim, Simon",Temple University,14,15,16,0,0,0,0,0
bradley:nmengahfranc,"Nmengah, Franc",Bradley,36,6,16,0,0,0,0,0
michiganstate:vandewinkleryan,"Van De Winkle, Ryan",Michigan State,4,16,16,0,0,0,0,0
gardnerwebb:salinasrichard,"Salinas, Richard",Gardner-Webb,32,17,16,0,0,0,0,0
uncgreensboro:wencesxavi,"Wences, Xavi",UNC Greensboro,6,10,16,0,0,1,1,0
unioncommonwealthky:porternathan,"Porter, Nathan",Union Commonwealth (Ky.),2,1,16,0,0,0,0,0
unioncommonwealthky:vandenaardwegshane,"Van Den Aardweg, Shane",Union Commonwealth (Ky.),20,1,16,0,0,0,0,0
mercer:ohearnstephen,"O'Hearn,  Stephen",Mercer,22,12,16,0,0,0,0,0
templeuniversity:dokovdanny,"Dokov, Danny",Temple University,21,8,16,0,0,0,0,0
ohiostate:rushjohnny,"Rush, Johnny",Ohio State,5,14,16,0,0,0,0,0
gonzaga:potterchase,"Potter, Chase",Gonzaga,17,7,16,0,0,0,0,0
lehigh:mazzellagennaro,"Mazzella, Gennaro",Lehigh,9,10,16,0,0,0,0,0
portland:dunnemichael,"Dunne, Michael",Portland,4,6,16,0,0,0,0,0
portland:akintobiayo,"Akintobi, Ayo",Portland,22,5,16,0,0,0,0,0
dean:amaralnoah,"Amaral, Noah",Dean,99,1,16,0,0,0,0,2
dean:munsonjude,"Munson, Jude",Dean,8,1,16,0,0,0,0,0
dean:marlowtrent,"Marlow, Trent",Dean,31,1,16,0,0,0,0,0
lemoynecollege:burnsconnor,"Burns, Connor",Le Moyne College,18,2,16,0,0,0,0,0
hope:ebbertrussell,"Ebbert, Russell",Hope,23,1,16,0,0,0,0,0
hope:wilsonhayden,"Wilson, Hayden",Hope,2,1,16,0,0,0,0,0
hope:riebeljack,"Riebel, Jack",Hope,28,1,16,0,0,0,0,0
loyolamd:williamsdavid,"Williams, David",Loyola Md.,22,1,16,0,0,0,0,0
albany:brandmayrmarius,"Brandmayr, Marius",Albany,10,1,16,0,0,0,0,0
usi:martinezanthony,"Martinez, Anthony",USI,1,1,16,0,0,0,0,0
roos:munozguille,"Munoz, Guille",Roos,4,1,16,0,0,0,0,0
stanford:bollykylaszlo,"Bollyky, Laszlo",Stanford,33,6,15,0,0,0,0,0
ucf:velezgabi,"Velez, Gabi",UCF,12,9,15,0,0,0,0,0
olddominion:fisherethan,"Fisher, Ethan",Old Dominion,5,7,15,0,0,0,0,0
sanfrancisco:waltersjaedyn,"Walters, Jaedyn",San Francisco,28,12,15,0,0,0,0,0
umo:bisaguirrematias,"Bisaguirre, Matias",UMO,40,1,15,0,0,0,0,0
uncgreensboro:wyniajason,"Wynia, Jason",UNC Greensboro,4,9,15,0,0,0,0,0
uncasheville:smithlogan,"Smith, Logan",UNC Asheville,36,10,15,0,0,0,0,0
howard:wilsonstephon,"Wilson, Stephon",Howard,18,4,15,0,0,0,0,0
sanjosestate:jozinovictomislav,"Jozinovic, Tomislav",San Jose State,29,4,15,0,0,0,0,0
emoryhenry:paulikwilly,"Paulik, Willy",Emory & Henry,35,1,15,0,0,0,0,0
quincy:buggerbrody,"Bugger, Brody",Quincy,11,1,15,0,0,0,0,0
njcu:attiamo,"Attia, Mo",NJCU,15,1,15,0,0,0,0,0
njcu:morenokevin,"Moreno, Kevin",NJCU,24,1,15,0,0,0,0,0
calstatela:lopezanthony,"Lopez, Anthony",Cal State LA,18,1,15,0,0,0,0,0
calstatela:sandresangel,"Sandres, Angel",Cal State LA,26,1,15,0,0,0,0,0
umbc:wimbroughnolan,"Wimbrough, Nolan",UMBC,28,5,15,0,0,0,0,0
aue:obrienfinn,"O'Brien, Finn",AUE,13,1,15,0,0,0,0,0
utg:nodasora,"Noda, Sora",UTG,16,1,15,0,0,0,0,0
portland:jacksonparker,"Jackson, Parker",Portland,18,5,15,0,0,0,0,0
universityofmassachusetts:fernandezdavilasean,"Fernandez-Davila, Sean",University of Massachusetts,24,1,15,0,0,0,0,0
lu:abregoisaac,"Abrego, Isaac",LU,27,2,15,0,0,0,0,0
uk:mikoyowen,"Mikoy, Owen",UK,22,1,15,0,0,0,0,0
lafayette:atwoodryder,"Atwood, Ryder",Lafayette,15,1,15,0,0,0,0,0
warner:manolovgeorg,"Manolov, Georg",Warner,23,1,15,0,0,0,0,0
stbonaventure:ohmartalex,"Ohmart, Alex",St. Bonaventure,30,4,15,0,0,0,0,0
averett:breennicholas,"Breen, Nicholas",Averett,32,1,15,0,0,0,0,0
sandiego:websternick,"Webster, Nick",San Diego,00,1,15,0,0,0,0,0
grandcanyon:rousedamon,"Rouse, Damon",Grand Canyon,14,3,15,0,0,0,0,0
universityatalbany:filippoisaac,"Filippo, Isaac",University at Albany,15,2,15,0,0,0,0,0
aic:dicilloluke,"Di Cillo, Luke",AIC,25,1,15,0,0,0,0,0
brynt:fariajosealves,"Faria, Jose Alves",BRYNT,14,1,15,0,0,0,0,0
johnsonwales:gomezfernando,"Gomez, Fernando",Johnson & Wales,22,1,15,0,0,0,0,0
johnsonwales:maloneconner,"Malone, Conner",Johnson & Wales,30,1,15,0,0,0,0,0
hanovercollege:dohertygrant,"Doherty, Grant",Hanover College,7,1,15,0,0,0,0,0
hanovercollege:gotohnico,"Gotoh, Nico",Hanover College,8,1,15,0,0,0,0,0
hanovercollege:millertyler,"Miller, Tyler",Hanover College,29,1,15,0,0,0,0,0
hanovercollege:minogueethan,"Minogue, Ethan",Hanover College,45,1,15,0,0,0,0,0
mrst:morozeric,"Moroz, Eric",MRST,15,1,15,0,0,0,0,0
csub:wangusijesse,"Wangusi, Jesse",CSUB,10,1,15,0,0,0,0,0
brd:fergusonian,"Ferguson, Ian",BRD,37,1,15,0,0,0,0,0
evv:robertsnate,"Roberts, Nate",EVV,12,1,15,0,0,0,0,0
evv:haghighatarmon,"Haghighat, Armon",EVV,19,1,15,0,0,0,0,0
carroll:beresgregory,"Beres, Gregory",Carroll,12,1,15,0,0,1,0,0
ccny:arellanocristian,"Arellano, Cristian",CCNY,19,1,15,0,0,0,0,0
graphitedivisionstetson:hausermaurice,"Hauser, Maurice",(Graphite Division) Stetson,9,1,15,0,0,0,0,0
lions:matthewsjordan,"Matthews, Jordan",Lions,28,1,15,0,0,0,0,0
duke:arbibsol,"Arbib, Sol",Duke,31,19,14,0,0,0,0,0
stjohns:kawasetakuto,"Kawase, Takuto",St. John's,10,19,14,0,0,0,0,0
setonhill:mcgaffinjayson,"McGaffin, Jayson",Seton Hill,11,1,14,0,0,0,0,0
ou:hubbellkevin,"Hubbell, Kevin",OU,4,1,14,0,0,0,0,0
bucknell:riddellhamish,"Riddell, Hamish",Bucknell,2,1,14,0,0,0,0,0
bucknell:walshmax,"Walsh, Max",Bucknell,5,1,14,0,0,0,0,0
bucknell:brokawgrant,"Brokaw, Grant",Bucknell,18,1,14,0,0,0,0,0
unioncommonwealthky:sainzcarlos,"Sainz, Carlos",Union Commonwealth (Ky.),21,1,14,0,0,0,0,0
villanova:rairickjoshua,"Rairick, Joshua",Villanova,16,5,14,0,0,0,0,0
emoryhenry:lecorregaspard,"Le Corre, Gaspard",Emory & Henry,31,1,14,0,0,0,0,0
utahvalley:muellerkonrad,"Mueller, Konrad",Utah Valley,28,2,14,0,0,0,0,0
incarnateword:aguirreleonardo,"Aguirre, Leonardo",Incarnate Word,19,5,14,0,0,0,0,0
rideruniversity:gonzalezdaniel,"Gonzalez, Daniel",Rider University,19,2,14,0,0,0,0,0
mercyhurst:bahamadu,"Bah, Amadu",Mercyhurst,3,4,14,0,0,0,0,0
ualbany:lindzach,"Lind, Zach",UAlbany,25,5,14,0,0,0,0,0
unlv:lopezalsclaudio,"Lopez Alós, Claudio",UNLV,20,1,14,0,0,1,0,0
stfrancis:frenchbrendan,"French, Brendan",St. Francis,30,1,14,0,0,0,0,0
pride:hempelmannperezpablo,"Hempelmann-Perez, Pablo",Pride,33,1,14,0,0,0,0,0
pride:poztommy,"Poz, Tommy",Pride,37,1,14,0,0,0,0,0
caldwell:lozanofrank,"Lozano, Frank",Caldwell,14,1,14,0,0,0,0,0
gu:logantimothy,"Logan, Timothy",GU,18,1,14,0,0,0,0,0
cuc:saitokairi,"Saito, Kairi",CUC,18,1,14,0,0,0,0,0
calbaptist:coopenicholas,"Coope, Nicholas",Cal Baptist,20,1,14,0,0,0,0,0
lemoynecollege:krzeminskimichael,"Krzeminski, Michael",Le Moyne College,15,3,14,0,0,0,0,0
stcloudstate:dufnerjj,"Dufner, JJ",St. Cloud State,35,1,14,0,0,0,0,1
stcloudstate:kaddahziad,"Kaddah, Ziad",St. Cloud State,13,1,14,0,0,0,0,0
stcloudstate:jonesmiklo,"Jones, Miklo",St. Cloud State,19,1,14,0,0,0,0,0
trinitycollegeofjacksonville:curymendoncajoaopedro,"Cury Mendonca, Joao Pedro",Trinity College of Jacksonville,9,1,14,0,0,0,0,0
unf:graycameron,"Gray, Cameron",UNF,28,2,14,0,0,0,0,0
averett:kashindimoses,"Kashindi, Moses",Averett,28,1,14,0,0,0,0,0
mum:murphybrogan,"Murphy, Brogan",MUM,4,1,14,0,0,0,0,0
mum:drewcharles,"Drew, Charles",MUM,6,1,14,0,0,0,0,0
mum:broomeharrison,"Broome, Harrison",MUM,8,1,14,0,0,1,1,0
mum:laneysean,"Laney, Sean",MUM,9,1,14,0,0,0,0,0
colgateuniversity:danaherevan,"Danaher, Evan",Colgate University,22,1,14,0,0,0,0,0
colgateuniversity:montenegromatias,"Montenegro, Matias",Colgate University,26,1,14,0,0,0,0,0
saintfrancisuniversity:frenchbrendan,"French, Brendan",Saint Francis University,30,1,14,0,0,0,0,0
sts:freireandres,"Freire, Andres",STS,21,1,14,0,0,2,1,0
qnc:tzimoulismichael,"Tzimoulis, Michael",QNC,2,1,14,0,0,0,0,0
qnc:halldorssonsigurdurhakon,"Halldorsson, Sigurdur Hakon",QNC,27,1,14,0,0,0,0,0
siu:weidnerisaac,"Weidner, Isaac",SIU,15,1,14,0,0,0,0,0
siu:stevensnolan,"Stevens, Nolan",SIU,28,1,14,0,0,0,0,0
holyfamilyuniversity:sanonaristide,"Sanon, Aristide",Holy Family University,3,1,14,0,0,1,1,0
holyfamilyuniversity:martinezmichael,"Martinez, Michael",Holy Family University,14,1,14,0,0,0,0,0
holyfamilyuniversity:mejiacastroangel,"Mejia Castro, Angel",Holy Family University,26,1,14,0,0,1,0,0
holyfamilyuniversity:kiesewetternoah,"Kiesewetter, Noah",Holy Family University,28,1,14,0,0,0,0,0
lehighplsemifinal:bealerlandon,"Bealer, Landon",Lehigh – PL Semifinal,17,1,14,0,0,0,0,0
universityofmassachusettslowell:garciadavid,"Garcia, David",University of Massachusetts Lowell,21,1,14,0,0,0,0,0
roos:ospinatimothy,"Ospina, Timothy",Roos,21,1,14,0,0,2,0,0
sandiegostate:kawamurajonah,"Kawamura, Jonah",San Diego State,19,5,13,0,0,0,0,0
quinnipiac:swideraleksander,"Swider, Aleksander",Quinnipiac,14,3,13,0,0,0,0,0
georgetown:harriszack,"Harris, Zack",Georgetown,16,1,13,0,0,0,0,0
setonhall:sipplesmick,"Sipples, Mick",Seton Hall,00,19,13,0,0,0,0,1
setonhall:fernandestyler,"Fernandes, Tyler",Seton Hall,37,19,13,0,0,0,0,0
denver:lundgrand,"Lund, Grand",Denver,4,2,13,0,0,0,0,0
grandcanyonuniversity:mongeerick,"Monge, Erick",Grand Canyon University,17,2,13,0,0,0,0,0
lasalle:zieglermichael,"Ziegler, Michael",La Salle,37,4,13,0,0,0,0,0
belmontuniversity:kipleymiles,"Kipley, Miles",Belmont University,0,5,13,0,0,0,0,0
emoryhenry:gautreaujules,"Gautreau, Jules",Emory & Henry,24,1,13,0,0,0,0,0
loyola:haskellryan,"Haskell, Ryan",Loyola,0,3,13,0,0,0,0,1
dayton:cortinabryan,"Cortina, Bryan",Dayton,28,4,13,0,0,0,0,0
saintfrancispa:napoleonbrandon,"Napoleon, Brandon",Saint Francis (PA),16,1,13,0,0,1,1,0
highpoint:killgorejohn,"Killgore, John",High Point,23,6,13,0,0,0,0,0
tribe:garrisonalexander,"Garrison, Alexander",Tribe,13,1,13,0,0,0,0,0
brown:diazadolfo,"Diaz, Adolfo",Brown,20,13,13,0,0,0,0,0
yale:mladekdaniel,"Mladek, Daniel",Yale,26,8,13,0,0,0,0,0
unlv:oketaniyuto,"Oketani, Yuto",UNLV,22,4,13,0,0,0,0,0
yale:borregomarco,"Borrego, Marco",Yale,29,7,13,0,0,0,0,1
saintfrancisu:yeboahbennett,"Yeboah, Bennett",Saint Francis U,25,1,13,0,0,0,0,0
umbc:tadesseaidom,"Tadesse, Aidom",UMBC,14,6,13,0,0,0,0,0
ust:kuelthaujack,"Kuelthau, Jack",UST,29,1,13,0,0,0,0,0
lu:slankamenacluka,"Slankamenac, Luka",LU,25,1,13,0,0,0,0,0
lafayette:seyhoonkaz,"Seyhoon, Kaz",Lafayette,32,1,13,0,0,1,0,0
canisius:schmidtben,"Schmidt, Ben",Canisius,28,1,13,0,0,0,0,0
mercyhurst:marquezdelaplatalandon,"Marquez de la Plata, Landon",Mercyhurst,35,4,13,0,0,0,0,0
utriograndevalley:nelsonmicah,"Nelson, Micah",UT Rio Grande Valley,12,1,13,0,0,0,0,0
9highpoint:ramirezanthony,"Ramirez, Anthony",#9 High Point,10,1,13,0,0,0,0,0
9highpoint:baafialfred,"Baafi, Alfred",#9 High Point,18,1,13,0,0,1,0,0
loyolamd:ajagbemichael,"Ajagbe, Michael",Loyola (Md.),9,1,13,0,0,0,0,0
saintfrancisuniversity:escobaralejandro,"Escobar, Alejandro",Saint Francis University,22,2,13,0,0,0,0,0
holycrosscollegeind:thawngcung,"Thawng, Cung",Holy Cross College (Ind.),13,1,13,0,0,0,0,0
kingscollege:hochjarett,"Hoch, Jarett",King's College,66,1,13,0,0,0,0,0
sie:arieron,"Arie, Ron",SIE,7,1,13,0,0,0,0,0
brynt:boadiaugustine,"Boadi, Augustine",BRYNT,11,1,13,0,0,0,0,0
mum:rubinozapataantonio,"Rubino Zapata, Antonio",MUM,2,1,13,0,0,1,0,0
neumann:senisiriley,"Senisi, Riley",Neumann,21,1,13,0,0,1,0,0
johnsonwales:smithashton,"Smith, Ashton",Johnson & Wales,20,1,13,0,0,2,1,0
baldwinwallace:richardsoncarter,"Richardson, Carter",Baldwin Wallace,13,1,13,0,0,0,0,0
baldwinwallace:lafountaintrenton,"LaFountain, Trenton",Baldwin Wallace,27,1,13,0,0,0,0,0
qnc:lucenabrock,"Lucena, Brock",QNC,29,1,13,0,0,0,0,0
usf:hilpertfabian,"Hilpert, Fabian",USF,14,1,13,0,0,0,0,0
carroll:sanchezandy,"Sanchez, Andy",Carroll,15,1,13,0,0,0,0,0
providence:ballesterjulian,"Ballester, Julian",Providence,25,16,12,0,0,0,0,0
tulsa:wormingtontrajan,"Wormington, Trajan",Tulsa,26,17,12,0,0,0,0,0
campbell:zarategabe,"Zarate, Gabe",Campbell,32,6,12,0,0,0,0,0
bowlinggreen:lindhmichael,"Lindh, Michael",Bowling Green,18,5,12,0,0,0,0,0
emoryhenry:saizpol,"Saiz, Pol",Emory & Henry,18,1,12,0,0,0,0,0
collegeoftheholycross:sneadjeb,"Snead, Jeb",College of the Holy Cross,20,1,12,0,0,0,0,0
newhaven:moissiadisnikolaos,"Moissiadis, Nikolaos",New Haven,26,5,12,0,0,0,0,0
charleston:neumannjack,"Neumann, Jack",Charleston,21,13,12,0,0,0,0,0
lifepacific:citronj,"Citron, J",Life Pacific,5,1,12,0,0,0,0,0
lifepacific:mendozam,"Mendoza, M",Life Pacific,15,1,12,0,0,0,0,0
rideruniversity:karbownikoli,"Karbownik, Oli",Rider University,18,1,12,0,0,1,0,0
niagara:brownjayden,"Brown, Jayden",Niagara,26,2,12,0,0,0,0,0
presbyterian:anabtawisaed,"Anabtawi, Saed",Presbyterian,0,5,12,0,0,0,0,0
northwestern:richterhenri,"Richter, Henri",Northwestern,20,7,12,0,0,0,0,0
wcb:sommervillemichael,"Sommerville, Michael",WCB,22,1,12,0,0,0,0,0
caldwell:ruedajoel,"Rueda, Joel",Caldwell,22,1,12,0,0,0,0,0
caldwell:aulesjordlukas,"Aulesjord, Lukas",Caldwell,42,1,12,0,0,0,0,0
oregontech:sanchezcristian,"Sanchez, Cristian",Oregon Tech,8,1,12,0,0,1,0,0
cuc:garzaemilio,"Garza, Emilio",CUC,15,1,12,0,0,0,0,0
warner:carregalkeith,"Carregal, Keith",Warner,18,1,12,0,0,0,0,0
adriancollege:kientzryan,"Kientz, Ryan",Adrian College,2,1,12,0,0,0,0,0
adriancollege:taylorjaren,"Taylor, Jaren",Adrian College,29,1,12,0,0,0,0,0
westernillinois:strattmandayton,"Strattman, Dayton",Western Illinois,7,2,12,0,0,0,0,0
holycrosscollegeind:castillodominic,"Castillo, Dominic",Holy Cross College (Ind.),17,1,12,0,0,0,0,0
neumann:louisvincent,"Louis, Vincent",Neumann,17,1,12,0,0,0,0,0
neumann:dinotojohn,"Dinoto, John",Neumann,30,1,12,0,0,0,0,0
neumann:velezandres,"Velez, Andres",Neumann,31,1,12,0,0,0,0,0
bradleyuniversity:fergusonian,"Ferguson, Ian",Bradley University,37,1,12,0,0,2,0,0
ju:amalbertipierce,"Amalberti, Pierce",JU,23,1,12,0,0,0,0,0
lions:palushajjozef,"Palushaj, Jozef",Lions,17,1,12,0,0,0,0,0
roos:mouramateus,"Moura, Mateus",Roos,14,1,12,0,0,0,0,0
sandiego:mcnaughtonethan,"McNaughton, Ethan",San Diego,18,5,11,0,0,0,0,0
liu:cerimagicdzenan,"Cerimagic, Dzenan",LIU,80,4,11,0,0,0,0,0
oakland:francoujoshua,"Francou, Joshua",Oakland,3,5,11,0,0,0,0,0
uscupstate:ellisguy,"Ellis, Guy",USC Upstate,35,12,11,0,0,0,0,0
georgetown:satrianonoah,"Satriano, Noah",Georgetown,14,15,11,0,0,0,0,0
uwm:bowdenjack,"Bowden, Jack",UWM,32,1,11,0,0,0,0,0
graceland:stinemathew,"Stine, Mathew",Graceland,2,1,11,0,0,0,0,0
graceland:giraldotomas,"Giraldo, Tomas",Graceland,22,1,11,0,0,0,0,0
army:harzbeckertheo,"Harzbecker, Theo",Army,30,12,11,0,0,0,0,0
monmouth:benschdanny,"Bensch, Danny",Monmouth,25,7,11,0,0,0,0,0
udm:powespencer,"Powe, Spencer",UDM,23,3,11,0,0,1,0,0
dean:dirksolivier,"Dirks, Olivier",Dean,23,1,11,0,0,0,0,0
dean:kalungashawn,"Kalunga, Shawn",Dean,39,1,11,0,0,0,0,0
manchester:lewisdana,"Lewis, Dana",Manchester,2,1,11,0,0,0,0,0
spaldinguniversityky:delarosasorianojonatan,"De La Rosa Soriano, Jonatan",Spalding University (Ky.),5,1,11,0,0,0,0,0
10westvirginia:trujillolizrragaoscaremilio,"Trujillo Lizárraga, Oscar Emilio",#10 West Virginia,3,1,11,0,0,0,0,0
ccsu:dubashjulian,"Dubash, Julian",CCSU,17,1,11,0,0,0,0,0
universityofmassachusettslowell:kailaysaihaj,"Kailay, Saihaj",University of Massachusetts Lowell,16,1,11,0,0,0,0,0
universityofmassachusettslowell:scholtencalvin,"Scholten, Calvin",University of Massachusetts Lowell,28,1,11,0,0,0,0,0
averett:perezdaniel,"Perez, Daniel",Averett,98,1,11,0,0,0,0,0
marist:muraniaalex,"Murania, Alex",Marist,30,1,11,0,0,0,0,0
universityatalbany:grillaluca,"Grilla, Luca",University at Albany,27,1,11,0,0,0,0,0
fgu:dahllinus,"Dahl, Linus",FGU,6,1,11,0,0,0,0,0
hanovercollege:perezjose,"Perez, Jose",Hanover College,43,1,11,0,0,0,0,0
mrst:salivonchikwilliam,"Salivonchik, William",MRST,23,1,11,0,0,0,0,0
csub:mileycurtis,"Miley, Curtis",CSUB,19,1,11,0,0,0,0,0
evv:timnlvaro,"Timón, Álvaro",EVV,10,1,11,0,0,0,0,0
virginiastate:fernandeznoah,"Fernandez, Noah",Virginia State,5,1,11,0,0,0,0,0
virginiastate:fosterchristian,"Foster, Christian",Virginia State,30,1,11,0,0,0,0,0
californialutheranuniversity:beriniisaac,"Berini, Isaac",California Lutheran University,28,1,11,0,0,0,0,0
californialutheranuniversity:reesenoah,"Reese, Noah",California Lutheran University,39,1,11,0,0,0,0,0
furmanthirdround:dunniganconnor,"Dunnigan, Connor",Furman - Third Round,4,1,11,0,0,0,0,0
uconn:perezrodriguezxavier,"Perez Rodriguez, Xavier",UConn,15,4,10,0,0,0,0,0
charlotte:velosodiogo,"Veloso, Diogo",Charlotte,3,15,10,0,0,0,0,0
saintlouis:benyrbraden,"Benyr, Braden",Saint Louis,16,10,10,0,0,0,0,0
gardnerwebb:fitzrandolphsawyer,"Fitz-Randolph, Sawyer",Gardner-Webb,21,17,10,0,0,0,0,0
colgate:danaherevan,"Danaher, Evan",Colgate,22,8,10,0,0,0,0,0
liu:lesniewskiadam,"Lesniewski, Adam",LIU,6,5,10,0,0,0,0,0
umo:kidanesemere,"Kidane, Semere",UMO,36,1,10,0,0,0,0,0
fairfield:mihalekalexi,"Mihalek, Alexi",Fairfield,3,3,10,0,0,0,0,0
universityofevansville:grantkobe,"Grant, Kobe",University of Evansville,3,6,10,0,0,0,0,0
virginia:maryatdonovan,"Maryat, Donovan",Virginia,25,6,10,0,0,0,0,0
drake:stantonjohn,"Stanton, John",Drake,32,5,10,0,0,0,0,0
northgreenville:clappjasper,"Clapp, Jasper",North Greenville,12,1,10,0,0,0,0,0
easternillinois:almeidagustavo,"Almeida, Gustavo",Eastern Illinois,28,2,10,0,0,0,0,0
lemoynecollege:huskicaaron,"Huskic, Aaron",Le Moyne College,16,2,10,0,0,0,0,0
fairfield:radshayan,"Rad, Shayan",Fairfield,30,3,10,0,0,0,0,0
army:gormleydaniel,"Gormley, Daniel",Army,25,12,10,0,0,1,1,0
army:tuckerliam,"Tucker, Liam",Army,27,13,10,0,0,0,0,0
calbaptist:marthtizian,"Marth, Tizian",Cal Baptist,16,1,10,0,0,0,0,0
spaldinguniversityky:seagojamie,"Seago, Jamie",Spalding University (Ky.),18,1,10,0,0,0,0,0
clemson:schmidivan,"Schmid, Ivan",Clemson,31,3,10,0,0,0,0,1
fgu:heronryan,"Heron, Ryan",FGU,23,1,10,0,0,0,0,0
mke:torhorstsam,"Torhorst, Sam",MKE,2,2,10,0,0,0,0,0
uiw:williamsjaylen,"Williams, Jaylen",UIW,25,1,10,0,0,0,0,0
newjerseyinstituteoftechnology:parksgrayson,"Parks, Grayson",New Jersey Institute of Technology,2,1,10,0,0,0,0,0
sandiego:tsipenasami,"Tsipena, Sami",San Diego,5,3,9,0,0,0,0,0
georgetown:pricecasey,"Price, Casey",Georgetown,20,1,9,0,0,0,0,0
akron:bahurabdi,"Bahur, Abdi",Akron,12,20,9,0,0,0,0,0
marquette:monrealherrerajonathan,"Monreal-Herrera, Jonathan",Marquette,17,14,9,0,0,2,1,0
michiganstate:slymichael,"Sly, Michael",Michigan State,1,12,9,0,0,0,0,0
saintpeters:chokraneadnan,"Chokrane, Adnan",Saint Peter's,24,5,9,0,0,0,0,0
saintlouis:torresaxel,"Torres, Axel",Saint Louis,26,10,9,0,0,0,0,0
campbell:holdstockluke,"Holdstock, Luke",Campbell,0,6,9,0,0,0,0,0
niagara:santosdamian,"Santos, Damian",Niagara,22,2,9,0,0,0,0,0
hofstra:booneryner,"Boone, Ryner",Hofstra,29,1,9,0,0,0,0,0
fiu:oseijesseaddae,"Osei, Jesse Addae",FIU,4,8,9,0,0,0,0,0
uncwilmington:enghviktor,"Engh, Viktor",UNC Wilmington,1,6,9,0,0,0,0,0
uncwilmington:williamsdanny,"Williams, Danny",UNC Wilmington,29,6,9,0,0,0,0,0
utahvalley:galashayden,"Galas, Hayden",Utah Valley,13,1,9,0,0,0,0,0
siena:belaidaylan,"Belaid, Aylan",Siena,30,6,9,0,0,0,0,0
maryland:nymannandersonemil,"Nymann Anderson, Emil",Maryland,55,15,9,0,0,0,0,0
njcu:bocanegragerard,"Bocanegra, Gerard",NJCU,8,1,9,0,0,0,0,0
njcu:ayoradennis,"Ayora, Dennis",NJCU,27,1,9,0,0,0,0,0
universityofevansville:williamspeyton,"Williams, Peyton",University of Evansville,13,5,9,0,0,0,0,0
houstonchristian:santacruzjordan,"Santa Cruz, Jordan",Houston Christian,31,2,9,0,0,0,0,0
houstonchristian:dishmansimeon,"Dishman, Simeon",Houston Christian,7,2,9,0,0,0,0,0
dayton:kringengabriel,"Kringen, Gabriel",Dayton,23,3,9,0,0,0,0,0
dayton:dorkoalexander,"Dorko, Alexander",Dayton,31,2,9,0,0,0,0,0
airforce:njanteborisscott,"Njante, Boris-Scott",Air Force,26,13,9,0,0,0,0,0
gonzaga:ramirezdiego,"Ramirez, Diego",Gonzaga,30,7,9,0,0,0,0,0
holycross:eldaifbeshoy,"Eldaif, Beshoy",Holy Cross,27,7,9,0,0,0,0,0
bel:stokesjaxon,"Stokes, Jaxon",BEL,12,1,9,0,0,0,0,0
bel:arandaemmanuel,"Aranda, Emmanuel",BEL,25,1,9,0,0,0,0,0
massachusetts:fernandezdavilasean,"Fernandez-Davila, Sean",Massachusetts,24,1,9,0,0,0,0,0
oregontech:castroelias,"Castro, Elias",Oregon Tech,14,1,9,0,0,0,0,0
robertmorris:johansenstorm,"Johansen, Storm",Robert Morris,23,3,9,0,0,1,0,0
southdakotaschoolofmines:lovelessbergen,"Loveless, Bergen",South Dakota School of Mines,4,1,9,0,0,0,0,0
utahvalley:odehnaime,"Odeh, Naime",Utah Valley,20,1,9,0,0,0,0,0
ferrum:walieamanuel,"Walie, Amanuel",Ferrum,28,1,9,0,0,0,0,0
maryland:nymannemil,"Nymann, Emil",Maryland,55,4,9,0,0,0,0,0
bowlinggreenstateuniversity:dedicamer,"Dedic, Amer",Bowling Green State University,4,1,9,0,0,0,0,0
bowlinggreenstateuniversity:simsxavier,"Sims, Xavier",Bowling Green State University,13,1,9,0,0,0,0,0
9highpoint:mensahdesmond,"Mensah, Desmond",#9 High Point,3,1,9,0,0,0,0,0
flames:avalloneryan,"Avallone, Ryan",FLAMES,7,1,9,0,0,0,0,0
flames:allentyee,"Allen, Tyee",FLAMES,15,1,9,0,0,0,0,0
flames:fullerivberkley,"Fuller IV, Berkley",FLAMES,24,1,9,0,0,1,1,0
kingscollege:schneiderjoseph,"Schneider, Joseph",King's College,32,1,9,0,0,0,0,0
kingscollege:straubdaniel,"Straub, Daniel",King's College,34,1,9,0,0,0,0,0
saintfrancisuniversity:seamanryan,"Seaman, Ryan",Saint Francis University,27,1,9,0,0,0,0,0
virginiastate:davissoleil,"Davis, Soleil",Virginia State,14,1,9,0,0,0,0,0
harvard:engleandreas,"Engle, Andreas",Harvard,12,1,9,0,0,0,0,0
sandiegostate:klottandrew,"Klott, Andrew",San Diego State,0,5,8,0,0,0,0,0
california:bowersjack,"Bowers, Jack",California,5,18,8,0,0,0,0,0
vcu:sheaemmett,"Shea, Emmett",VCU,20,4,8,0,0,0,0,0
saintfrancis:napoleonbrandon,"Napoleon, Brandon",Saint Francis,16,2,8,0,0,0,0,0
newhampshire:looneyroark,"Looney, Roark",New Hampshire,31,16,8,0,0,0,0,0
sanjosestate:scottjalen,"Scott, Jalen",San Jose State,21,4,8,0,0,0,0,0
colgate:smithconnor,"Smith, Connor",Colgate,24,7,8,0,0,0,0,0
uscupstate:matinalex,"Matin, Alex",USC Upstate,14,12,8,0,0,0,0,0
stonehillcollege:novkovicluka,"Novkovic, Luka",Stonehill College,17,2,8,0,0,0,0,0
uic:hernandezjorge,"Hernandez, Jorge",UIC,27,4,8,0,0,0,0,0
uvm:liquorithaddeus,"Liquori, Thaddeus",UVM,11,1,8,0,0,0,0,0
lindenwood:shalemason,"Shale, Mason",Lindenwood,30,2,8,0,0,0,0,0
lindenwood:abregoisaac,"Abrego, Isaac",Lindenwood,27,2,8,0,0,0,0,0
yale:seidmanandrew,"Seidman, Andrew",Yale,8,7,8,0,0,0,0,0
uab:jiwonhan,"Jiwon, Han",UAB,24,3,8,0,0,0,0,0
rideruniversity:gregoryethan,"Gregory, Ethan",Rider University,15,2,8,0,0,0,0,0
penn:kunimurakalani,"Kunimura, Kalani",Penn,26,10,8,0,0,0,0,0
penn:weirpatrick,"Weir, Patrick",Penn,36,10,8,0,0,0,0,0
lu:davisaidan,"Davis, Aidan",LU,12,1,8,0,0,0,0,0
longwood:gaertnerbenjamin,"Gaertner, Benjamin",Longwood,21,3,8,0,0,0,0,0
memphis:ojohndenis,"O. John, Denis",Memphis,11,4,8,0,0,1,1,0
gu:millikencasey,"Milliken, Casey",GU,12,1,8,0,0,0,0,0
gu:ahmedzayan,"Ahmed, Zayan",GU,21,1,8,0,0,1,0,0
gu:demarcocharlie,"DeMarco, Charlie",GU,24,1,8,0,0,0,0,0
gu:sadapazjordi,"Sada-Paz, Jordi",GU,27,1,8,0,0,0,0,0
cuc:jenkinjames,"Jenkin, James",CUC,24,1,8,0,0,0,0,0
ferrum:laframboisemax,"LaFramboise, Max",Ferrum,30,1,8,0,0,0,0,0
setonhall:waightjoseph,"Waight, Joseph",Seton Hall,9,1,8,0,0,0,0,0
ualbany:fettbreckin,"Fett, Breckin",UAlbany,23,5,8,0,0,1,0,0
adriancollege:bakerbryan,"Baker, Bryan",Adrian College,7,1,8,0,0,0,0,0
hope:brownreece,"Brown, Reece",Hope,19,1,8,0,0,0,0,0
hope:reyesjosh,"Reyes, Josh",Hope,6,1,8,0,0,0,0,0
loyolamaryland:laffeynick,"Laffey, Nick",Loyola Maryland,25,3,8,0,0,0,0,0
fgu:zavatinidylan,"Zavatini, Dylan",FGU,14,1,8,0,0,0,0,0
brwn:smithcarter,"Smith, Carter",BRWN,28,1,8,0,0,0,0,0
arcadia:pontonbrenden,"Ponton, Brenden",Arcadia,39,1,8,0,0,0,0,0
saintfrancisuniversity:celikkolvolkan,"celikkol, volkan",Saint Francis University,7,1,8,0,0,0,0,0
lwu:chandlergeorge,"Chandler, George",LWU,29,1,8,0,0,0,0,0
sts:danielsisrael,"Daniels, Israel",STS,16,1,8,0,0,0,0,0
lwu:nancemateo,"Nance, Mateo",LWU,13,1,8,0,0,0,0,0
upst:christoffersentheodor,"Christoffersen, Theodor",UPST,13,1,8,0,0,0,0,0
centralconnecticutstateuniversity:bowmanparker,"Bowman, Parker",Central Connecticut State University,28,1,8,0,0,0,0,0
harvard:barnastobias,"Barnas, Tobias",Harvard,18,1,8,0,0,0,0,0
sandiego:penakevin,"Pena, Kevin",San Diego,21,4,7,0,0,0,0,0
queens:gramannbrock,"Gramann, Brock",Queens,14,6,7,0,0,0,0,0
georgiasouthern:irelandjack,"Ireland, Jack",Georgia Southern,24,18,7,0,0,0,0,0
campbell:valenciasamuel,"Valencia, Samuel",Campbell,12,5,7,0,0,0,0,0
ou:wienerroithermarkus,"Wienerroither, Markus",OU,2,1,7,0,0,0,0,0
ou:gjokajgabe,"Gjokaj, Gabe",OU,11,1,7,0,0,0,0,0
drexel:taegerniklas,"Taeger, Niklas",Drexel,28,13,7,0,0,0,0,0
emoryhenry:libermanshiloh,"Liberman, Shiloh",Emory & Henry,23,1,7,0,0,1,0,0
colgate:montenegromatias,"Montenegro, Matias",Colgate,26,7,7,0,0,0,0,0
siena:acocellanico,"Acocella, Nico",Siena,14,7,7,0,0,0,0,0
michiganstate:slyjrmichael,"Sly Jr., Michael",Michigan State,1,4,7,0,0,0,0,0
calstatela:arvizudiego,"Arvizu, Diego",Cal State LA,12,1,7,0,0,0,0,0
clemson:georgecaleb,"George, Caleb",Clemson,17,3,7,0,0,0,0,0
tribe:smithbryce,"Smith, Bryce",Tribe,3,1,7,0,0,0,0,0
fdu:haynescj,"Haynes, CJ",FDU,2,7,7,0,0,0,0,0
rideruniversity:cookdaniel,"Cook, Daniel",Rider University,27,2,7,0,0,0,0,0
fairfield:reavistyler,"Reavis, Tyler",Fairfield,28,6,7,0,0,0,0,0
uic:kadribasicbenyamin,"Kadribasic, Benyamin",UIC,19,3,7,0,0,0,0,0
penn:empsonspeidenbecket,"Empson-Speiden, Becket",Penn,27,9,7,0,0,0,0,0
penn:feinmancarter,"Feinman, Carter",Penn,38,10,7,0,0,0,0,0
floridamemorial:bondimarenaoctavefraitamouna,"Bondima, Rena Octave Fra Itamouna",Florida Memorial,16,1,7,0,0,0,0,0
liu:akinboboyedeji,"Akinboboye, Deji",LIU,24,1,7,0,0,0,0,0
liu:chaocaleb,"Chao, Caleb",LIU,27,1,7,0,0,0,0,0
liu:horrobinethen,"Horrobin, Ethen",LIU,32,1,7,0,0,0,0,0
liu:causeyeric,"Causey, Eric",LIU,35,1,7,0,0,0,0,0
pride:duffyjoe,"Duffy, Joe",Pride,11,1,7,0,0,0,0,0
pride:adegborioyedavid,"Adegborioye, David",Pride,26,1,7,0,0,0,0,0
caldwell:hertzenbergtheodore,"Hertzenberg, Theodore",Caldwell,9,1,7,0,0,0,0,0
bryant:perrottajoseph,"Perrotta, Joseph",Bryant,29,4,7,0,0,1,0,0
bryant:nuricumbodavid,"Nuricumbo, David",Bryant,34,4,7,0,0,0,0,0
robertmorris:caparellowanlesselijah,"Caparello-Wanless, Elijah",Robert Morris,3,2,7,0,0,0,0,0
robertmorris:rastricknoah,"Rastrick, Noah",Robert Morris,5,2,7,0,0,0,0,0
robertmorris:gorgenyikieran,"Gorgenyi, Kieran",Robert Morris,31,2,7,0,0,0,0,0
spaldinguniversityky:calvertmack,"Calvert, Mack",Spalding University (Ky.),2,1,7,0,0,0,0,0
averett:quintanillaerick,"Quintanilla, Erick",Averett,31,1,7,0,0,0,0,0
holycrosscollegeind:kunzniko,"Kunz, Niko",Holy Cross College (Ind.),22,1,7,0,0,0,0,0
umbc:stoutenboroughjonah,"Stoutenborough, Jonah",UMBC,8,4,7,0,0,0,0,0
aic:napoletanotyler,"Napoletano, Tyler",AIC,28,1,7,0,0,1,0,0
aic:nogueiraangelo,"Nogueira, Angelo",AIC,31,1,7,0,0,0,0,0
charleston:goetzkeezequielemanuele,"Goetzke, Ezequiel Emanuele",Charleston,14,1,7,0,0,0,0,0
baldwinwallace:huzickaowen,"Huzicka, Owen",Baldwin Wallace,2,1,7,0,0,0,0,0
baldwinwallace:duckworthcody,"Duckworth, Cody",Baldwin Wallace,15,1,7,0,0,0,0,0
saintfrancisuniversity:yeboahbennett,"Yeboah, Bennett",Saint Francis University,25,1,7,0,0,0,0,0
sts:fentonlucas,"Fenton, Lucas",STS,13,1,7,0,0,0,0,0
csub:enechisom,"Ene, Chisom",CSUB,25,1,7,0,0,0,0,0
ucsd:murdinliam,"Murdin, Liam",UCSD,14,1,7,0,0,0,0,0
ncw:hornadaandrew,"Hornada, Andrew",NCW,4,1,7,0,0,0,0,0
siu:bellokadiri,"Bello, Kadiri",SIU,20,1,7,0,0,0,0,0
highpoint:genotkingston,"Genot, Kingston",High Point,25,1,6,0,0,0,0,0
easternillinois:martinlandon,"Martin, Landon",Eastern Illinois,32,2,6,0,0,0,0,0
charlotte:hartmason,"Hart, Mason",Charlotte,31,15,6,0,0,0,0,0
fordham:picachristian,"Pica, Christian",Fordham,28,2,6,0,0,0,0,0
furman:deanbeck,"Dean, Beck",Furman,26,9,6,0,0,0,0,0
wofford:auderiethelliot,"Auderieth, Elliot",Wofford,34,8,6,0,0,0,0,0
loyola:ozgasteven,"Ozga, Steven",Loyola,23,3,6,0,0,0,0,0
quincy:remspechereli,"Remspecher, Eli",Quincy,29,1,6,0,0,0,0,0
njcu:pessoaluccas,"Pessoa, Luccas",NJCU,20,1,6,0,0,0,0,0
universityofevansville:harperdean,"Harper, Dean",University of Evansville,14,5,6,0,0,0,0,0
northgreenville:vitalnicholas,"Vital, Nicholas",North Greenville,7,1,6,0,0,0,0,0
westernmichigan:santacrocegiuseppe,"Santacroce, Giuseppe",Western Michigan,3,5,6,0,0,1,0,0
columbiauniversity:greissmanjesse,"Greissman, Jesse",Columbia University,26,13,6,0,0,0,0,0
fordham:koleganiko,"Kolega, Niko",Fordham,19,1,6,0,0,0,0,0
lemoynecollege:kucimartin,"Kuci, Martin",Le Moyne College,26,2,6,0,0,0,0,0
blm:jacobsethan,"Jacobs, Ethan",BLM,10,1,6,0,0,0,0,0
uk:mchaledan,"McHale, Dan",UK,5,1,6,0,0,0,0,0
uk:isaacdanny,"Isaac, Danny",UK,20,1,6,0,0,0,0,0
oregontech:barkergrayson,"Barker, Grayson",Oregon Tech,33,2,6,0,0,0,0,0
bowlinggreenstateuniversity:mccoytyson,"McCoy, Tyson",Bowling Green State University,9,1,6,0,0,0,0,0
universityofmassachusetts:tsuchiyayuto,"Tsuchiya, Yuto",University of Massachusetts,15,1,6,0,0,0,0,0
northernillinoisuniversity:catalangeovanny,"Catalan, Geovanny",Northern Illinois University,21,1,6,0,0,0,0,0
brynt:smallsmydas,"Smalls, Mydas",BRYNT,25,1,6,0,0,0,0,0
mrst:salguerojonathan,"Salguero, Jonathan",MRST,19,1,6,0,0,0,0,0
newjerseyinstituteoftechnology:lichtenheimstefan,"Lichtenheim, Stefan",New Jersey Institute of Technology,21,1,6,0,0,0,0,0
loyolauniversitymaryland:laffeynick,"Laffey, Nick",Loyola University Maryland,25,1,6,0,0,0,0,0
holyfamilyuniversity:dedeerion,"Dede, Erion",Holy Family University,5,1,6,0,0,0,0,0
californialutheranuniversity:zorbaaleko,"Zorba, Aleko",California Lutheran University,3,1,6,0,0,0,0,0
californialutheranuniversity:buongervinotab,"Buongervino, Tab",California Lutheran University,8,1,6,0,0,0,0,0
californialutheranuniversity:cederwallcole,"Cederwall, Cole",California Lutheran University,13,1,6,0,0,0,0,0
californialutheranuniversity:reiffbrendan,"Reiff, Brendan",California Lutheran University,38,1,6,0,0,0,0,0
calpoly:oetmanben,"Oetman, Ben",Cal Poly,30,14,5,0,0,0,0,0
seattle:rogersdane,"Rogers, Dane",Seattle,20,6,5,0,0,0,0,0
loyola:angelinicody,"Angelini, Cody",Loyola,17,4,5,0,0,0,0,0
stonehillcollege:maiwaldtjulius,"Maiwaldt, Julius",Stonehill College,13,1,5,0,0,0,0,0
drake:petrichtaylor,"Petrich, Taylor",Drake,18,5,5,0,0,0,0,0
northgreenville:dahlmancollin,"Dahlman, Collin",North Greenville,0,1,5,0,0,0,0,0
portland:barclayjordan,"Barclay, Jordan",Portland,26,5,5,0,0,0,0,0
portland:karraritvik,"Karra, Ritvik",Portland,27,5,5,0,0,0,0,0
penn:matuskiewiczlincoln,"Matuskiewicz, Lincoln",Penn,22,8,5,0,0,0,0,0
penn:bohemiermax,"Bohemier, Max",Penn,23,8,5,0,0,0,0,0
penn:kuechleradam,"Kuechler, Adam",Penn,33,8,5,0,0,0,0,0
princeton:atkinsully,"Atkin, Sully",Princeton,28,12,5,0,0,0,0,0
army:mejiaowen,"Mejia, Owen",Army,13,12,5,0,0,0,0,0
universityofmassachusetts:beltquinn,"Belt, Quinn",University of Massachusetts,2,1,5,0,0,0,0,0
sacredheart:hawkaidan,"Hawk, Aidan",Sacred Heart,15,9,5,0,0,0,0,0
massachusetts:beltquinn,"Belt, Quinn",Massachusetts,2,1,5,0,0,0,0,0
pride:schmitzcarter,"Schmitz, Carter",Pride,23,1,5,0,0,0,0,0
tigers:sadjakfrederik,"Sadjak, Frederik",Tigers,26,1,5,0,0,0,0,0
ur:subersebastian,"Suber, Sebastian",UR,14,1,5,0,0,0,0,0
ur:karbownikoli,"Karbownik, Oli",UR,18,1,5,0,0,0,0,0
ur:cookdaniel,"Cook, Daniel",UR,27,1,5,0,0,0,0,0
southdakotaschoolofmines:murrayjohn,"Murray, John",South Dakota School of Mines,33,1,5,0,0,0,0,0
spaldinguniversityky:brangersgabe,"Brangers, Gabe",Spalding University (Ky.),1,1,5,0,0,0,0,0
ferrum:chaneycarter,"Chaney, Carter",Ferrum,17,1,5,0,0,0,0,0
notredame:eganliam,"Egan, Liam",Notre Dame,30,5,5,0,0,0,0,1
notredame:boatengdaniel,"Boateng, Daniel",Notre Dame,12,5,5,0,0,0,0,0
smu:clementsdonnell,"Clements, Donnell",SMU,34,2,5,0,0,0,0,0
pc:kraskrivers,"Krask, Rivers",PC,18,1,5,0,0,0,0,0
fgu:rosengrengustaf,"Rosengren, Gustaf",FGU,12,1,5,0,0,0,0,0
fgu:nissimshachar,"Nissim, Shachar",FGU,19,1,5,0,0,0,0,0
loyolamd:turturronicholas,"Turturro, Nicholas",Loyola Md.,21,1,5,0,0,0,0,0
johnsonwales:dortasamuel,"Dorta, Samuel",Johnson & Wales,16,1,5,0,0,0,0,0
hanovercollege:snowdendavid,"Snowden, David",Hanover College,9,1,5,0,0,0,0,0
hanovercollege:azzarajohn,"Azzara, John",Hanover College,21,1,5,0,0,0,0,0
uca:gaonajordan,"Gaona, Jordan",UCA,19,1,5,0,0,0,0,0
ind:kalavitzluke,"Kalavitz, Luke",IND,3,1,5,0,0,0,0,0
akron:wilkinsondylan,"Wilkinson, Dylan",Akron,20,20,4,0,0,0,0,0
northwestern:oneillaidan,"O'Neill, Aidan",Northwestern,22,6,4,0,0,0,0,0
manhattan:akkinassim,"Akki, Nassim",Manhattan,5,4,4,0,0,0,0,0
drexel:fitzgeraldjames,"Fitzgerald, James",Drexel,29,13,4,0,0,0,0,0
emoryhenry:walkerzac,"Walker, Zac",Emory & Henry,20,1,4,0,0,0,0,0
emoryhenry:gonzalezjordan,"Gonzalez, Jordan",Emory & Henry,39,1,4,0,0,0,0,0
tcj:currymendoncajoaopedro,"Curry Mendonca, Joao Pedro",TCJ,9,1,4,0,0,0,0,0
wofford:velapaolo,"Vela, Paolo",Wofford,26,10,4,0,0,0,0,0
calstatela:roachtre,"Roach, Tre",Cal State LA,3,1,4,0,0,0,0,0
calstatela:alvarezjeancarlo,"Alvarez, Jeancarlo",Cal State LA,14,1,4,0,0,0,0,0
uwm:ivkovicpavle,"Ivkovic, Pavle",UWM,3,1,4,0,0,0,0,0
bowlinggreen:ibrahimovicadin,"Ibrahimovic, Adin",Bowling Green,11,4,4,0,0,0,0,0
tribe:cooperdevin,"Cooper, Devin",Tribe,12,1,4,0,0,0,0,0
williammary:gettlerreed,"Gettler, Reed",William & Mary,27,4,4,0,0,0,0,0
ualbany:grillaluca,"Grilla, Luca",UAlbany,27,5,4,0,0,0,0,0
etsu:kaplanmax,"Kaplan, Max",ETSU,26,4,4,0,0,0,0,0
mercyhurst:garciacameron,"Garcia, Cameron",Mercyhurst,29,2,4,0,0,0,0,0
vermont:costinbrady,"Costin, Brady",Vermont,15,5,4,0,0,0,0,0
holycrosscollegeind:sheelymason,"Sheely, Mason",Holy Cross College (Ind.),24,1,4,0,0,1,1,0
holycrosscollegeind:hasenourcharlie,"Hasenour, Charlie",Holy Cross College (Ind.),30,1,4,0,0,0,0,0
santaclara:marineduardo,"Marin, Eduardo",Santa Clara,1,3,4,0,0,0,0,0
santaclara:blakejackson,"Blake, Jackson",Santa Clara,27,3,4,0,0,1,1,0
santaclara:hattenkai,"Hatten, Kai",Santa Clara,28,3,4,0,0,0,0,0
unf:moriokaryuta,"Morioka, Ryuta",UNF,14,1,4,0,0,0,0,0
ind:zapolskikhnikolai,"Zapolskikh, Nikolai",IND,4,1,4,0,0,0,0,0
usf:ericksoncade,"Erickson, Cade",USF,6,1,4,0,0,1,0,0
carroll:rabyjackson,"Raby, Jackson",Carroll,2,1,4,0,0,0,0,0
carroll:harriswilliam,"Harris, William",Carroll,25,1,4,0,0,0,0,0
carroll:neumannmatthew,"Neumann, Matthew",Carroll,32,1,4,0,0,0,0,0
graphitedivisionstetson:freireandres,"Freire, Andres",(Graphite Division) Stetson,21,1,4,0,0,1,0,0
wofford:raffgavin,"Raff, Gavin",Wofford,0,9,3,0,0,0,0,0
uab:jowerskaleb,"Jowers, Kaleb",UAB,22,12,3,0,0,0,0,0
saintfrancispa:frenchbrendan,"French, Brendan",Saint Francis (PA),30,1,3,0,0,0,0,0
penn:kathiresannik,"Kathiresan, Nik",Penn,21,8,3,0,0,0,0,0
stbonaventure:strumeierbryce,"Strumeier, Bryce",St. Bonaventure,18,3,3,0,0,0,0,0
stbonaventure:mularadelischristopher,"Mularadelis, Christopher",St. Bonaventure,28,3,3,0,0,0,0,0
manchester:beliardbradley,"Beliard, Bradley",Manchester,11,1,3,0,0,0,0,0
oregontech:mcguireeric,"McGuire, Eric",Oregon Tech,21,1,3,0,0,0,0,0
oregontech:romeronelson,"Romero, Nelson",Oregon Tech,25,1,3,0,0,0,0,0
spaldinguniversityky:shoemakerryan,"Shoemaker, Ryan",Spalding University (Ky.),13,1,3,0,0,0,0,0
spaldinguniversityky:pollockgrayson,"Pollock, Grayson",Spalding University (Ky.),34,1,3,0,0,0,0,0
warner:vegakonapiliahi,"Vega, Konapiliahi",Warner,16,1,3,0,0,0,0,0
stbonaventure:mcbennettzach,"McBennett, Zach",St. Bonaventure,13,3,3,0,0,0,0,0
trinitycollegeofjacksonville:jeunejahkelsen,"Jeune, Jah'Kelsen",Trinity College of Jacksonville,26,1,3,0,0,0,0,0
trinitycollegeofjacksonville:garciaemilio,"Garcia, Emilio",Trinity College of Jacksonville,28,1,3,0,0,0,0,0
trinitycollegeofjacksonville:callahancody,"Callahan, Cody",Trinity College of Jacksonville,33,1,3,0,0,0,0,0
ucsd:maiian,"Mai, Ian",UCSD,29,1,3,0,0,0,0,0
unf:trtoomar,"Trto, Omar",UNF,15,1,3,0,0,0,0,0
ncw:radkekieran,"Radke, Kieran",NCW,16,1,3,0,0,0,0,0
bu:trowelsawyer,"Trowel, Sawyer",BU,25,1,3,0,0,0,0,0
uncasheville:alcantarxavier,"Alcantar, Xavier",UNC Asheville,12,10,2,0,0,0,0,0
unioncommonwealthky:souyanateghan,"Souyana, Teghan",Union Commonwealth (Ky.),28,1,2,0,0,0,0,0
umo:sirebourjahym,"Sirebour, Jahym",UMO,30,1,2,0,0,0,0,0
charleston:catesreeves,"Cates, Reeves",Charleston,24,13,2,0,0,0,0,0
bu:madrigalemilio,"Madrigal, Emilio",BU,12,1,2,0,0,0,0,0
lindenwood:davisaidan,"Davis, Aidan",Lindenwood,12,2,2,0,0,0,0,0
penn:ottossontheo,"Ottosson, Theo",Penn,24,8,2,0,0,0,0,0
floridamemorial:milovanovicstefan,"Milovanovic, Stefan",Florida Memorial,26,1,2,0,0,0,0,0
caldwell:alexiscleff,"Alexis, Cleff",Caldwell,27,1,2,0,0,0,0,0
ferrum:buchanandenton,"Buchanan, Denton",Ferrum,19,1,2,0,0,0,0,0
unf:oyirwothgoffin,"Oyirwoth, Goffin",UNF,26,1,2,0,0,0,0,0
universityatalbany:tuttleowen,"Tuttle, Owen",University at Albany,18,1,2,0,0,0,0,0
universityatalbany:fettbreckin,"Fett, Breckin",University at Albany,23,1,2,0,0,0,0,0
lwu:hubertharrison,"Hubert, Harrison",LWU,16,1,2,0,0,0,0,0
ind:hollandspencer,"Holland, Spencer",IND,16,1,2,0,0,0,0,0
usf:hunnicuttkyle,"Hunnicutt, Kyle",USF,21,1,2,0,0,1,0,0
duke:blakeneyjackson,"Blakeney, Jackson",Duke,28,19,1,0,0,0,0,0
xavier:sullivanryan,"Sullivan, Ryan",Xavier,30,14,1,0,0,0,0,2
xavier:dikoumdaryloscar,"Dikoum, Daryl-Oscar",Xavier,22,14,1,0,0,0,0,0
georgewashington:nakamuramark,"Nakamura, Mark",George Washington,2,11,1,0,0,0,0,0
manhattan:blondeaumalo,"Blondeau, Malo",Manhattan,4,4,1,0,0,0,0,0
oregonstate:diallomamadou,"Diallo, Mamadou",Oregon State,13,9,1,0,0,0,0,0
howard:dunhamniles,"Dunham, Niles",Howard,12,4,1,0,0,0,0,0
emoryhenry:gallegocurtoricardo,"Gallego Curto, Ricardo",Emory & Henry,37,1,1,0,0,0,0,0
emoryhenry:poprockiisaac,"Poprocki, Isaac",Emory & Henry,38,1,1,0,0,0,0,0
airforce:simslogan,"Sims, Logan",Air Force,14,12,1,0,0,0,0,0
universityoftheincarnateword:monrrealjuan,"Monrreal, Juan",University of the Incarnate Word,10,1,1,0,0,0,0,0
gcu:rosalesallan,"Rosales, Allan",GCU,32,1,1,0,0,0,0,0
universityofmassachusetts:omalleyaaron,"O'Malley, Aaron",University of Massachusetts,6,1,1,0,0,0,0,0
manchester:coxlarry,"Cox, Larry",Manchester,6,1,1,0,0,0,0,0
manchester:cuahuizogutierrezmarcel,"Cuahuizo Gutierrez, Marcel",Manchester,16,1,1,0,0,0,0,0
setonhall:koffiuriel,"Koffi, Uriel",Seton Hall,29,1,1,0,0,0,0,0
hope:alcalaalan,"Alcala, Alan",Hope,10,1,1,0,0,0,0,0
kingscollege:bovajames,"Bova, James",King's College,8,1,1,0,0,0,0,0
arcadia:robinsonaidan,"Robinson, Aidan",Arcadia,41,1,1,0,0,0,0,0
lehighplsemifinal:wengerbeckett,"Wenger, Beckett",Lehigh – PL Semifinal,20,1,1,0,0,0,0,0
stanford:montaguebrayden,"Montague, Brayden",Stanford,32,6,0,0,0,0,0,0
stanford:morrisjack,"Morris, Jack",Stanford,32,1,0,0,0,0,0,0
stanford:kiiljackson,"Kiil, Jackson",Stanford,9,1,0,0,0,0,0,0
stanford:mcmillannicorei,"McMillan, Nico Rei",Stanford,22,1,0,0,0,0,0,0
stanford:kwakwakwabena,"Kwakwa, Kwabena",Stanford,23,1,0,0,0,0,0,0
stanford:moyerjoe,"Moyer, Joe",Stanford,25,6,0,0,0,0,0,0
calpoly:guerramathew,"Guerra, Mathew",Cal Poly,33,14,0,0,0,0,0,0
calpoly:castrojason,"Castro, Jason",Cal Poly,21,14,0,0,0,0,0,0
calpoly:preucilzach,"Preucil, Zach",Cal Poly,27,14,0,0,0,0,0,0
calpoly:westberryalex,"Westberry, Alex",Cal Poly,28,14,0,0,0,0,0,0
bostoncollege:heliasmarius,"Helias, Marius",Boston College,33,1,0,0,0,0,0,0
bostoncollege:copelanddeltorobryce,"Copeland-Del Toro, Bryce",Boston College,34,17,0,0,0,0,0,0
bostoncollege:odhiambosimba,"Odhiambo, Simba",Boston College,30,17,0,0,0,0,0,0
binghamton:shannondaniel,"Shannon, Daniel",Binghamton,31,1,0,0,0,0,0,0
binghamton:levismanitai,"Levisman, Itai",Binghamton,8,1,0,0,0,0,0,0
binghamton:harriskevaughn,"harris, kevaughn",Binghamton,9,1,0,0,0,0,0,0
binghamton:cohentom,"Cohen, Tom",Binghamton,10,1,0,0,0,0,0,0
binghamton:bonuitozachary,"Bonuito, Zachary",Binghamton,15,1,0,0,0,0,0,0
binghamton:coxjasper,"Cox, Jasper",Binghamton,16,1,0,0,0,0,0,0
binghamton:constantelucas,"Constante, Lucas",Binghamton,19,1,0,0,0,0,0,0
binghamton:churchbenjamin,"Church, Benjamin",Binghamton,28,1,0,0,0,0,0,0
saintmarys:ruydavid,"Ruy, David",Saint Mary's,0,13,0,0,0,0,0,0
saintmarys:marinoerrol,"Marino, Errol",Saint Mary's,13,13,0,0,0,0,0,0
saintmarys:shojidrew,"Shoji, Drew",Saint Mary's,20,13,0,0,0,0,0,0
saintmarys:speedmaxim,"Speed, Maxim",Saint Mary's,27,13,0,0,0,0,0,0
saintmarys:baldwintate,"Baldwin, Tate",Saint Mary's,33,13,0,0,0,0,0,0
california:grimesthomas,"Grimes, Thomas",California,0,18,0,0,0,0,0,0
california:metelitsaarseni,"Metelitsa, Arseni",California,16,18,0,0,0,0,0,0
california:laredonik,"Laredo, Nik",California,21,18,0,0,0,0,0,0
california:cortezisrael,"Cortez, Israel",California,31,18,0,0,0,0,0,0
duke:hillhugo,"Hill, Hugo",Duke,21,19,0,0,0,0,0,0
duke:smithtucker,"Smith, Tucker",Duke,29,19,0,0,0,0,0,0
sandiego:kropfkayden,"Kropf, Kayden",San Diego,0,3,0,0,0,0,0,0
sandiego:websternicholas,"Webster, Nicholas",San Diego,00,3,0,0,0,0,0,0
sandiego:romanmichael,"Roman, Michael",San Diego,2,3,0,0,0,0,0,0
sandiego:zelkindelijah,"Zelkind, Elijah",San Diego,12,3,0,0,0,0,0,0
sandiego:rieckeowen,"Riecke, Owen",San Diego,15,3,0,0,0,0,0,0
sandiego:morenoricky,"Moreno, Ricky",San Diego,19,3,0,0,0,0,0,0
sandiego:vallesdiego,"Valles, Diego",San Diego,20,3,0,0,0,0,0,0
sandiego:omahonyfinley,"O'Mahony, Finley",San Diego,25,3,0,0,0,0,0,0
sandiego:severstyler,"Severs, Tyler",San Diego,28,3,0,0,0,0,0,0
sandiego:velezgus,"Velez, Gus",San Diego,32,3,0,0,0,0,0,0
sandiego:axelsonnicolas,"Axelson, Nicolas",San Diego,34,3,0,0,0,0,0,0
louisville:abrahamnathaniel,"Abraham, Nathaniel",Louisville,1,17,0,0,0,0,0,0
louisville:mcclenliam,"McClen, Liam",Louisville,31,17,0,0,0,0,0,0
louisville:seaversandrew,"Seavers, Andrew",Louisville,33,17,0,0,0,0,0,0
louisville:dammsilas,"Damm, Silas",Louisville,2,17,0,0,0,0,0,0
louisville:schenfeldmatt,"Schenfeld, Matt",Louisville,14,16,0,0,0,0,0,0
louisville:amonesephram,"Amones, Ephram",Louisville,15,17,0,0,0,0,0,0
louisville:massonfelix,"Masson, Felix",Louisville,16,17,0,0,0,0,0,0
louisville:brooksdodge,"Brooks, Dodge",Louisville,21,17,0,0,0,0,0,0
louisville:petrusojohnny,"Petruso, Johnny",Louisville,26,17,0,0,0,0,0,0
universityofsouthernindiana:martinezanthony,"Martinez, Anthony",University of Southern Indiana,1,2,0,0,0,0,0,0
universityofsouthernindiana:mitchelljackson,"Mitchell, Jackson",University of Southern Indiana,12,2,0,0,0,0,0,0
universityofsouthernindiana:morrisgarrett,"Morris, Garrett",University of Southern Indiana,22,2,0,0,0,0,0,0
ncstate:herlufchristian,"Herluf, Christian",NC State,0,22,0,0,0,0,0,0
ncstate:francismaddux,"Francis, Maddux",NC State,30,22,0,0,0,0,0,0
ncstate:cruzervin,"Cruz, Ervin",NC State,2,22,0,0,0,0,0,0
ncstate:pottlejohn,"Pottle, John",NC State,31,22,0,0,0,0,0,0
ncstate:rosariogianni,"Rosario, Gianni",NC State,32,22,0,0,0,0,0,0
queens:bademianmatthew,"Bademian, Matthew",Queens,0,5,0,0,0,0,0,0
queens:hartevan,"Hart, Evan",Queens,1,5,0,0,0,0,0,0
queens:infanterafael,"Infante, Rafael",Queens,4,5,0,0,0,0,0,0
queens:chapmanjosh,"Chapman, Josh",Queens,5,5,0,0,0,0,0,0
queens:perezdavid,"Perez, David",Queens,6,5,0,0,0,0,0,0
queens:borlidorafael,"Borlido, Rafael",Queens,21,5,0,0,0,0,0,0
queens:palharespedro,"Palhares, Pedro",Queens,23,5,0,0,0,0,0,0
queens:lafazianicholas,"Lafazia, Nicholas",Queens,25,5,0,0,0,0,0,0
queens:gauthierdylen,"Gauthier, Dylen",Queens,33,5,0,0,0,0,0,0
queens:birdnathan,"Bird, Nathan",Queens,34,5,0,0,0,0,0,0
queens:zakharovegor,"Zakharov, Egor",Queens,35,5,0,0,0,0,0,0
pittsburgh:bishopnick,"Bishop, Nick",Pittsburgh,31,16,0,0,0,0,0,0
pittsburgh:sissoncooper,"Sisson, Cooper",Pittsburgh,32,16,0,0,0,0,0,0
pittsburgh:christopherowen,"Christopher, Owen",Pittsburgh,29,16,0,0,0,0,0,0
quinnipiac:willkeerik,"Willke, Erik",Quinnipiac,1,9,0,0,0,0,0,0
quinnipiac:baroneremy,"Barone, Remy",Quinnipiac,22,9,0,0,0,0,0,0
syracuse:jansenkyle,"Jansen, Kyle",Syracuse,1,17,0,0,0,0,0,0
syracuse:martinezbastidasjuan,"Martinez-Bastidas, Juan",Syracuse,40,17,0,0,0,0,0,0
syracuse:ibraheemfaris,"Ibraheem, Faris",Syracuse,16,17,0,0,0,0,0,0
uconn:grossmanjoe,"Grossman, Joe",UConn,0,21,0,0,0,0,0,0
uconn:hessjustin,"Hess, Justin",UConn,00,21,0,0,0,0,0,0
uconn:carteradam,"Carter, Adam",UConn,1,21,0,0,0,0,0,0
uconn:ampoforichard,"Ampofo, Richard",UConn,14,4,0,0,0,0,0,0
uconn:paredesmatias,"Paredes, Matias",UConn,24,21,0,0,0,0,0,0
northcarolina:catlettcoleman,"Catlett, Coleman",North Carolina,0,18,0,0,0,0,0,0
northcarolina:rutkowskialan,"Rutkowski, Alan",North Carolina,12,18,0,0,0,0,0,0
northcarolina:saborioperezalejandro,"Saborio Perez, Alejandro",North Carolina,24,14,0,0,0,0,0,0
northcarolina:cheeversscott,"Cheevers , Scott",North Carolina,2,18,0,0,0,0,0,0
northcarolina:jonesmilton,"Jones, Milton",North Carolina,20,18,0,0,0,0,0,0
northcarolina:wallerdrew,"Waller, Drew",North Carolina,22,18,0,0,0,0,0,0
ucf:habcktimo,"Haböck, Timo",UCF,1,8,0,0,0,0,0,0
ucf:lacayomarcelo,"Lacayo, Marcelo",UCF,31,8,0,0,0,0,0,0
ucf:monseejrabraham,"Monsee Jr, Abraham",UCF,15,8,0,0,0,0,0,0
ucf:torresyordan,"Torres, Yordan",UCF,24,8,0,0,0,0,0,0
ucf:martinezalbiolizan,"Martinez Albiol, Izan",UCF,32,8,0,0,0,0,0,0
ucf:vienhugo,"Vien, Hugo",UCF,35,8,0,0,0,0,0,0
rutgers:koisgraham,"Kois, Graham",Rutgers,0,16,0,0,0,0,0,0
rutgers:brownlogan,"Brown, Logan",Rutgers,31,16,0,0,0,0,0,0
rutgers:pantonailan,"Panton, Ailan",Rutgers,32,16,0,0,0,0,0,0
rutgers:bryjakjeffrey,"Bryjak, Jeffrey",Rutgers,23,16,0,0,0,0,0,0
rutgers:lemairecedric,"Lemaire, Cedric",Rutgers,25,16,0,0,0,0,0,0
providence:gallaghercolin,"Gallagher, Colin",Providence,30,16,0,0,0,0,0,0
providence:ciampagiuseppe,"Ciampa, Giuseppe",Providence,13,16,0,0,0,0,0,0
providence:vellamichael,"Vella, Michael",Providence,14,16,0,0,0,0,0,0
providence:wintersconnor,"Winters, Connor",Providence,27,16,0,0,0,0,0,0
setonhall:strohheckerriccardo,"Strohhecker, Riccardo",Seton Hall,12,19,0,0,0,0,0,0
setonhall:solarivalentino,"Solari, Valentino",Seton Hall,8,19,0,0,0,0,0,0
setonhall:ottossonhannes,"Ottosson, Hannes",Seton Hall,21,18,0,0,0,0,0,0
setonhall:sansonesammy,"Sansone, Sammy",Seton Hall,25,18,0,0,0,0,0,0
lafayette:benbowfrancisco,"Benbow, Francisco",Lafayette,00,7,0,0,0,0,0,0
lafayette:newmanmax,"Newman, Max",Lafayette,5,7,0,0,0,0,0,0
lafayette:vailbryson,"Vail, Bryson",Lafayette,8,7,0,0,0,0,0,0
lafayette:hughesthomas,"Hughes, Thomas",Lafayette,18,7,0,0,0,0,0,0
lafayette:bohncameron,"Bohn, Cameron",Lafayette,21,7,0,0,0,0,0,0
templeuniversity:williamscohen,"Williams, Cohen",Temple University,22,15,0,0,0,0,0,0
templeuniversity:kayedylan,"Kaye, Dylan",Temple University,31,15,0,0,0,0,0,0
stjohns:sakauemateusz,"Sakaue, Mateusz",St. John's,0,16,0,0,0,0,0,0
stjohns:thompsonamari,"Thompson, Amari",St. John's,36,19,0,0,0,0,0,0
stjohns:thompsontravis,"Thompson, Travis",St. John's,13,19,0,0,0,0,0,0
stjohns:gugindylan,"Gugin, Dylan",St. John's,22,19,0,0,0,0,0,0
stjohns:joycecharlie,"Joyce, Charlie",St. John's,24,19,0,0,0,0,0,0
stjohns:guerinjack,"Guerin, Jack",St. John's,25,19,0,0,0,0,0,0
stjohns:cobbbradyn,"Cobb, Bradyn",St. John's,27,19,0,0,0,0,0,0
stjohns:halatdamian,"Halat, Damian",St. John's,28,19,0,0,0,0,0,0
stjohns:payelohkoah,"Paye, Lohkoah",St. John's,33,19,0,0,0,0,0,0
vcu:hiraiittetsu,"Hirai, Ittetsu",VCU,1,3,0,0,0,0,0,0
vcu:dobzyniakbrendan,"Dobzyniak, Brendan",VCU,2,3,0,0,0,0,0,0
vcu:simkinsparker,"Simkins, Parker",VCU,12,3,0,0,0,0,0,0
vcu:togashikishin,"Togashi, Kishin",VCU,15,3,0,0,0,0,0,0
akron:mccartylincoln,"McCarty, Lincoln",Akron,0,20,0,0,0,0,0,0
akron:kaminskibrett,"Kaminski, Brett",Akron,30,20,0,0,0,0,0,0
akron:cranegavin,"Crane, Gavin",Akron,35,20,0,0,0,0,0,0
akron:schmausmalte,"Schmaus, Malte",Akron,5,20,0,0,0,0,0,0
akron:buebendorfjames,"Buebendorf, James",Akron,11,20,0,0,0,0,0,0
akron:bartelsjoshua,"Bartels, Joshua",Akron,15,20,0,0,0,0,0,0
akron:lamainalogan,"LaMaina, Logan",Akron,28,20,0,0,0,0,0,0
fau:spauldingsamir,"Spaulding, Samir",FAU,24,1,0,0,0,0,0,0
fau:claryzac,"Clary, Zac",FAU,27,18,0,0,0,0,0,0
fau:kininanick,"Kinina, Nick",FAU,6,18,0,0,0,0,0,0
creighton:andradepablo,"Andrade, Pablo",Creighton,24,14,0,0,0,0,0,0
creighton:woodethan,"Wood, Ethan",Creighton,30,14,0,0,0,0,0,0
creighton:santanamarco,"Santana, Marco",Creighton,23,14,0,0,0,0,0,0
creighton:nelsonowen,"Nelson, Owen",Creighton,26,14,0,0,0,0,0,0
creighton:leonardsam,"Leonard, Sam",Creighton,27,11,0,0,0,0,0,0
creighton:weberlandon,"Weber, Landon",Creighton,28,14,0,0,0,0,0,0
depaul:wyattgeorge,"Wyatt, George",DePaul,3,15,0,0,0,0,0,0
depaul:mooresam,"Moore, Sam",DePaul,17,15,0,0,0,0,0,0
depaul:duncansam,"Duncan, Sam",DePaul,28,12,0,0,0,0,0,0
purduefortwayne:gumbstegan,"Gumbs, Tegan",Purdue Fort Wayne,26,9,0,0,0,0,0,0
purduefortwayne:tiscarenoantonio,"Tiscareno, Antonio",Purdue Fort Wayne,3,9,0,0,0,0,0,0
purduefortwayne:zambranojulian,"Zambrano, Julian",Purdue Fort Wayne,25,9,0,0,0,0,0,0
purduefortwayne:razobrandon,"Razo, Brandon",Purdue Fort Wayne,27,9,0,0,0,0,0,0
marquette:salumrenan,"Salum, Renan",Marquette,31,14,0,0,0,0,0,0
marquette:rodriguezleo,"Rodriguez, Leo",Marquette,19,14,0,0,0,0,0,0
marquette:mullinsdrew,"Mullins, Drew",Marquette,23,14,0,0,0,0,0,0
bradley:salomchandremaral,"Salom Chandre, Marçal",Bradley,1,4,0,0,0,0,0,0
bradley:barrettmitchell,"Barrett, Mitchell",Bradley,27,4,0,0,0,0,0,0
bradley:reddyjoshua,"Reddy, Joshua",Bradley,3,4,0,0,0,0,0,0
bradley:musschootcohen,"Musschoot, Cohen",Bradley,8,4,0,0,0,0,0,0
bradley:dancetovicdavid,"Dancetovic, David",Bradley,15,4,0,0,0,0,0,0
bradley:frankcaden,"Frank, Caden",Bradley,16,4,0,0,0,0,0,0
bradley:sanchezandrew,"Sanchez, Andrew",Bradley,35,4,0,0,0,0,0,0
xavier:nowakaustin,"Nowak, Austin",Xavier,0,14,0,0,0,0,0,0
xavier:jeanfrancoischristopher,"Jean-Francois, Christopher",Xavier,2,14,0,0,0,0,0,0
xavier:nuezgustavo,"Nuñez, Gustavo",Xavier,17,8,0,0,0,0,0,0
xavier:colemantyler,"Coleman, Tyler",Xavier,23,14,0,0,0,0,0,0
xavier:ruffinellison,"Ruffin, Ellison",Xavier,24,14,0,0,0,0,0,0
xavier:wykethomas,"Wyke, Thomas",Xavier,26,14,0,0,0,0,0,0
saintfrancis:nadeaufisher,"Nadeau, Fisher",Saint Francis,31,3,0,0,0,0,0,0
saintfrancis:mbakigabriel,"Mbaki, Gabriel",Saint Francis,13,3,0,0,0,0,0,0
saintfrancis:gonnellarobert,"Gonnella, Robert",Saint Francis,21,3,0,0,0,0,0,0
saintfrancis:auermitchell,"Auer, Mitchell",Saint Francis,26,3,0,0,0,0,0,0
michiganstate:grekowiczjake,"Grekowicz, Jake",Michigan State,28,16,0,0,0,0,0,0
michiganstate:andersondavid,"Anderson, David",Michigan State,32,16,0,0,0,0,0,0
michiganstate:darakdjianandrew,"Darakdjian, Andrew",Michigan State,9,16,0,0,0,0,0,0
michiganstate:hoganthatcher,"Hogan, Thatcher",Michigan State,21,16,0,0,0,0,0,0
michiganstate:saadmohamed,"Saad, Mohamed",Michigan State,24,16,0,0,0,0,0,0
michiganstate:luskyjackson,"Lusky, Jackson",Michigan State,25,16,0,0,0,0,0,0
ucriverside:gilmoregrayson,"Gilmore, Grayson",UC Riverside,30,9,0,0,0,0,0,0
ucriverside:rodriguezroman,"Rodriguez, Roman",UC Riverside,22,9,0,0,0,0,0,0
ucriverside:lopeznathan,"Lopez, Nathan",UC Riverside,31,9,0,0,0,0,0,0
denver:graywyatt,"Gray, Wyatt",Denver,0,20,0,0,0,0,0,0
denver:wheelerblake,"Wheeler, Blake",Denver,23,20,0,0,0,0,0,0
denver:kallaydominic,"Kallay, Dominic",Denver,5,20,0,0,0,0,0,0
denver:mannandrew,"Mann, Andrew",Denver,8,20,0,0,0,0,0,0
denver:tatehudson,"Tate, Hudson",Denver,16,20,0,0,0,0,0,0
denver:stroemmeandreas,"Stroemme, Andreas",Denver,26,20,0,0,0,0,0,0
denver:sheallytate,"Sheally, Tate",Denver,31,20,0,0,0,0,0,0
denver:masinoanthony,"Masino, Anthony",Denver,38,20,0,0,0,0,0,0
washington:pierpointkenny,"Pierpoint, Kenny",Washington,00,20,0,0,0,0,0,0
washington:deperronani,"Deperro, Nani",Washington,18,20,0,0,0,0,0,0
washington:sherlockmikey,"Sherlock, Mikey",Washington,19,20,0,0,0,0,0,0
wisconsin:stechnijpatryk,"Stechnij, Patryk",Wisconsin,0,12,0,0,0,0,0,0
wisconsin:hornigowen,"Hornig, Owen",Wisconsin,17,13,0,0,0,0,0,0
wisconsin:kurzawacal,"Kurzawa, Cal",Wisconsin,27,13,0,0,0,0,0,0
northflorida:taylorangus,"Taylor, Angus",North Florida,7,13,0,0,0,0,0,0
northflorida:mcglynnadan,"McGlynn, Adan",North Florida,13,13,0,0,0,0,0,0
northflorida:sadiqkadin,"Sadiq, Kadin",North Florida,22,13,0,0,0,0,0,0
winthrop:villazonrettigvicente,"Villazon Rettig, Vicente",Winthrop,30,5,0,0,0,0,0,0
winthrop:bennettnoah,"Bennett, Noah",Winthrop,31,5,0,0,0,0,0,0
winthrop:storylogan,"Story, Logan",Winthrop,14,5,0,0,0,0,0,0
winthrop:staffordchristian,"Stafford, Christian",Winthrop,25,5,0,0,0,0,0,0
coastalcarolina:hertelben,"Hertel, Ben",Coastal Carolina,29,14,0,0,0,0,0,0
coastalcarolina:stefanssongudjon,"Stefansson, Gudjon",Coastal Carolina,16,14,0,0,0,0,0,0
charlotte:mumfordeli,"Mumford, Eli",Charlotte,0,15,0,0,0,0,0,0
charlotte:adenekansultan,"Adenekan, Sultan",Charlotte,28,3,0,0,0,0,0,0
georgiasouthern:coxjustin,"Cox, Justin",Georgia Southern,34,18,0,0,0,0,0,0
georgiasouthern:hallnathan,"Hall, Nathan",Georgia Southern,35,18,0,0,0,0,0,0
georgiasouthern:songeole,"Songe, Ole",Georgia Southern,2,18,0,0,0,0,0,0
georgiasouthern:deanekeeyen,"Deane, Keeyen",Georgia Southern,3,18,0,0,0,0,0,0
georgiasouthern:kapormilan,"Kapor, Milan",Georgia Southern,22,18,0,0,0,0,0,0
jamesmadison:bunyagabruno,"Bunyaga, Bruno",James Madison,9,15,0,0,0,0,0,0
jamesmadison:donosoagustn,"Donoso, Agustín",James Madison,12,15,0,0,0,0,0,0
jamesmadison:walshryan,"Walsh, Ryan",James Madison,19,15,0,0,0,0,0,0
jamesmadison:noseworthycooper,"Noseworthy, Cooper",James Madison,26,15,0,0,0,0,0,0
fordham:koleganikola,"Kolega, Nikola",Fordham,19,1,0,0,0,0,0,0
fordham:capellininiko,"Capellini, Niko",Fordham,20,1,0,0,0,0,0,0
fordham:stovermaclin,"Stover, Maclin",Fordham,22,1,0,0,0,0,0,0
fordham:mesquitanicholas,"Mesquita, Nicholas",Fordham,24,1,0,0,0,0,0,0
fordham:maimonejoseph,"Maimone, Joseph",Fordham,25,1,0,0,0,0,0,0
fordham:messernoe,"Messer, Noe",Fordham,30,1,0,0,0,0,0,0
olddominion:aguilaralexander,"Aguilar, Alexander",Old Dominion,23,5,0,0,0,0,0,0
olddominion:maldonadoalessandro,"Maldonado, Alessandro",Old Dominion,20,5,0,0,0,0,0,0
olddominion:alvesnicholas,"Alves, Nicholas",Old Dominion,21,5,0,0,0,0,0,0
olddominion:dessalegnmichael,"Dessalegn, Michael",Old Dominion,22,5,0,0,0,0,0,0
olddominion:thomasconor,"Thomas, Conor",Old Dominion,25,5,0,0,0,0,0,0
georgewashington:martinjp,"Martin, JP",George Washington,0,11,0,0,0,0,0,0
georgewashington:torresyago,"Torres, Yago",George Washington,17,11,0,0,0,0,0,0
georgewashington:liebejoe,"Liebe, Joe",George Washington,18,11,0,0,0,0,0,0
georgewashington:dobrindan,"Dobrin, Dan",George Washington,23,11,0,0,0,0,0,0
georgewashington:vainsteinsebastian,"Vainstein, Sebastian",George Washington,26,11,0,0,0,0,0,0
unknown:3,3,Unknown,0,2,0,0,0,6,0,0
unknown:2,2,Unknown,0,7,0,0,0,17,0,0
unknown:andrewgoldsworthy1assistedbysamykolby,"Andrew Goldsworthy (1)
Assisted by: Samy Kolby",Unknown,South Carolina,1,0,0,0,0,0,0
unknown:benbagshaw1assistedbypaveldashin,"Ben Bagshaw (1)
Assisted by: Pavel Dashin",Unknown,Col. of Charleston,1,0,0,0,0,0,0
unknown:mikahabel1assistedbymatthewdejianne,"Mika Habel (1)
Assisted by: Matthew DeJianne",Unknown,South Carolina,1,0,0,0,0,0,0
unknown:alexanderstjernegaard1,Alexander Stjernegaard (1),Unknown,South Carolina,1,0,0,0,0,0,0
unknown:hoganwalker1assistedbyezrawhite,"Hogan Walker (1)
Assisted by: Ezra White",Unknown,Col. of Charleston,1,0,0,0,0,0,0
unknown:colofcharleston,Col. of Charleston,Unknown,11:23,1,0,0,0,0,0,0
unknown:southcarolina,South Carolina,Unknown,52:59,19,0,0,0,0,0,0
westvirginia:collinschase,"Collins, Chase",West Virginia,40,15,0,0,0,0,0,0
westvirginia:bayersteel,"Bayer, Steel",West Virginia,13,15,0,0,0,0,0,0
westvirginia:macomberbrayden,"Macomber, Brayden",West Virginia,15,15,0,0,0,0,0,0
manhattan:langbergryan,"Langberg, Ryan",Manhattan,24,3,0,0,0,0,0,0
manhattan:torresdavid,"Torres, David",Manhattan,31,3,0,0,0,0,0,0
manhattan:dahanziv,"Dahan, Ziv",Manhattan,9,3,0,0,0,0,0,0
manhattan:lemajimmy,"Lema, Jimmy",Manhattan,21,3,0,0,0,0,0,0
manhattan:mercadoisaiah,"Mercado, Isaiah",Manhattan,22,3,0,0,0,0,0,0
manhattan:lipsjohn,"Lips, John",Manhattan,32,3,0,0,0,0,0,0
manhattan:padillajhonn,"Padilla, Jhonn",Manhattan,34,3,0,0,0,0,0,0
manhattan:guidottibrandon,"Guidotti, Brandon",Manhattan,35,3,0,0,0,0,0,0
sanfrancisco:burrowsian,"Burrows, Ian",San Francisco,24,12,0,0,0,0,0,0
sanfrancisco:maywesley,"May, Wesley",San Francisco,32,12,0,0,0,0,0,0
sanfrancisco:easleyisaiah,"Easley, Isaiah",San Francisco,10,12,0,0,0,0,0,0
sanfrancisco:pennellnicky,"Pennell, Nicky",San Francisco,16,12,0,0,0,0,0,0
sanfrancisco:mairmax,"Mair, Max",San Francisco,23,12,0,0,0,0,0,0
sanfrancisco:watkinsimani,"Watkins, Imani",San Francisco,26,12,0,0,0,0,0,0
ucdavis:mclemorecole,"McLemore, Cole",UC Davis,26,4,0,0,0,0,0,0
ucdavis:matiellorafael,"Matiello, Rafael",UC Davis,11,4,0,0,0,0,0,0
ucdavis:richardsonjackson,"Richardson, Jackson",UC Davis,17,4,0,0,0,0,0,0
ucdavis:hsujason,"Hsu, Jason",UC Davis,25,4,0,0,0,0,0,0
oregonstate:bucossematteo,"Bucosse, Matteo",Oregon State,00,9,0,0,0,0,0,0
oregonstate:maciasmichael,"Macias, Michael",Oregon State,0,9,0,0,0,0,0,0
oregonstate:wiedermark,"Wieder, Mark",Oregon State,17,9,0,0,0,0,0,0
oregonstate:eisenbergmax,"Eisenberg, Max",Oregon State,19,9,0,0,0,0,0,0
oregonstate:ferrandovictor,"Ferrando, Victor",Oregon State,22,9,0,0,0,0,0,0
oregonstate:warnermarshall,"Warner, Marshall",Oregon State,24,9,0,0,0,0,0,0
ucsantabarbara:hotalingdylan,"Hotaling, Dylan",UC Santa Barbara,26,5,0,0,0,0,0,0
ucsantabarbara:oginnichris,"Oginni, Chris",UC Santa Barbara,27,5,0,0,0,0,0,0
newhampshire:choiaaron,"Choi, Aaron",New Hampshire,30,16,0,0,0,0,0,0
newhampshire:loriotclarence,"Loriot, Clarence",New Hampshire,21,5,0,0,0,0,0,0
newhampshire:timothylondon,"Timothy, London",New Hampshire,24,16,0,0,0,0,0,0
bostonuniversity:ramseymarkus,"Ramsey, Markus",Boston University,19,14,0,0,0,0,0,0
bostonuniversity:knightsebastian,"Knight, Sebastian",Boston University,21,14,0,0,0,0,0,0
bostonuniversity:cooperquinn,"Cooper, Quinn",Boston University,23,14,0,0,0,0,0,0
bostonuniversity:turlettimateo,"Turletti, Mateo",Boston University,30,14,0,0,0,0,0,0
umasslowell:forensichthomas,"Forensich, Thomas",UMass Lowell,0,13,0,0,0,0,0,0
umasslowell:medamtanay,"Medam, Tanay",UMass Lowell,00,14,0,0,0,0,0,0
umasslowell:harguindeymartin,"Harguindey, Martin",UMass Lowell,19,14,0,0,0,0,0,0
umasslowell:nouaimegeorge,"Nouaime, George",UMass Lowell,25,14,0,0,0,0,0,0
umasslowell:makarmaxim,"Makar, Maxim",UMass Lowell,26,14,0,0,0,0,0,0
umasslowell:correajuanpablo,"Correa, Juan-Pablo",UMass Lowell,33,14,0,0,0,0,0,0
saintpeters:chowaneccraig,"Chowanec, Craig",Saint Peter's,32,4,0,0,0,0,0,0
saintpeters:chambashuver,"Chamba, Shuver",Saint Peter's,33,4,0,0,0,0,0,0
saintpeters:gallegossantibanezdavid,"Gallegos-Santibanez, David",Saint Peter's,16,4,0,0,0,0,0,0
saintpeters:gallegossantibanezjuan,"Gallegos-Santibanez, Juan",Saint Peter's,18,4,0,0,0,0,0,0
saintpeters:mauricioalexander,"Mauricio, Alexander",Saint Peter's,26,4,0,0,0,0,0,0
saintpeters:philippedeacon,"Philippe, Deacon",Saint Peter's,31,3,0,0,0,0,0,0
saintpeters:mariscalevan,"Mariscal, Evan",Saint Peter's,34,4,0,0,0,0,0,0
saintpeters:nigliomatteo,"Niglio, Matteo",Saint Peter's,36,4,0,0,0,0,0,0
saintpeters:callejorge,"Calle, Jorge",Saint Peter's,37,4,0,0,0,0,0,0
saintpeters:ramirezchristian,"Ramirez, Christian",Saint Peter's,38,4,0,0,0,0,0,0
saintpeters:garciabryan,"Garcia, Bryan",Saint Peter's,39,4,0,0,0,0,0,0
lipscomb:badjibril,"Ba, Djibril",Lipscomb,15,11,0,0,0,0,0,0
memphis:haddadlogan,"Haddad, Logan",Memphis,0,14,0,0,0,0,0,0
memphis:piccolottochristian,"Piccolotto, Christian",Memphis,33,14,0,0,0,0,0,0
saintlouis:dillmanconnor,"Dillman, Connor",Saint Louis,0,10,0,0,0,0,0,0
saintlouis:demingkyle,"Deming, Kyle",Saint Louis,29,10,0,0,0,0,0,0
saintlouis:steinhaeusermarcus,"Steinhaeuser, Marcus",Saint Louis,30,10,0,0,0,0,0,0
saintlouis:knodlecarter,"Knodle, Carter",Saint Louis,15,10,0,0,0,0,0,0
saintlouis:mcnealjacksen,"McNeal, Jacksen",Saint Louis,21,10,0,0,0,0,0,0
saintlouis:kalishsam,"Kalish, Sam",Saint Louis,27,10,0,0,0,0,0,0
saintlouis:ponciroliluke,"Ponciroli, Luke",Saint Louis,33,10,0,0,0,0,0,0
southflorida:schferfelix,"Schäfer, Felix",South Florida,1,12,0,0,0,0,0,0
southflorida:devinetim,"Devine, Tim",South Florida,31,15,0,0,0,0,0,0
southflorida:garciarenadiego,"Garciarena, Diego",South Florida,32,12,0,0,0,0,0,0
southflorida:hafthorssondagur,"Hafthorsson, Dagur",South Florida,15,15,0,0,0,0,0,0
southflorida:gonzalezjacobo,"Gonzalez, Jacobo",South Florida,18,15,0,0,0,0,0,0
tulsa:goreckisebastian,"Gorecki, Sebastian",Tulsa,00,17,0,0,0,0,0,0
tulsa:slimisamy,"Slimi, Samy",Tulsa,1,17,0,0,0,0,0,0
csun:mendiolajose,"Mendiola, Jose",CSUN,0,4,0,0,0,0,0,0
csun:churyan,"Chu, Ryan",CSUN,19,4,0,0,0,0,0,0
csun:suhaibarashad,"Suhaiba, Rashad",CSUN,18,4,0,0,0,0,0,0
csun:daviladevin,"Davila, Devin",CSUN,28,4,0,0,0,0,0,0
csun:tankoudaveryan,"Tankou, Dave-Ryan",CSUN,29,4,0,0,0,0,0,0
csun:conyersbrayden,"Conyers, Brayden",CSUN,30,4,0,0,0,0,0,0
csun:cervantesjacob,"Cervantes, Jacob",CSUN,31,4,0,0,0,0,0,0
campbell:eastlackbrogan,"Eastlack, Brogan",Campbell,3,5,0,0,0,0,0,0
campbell:pedersonzane,"Pederson, Zane",Campbell,4,5,0,0,0,0,0,0
campbell:dubekana,"Dube, Kana",Campbell,13,5,0,0,0,0,0,0
campbell:squillaceaugustus,"Squillace, Augustus",Campbell,20,5,0,0,0,0,0,0
campbell:giovannettidaniel,"Giovannetti, Daniel",Campbell,29,5,0,0,0,0,0,0
davidsoncollege:frinkcharles,"Frink, Charles",Davidson College,23,19,0,0,0,0,0,0
drexel:hanasben,"Hanas, Ben",Drexel,27,13,0,0,0,0,0,0
drexel:wedelucas,"Wede, Lucas",Drexel,5,13,0,0,0,0,0,0
drexel:akhtarzain,"Akhtar, Zain",Drexel,13,13,0,0,0,0,0,0
drexel:onolajakaden,"Onolaja, Kaden",Drexel,14,1,0,0,0,0,0,0
drexel:diallomo,"Diallo, Mo",Drexel,15,13,0,0,0,0,0,0
drexel:thrainssontrausti,"Thrainsson, Trausti",Drexel,16,13,0,0,0,0,0,0
gardnerwebb:zaldivarethan,"Zaldivar, Ethan",Gardner-Webb,0,17,0,0,0,0,0,0
gardnerwebb:schultheisben,"Schultheis, Ben",Gardner-Webb,1,17,0,0,0,0,0,0
gardnerwebb:dzonlicamar,"Dzonlic, Amar",Gardner-Webb,40,17,0,0,0,0,0,0
gardnerwebb:mimosayashir,"Mimosa, Yashir",Gardner-Webb,8,17,0,0,0,0,0,0
gardnerwebb:gonzalezpablo,"Gonzalez, Pablo",Gardner-Webb,29,17,0,0,0,0,0,0
gardnerwebb:wildallen,"Wild, Allen",Gardner-Webb,18,17,0,0,0,0,0,0
gardnerwebb:tappourasryan,"Tappouras, Ryan",Gardner-Webb,23,17,0,0,0,0,0,0
gardnerwebb:nakamotoshunsuke,"Nakamoto, Shunsuke",Gardner-Webb,24,17,0,0,0,0,0,0
gardnerwebb:yamanemikio,"Yamane, Mikio",Gardner-Webb,25,17,0,0,0,0,0,0
gardnerwebb:kendalldavis,"Kendall, Davis",Gardner-Webb,44,17,0,0,0,0,0,0
uncgreensboro:inkpensantino,"Inkpen, Santino",UNC Greensboro,0,8,0,0,0,0,0,0
uncgreensboro:vanderhagenfelix,"Van der Hagen, Felix",UNC Greensboro,30,8,0,0,0,0,0,0
uncgreensboro:elliotttylar,"Elliott, Tylar",UNC Greensboro,12,8,0,0,0,0,0,0
radford:peacockbryceland,"Peacock, Bryceland",Radford,41,12,0,0,0,0,0,0
radford:jamrakizakaria,"Jamraki, Zakaria",Radford,2,12,0,0,0,0,0,0
radford:dignampeter,"Dignam, Peter",Radford,26,12,0,0,0,0,0,0
radford:masudileon,"Masudi, Leon",Radford,29,12,0,0,0,0,0,0
uncasheville:najarroadrian,"Najarro, Adrian",UNC Asheville,0,10,0,0,0,0,0,0
uncasheville:hjalestedlogi,"Hjalested, Logi",UNC Asheville,1,7,0,0,0,0,0,0
uncasheville:kohlbergandrew,"Kohlberg, Andrew",UNC Asheville,30,10,0,0,0,0,0,0
uncasheville:bengdsaj,"Bengds, A.J.",UNC Asheville,31,10,0,0,0,0,0,0
uncasheville:carrollxavier,"Carroll, Xavier",UNC Asheville,18,10,0,0,0,0,0,0
uncasheville:wilsonhunter,"Wilson, Hunter",UNC Asheville,19,10,0,0,0,0,0,0
uncasheville:minnecijackson,"Minneci, Jackson",UNC Asheville,22,10,0,0,0,0,0,0
uncasheville:ngoiepaul,"Ngoie, Paul",UNC Asheville,24,10,0,0,0,0,0,0
uncasheville:liboyidavid,"Liboyi, David",UNC Asheville,27,10,0,0,0,0,0,0
uncasheville:navanicolas,"Nava, Nicolas",UNC Asheville,32,10,0,0,0,0,0,0
howard:snyderjosh,"Snyder, Josh",Howard,34,3,0,0,0,0,0,0
belmontuniversity:leonardadam,"Leonard, Adam",Belmont University,32,4,0,0,0,0,0,0
belmontuniversity:roachjack,"Roach, Jack",Belmont University,33,4,0,0,0,0,0,0
belmontuniversity:robertsoncaleb,"Robertson, Caleb",Belmont University,8,4,0,0,0,0,0,0
belmontuniversity:robinsonhayden,"Robinson, Hayden",Belmont University,13,4,0,0,0,0,0,0
belmontuniversity:hendrixpalmer,"Hendrix, Palmer",Belmont University,22,4,0,0,0,0,0,0
wrightstate:petoussisgiorgos,"Petoussis, Giorgos",Wright State,6,8,0,0,0,0,0,0
wrightstate:gottinggabe,"Gotting, Gabe",Wright State,23,8,0,0,0,0,0,0
wrightstate:iveyvincent,"Ivey, Vincent",Wright State,28,8,0,0,0,0,0,0
californiabaptist:gaweljr,"Gawel, JR",California Baptist,31,9,0,0,0,0,0,0
californiabaptist:glocktate,"Glock, Tate",California Baptist,32,9,0,0,0,0,0,0
californiabaptist:borreroluis,"Borrero, Luis",California Baptist,11,9,0,0,0,0,0,0
californiabaptist:cabreramathi,"Cabrera , Mathi",California Baptist,14,9,0,0,0,0,0,0
californiabaptist:sullivanhudson,"Sullivan, Hudson",California Baptist,19,9,0,0,0,0,0,0
californiabaptist:lundjohannes,"Lund, Johannes",California Baptist,25,9,0,0,0,0,0,0
american:alvarezjuancarlos,"Alvarez, Juan Carlos",American,0,2,0,0,0,0,0,0
american:workmanalex,"Workman, Alex",American,18,2,0,0,0,0,0,0
american:larsenlars,"Larsen, Lars",American,21,2,0,0,0,0,0,0
american:edsellowen,"Edsell, Owen",American,24,2,0,0,0,0,0,0
american:ramosbrian,"Ramos, Brian",American,28,2,0,0,0,0,0,0
liberty:kellethan,"Kell, Ethan",Liberty,31,10,0,0,0,0,0,0
regent:sheltonlloyd,"Shelton, Lloyd",Regent,39,1,0,0,0,0,0,0
regent:millaisaac,"Milla, Isaac",Regent,20,1,0,0,0,0,0,0
marshall:janjicaleksa,"Janjic, Aleksa",Marshall,33,18,0,0,0,0,0,0
georgemason:carreongarciafernando,"Carreon Garcia, Fernando",George Mason,1,6,0,0,0,0,0,0
georgemason:desrochesjack,"Desroches, Jack",George Mason,33,6,0,0,0,0,0,0
georgemason:balkeyjohn,"Balkey, John",George Mason,12,6,0,0,0,0,0,0
georgemason:mcleodtresz,"McLeod, Tresz",George Mason,13,6,0,0,0,0,0,0
georgemason:kapetanovicalen,"Kapetanovic, Alen",George Mason,16,6,0,0,0,0,0,0
georgemason:clainquentin,"Clain, Quentin",George Mason,17,6,0,0,0,0,0,0
georgemason:ramoscristian,"Ramos, Cristian",George Mason,20,6,0,0,0,0,0,0
mercer:rothmichael,"Roth, Michael",Mercer,0,12,0,0,0,0,0,0
mercer:alexanderfrostluke,"Alexander-Frost, Luke",Mercer,9,5,0,0,0,0,0,0
mercer:jonesturner,"Jones, Turner",Mercer,18,12,0,0,0,0,0,0
mercer:blakeconnor,"Blake, Connor",Mercer,24,12,0,0,0,0,0,0
mercer:burnsryan,"Burns, Ryan",Mercer,27,12,0,0,0,0,0,0
oglethorpe:gardnerdaniel,"Gardner, Daniel",Oglethorpe,19,1,0,0,0,0,0,0
ucla:pendletonethan,"Pendleton, Ethan",UCLA,24,9,0,0,0,0,0,0
ucla:baltesbridger,"Baltes, Bridger",UCLA,26,9,0,0,0,0,0,0
ucsandiego:huydylan,"Huy, Dylan",UC San Diego,0,6,0,0,0,0,0,0
ucsandiego:greengary,"Green, Gary",UC San Diego,4,6,0,0,0,0,0,0
ucsandiego:sancheznolan,"Sanchez, Nolan",UC San Diego,5,6,0,0,0,0,0,0
ucsandiego:pulversmax,"Pulvers, Max",UC San Diego,13,6,0,0,0,0,0,0
ucsandiego:luechauermichael,"Luechauer, Michael",UC San Diego,20,6,0,0,0,0,0,0
ucsandiego:nishimotojack,"Nishimoto, Jack",UC San Diego,21,6,0,0,0,0,0,0
ucsandiego:hillelliott,"Hill, Elliott",UC San Diego,26,6,0,0,0,0,0,0
ucsandiego:patelsagar,"Patel, Sagar",UC San Diego,31,6,0,0,0,0,0,0
wofford:morrisevan,"Morris, Evan",Wofford,32,8,0,0,0,0,0,0
wofford:porcorokaleb,"Porcoro, Kaleb",Wofford,36,8,0,0,0,0,0,0
wofford:nicollkyle,"Nicoll, Kyle",Wofford,40,8,0,0,0,0,0,0
wofford:erankasebastian,"Eranka, Sebastian",Wofford,10,8,0,0,0,0,0,0
wofford:sinaniona,"Sinani, Ona",Wofford,14,8,0,0,0,0,0,0
wofford:rodriguezjacob,"Rodriguez, Jacob",Wofford,19,8,0,0,0,0,0,0
wofford:duncanethan,"Duncan, Ethan",Wofford,25,8,0,0,0,0,0,0
loyola:anctilzackary,"Anctil, Zackary",Loyola,33,3,0,0,0,0,0,0
loyola:laffeynick,"Laffey, Nick",Loyola,25,3,0,0,0,0,0,0
loyola:stewartjackson,"Stewart, Jackson",Loyola,27,3,0,0,0,0,0,0
loyola:gomezgerritysergio,"Gomez Gerrity, Sergio",Loyola,35,3,0,0,0,0,0,0
seattle:purvisowen,"Purvis, Owen",Seattle,0,5,0,0,0,0,0,0
seattle:abrahamissak,"Abraham, Issak",Seattle,33,5,0,0,0,0,0,0
wakeforest:distefanojohn,"Di Stefano, John",Wake Forest,1,13,0,0,0,0,0,0
wakeforest:mitchellpariss,"Mitchell, Pariss",Wake Forest,9,13,0,0,0,0,0,0
wakeforest:batesonpierce,"Bateson, Pierce",Wake Forest,17,13,0,0,0,0,0,0
hofstra:ganunaidan,"GaNun, Aidan",Hofstra,39,4,0,0,0,0,0,0
hofstra:llamozasdaniel,"Llamozas, Daniel",Hofstra,22,4,0,0,0,0,0,0
hofstra:karageorgiskonstantinos,"Karageorgis, Konstantinos",Hofstra,35,4,0,0,0,0,0,0
hofstra:wauchopedylan,"Wauchope, Dylan",Hofstra,36,4,0,0,0,0,0,0
umass:hartlagecrew,"Hartlage, Crew",UMass,30,11,0,0,0,0,0,0
umass:claphamharry,"Clapham, Harry",UMass,21,11,0,0,0,0,0,0
umass:gayletaylon,"Gayle, Taylon",UMass,23,11,0,0,0,0,0,0
northernkentucky:lopesmorgan,"Lopes, Morgan",Northern Kentucky,30,2,0,0,0,0,0,0
northernkentucky:samwaysnicholas,"Samways, Nicholas",Northern Kentucky,4,2,0,0,0,0,0,0
northernkentucky:ryankobe,"Ryan, Kobe",Northern Kentucky,21,2,0,0,0,0,0,0
northernkentucky:beeneli,"Been, Eli",Northern Kentucky,24,2,0,0,0,0,0,0
northernkentucky:bylandparker,"Byland, Parker",Northern Kentucky,26,2,0,0,0,0,0,0
fiu:grollmannflorian,"Grollmann, Florian",FIU,30,7,0,0,0,0,0,0
fiu:kohdohyun,"Koh, Dohyun",FIU,13,7,0,0,0,0,0,0
oakland:ubaydiquentin,"Ubaydi, Quentin",Oakland,0,5,0,0,0,0,0,0
indiana:pielaaj,"Piela, AJ",Indiana,0,17,0,0,0,0,0,0
indiana:johnsencooper,"Johnsen, Cooper",Indiana,30,17,0,0,0,0,0,0
indiana:jacksonjayvyn,"Jackson, Jayvyn",Indiana,18,17,0,0,0,0,0,0
indiana:sloanowen,"Sloan, Owen",Indiana,24,17,0,0,0,0,0,0
michigan:barrenbeau,"Barren, Beau",Michigan,0,18,0,0,0,0,0,0
michigan:lospatrick,"Los, Patrick",Michigan,20,18,0,0,0,0,0,0
michigan:beanalen,"Bean, Alen",Michigan,28,18,0,0,0,0,0,0
michigan:perezrocky,"Perez, Rocky",Michigan,14,18,0,0,0,0,0,0
michigan:nabakajonathan,"Nabaka, Jonathan",Michigan,32,18,0,0,0,0,0,0
uncwilmington:rhodescolin,"Rhodes, Colin",UNC Wilmington,30,5,0,0,0,0,0,0
uncwilmington:kirilajackson,"Kirila, Jackson",UNC Wilmington,25,5,0,0,0,0,0,0
uncwilmington:awalibrahim,"Awal, Ibrahim",UNC Wilmington,27,5,0,0,0,0,0,0
sanjosestate:arellanojorge,"Arellano, Jorge",San Jose State,27,3,0,0,0,0,0,0
sanjosestate:farleycolin,"Farley, Colin",San Jose State,28,3,0,0,0,0,0,0
sanjosestate:gutierrezangel,"Gutierrez, Angel",San Jose State,14,3,0,0,0,0,0,0
sanjosestate:suarezmiliano,"Suarez, Miliano",San Jose State,15,3,0,0,0,0,0,0
sanjosestate:garciaemmanuel,"Garcia, Emmanuel",San Jose State,25,3,0,0,0,0,0,0
colgate:christiansenmason,"Christiansen, Mason",Colgate,0,7,0,0,0,0,0,0
colgate:ethridgeadam,"Ethridge, Adam",Colgate,31,7,0,0,0,0,0,0
colgate:catesconnor,"Cates, Connor",Colgate,2,7,0,0,0,0,0,0
colgate:thygesonwill,"Thygeson, Will",Colgate,18,7,0,0,0,0,0,0
colgate:kraemernick,"Kraemer, Nick",Colgate,25,7,0,0,0,0,0,0
liu:reiterkilian,"Reiter, Kilian",LIU,1,3,0,0,0,0,0,0
liu:justincicgianluca,"Justincic, Gianluca",LIU,31,3,0,0,0,0,0,0
liu:courtneymiles,"Courtney, Miles",LIU,21,3,0,0,0,0,0,0
liu:pinoalejandro,"Pino, Alejandro",LIU,22,3,0,0,0,0,0,0
liu:gulinoanthony,"Gulino, Anthony",LIU,24,3,0,0,0,0,0,0
liu:kodymkuba,"Kodym, Kuba",LIU,26,3,0,0,0,0,0,0
liu:shinkyumin,"Shin, Kyumin",LIU,34,3,0,0,0,0,0,0
liu:djordjevicmarko,"Djordjevic, Marko",LIU,45,1,0,0,0,0,0,0
omaha:kellyoliver,"Kelly, Oliver",Omaha,12,7,0,0,0,0,0,0
omaha:ezerzerdavid,"Ezerzer, David",Omaha,16,7,0,0,0,0,0,0
omaha:schendtben,"Schendt, Ben",Omaha,20,7,0,0,0,0,0,0
omaha:francobrian,"Franco, Brian",Omaha,23,7,0,0,0,0,0,0
omaha:schendtsam,"Schendt, Sam",Omaha,26,7,0,0,0,0,0,0
delaware:vanluvaneepatrick,"VanLuvanee, Patrick",Delaware,31,11,0,0,0,0,0,0
calstatefullerton:kennedyeoin,"Kennedy, Eoin",Cal State Fullerton,00,2,0,0,0,0,0,0
calstatefullerton:camposantonio,"Campos, Antonio",Cal State Fullerton,34,2,0,0,0,0,0,0
calstatefullerton:grimesemerson,"Grimes, Emerson",Cal State Fullerton,24,2,0,0,0,0,0,0
calstatefullerton:blairgriffin,"Blair, Griffin",Cal State Fullerton,25,2,0,0,0,0,0,0
calstatefullerton:brothersaidan,"Brothers, Aidan",Cal State Fullerton,28,2,0,0,0,0,0,0
calstatefullerton:wheelerquintanillanikolas,"Wheeler-Quintanilla, Nikolas",Cal State Fullerton,29,2,0,0,0,0,0,0
uscupstate:onealsean,"O'Neal, Sean",USC Upstate,00,12,0,0,0,0,0,0
uscupstate:albertschristopher,"Alberts, Christopher",USC Upstate,17,12,0,0,0,0,0,0
uscupstate:carranzaharold,"Carranza, Harold",USC Upstate,21,12,0,0,0,0,0,0
uscupstate:whitefatobi,"White, Fatobi",USC Upstate,22,12,0,0,0,0,0,0
uscupstate:erdemmete,"Erdem, Mete",USC Upstate,23,12,0,0,0,0,0,0
uscupstate:marascokelian,"Marasco, Kelian",USC Upstate,24,12,0,0,0,0,0,0
uscupstate:duqingcheng,"Du, Qingcheng",USC Upstate,27,7,0,0,0,0,0,0
uscupstate:chandlerryan,"Chandler, Ryan",USC Upstate,31,12,0,0,0,0,0,0
uscupstate:sanchezpedro,"Sanchez, Pedro",USC Upstate,32,12,0,0,0,0,0,0
uscupstate:gummeraiden,"Gummer, Aiden",USC Upstate,34,12,0,0,0,0,0,0
uscupstate:leepercaysen,"Leeper, Caysen",USC Upstate,36,12,0,0,0,0,0,0
uscupstate:remyfabrice,"Remy, Fabrice",USC Upstate,99,11,0,0,0,0,0,0
siena:rananicky,"Rana, Nicky",Siena,33,6,0,0,0,0,0,0
siena:kanicmuamer,"Kanic, Muamer",Siena,19,6,0,0,0,0,0,0
siena:capollarienesio,"Capollari, Enesio",Siena,29,6,0,0,0,0,0,0
uab:olsongarrett,"Olson, Garrett",UAB,13,12,0,0,0,0,0,0
uab:thompsoncamren,"Thompson, Camren",UAB,20,12,0,0,0,0,0,0
uab:zenzendavid,"Zenzen, David",UAB,25,12,0,0,0,0,0,0
georgetown:torubaradmytro,"Torubara, Dmytro",Georgetown,30,14,0,0,0,0,0,0
georgetown:averymiles,"Avery, Miles",Georgetown,5,14,0,0,0,0,0,0
maryland:wolcottsaxon,"Wolcott, Saxon",Maryland,0,19,0,0,0,0,0,0
maryland:milosevicalexander,"Milosevic, Alexander",Maryland,50,19,0,0,0,0,0,0
maryland:burdettluke,"Burdett, Luke",Maryland,2,19,0,0,0,0,0,0
maryland:griffithcolin,"Griffith, Colin",Maryland,9,19,0,0,0,0,0,0
maryland:rileymax,"Riley, Max",Maryland,12,19,0,0,0,0,0,0
maryland:micheljameson,"Michel, Jameson",Maryland,15,19,0,0,0,0,0,0
maryland:pricecasey,"Price, Casey",Maryland,20,19,0,0,0,0,0,0
newhaven:matherkyle,"Mather, Kyle",New Haven,1,5,0,0,0,0,0,0
newhaven:breenaidan,"Breen, Aidan",New Haven,38,5,0,0,0,0,0,0
newhaven:sullivanaidan,"Sullivan, Aidan",New Haven,40,5,0,0,0,0,0,0
newhaven:robinsonmatthew,"Robinson, Matthew",New Haven,42,5,0,0,0,0,0,0
newhaven:sarpongkj,"Sarpong, Kj",New Haven,43,5,0,0,0,0,0,0
newhaven:zunigamatias,"Zuniga, Matias",New Haven,44,5,0,0,0,0,0,0
newhaven:mulleryakob,"Muller, Yakob",New Haven,45,5,0,0,0,0,0,0
lasalle:webbkiernan,"Webb, Kiernan",La Salle,1,3,0,0,0,0,0,0
lasalle:alajajianmardig,"Alajajian, Mardig",La Salle,9,3,0,0,0,0,0,0
lasalle:ferrarilorenzo,"Ferrari, Lorenzo",La Salle,10,3,0,0,0,0,0,0
lasalle:kimdaeyeong,"Kim, Daeyeong",La Salle,28,3,0,0,0,0,0,0
lasalle:bellbilal,"Bell, Bilal",La Salle,33,3,0,0,0,0,0,0
lasalle:millisockdavin,"Millisock, Davin",La Salle,34,3,0,0,0,0,0,0
lasalle:myrickrobert,"Myrick, Robert",La Salle,99,3,0,0,0,0,0,0
kansascity:lansdownadam,"Lansdown, Adam",Kansas City,24,14,0,0,0,0,0,0
kansascity:fischerlennart,"Fischer, Lennart",Kansas City,25,14,0,0,0,0,0,0
kansascity:colebrevyn,"Cole, Brevyn",Kansas City,3,14,0,0,0,0,0,0
kansascity:ayoadecameron,"Ayoade, Cameron",Kansas City,13,14,0,0,0,0,0,0
kansascity:middletonbrice,"Middleton, Brice",Kansas City,28,14,0,0,0,0,0,0
kansascity:witishughesian,"Witis-Hughes, Ian",Kansas City,31,14,0,0,0,0,0,0
missouristate:cullumdanny,"Cullum, Danny",Missouri State,30,8,0,0,0,0,0,0
missouristate:rodriguezalex,"Rodriguez, Alex",Missouri State,19,12,0,0,0,0,0,0
missouristate:hanssenpetter,"Hanssen, Petter",Missouri State,20,8,0,0,0,0,0,0
charleston:marshallolly,"Marshall, Olly",Charleston,1,13,0,0,0,0,0,0
charleston:alibaruhobemanzi,"Alibaruho, Bemanzi",Charleston,22,13,0,0,0,0,0,0
charleston:killeenpaul,"Killeen, Paul",Charleston,27,13,0,0,0,0,0,0
csubakersfield:molinanickolas,"Molina, Nickolas",CSU Bakersfield,22,3,0,0,0,0,0,0
csubakersfield:lombanajeshua,"Lombana, Jeshua",CSU Bakersfield,30,3,0,0,0,0,0,0
csubakersfield:mirelesdiego,"Mireles, Diego",CSU Bakersfield,5,3,0,0,0,0,0,0
csubakersfield:acevesalec,"Aceves, Alec",CSU Bakersfield,13,3,0,0,0,0,0,0
csubakersfield:aguilardejan,"Aguilar, Dejan",CSU Bakersfield,18,3,0,0,0,0,0,0
csubakersfield:robinsonjosh,"Robinson, Josh",CSU Bakersfield,26,3,0,0,0,0,0,0
csubakersfield:erwinben,"Erwin, Ben",CSU Bakersfield,27,3,0,0,0,0,0,0
pennstate:mattinglydrew,"Mattingly, Drew",Penn State,29,8,0,0,0,0,0,0
pennstate:flaskagerfrederik,"Flaskager, Frederik",Penn State,18,8,0,0,0,0,0,0
pennstate:ferraroriley,"Ferraro, Riley",Penn State,28,8,0,0,0,0,0,0
universityofevansville:bachuzewskicole,"Bachuzewski, Cole",University of Evansville,0,4,0,0,0,0,0,0
universityofevansville:johnsonconner,"Johnson, Conner",University of Evansville,00,4,0,0,0,0,0,0
universityofevansville:amohugo,"Amo, Hugo",University of Evansville,1,4,0,0,0,0,0,0
universityofevansville:wallermichael,"Waller, Michael",University of Evansville,15,4,0,0,0,0,0,0
universityofevansville:walteraustin,"Walter, Austin",University of Evansville,16,4,0,0,0,0,0,0
universityofevansville:hendriesean,"Hendrie, Sean",University of Evansville,20,4,0,0,0,0,0,0
universityofevansville:raileyfinn,"Railey, Finn",University of Evansville,23,4,0,0,0,0,0,0
universityofevansville:lazarskinick,"Lazarski, Nick",University of Evansville,28,4,0,0,0,0,0,0
universityofevansville:penderskyle,"Penders, Kyle",University of Evansville,29,4,0,0,0,0,0,0
universityofevansville:robinsonlloyd,"Robinson, Lloyd",University of Evansville,30,4,0,0,0,0,0,0
universityofevansville:bckinggerkenaron,"Böcking Gerken, Aron",University of Evansville,32,4,0,0,0,0,0,0
universityofevansville:fischben,"Fisch, Ben",University of Evansville,33,4,0,0,0,0,0,0
universityofevansville:smirnovarsenii,"Smirnov, Arsenii",University of Evansville,34,4,0,0,0,0,0,0
universityofevansville:smithharrison,"Smith, Harrison",University of Evansville,35,4,0,0,0,0,0,0
universityofevansville:burkebryson,"Burke, Bryson",University of Evansville,36,4,0,0,0,0,0,0
universityofevansville:starrmalcolm,"Starr, Malcolm",University of Evansville,38,4,0,0,0,0,0,0
universityofevansville:koziurabenjie,"Koziura, Benjie",University of Evansville,39,4,0,0,0,0,0,0
universityofevansville:engelbrechtaidan,"Engelbrecht, Aidan",University of Evansville,40,4,0,0,0,0,0,0
oralroberts:urarikiya,"Ura, Rikiya",Oral Roberts,0,7,0,0,0,0,0,0
oralroberts:parmacameron,"Parma, Cameron",Oral Roberts,29,7,0,0,0,0,0,0
oralroberts:jonessamuel,"Jones, Samuel",Oral Roberts,23,7,0,0,0,0,0,0
oralroberts:morganjonathan,"Morgan, Jonathan",Oral Roberts,24,7,0,0,0,0,0,0
oralroberts:hatleymason,"Hatley, Mason",Oral Roberts,26,7,0,0,0,0,0,0
oralroberts:ulloapierre,"Ulloa, Pierre",Oral Roberts,28,1,0,0,0,0,0,0
oralroberts:andersonchance,"Anderson, Chance",Oral Roberts,33,7,0,0,0,0,0,0
njit:ibanezperusquiasebastian,"Ibanez Perusquia, Sebastian",NJIT,31,2,0,0,0,0,0,0
njit:mckelljefferssamori,"McKell-Jeffers, Samori",NJIT,32,2,0,0,0,0,0,0
njit:cosmanbryan,"Cosman, Bryan",NJIT,13,1,0,0,0,0,0,0
njit:barbotomaximus,"Barboto, Maximus",NJIT,16,2,0,0,0,0,0,0
chicagostate:garciasantiagobryant,"Garcia Santiago, Bryant",Chicago State,30,3,0,0,0,0,0,0
chicagostate:medranosalvador,"Medrano, Salvador",Chicago State,11,3,0,0,0,0,0,0
drake:jefferycarson,"Jeffery, Carson",Drake,0,4,0,0,0,0,0,0
drake:woodrobbie,"Wood, Robbie",Drake,22,4,0,0,0,0,0,0
drake:jahsaiheed,"Jah, Saiheed",Drake,23,4,0,0,0,0,0,0
drake:fuentesdaniel,"Fuentes, Daniel",Drake,26,4,0,0,0,0,0,0
drake:pascarellajp,"Pascarella, J.P.",Drake,30,4,0,0,0,0,0,0
greenbay:shenecarson,"Shene, Carson",Green Bay,31,5,0,0,0,0,0,0
greenbay:dorchesterjames,"Dorchester, James",Green Bay,8,5,0,0,0,0,0,0
greenbay:drendeldylan,"Drendel, Dylan",Green Bay,16,5,0,0,0,0,0,0
greenbay:coughlintommy,"Coughlin, Tommy",Green Bay,17,5,0,0,0,0,0,0
greenbay:hendricksnathan,"Hendricks, Nathan",Green Bay,25,5,0,0,0,0,0,0
ohiostate:stollerrj,"Stoller, RJ",Ohio State,24,13,0,0,0,0,0,0
ohiostate:laramoreluke,"Laramore, Luke",Ohio State,28,13,0,0,0,0,0,0
ohiostate:mclaughlinmartin,"McLaughlin, Martin",Ohio State,21,13,0,0,0,0,0,0
houstonchristian:heepsharvey,"Heeps, Harvey",Houston Christian,0,1,0,0,0,0,0,0
houstonchristian:jaimesangel,"Jaimes, Angel",Houston Christian,30,1,0,0,0,0,0,0
houstonchristian:jobenygel,"Jobe, Nygel",Houston Christian,12,1,0,0,0,0,0,0
houstonchristian:mooremarcos,"Moore, Marcos",Houston Christian,18,1,0,0,0,0,0,0
houstonchristian:yamnakevin,"Yamna, Kevin",Houston Christian,19,1,0,0,0,0,0,0
houstonchristian:starlingjace,"Starling, Jace",Houston Christian,22,1,0,0,0,0,0,0
houstonchristian:grotechris,"Grote, Chris",Houston Christian,27,1,0,0,0,0,0,0
jacksonville:foxbrayden,"Fox, Brayden",Jacksonville,30,4,0,0,0,0,0,0
jacksonville:gracealex,"Grace, Alex",Jacksonville,35,4,0,0,0,0,0,0
jacksonville:sandbergetfredrik,"Sandberget, Fredrik",Jacksonville,15,4,0,0,0,0,0,0
jacksonville:clancyshane,"Clancy, Shane",Jacksonville,18,4,0,0,0,0,0,0
dayton:barrywill,"Barry, Will",Dayton,25,2,0,0,0,0,0,0
dayton:crawfordcayden,"Crawford, Cayden",Dayton,27,2,0,0,0,0,0,0
dayton:learjames,"Lear, James",Dayton,15,2,0,0,0,0,0,0
dayton:jabatehsidike,"Jabateh, Sidike",Dayton,20,2,0,0,0,0,0,0
ucirvine:jingpaul,"Jing, Paul",UC Irvine,34,17,0,0,0,0,0,0
ucirvine:gomezluis,"Gomez, Luis",UC Irvine,12,17,0,0,0,0,0,0
ucirvine:haganmatt,"Hagan, Matt",UC Irvine,28,14,0,0,0,0,0,0
calstatela:bravodiego,"Bravo, Diego",Cal State LA,0,1,0,0,0,0,0,0
calstatela:cabreraricardo,"Cabrera, Ricardo",Cal State LA,33,1,0,0,0,0,0,0
calstatela:sundemichael,"Sunde, Michael",Cal State LA,15,1,0,0,0,0,0,0
calstatela:lindtheo,"Lind, Theo",Cal State LA,20,1,0,0,0,0,0,0
calstatela:steffenleon,"Steffen, Leon",Cal State LA,25,1,0,0,0,0,0,0
bowlinggreen:schuttewill,"Schutte, Will",Bowling Green,28,4,0,0,0,0,0,0
bowlinggreen:koczulaptim,"Koczulap, Tim",Bowling Green,3,4,0,0,0,0,0,0
bowlinggreen:dedicamer,"Dedic, Amer",Bowling Green,4,4,0,0,0,0,0,0
bowlinggreen:wilbankssawyer,"Wilbanks, Sawyer",Bowling Green,16,4,0,0,0,0,0,0
bowlinggreen:mehicnamik,"Mehic, Namik",Bowling Green,19,4,0,0,0,0,0,0
bowlinggreen:ramirezdiego,"Ramirez, Diego",Bowling Green,20,4,0,0,0,0,0,0
airforce:lanphieriain,"Lanphier, Iain",Air Force,99,12,0,0,0,0,0,0
airforce:skevingtonkyle,"Skevington, Kyle",Air Force,5,12,0,0,0,0,0,0
airforce:ajyemanmenes,"Ajyeman, Menes",Air Force,11,12,0,0,0,0,0,0
airforce:stausjoshua,"Staus, Joshua",Air Force,32,12,0,0,0,0,0,0
siuedwardsville:kornasethan,"Kornas, Ethan",SIU-Edwardsville,29,1,0,0,0,0,0,0
siuedwardsville:odaypatrick,"O'Day, Patrick",SIU-Edwardsville,30,1,0,0,0,0,0,0
siuedwardsville:sargenttyler,"Sargent, Tyler",SIU-Edwardsville,2,1,0,0,0,0,0,0
siuedwardsville:forestierelliott,"Forestier, Elliott",SIU-Edwardsville,3,1,0,0,0,0,0,0
siuedwardsville:sousarodriguespaulojunior,"Sousa Rodrigues, Paulo Junior",SIU-Edwardsville,13,1,0,0,0,0,0,0
siuedwardsville:hillgarrison,"Hill, Garrison",SIU-Edwardsville,16,1,0,0,0,0,0,0
siuedwardsville:clausenmathias,"Clausen, Mathias",SIU-Edwardsville,20,1,0,0,0,0,0,0
siuedwardsville:gibbskarson,"Gibbs, Karson",SIU-Edwardsville,24,1,0,0,0,0,0,0
siuedwardsville:mosleyanton,"Mosley, Anton",SIU-Edwardsville,25,1,0,0,0,0,0,0
siuedwardsville:comerseth,"Comer, Seth",SIU-Edwardsville,26,1,0,0,0,0,0,0
siuedwardsville:bartonidom,"Bartoni, Dom",SIU-Edwardsville,27,1,0,0,0,0,0,0
incarnateword:haugeanders,"Hauge, Anders",Incarnate Word,0,4,0,0,0,0,0,0
incarnateword:salmeronvictor,"Salmeron, Victor",Incarnate Word,1,4,0,0,0,0,0,0
incarnateword:rioserick,"Rios, Erick",Incarnate Word,16,4,0,0,0,0,0,0
incarnateword:elizaldecesar,"Elizalde, Cesar",Incarnate Word,23,4,0,0,0,0,0,0
incarnateword:fernandezeduardo,"Fernandez, Eduardo",Incarnate Word,27,4,0,0,0,0,0,0
incarnateword:gyedureagan,"Gyedu, Reagan",Incarnate Word,30,4,0,0,0,0,0,0
gonzaga:isasidylan,"Isasi, Dylan",Gonzaga,0,7,0,0,0,0,0,0
gonzaga:dalhartisaac,"Dalhart, Isaac",Gonzaga,15,7,0,0,0,0,0,0
gonzaga:murillopavoncarlos,"Murillo Pavon, Carlos",Gonzaga,22,7,0,0,0,0,0,0
gonzaga:steindashiell,"Stein, Dashiell",Gonzaga,23,7,0,0,0,0,0,0
gonzaga:deijckjellevan,"Deijck, Jelle Van",Gonzaga,28,3,0,0,0,0,0,0
gonzaga:gadeavictor,"Gadea, Victor",Gonzaga,87,7,0,0,0,0,0,0
providence:ajayiolumayowa,"Ajayi, Olumayowa",Providence,24,1,0,0,0,0,0,0
iuindy:jonesjordin,"Jones, Jordin",IU Indy,30,1,0,0,0,0,0,0
iuindy:cavanaughdaniel,"Cavanaugh, Daniel",IU Indy,33,1,0,0,0,0,0,0
iuindy:seymourshawn,"Seymour, Shawn",IU Indy,9,1,0,0,0,0,0,0
iuindy:vermillionethan,"Vermillion, Ethan",IU Indy,10,1,0,0,0,0,0,0
iuindy:deweylevi,"Dewey, Levi",IU Indy,13,1,0,0,0,0,0,0
iuindy:herreragustavo,"Herrera, Gustavo",IU Indy,14,1,0,0,0,0,0,0
iuindy:correialuke,"Correia, Luke",IU Indy,20,1,0,0,0,0,0,0
iuindy:purschalex,"Pursch, Alex",IU Indy,36,1,0,0,0,0,0,0
bucknell:blodgettandrew,"Blodgett, Andrew",Bucknell,1,11,0,0,0,0,0,0
westernmichigan:coonjohn,"Coon, John",Western Michigan,37,4,0,0,0,0,0,0
westernmichigan:piacentinianthony,"Piacentini, Anthony",Western Michigan,23,4,0,0,0,0,0,0
unknown:1,1,Unknown,1,8,0,0,0,11,0,0
unknown:oskarkaufmann1,Oskar Kaufmann (1),Unknown,USC Upstate,1,0,0,0,0,0,0
unknown:ethanballek1assistedbyjonahbigger,"Ethan Ballek (1)
Assisted by: Jonah Bigger",Unknown,South Carolina,1,0,0,0,0,0,0
unknown:oscarkelly1,Oscar Kelly (1),Unknown,USC Upstate,1,0,0,0,0,0,0
unknown:uscupstate,USC Upstate,Unknown,56:19,4,0,0,0,0,0,0
highpoint:trogdoncaleb,"Trogdon, Caleb",High Point,37,6,0,0,0,0,0,0
highpoint:sladejack,"Slade, Jack",High Point,26,6,0,0,0,0,0,0
highpoint:bazzellaiden,"Bazzell, Aiden",High Point,27,6,0,0,0,0,0,0
highpoint:mcdowelljacob,"McDowell, Jacob",High Point,28,6,0,0,0,0,0,0
highpoint:sarvisparker,"Sarvis, Parker",High Point,30,6,0,0,0,0,0,0
centralarkansas:giovanardimatisse,"Giovanardi, Matisse",Central Arkansas,01,3,0,0,0,0,0,0
centralarkansas:dovalematthew,"Dovale, Matthew",Central Arkansas,21,3,0,0,0,0,0,0
centralarkansas:laceycharlie,"Lacey, Charlie",Central Arkansas,13,3,0,0,0,0,0,0
centralarkansas:switzersamuel,"Switzer, Samuel",Central Arkansas,20,3,0,0,0,0,0,0
centralarkansas:hindsjaxon,"Hinds, Jaxon",Central Arkansas,24,3,0,0,0,0,0,0
centralarkansas:gonzalezivan,"Gonzalez, Ivan",Central Arkansas,31,3,0,0,0,0,0,0
easternillinois:torunosamuel,"Toruno, Samuel",Eastern Illinois,30,1,0,0,0,0,0,0
easternillinois:sudormax,"Sudor, Max",Eastern Illinois,24,1,0,0,0,0,0,0
easternillinois:sekinadashotaro,"Sekinada, Shotaro",Eastern Illinois,26,1,0,0,0,0,0,0
easternillinois:kavumvulabeni,"Kavumvula, Beni",Eastern Illinois,29,1,0,0,0,0,0,0
easternillinois:anchietaluiz,"Anchieta, Luiz",Eastern Illinois,33,1,0,0,0,0,0,0
brown:voellmickeben,"Voellmicke, Ben",Brown,30,10,0,0,0,0,0,0
brown:sancheznicholas,"Sanchez, Nicholas",Brown,12,13,0,0,0,0,0,0
brown:akindelekitan,"Akindele, Kitan",Brown,21,13,0,0,0,0,0,0
brown:espositojonah,"Esposito, Jonah",Brown,26,13,0,0,0,0,0,0
holycross:boettcherlucas,"Boettcher, Lucas",Holy Cross,30,7,0,0,0,0,0,0
holycross:oladapoalex,"Oladapo, Alex",Holy Cross,23,7,0,0,0,0,0,0
holycross:cateaujeremiah,"Cateau, Jeremiah",Holy Cross,24,7,0,0,0,0,0,0
lehigh:ramseyjonah,"Ramsey, Jonah",Lehigh,31,10,0,0,0,0,0,0
lehigh:kuenstleconnor,"Kuenstle, Connor",Lehigh,13,10,0,0,0,0,0,0
lehigh:bantonajani,"Banton, Ajani",Lehigh,24,10,0,0,0,0,0,0
columbiauniversity:takiaris,"Taki, Aris",Columbia University,30,12,0,0,0,0,0,0
columbiauniversity:bakerchad,"Baker, Chad",Columbia University,11,12,0,0,0,0,0,0
columbiauniversity:sacksoli,"Sacks, Oli",Columbia University,17,12,0,0,0,0,0,0
bellarmine:howardbenny,"Howard, Benny",Bellarmine,36,1,0,0,0,0,0,0
bellarmine:thompsongavin,"Thompson, Gavin",Bellarmine,50,1,0,0,0,0,0,0
bellarmine:griffinbraden,"Griffin, Braden",Bellarmine,5,1,0,0,0,0,0,0
bellarmine:murphymax,"Murphy, Max",Bellarmine,18,1,0,0,0,0,0,0
bellarmine:carletonjohn,"Carleton, John",Bellarmine,19,1,0,0,0,0,0,0
bellarmine:torrejames,"Torre, James",Bellarmine,28,1,0,0,0,0,0,0
bellarmine:opieezekiel,"Opie, Ezekiel",Bellarmine,34,1,0,0,0,0,0,0
bellarmine:mccameyiiijimmy,"McCamey III, Jimmy",Bellarmine,41,1,0,0,0,0,0,0
northeastern:kalotaynemecguthrie,"Kalotay-Nemec, Guthrie",Northeastern,0,3,0,0,0,0,0,0
northeastern:elmbladbrady,"Elmblad, Brady",Northeastern,31,3,0,0,0,0,0,0
northeastern:balatskosergey,"Balatsko, Sergey",Northeastern,33,3,0,0,0,0,0,0
northeastern:berishaderian,"Berisha, Derian",Northeastern,15,3,0,0,0,0,0,0
northeastern:doglioliignacio,"Doglioli, Ignacio",Northeastern,22,3,0,0,0,0,0,0
northeastern:rapoanthony,"Rapo, Anthony",Northeastern,28,3,0,0,0,0,0,0
furman:salinasaaron,"Salinas, Aaron",Furman,1,8,0,0,0,0,0,0
stjohns:bezamanicholas,"Bezama, Nicholas",St. John's,00,3,0,0,0,0,0,0
stjohns:sakauemateus,"Sakaue, Mateus",St. John's,0,3,0,0,0,0,0,0
stjohns:ranisavljeviduan,"Ranisavljević, Dušan",St. John's,29,3,0,0,0,0,0,0
stthomas:moorenathaniel,"Moore, Nathaniel",St. Thomas,31,10,0,0,0,0,0,0
stthomas:bencejohn,"Bence, John",St. Thomas,20,10,0,0,0,0,0,0
stthomas:marshallluke,"Marshall, Luke",St. Thomas,24,10,0,0,0,0,0,0
stthomas:deslongchampszachary,"Deslongchamps, Zachary",St. Thomas,26,5,0,0,0,0,0,0
stthomas:wilkinsonkienan,"Wilkinson, Kienan",St. Thomas,28,10,0,0,0,0,0,0
unlv:fewsterneven,"Fewster, Neven",UNLV,0,3,0,0,0,0,0,0
unlv:maynesjack,"Maynes, Jack",UNLV,33,3,0,0,0,0,0,0
unlv:alaniztheo,"Alaniz, Theo",UNLV,21,3,0,0,0,0,0,0
siue:odaypatrick,"O'Day, Patrick",SIUE,30,3,0,0,0,0,0,0
siue:ezquerroenrique,"Ezquerro, Enrique",SIUE,12,3,0,0,0,0,0,0
siue:hillgarrison,"Hill, Garrison",SIUE,16,3,0,0,0,0,0,0
siue:comerseth,"Comer, Seth",SIUE,26,3,0,0,0,0,0,0
universityoftheincarnateword:haugeanders,"Hauge, Anders",University of the Incarnate Word,0,1,0,0,0,0,0,0
universityoftheincarnateword:salmeronvictor,"Salmeron, Victor",University of the Incarnate Word,1,1,0,0,0,0,0,0
universityoftheincarnateword:diphokosello,"Diphoko, Sello",University of the Incarnate Word,7,1,0,0,0,0,0,0
universityoftheincarnateword:avilescristian,"Aviles, Cristian",University of the Incarnate Word,13,1,0,0,0,0,0,0
universityoftheincarnateword:rioserick,"Rios, Erick",University of the Incarnate Word,16,1,0,0,0,0,0,0
universityoftheincarnateword:aguirreleonardo,"Aguirre, Leonardo",University of the Incarnate Word,19,1,0,0,0,0,0,0
universityoftheincarnateword:elizaldecesar,"Elizalde, Cesar",University of the Incarnate Word,23,1,0,0,0,0,0,0
universityoftheincarnateword:williamsjaylen,"Williams, Jaylen",University of the Incarnate Word,25,1,0,0,0,0,0,0
universityoftheincarnateword:fernandezeduardo,"Fernandez, Eduardo",University of the Incarnate Word,27,1,0,0,0,0,0,0
universityoftheincarnateword:gyedureagan,"Gyedu, Reagan",University of the Incarnate Word,30,1,0,0,0,0,0,0
universityoftheincarnateword:longzion,"Long, Zion",University of the Incarnate Word,32,1,0,0,0,0,0,0
southflorida:,",",South Florida,,1,0,0,0,0,0,0
fgcu:garciaeduard,"Garcia, Eduard",FGCU,29,4,0,0,0,0,0,0
fgcu:spernerlucas,"Sperner, Lucas",FGCU,15,4,0,0,0,0,0,0
fgcu:saundersbarrett,"Saunders, Barrett",FGCU,25,4,0,0,0,0,0,0
fgcu:bazelaisstanley,"Bazelais, Stanley",FGCU,33,4,0,0,0,0,0,0
ucirvine:jugeelijah,"Juge, Elijah",UC Irvine,3,3,0,0,0,0,0,0
ucirvine:haganmatthew,"Hagan, Matthew",UC Irvine,28,3,0,0,0,0,0,0
lindenwood:segevtal,"Segev, Tal",Lindenwood,8,1,0,0,0,0,0,0
lindenwood:chatzopoulosgrigorios,"Chatzopoulos, Grigorios",Lindenwood,23,1,0,0,0,0,0,0
lindenwood:doddtaylor,"Dodd, Taylor",Lindenwood,24,1,0,0,0,0,0,0
lindenwood:slankamenacluka,"Slankamenac, Luka",Lindenwood,25,1,0,0,0,0,0,0
lindenwood:radekenoah,"Radeke, Noah",Lindenwood,26,1,0,0,0,0,0,0
yale:linebaughjoshua,"Linebaugh, Joshua",Yale,0,7,0,0,0,0,0,0
yale:jungconstantin,"Jung, Constantin",Yale,1,7,0,0,0,0,0,0
rhodeisland:ciottialex,"Ciotti, Alex",Rhode Island,17,3,0,0,0,0,0,0
rhodeisland:hayesryder,"Hayes, Ryder",Rhode Island,22,3,0,0,0,0,0,0
clevelandstate:yerianstephen,"Yerian, Stephen",Cleveland State,33,2,0,0,0,0,0,0
clevelandstate:micicaleksa,"Micic, Aleksa",Cleveland State,19,2,0,0,0,0,0,0
clevelandstate:wilsonisaiah,"Wilson, Isaiah",Cleveland State,29,2,0,0,0,0,0,0
detroitmercy:mcmahoncarter,"McMahon, Carter",Detroit Mercy,00,2,0,0,0,0,0,0
detroitmercy:buffaidan,"Buff, Aidan",Detroit Mercy,25,2,0,0,0,0,0,0
williammary:prawidloethan,"Prawidlo, Ethan",William & Mary,10,4,0,0,0,0,0,0
williammary:morrisonaidan,"Morrison, Aidan",William & Mary,11,4,0,0,0,0,0,0
williammary:hagenowen,"Hagen, Owen",William & Mary,24,4,0,0,0,0,0,0
portland:hyanmark,"Hyan, Mark",Portland,0,4,0,0,0,0,0,0
portland:vanpeltkeenan,"VanPelt, Keenan",Portland,1,4,0,0,0,0,0,0
portland:oedekovenpomponimassimo,"Oedekoven Pomponi, Massimo",Portland,23,4,0,0,0,0,0,0
portland:edwardsdominic,"Edwards, Dominic",Portland,15,4,0,0,0,0,0,0
portland:findlaymaddox,"Findlay, Maddox",Portland,17,4,0,0,0,0,0,0
portland:homerisaac,"Homer, Isaac",Portland,20,4,0,0,0,0,0,0
portland:florestristan,"Flores, Tristan",Portland,25,4,0,0,0,0,0,0
portland:bromertandrew,"Bromert, Andrew",Portland,28,4,0,0,0,0,0,0
portland:bradleymason,"Bradley, Mason",Portland,29,4,0,0,0,0,0,0
portland:bretousjulian,"Bretous, Julian",Portland,30,4,0,0,0,0,0,0
uscupstate:duqingdeng,"Du, Qingdeng",USC Upstate,27,5,0,0,0,0,0,0
rideruniversity:growalex,"Grow, Alex",Rider University,31,1,0,0,0,0,0,0
rideruniversity:carrobrandon,"Carro, Brandon",Rider University,26,1,0,0,0,0,0,0
rideruniversity:beuckcolton,"Beuck, Colton",Rider University,30,1,0,0,0,0,0,0
fairfield:brierekyle,"Briere, Kyle",Fairfield,0,2,0,0,0,0,0,0
fairfield:readcody,"Read, Cody",Fairfield,4,2,0,0,0,0,0,0
fairfield:tullochduante,"Tulloch, Duante",Fairfield,6,2,0,0,0,0,0,0
fairfield:buccidaniel,"Bucci, Daniel",Fairfield,22,2,0,0,0,0,0,0
kansascity:kincaidbrandon,"Kincaid, Brandon",Kansas City,0,6,0,0,0,0,0,0
northernillinois:curtisalex,"Curtis, Alex",Northern Illinois,30,2,0,0,0,0,0,0
northernillinois:wilsonethan,"Wilson, Ethan",Northern Illinois,5,2,0,0,0,0,0,0
northernillinois:divissam,"Divis, Sam",Northern Illinois,11,2,0,0,0,0,0,0
northernillinois:mugishawilliam,"Mugisha, William",Northern Illinois,14,2,0,0,0,0,0,0
northernillinois:seojaephil,"Seo, Jaephil",Northern Illinois,16,2,0,0,0,0,0,0
northernillinois:kwiatkowskiwiktor,"Kwiatkowski, Wiktor",Northern Illinois,18,2,0,0,0,0,0,0
northernillinois:alonsojaziel,"Alonso, Jaziel",Northern Illinois,24,2,0,0,0,0,0,0
northernillinois:christiannoah,"Christian, Noah",Northern Illinois,26,2,0,0,0,0,0,0
stetson:barbosajavier,"Barbosa, Javier",Stetson,00,5,0,0,0,0,0,0
stetson:kosmaszander,"Kosmas, Zander",Stetson,0,5,0,0,0,0,0,0
stetson:abdallahhaytham,"Abdallah, Haytham",Stetson,18,5,0,0,0,0,0,0
stetson:ruttcharlie,"Rutt, Charlie",Stetson,26,5,0,0,0,0,0,0
stetson:quincyowen,"Quincy, Owen",Stetson,28,5,0,0,0,0,0,0
stetson:moorematthew,"Moore, Matthew",Stetson,30,5,0,0,0,0,0,0
stetson:arthurjason,"Arthur, Jason",Stetson,31,5,0,0,0,0,0,0
unknown:johanhelan1assistedbyowentravisleonardoconsoloni,"Johan Helan (1)
Assisted by: Owen Travis, Leonardo Consoloni",Unknown,FIU,1,0,0,0,0,0,0
unknown:tylertrimnal1assistedbyethanballek,"Tyler Trimnal (1)
Assisted by: Ethan Ballek",Unknown,South Carolina,2,0,0,0,0,0,0
unknown:pasqualecapriati1assistedbydominicbrady,"Pasquale Capriati (1)
Assisted by: Dominic Brady",Unknown,FIU,1,0,0,0,0,0,0
unknown:ethanballek1,Ethan Ballek (1),Unknown,South Carolina,2,0,0,0,0,0,0
unknown:tylertrimnal2assistedbyethanballek,"Tyler Trimnal (2)
Assisted by: Ethan Ballek",Unknown,South Carolina,1,0,0,0,0,0,0
unknown:fiu,FIU,Unknown,31:01,2,0,0,0,0,0,0
elon:hartmandrew,"Hartman, Drew",Elon,0,6,0,0,0,0,0,0
elon:kennedynate,"Kennedy, Nate",Elon,00,6,0,0,0,0,0,0
elon:lenarcikmikolaj,"Lenarcik, Mikolaj",Elon,13,6,0,0,0,0,0,0
elon:dadamotristan,"D'Adamo, Tristan",Elon,26,6,0,0,0,0,0,0
elon:thompsondiego,"Thompson, Diego",Elon,16,6,0,0,0,0,0,0
elon:kargonoahsonne,"Kargo, Noah Sonne",Elon,19,6,0,0,0,0,0,0
elon:quigleyjp,"Quigley, JP",Elon,21,6,0,0,0,0,0,0
elon:philpotkorey,"Philpot, Korey",Elon,22,6,0,0,0,0,0,0
elon:mannaryan,"Manna, Ryan",Elon,80,6,0,0,0,0,0,0
fgcu:cardenasandres,"Cardenas, Andres",FGCU,99,1,0,0,0,0,0,0
centralconnecticutstate:eshagicyrus,"Eshagi, Cyrus",Central Connecticut State,26,1,0,0,0,0,0,0
centralconnecticutstate:gonzalezpecharromanmiguel,"Gonzalez Pecharroman, Miguel",Central Connecticut State,13,1,0,0,0,0,0,0
centralconnecticutstate:gallaghercaden,"Gallagher, Caden",Central Connecticut State,16,1,0,0,0,0,0,0
centralconnecticutstate:drozdlogan,"Drozd, Logan",Central Connecticut State,18,1,0,0,0,0,0,0
centralconnecticutstate:draytonryan,"Drayton, Ryan",Central Connecticut State,23,1,0,0,0,0,0,0
uic:floresbrandon,"Flores, Brandon",UIC,31,3,0,0,0,0,0,0
uic:galantejoey,"Galante, Joey",UIC,99,3,0,0,0,0,0,0
uic:sabanovicaj,"Sabanovic, AJ",UIC,14,3,0,0,0,0,0,0
uic:eliadisvasilis,"Eliadis, Vasilis",UIC,16,3,0,0,0,0,0,0
uic:navarrodaniel,"Navarro, Daniel",UIC,20,3,0,0,0,0,0,0
uic:martsinkovskymarko,"Martsinkovsky, Marko",UIC,23,3,0,0,0,0,0,0
loyolamarymount:goreemarcus,"Goree, Marcus",Loyola Marymount,1,1,0,0,0,0,0,0
loyolamarymount:dadekymani,"Dade, Ky Mani",Loyola Marymount,22,1,0,0,0,0,0,0
loyolamarymount:abdulrahmanshittu,"Abdulrahman, Shittu",Loyola Marymount,15,1,0,0,0,0,0,0
loyolamarymount:wilsonanthony,"Wilson, Anthony",Loyola Marymount,18,1,0,0,0,0,0,0
loyolamarymount:fuentesalatalayaalejandro,"Fuentesal-Atalaya, Alejandro",Loyola Marymount,19,1,0,0,0,0,0,0
loyolamarymount:calerofelix,"Calero, Felix",Loyola Marymount,26,1,0,0,0,0,0,0
vmi:casemarshall,"Case, Marshall",VMI,34,3,0,0,0,0,0,0
vmi:pateanthony,"Pate, Anthony",VMI,22,3,0,0,0,0,0,0
vmi:burtonjoseph,"Burton, Joseph",VMI,24,3,0,0,0,0,0,0
vmi:ellistanner,"Ellis, Tanner",VMI,30,3,0,0,0,0,0,0
northcarolina:saborioalejandro,"Saborio, Alejandro",North Carolina,24,4,0,0,0,0,0,0
duquesne:cosssam,"Coss, Sam",Duquesne,28,2,0,0,0,0,0,0
duquesne:feneridissergios,"Feneridis, Sergios",Duquesne,2,2,0,0,0,0,0,0
duquesne:gallowen,"Gall, Owen",Duquesne,29,2,0,0,0,0,0,0
duquesne:moralesmikey,"Morales, Mikey",Duquesne,30,2,0,0,0,0,0,0
duquesne:rosarioadrian,"Rosario, Adrian",Duquesne,34,2,0,0,0,0,0,0
duquesne:dacody,"Da, Cody",Duquesne,37,2,0,0,0,0,0,0
harvard:willennicholas,"Willen, Nicholas",Harvard,0,7,0,0,0,0,0,0
harvard:sherwoodwill,"Sherwood, Will",Harvard,77,7,0,0,0,0,0,0
harvard:mobraymaxwell,"Mobray, Maxwell",Harvard,5,7,0,0,0,0,0,0
harvard:lovatosophian,"Lovato, Sophian",Harvard,28,7,0,0,0,0,0,0
harvard:rolloriccardo,"Rollo, Riccardo",Harvard,33,7,0,0,0,0,0,0
penn:auffretdylan,"Auffret, Dylan",Penn,0,7,0,0,0,0,0,0
penn:coffeyaidan,"Coffey, Aidan",Penn,25,7,0,0,0,0,0,0
penn:wagnerpierce,"Wagner, Pierce",Penn,19,7,0,0,0,0,0,0
penn:haynescarter,"Haynes, Carter",Penn,32,7,0,0,0,0,0,0
marshall:aydinemre,"Aydin, Emre",Marshall,22,17,0,0,0,0,0,0
princeton:salernonathan,"Salerno, Nathan",Princeton,35,12,0,0,0,0,0,0
princeton:austintyler,"Austin, Tyler",Princeton,3,12,0,0,0,0,0,0
princeton:zhangedric,"Zhang, Edric",Princeton,29,12,0,0,0,0,0,0
presbyterian:murraybeatty,"Murray, Beatty",Presbyterian,00,5,0,0,0,0,0,0
presbyterian:hafnerbenjamin,"Hafner, Benjamin",Presbyterian,30,5,0,0,0,0,0,0
presbyterian:alleneric,"Allen, Eric",Presbyterian,2,2,0,0,0,0,0,0
presbyterian:vendelintristan,"Vendelin, Tristan",Presbyterian,5,5,0,0,0,0,0,0
presbyterian:johnsenoscar,"Johnsen, Oscar",Presbyterian,12,5,0,0,0,0,0,0
presbyterian:restreposebastian,"Restrepo, Sebastian",Presbyterian,28,5,0,0,0,0,0,0
presbyterian:fritzcohen,"Fritz, Cohen",Presbyterian,29,5,0,0,0,0,0,0
presbyterian:atkinsonlogan,"Atkinson, Logan",Presbyterian,34,5,0,0,0,0,0,0
unknown:yvanmalarte1assistedbyalejandrovelazquezlopez,"Yvan Malarte (1)
Assisted by: Alejandro Velazquez-Lopez",Unknown,South Carolina,1,0,0,0,0,0,0
unknown:alejandrovelazquezlopez1assistedbyyvanmalarte,"Alejandro Velazquez-Lopez (1)
Assisted by: Yvan Malarte",Unknown,South Carolina,1,0,0,0,0,0,0
unknown:deniskrioutchenkov1assistedbychadimayati,"Denis Krioutchenkov (1)
Assisted by: Chadi Mayati",Unknown,Charlotte,1,0,0,0,0,0,0
unknown:charlotte,Charlotte,Unknown,62:01,2,0,0,0,0,0,0
army:likewisekeanu,"Likewise, Keanu",Army,34,12,0,0,0,0,0,0
army:lumfinn,"Lum, Finn",Army,11,12,0,0,0,0,0,0
army:drewsrowan,"Drews, Rowan",Army,36,12,0,0,0,0,0,0
northwestern:pereiradominic,"Pereira, Dominic",Northwestern,00,5,0,0,0,0,0,0
northwestern:bosshardtjude,"Bosshardt, Jude",Northwestern,27,5,0,0,0,0,0,0
northwestern:spatzekjames,"Spatzek, James",Northwestern,21,5,0,0,0,0,0,0
northwestern:cookgregory,"Cook, Gregory",Northwestern,25,5,0,0,0,0,0,0
pacific:martinezjuan,"Martinez, Juan",Pacific,0,1,0,0,0,0,0,0
pacific:jimenezroy,"Jimenez, Roy",Pacific,30,1,0,0,0,0,0,0
pacific:millermaxamus,"Miller, Maxamus",Pacific,13,1,0,0,0,0,0,0
pacific:docarmoandrew,"Do Carmo, Andrew",Pacific,24,1,0,0,0,0,0,0
pacific:odipojoseph,"Odipo, Joseph",Pacific,28,1,0,0,0,0,0,0
etsu:mcgeesam,"McGee, Sam",ETSU,0,3,0,0,0,0,0,0
etsu:bowerswill,"Bowers, Will",ETSU,35,3,0,0,0,0,0,0
etsu:delangejonathan,"De Lange, Jonathan",ETSU,19,3,0,0,0,0,0,0
monmouth:nasonmartinmarshall,"Nason Martin, Marshall",Monmouth,0,5,0,0,0,0,0,0
monmouth:linkmatthew,"Link, Matthew",Monmouth,99,5,0,0,0,0,0,0
monmouth:volpecolin,"Volpe, Colin",Monmouth,16,5,0,0,0,0,0,0
monmouth:damianotommy,"Damiano, Tommy",Monmouth,22,5,0,0,0,0,0,0
sacredheart:guziklogan,"Guzik, Logan",Sacred Heart,00,7,0,0,0,0,0,0
sacredheart:wittsebastian,"Witt, Sebastian",Sacred Heart,77,7,0,0,0,0,0,0
sacredheart:lolosnicholas,"Lolos, Nicholas",Sacred Heart,99,7,0,0,0,0,0,0
sacredheart:shawtyler,"Shaw, Tyler",Sacred Heart,26,7,0,0,0,0,0,0
sacredheart:lanzilligianluca,"Lanzilli, Gianluca",Sacred Heart,30,7,0,0,0,0,0,0
fdu:venkatarjun,"Venkat, Arjun",FDU,14,6,0,0,0,0,0,0
fdu:valenzueladominic,"Valenzuela, Dominic",FDU,16,6,0,0,0,0,0,0
fdu:arayaandrew,"Araya, Andrew",FDU,18,6,0,0,0,0,0,0
fdu:verasebastian,"Vera, Sebastian",FDU,30,6,0,0,0,0,0,0
fdu:genaojonathan,"Genao, Jonathan",FDU,32,6,0,0,0,0,0,0
fdu:horjalucas,"Horja, Lucas",FDU,33,6,0,0,0,0,0,0
fdu:tabaresesteban,"Tabares, Esteban",FDU,34,6,0,0,0,0,0,0
fdu:belonoah,"Belo, Noah",FDU,35,6,0,0,0,0,0,0
fdu:scavallajustin,"Scavalla, Justin",FDU,37,6,0,0,0,0,0,0
loyolachicago:ortizalex,"Ortiz, Alex",Loyola Chicago,31,1,0,0,0,0,0,0
loyolachicago:herbelchase,"Herbel, Chase",Loyola Chicago,18,1,0,0,0,0,0,0
loyolachicago:pozdernemanja,"Pozder, Nemanja",Loyola Chicago,23,1,0,0,0,0,0,0
loyolachicago:hayesfoster,"Hayes, Foster",Loyola Chicago,28,1,0,0,0,0,0,0
butler:metzjameson,"Metz, Jameson",Butler,30,4,0,0,0,0,0,0
butler:esmanechinigo,"Esmanech, Inigo",Butler,32,4,0,0,0,0,0,0
butler:boersmabrooks,"Boersma, Brooks",Butler,35,4,0,0,0,0,0,0
butler:popekai,"Pope, Kai",Butler,15,4,0,0,0,0,0,0
butler:muckridgeevan,"Muckridge, Evan",Butler,24,4,0,0,0,0,0,0
cornell:thompsonryan,"Thompson, Ryan",Cornell,0,6,0,0,0,0,0,0
cornell:delgadoisaac,"Delgado, Isaac",Cornell,30,6,0,0,0,0,0,0
cornell:gouldingben,"Goulding, Ben",Cornell,2,6,0,0,0,0,0,0
cornell:sniderjon,"Snider, Jon",Cornell,15,6,0,0,0,0,0,0
cornell:stewarteddie,"Stewart, Eddie",Cornell,22,6,0,0,0,0,0,0
cornell:sobreiromatthew,"Sobreiro, Matthew",Cornell,27,6,0,0,0,0,0,0
cornell:smithnate,"Smith, Nate",Cornell,31,6,0,0,0,0,0,0
cornell:geratefernando,"Gerate, Fernando",Cornell,4,1,0,0,0,0,0,0
unknown:ethanballek1assistedbytylertrimnal,"Ethan Ballek (1)
Assisted by: Tyler Trimnal",Unknown,South Carolina,2,0,0,0,0,0,0
unknown:ethanballek2,Ethan Ballek (2),Unknown,South Carolina,1,0,0,0,0,0,0
unknown:matthewdejianne1assistedbysamykolby,"Matthew DeJianne (1)
Assisted by: Samy Kolby",Unknown,South Carolina,1,0,0,0,0,0,0
unknown:dragenvrataric1,Dragen Vrataric (1),Unknown,Winthrop,1,0,0,0,0,0,0
unknown:matthewdejianne2assistedbysamykolbykierankarp,"Matthew DeJianne (2)
Assisted by: Samy Kolby, Kieran Karp",Unknown,South Carolina,1,0,0,0,0,0,0
unknown:winthrop,Winthrop,Unknown,79:45,1,0,0,0,0,0,0
floridanational:rambalsdiogo,"Rambals, Diogo",Florida National,21,1,0,0,0,0,0,0
floridanational:moralesaugstin,"Morales, Augstin",Florida National,23,1,0,0,0,0,0,0
floridanational:gonzalezdaniel,"Gonzalez, Daniel",Florida National,24,1,0,0,0,0,0,0
floridanational:paescamposdesarafael,"Paes Campos de Sa, Rafael",Florida National,26,1,0,0,0,0,0,0
floridanational:bastisacaixetaartur,"Bastisa Caixeta, Artur",Florida National,27,1,0,0,0,0,0,0
floridanational:morenosantiago,"Moreno, Santiago",Florida National,28,1,0,0,0,0,0,0
floridanational:puginaugusto,"Pugin, Augusto",Florida National,29,1,0,0,0,0,0,0
floridanational:mantchoffmateo,"Mantchoff, Mateo",Florida National,30,1,0,0,0,0,0,0
floridanational:sanchesleonardo,"Sanches, Leonardo",Florida National,31,1,0,0,0,0,0,0
floridanational:andresaguirrefabio,"Andres Aguirre, Fabio",Florida National,32,1,0,0,0,0,0,0
floridanational:silvadenis,"Silva, Denis",Florida National,33,1,0,0,0,0,0,0
floridanational:lopezsantiago,"Lopez, Santiago",Florida National,34,1,0,0,0,0,0,0
floridanational:fermosellegaston,"Fermoselle, Gaston",Florida National,35,1,0,0,0,0,0,0
floridanational:derricopereiravinnicius,"Derrico Pereira, Vinnicius",Florida National,36,1,0,0,0,0,0,0
floridanational:pedrosavitor,"Pedrosa, Vitor",Florida National,40,1,0,0,0,0,0,0
floridanational:pereirasilvalucas,"Pereira Silva, Lucas",Florida National,50,1,0,0,0,0,0,0
floridanational:spencejace,"Spence, Jace",Florida National,13,1,0,0,0,0,0,0
floridanational:castilloalejandro,"Castillo, Alejandro",Florida National,16,1,0,0,0,0,0,0
floridanational:mazzealuca,"Mazzea, Luca",Florida National,15,1,0,0,0,0,0,0
floridanational:merellomarco,"Merello, Marco",Florida National,4,1,0,0,0,0,0,0
floridanational:osorioleonardo,"Osorio, Leonardo",Florida National,11,1,0,0,0,0,0,0
floridanational:gibbsdiego,"Gibbs, Diego",Florida National,20,1,0,0,0,0,0,0
dean:edwardscolin,"Edwards, Colin",Dean,0,1,0,0,0,0,0,0
dean:wheelanandrew,"Wheelan, Andrew",Dean,00,1,0,0,0,0,0,0
dean:hallcharlie,"Hall, Charlie",Dean,98,1,0,0,0,0,0,0
dean:beturnenate,"Beturne, Nate",Dean,7,1,0,0,0,0,0,0
dean:hendersonethan,"Henderson, Ethan",Dean,9,1,0,0,0,0,0,0
dean:moralesjuanraphael,"Morales, Juan Raphael",Dean,13,1,0,0,0,0,0,0
dean:gordonsomersarchercairo,"Gordon-Somers-Archer, Cairo",Dean,14,1,0,0,0,0,0,0
dean:dobuquesonny,"Dobuque, Sonny",Dean,16,1,0,0,0,0,0,0
dean:lewisjulien,"Lewis, Julien",Dean,17,1,0,0,0,0,0,0
dean:mutagomajesse,"Mutagoma, Jesse",Dean,21,1,0,0,0,0,0,0
dean:clarkaustin,"Clark, Austin",Dean,24,1,0,0,0,0,0,0
dean:medeirosaydin,"Medeiros, Aydin",Dean,24,1,0,0,0,0,0,0
dean:byardrichard,"Byard, Richard",Dean,26,1,0,0,0,0,0,0
dean:marreroandres,"Marrero, Andres",Dean,28,1,0,0,0,0,0,0
dean:nunezsavariavictor,"Nunez Savaria, Victor",Dean,33,1,0,0,0,0,0,0
dean:orozcoarmasmauricio,"Orozco Armas, Mauricio",Dean,48,1,0,0,0,0,0,0
brown:voellmickebenjamin,"Voellmicke, Benjamin",Brown,30,3,0,0,0,0,0,0
massachusetts:lindendean,"Linden, Dean",Massachusetts,0,1,0,0,0,0,0,0
massachusetts:hartlagecrew,"Hartlage, Crew",Massachusetts,30,1,0,0,0,0,0,0
massachusetts:cucinottaaj,"Cucinotta, A.J.",Massachusetts,5,1,0,0,0,0,0,0
massachusetts:murasawashun,"Murasawa, Shun",Massachusetts,8,1,0,0,0,0,0,0
massachusetts:tsuchiyayuto,"Tsuchiya, Yuto",Massachusetts,15,1,0,0,0,0,0,0
massachusetts:wrightbraeden,"Wright, Braeden",Massachusetts,17,1,0,0,0,0,0,0
massachusetts:claphamharry,"Clapham, Harry",Massachusetts,21,1,0,0,0,0,0,0
massachusetts:gayletaylon,"Gayle, Taylon",Massachusetts,23,1,0,0,0,0,0,0
navy:vanzoerennate,"Van Zoeren, Nate",Navy,29,6,0,0,0,0,0,0
navy:clarksam,"Clark, Sam",Navy,30,6,0,0,0,0,0,0
navy:namangokenny,"Namango, Kenny",Navy,5,6,0,0,0,0,0,0
navy:leisegangben,"Leisegang, Ben",Navy,11,6,0,0,0,0,0,0
navy:plumliam,"Plum, Liam",Navy,21,6,0,0,0,0,0,0
navy:kleinjude,"Klein, Jude",Navy,25,6,0,0,0,0,0,0
navy:boydwill,"Boyd, Will",Navy,26,6,0,0,0,0,0,0
navy:hardingronan,"Harding, Ronan",Navy,27,6,0,0,0,0,0,0
navy:skandalisryan,"Skandalis, Ryan",Navy,32,6,0,0,0,0,0,0
navy:ramalholuc,"Ramalho, Luc",Navy,99,6,0,0,0,0,0,0
mercyhurst:kristiannick,"Kristian, Nick",Mercyhurst,40,2,0,0,0,0,0,0
mercyhurst:falkcole,"Falk, Cole",Mercyhurst,41,2,0,0,0,0,0,0
mercyhurst:catsarosjames,"Catsaros, James",Mercyhurst,56,2,0,0,0,0,0,0
mercyhurst:moralesalfredo,"Morales, Alfredo",Mercyhurst,58,2,0,0,0,0,0,0
mercyhurst:santosluisfelipe,"Santos, Luis Felipe",Mercyhurst,7,2,0,0,0,0,0,0
mercyhurst:masegosajordi,"Masegosa, Jordi",Mercyhurst,16,2,0,0,0,0,0,0
mercyhurst:dudleyharrison,"Dudley, Harrison",Mercyhurst,17,2,0,0,0,0,0,0
mercyhurst:shawpaul,"Shaw, Paul",Mercyhurst,24,2,0,0,0,0,0,0
mercyhurst:resnickjohnny,"Resnick, Johnny",Mercyhurst,27,2,0,0,0,0,0,0
mercyhurst:corlettosebastian,"Corletto, Sebastian",Mercyhurst,30,2,0,0,0,0,0,0
mercyhurst:rehwaldtcollin,"Rehwaldt, Collin",Mercyhurst,33,2,0,0,0,0,0,0
mercyhurst:dempseygriffin,"Dempsey, Griffin",Mercyhurst,37,2,0,0,0,0,0,0
mercyhurst:selbyevan,"Selby, Evan",Mercyhurst,38,2,0,0,0,0,0,0
mercyhurst:leeathan,"Lee, Athan",Mercyhurst,39,2,0,0,0,0,0,0
mercyhurst:lopesgustavo,"Lopes, Gustavo",Mercyhurst,43,2,0,0,0,0,0,0
mercyhurst:obrazafinn,"Obraza, Finn",Mercyhurst,44,2,0,0,0,0,0,0
mercyhurst:brabsonriley,"Brabson, Riley",Mercyhurst,45,2,0,0,0,0,0,0
mercyhurst:cardillisantino,"Cardilli, Santino",Mercyhurst,46,2,0,0,0,0,0,0
mercyhurst:babikarmazmal,"Babikar, Mazmal",Mercyhurst,47,2,0,0,0,0,0,0
mercyhurst:reedlogan,"Reed, Logan",Mercyhurst,48,2,0,0,0,0,0,0
mercyhurst:armstrongvincent,"Armstrong, Vincent",Mercyhurst,49,2,0,0,0,0,0,0
mercyhurst:diaznick,"Diaz, Nick",Mercyhurst,50,2,0,0,0,0,0,0
mercyhurst:huelvesmanuel,"Huelves, Manuel",Mercyhurst,51,2,0,0,0,0,0,0
mercyhurst:powellanthony,"Powell, Anthony",Mercyhurst,52,2,0,0,0,0,0,0
mercyhurst:huntertyler,"Hunter, Tyler",Mercyhurst,53,2,0,0,0,0,0,0
mercyhurst:gesalmandrezdan,"Gesalman, Drezdan",Mercyhurst,55,2,0,0,0,0,0,0
mercyhurst:riveranoah,"Rivera, Noah",Mercyhurst,57,2,0,0,0,0,0,0
mercyhurst:lucashigginbothamjak,"Lucas-Higginbotham, Jak",Mercyhurst,60,2,0,0,0,0,0,0
manchester:myerspeter,"Myers, Peter",Manchester,00,1,0,0,0,0,0,0
manchester:ketchmarkaaron,"Ketchmark, Aaron",Manchester,1,1,0,0,0,0,0,0
manchester:sanchezjonathan,"Sanchez, Jonathan",Manchester,99,1,0,0,0,0,0,0
manchester:rodriguezedvin,"Rodriguez, Edvin",Manchester,88,1,0,0,0,0,0,0
manchester:christensencarrick,"Christensen, Carrick",Manchester,5,1,0,0,0,0,0,0
manchester:jonesean,"Jones, Ean",Manchester,9,1,0,0,0,0,0,0
manchester:mckerndillan,"McKern, Dillan",Manchester,18,1,0,0,0,0,0,0
manchester:robinsonmarek,"Robinson, Marek",Manchester,23,1,0,0,0,0,0,0
manchester:williamskole,"Williams, Kole",Manchester,24,1,0,0,0,0,0,0
manchester:aboncediego,"Abonce, Diego",Manchester,26,1,0,0,0,0,0,0
manchester:shockriley,"Shock, Riley",Manchester,27,1,0,0,0,0,0,0
manchester:tmuchadanevio,"T. Muchada, Nevio",Manchester,28,1,0,0,0,0,0,0
manchester:gearheartchristian,"Gearheart, Christian",Manchester,33,1,0,0,0,0,0,0
manchester:drakeessix,"Drake, Essix",Manchester,55,1,0,0,0,0,0,0
caldwell:yamashitakahaku,"Yamashita, Kahaku",Caldwell,0,1,0,0,0,0,0,0
caldwell:deoliveiracuradojose,"De Oliveira Curado, Jose",Caldwell,13,1,0,0,0,0,0,0
caldwell:rosawilson,"Rosa, Wilson",Caldwell,99,1,0,0,0,0,0,0
caldwell:riverajeremy,"Rivera, Jeremy",Caldwell,4,1,0,0,0,0,0,0
caldwell:gutierrezjorge,"Gutierrez, Jorge",Caldwell,5,1,0,0,0,0,0,0
caldwell:murillocamilo,"Murillo, Camilo",Caldwell,6,1,0,0,0,0,0,0
caldwell:chauhankaran,"Chauhan, Karan",Caldwell,15,1,0,0,0,0,0,0
caldwell:thellhugo,"Thell, Hugo",Caldwell,17,1,0,0,0,0,0,0
caldwell:freundtian,"Freundt, Ian",Caldwell,20,1,0,0,0,0,0,0
caldwell:delcidjonathan,"Del Cid, Jonathan",Caldwell,21,1,0,0,0,0,0,0
caldwell:hartmannick,"Hartman, Nick",Caldwell,23,1,0,0,0,0,0,0
caldwell:pastorjuanjose,"Pastor, Juan Jose",Caldwell,24,1,0,0,0,0,0,0
caldwell:menornathan,"Menor, Nathan",Caldwell,25,1,0,0,0,0,0,0
caldwell:vergaraynick,"Vergaray, Nick",Caldwell,26,1,0,0,0,0,0,0
caldwell:ezechimaobi,"Eze, Chimaobi",Caldwell,28,1,0,0,0,0,0,0
caldwell:guallpajoe,"Guallpa, Joe",Caldwell,29,1,0,0,0,0,0,0
caldwell:segoviaemilio,"Segovia, Emilio",Caldwell,30,1,0,0,0,0,0,0
caldwell:perezalcantarasamuel,"Perez Alcantara, Samuel",Caldwell,33,1,0,0,0,0,0,0
caldwell:castilloeric,"Castillo, Eric",Caldwell,34,1,0,0,0,0,0,0
caldwell:ibarramark,"Ibarra, Mark",Caldwell,35,1,0,0,0,0,0,0
caldwell:rickettsdenyu,"Ricketts, Denyu",Caldwell,37,1,0,0,0,0,0,0
caldwell:molinajohn,"Molina, John",Caldwell,39,1,0,0,0,0,0,0
caldwell:penadaniel,"Pena, Daniel",Caldwell,40,1,0,0,0,0,0,0
caldwell:arredondobrandon,"Arredondo, Brandon",Caldwell,41,1,0,0,0,0,0,0
caldwell:serrongaston,"Serron, Gaston",Caldwell,43,1,0,0,0,0,0,0
longwood:wallaceezra,"Wallace, Ezra",Longwood,40,2,0,0,0,0,0,0
longwood:fletchertor,"Fletcher, Tor",Longwood,50,2,0,0,0,0,0,0
longwood:appeltphil,"Appelt, Phil",Longwood,19,2,0,0,0,0,0,0
longwood:bouchetalexandre,"Bouchet, Alexandre",Longwood,20,2,0,0,0,0,0,0
longwood:ramosnico,"Ramos, Nico",Longwood,25,2,0,0,0,0,0,0
longwood:martinewen,"Martin, Ewen",Longwood,26,2,0,0,0,0,0,0
sandiegostate:korbusjordan,"Korbus, Jordan",San Diego State,6,4,0,0,0,0,0,0
sandiegostate:yasudaikkei,"Yasuda, Ikkei",San Diego State,28,4,0,0,0,0,0,0
sandiegostate:grayriley,"Gray, Riley",San Diego State,29,4,0,0,0,0,0,0
oregontech:ariaskian,"Arias, Kian",Oregon Tech,0,1,0,0,0,0,0,0
oregontech:harwoodnoah,"Harwood, Noah",Oregon Tech,00,1,0,0,0,0,0,0
oregontech:laitinenjonathan,"Laitinen, Jonathan",Oregon Tech,1,1,0,0,0,0,0,0
oregontech:paetvegastidus,"Paet-Vegas, Tidus",Oregon Tech,2,1,0,0,0,0,0,0
oregontech:mendezdmitri,"Mendez, Dmitri",Oregon Tech,3,1,0,0,0,0,0,0
oregontech:cotacash,"Cota, Cash",Oregon Tech,9,1,0,0,0,0,0,0
oregontech:rideoutdalton,"Rideout, Dalton",Oregon Tech,11,1,0,0,0,0,0,0
oregontech:villaltasammy,"Villalta, Sammy",Oregon Tech,18,1,0,0,0,0,0,0
oregontech:diegobotellojuan,"Diego Botello, Juan",Oregon Tech,22,1,0,0,0,0,0,0
oregontech:stenhouselachlan,"Stenhouse, Lachlan",Oregon Tech,23,1,0,0,0,0,0,0
oregontech:kaywonglucas,"Kay-Wong, Lucas",Oregon Tech,24,1,0,0,0,0,0,0
virginia:hellmannmelvin,"Hellmann, Melvin",Virginia,0,5,0,0,0,0,0,0
virginia:sandersonspencer,"Sanderson, Spencer",Virginia,99,5,0,0,0,0,0,0
virginia:akinkoyeemmanuel,"Akinkoye, Emmanuel",Virginia,26,5,0,0,0,0,0,0
virginia:howardgrant,"Howard, Grant",Virginia,33,5,0,0,0,0,0,0
bryant:levinewill,"Levine, Will",Bryant,30,3,0,0,0,0,0,0
bryant:webbercolby,"Webber, Colby",Bryant,40,3,0,0,0,0,0,0
bryant:julianonicolas,"Juliano, Nicolas",Bryant,21,3,0,0,0,0,0,0
bryant:kanghenry,"Kang, Henry",Bryant,32,3,0,0,0,0,0,0
bryant:akinboboyedeji,"Akinboboye, Deji",Bryant,33,3,0,0,0,0,0,0
bryant:causeyeric,"Causey, Eric",Bryant,35,3,0,0,0,0,0,0
vermont:jacobijake,"Jacobi, Jake",Vermont,0,4,0,0,0,0,0,0
vermont:williamsshane,"Williams, Shane",Vermont,99,4,0,0,0,0,0,0
vermont:dalykarl,"Daly, Karl",Vermont,21,4,0,0,0,0,0,0
unknown:0,0,Unknown,1,5,0,0,0,2,0,0
unknown:arnaudtattevin1,Arnaud Tattevin (1),Unknown,UNC Greensboro,1,0,0,0,0,0,0
unknown:loicsanykong1assistedbyethanballekjonahbigger,"Loic Sany Kong (1)
Assisted by: Ethan Ballek, Jonah Bigger",Unknown,South Carolina,1,0,0,0,0,0,0
merrimackcollege:kowalskifontanavicenzo,"Kowalski Fontana, Vicenzo",Merrimack College,18,2,0,0,0,0,0,0
merrimackcollege:muhlauritinashe,"Muhlauri, Tinashe",Merrimack College,25,2,0,0,0,0,0,0
merrimackcollege:macphersonsamuel,"MacPherson, Samuel",Merrimack College,31,2,0,0,0,0,0,0
merrimackcollege:melnykryan,"Melnyk, Ryan",Merrimack College,35,2,0,0,0,0,0,0
stthomas:deslongchampszach,"Deslongchamps, Zach",St. Thomas,26,5,0,0,0,0,0,0
virginiatech:ledinleo,"Ledin, Leo",Virginia Tech,0,5,0,0,0,0,0,0
virginiatech:glesiuszach,"Glesius, Zach",Virginia Tech,25,5,0,0,0,0,0,0
virginiatech:farrellcameron,"Farrell, Cameron",Virginia Tech,27,5,0,0,0,0,0,0
virginiatech:yohannesmathias,"Yohannes, Mathias",Virginia Tech,6,5,0,0,0,0,0,0
virginiatech:gardarssondagur,"Gardarsson, Dagur",Virginia Tech,16,5,0,0,0,0,0,0
virginiatech:rhoumaryassine,"Rhoumar, Yassine",Virginia Tech,20,5,0,0,0,0,0,0
virginiatech:grangelandan,"Grange, Landan",Virginia Tech,30,5,0,0,0,0,0,0
southdakotaschoolofmines:stockwelljonathan,"Stockwell, Jonathan",South Dakota School of Mines,0,1,0,0,0,0,0,0
southdakotaschoolofmines:freitasdaniel,"Freitas, Daniel",South Dakota School of Mines,1,1,0,0,0,0,0,0
southdakotaschoolofmines:thompsoncharles,"Thompson, Charles",South Dakota School of Mines,35,1,0,0,0,0,0,0
southdakotaschoolofmines:ripperdagabe,"Ripperda, Gabe",South Dakota School of Mines,5,1,0,0,0,0,0,0
southdakotaschoolofmines:eckhardtjoel,"Eckhardt, Joel",South Dakota School of Mines,8,1,0,0,0,0,0,0
southdakotaschoolofmines:johnsonemory,"Johnson, Emory",South Dakota School of Mines,12,1,0,0,0,0,0,0
southdakotaschoolofmines:roquejayden,"Roque, Jayden",South Dakota School of Mines,13,1,0,0,0,0,0,0
southdakotaschoolofmines:claggmateo,"Clagg, Mateo",South Dakota School of Mines,14,1,0,0,0,0,0,0
southdakotaschoolofmines:heslinceallach,"Heslin, Ceallach",South Dakota School of Mines,15,1,0,0,0,0,0,0
southdakotaschoolofmines:stohlmannchase,"Stohlmann, Chase",South Dakota School of Mines,17,1,0,0,0,0,0,0
southdakotaschoolofmines:rubeckstone,"Rubeck, Stone",South Dakota School of Mines,19,1,0,0,0,0,0,0
southdakotaschoolofmines:claycolton,"Clay, Colton",South Dakota School of Mines,21,1,0,0,0,0,0,0
southdakotaschoolofmines:polojacob,"Polo, Jacob",South Dakota School of Mines,25,1,0,0,0,0,0,0
southdakotaschoolofmines:warrickalex,"Warrick, Alex",South Dakota School of Mines,28,1,0,0,0,0,0,0
southdakotaschoolofmines:axeltyler,"Axel, Tyler",South Dakota School of Mines,31,1,0,0,0,0,0,0
southdakotaschoolofmines:hatchian,"Hatch, Ian",South Dakota School of Mines,32,1,0,0,0,0,0,0
southdakotaschoolofmines:cortezsotoabhel,"Cortez-Soto, Abhel",South Dakota School of Mines,34,1,0,0,0,0,0,0
southdakotaschoolofmines:clelandzander,"Cleland, Zander",South Dakota School of Mines,36,1,0,0,0,0,0,0
southdakotaschoolofmines:wachholtztyler,"Wachholtz, Tyler",South Dakota School of Mines,38,1,0,0,0,0,0,0
southdakotaschoolofmines:wohlerhosea,"Wohler, Hosea",South Dakota School of Mines,39,1,0,0,0,0,0,0
sacramentostate:tufinobrian,"Tufino, Brian",Sacramento State,98,2,0,0,0,0,0,0
sacramentostate:valerianodamien,"Valeriano, Damien",Sacramento State,23,2,0,0,0,0,0,0
sacramentostate:fominsamuel,"Fomin, Samuel",Sacramento State,26,2,0,0,0,0,0,0
unknown:kaissmansouri1,Kaiss Mansouri (1),Unknown,North Florida,1,0,0,0,0,0,0
unknown:lucgranitur1,Luc Granitur (1),Unknown,North Florida,1,0,0,0,0,0,0
unknown:northflorida,North Florida,Unknown,71:34,2,0,0,0,0,0,0
calbaptist:gaweljr,"Gawel, JR",Cal Baptist,31,1,0,0,0,0,0,0
calbaptist:glocktate,"Glock, Tate",Cal Baptist,32,1,0,0,0,0,0,0
calbaptist:netzellkarl,"Netzell, Karl",Cal Baptist,33,1,0,0,0,0,0,0
calbaptist:quispeljan,"Quispel, Jan",Cal Baptist,6,1,0,0,0,0,0,0
calbaptist:cabreramathi,"Cabrera, Mathi",Cal Baptist,14,1,0,0,0,0,0,0
calbaptist:sullivanhudson,"Sullivan, Hudson",Cal Baptist,19,1,0,0,0,0,0,0
calbaptist:escobarbowiezacarias,"Escobar-Bowie, Zacarias",Cal Baptist,21,1,0,0,0,0,0,0
calbaptist:hocheaston,"Hoch, Easton",Cal Baptist,24,1,0,0,0,0,0,0
calbaptist:lundjohannes,"Lund, Johannes",Cal Baptist,25,1,0,0,0,0,0,0
clemson:hamptonaiden,"Hampton, Aiden",Clemson,0,2,0,0,0,0,0,0
clemson:rossjustin,"Ross, Justin",Clemson,12,2,0,0,0,0,0,0
clemson:asanteaugustine,"Asante, Augustine",Clemson,5,2,0,0,0,0,0,0
clemson:garciamarco,"Garcia, Marco",Clemson,26,2,0,0,0,0,0,0
notredame:kowalskicole,"Kowalski, Cole",Notre Dame,0,5,0,0,0,0,0,0
notredame:rossjack,"Ross, Jack",Notre Dame,4,5,0,0,0,0,0,0
notredame:brummellleo,"Brummell, Leo",Notre Dame,16,5,0,0,0,0,0,0
notredame:greendiego,"Green, Diego",Notre Dame,26,5,0,0,0,0,0,0
maryland:picottojoseph,"Picotto, Joseph",Maryland,10,1,0,0,0,0,0,0
setonhall:feiguinnicolas,"Feiguin, Nicolas",Seton Hall,2,1,0,0,0,0,0,0
setonhall:ottossonknuthannessimon,"Ottosson, Knut Hannes-Simon",Seton Hall,21,1,0,0,0,0,0,0
setonhall:sansonesamuel,"Sansone, Samuel",Seton Hall,25,1,0,0,0,0,0,0
xavier:nunezgustavo,"Nunez, Gustavo",Xavier,17,6,0,0,0,0,0,0
stbonaventure:puccinicolas,"Pucci, Nicolas",St. Bonaventure,1,2,0,0,0,0,0,0
stbonaventure:finelliluc,"Finelli, Luc",St. Bonaventure,16,2,0,0,0,0,0,0
stbonaventure:nitzharrison,"Nitz, Harrison",St. Bonaventure,27,2,0,0,0,0,0,0
stbonaventure:leardinidrew,"Leardini, Drew",St. Bonaventure,32,2,0,0,0,0,0,0
stonybrook:lammertsrick,"Lammerts, Rick",Stony Brook,24,2,0,0,0,0,0,0
stonybrook:carrtrevor,"Carr, Trevor",Stony Brook,30,2,0,0,0,0,0,0
stonybrook:alucolsen,"Aluc, Olsen",Stony Brook,9,2,0,0,0,0,0,0
stonybrook:mclaughlindeclan,"McLaughlin, Declan",Stony Brook,14,2,0,0,0,0,0,0
stonybrook:brauschdaniel,"Brausch, Daniel",Stony Brook,25,2,0,0,0,0,0,0
ualbany:genzalexander,"Genz, Alexander",UAlbany,0,4,0,0,0,0,0,0
ualbany:gilkevin,"Gil, Kevin",UAlbany,30,4,0,0,0,0,0,0
ualbany:tuttleowen,"Tuttle, Owen",UAlbany,18,4,0,0,0,0,0,0
ualbany:villanuevamarcos,"Villanueva, Marcos",UAlbany,24,4,0,0,0,0,0,0
saintpeters:piszczatowskijakub,"Piszczatowski, Jakub",Saint Peter's,23,2,0,0,0,0,0,0
stcloudstate:johnsonowen,"Johnson, Owen",St. Cloud State,0,1,0,0,0,0,0,0
stcloudstate:subramax,"Subra, Max",St. Cloud State,1,1,0,0,0,0,0,0
stcloudstate:seiblemats,"Seible, Mats",St. Cloud State,15,1,0,0,0,0,0,0
stcloudstate:elhadjayoub,"El Hadj, Ayoub",St. Cloud State,17,1,0,0,0,0,0,0
stcloudstate:mankowskifinn,"Mankowski, Finn",St. Cloud State,25,1,0,0,0,0,0,0
stcloudstate:braegelmanncalvin,"Braegelmann, Calvin",St. Cloud State,26,1,0,0,0,0,0,0
stcloudstate:stoneisaac,"Stone, Isaac",St. Cloud State,30,1,0,0,0,0,0,0
stcloudstate:broplehalvin,"Bropleh, Alvin",St. Cloud State,31,1,0,0,0,0,0,0
stcloudstate:cooleywill,"Cooley, Will",St. Cloud State,32,1,0,0,0,0,0,0
uncasheville:hjaltestedlogi,"Hjaltested, Logi",UNC Asheville,1,3,0,0,0,0,0,0
kentucky:owenshayden,"Owens, Hayden",Kentucky,1,8,0,0,0,0,0,0
kentucky:grinerdillon,"Griner, Dillon",Kentucky,30,8,0,0,0,0,0,0
kentucky:honoriojrtiago,"Honorio Jr., Tiago",Kentucky,25,8,0,0,0,0,0,0
kentucky:vozarjj,"Vozar, JJ",Kentucky,26,8,0,0,0,0,0,0
milwaukee:heidenadam,"Heiden, Adam",Milwaukee,31,2,0,0,0,0,0,0
milwaukee:leathermanpascal,"Leatherman, Pascal",Milwaukee,19,2,0,0,0,0,0,0
milwaukee:dierckskellen,"Diercks, Kellen",Milwaukee,23,2,0,0,0,0,0,0
milwaukee:gilldaniel,"Gill, Daniel",Milwaukee,24,2,0,0,0,0,0,0
iona:helgueraiker,"Helguera, Iker",Iona,12,1,0,0,0,0,0,0
iona:borlafrancesco,"Borla, Francesco",Iona,9,1,0,0,0,0,0,0
iona:santanakevin,"Santana, Kevin",Iona,13,1,0,0,0,0,0,0
iona:coxjoshua,"Cox, Joshua",Iona,16,1,0,0,0,0,0,0
iona:krausehuckleberrysean,"Krause-Huckleberry, Sean",Iona,23,1,0,0,0,0,0,0
iona:lavistagino,"Lavista, Gino",Iona,25,1,0,0,0,0,0,0
iona:connellbrooklyn,"Connell, Brooklyn",Iona,33,1,0,0,0,0,0,0
unknown:alejandrovelazquezlopez1,Alejandro Velazquez-Lopez (1),Unknown,South Carolina,1,0,0,0,0,0,0
unknown:queensnc,Queens (NC),Unknown,37:58,3,0,0,0,0,0,0
10westvirginia:mawertoby,"Mawer, Toby",#10 West Virginia,18,1,0,0,0,0,0,0
10westvirginia:collinschase,"Collins, Chase",#10 West Virginia,40,1,0,0,0,0,0,0
10westvirginia:ekqvistakseli,"Ekqvist, Akseli",#10 West Virginia,2,1,0,0,0,0,0,0
10westvirginia:pusztahegyitristan,"Pusztahegyi, Tristan",#10 West Virginia,4,1,0,0,0,0,0,0
10westvirginia:bayersteel,"Bayer, Steel",#10 West Virginia,13,1,0,0,0,0,0,0
10westvirginia:londonozapatatyler,"Londono Zapata, Tyler",#10 West Virginia,14,1,0,0,0,0,0,0
10westvirginia:macomberbrayden,"Macomber, Brayden",#10 West Virginia,15,1,0,0,0,0,0,0
10westvirginia:bushtyler,"Bush, Tyler",#10 West Virginia,16,1,0,0,0,0,0,0
10westvirginia:bowethomas,"Bowe, Thomas",#10 West Virginia,20,1,0,0,0,0,0,0
10westvirginia:burkesebastian,"Burke, Sebastian",#10 West Virginia,29,1,0,0,0,0,0,0
9highpoint:moranopeter,"Morano, Peter",#9 High Point,0,1,0,0,0,0,0,0
9highpoint:trogdoncaleb,"Trogdon, Caleb",#9 High Point,37,1,0,0,0,0,0,0
9highpoint:daaouzakaria,"Daaou, Zakaria",#9 High Point,2,1,0,0,0,0,0,0
9highpoint:paparoupasangelo,"Paparoupas, Angelo",#9 High Point,17,1,0,0,0,0,0,0
9highpoint:brittcaleb,"Britt, Caleb",#9 High Point,20,1,0,0,0,0,0,0
9highpoint:vandeheijames,"Vandehei, James",#9 High Point,21,1,0,0,0,0,0,0
9highpoint:killgorejohn,"Killgore, John",#9 High Point,23,1,0,0,0,0,0,0
9highpoint:bruckermatt,"Brucker, Matt",#9 High Point,25,1,0,0,0,0,0,0
9highpoint:sladejack,"Slade, Jack",#9 High Point,26,1,0,0,0,0,0,0
9highpoint:bazzellaiden,"Bazzell, Aiden",#9 High Point,27,1,0,0,0,0,0,0
9highpoint:mcdowelljacob,"McDowell, Jacob",#9 High Point,28,1,0,0,0,0,0,0
9highpoint:nwokejijosh,"Nwokeji, Josh",#9 High Point,29,1,0,0,0,0,0,0
9highpoint:sarvisparker,"Sarvis, Parker",#9 High Point,30,1,0,0,0,0,0,0
ccsu:levittbrio,"Levitt, Brio",CCSU,25,1,0,0,0,0,0,0
ccsu:eshagicyrus,"Eshagi, Cyrus",CCSU,26,1,0,0,0,0,0,0
ccsu:mcconneryjake,"McConnery, Jake",CCSU,4,1,0,0,0,0,0,0
ccsu:shafeiyoussef,"Shafei, Youssef",CCSU,9,1,0,0,0,0,0,0
ccsu:gonzalezpecharromanmiguel,"Gonzalez Pecharroman, Miguel",CCSU,13,1,0,0,0,0,0,0
ccsu:washingtonnick,"Washington, Nick",CCSU,14,1,0,0,0,0,0,0
ccsu:gallaghercaden,"Gallagher, Caden",CCSU,16,1,0,0,0,0,0,0
ccsu:drozdlogan,"Drozd, Logan",CCSU,18,1,0,0,0,0,0,0
ccsu:draytonryan,"Drayton, Ryan",CCSU,23,1,0,0,0,0,0,0
ccsu:bowmanparker,"Bowman, Parker",CCSU,28,1,0,0,0,0,0,0
trinitycollegeofjacksonville:lambertmason,"Lambert, Mason",Trinity College of Jacksonville,1,1,0,0,0,0,0,0
trinitycollegeofjacksonville:guzmangabriel,"Guzman, Gabriel",Trinity College of Jacksonville,4,1,0,0,0,0,0,0
trinitycollegeofjacksonville:richardsonralph,"Richardson, Ralph",Trinity College of Jacksonville,5,1,0,0,0,0,0,0
trinitycollegeofjacksonville:dickeychristopher,"Dickey, Christopher",Trinity College of Jacksonville,8,1,0,0,0,0,0,0
trinitycollegeofjacksonville:campbelljason,"Campbell, Jason",Trinity College of Jacksonville,10,1,0,0,0,0,0,0
trinitycollegeofjacksonville:kocibellikevin,"Kocibelli, Kevin",Trinity College of Jacksonville,13,1,0,0,0,0,0,0
trinitycollegeofjacksonville:johnsonmickey,"Johnson, Mickey",Trinity College of Jacksonville,15,1,0,0,0,0,0,0
trinitycollegeofjacksonville:cupitcasey,"Cupit, Casey",Trinity College of Jacksonville,18,1,0,0,0,0,0,0
trinitycollegeofjacksonville:robertsonjaden,"Robertson, Jaden",Trinity College of Jacksonville,19,1,0,0,0,0,0,0
trinitycollegeofjacksonville:douglaskaiden,"Douglas, Kaiden",Trinity College of Jacksonville,36,1,0,0,0,0,0,0
trinitycollegeofjacksonville:mcnicholasmatthew,"McNicholas, Matthew",Trinity College of Jacksonville,16,1,0,0,0,0,0,0
trinitycollegeofjacksonville:morenojose,"Moreno, Jose",Trinity College of Jacksonville,22,1,0,0,0,0,0,0
trinitycollegeofjacksonville:savinonjayden,"Savinon, Jayden",Trinity College of Jacksonville,22,1,0,0,0,0,0,0
trinitycollegeofjacksonville:mellodonald,"Mello, Donald",Trinity College of Jacksonville,37,1,0,0,0,0,0,0
trinitycollegeofjacksonville:graggdawson,"Gragg, Dawson",Trinity College of Jacksonville,24,1,0,0,0,0,0,0
trinitycollegeofjacksonville:turlingtonriver,"Turlington, River",Trinity College of Jacksonville,25,1,0,0,0,0,0,0
trinitycollegeofjacksonville:vicunacalvin,"Vicuna, Calvin",Trinity College of Jacksonville,25,1,0,0,0,0,0,0
trinitycollegeofjacksonville:southcaleb,"South, Caleb",Trinity College of Jacksonville,26,1,0,0,0,0,0,0
trinitycollegeofjacksonville:mccardleethan,"McCardle, Ethan",Trinity College of Jacksonville,27,1,0,0,0,0,0,0
trinitycollegeofjacksonville:dailynoah,"Daily, Noah",Trinity College of Jacksonville,29,1,0,0,0,0,0,0
trinitycollegeofjacksonville:bruntluke,"Brunt, Luke",Trinity College of Jacksonville,31,1,0,0,0,0,0,0
trinitycollegeofjacksonville:diazdavid,"Diaz, David",Trinity College of Jacksonville,32,1,0,0,0,0,0,0
trinitycollegeofjacksonville:garrisonelijah,"Garrison, Elijah",Trinity College of Jacksonville,34,1,0,0,0,0,0,0
trinitycollegeofjacksonville:morganpaul,"Morgan, Paul",Trinity College of Jacksonville,38,1,0,0,0,0,0,0
trinitycollegeofjacksonville:dunnethan,"Dunn, Ethan",Trinity College of Jacksonville,39,1,0,0,0,0,0,0
trinitycollegeofjacksonville:arevalokevin,"Arevalo, Kevin",Trinity College of Jacksonville,15,1,0,0,0,0,0,0
louisville:sukatikgodiso,"Sukati, Kgodiso",Louisville,9,1,0,0,0,0,0,0
louisville:schenfeldmatthew,"Schenfeld, Matthew",Louisville,14,1,0,0,0,0,0,0
villanova:wisemancooper,"Wiseman, Cooper",Villanova,38,4,0,0,0,0,0,0
villanova:spitznaglewill,"Spitznagle, Will",Villanova,22,4,0,0,0,0,0,0
villanova:buccinibalthazar,"Buccini, Balthazar",Villanova,24,4,0,0,0,0,0,0
depaul:duncansamuel,"Duncan, Samuel",DePaul,28,3,0,0,0,0,0,0
southflorida:schaeferfelix,"Schaefer, Felix",South Florida,1,3,0,0,0,0,0,0
southflorida:grantjoshua,"Grant, Joshua",South Florida,32,3,0,0,0,0,0,0
robertmorris:acostagiancarlo,"Acosta, Giancarlo",Robert Morris,0,1,0,0,0,0,0,0
robertmorris:lewischristopher,"Lewis, Christopher",Robert Morris,33,1,0,0,0,0,0,0
robertmorris:janoskidylan,"Janoski, Dylan",Robert Morris,42,1,0,0,0,0,0,0
robertmorris:kinchstanley,"Kinch, Stanley",Robert Morris,20,1,0,0,0,0,0,0
southcarolina:townendoliver,"Townend, Oliver",South Carolina,26,4,0,0,0,0,0,0
southcarolina:saintjustejunior,"Saint Juste, Junior",South Carolina,4,4,0,0,0,0,0,0
southcarolina:quintanillasonny,"Quintanilla, Sonny",South Carolina,27,4,0,0,0,0,0,0
southcarolina:colodnymicah,"Colodny, Micah",South Carolina,28,4,0,0,0,0,0,0
southcarolina:nickersongabe,"Nickerson, Gabe",South Carolina,30,4,0,0,0,0,0,0
averett:pintosfernando,"Pintos, Fernando",Averett,9,1,0,0,0,0,0,0
averett:sollicarlos,"Solli, Carlos",Averett,15,1,0,0,0,0,0,0
averett:buckleyjonthomas,"Buckley, Jonthomas",Averett,18,1,0,0,0,0,0,0
averett:jarabajuan,"Jaraba, Juan",Averett,24,1,0,0,0,0,0,0
umass:mbuthiajp,"Mbuthia, JP",UMass,14,2,0,0,0,0,0,0
ucriverside:rabadanjosmara,"Rabadan, José María",UC Riverside,11,3,0,0,0,0,0,0
smu:kinsernathan,"Kinser, Nathan",SMU,29,2,0,0,0,0,0,0
smu:johnsonchance,"Johnson, Chance",SMU,37,2,0,0,0,0,0,0
smu:bairdbrendan,"Baird, Brendan",SMU,22,2,0,0,0,0,0,0
smu:deamonchris,"Deamon, Chris",SMU,24,2,0,0,0,0,0,0
smu:bronoldcaleb,"Bronold, Caleb",SMU,26,2,0,0,0,0,0,0
smu:ellisanden,"Ellis, Anden",SMU,28,2,0,0,0,0,0,0
smu:knotekoliver,"Knotek, Oliver",SMU,32,2,0,0,0,0,0,0
smu:zachgospencer,"Zachgo, Spencer",SMU,33,2,0,0,0,0,0,0
creighton:leonardsamuel,"Leonard, Samuel",Creighton,27,3,0,0,0,0,0,0
missouristate:cullumdaniel,"Cullum, Daniel",Missouri State,30,4,0,0,0,0,0,0
missouristate:hanssenpetteremilio,"Hanssen, Petter Emilio",Missouri State,20,4,0,0,0,0,0,0
unknown:mateusdejesus1assistedbyclarenceawoudor,"Mateus Dejesus (1)
Assisted by: Clarence Awoudor",Unknown,UCF,1,0,0,0,0,0,0
unknown:malickthiaw1assistedbyclarenceawoudor,"Malick Thiaw (1)
Assisted by: Clarence Awoudor",Unknown,UCF,1,0,0,0,0,0,0
saintjosephs:fitzgeraldcarter,"Fitzgerald, Carter",Saint Joseph's,00,3,0,0,0,0,0,0
saintjosephs:moroneyryan,"Moroney, Ryan",Saint Joseph's,0,3,0,0,0,0,0,0
saintjosephs:carolanharrison,"Carolan, Harrison",Saint Joseph's,4,3,0,0,0,0,0,0
saintjosephs:nishizonoeishu,"Nishizono, Eishu",Saint Joseph's,6,3,0,0,0,0,0,0
saintjosephs:regantommy,"Regan, Tommy",Saint Joseph's,8,3,0,0,0,0,0,0
saintjosephs:krupskieddie,"Krupski, Eddie",Saint Joseph's,9,3,0,0,0,0,0,0
saintjosephs:buntingnate,"Bunting, Nate",Saint Joseph's,25,3,0,0,0,0,0,0
saintjosephs:bentumjayson,"Bentum, Jayson",Saint Joseph's,33,3,0,0,0,0,0,0
saintjosephs:hanushchaknick,"Hanushchak, Nick",Saint Joseph's,35,3,0,0,0,0,0,0
loyolamaryland:haskellryan,"Haskell, Ryan",Loyola Maryland,0,2,0,0,0,0,0,0
loyolamaryland:anctilzackary,"Anctil, Zackary",Loyola Maryland,33,2,0,0,0,0,0,0
loyolamaryland:gomezgerritysergio,"Gomez Gerrity, Sergio",Loyola Maryland,35,2,0,0,0,0,0,0
loyolamaryland:tettemerzach,"Tettemer, Zach",Loyola Maryland,36,2,0,0,0,0,0,0
calstatebakersfield:molinanickolas,"Molina, Nickolas",Cal State Bakersfield,22,3,0,0,0,0,0,0
calstatebakersfield:lombanajeshua,"Lombana, Jeshua",Cal State Bakersfield,30,3,0,0,0,0,0,0
calstatebakersfield:mirelesdiego,"Mireles, Diego",Cal State Bakersfield,5,3,0,0,0,0,0,0
calstatebakersfield:acevesalec,"Aceves, Alec",Cal State Bakersfield,13,3,0,0,0,0,0,0
calstatebakersfield:estradakevin,"Estrada, Kevin",Cal State Bakersfield,17,3,0,0,0,0,0,0
calstatebakersfield:aguilardejan,"Aguilar, Dejan",Cal State Bakersfield,18,3,0,0,0,0,0,0
calstatebakersfield:robinsonjosh,"Robinson, Josh",Cal State Bakersfield,26,3,0,0,0,0,0,0
calstatebakersfield:erwinben,"Erwin, Ben",Cal State Bakersfield,27,3,0,0,0,0,0,0
umbc:boonmastjackson,"Boonmast, Jackson",UMBC,12,3,0,0,0,0,0,0
umbc:cipressianthony,"Cipressi, Anthony",UMBC,33,3,0,0,0,0,0,0
umbc:dubondominic,"Dubon, Dominic",UMBC,9,3,0,0,0,0,0,0
umbc:valerebert,"Valer, Ebert",UMBC,18,3,0,0,0,0,0,0
umbc:nesbittshea,"Nesbitt, Shea",UMBC,21,3,0,0,0,0,0,0
umbc:noutchangbrian,"Noutchang, Brian",UMBC,22,3,0,0,0,0,0,0
umbc:lentznicholas,"Lentz, Nicholas",UMBC,30,3,0,0,0,0,0,0
utahtech:fisheravery,"Fisher, Avery",Utah Tech,0,1,0,0,0,0,0,0
utahtech:garrisonpatric,"Garrison, Patric",Utah Tech,29,1,0,0,0,0,0,0
utahtech:hopkinsalemayehu,"Hopkins, Alemayehu",Utah Tech,31,1,0,0,0,0,0,0
grandcanyonuniversity:ficekwillem,"Ficek, Willem",Grand Canyon University,31,1,0,0,0,0,0,0
grandcanyonuniversity:ionitamax,"Ionita, Max",Grand Canyon University,99,1,0,0,0,0,0,0
grandcanyonuniversity:salamatoto,"Salama, Toto",Grand Canyon University,6,1,0,0,0,0,0,0
grandcanyonuniversity:rousedamon,"Rouse, Damon",Grand Canyon University,14,1,0,0,0,0,0,0
grandcanyonuniversity:wandlingbaden,"Wandling, Baden",Grand Canyon University,23,1,0,0,0,0,0,0
grandcanyonuniversity:obrienfinnley,"O'Brien, Finnley",Grand Canyon University,27,1,0,0,0,0,0,0
grandcanyonuniversity:vonmarcus,"Von, Marcus",Grand Canyon University,30,1,0,0,0,0,0,0
aic:kuehlnicholas,"Kuehl, Nicholas",AIC,61,1,0,0,0,0,0,0
aic:murattialejandro,"Muratti, Alejandro",AIC,71,1,0,0,0,0,0,0
aic:allenliam,"Allen, Liam",AIC,81,1,0,0,0,0,0,0
aic:penneymatthew,"Penney, Matthew",AIC,91,1,0,0,0,0,0,0
aic:afonsoguilherme,"Afonso, Guilherme",AIC,4,1,0,0,0,0,0,0
aic:morganrenford,"Morgan, Renford",AIC,8,1,0,0,0,0,0,0
aic:torreschristian,"Torres, Christian",AIC,10,1,0,0,0,0,0,0
aic:notaoliver,"Nota, Oliver",AIC,15,1,0,0,0,0,0,0
aic:halperlukas,"Halper, Lukas",AIC,17,1,0,0,0,0,0,0
aic:rothschedlraphael,"Rothschedl, Raphael",AIC,18,1,0,0,0,0,0,0
aic:belliardvictor,"Belliard, Victor",AIC,19,1,0,0,0,0,0,0
aic:pelletiersimba,"Pelletier, Simba",AIC,20,1,0,0,0,0,0,0
aic:darbyshiregeorge,"Darbyshire, George",AIC,23,1,0,0,0,0,0,0
aic:stlouisdollby,"St.Louis, Dollby",AIC,24,1,0,0,0,0,0,0
aic:wanabahavilah,"Wanaba, Havilah",AIC,27,1,0,0,0,0,0,0
aic:rodriguezcole,"Rodriguez, Cole",AIC,29,1,0,0,0,0,0,0
aic:dennisdavid,"Dennis, David",AIC,30,1,0,0,0,0,0,0
aic:jeffereyzahari,"Jefferey, Zahari",AIC,32,1,0,0,0,0,0,0
aic:montefuscobrandon,"Montefusco, Brandon",AIC,33,1,0,0,0,0,0,0
aic:robertsonalex,"Robertson, Alex",AIC,34,1,0,0,0,0,0,0
aic:picardelijah,"Picard, Elijah",AIC,35,1,0,0,0,0,0,0
aic:somozarodrigo,"Somoza, Rodrigo",AIC,36,1,0,0,0,0,0,0
aic:hardingantonio,"Harding, Antonio",AIC,37,1,0,0,0,0,0,0
aic:paganoanthony,"Pagano, Anthony",AIC,38,1,0,0,0,0,0,0
aic:guzmandavid,"Guzman, David",AIC,40,1,0,0,0,0,0,0
aic:panickersreenand,"Panicker, Sreenand",AIC,41,1,0,0,0,0,0,0
aic:ibrahimyusuf,"Ibrahim, Yusuf",AIC,42,1,0,0,0,0,0,0
aic:jonesevan,"Jones, Evan",AIC,43,1,0,0,0,0,0,0
aic:palfymadix,"Palfy, Madix",AIC,44,1,0,0,0,0,0,0
aic:jurellowilliam,"Jurello, William",AIC,45,1,0,0,0,0,0,0
aic:grantjoel,"Grant, Joel",AIC,46,1,0,0,0,0,0,0
aic:lernellmax,"Lernell, Max",AIC,48,1,0,0,0,0,0,0
aic:andersonkyle,"Anderson, Kyle",AIC,50,1,0,0,0,0,0,0
neumann:laznikjackson,"Laznik, Jackson",Neumann,0,1,0,0,0,0,0,0
neumann:metzgercarson,"Metzger, Carson",Neumann,1,1,0,0,0,0,0,0
neumann:maulethom,"Maule, Thom",Neumann,37,1,0,0,0,0,0,0
neumann:harnedlogan,"Harned, Logan",Neumann,4,1,0,0,0,0,0,0
neumann:illianjordan,"Illian, Jordan",Neumann,11,1,0,0,0,0,0,0
neumann:theodorelogan,"Theodore, Logan",Neumann,13,1,0,0,0,0,0,0
neumann:deckerdaniel,"Decker, Daniel",Neumann,14,1,0,0,0,0,0,0
neumann:moneychase,"Money, Chase",Neumann,15,1,0,0,0,0,0,0
neumann:moroneylandon,"Moroney, Landon",Neumann,16,1,0,0,0,0,0,0
neumann:impagliatelliroman,"Impagliatelli, Roman",Neumann,22,1,0,0,0,0,0,0
neumann:connorjac,"Connor, Jac",Neumann,23,1,0,0,0,0,0,0
neumann:mejiajavier,"Mejia, Javier",Neumann,24,1,0,0,0,0,0,0
neumann:doughertychase,"Dougherty, Chase",Neumann,26,1,0,0,0,0,0,0
neumann:oconnorkeiran,"O'Connor, Keiran",Neumann,27,1,0,0,0,0,0,0
neumann:phillipjp,"Phillip, JP",Neumann,33,1,0,0,0,0,0,0
neumann:kesalltyler,"Kesall, Tyler",Neumann,34,1,0,0,0,0,0,0
santaclara:bratkowskysean,"Bratkowsky, Sean",Santa Clara,24,2,0,0,0,0,0,0
santaclara:alemayehuezana,"Alemayehu, Ezana",Santa Clara,18,2,0,0,0,0,0,0
santaclara:guandiquejosmar,"Guandique, Josmar",Santa Clara,25,2,0,0,0,0,0,0
johnsonwales:starrcolin,"Starr, Colin",Johnson & Wales,15,1,0,0,0,0,0,0
johnsonwales:jasoncooper,"Jason, Cooper",Johnson & Wales,99,1,0,0,0,0,0,0
johnsonwales:ariasjacobo,"Arias, Jacobo",Johnson & Wales,5,1,0,0,0,0,0,0
johnsonwales:pringletristan,"Pringle, Tristan",Johnson & Wales,18,1,0,0,0,0,0,0
johnsonwales:collaosandro,"Collao, Sandro",Johnson & Wales,19,1,0,0,0,0,0,0
johnsonwales:dortaluis,"Dorta, Luis",Johnson & Wales,23,1,0,0,0,0,0,0
johnsonwales:hernandeznicolas,"Hernandez, Nicolas",Johnson & Wales,24,1,0,0,0,0,0,0
johnsonwales:elhoudanitaha,"Elhoudani, Taha",Johnson & Wales,25,1,0,0,0,0,0,0
johnsonwales:gonzalezzepedacarlos,"Gonzalez Zepeda, Carlos",Johnson & Wales,26,1,0,0,0,0,0,0
johnsonwales:tincyrus,"Tin, Cyrus",Johnson & Wales,29,1,0,0,0,0,0,0
hanovercollege:websterdugan,"Webster, Dugan",Hanover College,0,1,0,0,0,0,0,0
hanovercollege:chandlersam,"Chandler, Sam",Hanover College,5,1,0,0,0,0,0,0
hanovercollege:betancourtjohn,"Betancourt, John",Hanover College,6,1,0,0,0,0,0,0
hanovercollege:kraigercameron,"Kraiger, Cameron",Hanover College,13,1,0,0,0,0,0,0
hanovercollege:johnsongarrett,"Johnson, Garrett",Hanover College,16,1,0,0,0,0,0,0
hanovercollege:scottquentin,"Scott, Quentin",Hanover College,17,1,0,0,0,0,0,0
hanovercollege:jacobsparker,"Jacobs, Parker",Hanover College,20,1,0,0,0,0,0,0
hanovercollege:tribbleevan,"Tribble, Evan",Hanover College,23,1,0,0,0,0,0,0
hanovercollege:hettichdakota,"Hettich, Dakota",Hanover College,25,1,0,0,0,0,0,0
hanovercollege:schwoeppejustin,"Schwoeppe, Justin",Hanover College,27,1,0,0,0,0,0,0
hanovercollege:truebloodquin,"Trueblood, Quin",Hanover College,30,1,0,0,0,0,0,0
hanovercollege:ropertrenton,"Roper, Trenton",Hanover College,32,1,0,0,0,0,0,0
hanovercollege:schiltenries,"Schilten, Ries",Hanover College,33,1,0,0,0,0,0,0
hanovercollege:haggardjack,"Haggard, Jack",Hanover College,35,1,0,0,0,0,0,0
hanovercollege:braceeli,"Brace, Eli",Hanover College,36,1,0,0,0,0,0,0
hanovercollege:phillipsgabe,"Phillips, Gabe",Hanover College,37,1,0,0,0,0,0,0
hanovercollege:bradleychase,"Bradley, Chase",Hanover College,39,1,0,0,0,0,0,0
hanovercollege:harperelijah,"Harper, Elijah",Hanover College,44,1,0,0,0,0,0,0
unknown:agustinlopez1,Agustin Lopez (1),Unknown,Kentucky,1,0,0,0,0,0,0
unknown:bainssmith1assistedbyjoaqunbrizuela,"Bains Smith (1)
Assisted by: Joaquín Brizuela",Unknown,Kentucky,1,0,0,0,0,0,0
unknown:kentucky,Kentucky,Unknown,33:21,3,0,0,0,0,0,0
edgewood:gilljackson,"Gill, Jackson",Edgewood,0,1,0,0,0,0,0,0
edgewood:meisterheimgriffin,"Meisterheim, Griffin",Edgewood,98,1,0,0,0,0,0,0
edgewood:hubbardspencer,"Hubbard, Spencer",Edgewood,99,1,0,0,0,0,0,0
edgewood:luttinenbrooks,"Luttinen, Brooks",Edgewood,3,1,0,0,0,0,0,0
edgewood:joycekevin,"Joyce, Kevin",Edgewood,4,1,0,0,0,0,0,0
edgewood:torresgalecristian,"Torres-Gale, Cristian",Edgewood,8,1,0,0,0,0,0,0
edgewood:kasterstephen,"Kaster, Stephen",Edgewood,11,1,0,0,0,0,0,0
edgewood:soldatstefan,"Soldat, Stefan",Edgewood,14,1,0,0,0,0,0,0
edgewood:carljameson,"Carl, Jameson",Edgewood,20,1,0,0,0,0,0,0
edgewood:plechaian,"Plecha, Ian",Edgewood,21,1,0,0,0,0,0,0
edgewood:mooregavin,"Moore, Gavin",Edgewood,22,1,0,0,0,0,0,0
edgewood:engeleli,"Engel, Eli",Edgewood,23,1,0,0,0,0,0,0
edgewood:thompsonconnor,"Thompson, Connor",Edgewood,25,1,0,0,0,0,0,0
edgewood:ljumanibesian,"Ljumani, Besian",Edgewood,26,1,0,0,0,0,0,0
edgewood:jonuziedison,"Jonuzi, Edison",Edgewood,28,1,0,0,0,0,0,0
edgewood:kinneyharrison,"Kinney, Harrison",Edgewood,30,1,0,0,0,0,0,0
edgewood:dennisonjovan,"Dennison, Jovan",Edgewood,32,1,0,0,0,0,0,0
edgewood:robersonwade,"Roberson, Wade",Edgewood,38,1,0,0,0,0,0,0
georgiastate:marchisenfinn,"Marchisen, Finn",Georgia State,30,2,0,0,0,0,0,0
georgiastate:burrelljackson,"Burrell, Jackson",Georgia State,33,2,0,0,0,0,0,0
georgiastate:chavarriaaustin,"Chavarria, Austin",Georgia State,6,2,0,0,0,0,0,0
georgiastate:krielleo,"Kriel, Leo",Georgia State,13,2,0,0,0,0,0,0
georgiastate:tapchomange,"Tapchom, Ange",Georgia State,23,2,0,0,0,0,0,0
stonybrook:muchaphilip,"Mucha, Philip",Stony Brook,13,1,0,0,0,0,0,0
grandcanyon:ficekwillem,"Ficek, Willem",Grand Canyon,31,1,0,0,0,0,0,0
grandcanyon:ionitamax,"Ionita, Max",Grand Canyon,99,1,0,0,0,0,0,0
grandcanyon:wandlingbaden,"Wandling, Baden",Grand Canyon,23,1,0,0,0,0,0,0
grandcanyon:obrienfinnley,"O'Brien, Finnley",Grand Canyon,27,1,0,0,0,0,0,0
grandcanyon:vonmarcus,"Von, Marcus",Grand Canyon,30,1,0,0,0,0,0,0
usf:schaeferfelix,"Schaefer, Felix",USF,1,1,0,0,0,0,0,0
usf:devinetim,"Devine, Tim",USF,31,1,0,0,0,0,0,0
usf:grantjoshua,"Grant, Joshua",USF,32,1,0,0,0,0,0,0
usf:fukudomekohsuke,"Fukudome, Kohsuke",USF,3,1,0,0,0,0,0,0
usf:keisemikhail,"Keise, Mikhail",USF,5,1,0,0,0,0,0,0
usf:hafthorssondagur,"Hafthorsson, Dagur",USF,15,1,0,0,0,0,0,0
usf:wilsondominic,"Wilson, Dominic",USF,16,1,0,0,0,0,0,0
usf:gonzalezjacobo,"Gonzalez, Jacobo",USF,18,1,0,0,0,0,0,0
usf:owensmichael,"Owens, Michael",USF,20,1,0,0,0,0,0,0
usf:zujovicluka,"Zujovic, Luka",USF,22,1,0,0,0,0,0,0
umasslowell:inthisonebenjamin,"Inthisone, Benjamin",UMass Lowell,18,1,0,0,0,0,0,0
hofstra:farooqhamad,"Farooq, Hamad",Hofstra,32,2,0,0,0,0,0,0
hofstra:dicksoncole,"Dickson, Cole",Hofstra,38,2,0,0,0,0,0,0
niagara:fiegeliidaniel,"Fiegel II, Daniel",Niagara,00,1,0,0,0,0,0,0
niagara:silvadavid,"Silva, David",Niagara,4,1,0,0,0,0,0,0
niagara:sanchezcerveraalberto,"Sanchez Cervera, Alberto",Niagara,24,1,0,0,0,0,0,0
niagara:scottrene,"Scott, Rene",Niagara,25,1,0,0,0,0,0,0
unknown:ethanballek1assistedbyloicsanykong,"Ethan Ballek (1)
Assisted by: Loic Sany Kong",Unknown,South Carolina,1,0,0,0,0,0,0
unknown:carloshernando1,Carlos Hernando (1),Unknown,West Virginia,1,0,0,0,0,0,0
unknown:felixewald1,Felix Ewald (1),Unknown,West Virginia,1,0,0,0,0,0,0
unknown:westvirginia,West Virginia,Unknown,62:42,3,0,0,0,0,0,0
wisconsin:cousinoreece,"Cousino, Reece",Wisconsin,,1,0,0,0,0,0,0
carroll:brungerjason,"Brunger, Jason",Carroll,0,1,0,0,0,0,0,0
carroll:rodriguezthomas,"Rodriguez, Thomas",Carroll,6,1,0,0,0,0,0,0
carroll:butlercasey,"Butler, Casey",Carroll,7,1,0,0,0,0,0,0
carroll:gonzalezmarrerojorge,"Gonzalez-Marrero, Jorge",Carroll,8,1,0,0,0,0,0,0
carroll:mekematthew,"Meke, Matthew",Carroll,9,1,0,0,0,0,0,0
carroll:picardhenry,"Picard, Henry",Carroll,13,1,0,0,0,0,0,0
carroll:burlesonelijah,"Burleson, Elijah",Carroll,18,1,0,0,0,0,0,0
carroll:byantespen,"Byant, Espen",Carroll,24,1,0,0,0,0,0,0
carroll:abelscarter,"Abels, Carter",Carroll,27,1,0,0,0,0,0,0
carroll:abdalaandres,"Abdala, Andres",Carroll,28,1,0,0,0,0,0,0
carroll:endoyoshi,"Endo, Yoshi",Carroll,30,1,0,0,0,0,0,0
carroll:contrerasreyli,"Contreras, Reyli",Carroll,33,1,0,0,0,0,0,0
carroll:rodrigueznate,"Rodriguez, Nate",Carroll,34,1,0,0,0,0,0,0
carroll:riecklandon,"Rieck, Landon",Carroll,35,1,0,0,0,0,0,0
carroll:andersonlinus,"Anderson, Linus",Carroll,36,1,0,0,0,0,0,0
carroll:lechonluis,"Lechon, Luis",Carroll,37,1,0,0,0,0,0,0
carroll:ahearnconnor,"Ahearn, Connor",Carroll,38,1,0,0,0,0,0,0
carroll:mejiabraeden,"Mejia, Braeden",Carroll,39,1,0,0,0,0,0,0
carroll:zanajaden,"Zana, Jaden",Carroll,40,1,0,0,0,0,0,0
carroll:loweryjohn,"Lowery, John",Carroll,41,1,0,0,0,0,0,0
carroll:schneidlerdaniel,"Schneidler, Daniel",Carroll,42,1,0,0,0,0,0,0
carroll:palayotcarlos,"Palayot, Carlos",Carroll,43,1,0,0,0,0,0,0
carroll:wiszniewskivictor,"Wiszniewski, Victor",Carroll,44,1,0,0,0,0,0,0
carroll:,",",Carroll,,1,0,0,0,0,0,0
californialutheranuniversity:magtanongjacob,"Magtanong, Jacob",California Lutheran University,00,1,0,0,0,0,0,0
californialutheranuniversity:tanakaisaak,"Tanaka, Isaak",California Lutheran University,1,1,0,0,0,0,0,0
californialutheranuniversity:coatswill,"Coats, Will",California Lutheran University,4,1,0,0,0,0,0,0
californialutheranuniversity:parklance,"Park, Lance",California Lutheran University,5,1,0,0,0,0,0,0
californialutheranuniversity:kakimototika,"Kakimoto, Tika",California Lutheran University,7,1,0,0,0,0,0,0
californialutheranuniversity:scottmax,"Scott, Max",California Lutheran University,10,1,0,0,0,0,0,0
californialutheranuniversity:lozaalejandro,"Loza, Alejandro",California Lutheran University,14,1,0,0,0,0,0,0
californialutheranuniversity:mexiaalijah,"Mexia, Alijah",California Lutheran University,17,1,0,0,0,0,0,0
californialutheranuniversity:calderonenico,"Calderone, Nico",California Lutheran University,18,1,0,0,0,0,0,0
californialutheranuniversity:endsleyjackson,"Endsley, Jackson",California Lutheran University,20,1,0,0,0,0,0,0
californialutheranuniversity:niuowen,"Niu, Owen",California Lutheran University,21,1,0,0,0,0,0,0
californialutheranuniversity:mcelhannonskyler,"McElhannon, Skyler",California Lutheran University,26,1,0,0,0,0,0,0
californialutheranuniversity:leungching,"Leung, Ching",California Lutheran University,27,1,0,0,0,0,0,0
californialutheranuniversity:buehlernathan,"Buehler, Nathan",California Lutheran University,30,1,0,0,0,0,0,0
californialutheranuniversity:mohrzach,"Mohr, Zach",California Lutheran University,31,1,0,0,0,0,0,0
californialutheranuniversity:pahuddavid,"Pahud, David",California Lutheran University,35,1,0,0,0,0,0,0
californialutheranuniversity:manleyjd,"Manley, JD",California Lutheran University,36,1,0,0,0,0,0,0
californialutheranuniversity:hamiltondalen,"Hamilton, Dalen",California Lutheran University,40,1,0,0,0,0,0,0
californialutheranuniversity:tubidaniel,"Tubi, Daniel",California Lutheran University,41,1,0,0,0,0,0,0
bucknellplfirstround:lapworthfreddie,"Lapworth, Freddie",Bucknell – PL First Round,00,1,0,0,0,0,0,0
bucknellplfirstround:blodgettandrew,"Blodgett, Andrew",Bucknell – PL First Round,1,1,0,0,0,0,0,0
bucknellplfirstround:yerburythomas,"Yerbury, Thomas",Bucknell – PL First Round,30,1,0,0,0,0,0,0
bucknellplfirstround:marronigianluca,"Marroni, Gianluca",Bucknell – PL First Round,4,1,0,0,0,0,0,0
bucknellplfirstround:mcleodmatt,"McLeod, Matt",Bucknell – PL First Round,5,1,0,0,0,0,0,0
bucknellplfirstround:oziriwinston,"Oziri, Winston",Bucknell – PL First Round,9,1,0,0,0,0,0,0
bucknellplfirstround:handzelnoah,"Handzel, Noah",Bucknell – PL First Round,13,1,0,0,0,0,0,0
bucknellplfirstround:newcombegavin,"Newcombe, Gavin",Bucknell – PL First Round,14,1,0,0,0,0,0,0
bucknellplfirstround:sheffieldben,"Sheffield, Ben",Bucknell – PL First Round,16,1,0,0,0,0,0,0
bucknellplfirstround:hidalgokiko,"Hidalgo, Kiko",Bucknell – PL First Round,25,1,0,0,0,0,0,0
ccny:guttierrezrudy,"Guttierrez, Rudy",CCNY,30,1,0,0,0,0,0,0
ccny:mattonetommaso,"Mattone, Tommaso",CCNY,2,1,0,0,0,0,0,0
ccny:lemajosue,"Lema, Josue",CCNY,7,1,0,0,0,0,0,0
ccny:hamdipachayanis,"Hamdi Pacha, Yanis",CCNY,11,1,0,0,0,0,0,0
ccny:lopezdennis,"Lopez, Dennis",CCNY,12,1,0,0,0,0,0,0
ccny:gasparimattia,"Gaspari, Mattia",CCNY,13,1,0,0,0,0,0,0
ccny:azardkelly,"Azard, Kelly",CCNY,14,1,0,0,0,0,0,0
ccny:zubairuahmad,"Zubairu, Ahmad",CCNY,15,1,0,0,0,0,0,0
ccny:farardoderek,"Farardo, Derek",CCNY,25,1,0,0,0,0,0,0
ccny:tenesacabryant,"Tenesaca, Bryant",CCNY,26,1,0,0,0,0,0,0
ccny:hamamamohamed,"Hamama, Mohamed",CCNY,27,1,0,0,0,0,0,0
ccny:cruzjesus,"Cruz, Jesus",CCNY,31,1,0,0,0,0,0,0
ccny:mendezjesus,"Mendez, Jesus",CCNY,99,1,0,0,0,0,0,0
graphitedivisionstetson:barbosajavier,"Barbosa, Javier",(Graphite Division) Stetson,00,1,0,0,0,0,0,0
graphitedivisionstetson:kosmaszander,"Kosmas, Zander",(Graphite Division) Stetson,0,1,0,0,0,0,0,0
graphitedivisionstetson:bennettmaxwell,"Bennett, Maxwell",(Graphite Division) Stetson,24,1,0,0,0,0,0,0
graphitedivisionstetson:russseth,"Russ, Seth",(Graphite Division) Stetson,3,1,0,0,0,0,0,0
graphitedivisionstetson:manningxavier,"Manning, Xavier",(Graphite Division) Stetson,5,1,0,0,0,0,0,0
graphitedivisionstetson:fentonlucas,"Fenton, Lucas",(Graphite Division) Stetson,13,1,0,0,0,0,0,0
graphitedivisionstetson:mastroiannidaniele,"Mastroianni, Daniele",(Graphite Division) Stetson,15,1,0,0,0,0,0,0
graphitedivisionstetson:danielsisrael,"Daniels, Israel",(Graphite Division) Stetson,16,1,0,0,0,0,0,0
graphitedivisionstetson:freitasjoao,"Freitas, Joao",(Graphite Division) Stetson,17,1,0,0,0,0,0,0
graphitedivisionstetson:abdallahhaytham,"Abdallah, Haytham",(Graphite Division) Stetson,18,1,0,0,0,0,0,0
graphitedivisionstetson:lenhardjacob,"Lenhard, Jacob",(Graphite Division) Stetson,20,1,0,0,0,0,0,0
graphitedivisionstetson:ruttcharlie,"Rutt, Charlie",(Graphite Division) Stetson,26,1,0,0,0,0,0,0
graphitedivisionstetson:santosnate,"Santos, Nate",(Graphite Division) Stetson,27,1,0,0,0,0,0,0
graphitedivisionstetson:quincyowen,"Quincy, Owen",(Graphite Division) Stetson,28,1,0,0,0,0,0,0
graphitedivisionstetson:millswilliams,"Mills, Williams",(Graphite Division) Stetson,29,1,0,0,0,0,0,0
graphitedivisionstetson:moorematthew,"Moore, Matthew",(Graphite Division) Stetson,30,1,0,0,0,0,0,0
graphitedivisionstetson:arthurjason,"Arthur, Jason",(Graphite Division) Stetson,31,1,0,0,0,0,0,0
graphitedivisionstetson:elkhamissyadam,"Elkhamissy, Adam",(Graphite Division) Stetson,32,1,0,0,0,0,0,0
graphitedivisionstetson:bullarddesmond,"Bullard, Desmond",(Graphite Division) Stetson,35,1,0,0,0,0,0,0
lehighplsemifinal:armitagecalan,"Armitage, Calan",Lehigh – PL Semifinal,0,1,0,0,0,0,0,0
lehighplsemifinal:ramseyjonah,"Ramsey, Jonah",Lehigh – PL Semifinal,31,1,0,0,0,0,0,0
lehighplsemifinal:cohatefernando,"Cohate, Fernando",Lehigh – PL Semifinal,5,1,0,0,0,0,0,0
lehighplsemifinal:mazzellagennaro,"Mazzella, Gennaro",Lehigh – PL Semifinal,9,1,0,0,0,0,0,0
lehighplsemifinal:kuenstleconnor,"Kuenstle, Connor",Lehigh – PL Semifinal,13,1,0,0,0,0,0,0
lehighplsemifinal:neureiterkent,"Neureiter, Kent",Lehigh – PL Semifinal,16,1,0,0,0,0,0,0
lehighplsemifinal:sharkeythomas,"Sharkey, Thomas",Lehigh – PL Semifinal,18,1,0,0,0,0,0,0
lehighplsemifinal:bergerethan,"Berger, Ethan",Lehigh – PL Semifinal,19,1,0,0,0,0,0,0
lehighplsemifinal:bantonajani,"Banton, Ajani",Lehigh – PL Semifinal,24,1,0,0,0,0,0,0
lehighplsemifinal:derousselthomas,"DeRoussel, Thomas",Lehigh – PL Semifinal,28,1,0,0,0,0,0,0
